"Time (s) Run #1";"Current (A) Run #1";"Temperature (°C) Run #1";"ΔT (°C) Run #1";"ΔE₁ (J) Run #1";"ΔE (J) Run #1"
0,000;-2,512E-4;24,01;0,00;6,31E-8;6,31E-8
0,100;-3,140E-5;24,03;0,02;9,86E-10;6,41E-8
0,200;-1,256E-4;24,02;0,01;1,58E-8;7,99E-8
0,300;3,140E-5;24,03;0,02;9,86E-10;8,09E-8
0,400;-9,421E-5;24,04;0,03;8,88E-9;8,97E-8
0,500;-9,421E-5;24,03;0,02;8,88E-9;9,86E-8
0,600;-6,281E-5;24,06;0,05;3,94E-9;1,03E-7
0,700;-3,140E-5;24,04;0,03;9,86E-10;1,04E-7
0,800;-9,421E-5;24,03;0,02;8,88E-9;1,12E-7
0,900;-6,281E-5;24,01;0,00;3,94E-9;1,16E-7
1,000;6,281E-4;24,04;0,03;3,94E-7;5,11E-7
1,100;0,001;24,05;0,04;1,21E-6;1,72E-6
1,200;-5,338E-4;24,02;0,01;2,85E-7;2,00E-6
1,300;-6,281E-5;24,04;0,03;3,94E-9;2,01E-6
1,400;0,002;24,04;0,03;2,47E-6;4,47E-6
1,500;0,007;24,03;0,02;5,54E-5;5,99E-5
1,600;-9,421E-5;24,03;0,02;8,88E-9;5,99E-5
1,700;0,002;24,04;0,03;4,43E-6;6,43E-5
1,800;0,008;24,04;0,03;6,56E-5;1,30E-4
1,900;-3,140E-5;24,03;0,02;9,86E-10;1,30E-4
2,000;0,005;24,02;0,01;2,25E-5;1,52E-4
2,100;0,002;24,03;0,02;3,55E-6;1,56E-4
2,200;-9,421E-5;24,04;0,03;8,88E-9;1,56E-4
2,300;4,082E-4;24,03;0,02;1,67E-7;1,56E-4
2,400;5,338E-4;24,03;0,02;2,85E-7;1,56E-4
2,500;-9,421E-5;24,03;0,02;8,88E-9;1,56E-4
2,600;-3,140E-5;24,05;0,04;9,86E-10;1,56E-4
2,700;-3,140E-5;24,05;0,04;9,86E-10;1,56E-4
2,800;0,002;24,02;0,01;2,88E-6;1,59E-4
2,900;-6,281E-5;24,04;0,03;3,94E-9;1,59E-4
3,000;-3,140E-5;24,04;0,03;9,86E-10;1,59E-4
3,100;0,001;24,04;0,03;1,35E-6;1,61E-4
3,200;-6,281E-5;24,03;0,02;3,94E-9;1,61E-4
3,300;8,165E-4;24,02;0,01;6,67E-7;1,61E-4
3,400;0,007;24,03;0,02;4,90E-5;2,10E-4
3,500;0,007;24,00;-0,01;5,45E-5;2,65E-4
3,600;-6,281E-5;24,05;0,04;3,94E-9;2,65E-4
3,700;0,003;24,03;0,02;1,22E-5;2,77E-4
3,800;0,020;24,03;0,02;3,96E-4;6,73E-4
3,900;0,003;24,04;0,03;6,79E-6;6,80E-4
4,000;0,022;24,04;0,03;4,86E-4;0,00
4,100;0,032;24,04;0,03;0,00;0,00
4,200;0,030;24,02;0,01;9,30E-4;0,00
4,300;0,000;24,03;0,02;0,00;0,00
4,400;0,009;24,03;0,02;7,62E-5;0,00
4,500;0,049;24,04;0,03;0,00;0,01
4,600;0,008;24,04;0,03;6,21E-5;0,01
4,700;-9,421E-5;24,03;0,02;8,88E-9;0,01
4,800;0,039;24,01;0,00;0,00;0,01
4,900;0,039;24,02;0,01;0,00;0,01
5,000;1,884E-4;24,04;0,03;3,55E-8;0,01
5,100;0,007;24,06;0,05;4,90E-5;0,01
5,200;0,057;24,04;0,03;0,00;0,01
5,300;0,029;24,04;0,03;8,58E-4;0,01
5,400;0,006;24,04;0,03;4,06E-5;0,01
5,500;0,050;24,03;0,02;0,00;0,02
5,600;0,027;24,02;0,01;7,24E-4;0,02
5,700;0,014;24,04;0,03;1,98E-4;0,02
5,800;0,056;24,03;0,02;0,00;0,02
5,900;0,036;24,03;0,02;0,00;0,02
6,000;0,020;24,05;0,04;3,98E-4;0,02
6,100;0,071;24,04;0,03;0,01;0,03
6,200;0,056;24,03;0,02;0,00;0,03
6,300;0,014;24,05;0,04;2,04E-4;0,03
6,400;0,059;24,04;0,03;0,00;0,03
6,500;0,074;24,02;0,01;0,01;0,04
6,600;0,017;24,04;0,03;2,74E-4;0,04
6,700;0,046;24,04;0,03;0,00;0,04
6,800;0,092;24,04;0,03;0,01;0,05
6,900;0,048;24,04;0,03;0,00;0,05
7,000;0,018;24,03;0,02;3,28E-4;0,05
7,100;0,078;24,05;0,04;0,01;0,06
7,200;0,046;24,04;0,03;0,00;0,06
7,300;0,017;24,02;0,01;3,02E-4;0,06
7,400;0,058;24,04;0,03;0,00;0,06
7,500;0,064;24,05;0,04;0,00;0,07
7,600;0,031;24,05;0,04;9,84E-4;0,07
7,700;0,054;24,05;0,04;0,00;0,07
7,800;0,082;24,03;0,02;0,01;0,08
7,900;0,006;24,02;0,01;3,56E-5;0,08
8,000;0,021;24,03;0,02;4,53E-4;0,08
8,100;0,073;24,02;0,01;0,01;0,08
8,200;0,021;24,04;0,03;4,45E-4;0,08
8,300;0,263;24,05;0,04;0,07;0,15
8,400;0,286;24,04;0,03;0,08;0,24
8,500;0,216;24,04;0,03;0,05;0,28
8,600;0,258;24,03;0,02;0,07;0,35
8,700;0,253;24,03;0,02;0,06;0,41
8,800;0,290;24,05;0,04;0,08;0,50
8,900;0,452;24,05;0,04;0,20;0,70
9,000;0,419;24,04;0,03;0,18;0,88
9,100;0,362;24,05;0,04;0,13;1,01
9,200;0,353;24,03;0,02;0,12;1,13
9,300;0,499;24,05;0,04;0,25;1,38
9,400;0,420;24,05;0,04;0,18;1,56
9,500;0,384;24,05;0,04;0,15;1,71
9,600;0,443;24,05;0,04;0,20;1,90
9,700;0,503;24,03;0,02;0,25;2,16
9,800;0,416;24,03;0,02;0,17;2,33
9,900;0,344;24,03;0,02;0,12;2,45
10,000;0,501;24,04;0,03;0,25;2,70
10,100;0,379;24,04;0,03;0,14;2,84
10,200;0,386;24,04;0,03;0,15;2,99
10,300;0,384;24,04;0,03;0,15;3,14
10,400;0,534;24,05;0,04;0,29;3,42
10,500;0,356;24,06;0,05;0,13;3,55
10,600;0,344;24,04;0,03;0,12;3,67
10,700;0,450;24,04;0,03;0,20;3,87
10,800;0,462;24,04;0,03;0,21;4,09
10,900;0,386;24,04;0,03;0,15;4,23
11,000;0,329;24,04;0,03;0,11;4,34
11,100;0,488;24,05;0,04;0,24;4,58
11,200;0,357;24,04;0,03;0,13;4,71
11,300;0,354;24,05;0,04;0,13;4,83
11,400;0,330;24,04;0,03;0,11;4,94
11,500;0,510;24,05;0,04;0,26;5,20
11,600;0,351;24,05;0,04;0,12;5,33
11,700;0,367;24,04;0,03;0,13;5,46
11,800;0,379;24,04;0,03;0,14;5,60
11,900;0,531;24,04;0,03;0,28;5,89
12,000;0,286;24,04;0,03;0,08;5,97
12,100;0,367;24,04;0,03;0,13;6,10
12,200;0,388;24,05;0,04;0,15;6,25
12,300;0,531;24,06;0,05;0,28;6,54
12,400;0,310;24,05;0,04;0,10;6,63
12,500;0,373;24,03;0,02;0,14;6,77
12,600;0,467;24,04;0,03;0,22;6,99
12,700;0,480;24,05;0,04;0,23;7,22
12,800;0,309;24,04;0,03;0,10;7,31
12,900;0,368;24,04;0,03;0,14;7,45
13,000;0,513;24,04;0,03;0,26;7,71
13,100;0,383;24,03;0,02;0,15;7,86
13,200;0,391;24,04;0,03;0,15;8,01
13,300;0,381;24,02;0,01;0,15;8,16
13,400;0,544;24,04;0,03;0,30;8,45
13,500;0,219;24,04;0,03;0,05;8,50
13,600;0,436;24,04;0,03;0,19;8,69
13,700;0,468;24,03;0,02;0,22;8,91
13,800;0,477;24,04;0,03;0,23;9,14
13,900;0,319;24,04;0,03;0,10;9,24
14,000;0,404;24,04;0,03;0,16;9,40
14,100;0,505;24,04;0,03;0,25;9,66
14,200;0,345;24,06;0,05;0,12;9,78
14,300;0,462;24,06;0,05;0,21;9,99
14,400;0,421;24,04;0,03;0,18;10,17
14,500;0,593;24,04;0,03;0,35;10,52
14,600;0,377;24,02;0,01;0,14;10,66
14,700;0,363;24,04;0,03;0,13;10,79
14,800;0,541;24,05;0,04;0,29;11,09
14,900;0,329;24,04;0,03;0,11;11,19
15,000;0,434;24,04;0,03;0,19;11,38
15,100;0,415;24,05;0,04;0,17;11,55
15,200;0,566;24,04;0,03;0,32;11,87
15,300;0,408;24,04;0,03;0,17;12,04
15,400;0,351;24,04;0,03;0,12;12,16
15,500;0,557;24,04;0,03;0,31;12,47
15,600;0,304;24,05;0,04;0,09;12,57
15,700;0,394;24,04;0,03;0,16;12,72
15,800;0,334;24,05;0,04;0,11;12,83
15,900;0,142;24,05;0,04;0,02;12,85
16,000;0,081;24,03;0,02;0,01;12,86
16,100;0,009;24,03;0,02;8,99E-5;12,86
16,200;0,020;24,05;0,04;3,99E-4;12,86
16,300;0,044;24,04;0,03;0,00;12,86
16,400;0,054;24,04;0,03;0,00;12,87
16,500;0,021;24,05;0,04;4,61E-4;12,87
16,600;0,024;24,05;0,04;5,59E-4;12,87
16,700;0,033;24,05;0,04;0,00;12,87
16,800;0,029;24,05;0,04;8,36E-4;12,87
16,900;0,009;24,04;0,03;8,93E-5;12,87
17,000;-9,421E-5;24,05;0,04;8,88E-9;12,87
17,100;-9,421E-5;24,05;0,04;8,88E-9;12,87
17,200;3,140E-5;24,05;0,04;9,86E-10;12,87
17,300;-3,140E-5;24,05;0,04;9,86E-10;12,87
17,400;0,008;24,04;0,03;5,68E-5;12,87
17,500;0,014;24,04;0,03;2,03E-4;12,87
17,600;0,069;24,03;0,02;0,00;12,87
17,700;0,100;24,05;0,04;0,01;12,88
17,800;0,121;24,04;0,03;0,01;12,90
17,900;0,076;24,04;0,03;0,01;12,90
18,000;0,059;24,04;0,03;0,00;12,91
18,100;0,072;24,04;0,03;0,01;12,91
18,200;0,085;24,05;0,04;0,01;12,92
18,300;0,077;24,06;0,05;0,01;12,93
18,400;0,075;24,04;0,03;0,01;12,93
18,500;0,096;24,04;0,03;0,01;12,94
18,600;0,110;24,07;0,06;0,01;12,95
18,700;0,091;24,04;0,03;0,01;12,96
18,800;0,051;24,05;0,04;0,00;12,96
18,900;0,086;24,04;0,03;0,01;12,97
19,000;0,092;24,05;0,04;0,01;12,98
19,100;0,062;24,05;0,04;0,00;12,98
19,200;0,061;24,05;0,04;0,00;12,99
19,300;0,092;24,04;0,03;0,01;13,00
19,400;0,066;24,04;0,03;0,00;13,00
19,500;0,035;24,04;0,03;0,00;13,00
19,600;0,106;24,03;0,02;0,01;13,01
19,700;0,079;24,06;0,05;0,01;13,02
19,800;0,046;24,06;0,05;0,00;13,02
19,900;0,057;24,06;0,05;0,00;13,02
20,000;0,072;24,05;0,04;0,01;13,03
20,100;0,060;24,06;0,05;0,00;13,03
20,200;0,039;24,05;0,04;0,00;13,03
20,300;0,067;24,07;0,06;0,00;13,04
20,400;0,076;24,06;0,05;0,01;13,04
20,500;0,053;24,05;0,04;0,00;13,05
20,600;0,016;24,05;0,04;2,72E-4;13,05
20,700;0,066;24,02;0,01;0,00;13,05
20,800;0,073;24,04;0,03;0,01;13,06
20,900;0,049;24,04;0,03;0,00;13,06
21,000;0,035;24,06;0,05;0,00;13,06
21,100;0,075;24,05;0,04;0,01;13,07
21,200;0,050;24,04;0,03;0,00;13,07
21,300;0,012;24,05;0,04;1,52E-4;13,07
21,400;0,023;24,03;0,02;5,40E-4;13,07
21,500;0,033;24,04;0,03;0,00;13,07
21,600;0,045;24,06;0,05;0,00;13,07
21,700;-7,537E-4;24,04;0,03;5,68E-7;13,07
21,800;-0,022;24,06;0,05;4,70E-4;13,07
21,900;-0,008;24,04;0,03;6,62E-5;13,07
22,000;-0,004;24,06;0,05;1,40E-5;13,07
22,100;-9,421E-5;24,05;0,04;8,88E-9;13,07
22,200;-0,002;24,06;0,05;6,00E-6;13,07
22,300;-1,256E-4;24,04;0,03;1,58E-8;13,07
22,400;-3,140E-5;24,04;0,03;9,86E-10;13,07
22,500;-6,281E-5;24,06;0,05;3,94E-9;13,07
22,600;-1,256E-4;24,04;0,03;1,58E-8;13,07
22,700;-6,281E-5;24,05;0,04;3,94E-9;13,07
22,800;0,000;24,03;0,02;0,00;13,07
22,900;0,003;24,04;0,03;6,96E-6;13,07
23,000;0,018;24,05;0,04;3,42E-4;13,07
23,100;0,045;24,05;0,04;0,00;13,08
23,200;0,035;24,05;0,04;0,00;13,08
23,300;0,030;24,05;0,04;9,30E-4;13,08
23,400;0,019;24,05;0,04;3,51E-4;13,08
23,500;0,022;24,04;0,03;4,94E-4;13,08
23,600;0,023;24,06;0,05;5,47E-4;13,08
23,700;0,017;24,04;0,03;2,94E-4;13,08
23,800;-3,140E-5;24,05;0,04;9,86E-10;13,08
23,900;0,004;24,06;0,05;1,69E-5;13,08
24,000;-3,140E-5;24,05;0,04;9,86E-10;13,08
24,100;3,140E-5;24,04;0,03;9,86E-10;13,08
24,200;0,000;24,04;0,03;0,00;13,08
24,300;-3,140E-5;24,04;0,03;9,86E-10;13,08
24,400;-3,140E-5;24,05;0,04;9,86E-10;13,08
24,500;-3,140E-5;24,05;0,04;9,86E-10;13,08
24,600;-6,281E-5;24,04;0,03;3,94E-9;13,08
24,700;-6,281E-5;24,04;0,03;3,94E-9;13,08
24,800;0,000;24,06;0,05;0,00;13,08
24,900;-6,281E-5;24,04;0,03;3,94E-9;13,08
25,000;2,826E-4;24,06;0,05;7,99E-8;13,08
25,100;0,072;24,05;0,04;0,01;13,08
25,200;0,148;24,06;0,05;0,02;13,11
25,300;0,160;24,05;0,04;0,03;13,13
25,400;0,228;24,04;0,03;0,05;13,18
25,500;0,427;24,06;0,05;0,18;13,37
25,600;0,344;24,05;0,04;0,12;13,48
25,700;0,255;24,04;0,03;0,06;13,55
25,800;0,243;24,04;0,03;0,06;13,61
25,900;0,337;24,04;0,03;0,11;13,72
26,000;0,426;24,04;0,03;0,18;13,90
26,100;0,323;24,06;0,05;0,10;14,01
26,200;0,296;24,07;0,06;0,09;14,10
26,300;0,343;24,06;0,05;0,12;14,21
26,400;0,490;24,06;0,05;0,24;14,45
26,500;0,399;24,04;0,03;0,16;14,61
26,600;0,264;24,06;0,05;0,07;14,68
26,700;0,378;24,04;0,03;0,14;14,83
26,800;0,526;24,06;0,05;0,28;15,10
26,900;0,409;24,04;0,03;0,17;15,27
27,000;0,292;24,06;0,05;0,09;15,35
27,100;0,428;24,07;0,06;0,18;15,54
27,200;0,535;24,04;0,03;0,29;15,82
27,300;0,265;24,07;0,06;0,07;15,89
27,400;0,339;24,04;0,03;0,11;16,01
27,500;0,417;24,06;0,05;0,17;16,18
27,600;0,521;24,06;0,05;0,27;16,45
27,700;0,272;24,05;0,04;0,07;16,53
27,800;0,345;24,05;0,04;0,12;16,65
27,900;0,418;24,06;0,05;0,17;16,82
28,000;0,515;24,05;0,04;0,27;17,09
28,100;0,334;24,05;0,04;0,11;17,20
28,200;0,320;24,05;0,04;0,10;17,30
28,300;0,419;24,04;0,03;0,18;17,48
28,400;0,502;24,05;0,04;0,25;17,73
28,500;0,349;24,04;0,03;0,12;17,85
28,600;0,290;24,06;0,05;0,08;17,93
28,700;0,356;24,05;0,04;0,13;18,06
28,800;0,489;24,04;0,03;0,24;18,30
28,900;0,328;24,04;0,03;0,11;18,41
29,000;0,337;24,06;0,05;0,11;18,52
29,100;0,480;24,05;0,04;0,23;18,75
29,200;0,513;24,06;0,05;0,26;19,01
29,300;0,295;24,06;0,05;0,09;19,10
29,400;0,323;24,06;0,05;0,10;19,21
29,500;0,449;24,04;0,03;0,20;19,41
29,600;0,462;24,06;0,05;0,21;19,62
29,700;0,312;24,05;0,04;0,10;19,72
29,800;0,328;24,07;0,06;0,11;19,83
29,900;0,525;24,06;0,05;0,28;20,10
30,000;0,398;24,05;0,04;0,16;20,26
30,100;0,332;24,06;0,05;0,11;20,37
30,200;0,323;24,07;0,06;0,10;20,47
30,300;0,528;24,05;0,04;0,28;20,75
30,400;0,351;24,07;0,06;0,12;20,88
30,500;0,340;24,07;0,06;0,12;20,99
30,600;0,340;24,06;0,05;0,12;21,11
30,700;0,550;24,06;0,05;0,30;21,41
30,800;0,335;24,06;0,05;0,11;21,52
30,900;0,294;24,06;0,05;0,09;21,61
31,000;0,335;24,06;0,05;0,11;21,72
31,100;0,530;24,06;0,05;0,28;22,00
31,200;0,315;24,06;0,05;0,10;22,10
31,300;0,293;24,09;0,08;0,09;22,19
31,400;0,280;24,05;0,04;0,08;22,27
31,500;0,461;24,07;0,06;0,21;22,48
31,600;0,441;24,04;0,03;0,19;22,67
31,700;0,285;24,04;0,03;0,08;22,75
31,800;0,275;24,09;0,08;0,08;22,83
31,900;0,465;24,07;0,06;0,22;23,05
32,000;0,485;24,06;0,05;0,24;23,28
32,100;0,303;24,05;0,04;0,09;23,37
32,200;0,312;24,04;0,03;0,10;23,47
32,300;0,519;24,05;0,04;0,27;23,74
32,400;0,458;24,07;0,06;0,21;23,95
32,500;0,293;24,06;0,05;0,09;24,04
32,600;0,367;24,06;0,05;0,13;24,17
32,700;0,531;24,06;0,05;0,28;24,45
32,800;0,294;24,06;0,05;0,09;24,54
32,900;0,297;24,07;0,06;0,09;24,63
33,000;0,267;24,05;0,04;0,07;24,70
33,100;0,380;24,06;0,05;0,14;24,84
33,200;0,394;24,07;0,06;0,15;25,00
33,300;0,260;24,05;0,04;0,07;25,07
33,400;0,311;24,04;0,03;0,10;25,16
33,500;0,479;24,07;0,06;0,23;25,39
33,600;0,552;24,05;0,04;0,31;25,70
33,700;0,251;24,04;0,03;0,06;25,76
33,800;0,366;24,05;0,04;0,13;25,89
33,900;0,489;24,07;0,06;0,24;26,13
34,000;0,486;24,04;0,03;0,24;26,37
34,100;0,306;24,05;0,04;0,09;26,46
34,200;0,342;24,06;0,05;0,12;26,58
34,300;0,473;24,06;0,05;0,22;26,80
34,400;0,455;24,05;0,04;0,21;27,01
34,500;0,286;24,06;0,05;0,08;27,09
34,600;0,293;24,06;0,05;0,09;27,18
34,700;0,419;24,06;0,05;0,18;27,35
34,800;0,493;24,07;0,06;0,24;27,60
34,900;0,299;24,06;0,05;0,09;27,69
35,000;0,294;24,06;0,05;0,09;27,77
35,100;0,336;24,05;0,04;0,11;27,89
35,200;0,514;24,10;0,09;0,26;28,15
35,300;0,253;24,07;0,06;0,06;28,21
35,400;0,323;24,06;0,05;0,10;28,32
35,500;0,350;24,05;0,04;0,12;28,44
35,600;0,526;24,06;0,05;0,28;28,72
35,700;0,290;24,07;0,06;0,08;28,80
35,800;0,355;24,05;0,04;0,13;28,93
35,900;0,371;24,05;0,04;0,14;29,06
36,000;0,567;24,05;0,04;0,32;29,39
36,100;0,275;24,04;0,03;0,08;29,46
36,200;0,318;24,04;0,03;0,10;29,56
36,300;0,352;24,06;0,05;0,12;29,69
36,400;0,546;24,05;0,04;0,30;29,99
36,500;0,302;24,07;0,06;0,09;30,08
36,600;0,349;24,05;0,04;0,12;30,20
36,700;0,368;24,07;0,06;0,14;30,33
36,800;0,519;24,07;0,06;0,27;30,60
36,900;0,253;24,05;0,04;0,06;30,67
37,000;0,304;24,06;0,05;0,09;30,76
37,100;0,308;24,05;0,04;0,09;30,86
37,200;0,529;24,07;0,06;0,28;31,13
37,300;0,289;24,07;0,06;0,08;31,22
37,400;0,333;24,07;0,06;0,11;31,33
37,500;0,343;24,07;0,06;0,12;31,45
37,600;0,520;24,07;0,06;0,27;31,72
37,700;0,283;24,05;0,04;0,08;31,80
37,800;0,328;24,06;0,05;0,11;31,90
37,900;0,399;24,07;0,06;0,16;32,06
38,000;0,525;24,06;0,05;0,28;32,34
38,100;0,211;24,06;0,05;0,04;32,38
38,200;0,374;24,06;0,05;0,14;32,52
38,300;0,340;24,05;0,04;0,12;32,64
38,400;0,487;24,06;0,05;0,24;32,88
38,500;0,335;24,09;0,08;0,11;32,99
38,600;0,322;24,04;0,03;0,10;33,09
38,700;0,355;24,07;0,06;0,13;33,22
38,800;0,486;24,07;0,06;0,24;33,45
38,900;0,378;24,06;0,05;0,14;33,60
39,000;0,308;24,09;0,08;0,09;33,69
39,100;0,370;24,06;0,05;0,14;33,83
39,200;0,509;24,05;0,04;0,26;34,09
39,300;0,338;24,06;0,05;0,11;34,20
39,400;0,365;24,06;0,05;0,13;34,34
39,500;0,404;24,06;0,05;0,16;34,50
39,600;0,530;24,07;0,06;0,28;34,78
39,700;0,266;24,09;0,08;0,07;34,85
39,800;0,389;24,09;0,08;0,15;35,00
39,900;0,393;24,07;0,06;0,15;35,16
40,000;0,514;24,07;0,06;0,26;35,42
40,100;0,261;24,09;0,08;0,07;35,49
40,200;0,391;24,06;0,05;0,15;35,64
40,300;0,400;24,07;0,06;0,16;35,80
40,400;0,507;24,06;0,05;0,26;36,06
40,500;0,225;24,06;0,05;0,05;36,11
40,600;0,385;24,10;0,09;0,15;36,26
40,700;0,307;24,05;0,04;0,09;36,35
40,800;0,485;24,07;0,06;0,23;36,59
40,900;0,177;24,09;0,08;0,03;36,62
41,000;0,404;24,07;0,06;0,16;36,78
41,100;0,324;24,07;0,06;0,10;36,89
41,200;0,464;24,06;0,05;0,22;37,10
41,300;0,358;24,06;0,05;0,13;37,23
41,400;0,296;24,07;0,06;0,09;37,32
41,500;0,376;24,06;0,05;0,14;37,46
41,600;0,445;24,10;0,09;0,20;37,66
41,700;0,414;24,07;0,06;0,17;37,83
41,800;0,308;24,07;0,06;0,10;37,92
41,900;0,332;24,07;0,06;0,11;38,03
42,000;0,400;24,09;0,08;0,16;38,19
42,100;0,450;24,06;0,05;0,20;38,40
42,200;0,324;24,06;0,05;0,11;38,50
42,300;0,230;24,07;0,06;0,05;38,56
42,400;0,174;24,09;0,08;0,03;38,59
42,500;0,275;24,06;0,05;0,08;38,66
42,600;0,379;24,07;0,06;0,14;38,80
42,700;0,332;24,07;0,06;0,11;38,92
42,800;0,328;24,06;0,05;0,11;39,02
42,900;0,336;24,06;0,05;0,11;39,14
43,000;0,450;24,09;0,08;0,20;39,34
43,100;0,409;24,07;0,06;0,17;39,51
43,200;0,283;24,10;0,09;0,08;39,59
43,300;0,346;24,07;0,06;0,12;39,71
43,400;0,451;24,09;0,08;0,20;39,91
43,500;0,425;24,07;0,06;0,18;40,09
43,600;0,300;24,07;0,06;0,09;40,18
43,700;0,327;24,07;0,06;0,11;40,29
43,800;0,408;24,07;0,06;0,17;40,45
43,900;0,435;24,06;0,05;0,19;40,64
44,000;0,346;24,06;0,05;0,12;40,76
44,100;0,320;24,09;0,08;0,10;40,86
44,200;0,410;24,09;0,08;0,17;41,03
44,300;0,456;24,07;0,06;0,21;41,24
44,400;0,294;24,07;0,06;0,09;41,33
44,500;0,268;24,06;0,05;0,07;41,40
44,600;0,304;24,07;0,06;0,09;41,49
44,700;0,470;24,07;0,06;0,22;41,71
44,800;0,333;24,09;0,08;0,11;41,82
44,900;0,298;24,09;0,08;0,09;41,91
45,000;0,357;24,07;0,06;0,13;42,04
45,100;0,507;24,09;0,08;0,26;42,30
45,200;0,425;24,07;0,06;0,18;42,48
45,300;0,291;24,07;0,06;0,08;42,56
45,400;0,295;24,10;0,09;0,09;42,65
45,500;0,465;24,07;0,06;0,22;42,87
45,600;0,373;24,06;0,05;0,14;43,01
45,700;0,314;24,07;0,06;0,10;43,10
45,800;0,276;24,06;0,05;0,08;43,18
45,900;0,415;24,06;0,05;0,17;43,35
46,000;0,482;24,07;0,06;0,23;43,58
46,100;0,307;24,07;0,06;0,09;43,68
46,200;0,271;24,07;0,06;0,07;43,75
46,300;0,357;24,10;0,09;0,13;43,88
46,400;0,510;24,07;0,06;0,26;44,14
46,500;0,275;24,07;0,06;0,08;44,22
46,600;0,247;24,10;0,09;0,06;44,28
46,700;0,203;24,09;0,08;0,04;44,32
46,800;0,344;24,07;0,06;0,12;44,44
46,900;0,257;24,09;0,08;0,07;44,50
47,000;0,360;24,07;0,06;0,13;44,63
47,100;0,271;24,09;0,08;0,07;44,70
47,200;0,304;24,10;0,09;0,09;44,80
47,300;0,466;24,07;0,06;0,22;45,01
47,400;0,512;24,07;0,06;0,26;45,28
47,500;0,281;24,07;0,06;0,08;45,35
47,600;0,303;24,07;0,06;0,09;45,45
47,700;0,475;24,07;0,06;0,23;45,67
47,800;0,496;24,07;0,06;0,25;45,92
47,900;0,285;24,07;0,06;0,08;46,00
48,000;0,279;24,09;0,08;0,08;46,08
48,100;0,383;24,10;0,09;0,15;46,22
48,200;0,483;24,09;0,08;0,23;46,46
48,300;0,285;24,07;0,06;0,08;46,54
48,400;0,256;24,07;0,06;0,07;46,60
48,500;0,305;24,10;0,09;0,09;46,70
48,600;0,536;24,06;0,05;0,29;46,98
48,700;0,321;24,09;0,08;0,10;47,09
48,800;0,277;24,07;0,06;0,08;47,16
48,900;0,335;24,10;0,09;0,11;47,28
49,000;0,556;24,09;0,08;0,31;47,59
49,100;0,342;24,07;0,06;0,12;47,70
49,200;0,272;24,07;0,06;0,07;47,78
49,300;0,260;24,10;0,09;0,07;47,85
49,400;0,461;24,09;0,08;0,21;48,06
49,500;0,472;24,09;0,08;0,22;48,28
49,600;0,276;24,10;0,09;0,08;48,36
49,700;0,263;24,07;0,06;0,07;48,43
49,800;0,367;24,10;0,09;0,13;48,56
49,900;0,511;24,09;0,08;0,26;48,82
50,000;0,266;24,07;0,06;0,07;48,89
50,100;0,238;24,10;0,09;0,06;48,95
50,200;0,307;24,10;0,09;0,09;49,04
50,300;0,537;24,09;0,08;0,29;49,33
50,400;0,314;24,06;0,05;0,10;49,43
50,500;0,351;24,09;0,08;0,12;49,55
50,600;0,293;24,07;0,06;0,09;49,64
50,700;0,507;24,07;0,06;0,26;49,90
50,800;0,403;24,07;0,06;0,16;50,06
50,900;0,335;24,09;0,08;0,11;50,17
51,000;0,242;24,07;0,06;0,06;50,23
51,100;0,473;24,07;0,06;0,22;50,45
51,200;0,444;24,10;0,09;0,20;50,65
51,300;0,319;24,10;0,09;0,10;50,75
51,400;0,266;24,07;0,06;0,07;50,82
51,500;0,436;24,07;0,06;0,19;51,01
51,600;0,483;24,10;0,09;0,23;51,25
51,700;0,314;24,09;0,08;0,10;51,34
51,800;0,241;24,09;0,08;0,06;51,40
51,900;0,364;24,07;0,06;0,13;51,54
52,000;0,503;24,09;0,08;0,25;51,79
52,100;0,284;24,09;0,08;0,08;51,87
52,200;0,322;24,09;0,08;0,10;51,97
52,300;0,322;24,10;0,09;0,10;52,08
52,400;0,531;24,09;0,08;0,28;52,36
52,500;0,299;24,05;0,04;0,09;52,45
52,600;0,297;24,10;0,09;0,09;52,54
52,700;0,282;24,10;0,09;0,08;52,62
52,800;0,512;24,09;0,08;0,26;52,88
52,900;0,395;24,09;0,08;0,16;53,03
53,000;0,311;24,06;0,05;0,10;53,13
53,100;0,297;24,09;0,08;0,09;53,22
53,200;0,485;24,06;0,05;0,24;53,46
53,300;0,382;24,10;0,09;0,15;53,60
53,400;0,315;24,09;0,08;0,10;53,70
53,500;0,269;24,10;0,09;0,07;53,77
53,600;0,421;24,09;0,08;0,18;53,95
53,700;0,475;24,09;0,08;0,23;54,18
53,800;0,308;24,10;0,09;0,09;54,27
53,900;0,221;24,07;0,06;0,05;54,32
54,000;0,262;24,10;0,09;0,07;54,39
54,100;0,507;24,07;0,06;0,26;54,64
54,200;0,301;24,09;0,08;0,09;54,73
54,300;0,282;24,07;0,06;0,08;54,81
54,400;0,240;24,09;0,08;0,06;54,87
54,500;0,451;24,09;0,08;0,20;55,08
54,600;0,484;24,10;0,09;0,23;55,31
54,700;0,318;24,10;0,09;0,10;55,41
54,800;0,194;24,10;0,09;0,04;55,45
54,900;0,238;24,07;0,06;0,06;55,51
55,000;0,515;24,10;0,09;0,27;55,77
55,100;0,332;24,07;0,06;0,11;55,88
55,200;0,296;24,10;0,09;0,09;55,97
55,300;0,223;24,07;0,06;0,05;56,02
55,400;0,410;24,10;0,09;0,17;56,19
55,500;0,493;24,07;0,06;0,24;56,43
55,600;0,328;24,10;0,09;0,11;56,54
55,700;0,210;24,09;0,08;0,04;56,58
55,800;0,269;24,09;0,08;0,07;56,65
55,900;0,546;24,10;0,09;0,30;56,95
56,000;0,268;24,07;0,06;0,07;57,02
56,100;0,277;24,10;0,09;0,08;57,10
56,200;0,267;24,07;0,06;0,07;57,17
56,300;0,473;24,10;0,09;0,22;57,39
56,400;0,436;24,10;0,09;0,19;57,58
56,500;0,320;24,07;0,06;0,10;57,69
56,600;0,220;24,07;0,06;0,05;57,74
56,700;0,271;24,07;0,06;0,07;57,81
56,800;0,549;24,11;0,10;0,30;58,11
56,900;0,289;24,09;0,08;0,08;58,19
57,000;0,260;24,10;0,09;0,07;58,26
57,100;0,253;24,09;0,08;0,06;58,33
57,200;0,487;24,10;0,09;0,24;58,56
57,300;0,372;24,09;0,08;0,14;58,70
57,400;0,343;24,11;0,10;0,12;58,82
57,500;0,186;24,10;0,09;0,03;58,85
57,600;0,346;24,11;0,10;0,12;58,97
57,700;0,523;24,09;0,08;0,27;59,25
57,800;0,219;24,07;0,06;0,05;59,29
57,900;0,305;24,07;0,06;0,09;59,39
58,000;0,310;24,10;0,09;0,10;59,48
58,100;0,530;24,10;0,09;0,28;59,76
58,200;0,326;24,10;0,09;0,11;59,87
58,300;0,283;24,10;0,09;0,08;59,95
58,400;0,281;24,09;0,08;0,08;60,03
58,500;0,458;24,09;0,08;0,21;60,24
58,600;0,441;24,10;0,09;0,19;60,43
58,700;0,288;24,10;0,09;0,08;60,52
58,800;0,226;24,07;0,06;0,05;60,57
58,900;0,392;24,11;0,10;0,15;60,72
59,000;0,497;24,10;0,09;0,25;60,97
59,100;0,291;24,09;0,08;0,08;61,05
59,200;0,276;24,10;0,09;0,08;61,13
59,300;0,342;24,09;0,08;0,12;61,24
59,400;0,488;24,10;0,09;0,24;61,48
59,500;0,298;24,07;0,06;0,09;61,57
59,600;0,288;24,10;0,09;0,08;61,65
59,700;0,220;24,12;0,11;0,05;61,70
59,800;0,411;24,10;0,09;0,17;61,87
59,900;0,465;24,10;0,09;0,22;62,09
60,000;0,299;24,10;0,09;0,09;62,18
60,100;0,252;24,10;0,09;0,06;62,24
60,200;0,319;24,10;0,09;0,10;62,34
60,300;0,504;24,10;0,09;0,25;62,60
60,400;0,308;24,09;0,08;0,10;62,69
60,500;0,320;24,10;0,09;0,10;62,79
60,600;0,247;24,11;0,10;0,06;62,86
60,700;0,489;24,10;0,09;0,24;63,09
60,800;0,382;24,10;0,09;0,15;63,24
60,900;0,373;24,10;0,09;0,14;63,38
61,000;0,234;24,09;0,08;0,05;63,43
61,100;0,406;24,10;0,09;0,17;63,60
61,200;0,441;24,12;0,11;0,19;63,79
61,300;0,379;24,11;0,10;0,14;63,94
61,400;0,244;24,10;0,09;0,06;64,00
61,500;0,364;24,09;0,08;0,13;64,13
61,600;0,502;24,09;0,08;0,25;64,38
61,700;0,358;24,10;0,09;0,13;64,51
61,800;0,275;24,10;0,09;0,08;64,59
61,900;0,330;24,11;0,10;0,11;64,69
62,000;0,499;24,12;0,11;0,25;64,94
62,100;0,321;24,10;0,09;0,10;65,05
62,200;0,281;24,10;0,09;0,08;65,13
62,300;0,214;24,11;0,10;0,05;65,17
62,400;0,526;24,10;0,09;0,28;65,45
62,500;0,322;24,09;0,08;0,10;65,55
62,600;0,394;24,11;0,10;0,15;65,71
62,700;0,237;24,10;0,09;0,06;65,76
62,800;0,443;24,10;0,09;0,20;65,96
62,900;0,443;24,10;0,09;0,20;66,15
63,000;0,363;24,10;0,09;0,13;66,29
63,100;0,286;24,09;0,08;0,08;66,37
63,200;0,376;24,11;0,10;0,14;66,51
63,300;0,489;24,10;0,09;0,24;66,75
63,400;0,389;24,10;0,09;0,15;66,90
63,500;0,285;24,09;0,08;0,08;66,98
63,600;0,378;24,10;0,09;0,14;67,12
63,700;0,510;24,10;0,09;0,26;67,38
63,800;0,370;24,10;0,09;0,14;67,52
63,900;0,274;24,09;0,08;0,08;67,60
64,000;0,440;24,11;0,10;0,19;67,79
64,100;0,476;24,11;0,10;0,23;68,02
64,200;0,354;24,10;0,09;0,13;68,14
64,300;0,289;24,11;0,10;0,08;68,23
64,400;0,372;24,11;0,10;0,14;68,36
64,500;0,485;24,09;0,08;0,24;68,60
64,600;0,369;24,09;0,08;0,14;68,74
64,700;0,255;24,10;0,09;0,07;68,80
64,800;0,285;24,12;0,11;0,08;68,88
64,900;0,503;24,10;0,09;0,25;69,14
65,000;0,365;24,09;0,08;0,13;69,27
65,100;0,243;24,12;0,11;0,06;69,33
65,200;0,318;24,11;0,10;0,10;69,43
65,300;0,520;24,11;0,10;0,27;69,70
65,400;0,362;24,10;0,09;0,13;69,83
65,500;0,291;24,10;0,09;0,08;69,92
65,600;0,282;24,12;0,11;0,08;69,99
65,700;0,464;24,11;0,10;0,22;70,21
65,800;0,427;24,10;0,09;0,18;70,39
65,900;0,309;24,10;0,09;0,10;70,49
66,000;0,238;24,13;0,12;0,06;70,54
66,100;0,296;24,10;0,09;0,09;70,63
66,200;0,533;24,13;0,12;0,28;70,92
66,300;0,313;24,12;0,11;0,10;71,01
66,400;0,253;24,12;0,11;0,06;71,08
66,500;0,292;24,11;0,10;0,09;71,16
66,600;0,530;24,10;0,09;0,28;71,44
66,700;0,346;24,11;0,10;0,12;71,56
66,800;0,248;24,13;0,12;0,06;71,62
66,900;0,256;24,11;0,10;0,07;71,69
67,000;0,397;24,12;0,11;0,16;71,85
67,100;0,510;24,11;0,10;0,26;72,11
67,200;0,297;24,10;0,09;0,09;72,20
67,300;0,226;24,13;0,12;0,05;72,25
67,400;0,304;24,10;0,09;0,09;72,34
67,500;0,525;24,10;0,09;0,28;72,62
67,600;0,324;24,10;0,09;0,10;72,72
67,700;0,271;24,10;0,09;0,07;72,79
67,800;0,324;24,10;0,09;0,10;72,90
67,900;0,530;24,13;0,12;0,28;73,18
68,000;0,299;24,11;0,10;0,09;73,27
68,100;0,295;24,11;0,10;0,09;73,36
68,200;0,213;24,10;0,09;0,05;73,40
68,300;0,399;24,10;0,09;0,16;73,56
68,400;0,504;24,09;0,08;0,25;73,82
68,500;0,292;24,10;0,09;0,09;73,90
68,600;0,248;24,12;0,11;0,06;73,96
68,700;0,212;24,10;0,09;0,05;74,01
68,800;0,474;24,10;0,09;0,22;74,23
68,900;0,351;24,10;0,09;0,12;74,35
69,000;0,301;24,10;0,09;0,09;74,45
69,100;0,274;24,11;0,10;0,08;74,52
69,200;0,403;24,12;0,11;0,16;74,68
69,300;0,496;24,11;0,10;0,25;74,93
69,400;0,258;24,13;0,12;0,07;75,00
69,500;0,279;24,12;0,11;0,08;75,07
69,600;0,302;24,13;0,12;0,09;75,16
69,700;0,517;24,11;0,10;0,27;75,43
69,800;0,327;24,11;0,10;0,11;75,54
69,900;0,295;24,11;0,10;0,09;75,62
70,000;0,271;24,12;0,11;0,07;75,70
70,100;0,493;24,12;0,11;0,24;75,94
70,200;0,375;24,10;0,09;0,14;76,08
70,300;0,319;24,13;0,12;0,10;76,18
70,400;0,205;24,14;0,13;0,04;76,22
70,500;0,223;24,13;0,12;0,05;76,27
70,600;0,536;24,10;0,09;0,29;76,56
70,700;0,285;24,12;0,11;0,08;76,64
70,800;0,285;24,11;0,10;0,08;76,72
70,900;0,343;24,12;0,11;0,12;76,84
71,000;0,543;24,10;0,09;0,30;77,14
71,100;0,303;24,12;0,11;0,09;77,23
71,200;0,302;24,12;0,11;0,09;77,32
71,300;0,254;24,12;0,11;0,06;77,39
71,400;0,486;24,12;0,11;0,24;77,62
71,500;0,401;24,10;0,09;0,16;77,78
71,600;0,337;24,12;0,11;0,11;77,90
71,700;0,227;24,13;0,12;0,05;77,95
71,800;0,397;24,12;0,11;0,16;78,11
71,900;0,496;24,12;0,11;0,25;78,35
72,000;0,293;24,12;0,11;0,09;78,44
72,100;0,258;24,12;0,11;0,07;78,50
72,200;0,335;24,12;0,11;0,11;78,62
72,300;0,485;24,12;0,11;0,23;78,85
72,400;0,316;24,12;0,11;0,10;78,95
72,500;0,286;24,12;0,11;0,08;79,03
72,600;0,276;24,13;0,12;0,08;79,11
72,700;0,484;24,13;0,12;0,23;79,34
72,800;0,374;24,13;0,12;0,14;79,48
72,900;0,321;24,12;0,11;0,10;79,59
73,000;0,226;24,12;0,11;0,05;79,64
73,100;0,385;24,11;0,10;0,15;79,79
73,200;0,480;24,12;0,11;0,23;80,02
73,300;0,365;24,12;0,11;0,13;80,15
73,400;0,265;24,13;0,12;0,07;80,22
73,500;0,276;24,12;0,11;0,08;80,30
73,600;0,496;24,14;0,13;0,25;80,54
73,700;0,299;24,12;0,11;0,09;80,63
73,800;0,326;24,14;0,13;0,11;80,74
73,900;0,253;24,12;0,11;0,06;80,80
74,000;0,491;24,13;0,12;0,24;81,04
74,100;0,378;24,13;0,12;0,14;81,18
74,200;0,341;24,12;0,11;0,12;81,30
74,300;0,264;24,12;0,11;0,07;81,37
74,400;0,411;24,12;0,11;0,17;81,54
74,500;0,468;24,12;0,11;0,22;81,76
74,600;0,334;24,12;0,11;0,11;81,87
74,700;0,252;24,12;0,11;0,06;81,93
74,800;0,318;24,12;0,11;0,10;82,04
74,900;0,512;24,12;0,11;0,26;82,30
75,000;0,271;24,15;0,14;0,07;82,37
75,100;0,308;24,13;0,12;0,09;82,47
75,200;0,289;24,12;0,11;0,08;82,55
75,300;0,521;24,13;0,12;0,27;82,82
75,400;0,307;24,13;0,12;0,09;82,92
75,500;0,289;24,14;0,13;0,08;83,00
75,600;0,228;24,12;0,11;0,05;83,05
75,700;0,416;24,12;0,11;0,17;83,22
75,800;0,515;24,12;0,11;0,27;83,49
75,900;0,285;24,12;0,11;0,08;83,57
76,000;0,249;24,12;0,11;0,06;83,63
76,100;0,294;24,14;0,13;0,09;83,72
76,200;0,521;24,12;0,11;0,27;83,99
76,300;0,274;24,13;0,12;0,07;84,07
76,400;0,276;24,14;0,13;0,08;84,14
76,500;0,246;24,13;0,12;0,06;84,20
76,600;0,467;24,12;0,11;0,22;84,42
76,700;0,463;24,13;0,12;0,21;84,63
76,800;0,296;24,14;0,13;0,09;84,72
76,900;0,223;24,12;0,11;0,05;84,77
77,000;0,270;24,14;0,13;0,07;84,85
77,100;0,514;24,13;0,12;0,26;85,11
77,200;0,281;24,13;0,12;0,08;85,19
77,300;0,274;24,11;0,10;0,08;85,26
77,400;0,172;24,14;0,13;0,03;85,29
77,500;0,049;24,12;0,11;0,00;85,30
77,600;0,195;24,12;0,11;0,04;85,33
77,700;0,347;24,13;0,12;0,12;85,45
77,800;0,397;24,13;0,12;0,16;85,61
77,900;0,220;24,13;0,12;0,05;85,66
78,000;0,276;24,13;0,12;0,08;85,74
78,100;0,345;24,14;0,13;0,12;85,86
78,200;0,527;24,15;0,14;0,28;86,13
78,300;0,304;24,12;0,11;0,09;86,23
78,400;0,249;24,13;0,12;0,06;86,29
78,500;0,229;24,14;0,13;0,05;86,34
78,600;0,464;24,14;0,13;0,21;86,56
78,700;0,427;24,13;0,12;0,18;86,74
78,800;0,280;24,14;0,13;0,08;86,82
78,900;0,231;24,14;0,13;0,05;86,87
79,000;0,342;24,11;0,10;0,12;86,99
79,100;0,463;24,14;0,13;0,21;87,20
79,200;0,284;24,14;0,13;0,08;87,28
79,300;0,232;24,14;0,13;0,05;87,34
79,400;0,328;24,13;0,12;0,11;87,44
79,500;0,485;24,14;0,13;0,24;87,68
79,600;0,444;24,15;0,14;0,20;87,88
79,700;0,234;24,13;0,12;0,05;87,93
79,800;0,270;24,13;0,12;0,07;88,00
79,900;0,407;24,12;0,11;0,17;88,17
80,000;0,484;24,13;0,12;0,23;88,40
80,100;0,272;24,14;0,13;0,07;88,48
80,200;0,255;24,14;0,13;0,07;88,54
80,300;0,329;24,13;0,12;0,11;88,65
80,400;0,494;24,13;0,12;0,24;88,90
80,500;0,380;24,14;0,13;0,14;89,04
80,600;0,265;24,13;0,12;0,07;89,11
80,700;0,287;24,15;0,14;0,08;89,19
80,800;0,432;24,17;0,16;0,19;89,38
80,900;0,427;24,15;0,14;0,18;89,56
81,000;0,327;24,13;0,12;0,11;89,67
81,100;0,276;24,14;0,13;0,08;89,75
81,200;0,371;24,15;0,14;0,14;89,88
81,300;0,483;24,13;0,12;0,23;90,12
81,400;0,319;24,13;0,12;0,10;90,22
81,500;0,252;24,15;0,14;0,06;90,28
81,600;0,405;24,14;0,13;0,16;90,45
81,700;0,504;24,15;0,14;0,25;90,70
81,800;0,291;24,14;0,13;0,08;90,79
81,900;0,251;24,15;0,14;0,06;90,85
82,000;0,319;24,15;0,14;0,10;90,95
82,100;0,453;24,14;0,13;0,21;91,16
82,200;0,412;24,13;0,12;0,17;91,33
82,300;0,267;24,15;0,14;0,07;91,40
82,400;0,282;24,14;0,13;0,08;91,48
82,500;0,378;24,14;0,13;0,14;91,62
82,600;0,482;24,15;0,14;0,23;91,85
82,700;0,280;24,15;0,14;0,08;91,93
82,800;0,237;24,15;0,14;0,06;91,99
82,900;0,237;24,14;0,13;0,06;92,04
83,000;0,493;24,16;0,15;0,24;92,28
83,100;0,383;24,15;0,14;0,15;92,43
83,200;0,274;24,13;0,12;0,07;92,51
83,300;0,222;24,14;0,13;0,05;92,56
83,400;0,285;24,13;0,12;0,08;92,64
83,500;0,495;24,15;0,14;0,25;92,88
83,600;0,216;24,15;0,14;0,05;92,93
83,700;0,305;24,16;0,15;0,09;93,02
83,800;0,313;24,17;0,16;0,10;93,12
83,900;0,484;24,14;0,13;0,23;93,35
84,000;0,443;24,13;0,12;0,20;93,55
84,100;0,275;24,15;0,14;0,08;93,63
84,200;0,225;24,17;0,16;0,05;93,68
84,300;0,420;24,16;0,15;0,18;93,85
84,400;0,497;24,15;0,14;0,25;94,10
84,500;0,282;24,15;0,14;0,08;94,18
84,600;0,272;24,16;0,15;0,07;94,25
84,700;0,341;24,15;0,14;0,12;94,37
84,800;0,483;24,14;0,13;0,23;94,60
84,900;0,335;24,16;0,15;0,11;94,71
85,000;0,256;24,14;0,13;0,07;94,78
85,100;0,247;24,14;0,13;0,06;94,84
85,200;0,400;24,15;0,14;0,16;95,00
85,300;0,446;24,16;0,15;0,20;95,20
85,400;0,289;24,15;0,14;0,08;95,28
85,500;0,222;24,14;0,13;0,05;95,33
85,600;0,232;24,16;0,15;0,05;95,39
85,700;0,432;24,14;0,13;0,19;95,57
85,800;0,460;24,16;0,15;0,21;95,78
85,900;0,248;24,15;0,14;0,06;95,85
86,000;0,245;24,15;0,14;0,06;95,91
86,100;0,357;24,16;0,15;0,13;96,03
86,200;0,510;24,15;0,14;0,26;96,29
86,300;0,297;24,16;0,15;0,09;96,38
86,400;0,244;24,16;0,15;0,06;96,44
86,500;0,267;24,17;0,16;0,07;96,51
86,600;0,437;24,17;0,16;0,19;96,70
86,700;0,417;24,16;0,15;0,17;96,88
86,800;0,282;24,15;0,14;0,08;96,96
86,900;0,202;24,17;0,16;0,04;97,00
87,000;0,276;24,16;0,15;0,08;97,07
87,100;0,451;24,16;0,15;0,20;97,28
87,200;0,374;24,17;0,16;0,14;97,42
87,300;0,314;24,17;0,16;0,10;97,52
87,400;0,241;24,17;0,16;0,06;97,57
87,500;0,261;24,15;0,14;0,07;97,64
87,600;0,480;24,17;0,16;0,23;97,87
87,700;0,220;24,17;0,16;0,05;97,92
87,800;0,350;24,15;0,14;0,12;98,04
87,900;0,223;24,17;0,16;0,05;98,09
88,000;0,519;24,18;0,17;0,27;98,36
88,100;0,464;24,16;0,15;0,22;98,58
88,200;0,293;24,16;0,15;0,09;98,66
88,300;0,233;24,17;0,16;0,05;98,72
88,400;0,407;24,14;0,13;0,17;98,88
88,500;0,485;24,16;0,15;0,24;99,12
88,600;0,320;24,16;0,15;0,10;99,22
88,700;0,255;24,16;0,15;0,07;99,29
88,800;0,346;24,17;0,16;0,12;99,41
88,900;0,441;24,17;0,16;0,19;99,60
89,000;0,411;24,17;0,16;0,17;99,77
89,100;0,197;24,16;0,15;0,04;99,81
89,200;0,274;24,15;0,14;0,08;99,88
89,300;0,446;24,16;0,15;0,20;100,08
89,400;0,502;24,16;0,15;0,25;100,34
89,500;0,217;24,17;0,16;0,05;100,38
89,600;0,236;24,16;0,15;0,06;100,44
89,700;0,389;24,16;0,15;0,15;100,59
89,800;0,494;24,18;0,17;0,24;100,83
89,900;0,329;24,16;0,15;0,11;100,94
90,000;0,218;24,15;0,14;0,05;100,99
90,100;0,305;24,17;0,16;0,09;101,08
90,200;0,427;24,17;0,16;0,18;101,26
90,300;0,424;24,16;0,15;0,18;101,44
90,400;0,336;24,15;0,14;0,11;101,56
90,500;0,225;24,14;0,13;0,05;101,61
90,600;0,416;24,18;0,17;0,17;101,78
90,700;0,488;24,17;0,16;0,24;102,02
90,800;0,328;24,16;0,15;0,11;102,13
90,900;0,267;24,17;0,16;0,07;102,20
91,000;0,269;24,15;0,14;0,07;102,27
91,100;0,463;24,17;0,16;0,21;102,48
91,200;0,323;24,18;0,17;0,10;102,59
91,300;0,295;24,17;0,16;0,09;102,68
91,400;0,223;24,18;0,17;0,05;102,73
91,500;0,229;24,17;0,16;0,05;102,78
91,600;0,447;24,16;0,15;0,20;102,98
91,700;0,319;24,17;0,16;0,10;103,08
91,800;0,252;24,17;0,16;0,06;103,14
91,900;0,362;24,17;0,16;0,13;103,27
92,000;0,477;24,17;0,16;0,23;103,50
92,100;0,441;24,17;0,16;0,19;103,70
92,200;0,259;24,17;0,16;0,07;103,76
92,300;0,320;24,17;0,16;0,10;103,87
92,400;0,433;24,17;0,16;0,19;104,05
92,500;0,477;24,17;0,16;0,23;104,28
92,600;0,289;24,19;0,18;0,08;104,36
92,700;0,302;24,18;0,17;0,09;104,46
92,800;0,312;24,17;0,16;0,10;104,55
92,900;0,507;24,19;0,18;0,26;104,81
93,000;0,302;24,17;0,16;0,09;104,90
93,100;0,285;24,16;0,15;0,08;104,98
93,200;0,280;24,17;0,16;0,08;105,06
93,300;0,457;24,16;0,15;0,21;105,27
93,400;0,385;24,18;0,17;0,15;105,42
93,500;0,244;24,17;0,16;0,06;105,48
93,600;0,235;24,17;0,16;0,06;105,53
93,700;0,171;24,18;0,17;0,03;105,56
93,800;0,445;24,15;0,14;0,20;105,76
93,900;0,399;24,18;0,17;0,16;105,92
94,000;0,186;24,17;0,16;0,03;105,96
94,100;0,305;24,17;0,16;0,09;106,05
94,200;0,344;24,18;0,17;0,12;106,17
94,300;0,501;24,17;0,16;0,25;106,42
94,400;0,308;24,18;0,17;0,09;106,51
94,500;0,300;24,19;0,18;0,09;106,60
94,600;0,347;24,17;0,16;0,12;106,72
94,700;0,517;24,17;0,16;0,27;106,99
94,800;0,315;24,19;0,18;0,10;107,09
94,900;0,249;24,18;0,17;0,06;107,15
95,000;0,270;24,19;0,18;0,07;107,22
95,100;0,425;24,19;0,18;0,18;107,41
95,200;0,445;24,19;0,18;0,20;107,60
95,300;0,264;24,19;0,18;0,07;107,67
95,400;0,299;24,17;0,16;0,09;107,76
95,500;0,349;24,18;0,17;0,12;107,88
95,600;0,490;24,18;0,17;0,24;108,13
95,700;0,258;24,19;0,18;0,07;108,19
95,800;0,281;24,17;0,16;0,08;108,27
95,900;0,224;24,17;0,16;0,05;108,32
96,000;0,346;24,18;0,17;0,12;108,44
96,100;0,454;24,18;0,17;0,21;108,65
96,200;0,261;24,19;0,18;0,07;108,71
96,300;0,254;24,18;0,17;0,06;108,78
96,400;0,286;24,17;0,16;0,08;108,86
96,500;0,462;24,18;0,17;0,21;109,07
96,600;0,346;24,18;0,17;0,12;109,19
96,700;0,286;24,18;0,17;0,08;109,28
96,800;0,346;24,20;0,19;0,12;109,40
96,900;0,503;24,19;0,18;0,25;109,65
97,000;0,386;24,18;0,17;0,15;109,80
97,100;0,277;24,19;0,18;0,08;109,87
97,200;0,294;24,19;0,18;0,09;109,96
97,300;0,452;24,20;0,19;0,20;110,17
97,400;0,469;24,17;0,16;0,22;110,39
97,500;0,258;24,19;0,18;0,07;110,45
97,600;0,293;24,18;0,17;0,09;110,54
97,700;0,423;24,20;0,19;0,18;110,72
97,800;0,484;24,18;0,17;0,23;110,95
97,900;0,261;24,19;0,18;0,07;111,02
98,000;0,312;24,20;0,19;0,10;111,12
98,100;0,348;24,19;0,18;0,12;111,24
98,200;0,500;24,19;0,18;0,25;111,49
98,300;0,311;24,19;0,18;0,10;111,58
98,400;0,290;24,19;0,18;0,08;111,67
98,500;0,356;24,18;0,17;0,13;111,80
98,600;0,528;24,19;0,18;0,28;112,07
98,700;0,273;24,19;0,18;0,07;112,15
98,800;0,283;24,19;0,18;0,08;112,23
98,900;0,321;24,19;0,18;0,10;112,33
99,000;0,495;24,19;0,18;0,24;112,58
99,100;0,356;24,19;0,18;0,13;112,70
99,200;0,258;24,19;0,18;0,07;112,77
99,300;0,279;24,19;0,18;0,08;112,85
99,400;0,441;24,19;0,18;0,19;113,04
99,500;0,458;24,21;0,20;0,21;113,25
99,600;0,301;24,20;0,19;0,09;113,34
99,700;0,293;24,21;0,20;0,09;113,43
99,800;0,411;24,18;0,17;0,17;113,60
99,900;0,500;24,21;0,20;0,25;113,85
100,000;0,241;24,19;0,18;0,06;113,91
100,100;0,294;24,20;0,19;0,09;113,99
100,200;0,314;24,21;0,20;0,10;114,09
100,300;0,519;24,20;0,19;0,27;114,36
100,400;0,307;24,21;0,20;0,09;114,45
100,500;0,244;24,20;0,19;0,06;114,51
100,600;0,250;24,20;0,19;0,06;114,58
100,700;0,390;24,20;0,19;0,15;114,73
100,800;0,460;24,21;0,20;0,21;114,94
100,900;0,241;24,21;0,20;0,06;115,00
101,000;0,306;24,23;0,21;0,09;115,09
101,100;0,359;24,21;0,20;0,13;115,22
101,200;0,501;24,21;0,20;0,25;115,47
101,300;0,326;24,20;0,19;0,11;115,58
101,400;0,263;24,20;0,19;0,07;115,65
101,500;0,249;24,21;0,20;0,06;115,71
101,600;0,286;24,20;0,19;0,08;115,79
101,700;0,502;24,20;0,19;0,25;116,04
101,800;0,268;24,21;0,20;0,07;116,12
101,900;0,250;24,21;0,20;0,06;116,18
102,000;0,256;24,19;0,18;0,07;116,24
102,100;0,469;24,20;0,19;0,22;116,46
102,200;0,368;24,20;0,19;0,14;116,60
102,300;0,236;24,21;0,20;0,06;116,65
102,400;0,274;24,21;0,20;0,08;116,73
102,500;0,394;24,23;0,21;0,16;116,89
102,600;0,523;24,19;0,18;0,27;117,16
102,700;0,288;24,19;0,18;0,08;117,24
102,800;0,264;24,21;0,20;0,07;117,31
102,900;0,278;24,19;0,18;0,08;117,39
103,000;0,533;24,23;0,21;0,28;117,67
103,100;0,302;24,23;0,21;0,09;117,76
103,200;0,243;24,21;0,20;0,06;117,82
103,300;0,275;24,23;0,21;0,08;117,90
103,400;0,370;24,23;0,21;0,14;118,04
103,500;0,522;24,21;0,20;0,27;118,31
103,600;0,199;24,23;0,21;0,04;118,35
103,700;0,260;24,23;0,21;0,07;118,42
103,800;0,121;24,21;0,20;0,01;118,43
103,900;-0,004;24,23;0,21;1,40E-5;118,43
104,000;0,178;24,20;0,19;0,03;118,46
104,100;0,374;24,21;0,20;0,14;118,60
104,200;0,435;24,21;0,20;0,19;118,79
104,300;0,238;24,21;0,20;0,06;118,85
104,400;0,338;24,21;0,20;0,11;118,96
104,500;0,468;24,23;0,21;0,22;119,18
104,600;0,489;24,21;0,20;0,24;119,42
104,700;0,198;24,20;0,19;0,04;119,46
104,800;0,326;24,23;0,21;0,11;119,57
104,900;0,419;24,21;0,20;0,18;119,74
105,000;0,514;24,24;0,23;0,26;120,01
105,100;0,249;24,21;0,20;0,06;120,07
105,200;0,312;24,24;0,23;0,10;120,17
105,300;0,356;24,21;0,20;0,13;120,29
105,400;0,511;24,23;0,21;0,26;120,55
105,500;0,284;24,23;0,21;0,08;120,63
105,600;0,274;24,23;0,21;0,07;120,71
105,700;0,229;24,23;0,21;0,05;120,76
105,800;0,212;24,21;0,20;0,04;120,81
105,900;0,520;24,23;0,21;0,27;121,08
106,000;0,251;24,21;0,20;0,06;121,14
106,100;0,211;24,24;0,23;0,04;121,18
106,200;0,308;24,24;0,23;0,09;121,28
106,300;0,470;24,21;0,20;0,22;121,50
106,400;0,412;24,21;0,20;0,17;121,67
106,500;0,227;24,21;0,20;0,05;121,72
106,600;0,291;24,21;0,20;0,08;121,81
106,700;0,400;24,21;0,20;0,16;121,97
106,800;0,529;24,25;0,24;0,28;122,24
106,900;0,299;24,21;0,20;0,09;122,33
107,000;0,295;24,26;0,25;0,09;122,42
107,100;0,402;24,25;0,24;0,16;122,58
107,200;0,544;24,21;0,20;0,30;122,88
107,300;0,256;24,23;0,21;0,07;122,94
107,400;0,326;24,24;0,23;0,11;123,05
107,500;0,429;24,24;0,23;0,18;123,23
107,600;0,519;24,25;0,24;0,27;123,50
107,700;0,229;24,24;0,23;0,05;123,56
107,800;0,287;24,21;0,20;0,08;123,64
107,900;0,338;24,23;0,21;0,11;123,75
108,000;0,467;24,23;0,21;0,22;123,97
108,100;0,335;24,21;0,20;0,11;124,08
108,200;0,270;24,24;0,23;0,07;124,16
108,300;0,326;24,21;0,20;0,11;124,26
108,400;0,401;24,23;0,21;0,16;124,42
108,500;0,488;24,25;0,24;0,24;124,66
108,600;0,238;24,25;0,24;0,06;124,72
108,700;0,262;24,25;0,24;0,07;124,79
108,800;0,272;24,26;0,25;0,07;124,86
108,900;0,472;24,23;0,21;0,22;125,08
109,000;0,262;24,23;0,21;0,07;125,15
109,100;0,294;24,26;0,25;0,09;125,24
109,200;0,288;24,25;0,24;0,08;125,32
109,300;0,426;24,25;0,24;0,18;125,50
109,400;0,474;24,25;0,24;0,22;125,73
109,500;0,274;24,26;0,25;0,08;125,80
109,600;0,281;24,24;0,23;0,08;125,88
109,700;0,341;24,24;0,23;0,12;126,00
109,800;0,500;24,23;0,21;0,25;126,25
109,900;0,239;24,24;0,23;0,06;126,31
110,000;0,276;24,24;0,23;0,08;126,38
110,100;0,287;24,24;0,23;0,08;126,46
110,200;0,464;24,26;0,25;0,22;126,68
110,300;0,402;24,24;0,23;0,16;126,84
110,400;0,288;24,25;0,24;0,08;126,92
110,500;0,287;24,25;0,24;0,08;127,01
110,600;0,405;24,26;0,25;0,16;127,17
110,700;0,441;24,23;0,21;0,19;127,36
110,800;0,267;24,27;0,26;0,07;127,44
110,900;0,284;24,24;0,23;0,08;127,52
111,000;0,349;24,26;0,25;0,12;127,64
111,100;0,477;24,26;0,25;0,23;127,87
111,200;0,283;24,24;0,23;0,08;127,95
111,300;0,312;24,25;0,24;0,10;128,04
111,400;0,314;24,24;0,23;0,10;128,14
111,500;0,429;24,27;0,26;0,18;128,33
111,600;0,439;24,25;0,24;0,19;128,52
111,700;0,311;24,26;0,25;0,10;128,61
111,800;0,257;24,25;0,24;0,07;128,68
111,900;0,367;24,26;0,25;0,13;128,82
112,000;0,468;24,26;0,25;0,22;129,04
112,100;0,279;24,27;0,26;0,08;129,11
112,200;0,287;24,25;0,24;0,08;129,20
112,300;0,247;24,25;0,24;0,06;129,26
112,400;0,412;24,25;0,24;0,17;129,43
112,500;0,414;24,27;0,26;0,17;129,60
112,600;0,308;24,27;0,26;0,09;129,69
112,700;0,263;24,26;0,25;0,07;129,76
112,800;0,208;24,25;0,24;0,04;129,80
112,900;0,408;24,27;0,26;0,17;129,97
113,000;0,304;24,26;0,25;0,09;130,06
113,100;0,221;24,25;0,24;0,05;130,11
113,200;0,279;24,27;0,26;0,08;130,19
113,300;0,299;24,27;0,26;0,09;130,28
113,400;0,351;24,29;0,28;0,12;130,40
113,500;0,441;24,27;0,26;0,19;130,60
113,600;0,230;24,25;0,24;0,05;130,65
113,700;0,209;24,29;0,28;0,04;130,69
113,800;0,297;24,27;0,26;0,09;130,78
113,900;0,340;24,26;0,25;0,12;130,90
114,000;0,485;24,27;0,26;0,24;131,13
114,100;0,275;24,27;0,26;0,08;131,21
114,200;0,210;24,28;0,27;0,04;131,25
114,300;0,270;24,27;0,26;0,07;131,33
114,400;0,435;24,29;0,28;0,19;131,51
114,500;0,400;24,27;0,26;0,16;131,68
114,600;0,264;24,26;0,25;0,07;131,74
114,700;0,215;24,27;0,26;0,05;131,79
114,800;0,306;24,25;0,24;0,09;131,88
114,900;0,447;24,26;0,25;0,20;132,08
115,000;0,337;24,26;0,25;0,11;132,20
115,100;0,292;24,27;0,26;0,09;132,28
115,200;0,214;24,27;0,26;0,05;132,33
115,300;0,335;24,29;0,28;0,11;132,44
115,400;0,476;24,27;0,26;0,23;132,67
115,500;0,288;24,28;0,27;0,08;132,75
115,600;0,227;24,27;0,26;0,05;132,80
115,700;0,199;24,27;0,26;0,04;132,84
115,800;0,260;24,27;0,26;0,07;132,91
115,900;0,448;24,28;0,27;0,20;133,11
116,000;0,263;24,27;0,26;0,07;133,18
116,100;0,256;24,27;0,26;0,07;133,25
116,200;0,216;24,27;0,26;0,05;133,29
116,300;0,118;24,28;0,27;0,01;133,31
116,400;0,064;24,27;0,26;0,00;133,31
116,500;0,095;24,27;0,26;0,01;133,32
116,600;0,161;24,29;0,28;0,03;133,34
116,700;0,138;24,28;0,27;0,02;133,36
116,800;0,126;24,28;0,27;0,02;133,38
116,900;0,128;24,27;0,26;0,02;133,40
117,000;0,287;24,29;0,28;0,08;133,48
117,100;0,229;24,29;0,28;0,05;133,53
117,200;0,240;24,27;0,26;0,06;133,59
117,300;0,331;24,29;0,28;0,11;133,70
117,400;0,391;24,29;0,28;0,15;133,85
117,500;0,418;24,27;0,26;0,17;134,03
117,600;0,279;24,28;0,27;0,08;134,10
117,700;0,197;24,28;0,27;0,04;134,14
117,800;0,222;24,28;0,27;0,05;134,19
117,900;0,206;24,28;0,27;0,04;134,23
118,000;0,292;24,28;0,27;0,09;134,32
118,100;0,229;24,29;0,28;0,05;134,37
118,200;0,237;24,29;0,28;0,06;134,43
118,300;0,059;24,29;0,28;0,00;134,43
118,400;-6,281E-5;24,29;0,28;3,94E-9;134,43
118,500;0,211;24,28;0,27;0,04;134,48
118,600;0,305;24,30;0,29;0,09;134,57
118,700;0,418;24,28;0,27;0,17;134,74
118,800;0,407;24,29;0,28;0,17;134,91
118,900;0,275;24,29;0,28;0,08;134,98
119,000;0,218;24,29;0,28;0,05;135,03
119,100;0,352;24,29;0,28;0,12;135,16
119,200;0,354;24,29;0,28;0,13;135,28
119,300;0,400;24,29;0,28;0,16;135,44
119,400;0,174;24,29;0,28;0,03;135,47
119,500;0,230;24,29;0,28;0,05;135,52
119,600;0,185;24,27;0,26;0,03;135,56
119,700;0,365;24,29;0,28;0,13;135,69
119,800;0,451;24,29;0,28;0,20;135,90
119,900;0,309;24,28;0,27;0,10;135,99
120,000;0,257;24,29;0,28;0,07;136,06
120,100;0,402;24,30;0,29;0,16;136,22
120,200;0,438;24,28;0,27;0,19;136,41
120,300;0,355;24,30;0,29;0,13;136,54
120,400;0,323;24,30;0,29;0,10;136,64
120,500;0,356;24,30;0,29;0,13;136,77
120,600;0,429;24,29;0,28;0,18;136,95
120,700;0,291;24,30;0,29;0,08;137,04
120,800;0,268;24,29;0,28;0,07;137,11
120,900;0,368;24,29;0,28;0,14;137,24
121,000;0,415;24,29;0,28;0,17;137,42
121,100;0,407;24,29;0,28;0,17;137,58
121,200;0,279;24,30;0,29;0,08;137,66
121,300;0,293;24,30;0,29;0,09;137,75
121,400;0,376;24,30;0,29;0,14;137,89
121,500;0,434;24,31;0,30;0,19;138,08
121,600;0,313;24,30;0,29;0,10;138,17
121,700;0,284;24,33;0,32;0,08;138,25
121,800;0,430;24,31;0,30;0,18;138,44
121,900;0,468;24,32;0,31;0,22;138,66
122,000;0,387;24,30;0,29;0,15;138,81
122,100;0,279;24,32;0,31;0,08;138,89
122,200;0,417;24,32;0,31;0,17;139,06
122,300;0,463;24,29;0,28;0,21;139,27
122,400;0,355;24,32;0,31;0,13;139,40
122,500;0,261;24,30;0,29;0,07;139,47
122,600;0,389;24,30;0,29;0,15;139,62
122,700;0,436;24,31;0,30;0,19;139,81
122,800;0,311;24,32;0,31;0,10;139,91
122,900;0,306;24,32;0,31;0,09;140,00
123,000;0,374;24,32;0,31;0,14;140,14
123,100;0,439;24,31;0,30;0,19;140,33
123,200;0,340;24,30;0,29;0,12;140,45
123,300;0,281;24,30;0,29;0,08;140,53
123,400;0,304;24,31;0,30;0,09;140,62
123,500;0,374;24,31;0,30;0,14;140,76
123,600;0,391;24,31;0,30;0,15;140,91
123,700;0,298;24,31;0,30;0,09;141,00
123,800;0,270;24,34;0,33;0,07;141,07
123,900;0,352;24,32;0,31;0,12;141,20
124,000;0,384;24,32;0,31;0,15;141,35
124,100;0,359;24,32;0,31;0,13;141,47
124,200;0,280;24,34;0,33;0,08;141,55
124,300;0,327;24,32;0,31;0,11;141,66
124,400;0,405;24,31;0,30;0,16;141,82
124,500;0,401;24,34;0,33;0,16;141,98
124,600;0,285;24,31;0,30;0,08;142,06
124,700;0,236;24,32;0,31;0,06;142,12
124,800;0,320;24,32;0,31;0,10;142,22
124,900;0,386;24,32;0,31;0,15;142,37
125,000;0,408;24,34;0,33;0,17;142,54
125,100;0,283;24,34;0,33;0,08;142,62
125,200;0,266;24,31;0,30;0,07;142,69
125,300;0,387;24,32;0,31;0,15;142,84
125,400;0,428;24,32;0,31;0,18;143,02
125,500;0,290;24,32;0,31;0,08;143,10
125,600;0,236;24,32;0,31;0,06;143,16
125,700;0,302;24,33;0,32;0,09;143,25
125,800;0,393;24,32;0,31;0,15;143,41
125,900;0,425;24,32;0,31;0,18;143,59
126,000;0,284;24,31;0,30;0,08;143,67
126,100;0,241;24,33;0,32;0,06;143,73
126,200;0,361;24,31;0,30;0,13;143,86
126,300;0,421;24,33;0,32;0,18;144,03
126,400;0,341;24,33;0,32;0,12;144,15
126,500;0,232;24,34;0,33;0,05;144,20
126,600;0,242;24,32;0,31;0,06;144,26
126,700;0,340;24,30;0,29;0,12;144,38
126,800;0,425;24,32;0,31;0,18;144,56
126,900;0,303;24,34;0,33;0,09;144,65
127,000;0,219;24,33;0,32;0,05;144,70
127,100;0,252;24,32;0,31;0,06;144,76
127,200;0,343;24,32;0,31;0,12;144,88
127,300;0,416;24,32;0,31;0,17;145,05
127,400;0,290;24,34;0,33;0,08;145,14
127,500;0,241;24,34;0,33;0,06;145,19
127,600;0,315;24,33;0,32;0,10;145,29
127,700;0,429;24,34;0,33;0,18;145,48
127,800;0,430;24,33;0,32;0,19;145,66
127,900;0,201;24,33;0,32;0,04;145,70
128,000;0,260;24,34;0,33;0,07;145,77
128,100;0,426;24,34;0,33;0,18;145,95
128,200;0,400;24,34;0,33;0,16;146,11
128,300;0,325;24,34;0,33;0,11;146,22
128,400;0,239;24,34;0,33;0,06;146,27
128,500;0,319;24,35;0,34;0,10;146,37
128,600;0,452;24,35;0,34;0,20;146,58
128,700;0,428;24,35;0,34;0,18;146,76
128,800;0,235;24,35;0,34;0,06;146,82
128,900;0,278;24,33;0,32;0,08;146,89
129,000;0,403;24,33;0,32;0,16;147,06
129,100;0,475;24,36;0,35;0,23;147,28
129,200;0,278;24,35;0,34;0,08;147,36
129,300;0,277;24,33;0,32;0,08;147,44
129,400;0,340;24,35;0,34;0,12;147,55
129,500;0,466;24,35;0,34;0,22;147,77
129,600;0,351;24,36;0,35;0,12;147,89
129,700;0,294;24,34;0,33;0,09;147,98
129,800;0,321;24,34;0,33;0,10;148,08
129,900;0,450;24,35;0,34;0,20;148,28
130,000;0,396;24,34;0,33;0,16;148,44
130,100;0,245;24,35;0,34;0,06;148,50
130,200;0,306;24,33;0,32;0,09;148,59
130,300;0,437;24,38;0,36;0,19;148,79
130,400;0,448;24,35;0,34;0,20;148,99
130,500;0,258;24,35;0,34;0,07;149,05
130,600;0,325;24,35;0,34;0,11;149,16
130,700;0,478;24,35;0,34;0,23;149,39
130,800;0,479;24,35;0,34;0,23;149,62
130,900;0,260;24,36;0,35;0,07;149,68
131,000;0,325;24,38;0,36;0,11;149,79
131,100;0,391;24,33;0,32;0,15;149,94
131,200;0,468;24,35;0,34;0,22;150,16
131,300;0,326;24,35;0,34;0,11;150,27
131,400;0,266;24,35;0,34;0,07;150,34
131,500;0,402;24,35;0,34;0,16;150,50
131,600;0,474;24,38;0,36;0,22;150,73
131,700;0,329;24,34;0,33;0,11;150,83
131,800;0,262;24,36;0,35;0,07;150,90
131,900;0,378;24,35;0,34;0,14;151,04
132,000;0,503;24,34;0,33;0,25;151,30
132,100;0,345;24,39;0,38;0,12;151,42
132,200;0,241;24,36;0,35;0,06;151,47
132,300;0,424;24,36;0,35;0,18;151,65
132,400;0,514;24,36;0,35;0,26;151,92
132,500;0,334;24,36;0,35;0,11;152,03
132,600;0,251;24,35;0,34;0,06;152,09
132,700;0,434;24,34;0,33;0,19;152,28
132,800;0,479;24,35;0,34;0,23;152,51
132,900;0,302;24,36;0,35;0,09;152,60
133,000;0,300;24,38;0,36;0,09;152,69
133,100;0,300;24,38;0,36;0,09;152,78
133,200;0,409;24,36;0,35;0,17;152,95
133,300;0,300;24,35;0,34;0,09;153,04
133,400;0,297;24,36;0,35;0,09;153,13
133,500;0,262;24,38;0,36;0,07;153,20
133,600;0,390;24,38;0,36;0,15;153,35
133,700;0,334;24,39;0,38;0,11;153,46
133,800;0,121;24,40;0,39;0,01;153,48
133,900;0,006;24,36;0,35;3,09E-5;153,48
134,000;-3,140E-5;24,38;0,36;9,86E-10;153,48
134,100;-9,421E-5;24,35;0,34;8,88E-9;153,48
134,200;-1,570E-4;24,38;0,36;2,47E-8;153,48
134,300;-9,421E-5;24,36;0,35;8,88E-9;153,48
134,400;-9,421E-5;24,38;0,36;8,88E-9;153,48
134,500;-9,421E-5;24,38;0,36;8,88E-9;153,48
134,600;-3,140E-5;24,38;0,36;9,86E-10;153,48
134,700;-6,281E-5;24,38;0,36;3,94E-9;153,48
134,800;-9,421E-5;24,36;0,35;8,88E-9;153,48
134,900;-6,281E-5;24,38;0,36;3,94E-9;153,48
135,000;-3,140E-5;24,36;0,35;9,86E-10;153,48
135,100;0,004;24,40;0,39;1,35E-5;153,48
135,200;0,005;24,39;0,38;2,07E-5;153,48
135,300;-9,421E-5;24,38;0,36;8,88E-9;153,48
135,400;-1,256E-4;24,38;0,36;1,58E-8;153,48
135,500;-3,140E-5;24,38;0,36;9,86E-10;153,48
135,600;-6,281E-5;24,38;0,36;3,94E-9;153,48
135,700;-6,281E-5;24,36;0,35;3,94E-9;153,48
135,800;0,000;24,39;0,38;0,00;153,48
135,900;0,000;24,38;0,36;0,00;153,48
136,000;-3,140E-5;24,39;0,38;9,86E-10;153,48
136,100;0,000;24,38;0,36;0,00;153,48
136,200;-3,140E-5;24,39;0,38;9,86E-10;153,48
136,300;-9,421E-5;24,39;0,38;8,88E-9;153,48
136,400;-1,570E-4;24,39;0,38;2,47E-8;153,48
136,500;3,454E-4;24,40;0,39;1,19E-7;153,48
136,600;-1,884E-4;24,40;0,39;3,55E-8;153,48
136,700;-6,281E-5;24,39;0,38;3,94E-9;153,48
136,800;6,281E-5;24,38;0,36;3,94E-9;153,48
136,900;-1,256E-4;24,38;0,36;1,58E-8;153,48
137,000;2,826E-4;24,36;0,35;7,99E-8;153,48
137,100;0,205;24,36;0,35;0,04;153,52
137,200;0,337;24,41;0,40;0,11;153,63
137,300;0,356;24,38;0,36;0,13;153,76
137,400;0,473;24,36;0,35;0,22;153,98
137,500;0,458;24,40;0,39;0,21;154,19
137,600;0,274;24,38;0,36;0,08;154,27
137,700;0,362;24,41;0,40;0,13;154,40
137,800;0,437;24,41;0,40;0,19;154,59
137,900;0,440;24,38;0,36;0,19;154,78
138,000;0,269;24,39;0,38;0,07;154,85
138,100;0,361;24,41;0,40;0,13;154,98
138,200;0,451;24,41;0,40;0,20;155,19
138,300;0,436;24,39;0,38;0,19;155,38
138,400;0,308;24,41;0,40;0,09;155,47
138,500;0,416;24,40;0,39;0,17;155,65
138,600;0,487;24,39;0,38;0,24;155,88
138,700;0,372;24,43;0,42;0,14;156,02
138,800;0,355;24,39;0,38;0,13;156,15
138,900;0,493;24,40;0,39;0,24;156,39
139,000;0,513;24,41;0,40;0,26;156,65
139,100;0,259;24,40;0,39;0,07;156,72
139,200;0,400;24,38;0,36;0,16;156,88
139,300;0,513;24,40;0,39;0,26;157,14
139,400;0,417;24,42;0,41;0,17;157,32
139,500;0,325;24,41;0,40;0,11;157,42
139,600;0,417;24,42;0,41;0,17;157,60
139,700;0,432;24,41;0,40;0,19;157,78
139,800;0,316;24,41;0,40;0,10;157,88
139,900;0,292;24,43;0,42;0,09;157,97
140,000;0,375;24,41;0,40;0,14;158,11
140,100;0,445;24,41;0,40;0,20;158,31
140,200;0,326;24,40;0,39;0,11;158,41
140,300;0,232;24,42;0,41;0,05;158,47
140,400;0,207;24,42;0,41;0,04;158,51
140,500;0,143;24,39;0,38;0,02;158,53
140,600;0,016;24,41;0,40;2,62E-4;158,53
140,700;-1,256E-4;24,43;0,42;1,58E-8;158,53
140,800;-9,421E-5;24,41;0,40;8,88E-9;158,53
140,900;-6,281E-5;24,41;0,40;3,94E-9;158,53
141,000;-6,281E-5;24,40;0,39;3,94E-9;158,53
141,100;-9,421E-5;24,40;0,39;8,88E-9;158,53
141,200;0,000;24,41;0,40;0,00;158,53
141,300;-6,281E-5;24,40;0,39;3,94E-9;158,53
141,400;-9,421E-5;24,41;0,40;8,88E-9;158,53
141,500;-3,454E-4;24,43;0,42;1,19E-7;158,53
141,600;-6,281E-5;24,43;0,42;3,94E-9;158,53
141,700;0,008;24,41;0,40;6,93E-5;158,53
141,800;0,172;24,41;0,40;0,03;158,56
141,900;0,301;24,41;0,40;0,09;158,65
142,000;0,222;24,40;0,39;0,05;158,70
142,100;0,175;24,41;0,40;0,03;158,73
142,200;0,311;24,42;0,41;0,10;158,83
142,300;0,262;24,43;0,42;0,07;158,89
142,400;0,363;24,43;0,42;0,13;159,03
142,500;0,355;24,43;0,42;0,13;159,15
142,600;0,201;24,42;0,41;0,04;159,19
142,700;0,404;24,41;0,40;0,16;159,36
142,800;0,371;24,43;0,42;0,14;159,49
142,900;0,422;24,41;0,40;0,18;159,67
143,000;0,256;24,42;0,41;0,07;159,74
143,100;0,453;24,45;0,44;0,21;159,94
143,200;0,358;24,43;0,42;0,13;160,07
143,300;0,431;24,43;0,42;0,19;160,26
143,400;0,265;24,43;0,42;0,07;160,33
143,500;0,416;24,42;0,41;0,17;160,50
143,600;0,412;24,42;0,41;0,17;160,67
143,700;0,448;24,41;0,40;0,20;160,87
143,800;0,314;24,44;0,43;0,10;160,97
143,900;0,389;24,44;0,43;0,15;161,12
144,000;0,360;24,41;0,40;0,13;161,25
144,100;0,437;24,44;0,43;0,19;161,44
144,200;0,297;24,44;0,43;0,09;161,53
144,300;0,370;24,43;0,42;0,14;161,67
144,400;0,383;24,44;0,43;0,15;161,81
144,500;0,426;24,43;0,42;0,18;161,99
144,600;0,334;24,44;0,43;0,11;162,11
144,700;0,346;24,44;0,43;0,12;162,22
144,800;0,441;24,43;0,42;0,19;162,42
144,900;0,420;24,43;0,42;0,18;162,60
145,000;0,320;24,45;0,44;0,10;162,70
145,100;0,378;24,43;0,42;0,14;162,84
145,200;0,415;24,44;0,43;0,17;163,01
145,300;0,400;24,44;0,43;0,16;163,17
145,400;0,342;24,44;0,43;0,12;163,29
145,500;0,351;24,43;0,42;0,12;163,41
145,600;0,435;24,45;0,44;0,19;163,60
145,700;0,390;24,46;0,45;0,15;163,75
145,800;0,321;24,44;0,43;0,10;163,86
145,900;0,369;24,41;0,40;0,14;163,99
146,000;0,445;24,44;0,43;0,20;164,19
146,100;0,387;24,43;0,42;0,15;164,34
146,200;0,318;24,46;0,45;0,10;164,44
146,300;0,346;24,44;0,43;0,12;164,56
146,400;0,445;24,44;0,43;0,20;164,76
146,500;0,376;24,46;0,45;0,14;164,90
146,600;0,269;24,45;0,44;0,07;164,97
146,700;0,369;24,44;0,43;0,14;165,11
146,800;0,441;24,46;0,45;0,19;165,30
146,900;0,382;24,45;0,44;0,15;165,45
147,000;0,233;24,44;0,43;0,05;165,50
147,100;0,350;24,44;0,43;0,12;165,63
147,200;0,385;24,45;0,44;0,15;165,77
147,300;0,415;24,45;0,44;0,17;165,95
147,400;0,252;24,44;0,43;0,06;166,01
147,500;0,331;24,45;0,44;0,11;166,12
147,600;0,361;24,46;0,45;0,13;166,25
147,700;0,410;24,45;0,44;0,17;166,42
147,800;0,330;24,46;0,45;0,11;166,53
147,900;0,316;24,47;0,46;0,10;166,63
148,000;0,357;24,47;0,46;0,13;166,75
148,100;0,375;24,45;0,44;0,14;166,89
148,200;0,327;24,44;0,43;0,11;167,00
148,300;0,305;24,46;0,45;0,09;167,09
148,400;0,368;24,47;0,46;0,14;167,23
148,500;0,291;24,45;0,44;0,08;167,31
148,600;0,125;24,44;0,43;0,02;167,33
148,700;0,017;24,44;0,43;2,89E-4;167,33
148,800;0,213;24,47;0,46;0,05;167,37
148,900;0,373;24,45;0,44;0,14;167,51
149,000;0,322;24,47;0,46;0,10;167,62
149,100;0,312;24,45;0,44;0,10;167,71
149,200;0,338;24,46;0,45;0,11;167,83
149,300;0,432;24,45;0,44;0,19;168,02
149,400;0,298;24,46;0,45;0,09;168,10
149,500;0,303;24,46;0,45;0,09;168,20
149,600;0,273;24,47;0,46;0,07;168,27
149,700;0,399;24,46;0,45;0,16;168,43
149,800;0,374;24,48;0,47;0,14;168,57
149,900;0,289;24,47;0,46;0,08;168,65
150,000;0,272;24,47;0,46;0,07;168,73
150,100;0,297;24,48;0,47;0,09;168,82
150,200;0,339;24,46;0,45;0,11;168,93
150,300;0,382;24,45;0,44;0,15;169,08
150,400;0,322;24,46;0,45;0,10;169,18
150,500;0,269;24,47;0,46;0,07;169,25
150,600;0,308;24,47;0,46;0,10;169,35
150,700;0,402;24,47;0,46;0,16;169,51
150,800;0,308;24,47;0,46;0,09;169,61
150,900;0,294;24,47;0,46;0,09;169,69
151,000;0,281;24,47;0,46;0,08;169,77
151,100;0,341;24,47;0,46;0,12;169,89
151,200;0,417;24,48;0,47;0,17;170,06
151,300;0,282;24,45;0,44;0,08;170,14
151,400;0,261;24,45;0,44;0,07;170,21
151,500;0,284;24,47;0,46;0,08;170,29
151,600;0,366;24,46;0,45;0,13;170,42
151,700;0,353;24,46;0,45;0,12;170,55
151,800;0,265;24,48;0,47;0,07;170,62
151,900;0,269;24,48;0,47;0,07;170,69
152,000;0,313;24,48;0,47;0,10;170,79
152,100;0,371;24,47;0,46;0,14;170,93
152,200;0,361;24,48;0,47;0,13;171,06
152,300;0,334;24,48;0,47;0,11;171,17
152,400;0,357;24,47;0,46;0,13;171,29
152,500;0,378;24,47;0,46;0,14;171,44
152,600;0,308;24,47;0,46;0,09;171,53
152,700;0,209;24,47;0,46;0,04;171,58
152,800;0,303;24,47;0,46;0,09;171,67
152,900;0,384;24,47;0,46;0,15;171,81
153,000;0,247;24,50;0,49;0,06;171,88
153,100;0,254;24,49;0,48;0,06;171,94
153,200;0,253;24,50;0,49;0,06;172,00
153,300;0,339;24,48;0,47;0,11;172,12
153,400;0,359;24,47;0,46;0,13;172,25
153,500;0,343;24,48;0,47;0,12;172,37
153,600;0,361;24,49;0,48;0,13;172,50
153,700;0,311;24,48;0,47;0,10;172,59
153,800;0,345;24,48;0,47;0,12;172,71
153,900;0,343;24,50;0,49;0,12;172,83
154,000;0,340;24,49;0,48;0,12;172,94
154,100;0,344;24,49;0,48;0,12;173,06
154,200;0,325;24,48;0,47;0,11;173,17
154,300;0,338;24,49;0,48;0,11;173,28
154,400;0,348;24,51;0,50;0,12;173,40
154,500;0,373;24,50;0,49;0,14;173,54
154,600;0,270;24,48;0,47;0,07;173,62
154,700;0,329;24,49;0,48;0,11;173,72
154,800;0,314;24,49;0,48;0,10;173,82
154,900;0,341;24,48;0,47;0,12;173,94
155,000;0,360;24,48;0,47;0,13;174,07
155,100;0,297;24,49;0,48;0,09;174,16
155,200;0,297;24,50;0,49;0,09;174,25
155,300;0,335;24,51;0,50;0,11;174,36
155,400;0,407;24,50;0,49;0,17;174,52
155,500;0,304;24,50;0,49;0,09;174,62
155,600;0,328;24,50;0,49;0,11;174,72
155,700;0,377;24,49;0,48;0,14;174,86
155,800;0,360;24,49;0,48;0,13;174,99
155,900;0,374;24,50;0,49;0,14;175,13
156,000;0,286;24,53;0,51;0,08;175,22
156,100;0,353;24,53;0,51;0,12;175,34
156,200;0,352;24,51;0,50;0,12;175,46
156,300;0,392;24,50;0,49;0,15;175,62
156,400;0,268;24,48;0,47;0,07;175,69
156,500;0,327;24,51;0,50;0,11;175,80
156,600;0,334;24,51;0,50;0,11;175,91
156,700;0,368;24,51;0,50;0,14;176,04
156,800;0,354;24,50;0,49;0,13;176,17
156,900;0,334;24,51;0,50;0,11;176,28
157,000;0,330;24,51;0,50;0,11;176,39
157,100;0,328;24,49;0,48;0,11;176,50
157,200;0,466;24,50;0,49;0,22;176,71
157,300;0,326;24,50;0,49;0,11;176,82
157,400;0,315;24,49;0,48;0,10;176,92
157,500;0,304;24,51;0,50;0,09;177,01
157,600;0,352;24,51;0,50;0,12;177,14
157,700;0,338;24,50;0,49;0,11;177,25
157,800;0,328;24,53;0,51;0,11;177,36
157,900;0,374;24,50;0,49;0,14;177,50
158,000;0,334;24,50;0,49;0,11;177,61
158,100;0,397;24,50;0,49;0,16;177,77
158,200;0,292;24,50;0,49;0,09;177,85
158,300;0,344;24,51;0,50;0,12;177,97
158,400;0,320;24,53;0,51;0,10;178,07
158,500;0,403;24,53;0,51;0,16;178,24
158,600;0,307;24,53;0,51;0,09;178,33
158,700;0,340;24,51;0,50;0,12;178,45
158,800;0,324;24,51;0,50;0,10;178,55
158,900;0,338;24,50;0,49;0,11;178,66
159,000;0,397;24,53;0,51;0,16;178,82
159,100;0,348;24,50;0,49;0,12;178,94
159,200;0,354;24,51;0,50;0,13;179,07
159,300;0,331;24,51;0,50;0,11;179,18
159,400;0,489;24,53;0,51;0,24;179,42
159,500;0,332;24,50;0,49;0,11;179,53
159,600;0,426;24,51;0,50;0,18;179,71
159,700;0,309;24,51;0,50;0,10;179,81
159,800;0,477;24,51;0,50;0,23;180,03
159,900;0,280;24,51;0,50;0,08;180,11
160,000;0,351;24,54;0,53;0,12;180,23
160,100;0,319;24,53;0,51;0,10;180,34
160,200;0,432;24,54;0,53;0,19;180,52
160,300;0,240;24,51;0,50;0,06;180,58
160,400;0,328;24,51;0,50;0,11;180,69
160,500;0,397;24,54;0,53;0,16;180,84
160,600;0,281;24,51;0,50;0,08;180,92
160,700;0,382;24,54;0,53;0,15;181,07
160,800;0,221;24,54;0,53;0,05;181,12
160,900;0,385;24,54;0,53;0,15;181,27
161,000;0,411;24,53;0,51;0,17;181,44
161,100;0,401;24,53;0,51;0,16;181,60
161,200;0,442;24,53;0,51;0,20;181,79
161,300;0,305;24,54;0,53;0,09;181,88
161,400;0,306;24,51;0,50;0,09;181,98
161,500;0,540;24,54;0,53;0,29;182,27
161,600;0,235;24,56;0,55;0,06;182,32
161,700;0,425;24,54;0,53;0,18;182,51
161,800;0,291;24,54;0,53;0,08;182,59
161,900;0,455;24,55;0,54;0,21;182,80
162,000;0,308;24,55;0,54;0,09;182,89
162,100;0,463;24,56;0,55;0,21;183,11
162,200;0,277;24,55;0,54;0,08;183,18
162,300;0,429;24,53;0,51;0,18;183,37
162,400;0,267;24,55;0,54;0,07;183,44
162,500;0,423;24,54;0,53;0,18;183,62
162,600;0,327;24,54;0,53;0,11;183,73
162,700;0,407;24,56;0,55;0,17;183,89
162,800;0,260;24,56;0,55;0,07;183,96
162,900;0,406;24,55;0,54;0,16;184,12
163,000;0,358;24,56;0,55;0,13;184,25
163,100;0,439;24,54;0,53;0,19;184,44
163,200;0,278;24,55;0,54;0,08;184,52
163,300;0,422;24,56;0,55;0,18;184,70
163,400;0,313;24,55;0,54;0,10;184,80
163,500;0,455;24,53;0,51;0,21;185,00
163,600;0,245;24,55;0,54;0,06;185,06
163,700;0,437;24,57;0,56;0,19;185,26
163,800;0,328;24,55;0,54;0,11;185,36
163,900;0,433;24,55;0,54;0,19;185,55
164,000;0,266;24,54;0,53;0,07;185,62
164,100;0,428;24,57;0,56;0,18;185,80
164,200;0,284;24,54;0,53;0,08;185,89
164,300;0,442;24,55;0,54;0,20;186,08
164,400;0,322;24,55;0,54;0,10;186,18
164,500;0,416;24,55;0,54;0,17;186,36
164,600;0,322;24,56;0,55;0,10;186,46
164,700;0,467;24,57;0,56;0,22;186,68
164,800;0,310;24,55;0,54;0,10;186,78
164,900;0,383;24,55;0,54;0,15;186,92
165,000;0,289;24,56;0,55;0,08;187,01
165,100;0,471;24,57;0,56;0,22;187,23
165,200;0,299;24,55;0,54;0,09;187,32
165,300;0,402;24,55;0,54;0,16;187,48
165,400;0,339;24,57;0,56;0,12;187,59
165,500;0,444;24,55;0,54;0,20;187,79
165,600;0,286;24,55;0,54;0,08;187,87
165,700;0,379;24,55;0,54;0,14;188,02
165,800;0,270;24,57;0,56;0,07;188,09
165,900;0,383;24,55;0,54;0,15;188,24
166,000;0,362;24,56;0,55;0,13;188,37
166,100;0,335;24,57;0,56;0,11;188,48
166,200;0,360;24,56;0,55;0,13;188,61
166,300;0,390;24,57;0,56;0,15;188,76
166,400;0,465;24,57;0,56;0,22;188,98
166,500;0,346;24,57;0,56;0,12;189,10
166,600;0,289;24,56;0,55;0,08;189,18
166,700;0,333;24,58;0,57;0,11;189,29
166,800;0,448;24,56;0,55;0,20;189,49
166,900;0,220;24,57;0,56;0,05;189,54
167,000;0,385;24,57;0,56;0,15;189,69
167,100;0,310;24,56;0,55;0,10;189,78
167,200;0,463;24,57;0,56;0,21;190,00
167,300;0,270;24,56;0,55;0,07;190,07
167,400;0,417;24,57;0,56;0,17;190,25
167,500;0,296;24,58;0,57;0,09;190,33
167,600;0,458;24,58;0,57;0,21;190,54
167,700;0,268;24,58;0,57;0,07;190,61
167,800;0,394;24,59;0,58;0,15;190,77
167,900;0,327;24,57;0,56;0,11;190,88
168,000;0,413;24,59;0,58;0,17;191,05
168,100;0,314;24,57;0,56;0,10;191,15
168,200;0,307;24,58;0,57;0,09;191,24
168,300;0,338;24,56;0,55;0,11;191,35
168,400;0,313;24,57;0,56;0,10;191,45
168,500;0,521;24,57;0,56;0,27;191,72
168,600;0,267;24,57;0,56;0,07;191,79
168,700;0,363;24,59;0,58;0,13;191,93
168,800;0,343;24,57;0,56;0,12;192,04
168,900;0,516;24,57;0,56;0,27;192,31
169,000;0,262;24,59;0,58;0,07;192,38
169,100;0,349;24,57;0,56;0,12;192,50
169,200;0,284;24,58;0,57;0,08;192,58
169,300;0,485;24,58;0,57;0,24;192,82
169,400;0,234;24,58;0,57;0,05;192,87
169,500;0,436;24,56;0,55;0,19;193,06
169,600;0,339;24,59;0,58;0,11;193,18
169,700;0,467;24,57;0,56;0,22;193,40
169,800;0,226;24,58;0,57;0,05;193,45
169,900;0,377;24,58;0,57;0,14;193,59
170,000;0,333;24,59;0,58;0,11;193,70
170,100;0,465;24,57;0,56;0,22;193,92
170,200;0,264;24,58;0,57;0,07;193,99
170,300;0,379;24,57;0,56;0,14;194,13
170,400;0,317;24,59;0,58;0,10;194,23
170,500;0,438;24,57;0,56;0,19;194,42
170,600;0,370;24,58;0,57;0,14;194,56
170,700;0,400;24,59;0,58;0,16;194,72
170,800;0,369;24,59;0,58;0,14;194,85
170,900;0,357;24,58;0,57;0,13;194,98
171,000;0,335;24,59;0,58;0,11;195,09
171,100;0,419;24,57;0,56;0,18;195,27
171,200;0,407;24,59;0,58;0,17;195,43
171,300;0,348;24,58;0,57;0,12;195,56
171,400;0,399;24,58;0,57;0,16;195,72
171,500;0,426;24,61;0,60;0,18;195,90
171,600;0,330;24,59;0,58;0,11;196,01
171,700;0,330;24,59;0,58;0,11;196,11
171,800;0,350;24,59;0,58;0,12;196,24
171,900;0,471;24,59;0,58;0,22;196,46
172,000;0,251;24,60;0,59;0,06;196,52
172,100;0,160;24,61;0,60;0,03;196,55
172,200;0,387;24,61;0,60;0,15;196,70
172,300;0,263;24,62;0,61;0,07;196,77
172,400;0,225;24,60;0,59;0,05;196,82
172,500;0,380;24,60;0,59;0,14;196,96
172,600;0,284;24,60;0,59;0,08;197,04
172,700;0,486;24,59;0,58;0,24;197,28
172,800;0,328;24,59;0,58;0,11;197,39
172,900;0,426;24,59;0,58;0,18;197,57
173,000;0,217;24,59;0,58;0,05;197,61
173,100;0,430;24,59;0,58;0,19;197,80
173,200;0,288;24,60;0,59;0,08;197,88
173,300;0,397;24,59;0,58;0,16;198,04
173,400;0,261;24,61;0,60;0,07;198,11
173,500;0,347;24,60;0,59;0,12;198,23
173,600;0,442;24,60;0,59;0,20;198,42
173,700;0,328;24,59;0,58;0,11;198,53
173,800;0,249;24,60;0,59;0,06;198,59
173,900;0,285;24,59;0,58;0,08;198,67
174,000;0,498;24,59;0,58;0,25;198,92
174,100;0,062;24,60;0,59;0,00;198,93
174,200;0,266;24,60;0,59;0,07;199,00
174,300;0,355;24,59;0,58;0,13;199,12
174,400;0,313;24,61;0,60;0,10;199,22
174,500;0,410;24,60;0,59;0,17;199,39
174,600;0,266;24,61;0,60;0,07;199,46
174,700;0,404;24,60;0,59;0,16;199,62
174,800;0,242;24,61;0,60;0,06;199,68
174,900;0,224;24,62;0,61;0,05;199,73
175,000;0,466;24,61;0,60;0,22;199,95
175,100;0,123;24,61;0,60;0,02;199,96
175,200;0,118;24,61;0,60;0,01;199,98
175,300;0,364;24,63;0,62;0,13;200,11
175,400;0,312;24,61;0,60;0,10;200,21
175,500;0,368;24,61;0,60;0,14;200,34
175,600;0,386;24,60;0,59;0,15;200,49
175,700;0,235;24,61;0,60;0,06;200,55
175,800;0,350;24,59;0,58;0,12;200,67
175,900;0,285;24,61;0,60;0,08;200,75
176,000;0,426;24,62;0,61;0,18;200,93
176,100;0,253;24,61;0,60;0,06;201,00
176,200;0,247;24,61;0,60;0,06;201,06
176,300;0,281;24,63;0,62;0,08;201,14
176,400;0,312;24,60;0,59;0,10;201,23
176,500;0,403;24,60;0,59;0,16;201,40
176,600;0,282;24,64;0,63;0,08;201,48
176,700;0,306;24,63;0,62;0,09;201,57
176,800;0,404;24,63;0,62;0,16;201,73
176,900;0,311;24,61;0,60;0,10;201,83
177,000;0,473;24,62;0,61;0,22;202,05
177,100;0,212;24,64;0,63;0,05;202,10
177,200;0,403;24,61;0,60;0,16;202,26
177,300;0,317;24,60;0,59;0,10;202,36
177,400;0,459;24,61;0,60;0,21;202,57
177,500;0,240;24,62;0,61;0,06;202,63
177,600;0,325;24,60;0,59;0,11;202,74
177,700;0,300;24,63;0,62;0,09;202,83
177,800;0,377;24,63;0,62;0,14;202,97
177,900;0,377;24,62;0,61;0,14;203,11
178,000;0,381;24,63;0,62;0,15;203,26
178,100;0,334;24,62;0,61;0,11;203,37
178,200;0,364;24,64;0,63;0,13;203,50
178,300;0,416;24,64;0,63;0,17;203,67
178,400;0,257;24,63;0,62;0,07;203,74
178,500;0,324;24,64;0,63;0,11;203,84
178,600;0,325;24,64;0,63;0,11;203,95
178,700;0,440;24,63;0,62;0,19;204,14
178,800;0,273;24,62;0,61;0,07;204,22
178,900;-0,006;24,64;0,63;3,83E-5;204,22
179,000;-0,080;24,63;0,62;0,01;204,22
179,100;0,284;24,63;0,62;0,08;204,30
179,200;0,392;24,63;0,62;0,15;204,46
179,300;0,403;24,63;0,62;0,16;204,62
179,400;0,290;24,62;0,61;0,08;204,70
179,500;0,238;24,64;0,63;0,06;204,76
179,600;0,398;24,65;0,64;0,16;204,92
179,700;0,335;24,63;0,62;0,11;205,03
179,800;0,453;24,63;0,62;0,21;205,24
179,900;0,148;24,62;0,61;0,02;205,26
180,000;0,287;24,65;0,64;0,08;205,34
180,100;0,309;24,65;0,64;0,10;205,44
180,200;0,322;24,63;0,62;0,10;205,54
180,300;0,448;24,64;0,63;0,20;205,74
180,400;0,212;24,64;0,63;0,04;205,79
180,500;0,367;24,63;0,62;0,13;205,92
180,600;0,341;24,63;0,62;0,12;206,04
180,700;0,388;24,65;0,64;0,15;206,19
180,800;0,369;24,64;0,63;0,14;206,32
180,900;0,313;24,64;0,63;0,10;206,42
181,000;0,316;24,63;0,62;0,10;206,52
181,100;0,339;24,64;0,63;0,11;206,64
181,200;0,474;24,64;0,63;0,22;206,86
181,300;0,249;24,66;0,65;0,06;206,92
181,400;0,301;24,64;0,63;0,09;207,01
181,500;0,344;24,65;0,64;0,12;207,13
181,600;0,407;24,64;0,63;0,17;207,30
181,700;0,287;24,66;0,65;0,08;207,38
181,800;0,313;24,66;0,65;0,10;207,48
181,900;0,335;24,64;0,63;0,11;207,59
182,000;0,368;24,63;0,62;0,14;207,72
182,100;0,438;24,64;0,63;0,19;207,92
182,200;0,259;24,66;0,65;0,07;207,98
182,300;0,337;24,65;0,64;0,11;208,10
182,400;0,323;24,66;0,65;0,10;208,20
182,500;0,451;24,66;0,65;0,20;208,40
182,600;0,244;24,66;0,65;0,06;208,46
182,700;0,349;24,66;0,65;0,12;208,59
182,800;0,313;24,66;0,65;0,10;208,68
182,900;0,344;24,65;0,64;0,12;208,80
183,000;0,385;24,65;0,64;0,15;208,95
183,100;0,254;24,66;0,65;0,06;209,02
183,200;0,349;24,65;0,64;0,12;209,14
183,300;0,278;24,68;0,66;0,08;209,21
183,400;0,478;24,68;0,66;0,23;209,44
183,500;0,260;24,68;0,66;0,07;209,51
183,600;0,349;24,66;0,65;0,12;209,63
183,700;0,397;24,66;0,65;0,16;209,79
183,800;0,426;24,66;0,65;0,18;209,97
183,900;0,229;24,66;0,65;0,05;210,02
184,000;0,358;24,66;0,65;0,13;210,15
184,100;0,372;24,63;0,62;0,14;210,29
184,200;0,408;24,65;0,64;0,17;210,46
184,300;0,379;24,66;0,65;0,14;210,60
184,400;0,385;24,68;0,66;0,15;210,75
184,500;0,342;24,66;0,65;0,12;210,87
184,600;0,345;24,63;0,62;0,12;210,99
184,700;0,408;24,69;0,68;0,17;211,15
184,800;0,339;24,66;0,65;0,12;211,27
184,900;0,385;24,66;0,65;0,15;211,42
185,000;0,377;24,68;0,66;0,14;211,56
185,100;0,448;24,69;0,68;0,20;211,76
185,200;0,383;24,66;0,65;0,15;211,90
185,300;0,308;24,66;0,65;0,09;212,00
185,400;0,316;24,69;0,68;0,10;212,10
185,500;0,486;24,68;0,66;0,24;212,34
185,600;0,334;24,66;0,65;0,11;212,45
185,700;0,373;24,64;0,63;0,14;212,59
185,800;0,380;24,69;0,68;0,14;212,73
185,900;0,434;24,66;0,65;0,19;212,92
186,000;0,377;24,66;0,65;0,14;213,06
186,100;0,347;24,68;0,66;0,12;213,18
186,200;0,394;24,68;0,66;0,15;213,34
186,300;0,390;24,68;0,66;0,15;213,49
186,400;0,382;24,65;0,64;0,15;213,63
186,500;0,371;24,69;0,68;0,14;213,77
186,600;0,412;24,68;0,66;0,17;213,94
186,700;0,372;24,68;0,66;0,14;214,08
186,800;0,388;24,68;0,66;0,15;214,23
186,900;0,278;24,69;0,68;0,08;214,31
187,000;0,412;24,71;0,70;0,17;214,48
187,100;0,418;24,69;0,68;0,18;214,65
187,200;0,174;24,68;0,66;0,03;214,68
187,300;0,251;24,68;0,66;0,06;214,75
187,400;-0,023;24,68;0,66;5,18E-4;214,75
187,500;-0,097;24,70;0,69;0,01;214,76
187,600;-0,026;24,68;0,66;6,52E-4;214,76
187,700;0,005;24,66;0,65;2,49E-5;214,76
187,800;-9,421E-5;24,69;0,68;8,88E-9;214,76
187,900;-6,281E-5;24,70;0,69;3,94E-9;214,76
188,000;0,000;24,68;0,66;0,00;214,76
188,100;-2,198E-4;24,71;0,70;4,83E-8;214,76
188,200;-1,570E-4;24,69;0,68;2,47E-8;214,76
188,300;0,000;24,69;0,68;0,00;214,76
188,400;-6,281E-5;24,69;0,68;3,94E-9;214,76
188,500;-1,570E-4;24,71;0,70;2,47E-8;214,76
188,600;-6,281E-5;24,69;0,68;3,94E-9;214,76
188,700;-1,256E-4;24,69;0,68;1,58E-8;214,76
188,800;-6,281E-5;24,70;0,69;3,94E-9;214,76
188,900;-3,140E-5;24,69;0,68;9,86E-10;214,76
189,000;-6,281E-5;24,70;0,69;3,94E-9;214,76
189,100;7,223E-4;24,71;0,70;5,22E-7;214,76
189,200;0,064;24,70;0,69;0,00;214,76
189,300;0,258;24,69;0,68;0,07;214,83
189,400;0,212;24,69;0,68;0,04;214,87
189,500;0,160;24,69;0,68;0,03;214,90
189,600;0,239;24,71;0,70;0,06;214,96
189,700;0,312;24,70;0,69;0,10;215,05
189,800;0,330;24,68;0,66;0,11;215,16
189,900;0,374;24,70;0,69;0,14;215,30
190,000;0,491;24,72;0,71;0,24;215,54
190,100;0,420;24,71;0,70;0,18;215,72
190,200;0,283;24,71;0,70;0,08;215,80
190,300;0,443;24,71;0,70;0,20;215,99
190,400;0,476;24,71;0,70;0,23;216,22
190,500;0,356;24,69;0,68;0,13;216,35
190,600;0,251;24,72;0,71;0,06;216,41
190,700;0,465;24,72;0,71;0,22;216,63
190,800;0,492;24,68;0,66;0,24;216,87
190,900;0,281;24,70;0,69;0,08;216,95
191,000;0,311;24,69;0,68;0,10;217,04
191,100;0,455;24,71;0,70;0,21;217,25
191,200;0,462;24,71;0,70;0,21;217,47
191,300;0,277;24,70;0,69;0,08;217,54
191,400;0,302;24,71;0,70;0,09;217,63
191,500;0,470;24,72;0,71;0,22;217,85
191,600;0,468;24,71;0,70;0,22;218,07
191,700;0,290;24,71;0,70;0,08;218,16
191,800;0,348;24,70;0,69;0,12;218,28
191,900;0,450;24,72;0,71;0,20;218,48
192,000;0,459;24,70;0,69;0,21;218,69
192,100;0,256;24,71;0,70;0,07;218,76
192,200;0,366;24,71;0,70;0,13;218,89
192,300;0,462;24,70;0,69;0,21;219,10
192,400;0,455;24,72;0,71;0,21;219,31
192,500;0,259;24,71;0,70;0,07;219,38
192,600;0,369;24,70;0,69;0,14;219,51
192,700;0,460;24,72;0,71;0,21;219,73
192,800;0,436;24,73;0,72;0,19;219,92
192,900;0,275;24,71;0,70;0,08;219,99
193,000;0,342;24,72;0,71;0,12;220,11
193,100;0,446;24,73;0,72;0,20;220,31
193,200;0,446;24,71;0,70;0,20;220,51
193,300;0,230;24,72;0,71;0,05;220,56
193,400;0,352;24,72;0,71;0,12;220,68
193,500;0,437;24,72;0,71;0,19;220,87
193,600;0,432;24,72;0,71;0,19;221,06
193,700;0,287;24,74;0,73;0,08;221,14
193,800;0,345;24,72;0,71;0,12;221,26
193,900;0,470;24,72;0,71;0,22;221,48
194,000;0,429;24,73;0,72;0,18;221,67
194,100;0,242;24,73;0,72;0,06;221,72
194,200;0,358;24,71;0,70;0,13;221,85
194,300;0,427;24,72;0,71;0,18;222,03
194,400;0,434;24,72;0,71;0,19;222,22
194,500;0,300;24,72;0,71;0,09;222,31
194,600;0,361;24,73;0,72;0,13;222,44
194,700;0,445;24,74;0,73;0,20;222,64
194,800;0,432;24,72;0,71;0,19;222,83
194,900;0,270;24,71;0,70;0,07;222,90
195,000;0,371;24,72;0,71;0,14;223,04
195,100;0,464;24,73;0,72;0,22;223,25
195,200;0,404;24,72;0,71;0,16;223,42
195,300;0,261;24,74;0,73;0,07;223,49
195,400;0,326;24,73;0,72;0,11;223,59
195,500;0,389;24,73;0,72;0,15;223,74
195,600;0,474;24,72;0,71;0,22;223,97
195,700;0,280;24,73;0,72;0,08;224,05
195,800;0,324;24,73;0,72;0,10;224,15
195,900;0,352;24,75;0,74;0,12;224,28
196,000;0,506;24,76;0,75;0,26;224,53
196,100;0,293;24,74;0,73;0,09;224,62
196,200;0,305;24,73;0,72;0,09;224,71
196,300;0,288;24,74;0,73;0,08;224,79
196,400;0,501;24,75;0,74;0,25;225,05
196,500;0,260;24,72;0,71;0,07;225,11
196,600;0,300;24,75;0,74;0,09;225,20
196,700;0,267;24,75;0,74;0,07;225,27
196,800;0,408;24,73;0,72;0,17;225,44
196,900;0,394;24,74;0,73;0,15;225,60
197,000;0,161;24,73;0,72;0,03;225,62
197,100;0,278;24,74;0,73;0,08;225,70
197,200;0,416;24,75;0,74;0,17;225,87
197,300;0,523;24,72;0,71;0,27;226,15
197,400;0,250;24,73;0,72;0,06;226,21
197,500;0,334;24,75;0,74;0,11;226,32
197,600;0,421;24,75;0,74;0,18;226,50
197,700;0,513;24,73;0,72;0,26;226,76
197,800;0,259;24,74;0,73;0,07;226,83
197,900;0,319;24,75;0,74;0,10;226,93
198,000;0,351;24,74;0,73;0,12;227,05
198,100;0,486;24,74;0,73;0,24;227,29
198,200;0,254;24,75;0,74;0,06;227,35
198,300;0,306;24,75;0,74;0,09;227,45
198,400;0,323;24,75;0,74;0,10;227,55
198,500;0,501;24,74;0,73;0,25;227,80
198,600;0,326;24,74;0,73;0,11;227,91
198,700;0,247;24,74;0,73;0,06;227,97
198,800;0,287;24,75;0,74;0,08;228,05
198,900;0,466;24,75;0,74;0,22;228,27
199,000;0,436;24,75;0,74;0,19;228,46
199,100;0,238;24,75;0,74;0,06;228,51
199,200;0,276;24,75;0,74;0,08;228,59
199,300;0,351;24,75;0,74;0,12;228,71
199,400;0,519;24,74;0,73;0,27;228,98
199,500;0,267;24,74;0,73;0,07;229,05
199,600;0,303;24,75;0,74;0,09;229,15
199,700;0,258;24,75;0,74;0,07;229,21
199,800;0,482;24,76;0,75;0,23;229,45
199,900;0,327;24,76;0,75;0,11;229,55
200,000;0,229;24,74;0,73;0,05;229,61
200,100;0,304;24,74;0,73;0,09;229,70
200,200;0,464;24,75;0,74;0,21;229,91
200,300;0,428;24,75;0,74;0,18;230,10
200,400;0,286;24,76;0,75;0,08;230,18
200,500;0,311;24,75;0,74;0,10;230,27
200,600;0,425;24,75;0,74;0,18;230,45
200,700;0,463;24,76;0,75;0,21;230,67
200,800;0,298;24,77;0,76;0,09;230,76
200,900;0,282;24,76;0,75;0,08;230,84
201,000;0,356;24,75;0,74;0,13;230,96
201,100;0,469;24,75;0,74;0,22;231,18
201,200;0,407;24,77;0,76;0,17;231,35
201,300;0,236;24,76;0,75;0,06;231,41
201,400;0,297;24,76;0,75;0,09;231,49
201,500;0,490;24,75;0,74;0,24;231,73
201,600;0,291;24,77;0,76;0,08;231,82
201,700;0,311;24,76;0,75;0,10;231,92
201,800;0,220;24,78;0,77;0,05;231,96
201,900;0,349;24,77;0,76;0,12;232,09
202,000;0,447;24,78;0,77;0,20;232,29
202,100;0,314;24,76;0,75;0,10;232,38
202,200;0,253;24,75;0,74;0,06;232,45
202,300;0,218;24,77;0,76;0,05;232,50
202,400;0,369;24,75;0,74;0,14;232,63
202,500;0,388;24,78;0,77;0,15;232,78
202,600;0,296;24,77;0,76;0,09;232,87
202,700;0,269;24,78;0,77;0,07;232,94
202,800;0,354;24,77;0,76;0,13;233,07
202,900;0,518;24,77;0,76;0,27;233,34
203,000;0,259;24,76;0,75;0,07;233,40
203,100;0,309;24,76;0,75;0,10;233,50
203,200;0,266;24,77;0,76;0,07;233,57
203,300;0,516;24,77;0,76;0,27;233,84
203,400;0,272;24,78;0,77;0,07;233,91
203,500;0,319;24,81;0,80;0,10;234,01
203,600;0,220;24,75;0,74;0,05;234,06
203,700;0,431;24,76;0,75;0,19;234,25
203,800;0,414;24,77;0,76;0,17;234,42
203,900;0,317;24,76;0,75;0,10;234,52
204,000;0,250;24,77;0,76;0,06;234,58
204,100;0,277;24,77;0,76;0,08;234,66
204,200;0,475;24,77;0,76;0,23;234,88
204,300;0,338;24,78;0,77;0,11;235,00
204,400;0,265;24,77;0,76;0,07;235,07
204,500;0,187;24,78;0,77;0,03;235,10
204,600;0,264;24,78;0,77;0,07;235,17
204,700;0,488;24,77;0,76;0,24;235,41
204,800;0,305;24,78;0,77;0,09;235,50
204,900;0,235;24,76;0,75;0,06;235,56
205,000;0,211;24,78;0,77;0,04;235,60
205,100;0,245;24,78;0,77;0,06;235,66
205,200;0,477;24,78;0,77;0,23;235,89
205,300;0,288;24,77;0,76;0,08;235,97
205,400;0,269;24,78;0,77;0,07;236,05
205,500;0,377;24,79;0,78;0,14;236,19
205,600;0,517;24,79;0,78;0,27;236,45
205,700;0,330;24,79;0,78;0,11;236,56
205,800;0,273;24,76;0,75;0,07;236,64
205,900;0,301;24,78;0,77;0,09;236,73
206,000;0,510;24,79;0,78;0,26;236,99
206,100;0,331;24,79;0,78;0,11;237,10
206,200;0,233;24,77;0,76;0,05;237,15
206,300;0,275;24,79;0,78;0,08;237,23
206,400;0,357;24,78;0,77;0,13;237,35
206,500;0,283;24,78;0,77;0,08;237,43
206,600;0,079;24,81;0,80;0,01;237,44
206,700;0,355;24,79;0,78;0,13;237,57
206,800;0,348;24,78;0,77;0,12;237,69
206,900;0,403;24,81;0,80;0,16;237,85
207,000;0,488;24,80;0,79;0,24;238,09
207,100;0,292;24,78;0,77;0,09;238,17
207,200;0,301;24,79;0,78;0,09;238,26
207,300;0,347;24,79;0,78;0,12;238,38
207,400;0,479;24,81;0,80;0,23;238,61
207,500;0,308;24,79;0,78;0,09;238,71
207,600;0,248;24,79;0,78;0,06;238,77
207,700;0,318;24,79;0,78;0,10;238,87
207,800;0,423;24,80;0,79;0,18;239,05
207,900;0,391;24,81;0,80;0,15;239,20
208,000;0,290;24,79;0,78;0,08;239,29
208,100;0,253;24,79;0,78;0,06;239,35
208,200;0,402;24,80;0,79;0,16;239,51
208,300;0,476;24,81;0,80;0,23;239,74
208,400;0,317;24,81;0,80;0,10;239,84
208,500;0,306;24,81;0,80;0,09;239,93
208,600;0,397;24,78;0,77;0,16;240,09
208,700;0,468;24,83;0,82;0,22;240,31
208,800;0,271;24,78;0,77;0,07;240,38
208,900;0,298;24,80;0,79;0,09;240,47
209,000;0,444;24,80;0,79;0,20;240,67
209,100;0,509;24,79;0,78;0,26;240,93
209,200;0,330;24,83;0,82;0,11;241,04
209,300;0,298;24,81;0,80;0,09;241,13
209,400;0,422;24,80;0,79;0,18;241,31
209,500;0,464;24,81;0,80;0,22;241,52
209,600;0,282;24,80;0,79;0,08;241,60
209,700;0,181;24,81;0,80;0,03;241,63
209,800;0,211;24,81;0,80;0,04;241,68
209,900;0,045;24,81;0,80;0,00;241,68
210,000;-0,037;24,80;0,79;0,00;241,68
210,100;0,191;24,81;0,80;0,04;241,72
210,200;0,406;24,83;0,82;0,16;241,88
210,300;0,335;24,81;0,80;0,11;242,00
210,400;0,273;24,81;0,80;0,07;242,07
210,500;0,355;24,84;0,83;0,13;242,20
210,600;0,414;24,81;0,80;0,17;242,37
210,700;0,383;24,81;0,80;0,15;242,51
210,800;0,253;24,81;0,80;0,06;242,58
210,900;0,136;24,84;0,83;0,02;242,60
211,000;0,150;24,81;0,80;0,02;242,62
211,100;0,042;24,81;0,80;0,00;242,62
211,200;0,075;24,81;0,80;0,01;242,63
211,300;0,251;24,81;0,80;0,06;242,69
211,400;0,457;24,83;0,82;0,21;242,90
211,500;0,355;24,83;0,82;0,13;243,03
211,600;0,271;24,81;0,80;0,07;243,10
211,700;0,418;24,83;0,82;0,17;243,27
211,800;0,474;24,83;0,82;0,22;243,50
211,900;0,310;24,81;0,80;0,10;243,59
212,000;0,227;24,81;0,80;0,05;243,65
212,100;0,278;24,83;0,82;0,08;243,72
212,200;0,464;24,84;0,83;0,21;243,94
212,300;0,392;24,84;0,83;0,15;244,09
212,400;0,279;24,83;0,82;0,08;244,17
212,500;0,266;24,81;0,80;0,07;244,24
212,600;0,445;24,80;0,79;0,20;244,44
212,700;0,459;24,81;0,80;0,21;244,65
212,800;0,228;24,85;0,84;0,05;244,70
212,900;0,230;24,85;0,84;0,05;244,75
213,000;0,269;24,83;0,82;0,07;244,82
213,100;0,457;24,83;0,82;0,21;245,03
213,200;0,387;24,83;0,82;0,15;245,18
213,300;0,323;24,83;0,82;0,10;245,29
213,400;0,251;24,83;0,82;0,06;245,35
213,500;0,374;24,84;0,83;0,14;245,49
213,600;0,493;24,84;0,83;0,24;245,73
213,700;0,258;24,83;0,82;0,07;245,80
213,800;0,275;24,85;0,84;0,08;245,88
213,900;0,208;24,85;0,84;0,04;245,92
214,000;0,339;24,83;0,82;0,11;246,03
214,100;0,457;24,85;0,84;0,21;246,24
214,200;0,255;24,85;0,84;0,07;246,31
214,300;0,303;24,83;0,82;0,09;246,40
214,400;0,315;24,81;0,80;0,10;246,50
214,500;0,486;24,84;0,83;0,24;246,74
214,600;0,281;24,86;0,85;0,08;246,81
214,700;0,286;24,84;0,83;0,08;246,90
214,800;0,176;24,84;0,83;0,03;246,93
214,900;0,122;24,83;0,82;0,01;246,94
215,000;0,277;24,84;0,83;0,08;247,02
215,100;0,399;24,83;0,82;0,16;247,18
215,200;0,209;24,86;0,85;0,04;247,22
215,300;0,241;24,85;0,84;0,06;247,28
215,400;0,370;24,85;0,84;0,14;247,42
215,500;0,429;24,84;0,83;0,18;247,60
215,600;0,397;24,87;0,86;0,16;247,76
215,700;0,253;24,87;0,86;0,06;247,82
215,800;0,296;24,84;0,83;0,09;247,91
215,900;0,403;24,83;0,82;0,16;248,07
216,000;0,502;24,84;0,83;0,25;248,33
216,100;0,280;24,84;0,83;0,08;248,40
216,200;0,346;24,85;0,84;0,12;248,52
216,300;0,375;24,86;0,85;0,14;248,66
216,400;0,495;24,85;0,84;0,25;248,91
216,500;0,265;24,86;0,85;0,07;248,98
216,600;0,287;24,85;0,84;0,08;249,06
216,700;0,308;24,84;0,83;0,09;249,16
216,800;0,483;24,85;0,84;0,23;249,39
216,900;0,278;24,86;0,85;0,08;249,47
217,000;0,308;24,87;0,86;0,09;249,56
217,100;0,256;24,85;0,84;0,07;249,63
217,200;0,498;24,84;0,83;0,25;249,88
217,300;0,369;24,87;0,86;0,14;250,01
217,400;0,322;24,85;0,84;0,10;250,12
217,500;0,206;24,86;0,85;0,04;250,16
217,600;0,374;24,86;0,85;0,14;250,30
217,700;0,504;24,86;0,85;0,25;250,55
217,800;0,168;24,86;0,85;0,03;250,58
217,900;0,290;24,85;0,84;0,08;250,66
218,000;0,225;24,87;0,86;0,05;250,71
218,100;0,385;24,86;0,85;0,15;250,86
218,200;0,502;24,87;0,86;0,25;251,11
218,300;0,239;24,85;0,84;0,06;251,17
218,400;0,246;24,87;0,86;0,06;251,23
218,500;0,314;24,86;0,85;0,10;251,33
218,600;0,519;24,85;0,84;0,27;251,60
218,700;0,254;24,86;0,85;0,06;251,66
218,800;0,292;24,85;0,84;0,08;251,75
218,900;0,278;24,87;0,86;0,08;251,83
219,000;0,500;24,86;0,85;0,25;252,08
219,100;0,354;24,87;0,86;0,13;252,20
219,200;0,271;24,86;0,85;0,07;252,28
219,300;0,196;24,86;0,85;0,04;252,31
219,400;0,254;24,87;0,86;0,06;252,38
219,500;0,495;24,87;0,86;0,24;252,62
219,600;0,258;24,87;0,86;0,07;252,69
219,700;0,297;24,87;0,86;0,09;252,78
219,800;0,283;24,86;0,85;0,08;252,86
219,900;0,383;24,88;0,87;0,15;253,00
220,000;0,512;24,86;0,85;0,26;253,27
220,100;0,194;24,86;0,85;0,04;253,30
220,200;0,249;24,87;0,86;0,06;253,37
220,300;0,087;24,85;0,84;0,01;253,37
220,400;-0,202;24,87;0,86;0,04;253,41
220,500;-0,279;24,87;0,86;0,08;253,49
220,600;0,218;24,88;0,87;0,05;253,54
220,700;0,193;24,87;0,86;0,04;253,58
220,800;0,215;24,87;0,86;0,05;253,62
220,900;0,437;24,87;0,86;0,19;253,81
221,000;0,332;24,87;0,86;0,11;253,92
221,100;0,264;24,89;0,88;0,07;253,99
221,200;0,326;24,88;0,87;0,11;254,10
221,300;0,425;24,87;0,86;0,18;254,28
221,400;0,461;24,87;0,86;0,21;254,49
221,500;0,239;24,87;0,86;0,06;254,55
221,600;0,290;24,88;0,87;0,08;254,63
221,700;0,362;24,87;0,86;0,13;254,76
221,800;0,506;24,88;0,87;0,26;255,02
221,900;0,246;24,89;0,88;0,06;255,08
222,000;0,358;24,88;0,87;0,13;255,21
222,100;0,333;24,87;0,86;0,11;255,32
222,200;0,481;24,87;0,86;0,23;255,55
222,300;0,252;24,89;0,88;0,06;255,61
222,400;0,358;24,88;0,87;0,13;255,74
222,500;0,267;24,89;0,88;0,07;255,81
222,600;0,249;24,88;0,87;0,06;255,88
222,700;0,151;24,88;0,87;0,02;255,90
222,800;0,023;24,89;0,88;5,28E-4;255,90
222,900;-6,281E-5;24,88;0,87;3,94E-9;255,90
223,000;-9,421E-5;24,90;0,89;8,88E-9;255,90
223,100;-6,281E-5;24,88;0,87;3,94E-9;255,90
223,200;-9,421E-5;24,90;0,89;8,88E-9;255,90
223,300;-1,256E-4;24,89;0,88;1,58E-8;255,90
223,400;-1,256E-4;24,89;0,88;1,58E-8;255,90
223,500;-9,421E-5;24,88;0,87;8,88E-9;255,90
223,600;-9,421E-5;24,89;0,88;8,88E-9;255,90
223,700;-6,281E-5;24,89;0,88;3,94E-9;255,90
223,800;0,001;24,90;0,89;1,21E-6;255,90
223,900;0,181;24,88;0,87;0,03;255,93
224,000;0,334;24,89;0,88;0,11;256,04
224,100;0,333;24,90;0,89;0,11;256,15
224,200;0,331;24,89;0,88;0,11;256,26
224,300;0,375;24,89;0,88;0,14;256,40
224,400;0,237;24,87;0,86;0,06;256,46
224,500;0,292;24,89;0,88;0,09;256,54
224,600;0,429;24,89;0,88;0,18;256,73
224,700;0,358;24,89;0,88;0,13;256,86
224,800;0,427;24,89;0,88;0,18;257,04
224,900;0,287;24,89;0,88;0,08;257,12
225,000;0,440;24,90;0,89;0,19;257,32
225,100;0,403;24,88;0,87;0,16;257,48
225,200;0,383;24,91;0,90;0,15;257,62
225,300;0,367;24,89;0,88;0,13;257,76
225,400;0,421;24,88;0,87;0,18;257,94
225,500;0,420;24,89;0,88;0,18;258,11
225,600;0,263;24,88;0,87;0,07;258,18
225,700;0,314;24,90;0,89;0,10;258,28
225,800;0,437;24,90;0,89;0,19;258,47
225,900;0,395;24,89;0,88;0,16;258,63
226,000;0,351;24,90;0,89;0,12;258,75
226,100;0,316;24,91;0,90;0,10;258,85
226,200;0,410;24,90;0,89;0,17;259,02
226,300;0,390;24,90;0,89;0,15;259,17
226,400;0,372;24,89;0,88;0,14;259,31
226,500;0,274;24,91;0,90;0,08;259,39
226,600;0,430;24,90;0,89;0,18;259,57
226,700;0,359;24,90;0,89;0,13;259,70
226,800;0,366;24,90;0,89;0,13;259,83
226,900;0,243;24,91;0,90;0,06;259,89
227,000;-0,016;24,91;0,90;2,56E-4;259,89
227,100;-0,125;24,90;0,89;0,02;259,91
227,200;0,361;24,91;0,90;0,13;260,04
227,300;0,379;24,90;0,89;0,14;260,18
227,400;0,365;24,92;0,91;0,13;260,32
227,500;0,298;24,90;0,89;0,09;260,40
227,600;0,286;24,91;0,90;0,08;260,49
227,700;0,438;24,92;0,91;0,19;260,68
227,800;0,404;24,90;0,89;0,16;260,84
227,900;0,383;24,90;0,89;0,15;260,99
228,000;0,370;24,91;0,90;0,14;261,13
228,100;0,396;24,90;0,89;0,16;261,28
228,200;0,417;24,90;0,89;0,17;261,46
228,300;0,343;24,90;0,89;0,12;261,57
228,400;0,413;24,90;0,89;0,17;261,75
228,500;0,414;24,91;0,90;0,17;261,92
228,600;0,431;24,91;0,90;0,19;262,10
228,700;0,308;24,92;0,91;0,09;262,20
228,800;0,433;24,92;0,91;0,19;262,39
228,900;0,383;24,90;0,89;0,15;262,53
229,000;0,409;24,91;0,90;0,17;262,70
229,100;0,322;24,93;0,92;0,10;262,80
229,200;0,458;24,93;0,92;0,21;263,01
229,300;0,378;24,91;0,90;0,14;263,16
229,400;0,414;24,91;0,90;0,17;263,33
229,500;0,316;24,93;0,92;0,10;263,43
229,600;0,451;24,90;0,89;0,20;263,63
229,700;0,323;24,92;0,91;0,10;263,73
229,800;0,430;24,92;0,91;0,18;263,92
229,900;0,403;24,93;0,92;0,16;264,08
230,000;0,419;24,92;0,91;0,18;264,26
230,100;0,403;24,92;0,91;0,16;264,42
230,200;0,364;24,93;0,92;0,13;264,55
230,300;0,221;24,91;0,90;0,05;264,60
230,400;0,173;24,93;0,92;0,03;264,63
230,500;0,187;24,91;0,90;0,04;264,66
230,600;0,293;24,93;0,92;0,09;264,75
230,700;0,444;24,93;0,92;0,20;264,95
230,800;0,193;24,94;0,93;0,04;264,98
230,900;0,429;24,93;0,92;0,18;265,17
231,000;0,370;24,93;0,92;0,14;265,31
231,100;0,376;24,90;0,89;0,14;265,45
231,200;0,310;24,93;0,92;0,10;265,54
231,300;0,432;24,93;0,92;0,19;265,73
231,400;0,377;24,93;0,92;0,14;265,87
231,500;0,377;24,91;0,90;0,14;266,01
231,600;0,278;24,93;0,92;0,08;266,09
231,700;0,407;24,93;0,92;0,17;266,26
231,800;0,393;24,93;0,92;0,15;266,41
231,900;0,362;24,93;0,92;0,13;266,54
232,000;0,248;24,93;0,92;0,06;266,60
232,100;0,363;24,93;0,92;0,13;266,74
232,200;0,442;24,92;0,91;0,20;266,93
232,300;0,368;24,92;0,91;0,14;267,07
232,400;0,355;24,95;0,94;0,13;267,19
232,500;0,463;24,93;0,92;0,21;267,41
232,600;-0,066;24,95;0,94;0,00;267,41
232,700;-0,369;24,94;0,93;0,14;267,55
232,800;-0,011;24,93;0,92;1,21E-4;267,55
232,900;0,237;24,93;0,92;0,06;267,60
233,000;0,300;24,93;0,92;0,09;267,69
233,100;0,296;24,93;0,92;0,09;267,78
233,200;0,445;24,93;0,92;0,20;267,98
233,300;0,225;24,94;0,93;0,05;268,03
233,400;0,448;24,93;0,92;0,20;268,23
233,500;0,347;24,95;0,94;0,12;268,35
233,600;0,388;24,94;0,93;0,15;268,50
233,700;0,296;24,93;0,92;0,09;268,59
233,800;0,442;24,93;0,92;0,19;268,78
233,900;0,328;24,93;0,92;0,11;268,89
234,000;0,388;24,95;0,94;0,15;269,04
234,100;0,320;24,93;0,92;0,10;269,14
234,200;0,440;24,95;0,94;0,19;269,34
234,300;0,242;24,95;0,94;0,06;269,40
234,400;0,278;24,95;0,94;0,08;269,47
234,500;0,370;24,93;0,92;0,14;269,61
234,600;0,457;24,95;0,94;0,21;269,82
234,700;0,247;24,94;0,93;0,06;269,88
234,800;-0,135;24,94;0,93;0,02;269,90
234,900;-0,203;24,95;0,94;0,04;269,94
235,000;0,055;24,94;0,93;0,00;269,94
235,100;0,242;24,93;0,92;0,06;270,00
235,200;0,270;24,95;0,94;0,07;270,08
235,300;0,456;24,94;0,93;0,21;270,28
235,400;0,242;24,93;0,92;0,06;270,34
235,500;0,411;24,95;0,94;0,17;270,51
235,600;0,306;24,95;0,94;0,09;270,60
235,700;0,398;24,94;0,93;0,16;270,76
235,800;0,341;24,94;0,93;0,12;270,88
235,900;0,403;24,94;0,93;0,16;271,04
236,000;0,304;24,94;0,93;0,09;271,13
236,100;0,377;24,94;0,93;0,14;271,27
236,200;0,392;24,97;0,95;0,15;271,43
236,300;0,260;24,97;0,95;0,07;271,50
236,400;0,252;24,95;0,94;0,06;271,56
236,500;0,285;24,94;0,93;0,08;271,64
236,600;0,410;24,95;0,94;0,17;271,81
236,700;0,279;24,97;0,95;0,08;271,89
236,800;0,209;24,98;0,97;0,04;271,93
236,900;0,341;24,99;0,98;0,12;272,05
237,000;0,321;24,97;0,95;0,10;272,15
237,100;0,466;24,95;0,94;0,22;272,37
237,200;0,333;24,97;0,95;0,11;272,48
237,300;0,334;24,97;0,95;0,11;272,59
237,400;0,248;24,99;0,98;0,06;272,65
237,500;0,433;24,97;0,95;0,19;272,84
237,600;0,298;24,97;0,95;0,09;272,93
237,700;0,366;24,98;0,97;0,13;273,06
237,800;0,281;24,97;0,95;0,08;273,14
237,900;0,358;24,98;0,97;0,13;273,27
238,000;0,430;24,95;0,94;0,19;273,46
238,100;0,361;24,99;0,98;0,13;273,59
238,200;0,303;24,98;0,97;0,09;273,68
238,300;0,228;24,98;0,97;0,05;273,73
238,400;0,440;24,97;0,95;0,19;273,92
238,500;0,307;24,98;0,97;0,09;274,02
238,600;0,393;24,97;0,95;0,15;274,17
238,700;0,219;24,95;0,94;0,05;274,22
238,800;0,336;24,99;0,98;0,11;274,33
238,900;0,415;24,97;0,95;0,17;274,50
239,000;0,393;24,98;0,97;0,15;274,66
239,100;0,313;24,95;0,94;0,10;274,76
239,200;0,319;24,98;0,97;0,10;274,86
239,300;0,457;24,98;0,97;0,21;275,07
239,400;0,364;24,98;0,97;0,13;275,20
239,500;0,404;24,99;0,98;0,16;275,36
239,600;0,297;24,97;0,95;0,09;275,45
239,700;0,423;24,97;0,95;0,18;275,63
239,800;0,344;24,95;0,94;0,12;275,75
239,900;0,387;24,97;0,95;0,15;275,90
240,000;0,220;24,98;0,97;0,05;275,95
240,100;0,430;24,97;0,95;0,19;276,13
240,200;0,326;24,97;0,95;0,11;276,24
240,300;0,434;24,98;0,97;0,19;276,43
240,400;0,256;24,98;0,97;0,07;276,49
240,500;0,396;24,94;0,93;0,16;276,65
240,600;0,279;24,98;0,97;0,08;276,73
240,700;0,426;24,98;0,97;0,18;276,91
240,800;0,308;24,97;0,95;0,10;277,00
240,900;0,341;24,97;0,95;0,12;277,12
241,000;0,316;25,00;0,99;0,10;277,22
241,100;0,419;24,97;0,95;0,18;277,40
241,200;0,414;24,97;0,95;0,17;277,57
241,300;0,209;24,98;0,97;0,04;277,61
241,400;0,097;24,99;0,98;0,01;277,62
241,500;0,205;24,98;0,97;0,04;277,66
241,600;0,146;24,99;0,98;0,02;277,68
241,700;0,306;24,99;0,98;0,09;277,78
241,800;0,416;24,98;0,97;0,17;277,95
241,900;0,223;24,99;0,98;0,05;278,00
242,000;0,396;24,98;0,97;0,16;278,16
242,100;0,361;24,98;0,97;0,13;278,29
242,200;0,477;24,98;0,97;0,23;278,51
242,300;0,158;25,02;1,01;0,02;278,54
242,400;0,401;25,00;0,99;0,16;278,70
242,500;0,264;24,99;0,98;0,07;278,77
242,600;0,346;24,99;0,98;0,12;278,89
242,700;0,320;25,00;0,99;0,10;278,99
242,800;0,291;25,00;0,99;0,08;279,08
242,900;0,414;24,99;0,98;0,17;279,25
243,000;0,357;24,99;0,98;0,13;279,38
243,100;0,379;25,01;1,00;0,14;279,52
243,200;0,265;24,99;0,98;0,07;279,59
243,300;0,464;25,00;0,99;0,22;279,80
243,400;0,264;25,00;0,99;0,07;279,87
243,500;0,359;24,99;0,98;0,13;280,00
243,600;0,154;24,99;0,98;0,02;280,03
243,700;0,291;25,00;0,99;0,08;280,11
243,800;0,464;25,01;1,00;0,22;280,33
243,900;0,369;25,01;1,00;0,14;280,46
244,000;0,333;25,00;0,99;0,11;280,57
244,100;0,232;24,99;0,98;0,05;280,63
244,200;0,506;25,00;0,99;0,26;280,88
244,300;0,289;24,99;0,98;0,08;280,97
244,400;0,404;25,00;0,99;0,16;281,13
244,500;0,180;25,01;1,00;0,03;281,16
244,600;0,354;25,02;1,01;0,13;281,29
244,700;0,364;24,99;0,98;0,13;281,42
244,800;0,346;25,03;1,02;0,12;281,54
244,900;0,383;25,01;1,00;0,15;281,69
245,000;0,255;25,01;1,00;0,07;281,75
245,100;0,451;25,03;1,02;0,20;281,96
245,200;0,269;25,01;1,00;0,07;282,03
245,300;0,430;25,01;1,00;0,18;282,21
245,400;0,247;25,01;1,00;0,06;282,27
245,500;0,407;25,00;0,99;0,17;282,44
245,600;0,270;25,01;1,00;0,07;282,51
245,700;0,396;25,02;1,01;0,16;282,67
245,800;0,336;25,00;0,99;0,11;282,78
245,900;0,229;25,01;1,00;0,05;282,84
246,000;0,393;25,01;1,00;0,15;282,99
246,100;0,248;25,00;0,99;0,06;283,05
246,200;0,460;25,02;1,01;0,21;283,26
246,300;0,192;24,99;0,98;0,04;283,30
246,400;0,316;25,00;0,99;0,10;283,40
246,500;0,386;25,01;1,00;0,15;283,55
246,600;0,324;25,02;1,01;0,11;283,65
246,700;0,380;25,02;1,01;0,14;283,80
246,800;0,207;25,01;1,00;0,04;283,84
246,900;0,412;25,02;1,01;0,17;284,01
247,000;0,240;25,00;0,99;0,06;284,07
247,100;0,442;25,00;0,99;0,20;284,26
247,200;0,307;25,02;1,01;0,09;284,36
247,300;0,375;25,01;1,00;0,14;284,50
247,400;0,320;25,02;1,01;0,10;284,60
247,500;0,359;25,00;0,99;0,13;284,73
247,600;0,317;25,02;1,01;0,10;284,83
247,700;0,236;25,02;1,01;0,06;284,89
247,800;0,390;25,04;1,03;0,15;285,04
247,900;0,340;25,04;1,03;0,12;285,15
248,000;0,458;25,03;1,02;0,21;285,36
248,100;0,315;25,03;1,02;0,10;285,46
248,200;0,406;25,02;1,01;0,16;285,63
248,300;0,248;25,03;1,02;0,06;285,69
248,400;0,457;25,01;1,00;0,21;285,90
248,500;0,231;25,02;1,01;0,05;285,95
248,600;0,397;25,03;1,02;0,16;286,11
248,700;0,215;25,03;1,02;0,05;286,16
248,800;0,341;25,03;1,02;0,12;286,27
248,900;0,406;25,04;1,03;0,16;286,44
249,000;0,256;25,03;1,02;0,07;286,50
249,100;0,369;25,04;1,03;0,14;286,64
249,200;0,250;25,01;1,00;0,06;286,70
249,300;0,477;25,02;1,01;0,23;286,93
249,400;0,236;25,03;1,02;0,06;286,98
249,500;0,244;25,02;1,01;0,06;287,04
249,600;0,332;25,03;1,02;0,11;287,15
249,700;0,348;25,02;1,01;0,12;287,27
249,800;0,409;25,03;1,02;0,17;287,44
249,900;0,268;25,03;1,02;0,07;287,51
250,000;0,382;25,03;1,02;0,15;287,66
250,100;0,201;25,03;1,02;0,04;287,70
250,200;0,358;25,04;1,03;0,13;287,83
250,300;0,348;25,05;1,04;0,12;287,95
250,400;0,181;25,03;1,02;0,03;287,98
250,500;0,391;25,03;1,02;0,15;288,13
250,600;0,199;25,03;1,02;0,04;288,17
250,700;0,421;25,03;1,02;0,18;288,35
250,800;0,299;25,04;1,03;0,09;288,44
250,900;0,228;25,04;1,03;0,05;288,49
251,000;0,384;25,05;1,04;0,15;288,64
251,100;0,244;25,03;1,02;0,06;288,70
251,200;0,429;25,05;1,04;0,18;288,88
251,300;0,239;25,04;1,03;0,06;288,94
251,400;0,258;25,03;1,02;0,07;289,01
251,500;0,350;25,04;1,03;0,12;289,13
251,600;0,277;25,05;1,04;0,08;289,21
251,700;0,451;25,02;1,01;0,20;289,41
251,800;0,237;25,03;1,02;0,06;289,47
251,900;0,354;25,03;1,02;0,13;289,59
252,000;0,215;25,06;1,05;0,05;289,64
252,100;0,288;25,05;1,04;0,08;289,72
252,200;0,384;25,04;1,03;0,15;289,87
252,300;0,242;25,03;1,02;0,06;289,93
252,400;0,381;25,05;1,04;0,15;290,07
252,500;0,286;25,05;1,04;0,08;290,15
252,600;0,250;25,05;1,04;0,06;290,22
252,700;0,359;25,06;1,05;0,13;290,35
252,800;0,222;25,05;1,04;0,05;290,39
252,900;0,392;25,05;1,04;0,15;290,55
253,000;0,275;25,07;1,06;0,08;290,62
253,100;0,325;25,08;1,07;0,11;290,73
253,200;0,350;25,04;1,03;0,12;290,85
253,300;0,205;25,06;1,05;0,04;290,89
253,400;0,459;25,04;1,03;0,21;291,11
253,500;0,217;25,05;1,04;0,05;291,15
253,600;0,413;25,06;1,05;0,17;291,32
253,700;0,215;25,06;1,05;0,05;291,37
253,800;0,287;25,06;1,05;0,08;291,45
253,900;0,426;25,05;1,04;0,18;291,63
254,000;0,138;25,05;1,04;0,02;291,65
254,100;0,378;25,05;1,04;0,14;291,79
254,200;0,305;25,05;1,04;0,09;291,89
254,300;0,307;25,07;1,06;0,09;291,98
254,400;0,349;25,05;1,04;0,12;292,10
254,500;0,250;25,08;1,07;0,06;292,17
254,600;0,458;25,07;1,06;0,21;292,38
254,700;0,167;25,05;1,04;0,03;292,40
254,800;0,219;25,05;1,04;0,05;292,45
254,900;0,383;25,06;1,05;0,15;292,60
255,000;0,053;25,07;1,06;0,00;292,60
255,100;0,050;25,06;1,05;0,00;292,60
255,200;0,025;25,07;1,06;6,11E-4;292,60
255,300;-6,281E-5;25,05;1,04;3,94E-9;292,60
255,400;-6,281E-5;25,06;1,05;3,94E-9;292,60
255,500;-9,421E-5;25,07;1,06;8,88E-9;292,60
255,600;-0,002;25,05;1,04;3,43E-6;292,60
255,700;-0,027;25,05;1,04;7,31E-4;292,61
255,800;-9,421E-5;25,06;1,05;8,88E-9;292,61
255,900;-9,421E-5;25,06;1,05;8,88E-9;292,61
256,000;-0,004;25,07;1,06;1,72E-5;292,61
256,100;-3,140E-5;25,07;1,06;9,86E-10;292,61
256,200;0,006;25,06;1,05;3,05E-5;292,61
256,300;-9,421E-5;25,07;1,06;8,88E-9;292,61
256,400;-6,281E-5;25,06;1,05;3,94E-9;292,61
256,500;-0,017;25,07;1,06;2,88E-4;292,61
256,600;-0,026;25,07;1,06;6,65E-4;292,61
256,700;0,007;25,09;1,08;4,86E-5;292,61
256,800;0,057;25,08;1,07;0,00;292,61
256,900;0,010;25,06;1,05;1,01E-4;292,61
257,000;-3,140E-5;25,06;1,05;9,86E-10;292,61
257,100;-6,281E-5;25,08;1,07;3,94E-9;292,61
257,200;0,017;25,07;1,06;2,98E-4;292,61
257,300;0,021;25,08;1,07;4,36E-4;292,61
257,400;-6,281E-5;25,08;1,07;3,94E-9;292,61
257,500;-0,003;25,06;1,05;1,11E-5;292,61
257,600;-0,032;25,08;1,07;0,00;292,61
257,700;-0,031;25,08;1,07;9,65E-4;292,61
257,800;-9,421E-5;25,08;1,07;8,88E-9;292,61
257,900;-0,038;25,07;1,06;0,00;292,61
258,000;-0,037;25,09;1,08;0,00;292,62
258,100;-0,035;25,07;1,06;0,00;292,62
258,200;-0,128;25,08;1,07;0,02;292,63
258,300;-0,224;25,08;1,07;0,05;292,68
258,400;-0,287;25,07;1,06;0,08;292,77
258,500;-0,362;25,08;1,07;0,13;292,90
258,600;-0,318;25,08;1,07;0,10;293,00
258,700;-0,161;25,09;1,08;0,03;293,02
258,800;-0,036;25,08;1,07;0,00;293,03
258,900;0,109;25,07;1,06;0,01;293,04
259,000;0,262;25,07;1,06;0,07;293,11
259,100;0,237;25,08;1,07;0,06;293,16
259,200;0,329;25,08;1,07;0,11;293,27
259,300;0,458;25,08;1,07;0,21;293,48
259,400;0,412;25,09;1,08;0,17;293,65
259,500;0,316;25,08;1,07;0,10;293,75
259,600;0,309;25,08;1,07;0,10;293,84
259,700;0,516;25,08;1,07;0,27;294,11
259,800;0,375;25,08;1,07;0,14;294,25
259,900;0,323;25,09;1,08;0,10;294,36
260,000;0,375;25,07;1,06;0,14;294,50
260,100;0,472;25,08;1,07;0,22;294,72
260,200;0,344;25,08;1,07;0,12;294,84
260,300;0,309;25,08;1,07;0,10;294,93
260,400;0,403;25,09;1,08;0,16;295,09
260,500;0,492;25,07;1,06;0,24;295,34
260,600;0,266;25,09;1,08;0,07;295,41
260,700;0,337;25,08;1,07;0,11;295,52
260,800;0,408;25,08;1,07;0,17;295,69
260,900;0,463;25,10;1,09;0,21;295,90
261,000;0,317;25,10;1,09;0,10;296,00
261,100;0,336;25,08;1,07;0,11;296,12
261,200;0,435;25,08;1,07;0,19;296,30
261,300;0,437;25,07;1,06;0,19;296,50
261,400;0,309;25,08;1,07;0,10;296,59
261,500;0,286;25,08;1,07;0,08;296,67
261,600;0,460;25,10;1,09;0,21;296,88
261,700;0,400;25,08;1,07;0,16;297,04
261,800;0,329;25,07;1,06;0,11;297,15
261,900;0,300;25,10;1,09;0,09;297,24
262,000;0,471;25,08;1,07;0,22;297,47
262,100;0,415;25,08;1,07;0,17;297,64
262,200;0,351;25,10;1,09;0,12;297,76
262,300;0,258;25,10;1,09;0,07;297,83
262,400;0,477;25,09;1,08;0,23;298,05
262,500;0,400;25,09;1,08;0,16;298,21
262,600;0,327;25,09;1,08;0,11;298,32
262,700;0,259;25,08;1,07;0,07;298,39
262,800;0,493;25,09;1,08;0,24;298,63
262,900;0,391;25,10;1,09;0,15;298,79
263,000;0,322;25,10;1,09;0,10;298,89
263,100;0,251;25,09;1,08;0,06;298,95
263,200;0,447;25,12;1,10;0,20;299,15
263,300;0,433;25,10;1,09;0,19;299,34
263,400;0,313;25,10;1,09;0,10;299,44
263,500;0,222;25,10;1,09;0,05;299,49
263,600;0,479;25,09;1,08;0,23;299,72
263,700;0,422;25,10;1,09;0,18;299,89
263,800;0,335;25,10;1,09;0,11;300,01
263,900;0,275;25,10;1,09;0,08;300,08
264,000;0,458;25,07;1,06;0,21;300,29
264,100;0,406;25,09;1,08;0,16;300,46
264,200;0,302;25,13;1,12;0,09;300,55
264,300;0,275;25,12;1,10;0,08;300,62
264,400;0,407;25,09;1,08;0,17;300,79
264,500;0,461;25,10;1,09;0,21;301,00
264,600;0,328;25,09;1,08;0,11;301,11
264,700;0,248;25,12;1,10;0,06;301,17
264,800;0,355;25,12;1,10;0,13;301,30
264,900;0,480;25,12;1,10;0,23;301,53
265,000;0,281;25,12;1,10;0,08;301,61
265,100;0,270;25,10;1,09;0,07;301,68
265,200;0,280;25,10;1,09;0,08;301,76
265,300;0,481;25,13;1,12;0,23;301,99
265,400;0,279;25,12;1,10;0,08;302,07
265,500;0,346;25,12;1,10;0,12;302,19
265,600;0,236;25,10;1,09;0,06;302,24
265,700;0,439;25,10;1,09;0,19;302,43
265,800;0,455;25,12;1,10;0,21;302,64
265,900;0,334;25,12;1,10;0,11;302,75
266,000;0,202;25,10;1,09;0,04;302,79
266,100;0,375;25,12;1,10;0,14;302,93
266,200;0,480;25,12;1,10;0,23;303,16
266,300;0,319;25,12;1,10;0,10;303,27
266,400;0,235;25,12;1,10;0,06;303,32
266,500;0,262;25,10;1,09;0,07;303,39
266,600;0,479;25,13;1,12;0,23;303,62
266,700;0,320;25,12;1,10;0,10;303,72
266,800;0,280;25,14;1,13;0,08;303,80
266,900;0,241;25,13;1,12;0,06;303,86
267,000;0,262;25,12;1,10;0,07;303,93
267,100;0,437;25,13;1,12;0,19;304,12
267,200;0,243;25,14;1,13;0,06;304,18
267,300;0,209;25,12;1,10;0,04;304,22
267,400;0,250;25,14;1,13;0,06;304,28
267,500;0,341;25,12;1,10;0,12;304,40
267,600;0,486;25,14;1,13;0,24;304,64
267,700;0,341;25,12;1,10;0,12;304,75
267,800;0,230;25,12;1,10;0,05;304,81
267,900;0,237;25,12;1,10;0,06;304,86
268,000;0,449;25,14;1,13;0,20;305,06
268,100;0,398;25,14;1,13;0,16;305,22
268,200;0,294;25,15;1,14;0,09;305,31
268,300;0,177;25,14;1,13;0,03;305,34
268,400;0,273;25,14;1,13;0,07;305,42
268,500;0,477;25,13;1,12;0,23;305,64
268,600;0,291;25,12;1,10;0,08;305,73
268,700;0,249;25,14;1,13;0,06;305,79
268,800;0,309;25,13;1,12;0,10;305,88
268,900;0,480;25,13;1,12;0,23;306,11
269,000;0,389;25,14;1,13;0,15;306,27
269,100;0,258;25,14;1,13;0,07;306,33
269,200;0,214;25,14;1,13;0,05;306,38
269,300;0,380;25,13;1,12;0,14;306,52
269,400;0,502;25,14;1,13;0,25;306,78
269,500;0,296;25,14;1,13;0,09;306,86
269,600;0,200;25,13;1,12;0,04;306,90
269,700;0,240;25,12;1,10;0,06;306,96
269,800;0,483;25,14;1,13;0,23;307,19
269,900;0,334;25,15;1,14;0,11;307,31
270,000;0,264;25,14;1,13;0,07;307,38
270,100;0,184;25,14;1,13;0,03;307,41
270,200;0,197;25,14;1,13;0,04;307,45
270,300;0,377;25,14;1,13;0,14;307,59
270,400;0,398;25,16;1,15;0,16;307,75
270,500;0,278;25,16;1,15;0,08;307,83
270,600;0,288;25,17;1,16;0,08;307,91
270,700;0,328;25,14;1,13;0,11;308,02
270,800;0,487;25,14;1,13;0,24;308,25
270,900;0,335;25,14;1,13;0,11;308,37
271,000;0,246;25,14;1,13;0,06;308,43
271,100;0,213;25,14;1,13;0,05;308,47
271,200;0,337;25,14;1,13;0,11;308,58
271,300;0,510;25,15;1,14;0,26;308,84
271,400;0,287;25,15;1,14;0,08;308,93
271,500;0,229;25,14;1,13;0,05;308,98
271,600;0,286;25,14;1,13;0,08;309,06
271,700;0,501;25,14;1,13;0,25;309,31
271,800;0,328;25,16;1,15;0,11;309,42
271,900;0,248;25,16;1,15;0,06;309,48
272,000;0,150;25,15;1,14;0,02;309,50
272,100;0,286;25,15;1,14;0,08;309,59
272,200;0,429;25,15;1,14;0,18;309,77
272,300;0,255;25,18;1,17;0,07;309,83
272,400;0,288;25,15;1,14;0,08;309,92
272,500;0,254;25,16;1,15;0,06;309,98
272,600;0,354;25,14;1,13;0,13;310,11
272,700;0,467;25,15;1,14;0,22;310,33
272,800;0,313;25,16;1,15;0,10;310,42
272,900;0,261;25,14;1,13;0,07;310,49
273,000;0,269;25,16;1,15;0,07;310,56
273,100;0,342;25,16;1,15;0,12;310,68
273,200;0,264;25,15;1,14;0,07;310,75
273,300;0,002;25,15;1,14;2,56E-6;310,75
273,400;-4,396E-4;25,15;1,14;1,93E-7;310,75
273,500;0,120;25,14;1,13;0,01;310,76
273,600;0,229;25,16;1,15;0,05;310,82
273,700;0,312;25,16;1,15;0,10;310,91
273,800;0,382;25,15;1,14;0,15;311,06
273,900;0,503;25,14;1,13;0,25;311,31
274,000;0,344;25,15;1,14;0,12;311,43
274,100;0,308;25,15;1,14;0,09;311,53
274,200;0,448;25,16;1,15;0,20;311,73
274,300;0,432;25,17;1,16;0,19;311,91
274,400;0,273;25,17;1,16;0,07;311,99
274,500;0,298;25,16;1,15;0,09;312,08
274,600;0,426;25,15;1,14;0,18;312,26
274,700;0,447;25,18;1,17;0,20;312,46
274,800;0,318;25,16;1,15;0,10;312,56
274,900;0,230;25,18;1,17;0,05;312,61
275,000;0,339;25,16;1,15;0,11;312,73
275,100;0,434;25,16;1,15;0,19;312,92
275,200;0,343;25,16;1,15;0,12;313,03
275,300;0,267;25,16;1,15;0,07;313,11
275,400;0,289;25,17;1,16;0,08;313,19
275,500;0,500;25,16;1,15;0,25;313,44
275,600;0,416;25,18;1,17;0,17;313,61
275,700;0,234;25,17;1,16;0,05;313,67
275,800;0,233;25,16;1,15;0,05;313,72
275,900;0,335;25,17;1,16;0,11;313,83
276,000;0,405;25,18;1,17;0,16;314,00
276,100;0,247;25,18;1,17;0,06;314,06
276,200;0,294;25,15;1,14;0,09;314,14
276,300;0,435;25,17;1,16;0,19;314,33
276,400;0,483;25,18;1,17;0,23;314,57
276,500;0,354;25,18;1,17;0,13;314,69
276,600;0,266;25,18;1,17;0,07;314,76
276,700;0,325;25,16;1,15;0,11;314,87
276,800;0,496;25,16;1,15;0,25;315,11
276,900;0,364;25,17;1,16;0,13;315,25
277,000;0,222;25,16;1,15;0,05;315,30
277,100;0,277;25,16;1,15;0,08;315,37
277,200;0,462;25,18;1,17;0,21;315,59
277,300;0,472;25,18;1,17;0,22;315,81
277,400;0,224;25,17;1,16;0,05;315,86
277,500;0,265;25,18;1,17;0,07;315,93
277,600;0,473;25,19;1,18;0,22;316,15
277,700;0,468;25,18;1,17;0,22;316,37
277,800;0,231;25,18;1,17;0,05;316,43
277,900;0,250;25,20;1,19;0,06;316,49
278,000;0,436;25,16;1,15;0,19;316,68
278,100;0,479;25,18;1,17;0,23;316,91
278,200;0,274;25,19;1,18;0,08;316,98
278,300;0,238;25,17;1,16;0,06;317,04
278,400;0,424;25,17;1,16;0,18;317,22
278,500;0,462;25,18;1,17;0,21;317,43
278,600;0,330;25,16;1,15;0,11;317,54
278,700;0,261;25,18;1,17;0,07;317,61
278,800;0,410;25,17;1,16;0,17;317,78
278,900;0,481;25,18;1,17;0,23;318,01
279,000;0,313;25,17;1,16;0,10;318,11
279,100;0,257;25,19;1,18;0,07;318,17
279,200;0,419;25,18;1,17;0,18;318,35
279,300;0,478;25,20;1,19;0,23;318,58
279,400;0,319;25,19;1,18;0,10;318,68
279,500;0,246;25,18;1,17;0,06;318,74
279,600;0,410;25,19;1,18;0,17;318,91
279,700;0,479;25,18;1,17;0,23;319,14
279,800;0,278;25,18;1,17;0,08;319,21
279,900;0,287;25,20;1,19;0,08;319,30
280,000;0,450;25,20;1,19;0,20;319,50
280,100;0,470;25,19;1,18;0,22;319,72
280,200;0,305;25,20;1,19;0,09;319,81
280,300;0,254;25,18;1,17;0,06;319,88
280,400;0,444;25,18;1,17;0,20;320,08
280,500;0,464;25,20;1,19;0,22;320,29
280,600;0,312;25,18;1,17;0,10;320,39
280,700;0,217;25,19;1,18;0,05;320,44
280,800;0,358;25,19;1,18;0,13;320,56
280,900;0,507;25,19;1,18;0,26;320,82
281,000;0,349;25,19;1,18;0,12;320,94
281,100;0,272;25,18;1,17;0,07;321,02
281,200;0,376;25,21;1,20;0,14;321,16
281,300;0,469;25,18;1,17;0,22;321,38
281,400;0,331;25,20;1,19;0,11;321,49
281,500;0,245;25,19;1,18;0,06;321,55
281,600;0,350;25,20;1,19;0,12;321,67
281,700;0,489;25,20;1,19;0,24;321,91
281,800;0,362;25,20;1,19;0,13;322,04
281,900;0,246;25,18;1,17;0,06;322,10
282,000;0,351;25,20;1,19;0,12;322,23
282,100;0,489;25,20;1,19;0,24;322,46
282,200;0,330;25,20;1,19;0,11;322,57
282,300;0,257;25,22;1,21;0,07;322,64
282,400;0,307;25,19;1,18;0,09;322,73
282,500;0,486;25,18;1,17;0,24;322,97
282,600;0,386;25,21;1,20;0,15;323,12
282,700;0,252;25,21;1,20;0,06;323,18
282,800;0,283;25,18;1,17;0,08;323,26
282,900;0,459;25,21;1,20;0,21;323,47
283,000;0,441;25,20;1,19;0,19;323,67
283,100;0,269;25,21;1,20;0,07;323,74
283,200;0,312;25,21;1,20;0,10;323,84
283,300;0,445;25,20;1,19;0,20;324,04
283,400;0,444;25,21;1,20;0,20;324,23
283,500;0,282;25,21;1,20;0,08;324,31
283,600;0,258;25,21;1,20;0,07;324,38
283,700;0,489;25,23;1,22;0,24;324,62
283,800;0,393;25,21;1,20;0,15;324,77
283,900;0,297;25,20;1,19;0,09;324,86
284,000;0,267;25,21;1,20;0,07;324,93
284,100;0,422;25,20;1,19;0,18;325,11
284,200;0,439;25,23;1,22;0,19;325,30
284,300;0,340;25,21;1,20;0,12;325,42
284,400;0,240;25,22;1,21;0,06;325,48
284,500;0,425;25,22;1,21;0,18;325,66
284,600;0,470;25,22;1,21;0,22;325,88
284,700;0,328;25,22;1,21;0,11;325,98
284,800;0,256;25,22;1,21;0,07;326,05
284,900;0,365;25,20;1,19;0,13;326,18
285,000;0,476;25,21;1,20;0,23;326,41
285,100;0,355;25,21;1,20;0,13;326,53
285,200;0,242;25,22;1,21;0,06;326,59
285,300;0,384;25,22;1,21;0,15;326,74
285,400;0,456;25,21;1,20;0,21;326,95
285,500;0,358;25,21;1,20;0,13;327,08
285,600;0,262;25,20;1,19;0,07;327,14
285,700;0,360;25,20;1,19;0,13;327,27
285,800;0,489;25,22;1,21;0,24;327,51
285,900;0,355;25,23;1,22;0,13;327,64
286,000;0,222;25,21;1,20;0,05;327,69
286,100;0,288;25,21;1,20;0,08;327,77
286,200;0,437;25,21;1,20;0,19;327,96
286,300;0,449;25,21;1,20;0,20;328,17
286,400;0,225;25,22;1,21;0,05;328,22
286,500;0,337;25,22;1,21;0,11;328,33
286,600;0,467;25,22;1,21;0,22;328,55
286,700;0,404;25,22;1,21;0,16;328,71
286,800;0,293;25,22;1,21;0,09;328,80
286,900;0,288;25,23;1,22;0,08;328,88
287,000;0,438;25,24;1,23;0,19;329,07
287,100;0,453;25,22;1,21;0,21;329,28
287,200;0,293;25,24;1,23;0,09;329,36
287,300;0,329;25,21;1,20;0,11;329,47
287,400;0,499;25,23;1,22;0,25;329,72
287,500;0,410;25,23;1,22;0,17;329,89
287,600;0,258;25,22;1,21;0,07;329,95
287,700;0,371;25,21;1,20;0,14;330,09
287,800;0,517;25,23;1,22;0,27;330,36
287,900;0,378;25,23;1,22;0,14;330,50
288,000;0,300;25,23;1,22;0,09;330,59
288,100;0,372;25,23;1,22;0,14;330,73
288,200;0,520;25,21;1,20;0,27;331,00
288,300;0,310;25,24;1,23;0,10;331,10
288,400;0,315;25,23;1,22;0,10;331,20
288,500;0,481;25,22;1,21;0,23;331,43
288,600;0,471;25,24;1,23;0,22;331,65
288,700;0,275;25,23;1,22;0,08;331,73
288,800;0,341;25,23;1,22;0,12;331,84
288,900;0,488;25,23;1,22;0,24;332,08
289,000;0,447;25,22;1,21;0,20;332,28
289,100;0,288;25,22;1,21;0,08;332,36
289,200;0,333;25,22;1,21;0,11;332,47
289,300;0,485;25,23;1,22;0,24;332,71
289,400;0,447;25,23;1,22;0,20;332,91
289,500;0,300;25,21;1,20;0,09;333,00
289,600;0,390;25,24;1,23;0,15;333,15
289,700;0,477;25,22;1,21;0,23;333,38
289,800;0,350;25,23;1,22;0,12;333,50
289,900;0,318;25,23;1,22;0,10;333,60
290,000;0,428;25,21;1,20;0,18;333,79
290,100;0,479;25,23;1,22;0,23;334,02
290,200;0,328;25,24;1,23;0,11;334,12
290,300;0,314;25,27;1,25;0,10;334,22
290,400;0,481;25,22;1,21;0,23;334,45
290,500;0,442;25,25;1,24;0,20;334,65
290,600;0,332;25,24;1,23;0,11;334,76
290,700;0,376;25,23;1,22;0,14;334,90
290,800;0,486;25,23;1,22;0,24;335,14
290,900;0,381;25,27;1,25;0,15;335,28
291,000;0,303;25,24;1,23;0,09;335,37
291,100;0,390;25,24;1,23;0,15;335,53
291,200;0,488;25,23;1,22;0,24;335,76
291,300;0,205;25,23;1,22;0,04;335,81
291,400;0,329;25,22;1,21;0,11;335,91
291,500;0,198;25,25;1,24;0,04;335,95
291,600;0,423;25,25;1,24;0,18;336,13
291,700;0,447;25,24;1,23;0,20;336,33
291,800;0,333;25,25;1,24;0,11;336,44
291,900;0,346;25,27;1,25;0,12;336,56
292,000;0,515;25,24;1,23;0,27;336,83
292,100;0,386;25,24;1,23;0,15;336,98
292,200;0,291;25,23;1,22;0,08;337,06
292,300;0,299;25,27;1,25;0,09;337,15
292,400;0,159;25,24;1,23;0,03;337,18
292,500;0,038;25,27;1,25;0,00;337,18
292,600;-1,256E-4;25,25;1,24;1,58E-8;337,18
292,700;-3,140E-5;25,27;1,25;9,86E-10;337,18
292,800;-3,140E-5;25,24;1,23;9,86E-10;337,18
292,900;-6,281E-5;25,27;1,25;3,94E-9;337,18
293,000;-9,421E-5;25,25;1,24;8,88E-9;337,18
293,100;-3,140E-5;25,25;1,24;9,86E-10;337,18
293,200;-1,256E-4;25,27;1,25;1,58E-8;337,18
293,300;-9,421E-5;25,24;1,23;8,88E-9;337,18
293,400;-6,281E-5;25,27;1,25;3,94E-9;337,18
293,500;-3,140E-5;25,25;1,24;9,86E-10;337,18
293,600;-9,421E-5;25,25;1,24;8,88E-9;337,18
293,700;-9,421E-5;25,27;1,25;8,88E-9;337,18
293,800;0,004;25,28;1,27;2,02E-5;337,18
293,900;0,047;25,25;1,24;0,00;337,18
294,000;0,074;25,27;1,25;0,01;337,19
294,100;0,018;25,27;1,25;3,13E-4;337,19
294,200;0,086;25,25;1,24;0,01;337,19
294,300;0,062;25,25;1,24;0,00;337,20
294,400;0,087;25,28;1,27;0,01;337,20
294,500;0,223;25,27;1,25;0,05;337,25
294,600;0,360;25,27;1,25;0,13;337,38
294,700;0,344;25,27;1,25;0,12;337,50
294,800;0,399;25,29;1,28;0,16;337,66
294,900;0,293;25,25;1,24;0,09;337,75
295,000;0,237;25,27;1,25;0,06;337,80
295,100;0,439;25,27;1,25;0,19;338,00
295,200;0,389;25,29;1,28;0,15;338,15
295,300;0,400;25,28;1,27;0,16;338,31
295,400;0,191;25,27;1,25;0,04;338,34
295,500;0,400;25,25;1,24;0,16;338,50
295,600;0,357;25,28;1,27;0,13;338,63
295,700;0,443;25,25;1,24;0,20;338,83
295,800;0,187;25,27;1,25;0,04;338,86
295,900;0,375;25,28;1,27;0,14;339,00
296,000;0,351;25,27;1,25;0,12;339,13
296,100;0,453;25,28;1,27;0,20;339,33
296,200;0,240;25,29;1,28;0,06;339,39
296,300;0,344;25,27;1,25;0,12;339,51
296,400;0,431;25,27;1,25;0,19;339,69
296,500;0,331;25,27;1,25;0,11;339,80
296,600;0,343;25,28;1,27;0,12;339,92
296,700;0,266;25,27;1,25;0,07;339,99
296,800;0,414;25,27;1,25;0,17;340,16
296,900;0,229;25,28;1,27;0,05;340,21
297,000;0,021;25,28;1,27;4,28E-4;340,21
297,100;-6,281E-5;25,28;1,27;3,94E-9;340,21
297,200;-0,003;25,28;1,27;1,01E-5;340,21
297,300;-9,421E-5;25,27;1,25;8,88E-9;340,21
297,400;-6,281E-5;25,29;1,28;3,94E-9;340,21
297,500;-9,421E-5;25,28;1,27;8,88E-9;340,21
297,600;-9,421E-5;25,29;1,28;8,88E-9;340,21
297,700;0,000;25,29;1,28;0,00;340,21
297,800;-1,256E-4;25,28;1,27;1,58E-8;340,21
297,900;-9,421E-5;25,28;1,27;8,88E-9;340,21
298,000;-6,281E-5;25,28;1,27;3,94E-9;340,21
298,100;-6,281E-5;25,29;1,28;3,94E-9;340,21
298,200;-9,421E-5;25,29;1,28;8,88E-9;340,21
298,300;-9,421E-5;25,30;1,29;8,88E-9;340,21
298,400;-1,884E-4;25,30;1,29;3,55E-8;340,21
298,500;-1,256E-4;25,28;1,27;1,58E-8;340,21
298,600;-9,421E-5;25,28;1,27;8,88E-9;340,21
298,700;-6,281E-5;25,29;1,28;3,94E-9;340,21
298,800;-6,281E-5;25,29;1,28;3,94E-9;340,21
298,900;-6,281E-5;25,29;1,28;3,94E-9;340,21
299,000;-9,421E-5;25,28;1,27;8,88E-9;340,21
299,100;0,003;25,30;1,29;7,64E-6;340,21
299,200;-9,421E-5;25,29;1,28;8,88E-9;340,21
299,300;0,002;25,29;1,28;2,37E-6;340,21
299,400;0,226;25,30;1,29;0,05;340,27
299,500;0,298;25,30;1,29;0,09;340,35
299,600;0,262;25,28;1,27;0,07;340,42
299,700;0,311;25,30;1,29;0,10;340,52
299,800;0,297;25,29;1,28;0,09;340,61
299,900;0,286;25,29;1,28;0,08;340,69
300,000;0,320;25,28;1,27;0,10;340,79
300,100;0,272;25,30;1,29;0,07;340,87
300,200;0,468;25,30;1,29;0,22;341,09
300,300;0,361;25,30;1,29;0,13;341,22
300,400;0,300;25,30;1,29;0,09;341,31
300,500;0,230;25,31;1,30;0,05;341,36
300,600;0,407;25,31;1,30;0,17;341,53
300,700;0,203;25,30;1,29;0,04;341,57
300,800;0,290;25,30;1,29;0,08;341,65
300,900;0,359;25,32;1,31;0,13;341,78
301,000;0,196;25,30;1,29;0,04;341,82
301,100;0,174;25,31;1,30;0,03;341,85
301,200;0,029;25,30;1,29;8,47E-4;341,85
301,300;-9,421E-5;25,30;1,29;8,88E-9;341,85
301,400;-1,256E-4;25,31;1,30;1,58E-8;341,85
301,500;-9,421E-5;25,30;1,29;8,88E-9;341,85
301,600;-6,281E-5;25,31;1,30;3,94E-9;341,85
301,700;-9,421E-5;25,31;1,30;8,88E-9;341,85
301,800;-6,281E-5;25,30;1,29;3,94E-9;341,85
301,900;-0,007;25,30;1,29;4,69E-5;341,85
302,000;9,421E-5;25,29;1,28;8,88E-9;341,85
302,100;0,080;25,31;1,30;0,01;341,85
302,200;0,356;25,32;1,31;0,13;341,98
302,300;0,372;25,30;1,29;0,14;342,12
302,400;0,347;25,31;1,30;0,12;342,24
302,500;0,302;25,31;1,30;0,09;342,33
302,600;0,496;25,31;1,30;0,25;342,58
302,700;0,375;25,30;1,29;0,14;342,72
302,800;0,343;25,30;1,29;0,12;342,84
302,900;0,370;25,30;1,29;0,14;342,97
303,000;0,460;25,32;1,31;0,21;343,18
303,100;0,432;25,31;1,30;0,19;343,37
303,200;0,266;25,31;1,30;0,07;343,44
303,300;0,407;25,31;1,30;0,17;343,61
303,400;0,435;25,30;1,29;0,19;343,80
303,500;0,402;25,32;1,31;0,16;343,96
303,600;0,332;25,30;1,29;0,11;344,07
303,700;0,467;25,31;1,30;0,22;344,29
303,800;0,396;25,31;1,30;0,16;344,44
303,900;0,331;25,32;1,31;0,11;344,55
304,000;0,401;25,30;1,29;0,16;344,71
304,100;0,443;25,30;1,29;0,20;344,91
304,200;0,391;25,33;1,32;0,15;345,06
304,300;0,347;25,31;1,30;0,12;345,18
304,400;0,427;25,31;1,30;0,18;345,37
304,500;0,382;25,31;1,30;0,15;345,51
304,600;0,401;25,30;1,29;0,16;345,67
304,700;0,396;25,33;1,32;0,16;345,83
304,800;0,466;25,32;1,31;0,22;346,05
304,900;0,370;25,33;1,32;0,14;346,18
305,000;0,367;25,32;1,31;0,13;346,32
305,100;0,468;25,33;1,32;0,22;346,54
305,200;0,363;25,32;1,31;0,13;346,67
305,300;0,506;25,33;1,32;0,26;346,92
305,400;0,353;25,32;1,31;0,12;347,05
305,500;0,426;25,31;1,30;0,18;347,23
305,600;0,387;25,31;1,30;0,15;347,38
305,700;0,392;25,33;1,32;0,15;347,53
305,800;0,429;25,33;1,32;0,18;347,72
305,900;0,373;25,32;1,31;0,14;347,86
306,000;0,428;25,32;1,31;0,18;348,04
306,100;0,356;25,32;1,31;0,13;348,17
306,200;0,470;25,33;1,32;0,22;348,39
306,300;0,302;25,32;1,31;0,09;348,48
306,400;0,438;25,32;1,31;0,19;348,67
306,500;0,389;25,33;1,32;0,15;348,82
306,600;0,465;25,31;1,30;0,22;349,04
306,700;0,365;25,32;1,31;0,13;349,17
306,800;0,374;25,33;1,32;0,14;349,31
306,900;0,474;25,33;1,32;0,22;349,54
307,000;0,390;25,32;1,31;0,15;349,69
307,100;0,444;25,31;1,30;0,20;349,89
307,200;0,239;25,32;1,31;0,06;349,94
307,300;0,460;25,32;1,31;0,21;350,16
307,400;0,361;25,31;1,30;0,13;350,29
307,500;0,479;25,33;1,32;0,23;350,52
307,600;0,384;25,33;1,32;0,15;350,66
307,700;0,416;25,32;1,31;0,17;350,84
307,800;0,382;25,32;1,31;0,15;350,98
307,900;0,364;25,33;1,32;0,13;351,11
308,000;0,434;25,36;1,35;0,19;351,30
308,100;0,386;25,35;1,34;0,15;351,45
308,200;0,442;25,32;1,31;0,20;351,65
308,300;0,397;25,33;1,32;0,16;351,80
308,400;0,277;25,33;1,32;0,08;351,88
308,500;0,352;25,35;1,34;0,12;352,01
308,600;0,523;25,33;1,32;0,27;352,28
308,700;0,060;25,34;1,33;0,00;352,28
308,800;0,316;25,33;1,32;0,10;352,38
308,900;0,464;25,34;1,33;0,22;352,60
309,000;0,359;25,35;1,34;0,13;352,73
309,100;0,461;25,34;1,33;0,21;352,94
309,200;0,392;25,36;1,35;0,15;353,09
309,300;0,341;25,36;1,35;0,12;353,21
309,400;0,356;25,35;1,34;0,13;353,34
309,500;0,413;25,33;1,32;0,17;353,51
309,600;0,393;25,33;1,32;0,15;353,66
309,700;0,338;25,34;1,33;0,11;353,77
309,800;0,511;25,32;1,31;0,26;354,04
309,900;0,298;25,34;1,33;0,09;354,12
310,000;0,363;25,34;1,33;0,13;354,26
310,100;0,334;25,36;1,35;0,11;354,37
310,200;0,510;25,33;1,32;0,26;354,63
310,300;0,396;25,35;1,34;0,16;354,78
310,400;0,353;25,34;1,33;0,12;354,91
310,500;0,311;25,34;1,33;0,10;355,01
310,600;0,422;25,34;1,33;0,18;355,18
310,700;0,395;25,33;1,32;0,16;355,34
310,800;0,397;25,35;1,34;0,16;355,50
310,900;0,294;25,34;1,33;0,09;355,58
311,000;0,402;25,36;1,35;0,16;355,75
311,100;0,386;25,35;1,34;0,15;355,90
311,200;0,432;25,35;1,34;0,19;356,08
311,300;0,318;25,36;1,35;0,10;356,18
311,400;0,432;25,36;1,35;0,19;356,37
311,500;0,443;25,35;1,34;0,20;356,57
311,600;0,345;25,36;1,35;0,12;356,68
311,700;0,312;25,36;1,35;0,10;356,78
311,800;0,384;25,36;1,35;0,15;356,93
311,900;0,464;25,34;1,33;0,22;357,14
312,000;0,276;25,35;1,34;0,08;357,22
312,100;0,345;25,36;1,35;0,12;357,34
312,200;0,425;25,34;1,33;0,18;357,52
312,300;0,436;25,34;1,33;0,19;357,71
312,400;0,265;25,35;1,34;0,07;357,78
312,500;0,365;25,35;1,34;0,13;357,91
312,600;0,379;25,38;1,37;0,14;358,06
312,700;0,451;25,32;1,31;0,20;358,26
312,800;0,244;25,36;1,35;0,06;358,32
312,900;0,375;25,38;1,37;0,14;358,46
313,000;0,355;25,36;1,35;0,13;358,59
313,100;0,378;25,36;1,35;0,14;358,73
313,200;0,176;25,36;1,35;0,03;358,76
313,300;0,294;25,38;1,37;0,09;358,85
313,400;0,345;25,34;1,33;0,12;358,97
313,500;0,188;25,36;1,35;0,04;359,00
313,600;0,336;25,38;1,37;0,11;359,11
313,700;0,484;25,36;1,35;0,23;359,35
313,800;0,303;25,37;1,36;0,09;359,44
313,900;0,393;25,36;1,35;0,15;359,59
314,000;0,308;25,36;1,35;0,09;359,69
314,100;0,448;25,36;1,35;0,20;359,89
314,200;0,287;25,36;1,35;0,08;359,97
314,300;0,493;25,37;1,36;0,24;360,22
314,400;0,318;25,36;1,35;0,10;360,32
314,500;0,328;25,36;1,35;0,11;360,42
314,600;0,230;25,36;1,35;0,05;360,48
314,700;0,459;25,37;1,36;0,21;360,69
314,800;0,191;25,37;1,36;0,04;360,72
314,900;0,392;25,36;1,35;0,15;360,88
315,000;0,280;25,38;1,37;0,08;360,96
315,100;0,446;25,36;1,35;0,20;361,15
315,200;0,238;25,36;1,35;0,06;361,21
315,300;0,121;25,38;1,37;0,01;361,23
315,400;0,375;25,38;1,37;0,14;361,37
315,500;0,175;25,37;1,36;0,03;361,40
315,600;0,024;25,38;1,37;5,92E-4;361,40
315,700;-9,421E-5;25,37;1,36;8,88E-9;361,40
315,800;-9,421E-5;25,36;1,35;8,88E-9;361,40
315,900;-9,421E-5;25,37;1,36;8,88E-9;361,40
316,000;-6,281E-5;25,37;1,36;3,94E-9;361,40
316,100;-1,256E-4;25,36;1,35;1,58E-8;361,40
316,200;-9,421E-5;25,37;1,36;8,88E-9;361,40
316,300;-1,256E-4;25,37;1,36;1,58E-8;361,40
316,400;-1,256E-4;25,37;1,36;1,58E-8;361,40
316,500;-6,281E-5;25,36;1,35;3,94E-9;361,40
316,600;-9,421E-5;25,38;1,37;8,88E-9;361,40
316,700;-1,884E-4;25,37;1,36;3,55E-8;361,40
316,800;-1,256E-4;25,37;1,36;1,58E-8;361,40
316,900;-1,256E-4;25,37;1,36;1,58E-8;361,40
317,000;-1,570E-4;25,39;1,38;2,47E-8;361,40
317,100;-9,421E-5;25,38;1,37;8,88E-9;361,40
317,200;-9,421E-5;25,38;1,37;8,88E-9;361,40
317,300;-9,421E-5;25,38;1,37;8,88E-9;361,40
317,400;-1,256E-4;25,37;1,36;1,58E-8;361,40
317,500;-9,421E-5;25,36;1,35;8,88E-9;361,40
317,600;-1,256E-4;25,38;1,37;1,58E-8;361,40
317,700;-9,421E-5;25,38;1,37;8,88E-9;361,40
317,800;-1,256E-4;25,38;1,37;1,58E-8;361,40
317,900;-1,256E-4;25,40;1,39;1,58E-8;361,40
318,000;-1,256E-4;25,38;1,37;1,58E-8;361,40
318,100;-6,281E-5;25,38;1,37;3,94E-9;361,40
318,200;-9,421E-5;25,36;1,35;8,88E-9;361,40
318,300;-9,421E-5;25,38;1,37;8,88E-9;361,40
318,400;-6,281E-5;25,38;1,37;3,94E-9;361,40
318,500;-9,421E-5;25,38;1,37;8,88E-9;361,40
318,600;-1,256E-4;25,39;1,38;1,58E-8;361,40
318,700;-3,140E-5;25,39;1,38;9,86E-10;361,40
318,800;-1,570E-4;25,36;1,35;2,47E-8;361,40
318,900;-9,421E-5;25,39;1,38;8,88E-9;361,40
319,000;-3,140E-5;25,39;1,38;9,86E-10;361,40
319,100;-9,421E-5;25,38;1,37;8,88E-9;361,40
319,200;-3,140E-5;25,38;1,37;9,86E-10;361,40
319,300;-3,140E-5;25,37;1,36;9,86E-10;361,40
319,400;-6,281E-5;25,39;1,38;3,94E-9;361,40
319,500;-6,281E-5;25,40;1,39;3,94E-9;361,40
319,600;-9,421E-5;25,38;1,37;8,88E-9;361,40
319,700;-9,421E-5;25,39;1,38;8,88E-9;361,40
319,800;-3,140E-5;25,39;1,38;9,86E-10;361,40
319,900;-3,140E-5;25,39;1,38;9,86E-10;361,40
320,000;-6,281E-5;25,39;1,38;3,94E-9;361,40
320,100;-9,421E-5;25,40;1,39;8,88E-9;361,40
320,200;-3,140E-5;25,38;1,37;9,86E-10;361,40
320,300;-6,281E-5;25,38;1,37;3,94E-9;361,40
320,400;-6,281E-5;25,39;1,38;3,94E-9;361,40
320,500;-6,281E-5;25,38;1,37;3,94E-9;361,40
320,600;-6,281E-5;25,39;1,38;3,94E-9;361,40
320,700;-6,281E-5;25,38;1,37;3,94E-9;361,40
320,800;-3,140E-5;25,39;1,38;9,86E-10;361,40
320,900;-1,256E-4;25,39;1,38;1,58E-8;361,40
321,000;-6,281E-5;25,39;1,38;3,94E-9;361,40
321,100;-3,140E-5;25,39;1,38;9,86E-10;361,40
321,200;-9,421E-5;25,40;1,39;8,88E-9;361,40
321,300;0,000;25,40;1,39;0,00;361,40
321,400;-6,281E-5;25,40;1,39;3,94E-9;361,40
321,500;-6,281E-5;25,40;1,39;3,94E-9;361,40
321,600;-3,140E-5;25,38;1,37;9,86E-10;361,40
321,700;-6,281E-5;25,40;1,39;3,94E-9;361,40
321,800;-3,140E-5;25,39;1,38;9,86E-10;361,40
321,900;-6,281E-5;25,40;1,39;3,94E-9;361,40
322,000;-3,140E-5;25,39;1,38;9,86E-10;361,40
322,100;-1,570E-4;25,38;1,37;2,47E-8;361,40
322,200;-9,421E-5;25,40;1,39;8,88E-9;361,40
322,300;-6,281E-5;25,38;1,37;3,94E-9;361,40
322,400;-1,256E-4;25,40;1,39;1,58E-8;361,40
322,500;-3,140E-5;25,40;1,39;9,86E-10;361,40
322,600;-6,281E-5;25,39;1,38;3,94E-9;361,40
322,700;-1,256E-4;25,39;1,38;1,58E-8;361,40
322,800;-6,281E-5;25,42;1,40;3,94E-9;361,40
322,900;-3,140E-5;25,40;1,39;9,86E-10;361,40
323,000;-1,884E-4;25,39;1,38;3,55E-8;361,40
323,100;-9,421E-5;25,42;1,40;8,88E-9;361,40
323,200;-9,421E-5;25,39;1,38;8,88E-9;361,40
323,300;-9,421E-5;25,44;1,43;8,88E-9;361,40
323,400;-6,281E-5;25,40;1,39;3,94E-9;361,40
323,500;-9,421E-5;25,42;1,40;8,88E-9;361,40
323,600;-1,570E-4;25,42;1,40;2,47E-8;361,40
323,700;-1,256E-4;25,40;1,39;1,58E-8;361,40
323,800;-1,570E-4;25,43;1,42;2,47E-8;361,40
323,900;-1,570E-4;25,42;1,40;2,47E-8;361,40
324,000;9,421E-5;25,39;1,38;8,88E-9;361,40
324,100;-3,140E-5;25,40;1,39;9,86E-10;361,40
324,200;-9,421E-5;25,42;1,40;8,88E-9;361,40
324,300;-6,281E-5;25,42;1,40;3,94E-9;361,40
324,400;-9,421E-5;25,40;1,39;8,88E-9;361,40
324,500;0,007;25,40;1,39;4,69E-5;361,40
324,600;0,141;25,40;1,39;0,02;361,42
324,700;0,209;25,42;1,40;0,04;361,46
324,800;0,274;25,40;1,39;0,07;361,54
324,900;0,296;25,43;1,42;0,09;361,62
325,000;0,304;25,43;1,42;0,09;361,72
325,100;0,229;25,42;1,40;0,05;361,77
325,200;0,116;25,40;1,39;0,01;361,78
325,300;0,047;25,42;1,40;0,00;361,79
325,400;-0,083;25,40;1,39;0,01;361,79
325,500;-0,193;25,40;1,39;0,04;361,83
325,600;-0,027;25,43;1,42;7,40E-4;361,83
325,700;0,193;25,40;1,39;0,04;361,87
325,800;0,172;25,42;1,40;0,03;361,90
325,900;0,297;25,43;1,42;0,09;361,99
326,000;0,467;25,42;1,40;0,22;362,20
326,100;0,457;25,40;1,39;0,21;362,41
326,200;0,246;25,44;1,43;0,06;362,47
326,300;0,381;25,40;1,39;0,14;362,62
326,400;0,514;25,40;1,39;0,26;362,88
326,500;0,449;25,44;1,43;0,20;363,08
326,600;0,221;25,43;1,42;0,05;363,13
326,700;0,403;25,40;1,39;0,16;363,30
326,800;0,541;25,43;1,42;0,29;363,59
326,900;0,299;25,42;1,40;0,09;363,68
327,000;0,280;25,40;1,39;0,08;363,76
327,100;0,405;25,43;1,42;0,16;363,92
327,200;0,497;25,43;1,42;0,25;364,17
327,300;0,274;25,44;1,43;0,08;364,24
327,400;0,271;25,44;1,43;0,07;364,32
327,500;0,410;25,44;1,43;0,17;364,48
327,600;0,493;25,42;1,40;0,24;364,73
327,700;0,327;25,45;1,44;0,11;364,83
327,800;0,332;25,43;1,42;0,11;364,94
327,900;0,461;25,43;1,42;0,21;365,16
328,000;0,464;25,44;1,43;0,22;365,37
328,100;0,263;25,44;1,43;0,07;365,44
328,200;0,351;25,44;1,43;0,12;365,56
328,300;0,512;25,44;1,43;0,26;365,83
328,400;0,395;25,44;1,43;0,16;365,98
328,500;0,281;25,44;1,43;0,08;366,06
328,600;0,360;25,43;1,42;0,13;366,19
328,700;0,510;25,44;1,43;0,26;366,45
328,800;0,377;25,45;1,44;0,14;366,59
328,900;0,264;25,43;1,42;0,07;366,66
329,000;0,359;25,42;1,40;0,13;366,79
329,100;0,519;25,45;1,44;0,27;367,06
329,200;0,301;25,44;1,43;0,09;367,15
329,300;0,346;25,44;1,43;0,12;367,27
329,400;0,434;25,44;1,43;0,19;367,46
329,500;0,514;25,44;1,43;0,26;367,72
329,600;0,253;25,44;1,43;0,06;367,79
329,700;0,316;25,45;1,44;0,10;367,89
329,800;0,466;25,45;1,44;0,22;368,10
329,900;0,459;25,43;1,42;0,21;368,32
330,000;0,243;25,44;1,43;0,06;368,37
330,100;0,334;25,45;1,44;0,11;368,49
330,200;0,494;25,44;1,43;0,24;368,73
330,300;0,433;25,45;1,44;0,19;368,92
330,400;0,280;25,46;1,45;0,08;369,00
330,500;0,350;25,46;1,45;0,12;369,12
330,600;0,485;25,43;1,42;0,24;369,35
330,700;0,396;25,46;1,45;0,16;369,51
330,800;0,261;25,44;1,43;0,07;369,58
330,900;0,301;25,47;1,46;0,09;369,67
331,000;0,489;25,45;1,44;0,24;369,91
331,100;0,424;25,44;1,43;0,18;370,09
331,200;0,293;25,45;1,44;0,09;370,17
331,300;0,304;25,46;1,45;0,09;370,27
331,400;0,487;25,47;1,46;0,24;370,50
331,500;0,410;25,45;1,44;0,17;370,67
331,600;0,262;25,44;1,43;0,07;370,74
331,700;0,308;25,47;1,46;0,09;370,84
331,800;0,488;25,47;1,46;0,24;371,07
331,900;0,401;25,46;1,45;0,16;371,23
332,000;0,319;25,47;1,46;0,10;371,34
332,100;0,295;25,45;1,44;0,09;371,42
332,200;0,496;25,45;1,44;0,25;371,67
332,300;0,397;25,47;1,46;0,16;371,83
332,400;0,294;25,45;1,44;0,09;371,91
332,500;0,315;25,45;1,44;0,10;372,01
332,600;0,505;25,45;1,44;0,26;372,27
332,700;0,376;25,45;1,44;0,14;372,41
332,800;0,283;25,45;1,44;0,08;372,49
332,900;0,310;25,45;1,44;0,10;372,58
333,000;0,508;25,44;1,43;0,26;372,84
333,100;0,387;25,44;1,43;0,15;372,99
333,200;0,257;25,47;1,46;0,07;373,06
333,300;0,353;25,47;1,46;0,12;373,18
333,400;0,505;25,45;1,44;0,26;373,44
333,500;0,376;25,48;1,47;0,14;373,58
333,600;0,294;25,45;1,44;0,09;373,67
333,700;0,370;25,47;1,46;0,14;373,80
333,800;0,510;25,48;1,47;0,26;374,06
333,900;0,332;25,46;1,45;0,11;374,17
334,000;0,244;25,47;1,46;0,06;374,23
334,100;0,345;25,46;1,45;0,12;374,35
334,200;0,495;25,46;1,45;0,25;374,60
334,300;0,341;25,46;1,45;0,12;374,71
334,400;0,246;25,47;1,46;0,06;374,77
334,500;0,295;25,47;1,46;0,09;374,86
334,600;0,449;25,46;1,45;0,20;375,06
334,700;0,289;25,46;1,45;0,08;375,14
334,800;0,276;25,48;1,47;0,08;375,22
334,900;0,309;25,46;1,45;0,10;375,32
335,000;0,381;25,47;1,46;0,14;375,46
335,100;0,504;25,48;1,47;0,25;375,72
335,200;0,301;25,48;1,47;0,09;375,81
335,300;0,310;25,47;1,46;0,10;375,90
335,400;0,430;25,47;1,46;0,18;376,09
335,500;0,496;25,48;1,47;0,25;376,33
335,600;0,229;25,47;1,46;0,05;376,39
335,700;0,315;25,48;1,47;0,10;376,49
335,800;0,394;25,48;1,47;0,16;376,64
335,900;0,462;25,46;1,45;0,21;376,85
336,000;0,289;25,48;1,47;0,08;376,94
336,100;0,283;25,47;1,46;0,08;377,02
336,200;0,420;25,48;1,47;0,18;377,19
336,300;0,496;25,48;1,47;0,25;377,44
336,400;0,272;25,46;1,45;0,07;377,51
336,500;0,289;25,47;1,46;0,08;377,60
336,600;0,418;25,48;1,47;0,17;377,77
336,700;0,484;25,46;1,45;0,23;378,01
336,800;0,285;25,48;1,47;0,08;378,09
336,900;0,281;25,47;1,46;0,08;378,17
337,000;0,401;25,47;1,46;0,16;378,33
337,100;0,463;25,47;1,46;0,21;378,54
337,200;0,242;25,47;1,46;0,06;378,60
337,300;0,331;25,47;1,46;0,11;378,71
337,400;0,435;25,48;1,47;0,19;378,90
337,500;0,461;25,48;1,47;0,21;379,11
337,600;0,300;25,47;1,46;0,09;379,20
337,700;0,306;25,49;1,48;0,09;379,30
337,800;0,441;25,46;1,45;0,19;379,49
337,900;0,439;25,49;1,48;0,19;379,68
338,000;0,257;25,48;1,47;0,07;379,75
338,100;0,308;25,46;1,45;0,09;379,84
338,200;0,441;25,48;1,47;0,19;380,04
338,300;0,452;25,49;1,48;0,20;380,24
338,400;0,293;25,49;1,48;0,09;380,33
338,500;0,289;25,48;1,47;0,08;380,41
338,600;0,412;25,49;1,48;0,17;380,58
338,700;0,478;25,49;1,48;0,23;380,81
338,800;0,250;25,48;1,47;0,06;380,87
338,900;0,289;25,49;1,48;0,08;380,95
339,000;0,406;25,49;1,48;0,16;381,12
339,100;0,486;25,48;1,47;0,24;381,36
339,200;0,271;25,49;1,48;0,07;381,43
339,300;0,269;25,49;1,48;0,07;381,50
339,400;0,364;25,50;1,49;0,13;381,63
339,500;0,454;25,49;1,48;0,21;381,84
339,600;0,344;25,51;1,50;0,12;381,96
339,700;0,256;25,50;1,49;0,07;382,02
339,800;0,367;25,49;1,48;0,13;382,16
339,900;0,502;25,47;1,46;0,25;382,41
340,000;0,327;25,48;1,47;0,11;382,52
340,100;0,286;25,47;1,46;0,08;382,60
340,200;0,397;25,48;1,47;0,16;382,76
340,300;0,479;25,49;1,48;0,23;382,99
340,400;0,298;25,49;1,48;0,09;383,07
340,500;0,254;25,49;1,48;0,06;383,14
340,600;0,334;25,50;1,49;0,11;383,25
340,700;0,470;25,49;1,48;0,22;383,47
340,800;0,333;25,50;1,49;0,11;383,58
340,900;0,268;25,49;1,48;0,07;383,65
341,000;0,281;25,50;1,49;0,08;383,73
341,100;0,496;25,49;1,48;0,25;383,98
341,200;0,391;25,50;1,49;0,15;384,13
341,300;0,259;25,48;1,47;0,07;384,20
341,400;0,322;25,50;1,49;0,10;384,30
341,500;0,473;25,50;1,49;0,22;384,53
341,600;0,386;25,50;1,49;0,15;384,68
341,700;0,245;25,48;1,47;0,06;384,74
341,800;0,307;25,49;1,48;0,09;384,83
341,900;0,441;25,50;1,49;0,19;385,02
342,000;0,394;25,51;1,50;0,16;385,18
342,100;0,329;25,50;1,49;0,11;385,29
342,200;0,265;25,50;1,49;0,07;385,36
342,300;0,376;25,50;1,49;0,14;385,50
342,400;0,470;25,50;1,49;0,22;385,72
342,500;0,267;25,50;1,49;0,07;385,79
342,600;0,258;25,50;1,49;0,07;385,86
342,700;0,363;25,50;1,49;0,13;385,99
342,800;0,461;25,50;1,49;0,21;386,20
342,900;0,368;25,50;1,49;0,14;386,34
343,000;0,253;25,50;1,49;0,06;386,40
343,100;0,345;25,49;1,48;0,12;386,52
343,200;0,478;25,49;1,48;0,23;386,75
343,300;0,306;25,50;1,49;0,09;386,84
343,400;0,287;25,50;1,49;0,08;386,93
343,500;0,326;25,51;1,50;0,11;387,03
343,600;0,481;25,50;1,49;0,23;387,26
343,700;0,386;25,51;1,50;0,15;387,41
343,800;0,261;25,51;1,50;0,07;387,48
343,900;0,330;25,51;1,50;0,11;387,59
344,000;0,436;25,50;1,49;0,19;387,78
344,100;0,382;25,51;1,50;0,15;387,93
344,200;0,275;25,51;1,50;0,08;388,00
344,300;0,342;25,50;1,49;0,12;388,12
344,400;0,458;25,51;1,50;0,21;388,33
344,500;0,404;25,51;1,50;0,16;388,49
344,600;0,248;25,50;1,49;0,06;388,55
344,700;0,330;25,52;1,51;0,11;388,66
344,800;0,438;25,51;1,50;0,19;388,85
344,900;0,417;25,50;1,49;0,17;389,03
345,000;0,248;25,51;1,50;0,06;389,09
345,100;0,322;25,50;1,49;0,10;389,19
345,200;0,413;25,50;1,49;0,17;389,36
345,300;0,426;25,51;1,50;0,18;389,54
345,400;0,249;25,51;1,50;0,06;389,61
345,500;0,281;25,52;1,51;0,08;389,68
345,600;0,334;25,52;1,51;0,11;389,80
345,700;0,450;25,50;1,49;0,20;390,00
345,800;0,345;25,52;1,51;0,12;390,12
345,900;0,251;25,51;1,50;0,06;390,18
346,000;0,340;25,52;1,51;0,12;390,30
346,100;0,458;25,51;1,50;0,21;390,51
346,200;0,378;25,51;1,50;0,14;390,65
346,300;0,206;25,52;1,51;0,04;390,69
346,400;0,285;25,53;1,52;0,08;390,77
346,500;0,330;25,51;1,50;0,11;390,88
346,600;0,347;25,52;1,51;0,12;391,00
346,700;0,257;25,51;1,50;0,07;391,07
346,800;0,259;25,51;1,50;0,07;391,14
346,900;0,344;25,52;1,51;0,12;391,25
347,000;0,470;25,51;1,50;0,22;391,47
347,100;0,380;25,50;1,49;0,14;391,62
347,200;0,218;25,51;1,50;0,05;391,67
347,300;0,301;25,53;1,52;0,09;391,76
347,400;0,366;25,54;1,53;0,13;391,89
347,500;0,436;25,52;1,51;0,19;392,08
347,600;0,345;25,53;1,52;0,12;392,20
347,700;0,230;25,52;1,51;0,05;392,25
347,800;0,317;25,52;1,51;0,10;392,35
347,900;0,442;25,53;1,52;0,20;392,55
348,000;0,257;25,52;1,51;0,07;392,62
348,100;0,319;25,53;1,52;0,10;392,72
348,200;0,256;25,51;1,50;0,07;392,78
348,300;0,467;25,53;1,52;0,22;393,00
348,400;0,434;25,51;1,50;0,19;393,19
348,500;0,203;25,53;1,52;0,04;393,23
348,600;0,322;25,53;1,52;0,10;393,33
348,700;0,398;25,53;1,52;0,16;393,49
348,800;0,461;25,51;1,50;0,21;393,71
348,900;0,267;25,52;1,51;0,07;393,78
349,000;0,269;25,53;1,52;0,07;393,85
349,100;0,376;25,52;1,51;0,14;393,99
349,200;0,463;25,53;1,52;0,21;394,21
349,300;0,304;25,53;1,52;0,09;394,30
349,400;0,200;25,52;1,51;0,04;394,34
349,500;0,341;25,54;1,53;0,12;394,45
349,600;0,470;25,52;1,51;0,22;394,68
349,700;0,383;25,54;1,53;0,15;394,82
349,800;0,191;25,56;1,54;0,04;394,86
349,900;0,307;25,52;1,51;0,09;394,95
350,000;0,421;25,54;1,53;0,18;395,13
350,100;0,454;25,54;1,53;0,21;395,34
350,200;0,208;25,51;1,50;0,04;395,38
350,300;0,280;25,53;1,52;0,08;395,46
350,400;0,364;25,54;1,53;0,13;395,59
350,500;0,450;25,54;1,53;0,20;395,79
350,600;0,373;25,54;1,53;0,14;395,93
350,700;0,190;25,54;1,53;0,04;395,97
350,800;0,297;25,53;1,52;0,09;396,06
350,900;0,462;25,53;1,52;0,21;396,27
351,000;0,383;25,56;1,54;0,15;396,42
351,100;0,195;25,53;1,52;0,04;396,46
351,200;0,328;25,53;1,52;0,11;396,56
351,300;0,365;25,52;1,51;0,13;396,70
351,400;0,448;25,53;1,52;0,20;396,90
351,500;0,270;25,54;1,53;0,07;396,97
351,600;0,249;25,56;1,54;0,06;397,03
351,700;0,360;25,57;1,56;0,13;397,16
351,800;0,461;25,54;1,53;0,21;397,37
351,900;0,365;25,54;1,53;0,13;397,51
352,000;0,221;25,57;1,56;0,05;397,56
352,100;0,343;25,53;1,52;0,12;397,67
352,200;0,466;25,54;1,53;0,22;397,89
352,300;0,378;25,54;1,53;0,14;398,03
352,400;0,185;25,54;1,53;0,03;398,07
352,500;0,325;25,54;1,53;0,11;398,17
352,600;0,420;25,54;1,53;0,18;398,35
352,700;0,421;25,57;1,56;0,18;398,53
352,800;0,232;25,53;1,52;0,05;398,58
352,900;0,286;25,56;1,54;0,08;398,66
353,000;0,369;25,56;1,54;0,14;398,80
353,100;0,448;25,57;1,56;0,20;399,00
353,200;0,304;25,56;1,54;0,09;399,09
353,300;0,241;25,56;1,54;0,06;399,15
353,400;0,321;25,54;1,53;0,10;399,25
353,500;0,449;25,54;1,53;0,20;399,46
353,600;0,381;25,54;1,53;0,15;399,60
353,700;0,199;25,56;1,54;0,04;399,64
353,800;0,260;25,57;1,56;0,07;399,71
353,900;0,347;25,57;1,56;0,12;399,83
354,000;0,420;25,57;1,56;0,18;400,01
354,100;0,262;25,54;1,53;0,07;400,08
354,200;0,188;25,57;1,56;0,04;400,11
354,300;0,214;25,54;1,53;0,05;400,16
354,400;0,021;25,57;1,56;4,57E-4;400,16
354,500;0,035;25,57;1,56;0,00;400,16
354,600;0,152;25,57;1,56;0,02;400,18
354,700;0,322;25,53;1,52;0,10;400,28
354,800;0,334;25,56;1,54;0,11;400,40
354,900;0,246;25,56;1,54;0,06;400,46
355,000;0,086;25,54;1,53;0,01;400,46
355,100;0,035;25,57;1,56;0,00;400,47
355,200;-9,421E-5;25,56;1,54;8,88E-9;400,47
355,300;-9,421E-5;25,56;1,54;8,88E-9;400,47
355,400;-6,281E-5;25,59;1,58;3,94E-9;400,47
355,500;-6,281E-5;25,58;1,57;3,94E-9;400,47
355,600;0,010;25,56;1,54;9,11E-5;400,47
355,700;0,015;25,58;1,57;2,23E-4;400,47
355,800;0,098;25,59;1,58;0,01;400,48
355,900;0,195;25,57;1,56;0,04;400,51
356,000;0,291;25,56;1,54;0,08;400,60
356,100;0,318;25,57;1,56;0,10;400,70
356,200;0,349;25,57;1,56;0,12;400,82
356,300;0,166;25,56;1,54;0,03;400,85
356,400;0,234;25,58;1,57;0,05;400,90
356,500;0,301;25,58;1,57;0,09;400,99
356,600;0,351;25,57;1,56;0,12;401,12
356,700;0,353;25,56;1,54;0,12;401,24
356,800;0,243;25,58;1,57;0,06;401,30
356,900;0,254;25,57;1,56;0,06;401,36
357,000;0,334;25,58;1,57;0,11;401,48
357,100;0,416;25,57;1,56;0,17;401,65
357,200;0,333;25,59;1,58;0,11;401,76
357,300;0,224;25,59;1,58;0,05;401,81
357,400;0,289;25,56;1,54;0,08;401,89
357,500;0,381;25,59;1,58;0,15;402,04
357,600;0,381;25,57;1,56;0,14;402,18
357,700;0,296;25,57;1,56;0,09;402,27
357,800;0,243;25,59;1,58;0,06;402,33
357,900;0,338;25,59;1,58;0,11;402,44
358,000;0,412;25,58;1,57;0,17;402,61
358,100;0,337;25,58;1,57;0,11;402,73
358,200;0,224;25,59;1,58;0,05;402,78
358,300;0,294;25,57;1,56;0,09;402,86
358,400;0,398;25,59;1,58;0,16;403,02
358,500;0,397;25,57;1,56;0,16;403,18
358,600;0,299;25,56;1,54;0,09;403,27
358,700;0,243;25,58;1,57;0,06;403,33
358,800;0,270;25,59;1,58;0,07;403,40
358,900;0,386;25,58;1,57;0,15;403,55
359,000;0,387;25,62;1,61;0,15;403,70
359,100;0,290;25,58;1,57;0,08;403,78
359,200;0,267;25,57;1,56;0,07;403,85
359,300;0,377;25,58;1,57;0,14;404,00
359,400;0,398;25,59;1,58;0,16;404,16
359,500;0,340;25,59;1,58;0,12;404,27
359,600;0,211;25,59;1,58;0,04;404,32
359,700;0,232;25,58;1,57;0,05;404,37
359,800;0,426;25,60;1,59;0,18;404,55
359,900;0,421;25,57;1,56;0,18;404,73
360,000;0,238;25,59;1,58;0,06;404,78
360,100;0,252;25,59;1,58;0,06;404,85
360,200;0,304;25,57;1,56;0,09;404,94
360,300;0,407;25,58;1,57;0,17;405,11
360,400;0,380;25,60;1,59;0,14;405,25
360,500;0,198;25,59;1,58;0,04;405,29
360,600;0,253;25,60;1,59;0,06;405,35
360,700;0,394;25,60;1,59;0,15;405,51
360,800;0,424;25,57;1,56;0,18;405,69
360,900;0,313;25,59;1,58;0,10;405,79
361,000;0,203;25,58;1,57;0,04;405,83
361,100;0,286;25,59;1,58;0,08;405,91
361,200;0,428;25,61;1,60;0,18;406,09
361,300;0,399;25,59;1,58;0,16;406,25
361,400;0,251;25,59;1,58;0,06;406,31
361,500;0,259;25,59;1,58;0,07;406,38
361,600;0,440;25,58;1,57;0,19;406,58
361,700;0,421;25,59;1,58;0,18;406,75
361,800;0,292;25,59;1,58;0,09;406,84
361,900;0,242;25,61;1,60;0,06;406,90
362,000;0,414;25,60;1,59;0,17;407,07
362,100;0,417;25,61;1,60;0,17;407,24
362,200;0,306;25,59;1,58;0,09;407,34
362,300;0,229;25,59;1,58;0,05;407,39
362,400;0,296;25,60;1,59;0,09;407,48
362,500;0,478;25,59;1,58;0,23;407,70
362,600;0,348;25,60;1,59;0,12;407,83
362,700;0,258;25,59;1,58;0,07;407,89
362,800;0,306;25,59;1,58;0,09;407,99
362,900;0,447;25,61;1,60;0,20;408,19
363,000;0,399;25,60;1,59;0,16;408,35
363,100;0,247;25,60;1,59;0,06;408,41
363,200;0,241;25,61;1,60;0,06;408,46
363,300;0,343;25,58;1,57;0,12;408,58
363,400;0,440;25,62;1,61;0,19;408,78
363,500;0,347;25,61;1,60;0,12;408,90
363,600;0,199;25,61;1,60;0,04;408,94
363,700;0,291;25,60;1,59;0,08;409,02
363,800;0,402;25,62;1,61;0,16;409,18
363,900;0,410;25,60;1,59;0,17;409,35
364,000;0,250;25,60;1,59;0,06;409,41
364,100;0,215;25,60;1,59;0,05;409,46
364,200;0,238;25,61;1,60;0,06;409,52
364,300;0,340;25,60;1,59;0,12;409,63
364,400;0,364;25,59;1,58;0,13;409,76
364,500;0,301;25,61;1,60;0,09;409,86
364,600;0,163;25,62;1,61;0,03;409,88
364,700;0,265;25,59;1,58;0,07;409,95
364,800;0,370;25,60;1,59;0,14;410,09
364,900;0,377;25,61;1,60;0,14;410,23
365,000;0,341;25,60;1,59;0,12;410,35
365,100;0,147;25,61;1,60;0,02;410,37
365,200;0,249;25,60;1,59;0,06;410,43
365,300;0,396;25,61;1,60;0,16;410,59
365,400;0,421;25,61;1,60;0,18;410,76
365,500;0,273;25,60;1,59;0,07;410,84
365,600;0,214;25,61;1,60;0,05;410,89
365,700;0,237;25,61;1,60;0,06;410,94
365,800;0,377;25,61;1,60;0,14;411,08
365,900;0,415;25,61;1,60;0,17;411,26
366,000;0,282;25,63;1,62;0,08;411,33
366,100;0,222;25,61;1,60;0,05;411,38
366,200;0,305;25,62;1,61;0,09;411,48
366,300;0,412;25,61;1,60;0,17;411,65
366,400;0,359;25,61;1,60;0,13;411,78
366,500;0,201;25,62;1,61;0,04;411,82
366,600;0,235;25,61;1,60;0,06;411,87
366,700;0,298;25,62;1,61;0,09;411,96
366,800;0,408;25,61;1,60;0,17;412,13
366,900;0,338;25,60;1,59;0,11;412,24
367,000;0,233;25,62;1,61;0,05;412,29
367,100;0,288;25,63;1,62;0,08;412,38
367,200;0,396;25,62;1,61;0,16;412,53
367,300;0,377;25,62;1,61;0,14;412,68
367,400;0,264;25,63;1,62;0,07;412,75
367,500;0,242;25,62;1,61;0,06;412,80
367,600;0,294;25,61;1,60;0,09;412,89
367,700;0,434;25,63;1,62;0,19;413,08
367,800;0,366;25,62;1,61;0,13;413,21
367,900;0,285;25,63;1,62;0,08;413,29
368,000;0,297;25,62;1,61;0,09;413,38
368,100;0,434;25,62;1,61;0,19;413,57
368,200;0,426;25,62;1,61;0,18;413,75
368,300;0,281;25,62;1,61;0,08;413,83
368,400;0,257;25,63;1,62;0,07;413,90
368,500;0,353;25,63;1,62;0,12;414,02
368,600;0,450;25,63;1,62;0,20;414,22
368,700;0,349;25,63;1,62;0,12;414,35
368,800;0,208;25,62;1,61;0,04;414,39
368,900;0,302;25,63;1,62;0,09;414,48
369,000;0,447;25,62;1,61;0,20;414,68
369,100;0,388;25,62;1,61;0,15;414,83
369,200;0,244;25,62;1,61;0,06;414,89
369,300;0,283;25,63;1,62;0,08;414,97
369,400;0,456;25,61;1,60;0,21;415,18
369,500;0,392;25,63;1,62;0,15;415,33
369,600;0,293;25,63;1,62;0,09;415,42
369,700;0,303;25,63;1,62;0,09;415,51
369,800;0,461;25,63;1,62;0,21;415,72
369,900;0,443;25,64;1,63;0,20;415,92
370,000;0,239;25,63;1,62;0,06;415,98
370,100;0,255;25,63;1,62;0,06;416,04
370,200;0,316;25,63;1,62;0,10;416,14
370,300;0,437;25,63;1,62;0,19;416,33
370,400;0,282;25,66;1,65;0,08;416,41
370,500;0,286;25,64;1,63;0,08;416,49
370,600;0,356;25,64;1,63;0,13;416,62
370,700;0,460;25,64;1,63;0,21;416,83
370,800;0,392;25,63;1,62;0,15;416,98
370,900;0,240;25,64;1,63;0,06;417,04
371,000;0,320;25,64;1,63;0,10;417,14
371,100;0,439;25,63;1,62;0,19;417,34
371,200;0,388;25,64;1,63;0,15;417,49
371,300;0,232;25,64;1,63;0,05;417,54
371,400;0,245;25,64;1,63;0,06;417,60
371,500;0,314;25,64;1,63;0,10;417,70
371,600;0,389;25,63;1,62;0,15;417,85
371,700;0,363;25,64;1,63;0,13;417,98
371,800;0,224;25,63;1,62;0,05;418,03
371,900;0,287;25,63;1,62;0,08;418,12
372,000;0,409;25,63;1,62;0,17;418,28
372,100;0,444;25,63;1,62;0,20;418,48
372,200;0,204;25,63;1,62;0,04;418,52
372,300;0,186;25,63;1,62;0,03;418,56
372,400;0,257;25,64;1,63;0,07;418,62
372,500;0,378;25,63;1,62;0,14;418,77
372,600;0,418;25,64;1,63;0,17;418,94
372,700;0,246;25,63;1,62;0,06;419,00
372,800;0,199;25,65;1,64;0,04;419,04
372,900;0,335;25,66;1,65;0,11;419,15
373,000;0,453;25,65;1,64;0,21;419,36
373,100;0,341;25,65;1,64;0,12;419,47
373,200;0,174;25,64;1,63;0,03;419,50
373,300;0,240;25,64;1,63;0,06;419,56
373,400;0,310;25,65;1,64;0,10;419,66
373,500;0,410;25,65;1,64;0,17;419,83
373,600;0,321;25,64;1,63;0,10;419,93
373,700;0,226;25,64;1,63;0,05;419,98
373,800;0,269;25,64;1,63;0,07;420,05
373,900;0,327;25,65;1,64;0,11;420,16
374,000;0,442;25,65;1,64;0,19;420,35
374,100;0,304;25,65;1,64;0,09;420,45
374,200;0,166;25,64;1,63;0,03;420,47
374,300;0,311;25,65;1,64;0,10;420,57
374,400;0,433;25,65;1,64;0,19;420,76
374,500;0,409;25,65;1,64;0,17;420,93
374,600;0,190;25,66;1,65;0,04;420,96
374,700;0,237;25,65;1,64;0,06;421,02
374,800;0,346;25,64;1,63;0,12;421,14
374,900;0,402;25,63;1,62;0,16;421,30
375,000;0,331;25,65;1,64;0,11;421,41
375,100;0,242;25,65;1,64;0,06;421,47
375,200;0,225;25,65;1,64;0,05;421,52
375,300;0,324;25,65;1,64;0,11;421,62
375,400;0,414;25,63;1,62;0,17;421,79
375,500;0,346;25,67;1,66;0,12;421,91
375,600;0,215;25,65;1,64;0,05;421,96
375,700;0,282;25,65;1,64;0,08;422,04
375,800;0,374;25,65;1,64;0,14;422,18
375,900;0,409;25,66;1,65;0,17;422,35
376,000;0,292;25,65;1,64;0,08;422,43
376,100;0,177;25,65;1,64;0,03;422,46
376,200;0,284;25,64;1,63;0,08;422,54
376,300;0,375;25,65;1,64;0,14;422,68
376,400;0,424;25,67;1,66;0,18;422,86
376,500;0,316;25,65;1,64;0,10;422,96
376,600;0,181;25,66;1,65;0,03;423,00
376,700;0,368;25,66;1,65;0,14;423,13
376,800;0,392;25,66;1,65;0,15;423,29
376,900;0,376;25,66;1,65;0,14;423,43
377,000;0,232;25,65;1,64;0,05;423,48
377,100;0,163;25,66;1,65;0,03;423,51
377,200;0,297;25,65;1,64;0,09;423,60
377,300;0,383;25,67;1,66;0,15;423,74
377,400;0,406;25,67;1,66;0,16;423,91
377,500;0,267;25,66;1,65;0,07;423,98
377,600;0,263;25,66;1,65;0,07;424,05
377,700;0,380;25,67;1,66;0,14;424,19
377,800;0,472;25,65;1,64;0,22;424,42
377,900;0,189;25,67;1,66;0,04;424,45
378,000;0,179;25,65;1,64;0,03;424,48
378,100;0,267;25,65;1,64;0,07;424,55
378,200;0,269;25,66;1,65;0,07;424,63
378,300;0,250;25,67;1,66;0,06;424,69
378,400;0,483;25,66;1,65;0,23;424,92
378,500;0,148;25,67;1,66;0,02;424,95
378,600;0,163;25,67;1,66;0,03;424,97
378,700;0,231;25,69;1,68;0,05;425,03
378,800;0,332;25,67;1,66;0,11;425,14
378,900;0,410;25,66;1,65;0,17;425,30
379,000;0,306;25,67;1,66;0,09;425,40
379,100;0,210;25,65;1,64;0,04;425,44
379,200;0,263;25,68;1,67;0,07;425,51
379,300;0,353;25,67;1,66;0,12;425,64
379,400;0,453;25,68;1,67;0,21;425,84
379,500;0,220;25,68;1,67;0,05;425,89
379,600;0,268;25,68;1,67;0,07;425,96
379,700;0,328;25,65;1,64;0,11;426,07
379,800;0,394;25,66;1,65;0,16;426,22
379,900;0,494;25,67;1,66;0,24;426,47
380,000;0,208;25,68;1,67;0,04;426,51
380,100;0,274;25,67;1,66;0,07;426,58
380,200;0,379;25,68;1,67;0,14;426,73
380,300;0,515;25,67;1,66;0,27;426,99
380,400;0,260;25,67;1,66;0,07;427,06
380,500;0,266;25,66;1,65;0,07;427,13
380,600;0,305;25,68;1,67;0,09;427,23
380,700;0,437;25,68;1,67;0,19;427,42
380,800;0,284;25,67;1,66;0,08;427,50
380,900;0,248;25,68;1,67;0,06;427,56
381,000;0,259;25,67;1,66;0,07;427,62
381,100;0,304;25,69;1,68;0,09;427,72
381,200;0,417;25,66;1,65;0,17;427,89
381,300;0,281;25,67;1,66;0,08;427,97
381,400;0,259;25,68;1,67;0,07;428,04
381,500;0,274;25,68;1,67;0,07;428,11
381,600;0,415;25,68;1,67;0,17;428,28
381,700;0,390;25,67;1,66;0,15;428,44
381,800;0,253;25,69;1,68;0,06;428,50
381,900;0,269;25,68;1,67;0,07;428,57
382,000;0,297;25,69;1,68;0,09;428,66
382,100;0,477;25,67;1,66;0,23;428,89
382,200;0,208;25,67;1,66;0,04;428,93
382,300;0,300;25,68;1,67;0,09;429,02
382,400;0,318;25,67;1,66;0,10;429,12
382,500;0,460;25,67;1,66;0,21;429,33
382,600;0,323;25,71;1,69;0,10;429,44
382,700;0,253;25,69;1,68;0,06;429,50
382,800;0,351;25,69;1,68;0,12;429,63
382,900;0,436;25,68;1,67;0,19;429,82
383,000;0,454;25,68;1,67;0,21;430,02
383,100;0,221;25,67;1,66;0,05;430,07
383,200;0,330;25,68;1,67;0,11;430,18
383,300;0,417;25,71;1,69;0,17;430,35
383,400;0,494;25,71;1,69;0,24;430,60
383,500;0,186;25,69;1,68;0,03;430,63
383,600;0,288;25,69;1,68;0,08;430,71
383,700;0,289;25,71;1,69;0,08;430,80
383,800;0,462;25,69;1,68;0,21;431,01
383,900;0,207;25,69;1,68;0,04;431,06
384,000;0,259;25,68;1,67;0,07;431,12
384,100;0,272;25,68;1,67;0,07;431,20
384,200;0,256;25,71;1,69;0,07;431,26
384,300;0,441;25,68;1,67;0,19;431,46
384,400;0,214;25,71;1,69;0,05;431,50
384,500;0,218;25,68;1,67;0,05;431,55
384,600;0,226;25,71;1,69;0,05;431,60
384,700;0,111;25,71;1,69;0,01;431,61
384,800;0,075;25,68;1,67;0,01;431,62
384,900;-6,281E-5;25,68;1,67;3,94E-9;431,62
385,000;0,324;25,71;1,69;0,11;431,72
385,100;0,411;25,72;1,71;0,17;431,89
385,200;0,246;25,72;1,71;0,06;431,95
385,300;0,348;25,69;1,68;0,12;432,07
385,400;0,414;25,72;1,71;0,17;432,25
385,500;0,466;25,71;1,69;0,22;432,46
385,600;0,236;25,68;1,67;0,06;432,52
385,700;0,289;25,71;1,69;0,08;432,60
385,800;0,365;25,73;1,72;0,13;432,74
385,900;0,442;25,68;1,67;0,20;432,93
386,000;0,330;25,69;1,68;0,11;433,04
386,100;0,242;25,71;1,69;0,06;433,10
386,200;0,319;25,72;1,71;0,10;433,20
386,300;0,322;25,72;1,71;0,10;433,30
386,400;0,423;25,72;1,71;0,18;433,48
386,500;0,205;25,71;1,69;0,04;433,52
386,600;0,265;25,69;1,68;0,07;433,59
386,700;0,368;25,73;1,72;0,14;433,73
386,800;0,422;25,71;1,69;0,18;433,91
386,900;0,407;25,72;1,71;0,17;434,07
387,000;0,243;25,72;1,71;0,06;434,13
387,100;0,400;25,71;1,69;0,16;434,29
387,200;0,424;25,71;1,69;0,18;434,47
387,300;0,313;25,71;1,69;0,10;434,57
387,400;0,272;25,71;1,69;0,07;434,64
387,500;0,313;25,72;1,71;0,10;434,74
387,600;0,415;25,71;1,69;0,17;434,91
387,700;0,409;25,71;1,69;0,17;435,08
387,800;0,257;25,69;1,68;0,07;435,15
387,900;0,336;25,72;1,71;0,11;435,26
388,000;0,440;25,68;1,67;0,19;435,45
388,100;0,422;25,74;1,73;0,18;435,63
388,200;0,246;25,73;1,72;0,06;435,69
388,300;0,345;25,72;1,71;0,12;435,81
388,400;0,428;25,74;1,73;0,18;436,00
388,500;0,418;25,72;1,71;0,17;436,17
388,600;0,273;25,72;1,71;0,07;436,24
388,700;0,330;25,71;1,69;0,11;436,35
388,800;0,419;25,72;1,71;0,18;436,53
388,900;0,460;25,72;1,71;0,21;436,74
389,000;0,244;25,72;1,71;0,06;436,80
389,100;0,319;25,72;1,71;0,10;436,90
389,200;0,392;25,72;1,71;0,15;437,06
389,300;0,480;25,71;1,69;0,23;437,29
389,400;0,276;25,72;1,71;0,08;437,36
389,500;0,296;25,72;1,71;0,09;437,45
389,600;0,370;25,74;1,73;0,14;437,59
389,700;0,468;25,73;1,72;0,22;437,81
389,800;0,266;25,75;1,74;0,07;437,88
389,900;0,247;25,73;1,72;0,06;437,94
390,000;0,356;25,72;1,71;0,13;438,06
390,100;0,415;25,72;1,71;0,17;438,24
390,200;0,376;25,72;1,71;0,14;438,38
390,300;0,152;25,73;1,72;0,02;438,40
390,400;0,325;25,73;1,72;0,11;438,51
390,500;0,373;25,72;1,71;0,14;438,65
390,600;0,490;25,72;1,71;0,24;438,89
390,700;0,310;25,72;1,71;0,10;438,98
390,800;0,319;25,74;1,73;0,10;439,08
390,900;0,403;25,74;1,73;0,16;439,25
391,000;0,466;25,73;1,72;0,22;439,46
391,100;0,285;25,74;1,73;0,08;439,55
391,200;0,282;25,74;1,73;0,08;439,63
391,300;0,363;25,73;1,72;0,13;439,76
391,400;0,437;25,72;1,71;0,19;439,95
391,500;0,290;25,72;1,71;0,08;440,03
391,600;0,231;25,73;1,72;0,05;440,09
391,700;0,371;25,73;1,72;0,14;440,22
391,800;0,408;25,74;1,73;0,17;440,39
391,900;0,379;25,74;1,73;0,14;440,53
392,000;0,235;25,74;1,73;0,06;440,59
392,100;0,327;25,74;1,73;0,11;440,70
392,200;0,406;25,74;1,73;0,16;440,86
392,300;0,456;25,72;1,71;0,21;441,07
392,400;0,231;25,73;1,72;0,05;441,12
392,500;0,285;25,74;1,73;0,08;441,20
392,600;0,387;25,72;1,71;0,15;441,35
392,700;0,472;25,72;1,71;0,22;441,57
392,800;0,248;25,73;1,72;0,06;441,64
392,900;0,219;25,74;1,73;0,05;441,68
393,000;0,315;25,73;1,72;0,10;441,78
393,100;0,394;25,73;1,72;0,16;441,94
393,200;0,438;25,73;1,72;0,19;442,13
393,300;0,207;25,74;1,73;0,04;442,17
393,400;0,297;25,74;1,73;0,09;442,26
393,500;0,385;25,74;1,73;0,15;442,41
393,600;0,480;25,74;1,73;0,23;442,64
393,700;0,220;25,74;1,73;0,05;442,69
393,800;0,182;25,74;1,73;0,03;442,72
393,900;0,303;25,74;1,73;0,09;442,81
394,000;0,361;25,74;1,73;0,13;442,94
394,100;0,497;25,74;1,73;0,25;443,19
394,200;0,206;25,75;1,74;0,04;443,23
394,300;0,215;25,74;1,73;0,05;443,28
394,400;0,307;25,74;1,73;0,09;443,37
394,500;0,420;25,74;1,73;0,18;443,55
394,600;0,332;25,74;1,73;0,11;443,66
394,700;0,243;25,75;1,74;0,06;443,72
394,800;0,262;25,75;1,74;0,07;443,79
394,900;0,317;25,74;1,73;0,10;443,89
395,000;0,452;25,75;1,74;0,20;444,09
395,100;0,211;25,73;1,72;0,04;444,14
395,200;0,223;25,76;1,75;0,05;444,19
395,300;0,265;25,75;1,74;0,07;444,26
395,400;0,321;25,75;1,74;0,10;444,36
395,500;0,461;25,75;1,74;0,21;444,57
395,600;0,160;25,74;1,73;0,03;444,60
395,700;0,221;25,75;1,74;0,05;444,65
395,800;0,222;25,74;1,73;0,05;444,70
395,900;0,274;25,74;1,73;0,07;444,77
396,000;0,464;25,74;1,73;0,21;444,99
396,100;0,186;25,75;1,74;0,03;445,02
396,200;0,259;25,74;1,73;0,07;445,09
396,300;0,259;25,76;1,75;0,07;445,16
396,400;0,330;25,76;1,75;0,11;445,27
396,500;0,449;25,75;1,74;0,20;445,47
396,600;0,206;25,74;1,73;0,04;445,51
396,700;0,191;25,76;1,75;0,04;445,55
396,800;0,182;25,75;1,74;0,03;445,58
396,900;0,176;25,75;1,74;0,03;445,61
397,000;0,384;25,76;1,75;0,15;445,76
397,100;0,455;25,75;1,74;0,21;445,96
397,200;0,210;25,74;1,73;0,04;446,01
397,300;0,331;25,75;1,74;0,11;446,12
397,400;0,423;25,76;1,75;0,18;446,30
397,500;0,464;25,76;1,75;0,22;446,51
397,600;0,272;25,76;1,75;0,07;446,59
397,700;0,300;25,77;1,76;0,09;446,68
397,800;0,461;25,77;1,76;0,21;446,89
397,900;0,478;25,77;1,76;0,23;447,12
398,000;0,227;25,77;1,76;0,05;447,17
398,100;0,343;25,76;1,75;0,12;447,29
398,200;0,503;25,76;1,75;0,25;447,54
398,300;0,406;25,75;1,74;0,16;447,70
398,400;0,226;25,77;1,76;0,05;447,76
398,500;0,368;25,75;1,74;0,14;447,89
398,600;0,476;25,76;1,75;0,23;448,12
398,700;0,357;25,78;1,77;0,13;448,25
398,800;0,205;25,76;1,75;0,04;448,29
398,900;0,370;25,77;1,76;0,14;448,42
399,000;0,457;25,77;1,76;0,21;448,63
399,100;0,401;25,77;1,76;0,16;448,79
399,200;0,220;25,77;1,76;0,05;448,84
399,300;0,341;25,76;1,75;0,12;448,96
399,400;0,418;25,76;1,75;0,17;449,13
399,500;0,400;25,75;1,74;0,16;449,29
399,600;0,218;25,77;1,76;0,05;449,34
399,700;0,329;25,78;1,77;0,11;449,45
399,800;0,425;25,77;1,76;0,18;449,63
399,900;0,407;25,78;1,77;0,17;449,79
400,000;0,217;25,76;1,75;0,05;449,84
400,100;0,249;25,79;1,78;0,06;449,90
400,200;0,360;25,76;1,75;0,13;450,03
400,300;0,468;25,76;1,75;0,22;450,25
400,400;0,309;25,78;1,77;0,10;450,35
400,500;0,227;25,76;1,75;0,05;450,40
400,600;0,366;25,76;1,75;0,13;450,53
400,700;0,418;25,78;1,77;0,18;450,71
400,800;0,378;25,77;1,76;0,14;450,85
400,900;0,171;25,78;1,77;0,03;450,88
401,000;0,309;25,77;1,76;0,10;450,98
401,100;0,411;25,77;1,76;0,17;451,14
401,200;0,488;25,78;1,77;0,24;451,38
401,300;0,284;25,78;1,77;0,08;451,46
401,400;0,325;25,80;1,79;0,11;451,57
401,500;0,441;25,77;1,76;0,19;451,76
401,600;0,484;25,80;1,79;0,23;452,00
401,700;0,275;25,77;1,76;0,08;452,07
401,800;0,338;25,77;1,76;0,11;452,19
401,900;0,416;25,78;1,77;0,17;452,36
402,000;0,450;25,78;1,77;0,20;452,56
402,100;0,271;25,78;1,77;0,07;452,64
402,200;0,318;25,77;1,76;0,10;452,74
402,300;0,397;25,77;1,76;0,16;452,90
402,400;0,450;25,79;1,78;0,20;453,10
402,500;0,271;25,78;1,77;0,07;453,17
402,600;0,327;25,77;1,76;0,11;453,28
402,700;0,380;25,78;1,77;0,14;453,42
402,800;0,460;25,79;1,78;0,21;453,63
402,900;0,272;25,79;1,78;0,07;453,71
403,000;0,288;25,76;1,75;0,08;453,79
403,100;0,404;25,79;1,78;0,16;453,95
403,200;0,482;25,76;1,75;0,23;454,18
403,300;0,284;25,77;1,76;0,08;454,27
403,400;0,288;25,80;1,79;0,08;454,35
403,500;0,404;25,77;1,76;0,16;454,51
403,600;0,484;25,78;1,77;0,23;454,75
403,700;0,272;25,78;1,77;0,07;454,82
403,800;0,272;25,79;1,78;0,07;454,89
403,900;0,407;25,80;1,79;0,17;455,06
404,000;0,485;25,78;1,77;0,24;455,29
404,100;0,316;25,80;1,79;0,10;455,39
404,200;0,273;25,77;1,76;0,07;455,47
404,300;0,394;25,78;1,77;0,16;455,62
404,400;0,483;25,80;1,79;0,23;455,86
404,500;0,293;25,79;1,78;0,09;455,94
404,600;0,266;25,79;1,78;0,07;456,01
404,700;0,436;25,78;1,77;0,19;456,20
404,800;0,494;25,79;1,78;0,24;456,45
404,900;0,264;25,79;1,78;0,07;456,52
405,000;0,289;25,78;1,77;0,08;456,60
405,100;0,393;25,79;1,78;0,15;456,76
405,200;0,448;25,80;1,79;0,20;456,96
405,300;0,288;25,79;1,78;0,08;457,04
405,400;0,325;25,77;1,76;0,11;457,14
405,500;0,441;25,80;1,79;0,19;457,34
405,600;0,496;25,80;1,79;0,25;457,58
405,700;0,259;25,79;1,78;0,07;457,65
405,800;0,305;25,80;1,79;0,09;457,74
405,900;0,340;25,80;1,79;0,12;457,86
406,000;0,400;25,78;1,77;0,16;458,02
406,100;0,290;25,80;1,79;0,08;458,10
406,200;0,255;25,80;1,79;0,06;458,17
406,300;0,409;25,78;1,77;0,17;458,34
406,400;0,468;25,81;1,80;0,22;458,55
406,500;0,389;25,82;1,81;0,15;458,71
406,600;0,275;25,79;1,78;0,08;458,78
406,700;0,353;25,80;1,79;0,12;458,91
406,800;0,457;25,80;1,79;0,21;459,11
406,900;0,341;25,78;1,77;0,12;459,23
407,000;0,288;25,80;1,79;0,08;459,31
407,100;0,382;25,79;1,78;0,15;459,46
407,200;0,483;25,80;1,79;0,23;459,69
407,300;0,306;25,82;1,81;0,09;459,79
407,400;0,240;25,82;1,81;0,06;459,84
407,500;0,355;25,81;1,80;0,13;459,97
407,600;0,469;25,81;1,80;0,22;460,19
407,700;0,366;25,80;1,79;0,13;460,32
407,800;0,246;25,79;1,78;0,06;460,38
407,900;0,313;25,81;1,80;0,10;460,48
408,000;0,381;25,79;1,78;0,15;460,63
408,100;0,441;25,79;1,78;0,19;460,82
408,200;0,207;25,80;1,79;0,04;460,87
408,300;0,300;25,81;1,80;0,09;460,96
408,400;0,285;25,80;1,79;0,08;461,04
408,500;0,393;25,82;1,81;0,15;461,19
408,600;0,362;25,80;1,79;0,13;461,32
408,700;0,241;25,80;1,79;0,06;461,38
408,800;0,308;25,81;1,80;0,09;461,48
408,900;0,368;25,81;1,80;0,14;461,61
409,000;0,422;25,80;1,79;0,18;461,79
409,100;0,200;25,79;1,78;0,04;461,83
409,200;0,281;25,81;1,80;0,08;461,91
409,300;0,148;25,81;1,80;0,02;461,93
409,400;0,195;25,82;1,81;0,04;461,97
409,500;0,181;25,79;1,78;0,03;462,00
409,600;0,298;25,80;1,79;0,09;462,09
409,700;0,074;25,82;1,81;0,01;462,09
409,800;-0,010;25,82;1,81;1,02E-4;462,10
409,900;-0,002;25,81;1,80;2,67E-6;462,10
410,000;0,060;25,81;1,80;0,00;462,10
410,100;0,139;25,82;1,81;0,02;462,12
410,200;0,289;25,82;1,81;0,08;462,20
410,300;0,340;25,83;1,82;0,12;462,32
410,400;0,446;25,82;1,81;0,20;462,52
410,500;0,360;25,81;1,80;0,13;462,65
410,600;0,188;25,82;1,81;0,04;462,68
410,700;0,317;25,81;1,80;0,10;462,78
410,800;0,397;25,81;1,80;0,16;462,94
410,900;0,421;25,82;1,81;0,18;463,12
411,000;0,259;25,82;1,81;0,07;463,18
411,100;0,323;25,81;1,80;0,10;463,29
411,200;0,428;25,84;1,83;0,18;463,47
411,300;0,423;25,81;1,80;0,18;463,65
411,400;0,278;25,81;1,80;0,08;463,73
411,500;0,323;25,82;1,81;0,10;463,83
411,600;0,425;25,82;1,81;0,18;464,01
411,700;0,414;25,82;1,81;0,17;464,18
411,800;0,258;25,80;1,79;0,07;464,25
411,900;0,263;25,82;1,81;0,07;464,32
412,000;0,288;25,83;1,82;0,08;464,40
412,100;0,357;25,81;1,80;0,13;464,53
412,200;0,413;25,82;1,81;0,17;464,70
412,300;0,202;25,82;1,81;0,04;464,74
412,400;0,302;25,81;1,80;0,09;464,83
412,500;0,441;25,84;1,83;0,19;465,03
412,600;0,468;25,81;1,80;0,22;465,25
412,700;0,292;25,83;1,82;0,09;465,33
412,800;0,288;25,81;1,80;0,08;465,41
412,900;0,422;25,82;1,81;0,18;465,59
413,000;0,471;25,82;1,81;0,22;465,81
413,100;0,301;25,83;1,82;0,09;465,90
413,200;0,256;25,84;1,83;0,07;465,97
413,300;0,383;25,83;1,82;0,15;466,12
413,400;0,461;25,84;1,83;0,21;466,33
413,500;0,284;25,84;1,83;0,08;466,41
413,600;0,202;25,82;1,81;0,04;466,45
413,700;0,219;25,84;1,83;0,05;466,50
413,800;0,397;25,84;1,83;0,16;466,66
413,900;0,118;25,81;1,80;0,01;466,67
414,000;0,308;25,82;1,81;0,09;466,77
414,100;0,209;25,82;1,81;0,04;466,81
414,200;0,250;25,86;1,84;0,06;466,87
414,300;0,389;25,83;1,82;0,15;467,02
414,400;0,495;25,82;1,81;0,24;467,27
414,500;0,272;25,84;1,83;0,07;467,34
414,600;0,216;25,84;1,83;0,05;467,39
414,700;0,298;25,86;1,84;0,09;467,48
414,800;0,499;25,84;1,83;0,25;467,73
414,900;0,352;25,82;1,81;0,12;467,85
415,000;0,235;25,83;1,82;0,06;467,90
415,100;0,294;25,83;1,82;0,09;467,99
415,200;0,476;25,83;1,82;0,23;468,22
415,300;0,417;25,83;1,82;0,17;468,39
415,400;0,229;25,86;1,84;0,05;468,44
415,500;0,204;25,81;1,80;0,04;468,49
415,600;0,228;25,86;1,84;0,05;468,54
415,700;0,422;25,84;1,83;0,18;468,72
415,800;0,310;25,83;1,82;0,10;468,81
415,900;0,254;25,83;1,82;0,06;468,88
416,000;0,237;25,86;1,84;0,06;468,93
416,100;0,376;25,84;1,83;0,14;469,07
416,200;0,471;25,83;1,82;0,22;469,30
416,300;0,349;25,86;1,84;0,12;469,42
416,400;0,249;25,83;1,82;0,06;469,48
416,500;0,321;25,84;1,83;0,10;469,58
416,600;0,491;25,84;1,83;0,24;469,82
416,700;0,356;25,86;1,84;0,13;469,95
416,800;0,267;25,86;1,84;0,07;470,02
416,900;0,269;25,84;1,83;0,07;470,09
417,000;0,443;25,84;1,83;0,20;470,29
417,100;0,466;25,86;1,84;0,22;470,51
417,200;0,244;25,84;1,83;0,06;470,57
417,300;0,308;25,84;1,83;0,09;470,66
417,400;0,499;25,87;1,86;0,25;470,91
417,500;0,447;25,86;1,84;0,20;471,11
417,600;0,235;25,84;1,83;0,06;471,17
417,700;0,311;25,84;1,83;0,10;471,26
417,800;0,472;25,83;1,82;0,22;471,49
417,900;0,409;25,83;1,82;0,17;471,65
418,000;0,262;25,83;1,82;0,07;471,72
418,100;0,241;25,83;1,82;0,06;471,78
418,200;0,403;25,83;1,82;0,16;471,94
418,300;0,405;25,83;1,82;0,16;472,10
418,400;0,252;25,84;1,83;0,06;472,17
418,500;0,227;25,86;1,84;0,05;472,22
418,600;0,353;25,87;1,86;0,12;472,34
418,700;0,443;25,86;1,84;0,20;472,54
418,800;0,384;25,87;1,86;0,15;472,69
418,900;0,226;25,84;1,83;0,05;472,74
419,000;0,269;25,86;1,84;0,07;472,81
419,100;0,343;25,86;1,84;0,12;472,93
419,200;0,434;25,84;1,83;0,19;473,12
419,300;0,215;25,86;1,84;0,05;473,17
419,400;0,223;25,86;1,84;0,05;473,22
419,500;0,286;25,87;1,86;0,08;473,30
419,600;0,446;25,86;1,84;0,20;473,50
419,700;0,409;25,87;1,86;0,17;473,66
419,800;0,237;25,83;1,82;0,06;473,72
419,900;0,196;25,84;1,83;0,04;473,76
420,000;0,220;25,86;1,84;0,05;473,81
420,100;0,266;25,86;1,84;0,07;473,88
420,200;0,310;25,87;1,86;0,10;473,97
420,300;0,239;25,88;1,87;0,06;474,03
420,400;0,273;25,87;1,86;0,07;474,11
420,500;0,326;25,87;1,86;0,11;474,21
420,600;0,345;25,84;1,83;0,12;474,33
420,700;0,496;25,87;1,86;0,25;474,58
420,800;0,304;25,87;1,86;0,09;474,67
420,900;0,263;25,86;1,84;0,07;474,74
421,000;0,396;25,86;1,84;0,16;474,89
421,100;0,496;25,88;1,87;0,25;475,14
421,200;0,285;25,88;1,87;0,08;475,22
421,300;0,268;25,86;1,84;0,07;475,29
421,400;0,419;25,87;1,86;0,18;475,47
421,500;0,502;25,87;1,86;0,25;475,72
421,600;0,271;25,90;1,89;0,07;475,79
421,700;0,270;25,87;1,86;0,07;475,87
421,800;0,366;25,87;1,86;0,13;476,00
421,900;0,507;25,87;1,86;0,26;476,26
422,000;0,222;25,87;1,86;0,05;476,31
422,100;0,304;25,86;1,84;0,09;476,40
422,200;0,406;25,88;1,87;0,16;476,56
422,300;0,514;25,87;1,86;0,26;476,83
422,400;0,264;25,89;1,88;0,07;476,90
422,500;0,359;25,87;1,86;0,13;477,03
422,600;0,477;25,87;1,86;0,23;477,25
422,700;0,406;25,86;1,84;0,16;477,42
422,800;0,278;25,87;1,86;0,08;477,50
422,900;0,331;25,88;1,87;0,11;477,61
423,000;0,463;25,88;1,87;0,21;477,82
423,100;0,435;25,88;1,87;0,19;478,01
423,200;0,189;25,88;1,87;0,04;478,05
423,300;0,364;25,89;1,88;0,13;478,18
423,400;0,429;25,87;1,86;0,18;478,36
423,500;0,463;25,88;1,87;0,21;478,58
423,600;0,300;25,88;1,87;0,09;478,67
423,700;0,348;25,89;1,88;0,12;478,79
423,800;0,457;25,89;1,88;0,21;479,00
423,900;0,407;25,89;1,88;0,17;479,16
424,000;0,299;25,90;1,89;0,09;479,25
424,100;0,360;25,90;1,89;0,13;479,38
424,200;0,432;25,88;1,87;0,19;479,57
424,300;0,387;25,87;1,86;0,15;479,72
424,400;0,305;25,89;1,88;0,09;479,81
424,500;0,387;25,89;1,88;0,15;479,96
424,600;0,456;25,87;1,86;0,21;480,17
424,700;0,331;25,89;1,88;0,11;480,28
424,800;0,292;25,89;1,88;0,09;480,36
424,900;0,411;25,88;1,87;0,17;480,53
425,000;0,484;25,89;1,88;0,23;480,77
425,100;0,271;25,89;1,88;0,07;480,84
425,200;0,250;25,88;1,87;0,06;480,90
425,300;0,396;25,88;1,87;0,16;481,06
425,400;0,439;25,89;1,88;0,19;481,25
425,500;0,299;25,89;1,88;0,09;481,34
425,600;0,253;25,90;1,89;0,06;481,41
425,700;0,404;25,89;1,88;0,16;481,57
425,800;0,466;25,88;1,87;0,22;481,79
425,900;0,285;25,91;1,90;0,08;481,87
426,000;0,205;25,91;1,90;0,04;481,91
426,100;0,364;25,89;1,88;0,13;482,04
426,200;0,396;25,88;1,87;0,16;482,20
426,300;0,431;25,89;1,88;0,19;482,39
426,400;0,273;25,90;1,89;0,07;482,46
426,500;0,311;25,90;1,89;0,10;482,56
426,600;0,347;25,90;1,89;0,12;482,68
426,700;0,398;25,91;1,90;0,16;482,84
426,800;0,271;25,89;1,88;0,07;482,91
426,900;0,229;25,90;1,89;0,05;482,96
427,000;0,303;25,89;1,88;0,09;483,05
427,100;0,219;25,91;1,90;0,05;483,10
427,200;0,292;25,90;1,89;0,09;483,19
427,300;0,253;25,90;1,89;0,06;483,25
427,400;0,237;25,89;1,88;0,06;483,31
427,500;0,306;25,89;1,88;0,09;483,40
427,600;0,308;25,89;1,88;0,09;483,50
427,700;0,342;25,90;1,89;0,12;483,61
427,800;0,310;25,88;1,87;0,10;483,71
427,900;0,208;25,90;1,89;0,04;483,75
428,000;0,346;25,91;1,90;0,12;483,87
428,100;0,418;25,89;1,88;0,17;484,05
428,200;0,410;25,90;1,89;0,17;484,22
428,300;0,212;25,91;1,90;0,04;484,26
428,400;0,246;25,91;1,90;0,06;484,32
428,500;0,371;25,91;1,90;0,14;484,46
428,600;0,412;25,91;1,90;0,17;484,63
428,700;0,340;25,89;1,88;0,12;484,74
428,800;0,214;25,90;1,89;0,05;484,79
428,900;0,279;25,89;1,88;0,08;484,87
429,000;0,351;25,90;1,89;0,12;484,99
429,100;0,406;25,90;1,89;0,17;485,16
429,200;0,197;25,88;1,87;0,04;485,19
429,300;0,189;25,89;1,88;0,04;485,23
429,400;0,300;25,91;1,90;0,09;485,32
429,500;0,363;25,91;1,90;0,13;485,45
429,600;0,340;25,91;1,90;0,12;485,57
429,700;0,223;25,91;1,90;0,05;485,62
429,800;0,148;25,90;1,89;0,02;485,64
429,900;0,109;25,92;1,91;0,01;485,65
430,000;0,008;25,91;1,90;6,41E-5;485,65
430,100;0,000;25,91;1,90;0,00;485,65
430,200;-3,140E-5;25,91;1,90;9,86E-10;485,65
430,300;0,000;25,91;1,90;0,00;485,65
430,400;-1,884E-4;25,93;1,92;3,55E-8;485,65
430,500;-6,281E-5;25,91;1,90;3,94E-9;485,65
430,600;-6,281E-5;25,91;1,90;3,94E-9;485,65
430,700;-3,140E-5;25,91;1,90;9,86E-10;485,65
430,800;-0,005;25,92;1,91;2,56E-5;485,65
430,900;-0,015;25,92;1,91;2,20E-4;485,65
431,000;-6,281E-5;25,92;1,91;3,94E-9;485,65
431,100;-3,140E-5;25,91;1,90;9,86E-10;485,65
431,200;0,005;25,91;1,90;2,85E-5;485,65
431,300;-9,421E-5;25,92;1,91;8,88E-9;485,65
431,400;-3,140E-5;25,93;1,92;9,86E-10;485,65
431,500;-6,281E-5;25,92;1,91;3,94E-9;485,65
431,600;-3,140E-5;25,91;1,90;9,86E-10;485,65
431,700;-9,421E-5;25,94;1,93;8,88E-9;485,65
431,800;0,048;25,92;1,91;0,00;485,65
431,900;0,328;25,91;1,90;0,11;485,76
432,000;0,370;25,93;1,92;0,14;485,90
432,100;0,437;25,92;1,91;0,19;486,09
432,200;0,241;25,91;1,90;0,06;486,15
432,300;0,444;25,94;1,93;0,20;486,35
432,400;0,338;25,91;1,90;0,11;486,46
432,500;0,402;25,94;1,93;0,16;486,62
432,600;0,325;25,92;1,91;0,11;486,73
432,700;0,445;25,91;1,90;0,20;486,92
432,800;0,388;25,90;1,89;0,15;487,08
432,900;0,370;25,93;1,92;0,14;487,21
433,000;0,324;25,93;1,92;0,10;487,32
433,100;0,451;25,93;1,92;0,20;487,52
433,200;0,412;25,94;1,93;0,17;487,69
433,300;0,369;25,92;1,91;0,14;487,83
433,400;0,332;25,94;1,93;0,11;487,94
433,500;0,393;25,92;1,91;0,15;488,09
433,600;0,516;25,92;1,91;0,27;488,36
433,700;0,316;25,91;1,90;0,10;488,46
433,800;0,417;25,93;1,92;0,17;488,63
433,900;0,386;25,92;1,91;0,15;488,78
434,000;0,457;25,93;1,92;0,21;488,99
434,100;0,390;25,94;1,93;0,15;489,14
434,200;0,426;25,93;1,92;0,18;489,32
434,300;0,415;25,95;1,94;0,17;489,49
434,400;0,325;25,94;1,93;0,11;489,60
434,500;0,430;25,94;1,93;0,19;489,79
434,600;0,354;25,93;1,92;0,13;489,91
434,700;0,459;25,91;1,90;0,21;490,12
434,800;0,362;25,93;1,92;0,13;490,25
434,900;0,444;25,93;1,92;0,20;490,45
435,000;0,343;25,94;1,93;0,12;490,57
435,100;0,436;25,91;1,90;0,19;490,76
435,200;0,352;25,94;1,93;0,12;490,88
435,300;0,409;25,95;1,94;0,17;491,05
435,400;0,406;25,94;1,93;0,16;491,21
435,500;0,350;25,93;1,92;0,12;491,33
435,600;0,406;25,95;1,94;0,17;491,50
435,700;0,355;25,94;1,93;0,13;491,63
435,800;0,386;25,93;1,92;0,15;491,77
435,900;0,369;25,95;1,94;0,14;491,91
436,000;0,430;25,93;1,92;0,19;492,10
436,100;0,407;25,93;1,92;0,17;492,26
436,200;0,403;25,95;1,94;0,16;492,42
436,300;0,389;25,94;1,93;0,15;492,58
436,400;0,413;25,95;1,94;0,17;492,75
436,500;0,435;25,93;1,92;0,19;492,93
436,600;0,309;25,95;1,94;0,10;493,03
436,700;0,416;25,95;1,94;0,17;493,20
436,800;0,363;25,93;1,92;0,13;493,34
436,900;0,451;25,94;1,93;0,20;493,54
437,000;0,385;25,94;1,93;0,15;493,69
437,100;0,434;25,94;1,93;0,19;493,88
437,200;0,320;25,95;1,94;0,10;493,98
437,300;0,394;25,95;1,94;0,16;494,13
437,400;0,352;25,95;1,94;0,12;494,26
437,500;0,383;25,95;1,94;0,15;494,40
437,600;0,408;25,93;1,92;0,17;494,57
437,700;0,345;25,95;1,94;0,12;494,69
437,800;0,351;25,94;1,93;0,12;494,81
437,900;0,419;25,94;1,93;0,18;494,99
438,000;0,411;25,95;1,94;0,17;495,16
438,100;0,288;25,95;1,94;0,08;495,24
438,200;0,358;25,95;1,94;0,13;495,37
438,300;0,431;25,93;1,92;0,19;495,55
438,400;0,451;25,95;1,94;0,20;495,76
438,500;0,413;25,95;1,94;0,17;495,93
438,600;0,426;25,94;1,93;0,18;496,11
438,700;0,368;25,95;1,94;0,14;496,25
438,800;0,406;25,94;1,93;0,16;496,41
438,900;0,416;25,95;1,94;0,17;496,58
439,000;0,392;25,96;1,95;0,15;496,74
439,100;0,439;25,95;1,94;0,19;496,93
439,200;0,316;25,95;1,94;0,10;497,03
439,300;0,414;25,96;1,95;0,17;497,20
439,400;0,315;25,94;1,93;0,10;497,30
439,500;0,425;25,96;1,95;0,18;497,48
439,600;0,366;25,96;1,95;0,13;497,61
439,700;0,402;25,95;1,94;0,16;497,78
439,800;0,307;25,97;1,96;0,09;497,87
439,900;0,424;25,95;1,94;0,18;498,05
440,000;0,345;25,95;1,94;0,12;498,17
440,100;0,419;25,97;1,96;0,18;498,35
440,200;0,313;25,94;1,93;0,10;498,44
440,300;0,425;25,96;1,95;0,18;498,62
440,400;0,372;25,96;1,95;0,14;498,76
440,500;0,391;25,95;1,94;0,15;498,92
440,600;0,331;25,95;1,94;0,11;499,03
440,700;0,432;25,96;1,95;0,19;499,21
440,800;0,368;25,96;1,95;0,14;499,35
440,900;0,396;25,95;1,94;0,16;499,50
441,000;0,316;25,96;1,95;0,10;499,60
441,100;0,402;25,96;1,95;0,16;499,77
441,200;0,389;25,97;1,96;0,15;499,92
441,300;0,390;25,95;1,94;0,15;500,07
441,400;0,377;25,97;1,96;0,14;500,21
441,500;0,334;25,98;1,97;0,11;500,32
441,600;0,368;25,96;1,95;0,14;500,46
441,700;0,346;25,96;1,95;0,12;500,58
441,800;0,314;25,97;1,96;0,10;500,68
441,900;0,384;25,95;1,94;0,15;500,83
442,000;0,420;25,95;1,94;0,18;501,00
442,100;0,429;25,97;1,96;0,18;501,19
442,200;0,452;25,96;1,95;0,20;501,39
442,300;0,326;25,97;1,96;0,11;501,50
442,400;0,438;25,95;1,94;0,19;501,69
442,500;0,351;25,98;1,97;0,12;501,81
442,600;0,403;25,98;1,97;0,16;501,97
442,700;0,338;25,96;1,95;0,11;502,09
442,800;0,441;25,95;1,94;0,19;502,28
442,900;0,367;25,95;1,94;0,13;502,42
443,000;0,391;25,98;1,97;0,15;502,57
443,100;0,368;25,97;1,96;0,14;502,71
443,200;0,379;25,97;1,96;0,14;502,85
443,300;0,363;25,98;1,97;0,13;502,98
443,400;0,388;25,97;1,96;0,15;503,13
443,500;0,411;25,97;1,96;0,17;503,30
443,600;0,365;25,95;1,94;0,13;503,43
443,700;0,382;25,97;1,96;0,15;503,58
443,800;0,292;25,96;1,95;0,09;503,67
443,900;0,375;25,97;1,96;0,14;503,81
444,000;0,400;25,98;1,97;0,16;503,97
444,100;0,401;25,99;1,98;0,16;504,13
444,200;0,292;25,96;1,95;0,09;504,21
444,300;0,441;25,97;1,96;0,19;504,41
444,400;0,326;25,98;1,97;0,11;504,51
444,500;0,434;25,97;1,96;0,19;504,70
444,600;0,237;25,98;1,97;0,06;504,76
444,700;0,442;25,97;1,96;0,20;504,95
444,800;0,301;25,99;1,98;0,09;505,04
444,900;0,469;25,98;1,97;0,22;505,26
445,000;0,378;25,96;1,95;0,14;505,41
445,100;0,419;25,97;1,96;0,18;505,58
445,200;0,330;25,96;1,95;0,11;505,69
445,300;0,415;25,97;1,96;0,17;505,86
445,400;0,366;25,98;1,97;0,13;506,00
445,500;0,433;25,99;1,98;0,19;506,18
445,600;0,330;26,01;1,99;0,11;506,29
445,700;0,392;25,97;1,96;0,15;506,45
445,800;0,427;25,97;1,96;0,18;506,63
445,900;0,338;25,98;1,97;0,11;506,74
446,000;0,330;25,97;1,96;0,11;506,85
446,100;0,359;25,98;1,97;0,13;506,98
446,200;0,389;25,98;1,97;0,15;507,13
446,300;0,362;25,99;1,98;0,13;507,26
446,400;0,345;25,99;1,98;0,12;507,38
446,500;0,357;25,98;1,97;0,13;507,51
446,600;0,429;25,99;1,98;0,18;507,69
446,700;-0,166;25,98;1,97;0,03;507,72
446,800;-0,359;25,97;1,96;0,13;507,85
446,900;0,041;26,01;1,99;0,00;507,85
447,000;0,131;25,97;1,96;0,02;507,87
447,100;0,042;25,97;1,96;0,00;507,87
447,200;0,293;25,97;1,96;0,09;507,96
447,300;0,354;25,99;1,98;0,13;508,08
447,400;0,425;25,98;1,97;0,18;508,26
447,500;0,274;25,98;1,97;0,08;508,34
447,600;0,441;26,01;1,99;0,19;508,53
447,700;0,302;26,01;1,99;0,09;508,62
447,800;0,432;25,99;1,98;0,19;508,81
447,900;0,371;25,99;1,98;0,14;508,95
448,000;0,401;25,97;1,96;0,16;509,11
448,100;0,241;26,01;1,99;0,06;509,17
448,200;0,502;25,98;1,97;0,25;509,42
448,300;0,355;25,98;1,97;0,13;509,54
448,400;0,434;25,99;1,98;0,19;509,73
448,500;0,331;25,99;1,98;0,11;509,84
448,600;0,432;26,01;1,99;0,19;510,03
448,700;0,428;26,01;1,99;0,18;510,21
448,800;0,334;25,98;1,97;0,11;510,32
448,900;0,320;26,01;1,99;0,10;510,43
449,000;0,420;25,99;1,98;0,18;510,60
449,100;0,424;25,99;1,98;0,18;510,78
449,200;0,298;26,03;2,02;0,09;510,87
449,300;0,402;25,99;1,98;0,16;511,03
449,400;0,392;26,01;1,99;0,15;511,19
449,500;0,381;25,99;1,98;0,14;511,33
449,600;0,215;26,01;1,99;0,05;511,38
449,700;0,454;26,02;2,01;0,21;511,58
449,800;0,334;26,02;2,01;0,11;511,69
449,900;0,351;25,99;1,98;0,12;511,82
450,000;0,273;26,02;2,01;0,07;511,89
450,100;0,357;25,98;1,97;0,13;512,02
450,200;0,390;26,01;1,99;0,15;512,17
450,300;0,403;25,97;1,96;0,16;512,33
450,400;0,366;26,01;1,99;0,13;512,47
450,500;0,349;26,03;2,02;0,12;512,59
450,600;0,371;25,99;1,98;0,14;512,73
450,700;0,434;25,99;1,98;0,19;512,92
450,800;0,288;26,01;1,99;0,08;513,00
450,900;0,364;26,02;2,01;0,13;513,13
451,000;0,387;26,01;1,99;0,15;513,28
451,100;0,432;26,01;1,99;0,19;513,47
451,200;0,279;26,01;1,99;0,08;513,55
451,300;0,424;26,01;1,99;0,18;513,73
451,400;0,284;26,02;2,01;0,08;513,81
451,500;0,418;26,02;2,01;0,17;513,98
451,600;0,251;26,03;2,02;0,06;514,04
451,700;0,464;26,03;2,02;0,21;514,26
451,800;0,320;26,01;1,99;0,10;514,36
451,900;0,387;26,02;2,01;0,15;514,51
452,000;0,261;25,99;1,98;0,07;514,58
452,100;0,356;26,01;1,99;0,13;514,71
452,200;0,320;26,02;2,01;0,10;514,81
452,300;0,348;26,02;2,01;0,12;514,93
452,400;0,420;26,01;1,99;0,18;515,11
452,500;0,289;26,03;2,02;0,08;515,19
452,600;0,469;26,01;1,99;0,22;515,41
452,700;0,233;26,01;1,99;0,05;515,46
452,800;0,340;26,01;1,99;0,12;515,58
452,900;0,233;26,02;2,01;0,05;515,63
453,000;0,500;26,02;2,01;0,25;515,88
453,100;0,175;26,01;1,99;0,03;515,91
453,200;0,413;26,02;2,01;0,17;516,09
453,300;0,330;26,01;1,99;0,11;516,19
453,400;0,428;26,02;2,01;0,18;516,38
453,500;0,306;26,03;2,02;0,09;516,47
453,600;0,427;26,03;2,02;0,18;516,65
453,700;0,279;26,03;2,02;0,08;516,73
453,800;0,359;26,01;1,99;0,13;516,86
453,900;0,306;26,03;2,02;0,09;516,95
454,000;0,415;26,03;2,02;0,17;517,13
454,100;0,335;26,03;2,02;0,11;517,24
454,200;0,426;26,03;2,02;0,18;517,42
454,300;0,331;26,03;2,02;0,11;517,53
454,400;0,394;26,02;2,01;0,16;517,68
454,500;0,311;26,02;2,01;0,10;517,78
454,600;0,471;26,02;2,01;0,22;518,00
454,700;0,244;26,01;1,99;0,06;518,06
454,800;0,409;26,03;2,02;0,17;518,23
454,900;0,342;26,01;1,99;0,12;518,35
455,000;0,496;26,01;1,99;0,25;518,59
455,100;0,386;26,03;2,02;0,15;518,74
455,200;0,392;26,04;2,03;0,15;518,90
455,300;0,321;26,03;2,02;0,10;519,00
455,400;0,415;26,04;2,03;0,17;519,17
455,500;0,363;26,04;2,03;0,13;519,30
455,600;0,375;26,03;2,02;0,14;519,44
455,700;0,388;26,02;2,01;0,15;519,59
455,800;0,445;26,04;2,03;0,20;519,79
455,900;0,397;26,04;2,03;0,16;519,95
456,000;0,275;26,04;2,03;0,08;520,03
456,100;0,336;26,03;2,02;0,11;520,14
456,200;0,396;26,03;2,02;0,16;520,30
456,300;0,400;26,02;2,01;0,16;520,46
456,400;0,401;26,03;2,02;0,16;520,62
456,500;0,341;26,04;2,03;0,12;520,73
456,600;0,367;26,04;2,03;0,13;520,87
456,700;0,409;26,05;2,04;0,17;521,03
456,800;0,331;26,04;2,03;0,11;521,14
456,900;0,325;26,04;2,03;0,11;521,25
457,000;0,317;26,04;2,03;0,10;521,35
457,100;0,399;26,05;2,04;0,16;521,51
457,200;0,372;26,04;2,03;0,14;521,65
457,300;0,436;26,03;2,02;0,19;521,84
457,400;0,259;26,04;2,03;0,07;521,91
457,500;0,314;26,04;2,03;0,10;522,00
457,600;0,337;26,04;2,03;0,11;522,12
457,700;0,250;26,06;2,05;0,06;522,18
457,800;0,508;26,05;2,04;0,26;522,44
457,900;0,251;26,03;2,02;0,06;522,50
458,000;0,382;26,04;2,03;0,15;522,65
458,100;0,319;26,03;2,02;0,10;522,75
458,200;0,506;26,04;2,03;0,26;523,00
458,300;0,289;26,04;2,03;0,08;523,09
458,400;0,386;26,05;2,04;0,15;523,24
458,500;0,409;26,05;2,04;0,17;523,40
458,600;0,411;26,04;2,03;0,17;523,57
458,700;0,401;26,04;2,03;0,16;523,74
458,800;0,286;26,05;2,04;0,08;523,82
458,900;0,384;26,05;2,04;0,15;523,96
459,000;0,450;26,06;2,05;0,20;524,17
459,100;0,381;26,05;2,04;0,15;524,31
459,200;0,224;26,05;2,04;0,05;524,36
459,300;0,453;26,05;2,04;0,21;524,57
459,400;0,333;26,04;2,03;0,11;524,68
459,500;0,390;26,05;2,04;0,15;524,83
459,600;0,324;26,05;2,04;0,10;524,94
459,700;0,418;26,06;2,05;0,17;525,11
459,800;0,376;26,06;2,05;0,14;525,25
459,900;0,435;26,06;2,05;0,19;525,44
460,000;0,306;26,06;2,05;0,09;525,53
460,100;0,378;26,04;2,03;0,14;525,68
460,200;0,353;26,05;2,04;0,12;525,80
460,300;0,461;26,06;2,05;0,21;526,01
460,400;0,275;26,05;2,04;0,08;526,09
460,500;0,293;26,06;2,05;0,09;526,18
460,600;0,389;26,06;2,05;0,15;526,33
460,700;0,335;26,04;2,03;0,11;526,44
460,800;0,055;26,06;2,05;0,00;526,44
460,900;0,053;26,05;2,04;0,00;526,45
461,000;4,710E-4;26,06;2,05;2,22E-7;526,45
461,100;0,007;26,07;2,06;5,54E-5;526,45
461,200;0,039;26,06;2,05;0,00;526,45
461,300;0,116;26,06;2,05;0,01;526,46
461,400;0,270;26,05;2,04;0,07;526,53
461,500;0,359;26,04;2,03;0,13;526,66
461,600;0,199;26,05;2,04;0,04;526,70
461,700;0,296;26,06;2,05;0,09;526,79
461,800;0,367;26,06;2,05;0,13;526,92
461,900;0,301;26,06;2,05;0,09;527,01
462,000;0,354;26,06;2,05;0,13;527,14
462,100;0,406;26,06;2,05;0,16;527,31
462,200;0,370;26,06;2,05;0,14;527,44
462,300;0,248;26,05;2,04;0,06;527,50
462,400;0,346;26,06;2,05;0,12;527,62
462,500;0,274;26,06;2,05;0,08;527,70
462,600;0,327;26,05;2,04;0,11;527,81
462,700;0,334;26,08;2,07;0,11;527,92
462,800;0,221;26,06;2,05;0,05;527,97
462,900;0,343;26,07;2,06;0,12;528,08
463,000;0,303;26,08;2,07;0,09;528,18
463,100;0,329;26,06;2,05;0,11;528,28
463,200;0,332;26,07;2,06;0,11;528,39
463,300;0,347;26,05;2,04;0,12;528,51
463,400;0,377;26,08;2,07;0,14;528,66
463,500;0,333;26,06;2,05;0,11;528,77
463,600;0,323;26,06;2,05;0,10;528,87
463,700;0,315;26,06;2,05;0,10;528,97
463,800;0,388;26,06;2,05;0,15;529,12
463,900;0,230;26,08;2,07;0,05;529,17
464,000;0,339;26,06;2,05;0,11;529,29
464,100;0,342;26,07;2,06;0,12;529,41
464,200;0,357;26,07;2,06;0,13;529,53
464,300;0,327;26,08;2,07;0,11;529,64
464,400;0,340;26,06;2,05;0,12;529,76
464,500;0,387;26,07;2,06;0,15;529,90
464,600;0,353;26,09;2,08;0,12;530,03
464,700;0,361;26,08;2,07;0,13;530,16
464,800;0,342;26,07;2,06;0,12;530,28
464,900;0,365;26,06;2,05;0,13;530,41
465,000;0,279;26,07;2,06;0,08;530,49
465,100;0,432;26,08;2,07;0,19;530,68
465,200;0,274;26,08;2,07;0,08;530,75
465,300;0,300;26,07;2,06;0,09;530,84
465,400;0,251;26,08;2,07;0,06;530,90
465,500;0,458;26,07;2,06;0,21;531,11
465,600;0,279;26,08;2,07;0,08;531,19
465,700;0,314;26,09;2,08;0,10;531,29
465,800;0,332;26,07;2,06;0,11;531,40
465,900;0,275;26,08;2,07;0,08;531,48
466,000;0,437;26,09;2,08;0,19;531,67
466,100;0,211;26,08;2,07;0,04;531,71
466,200;0,358;26,07;2,06;0,13;531,84
466,300;0,272;26,07;2,06;0,07;531,91
466,400;0,343;26,08;2,07;0,12;532,03
466,500;0,337;26,09;2,08;0,11;532,14
466,600;0,304;26,08;2,07;0,09;532,24
466,700;0,370;26,07;2,06;0,14;532,37
466,800;0,271;26,07;2,06;0,07;532,45
466,900;0,426;26,08;2,07;0,18;532,63
467,000;0,300;26,09;2,08;0,09;532,72
467,100;0,382;26,08;2,07;0,15;532,86
467,200;0,293;26,08;2,07;0,09;532,95
467,300;0,410;26,08;2,07;0,17;533,12
467,400;0,275;26,10;2,09;0,08;533,19
467,500;0,324;26,08;2,07;0,11;533,30
467,600;0,354;26,08;2,07;0,13;533,42
467,700;0,349;26,09;2,08;0,12;533,55
467,800;0,371;26,11;2,10;0,14;533,68
467,900;0,313;26,10;2,09;0,10;533,78
468,000;0,391;26,09;2,08;0,15;533,94
468,100;0,358;26,10;2,09;0,13;534,06
468,200;0,289;26,09;2,08;0,08;534,15
468,300;0,203;26,09;2,08;0,04;534,19
468,400;0,414;26,10;2,09;0,17;534,36
468,500;0,325;26,09;2,08;0,11;534,47
468,600;0,438;26,10;2,09;0,19;534,66
468,700;0,136;26,09;2,08;0,02;534,68
468,800;0,388;26,10;2,09;0,15;534,83
468,900;0,385;26,11;2,10;0,15;534,97
469,000;0,294;26,09;2,08;0,09;535,06
469,100;0,353;26,09;2,08;0,12;535,19
469,200;0,318;26,09;2,08;0,10;535,29
469,300;0,409;26,10;2,09;0,17;535,45
469,400;0,292;26,10;2,09;0,09;535,54
469,500;0,397;26,10;2,09;0,16;535,70
469,600;0,286;26,09;2,08;0,08;535,78
469,700;0,430;26,11;2,10;0,19;535,96
469,800;0,322;26,10;2,09;0,10;536,07
469,900;0,383;26,09;2,08;0,15;536,21
470,000;0,254;26,10;2,09;0,06;536,28
470,100;0,419;26,09;2,08;0,18;536,46
470,200;0,343;26,09;2,08;0,12;536,57
470,300;0,486;26,09;2,08;0,24;536,81
470,400;0,270;26,09;2,08;0,07;536,88
470,500;0,343;26,09;2,08;0,12;537,00
470,600;0,255;26,09;2,08;0,07;537,07
470,700;0,424;26,11;2,10;0,18;537,25
470,800;0,356;26,10;2,09;0,13;537,37
470,900;0,336;26,10;2,09;0,11;537,49
471,000;0,308;26,11;2,10;0,09;537,58
471,100;0,369;26,09;2,08;0,14;537,72
471,200;0,386;26,10;2,09;0,15;537,86
471,300;0,366;26,10;2,09;0,13;538,00
471,400;0,271;26,10;2,09;0,07;538,07
471,500;0,246;26,12;2,11;0,06;538,13
471,600;0,451;26,10;2,09;0,20;538,34
471,700;0,271;26,09;2,08;0,07;538,41
471,800;0,412;26,09;2,08;0,17;538,58
471,900;0,191;26,11;2,10;0,04;538,62
472,000;0,438;26,10;2,09;0,19;538,81
472,100;0,261;26,11;2,10;0,07;538,88
472,200;0,368;26,11;2,10;0,14;539,01
472,300;0,251;26,12;2,11;0,06;539,07
472,400;0,370;26,11;2,10;0,14;539,21
472,500;0,417;26,10;2,09;0,17;539,38
472,600;0,204;26,11;2,10;0,04;539,43
472,700;0,333;26,12;2,11;0,11;539,54
472,800;0,218;26,10;2,09;0,05;539,59
472,900;0,476;26,11;2,10;0,23;539,81
473,000;0,269;26,09;2,08;0,07;539,88
473,100;0,315;26,12;2,11;0,10;539,98
473,200;0,277;26,12;2,11;0,08;540,06
473,300;0,304;26,12;2,11;0,09;540,15
473,400;0,489;26,10;2,09;0,24;540,39
473,500;0,254;26,11;2,10;0,06;540,46
473,600;0,318;26,13;2,12;0,10;540,56
473,700;0,173;26,10;2,09;0,03;540,59
473,800;0,403;26,11;2,10;0,16;540,75
473,900;0,362;26,10;2,09;0,13;540,88
474,000;0,281;26,13;2,12;0,08;540,96
474,100;0,263;26,12;2,11;0,07;541,03
474,200;0,237;26,10;2,09;0,06;541,09
474,300;0,489;26,12;2,11;0,24;541,32
474,400;0,274;26,14;2,13;0,08;541,40
474,500;0,297;26,12;2,11;0,09;541,49
474,600;0,262;26,11;2,10;0,07;541,56
474,700;0,275;26,12;2,11;0,08;541,63
474,800;0,489;26,11;2,10;0,24;541,87
474,900;0,104;26,12;2,11;0,01;541,88
475,000;0,260;26,11;2,10;0,07;541,95
475,100;0,339;26,12;2,11;0,11;542,06
475,200;0,301;26,12;2,11;0,09;542,16
475,300;0,430;26,10;2,09;0,18;542,34
475,400;0,278;26,12;2,11;0,08;542,42
475,500;0,427;26,12;2,11;0,18;542,60
475,600;0,252;26,12;2,11;0,06;542,66
475,700;0,408;26,11;2,10;0,17;542,83
475,800;0,257;26,12;2,11;0,07;542,90
475,900;0,376;26,14;2,13;0,14;543,04
476,000;0,247;26,13;2,12;0,06;543,10
476,100;0,371;26,13;2,12;0,14;543,24
476,200;0,384;26,10;2,09;0,15;543,38
476,300;0,011;26,13;2,12;1,17E-4;543,38
476,400;-6,281E-5;26,12;2,11;3,94E-9;543,38
476,500;0,056;26,12;2,11;0,00;543,39
476,600;0,082;26,11;2,10;0,01;543,39
476,700;0,014;26,12;2,11;2,07E-4;543,39
476,800;-0,002;26,13;2,12;4,43E-6;543,39
476,900;-6,281E-5;26,14;2,13;3,94E-9;543,39
477,000;-6,281E-5;26,14;2,13;3,94E-9;543,39
477,100;3,140E-5;26,14;2,13;9,86E-10;543,39
477,200;-1,570E-4;26,14;2,13;2,47E-8;543,39
477,300;-3,140E-5;26,12;2,11;9,86E-10;543,39
477,400;-0,003;26,14;2,13;1,05E-5;543,39
477,500;-0,002;26,13;2,12;2,67E-6;543,39
477,600;-0,002;26,14;2,13;2,56E-6;543,39
477,700;-6,281E-5;26,14;2,13;3,94E-9;543,39
477,800;-0,017;26,14;2,13;2,81E-4;543,39
477,900;-0,067;26,12;2,11;0,00;543,40
478,000;-0,075;26,12;2,11;0,01;543,40
478,100;-0,015;26,14;2,13;2,27E-4;543,40
478,200;-6,281E-5;26,14;2,13;3,94E-9;543,40
478,300;-3,140E-5;26,13;2,12;9,86E-10;543,40
478,400;0,006;26,14;2,13;3,41E-5;543,40
478,500;-9,421E-5;26,14;2,13;8,88E-9;543,40
478,600;0,038;26,12;2,11;0,00;543,41
478,700;0,260;26,13;2,12;0,07;543,47
478,800;0,357;26,14;2,13;0,13;543,60
478,900;0,460;26,14;2,13;0,21;543,81
479,000;0,477;26,12;2,11;0,23;544,04
479,100;0,315;26,12;2,11;0,10;544,14
479,200;0,452;26,13;2,12;0,20;544,34
479,300;0,473;26,14;2,13;0,22;544,57
479,400;0,336;26,17;2,16;0,11;544,68
479,500;0,458;26,14;2,13;0,21;544,89
479,600;0,504;26,14;2,13;0,25;545,14
479,700;0,328;26,14;2,13;0,11;545,25
479,800;0,337;26,16;2,15;0,11;545,37
479,900;0,434;26,13;2,12;0,19;545,55
480,000;0,478;26,16;2,15;0,23;545,78
480,100;0,289;26,16;2,15;0,08;545,87
480,200;0,396;26,16;2,15;0,16;546,02
480,300;0,522;26,16;2,15;0,27;546,29
480,400;0,427;26,16;2,15;0,18;546,48
480,500;0,271;26,16;2,15;0,07;546,55
480,600;0,455;26,13;2,12;0,21;546,76
480,700;0,503;26,14;2,13;0,25;547,01
480,800;0,273;26,14;2,13;0,07;547,09
480,900;0,335;26,16;2,15;0,11;547,20
481,000;0,510;26,18;2,17;0,26;547,46
481,100;0,436;26,17;2,16;0,19;547,65
481,200;0,257;26,17;2,16;0,07;547,71
481,300;0,384;26,16;2,15;0,15;547,86
481,400;0,532;26,16;2,15;0,28;548,14
481,500;0,348;26,14;2,13;0,12;548,26
481,600;0,311;26,16;2,15;0,10;548,36
481,700;0,464;26,17;2,16;0,22;548,58
481,800;0,469;26,14;2,13;0,22;548,80
481,900;0,289;26,18;2,17;0,08;548,88
482,000;0,331;26,14;2,13;0,11;548,99
482,100;0,517;26,17;2,16;0,27;549,26
482,200;0,416;26,16;2,15;0,17;549,43
482,300;0,266;26,14;2,13;0,07;549,50
482,400;0,365;26,17;2,16;0,13;549,63
482,500;0,523;26,16;2,15;0,27;549,91
482,600;0,348;26,17;2,16;0,12;550,03
482,700;0,262;26,17;2,16;0,07;550,10
482,800;0,401;26,16;2,15;0,16;550,26
482,900;0,496;26,16;2,15;0,25;550,50
483,000;0,292;26,16;2,15;0,08;550,59
483,100;0,286;26,14;2,13;0,08;550,67
483,200;0,418;26,18;2,17;0,17;550,85
483,300;0,464;26,16;2,15;0,21;551,06
483,400;0,299;26,16;2,15;0,09;551,15
483,500;0,269;26,16;2,15;0,07;551,22
483,600;0,441;26,16;2,15;0,19;551,42
483,700;0,474;26,16;2,15;0,22;551,64
483,800;0,258;26,16;2,15;0,07;551,71
483,900;0,236;26,17;2,16;0,06;551,76
484,000;0,413;26,17;2,16;0,17;551,93
484,100;0,498;26,16;2,15;0,25;552,18
484,200;0,236;26,14;2,13;0,06;552,24
484,300;0,238;26,17;2,16;0,06;552,30
484,400;0,362;26,18;2,17;0,13;552,43
484,500;0,466;26,18;2,17;0,22;552,64
484,600;0,309;26,18;2,17;0,10;552,74
484,700;0,261;26,18;2,17;0,07;552,81
484,800;0,272;26,18;2,17;0,07;552,88
484,900;0,167;26,16;2,15;0,03;552,91
485,000;0,107;26,17;2,16;0,01;552,92
485,100;0,323;26,19;2,18;0,10;553,02
485,200;0,353;26,16;2,15;0,12;553,15
485,300;0,218;26,18;2,17;0,05;553,20
485,400;0,422;26,17;2,16;0,18;553,38
485,500;0,519;26,18;2,17;0,27;553,64
485,600;0,282;26,18;2,17;0,08;553,72
485,700;0,322;26,18;2,17;0,10;553,83
485,800;0,449;26,18;2,17;0,20;554,03
485,900;0,478;26,17;2,16;0,23;554,26
486,000;0,300;26,17;2,16;0,09;554,35
486,100;0,300;26,17;2,16;0,09;554,44
486,200;0,456;26,19;2,18;0,21;554,65
486,300;0,492;26,21;2,20;0,24;554,89
486,400;0,218;26,18;2,17;0,05;554,93
486,500;0,366;26,19;2,18;0,13;555,07
486,600;0,499;26,19;2,18;0,25;555,32
486,700;0,429;26,21;2,20;0,18;555,50
486,800;0,240;26,19;2,18;0,06;555,56
486,900;0,430;26,19;2,18;0,19;555,74
487,000;0,494;26,20;2,19;0,24;555,99
487,100;0,308;26,18;2,17;0,10;556,08
487,200;0,332;26,18;2,17;0,11;556,19
487,300;0,477;26,18;2,17;0,23;556,42
487,400;0,451;26,20;2,19;0,20;556,63
487,500;0,200;26,18;2,17;0,04;556,66
487,600;0,382;26,19;2,18;0,15;556,81
487,700;0,435;26,20;2,19;0,19;557,00
487,800;0,095;26,18;2,17;0,01;557,01
487,900;-1,256E-4;26,20;2,19;1,58E-8;557,01
488,000;-9,421E-5;26,20;2,19;8,88E-9;557,01
488,100;-6,281E-5;26,21;2,20;3,94E-9;557,01
488,200;-3,140E-5;26,19;2,18;9,86E-10;557,01
488,300;-6,281E-5;26,20;2,19;3,94E-9;557,01
488,400;-6,281E-5;26,18;2,17;3,94E-9;557,01
488,500;-6,281E-5;26,18;2,17;3,94E-9;557,01
488,600;-6,281E-5;26,18;2,17;3,94E-9;557,01
488,700;-6,281E-5;26,19;2,18;3,94E-9;557,01
488,800;0,000;26,20;2,19;0,00;557,01
488,900;-3,140E-5;26,19;2,18;9,86E-10;557,01
489,000;-6,281E-5;26,21;2,20;3,94E-9;557,01
489,100;0,019;26,20;2,19;3,49E-4;557,01
489,200;0,048;26,20;2,19;0,00;557,01
489,300;0,028;26,20;2,19;7,57E-4;557,01
489,400;0,002;26,19;2,18;6,00E-6;557,01
489,500;6,281E-5;26,21;2,20;3,94E-9;557,01
489,600;-3,140E-5;26,21;2,20;9,86E-10;557,01
489,700;-3,140E-5;26,20;2,19;9,86E-10;557,01
489,800;-9,421E-5;26,19;2,18;8,88E-9;557,01
489,900;-6,281E-5;26,19;2,18;3,94E-9;557,01
490,000;-6,281E-5;26,21;2,20;3,94E-9;557,01
490,100;-6,281E-5;26,21;2,20;3,94E-9;557,01
490,200;-9,421E-5;26,18;2,17;8,88E-9;557,01
490,300;-6,281E-5;26,19;2,18;3,94E-9;557,01
490,400;-6,281E-5;26,21;2,20;3,94E-9;557,01
490,500;-6,281E-5;26,20;2,19;3,94E-9;557,01
490,600;-6,281E-5;26,19;2,18;3,94E-9;557,01
490,700;-3,140E-5;26,20;2,19;9,86E-10;557,01
490,800;-1,256E-4;26,18;2,17;1,58E-8;557,01
490,900;-6,281E-5;26,19;2,18;3,94E-9;557,01
491,000;-6,281E-5;26,20;2,19;3,94E-9;557,01
491,100;-6,281E-5;26,20;2,19;3,94E-9;557,01
491,200;-9,421E-5;26,21;2,20;8,88E-9;557,01
491,300;-9,421E-5;26,21;2,20;8,88E-9;557,01
491,400;-6,281E-5;26,19;2,18;3,94E-9;557,01
491,500;-1,256E-4;26,22;2,21;1,58E-8;557,01
491,600;0,007;26,21;2,20;4,56E-5;557,01
491,700;0,064;26,18;2,17;0,00;557,02
491,800;0,016;26,22;2,21;2,50E-4;557,02
491,900;-3,140E-5;26,21;2,20;9,86E-10;557,02
492,000;0,002;26,18;2,17;5,55E-6;557,02
492,100;0,118;26,22;2,21;0,01;557,03
492,200;0,366;26,22;2,21;0,13;557,16
492,300;0,470;26,20;2,19;0,22;557,39
492,400;0,487;26,22;2,21;0,24;557,62
492,500;0,283;26,19;2,18;0,08;557,70
492,600;0,353;26,21;2,20;0,12;557,83
492,700;0,504;26,21;2,20;0,25;558,08
492,800;0,460;26,20;2,19;0,21;558,29
492,900;0,199;26,21;2,20;0,04;558,33
493,000;0,432;26,21;2,20;0,19;558,52
493,100;0,535;26,21;2,20;0,29;558,81
493,200;0,319;26,21;2,20;0,10;558,91
493,300;0,389;26,22;2,21;0,15;559,06
493,400;0,505;26,24;2,23;0,25;559,32
493,500;0,476;26,22;2,21;0,23;559,54
493,600;0,266;26,23;2,22;0,07;559,61
493,700;0,456;26,23;2,22;0,21;559,82
493,800;0,513;26,21;2,20;0,26;560,08
493,900;0,260;26,23;2,22;0,07;560,15
494,000;0,386;26,22;2,21;0,15;560,30
494,100;0,516;26,22;2,21;0,27;560,57
494,200;0,491;26,23;2,22;0,24;560,81
494,300;0,316;26,23;2,22;0,10;560,91
494,400;0,512;26,22;2,21;0,26;561,17
494,500;0,477;26,22;2,21;0,23;561,40
494,600;0,222;26,21;2,20;0,05;561,45
494,700;0,431;26,23;2,22;0,19;561,63
494,800;0,534;26,22;2,21;0,28;561,92
494,900;0,348;26,22;2,21;0,12;562,04
495,000;0,299;26,23;2,22;0,09;562,13
495,100;0,485;26,23;2,22;0,24;562,36
495,200;0,513;26,21;2,20;0,26;562,63
495,300;0,205;26,23;2,22;0,04;562,67
495,400;0,360;26,20;2,19;0,13;562,80
495,500;0,534;26,22;2,21;0,28;563,08
495,600;0,392;26,23;2,22;0,15;563,24
495,700;0,248;26,21;2,20;0,06;563,30
495,800;0,383;26,21;2,20;0,15;563,44
495,900;0,466;26,23;2,22;0,22;563,66
496,000;0,369;26,22;2,21;0,14;563,80
496,100;0,253;26,22;2,21;0,06;563,86
496,200;0,456;26,23;2,22;0,21;564,07
496,300;0,511;26,22;2,21;0,26;564,33
496,400;0,287;26,24;2,23;0,08;564,41
496,500;0,364;26,23;2,22;0,13;564,55
496,600;0,449;26,23;2,22;0,20;564,75
496,700;0,443;26,21;2,20;0,20;564,94
496,800;0,339;26,21;2,20;0,11;565,06
496,900;0,390;26,23;2,22;0,15;565,21
497,000;0,377;26,23;2,22;0,14;565,35
497,100;0,291;26,23;2,22;0,08;565,44
497,200;0,312;26,24;2,23;0,10;565,54
497,300;0,036;26,23;2,22;0,00;565,54
497,400;0,214;26,25;2,24;0,05;565,58
497,500;0,351;26,23;2,22;0,12;565,71
497,600;0,336;26,21;2,20;0,11;565,82
497,700;0,440;26,23;2,22;0,19;566,01
497,800;0,221;26,23;2,22;0,05;566,06
497,900;0,178;26,23;2,22;0,03;566,09
498,000;0,277;26,24;2,23;0,08;566,17
498,100;0,162;26,25;2,24;0,03;566,20
498,200;0,252;26,23;2,22;0,06;566,26
498,300;0,303;26,23;2,22;0,09;566,35
498,400;0,285;26,24;2,23;0,08;566,43
498,500;0,344;26,23;2,22;0,12;566,55
498,600;0,549;26,24;2,23;0,30;566,85
498,700;0,343;26,23;2,22;0,12;566,97
498,800;0,325;26,24;2,23;0,11;567,08
498,900;0,524;26,23;2,22;0,27;567,35
499,000;0,462;26,23;2,22;0,21;567,56
499,100;0,238;26,24;2,23;0,06;567,62
499,200;0,387;26,26;2,25;0,15;567,77
499,300;0,519;26,23;2,22;0,27;568,04
499,400;0,341;26,24;2,23;0,12;568,16
499,500;0,301;26,24;2,23;0,09;568,25
499,600;0,453;26,24;2,23;0,21;568,45
499,700;0,534;26,25;2,24;0,29;568,74
499,800;0,231;26,25;2,24;0,05;568,79
499,900;0,349;26,25;2,24;0,12;568,91
500,000;0,498;26,22;2,21;0,25;569,16
500,100;0,411;26,24;2,23;0,17;569,33
500,200;0,282;26,22;2,21;0,08;569,41
500,300;0,391;26,26;2,25;0,15;569,56
500,400;0,516;26,24;2,23;0,27;569,83
500,500;0,303;26,25;2,24;0,09;569,92
500,600;0,352;26,26;2,25;0,12;570,04
500,700;0,473;26,23;2,22;0,22;570,27
500,800;0,486;26,24;2,23;0,24;570,50
500,900;0,229;26,24;2,23;0,05;570,56
501,000;0,314;26,26;2,25;0,10;570,66
501,100;0,424;26,25;2,24;0,18;570,84
501,200;0,113;26,24;2,23;0,01;570,85
501,300;0,365;26,25;2,24;0,13;570,98
501,400;0,301;26,25;2,24;0,09;571,07
501,500;0,377;26,23;2,22;0,14;571,22
501,600;0,502;26,23;2,22;0,25;571,47
501,700;0,329;26,24;2,23;0,11;571,58
501,800;0,352;26,24;2,23;0,12;571,70
501,900;0,483;26,23;2,22;0,23;571,93
502,000;0,519;26,23;2,22;0,27;572,20
502,100;0,246;26,24;2,23;0,06;572,26
502,200;0,390;26,24;2,23;0,15;572,41
502,300;0,517;26,25;2,24;0,27;572,68
502,400;0,349;26,24;2,23;0,12;572,80
502,500;0,321;26,27;2,26;0,10;572,91
502,600;0,407;26,26;2,25;0,17;573,07
502,700;0,523;26,24;2,23;0,27;573,34
502,800;0,233;26,26;2,25;0,05;573,40
502,900;0,298;26,26;2,25;0,09;573,49
503,000;0,469;26,26;2,25;0,22;573,71
503,100;0,490;26,28;2,27;0,24;573,95
503,200;0,218;26,26;2,25;0,05;574,00
503,300;0,314;26,27;2,26;0,10;574,09
503,400;0,477;26,27;2,26;0,23;574,32
503,500;0,446;26,27;2,26;0,20;574,52
503,600;0,219;26,25;2,24;0,05;574,57
503,700;0,348;26,26;2,25;0,12;574,69
503,800;0,490;26,26;2,25;0,24;574,93
503,900;0,418;26,26;2,25;0,17;575,11
504,000;0,250;26,27;2,26;0,06;575,17
504,100;0,321;26,24;2,23;0,10;575,27
504,200;0,449;26,27;2,26;0,20;575,47
504,300;0,390;26,27;2,26;0,15;575,63
504,400;0,295;26,28;2,27;0,09;575,71
504,500;0,437;26,26;2,25;0,19;575,90
504,600;0,526;26,27;2,26;0,28;576,18
504,700;0,278;26,26;2,25;0,08;576,26
504,800;0,285;26,27;2,26;0,08;576,34
504,900;0,287;26,27;2,26;0,08;576,42
505,000;0,367;26,26;2,25;0,13;576,56
505,100;0,295;26,27;2,26;0,09;576,64
505,200;0,196;26,28;2,27;0,04;576,68
505,300;0,431;26,26;2,25;0,19;576,87
505,400;0,516;26,26;2,25;0,27;577,13
505,500;0,419;26,27;2,26;0,18;577,31
505,600;0,294;26,28;2,27;0,09;577,39
505,700;0,404;26,27;2,26;0,16;577,56
505,800;0,519;26,25;2,24;0,27;577,83
505,900;0,234;26,23;2,22;0,05;577,88
506,000;0,303;26,26;2,25;0,09;577,97
506,100;0,386;26,26;2,25;0,15;578,12
506,200;0,519;26,28;2,27;0,27;578,39
506,300;0,258;26,27;2,26;0,07;578,46
506,400;0,280;26,27;2,26;0,08;578,54
506,500;0,353;26,27;2,26;0,12;578,66
506,600;0,448;26,26;2,25;0,20;578,86
506,700;0,313;26,30;2,28;0,10;578,96
506,800;0,285;26,27;2,26;0,08;579,04
506,900;0,384;26,27;2,26;0,15;579,19
507,000;0,520;26,28;2,27;0,27;579,46
507,100;0,259;26,30;2,28;0,07;579,53
507,200;0,262;26,27;2,26;0,07;579,59
507,300;0,195;26,28;2,27;0,04;579,63
507,400;0,261;26,27;2,26;0,07;579,70
507,500;0,092;26,28;2,27;0,01;579,71
507,600;0,472;26,27;2,26;0,22;579,93
507,700;0,201;26,30;2,28;0,04;579,97
507,800;0,306;26,30;2,28;0,09;580,07
507,900;0,387;26,27;2,26;0,15;580,21
508,000;0,401;26,28;2,27;0,16;580,38
508,100;0,378;26,30;2,28;0,14;580,52
508,200;0,266;26,26;2,25;0,07;580,59
508,300;0,361;26,27;2,26;0,13;580,72
508,400;0,397;26,30;2,28;0,16;580,88
508,500;0,383;26,30;2,28;0,15;581,02
508,600;0,099;26,28;2,27;0,01;581,03
508,700;0,012;26,28;2,27;1,37E-4;581,03
508,800;0,242;26,31;2,30;0,06;581,09
508,900;0,275;26,30;2,28;0,08;581,17
509,000;0,376;26,30;2,28;0,14;581,31
509,100;0,449;26,31;2,30;0,20;581,51
509,200;0,154;26,28;2,27;0,02;581,54
509,300;0,280;26,28;2,27;0,08;581,61
509,400;0,440;26,30;2,28;0,19;581,81
509,500;0,455;26,28;2,27;0,21;582,01
509,600;0,251;26,28;2,27;0,06;582,08
509,700;0,245;26,30;2,28;0,06;582,14
509,800;0,326;26,30;2,28;0,11;582,24
509,900;0,458;26,27;2,26;0,21;582,45
510,000;0,289;26,28;2,27;0,08;582,54
510,100;0,177;26,30;2,28;0,03;582,57
510,200;0,303;26,30;2,28;0,09;582,66
510,300;0,442;26,30;2,28;0,20;582,86
510,400;0,407;26,32;2,31;0,17;583,02
510,500;0,267;26,30;2,28;0,07;583,09
510,600;0,275;26,31;2,30;0,08;583,17
510,700;0,402;26,32;2,31;0,16;583,33
510,800;0,470;26,30;2,28;0,22;583,55
510,900;0,259;26,30;2,28;0,07;583,62
511,000;0,263;26,28;2,27;0,07;583,69
511,100;0,350;26,33;2,32;0,12;583,81
511,200;0,477;26,32;2,31;0,23;584,04
511,300;0,322;26,31;2,30;0,10;584,14
511,400;0,180;26,30;2,28;0,03;584,17
511,500;0,275;26,31;2,30;0,08;584,25
511,600;0,435;26,30;2,28;0,19;584,44
511,700;0,422;26,31;2,30;0,18;584,62
511,800;0,216;26,31;2,30;0,05;584,66
511,900;0,263;26,30;2,28;0,07;584,73
512,000;0,383;26,32;2,31;0,15;584,88
512,100;0,487;26,30;2,28;0,24;585,12
512,200;0,192;26,30;2,28;0,04;585,15
512,300;0,200;26,32;2,31;0,04;585,19
512,400;0,161;26,30;2,28;0,03;585,22
512,500;0,173;26,32;2,31;0,03;585,25
512,600;0,200;26,32;2,31;0,04;585,29
512,700;0,422;26,33;2,32;0,18;585,47
512,800;0,253;26,32;2,31;0,06;585,53
512,900;0,293;26,30;2,28;0,09;585,62
513,000;0,417;26,30;2,28;0,17;585,79
513,100;0,484;26,31;2,30;0,23;586,02
513,200;0,343;26,31;2,30;0,12;586,14
513,300;0,209;26,31;2,30;0,04;586,19
513,400;0,419;26,32;2,31;0,18;586,36
513,500;0,483;26,32;2,31;0,23;586,60
513,600;0,341;26,32;2,31;0,12;586,71
513,700;0,332;26,32;2,31;0,11;586,82
513,800;0,483;26,32;2,31;0,23;587,05
513,900;0,445;26,28;2,27;0,20;587,25
514,000;0,307;26,32;2,31;0,09;587,35
514,100;0,376;26,32;2,31;0,14;587,49
514,200;0,512;26,34;2,33;0,26;587,75
514,300;0,314;26,31;2,30;0,10;587,85
514,400;0,301;26,31;2,30;0,09;587,94
514,500;0,443;26,33;2,32;0,20;588,14
514,600;0,495;26,32;2,31;0,24;588,38
514,700;0,240;26,31;2,30;0,06;588,44
514,800;0,331;26,32;2,31;0,11;588,55
514,900;0,471;26,33;2,32;0,22;588,77
515,000;0,472;26,33;2,32;0,22;588,99
515,100;0,235;26,32;2,31;0,06;589,05
515,200;0,350;26,32;2,31;0,12;589,17
515,300;0,473;26,32;2,31;0,22;589,39
515,400;0,448;26,30;2,28;0,20;589,60
515,500;0,251;26,32;2,31;0,06;589,66
515,600;0,336;26,32;2,31;0,11;589,77
515,700;0,466;26,32;2,31;0,22;589,99
515,800;0,429;26,32;2,31;0,18;590,17
515,900;0,270;26,31;2,30;0,07;590,25
516,000;0,379;26,32;2,31;0,14;590,39
516,100;0,507;26,32;2,31;0,26;590,65
516,200;0,358;26,32;2,31;0,13;590,78
516,300;0,264;26,33;2,32;0,07;590,84
516,400;0,369;26,34;2,33;0,14;590,98
516,500;0,464;26,33;2,32;0,22;591,20
516,600;0,313;26,34;2,33;0,10;591,29
516,700;0,287;26,33;2,32;0,08;591,38
516,800;0,437;26,32;2,31;0,19;591,57
516,900;0,513;26,33;2,32;0,26;591,83
517,000;0,391;26,32;2,31;0,15;591,98
517,100;0,284;26,35;2,34;0,08;592,06
517,200;0,445;26,33;2,32;0,20;592,26
517,300;0,441;26,34;2,33;0,19;592,46
517,400;0,290;26,34;2,33;0,08;592,54
517,500;0,307;26,34;2,33;0,09;592,64
517,600;0,452;26,34;2,33;0,20;592,84
517,700;0,428;26,32;2,31;0,18;593,02
517,800;0,300;26,34;2,33;0,09;593,11
517,900;0,330;26,35;2,34;0,11;593,22
518,000;0,466;26,34;2,33;0,22;593,44
518,100;0,430;26,33;2,32;0,18;593,62
518,200;0,253;26,32;2,31;0,06;593,69
518,300;0,328;26,33;2,32;0,11;593,80
518,400;0,470;26,33;2,32;0,22;594,02
518,500;0,427;26,33;2,32;0,18;594,20
518,600;0,267;26,33;2,32;0,07;594,27
518,700;0,342;26,34;2,33;0,12;594,39
518,800;0,451;26,35;2,34;0,20;594,59
518,900;0,372;26,34;2,33;0,14;594,73
519,000;0,239;26,33;2,32;0,06;594,79
519,100;0,365;26,33;2,32;0,13;594,92
519,200;0,461;26,34;2,33;0,21;595,13
519,300;0,387;26,34;2,33;0,15;595,28
519,400;0,259;26,35;2,34;0,07;595,35
519,500;0,350;26,34;2,33;0,12;595,47
519,600;0,431;26,35;2,34;0,19;595,66
519,700;0,385;26,35;2,34;0,15;595,81
519,800;0,264;26,33;2,32;0,07;595,88
519,900;0,337;26,33;2,32;0,11;595,99
520,000;0,465;26,33;2,32;0,22;596,20
520,100;0,433;26,35;2,34;0,19;596,39
520,200;0,286;26,34;2,33;0,08;596,47
520,300;0,315;26,36;2,35;0,10;596,57
520,400;0,403;26,33;2,32;0,16;596,74
520,500;0,382;26,33;2,32;0,15;596,88
520,600;0,234;26,37;2,36;0,05;596,94
520,700;0,333;26,36;2,35;0,11;597,05
520,800;0,386;26,34;2,33;0,15;597,20
520,900;0,398;26,34;2,33;0,16;597,35
521,000;0,149;26,34;2,33;0,02;597,38
521,100;0,351;26,33;2,32;0,12;597,50
521,200;0,372;26,36;2,35;0,14;597,64
521,300;0,463;26,34;2,33;0,21;597,85
521,400;0,325;26,34;2,33;0,11;597,96
521,500;0,253;26,36;2,35;0,06;598,02
521,600;0,313;26,33;2,32;0,10;598,12
521,700;0,437;26,37;2,36;0,19;598,31
521,800;0,395;26,36;2,35;0,16;598,47
521,900;0,229;26,36;2,35;0,05;598,52
522,000;0,298;26,35;2,34;0,09;598,61
522,100;0,386;26,35;2,34;0,15;598,76
522,200;0,395;26,35;2,34;0,16;598,91
522,300;0,232;26,35;2,34;0,05;598,97
522,400;0,360;26,36;2,35;0,13;599,10
522,500;0,421;26,37;2,36;0,18;599,27
522,600;0,481;26,35;2,34;0,23;599,51
522,700;0,241;26,34;2,33;0,06;599,56
522,800;0,290;26,37;2,36;0,08;599,65
522,900;0,349;26,34;2,33;0,12;599,77
523,000;0,473;26,35;2,34;0,22;599,99
523,100;0,250;26,36;2,35;0,06;600,05
523,200;0,265;26,36;2,35;0,07;600,13
523,300;0,427;26,36;2,35;0,18;600,31
523,400;0,502;26,36;2,35;0,25;600,56
523,500;0,251;26,36;2,35;0,06;600,62
523,600;0,334;26,36;2,35;0,11;600,73
523,700;0,394;26,36;2,35;0,16;600,89
523,800;0,490;26,38;2,37;0,24;601,13
523,900;0,236;26,38;2,37;0,06;601,19
524,000;0,331;26,36;2,35;0,11;601,29
524,100;0,364;26,36;2,35;0,13;601,43
524,200;0,451;26,37;2,36;0,20;601,63
524,300;0,266;26,36;2,35;0,07;601,70
524,400;0,347;26,35;2,34;0,12;601,82
524,500;0,378;26,36;2,35;0,14;601,96
524,600;0,442;26,37;2,36;0,20;602,16
524,700;0,273;26,36;2,35;0,07;602,23
524,800;0,312;26,37;2,36;0,10;602,33
524,900;0,386;26,36;2,35;0,15;602,48
525,000;0,468;26,38;2,37;0,22;602,70
525,100;0,311;26,38;2,37;0,10;602,80
525,200;0,311;26,36;2,35;0,10;602,89
525,300;0,391;26,36;2,35;0,15;603,05
525,400;0,485;26,38;2,37;0,24;603,28
525,500;0,256;26,38;2,37;0,07;603,35
525,600;0,310;26,37;2,36;0,10;603,44
525,700;0,338;26,36;2,35;0,11;603,56
525,800;0,458;26,37;2,36;0,21;603,77
525,900;0,270;26,38;2,37;0,07;603,84
526,000;0,359;26,36;2,35;0,13;603,97
526,100;0,450;26,38;2,37;0,20;604,17
526,200;0,504;26,38;2,37;0,25;604,42
526,300;0,279;26,38;2,37;0,08;604,50
526,400;0,327;26,38;2,37;0,11;604,61
526,500;0,394;26,38;2,37;0,16;604,76
526,600;0,411;26,38;2,37;0,17;604,93
526,700;0,277;26,39;2,38;0,08;605,01
526,800;0,321;26,38;2,37;0,10;605,11
526,900;0,438;26,39;2,38;0,19;605,31
527,000;0,452;26,38;2,37;0,20;605,51
527,100;0,256;26,38;2,37;0,07;605,58
527,200;0,307;26,38;2,37;0,09;605,67
527,300;0,389;26,39;2,38;0,15;605,82
527,400;0,446;26,38;2,37;0,20;606,02
527,500;0,247;26,37;2,36;0,06;606,08
527,600;0,364;26,38;2,37;0,13;606,21
527,700;0,436;26,38;2,37;0,19;606,40
527,800;0,458;26,38;2,37;0,21;606,61
527,900;0,243;26,40;2,39;0,06;606,67
528,000;0,281;26,38;2,37;0,08;606,75
528,100;0,172;26,38;2,37;0,03;606,78
528,200;0,282;26,38;2,37;0,08;606,86
528,300;0,439;26,36;2,35;0,19;607,05
528,400;0,212;26,38;2,37;0,05;607,10
528,500;0,394;26,39;2,38;0,16;607,25
528,600;0,478;26,41;2,40;0,23;607,48
528,700;0,468;26,37;2,36;0,22;607,70
528,800;0,232;26,39;2,38;0,05;607,76
528,900;0,346;26,37;2,36;0,12;607,87
529,000;0,477;26,39;2,38;0,23;608,10
529,100;0,425;26,40;2,39;0,18;608,28
529,200;0,175;26,38;2,37;0,03;608,31
529,300;0,369;26,37;2,36;0,14;608,45
529,400;0,472;26,39;2,38;0,22;608,67
529,500;0,433;26,39;2,38;0,19;608,86
529,600;0,268;26,39;2,38;0,07;608,93
529,700;0,367;26,38;2,37;0,13;609,07
529,800;0,484;26,38;2,37;0,23;609,30
529,900;0,351;26,37;2,36;0,12;609,42
530,000;0,278;26,40;2,39;0,08;609,50
530,100;0,332;26,39;2,38;0,11;609,61
530,200;0,434;26,41;2,40;0,19;609,80
530,300;0,346;26,39;2,38;0,12;609,92
530,400;0,290;26,40;2,39;0,08;610,00
530,500;0,365;26,38;2,37;0,13;610,14
530,600;0,468;26,39;2,38;0,22;610,36
530,700;0,351;26,39;2,38;0,12;610,48
530,800;0,299;26,40;2,39;0,09;610,57
530,900;0,372;26,40;2,39;0,14;610,71
531,000;0,490;26,38;2,37;0,24;610,95
531,100;0,300;26,40;2,39;0,09;611,04
531,200;0,301;26,40;2,39;0,09;611,13
531,300;0,341;26,39;2,38;0,12;611,24
531,400;0,444;26,40;2,39;0,20;611,44
531,500;0,309;26,39;2,38;0,10;611,54
531,600;0,333;26,40;2,39;0,11;611,65
531,700;0,367;26,40;2,39;0,13;611,78
531,800;0,465;26,40;2,39;0,22;612,00
531,900;0,266;26,40;2,39;0,07;612,07
532,000;0,344;26,39;2,38;0,12;612,19
532,100;0,457;26,40;2,39;0,21;612,40
532,200;0,505;26,42;2,41;0,26;612,65
532,300;0,223;26,39;2,38;0,05;612,70
532,400;0,338;26,40;2,39;0,11;612,82
532,500;0,459;26,40;2,39;0,21;613,03
532,600;0,468;26,43;2,42;0,22;613,25
532,700;0,224;26,38;2,37;0,05;613,30
532,800;0,323;26,39;2,38;0,10;613,40
532,900;0,397;26,41;2,40;0,16;613,56
533,000;0,472;26,40;2,39;0,22;613,78
533,100;0,250;26,41;2,40;0,06;613,84
533,200;0,386;26,41;2,40;0,15;613,99
533,300;0,485;26,39;2,38;0,23;614,23
533,400;0,384;26,40;2,39;0,15;614,37
533,500;0,275;26,40;2,39;0,08;614,45
533,600;0,344;26,42;2,41;0,12;614,57
533,700;0,449;26,40;2,39;0,20;614,77
533,800;0,360;26,40;2,39;0,13;614,90
533,900;0,293;26,40;2,39;0,09;614,99
534,000;0,383;26,41;2,40;0,15;615,13
534,100;0,499;26,41;2,40;0,25;615,38
534,200;0,312;26,41;2,40;0,10;615,48
534,300;0,321;26,41;2,40;0,10;615,58
534,400;0,333;26,41;2,40;0,11;615,69
534,500;0,418;26,40;2,39;0,17;615,87
534,600;0,323;26,40;2,39;0,10;615,97
534,700;0,301;26,40;2,39;0,09;616,06
534,800;0,358;26,40;2,39;0,13;616,19
534,900;0,456;26,40;2,39;0,21;616,40
535,000;0,365;26,43;2,42;0,13;616,53
535,100;0,304;26,43;2,42;0,09;616,62
535,200;0,343;26,42;2,41;0,12;616,74
535,300;0,479;26,43;2,42;0,23;616,97
535,400;0,330;26,43;2,42;0,11;617,08
535,500;0,275;26,42;2,41;0,08;617,15
535,600;0,265;26,43;2,42;0,07;617,22
535,700;0,358;26,41;2,40;0,13;617,35
535,800;0,388;26,41;2,40;0,15;617,50
535,900;0,222;26,42;2,41;0,05;617,55
536,000;0,393;26,42;2,41;0,15;617,71
536,100;0,466;26,45;2,43;0,22;617,92
536,200;0,431;26,42;2,41;0,19;618,11
536,300;0,296;26,43;2,42;0,09;618,20
536,400;0,375;26,40;2,39;0,14;618,34
536,500;0,422;26,43;2,42;0,18;618,52
536,600;0,433;26,42;2,41;0,19;618,70
536,700;0,241;26,43;2,42;0,06;618,76
536,800;0,384;26,42;2,41;0,15;618,91
536,900;0,433;26,43;2,42;0,19;619,10
537,000;0,405;26,43;2,42;0,16;619,26
537,100;0,256;26,42;2,41;0,07;619,33
537,200;0,392;26,41;2,40;0,15;619,48
537,300;0,456;26,43;2,42;0,21;619,69
537,400;0,358;26,41;2,40;0,13;619,82
537,500;0,271;26,45;2,43;0,07;619,89
537,600;0,442;26,42;2,41;0,20;620,09
537,700;0,498;26,45;2,43;0,25;620,33
537,800;0,277;26,43;2,42;0,08;620,41
537,900;0,322;26,41;2,40;0,10;620,51
538,000;0,375;26,42;2,41;0,14;620,65
538,100;0,411;26,43;2,42;0,17;620,82
538,200;0,202;26,43;2,42;0,04;620,86
538,300;0,328;26,43;2,42;0,11;620,97
538,400;0,392;26,42;2,41;0,15;621,12
538,500;0,482;26,43;2,42;0,23;621,36
538,600;0,274;26,42;2,41;0,08;621,43
538,700;0,277;26,45;2,43;0,08;621,51
538,800;0,289;26,43;2,42;0,08;621,59
538,900;0,266;26,43;2,42;0,07;621,66
539,000;0,237;26,43;2,42;0,06;621,72
539,100;0,181;26,45;2,43;0,03;621,75
539,200;0,111;26,45;2,43;0,01;621,76
539,300;0,159;26,46;2,45;0,03;621,79
539,400;0,359;26,45;2,43;0,13;621,92
539,500;0,366;26,43;2,42;0,13;622,05
539,600;0,394;26,43;2,42;0,16;622,21
539,700;0,281;26,46;2,45;0,08;622,29
539,800;0,208;26,45;2,43;0,04;622,33
539,900;0,376;26,46;2,45;0,14;622,47
540,000;0,373;26,45;2,43;0,14;622,61
540,100;0,362;26,45;2,43;0,13;622,74
540,200;0,163;26,46;2,45;0,03;622,77
540,300;0,311;26,45;2,43;0,10;622,86
540,400;0,371;26,46;2,45;0,14;623,00
540,500;0,435;26,45;2,43;0,19;623,19
540,600;0,245;26,45;2,43;0,06;623,25
540,700;0,172;26,46;2,45;0,03;623,28
540,800;0,147;26,47;2,46;0,02;623,30
540,900;0,030;26,45;2,43;9,11E-4;623,30
541,000;-1,256E-4;26,45;2,43;1,58E-8;623,30
541,100;-9,421E-5;26,45;2,43;8,88E-9;623,30
541,200;-9,421E-5;26,46;2,45;8,88E-9;623,30
541,300;-1,570E-4;26,43;2,42;2,47E-8;623,30
541,400;-6,281E-5;26,47;2,46;3,94E-9;623,30
541,500;-9,421E-5;26,46;2,45;8,88E-9;623,30
541,600;-6,281E-5;26,45;2,43;3,94E-9;623,30
541,700;-3,140E-5;26,45;2,43;9,86E-10;623,30
541,800;-9,421E-5;26,45;2,43;8,88E-9;623,30
541,900;-1,256E-4;26,45;2,43;1,58E-8;623,30
542,000;-0,003;26,47;2,46;8,53E-6;623,30
542,100;-9,421E-5;26,47;2,46;8,88E-9;623,30
542,200;-1,570E-4;26,45;2,43;2,47E-8;623,30
542,300;-1,256E-4;26,48;2,47;1,58E-8;623,30
542,400;-1,256E-4;26,45;2,43;1,58E-8;623,30
542,500;0,008;26,47;2,46;6,31E-5;623,30
542,600;0,005;26,47;2,46;2,72E-5;623,30
542,700;0,002;26,47;2,46;2,47E-6;623,30
542,800;0,050;26,45;2,43;0,00;623,31
542,900;0,157;26,47;2,46;0,02;623,33
543,000;0,170;26,47;2,46;0,03;623,36
543,100;0,020;26,45;2,43;3,89E-4;623,36
543,200;0,183;26,47;2,46;0,03;623,39
543,300;0,332;26,47;2,46;0,11;623,50
543,400;0,306;26,47;2,46;0,09;623,60
543,500;0,326;26,46;2,45;0,11;623,70
543,600;0,360;26,46;2,45;0,13;623,83
543,700;0,437;26,45;2,43;0,19;624,02
543,800;0,273;26,47;2,46;0,07;624,10
543,900;0,374;26,46;2,45;0,14;624,24
544,000;0,346;26,47;2,46;0,12;624,36
544,100;0,460;26,47;2,46;0,21;624,57
544,200;0,284;26,46;2,45;0,08;624,65
544,300;0,415;26,45;2,43;0,17;624,82
544,400;0,316;26,48;2,47;0,10;624,92
544,500;0,474;26,46;2,45;0,22;625,15
544,600;0,316;26,46;2,45;0,10;625,25
544,700;0,417;26,47;2,46;0,17;625,42
544,800;0,331;26,48;2,47;0,11;625,53
544,900;0,440;26,47;2,46;0,19;625,72
545,000;0,316;26,47;2,46;0,10;625,82
545,100;0,439;26,47;2,46;0,19;626,02
545,200;0,360;26,47;2,46;0,13;626,15
545,300;0,389;26,48;2,47;0,15;626,30
545,400;0,349;26,47;2,46;0,12;626,42
545,500;0,427;26,48;2,47;0,18;626,60
545,600;0,421;26,47;2,46;0,18;626,78
545,700;0,298;26,48;2,47;0,09;626,87
545,800;0,432;26,46;2,45;0,19;627,05
545,900;0,377;26,48;2,47;0,14;627,20
546,000;0,401;26,49;2,48;0,16;627,36
546,100;0,299;26,47;2,46;0,09;627,45
546,200;0,477;26,48;2,47;0,23;627,67
546,300;0,354;26,47;2,46;0,13;627,80
546,400;0,381;26,49;2,48;0,15;627,95
546,500;0,363;26,49;2,48;0,13;628,08
546,600;0,457;26,46;2,45;0,21;628,29
546,700;0,376;26,48;2,47;0,14;628,43
546,800;0,360;26,47;2,46;0,13;628,56
546,900;0,398;26,48;2,47;0,16;628,72
547,000;0,389;26,49;2,48;0,15;628,87
547,100;0,413;26,49;2,48;0,17;629,04
547,200;0,327;26,50;2,49;0,11;629,14
547,300;0,441;26,48;2,47;0,19;629,34
547,400;0,367;26,49;2,48;0,13;629,47
547,500;0,423;26,49;2,48;0,18;629,65
547,600;0,391;26,48;2,47;0,15;629,81
547,700;0,404;26,47;2,46;0,16;629,97
547,800;0,320;26,49;2,48;0,10;630,07
547,900;0,399;26,49;2,48;0,16;630,23
548,000;0,418;26,47;2,46;0,17;630,40
548,100;0,384;26,47;2,46;0,15;630,55
548,200;0,479;26,49;2,48;0,23;630,78
548,300;0,223;26,49;2,48;0,05;630,83
548,400;0,442;26,47;2,46;0,20;631,03
548,500;0,341;26,49;2,48;0,12;631,14
548,600;0,403;26,49;2,48;0,16;631,31
548,700;0,379;26,49;2,48;0,14;631,45
548,800;0,389;26,47;2,46;0,15;631,60
548,900;0,365;26,49;2,48;0,13;631,73
549,000;0,394;26,50;2,49;0,16;631,89
549,100;0,384;26,47;2,46;0,15;632,04
549,200;0,412;26,48;2,47;0,17;632,21
549,300;0,360;26,50;2,49;0,13;632,34
549,400;0,344;26,49;2,48;0,12;632,45
549,500;0,412;26,49;2,48;0,17;632,62
549,600;0,402;26,49;2,48;0,16;632,79
549,700;0,399;26,49;2,48;0,16;632,95
549,800;0,310;26,51;2,50;0,10;633,04
549,900;0,441;26,51;2,50;0,19;633,24
550,000;0,310;26,50;2,49;0,10;633,33
550,100;0,368;26,50;2,49;0,14;633,47
550,200;0,393;26,49;2,48;0,15;633,62
550,300;0,406;26,50;2,49;0,16;633,79
550,400;0,386;26,51;2,50;0,15;633,94
550,500;0,377;26,48;2,47;0,14;634,08
550,600;-0,040;26,49;2,48;0,00;634,08
550,700;0,000;26,49;2,48;0,00;634,08
550,800;0,042;26,52;2,51;0,00;634,08
550,900;0,293;26,50;2,49;0,09;634,17
551,000;0,455;26,49;2,48;0,21;634,37
551,100;0,405;26,50;2,49;0,16;634,54
551,200;0,348;26,50;2,49;0,12;634,66
551,300;0,397;26,50;2,49;0,16;634,82
551,400;0,464;26,48;2,47;0,22;635,03
551,500;0,413;26,51;2,50;0,17;635,20
551,600;0,331;26,51;2,50;0,11;635,31
551,700;0,431;26,48;2,47;0,19;635,50
551,800;0,301;26,49;2,48;0,09;635,59
551,900;0,411;26,50;2,49;0,17;635,76
552,000;0,319;26,51;2,50;0,10;635,86
552,100;0,444;26,51;2,50;0,20;636,06
552,200;0,365;26,50;2,49;0,13;636,19
552,300;0,361;26,50;2,49;0,13;636,32
552,400;0,363;26,51;2,50;0,13;636,45
552,500;0,425;26,50;2,49;0,18;636,63
552,600;0,376;26,49;2,48;0,14;636,77
552,700;0,395;26,51;2,50;0,16;636,93
552,800;0,453;26,50;2,49;0,21;637,14
552,900;0,364;26,51;2,50;0,13;637,27
553,000;0,412;26,50;2,49;0,17;637,44
553,100;0,280;26,51;2,50;0,08;637,52
553,200;0,447;26,51;2,50;0,20;637,72
553,300;0,328;26,52;2,51;0,11;637,82
553,400;0,423;26,51;2,50;0,18;638,00
553,500;0,408;26,51;2,50;0,17;638,17
553,600;0,442;26,50;2,49;0,20;638,36
553,700;0,339;26,54;2,53;0,11;638,48
553,800;0,356;26,51;2,50;0,13;638,61
553,900;0,405;26,51;2,50;0,16;638,77
554,000;0,416;26,53;2,52;0,17;638,94
554,100;0,401;26,51;2,50;0,16;639,10
554,200;0,340;26,50;2,49;0,12;639,22
554,300;0,438;26,52;2,51;0,19;639,41
554,400;0,256;26,51;2,50;0,07;639,48
554,500;0,363;26,53;2,52;0,13;639,61
554,600;0,332;26,49;2,48;0,11;639,72
554,700;0,443;26,51;2,50;0,20;639,91
554,800;0,348;26,53;2,52;0,12;640,04
554,900;0,511;26,52;2,51;0,26;640,30
555,000;0,259;26,52;2,51;0,07;640,36
555,100;0,308;26,52;2,51;0,10;640,46
555,200;0,247;26,51;2,50;0,06;640,52
555,300;0,387;26,53;2,52;0,15;640,67
555,400;0,284;26,52;2,51;0,08;640,75
555,500;0,447;26,52;2,51;0,20;640,95
555,600;0,361;26,53;2,52;0,13;641,08
555,700;0,057;26,51;2,50;0,00;641,08
555,800;0,143;26,53;2,52;0,02;641,10
555,900;0,212;26,51;2,50;0,05;641,15
556,000;0,170;26,53;2,52;0,03;641,18
556,100;0,335;26,52;2,51;0,11;641,29
556,200;0,447;26,54;2,53;0,20;641,49
556,300;0,334;26,53;2,52;0,11;641,60
556,400;0,346;26,54;2,53;0,12;641,72
556,500;0,364;26,53;2,52;0,13;641,85
556,600;0,454;26,52;2,51;0,21;642,06
556,700;0,369;26,55;2,54;0,14;642,20
556,800;0,398;26,54;2,53;0,16;642,35
556,900;0,444;26,53;2,52;0,20;642,55
557,000;0,280;26,52;2,51;0,08;642,63
557,100;0,346;26,54;2,53;0,12;642,75
557,200;0,347;26,53;2,52;0,12;642,87
557,300;0,391;26,53;2,52;0,15;643,02
557,400;0,387;26,54;2,53;0,15;643,17
557,500;0,430;26,52;2,51;0,18;643,36
557,600;0,382;26,54;2,53;0,15;643,50
557,700;0,404;26,54;2,53;0,16;643,67
557,800;0,247;26,52;2,51;0,06;643,73
557,900;0,415;26,54;2,53;0,17;643,90
558,000;0,354;26,53;2,52;0,13;644,03
558,100;0,454;26,53;2,52;0,21;644,23
558,200;0,343;26,53;2,52;0,12;644,35
558,300;0,392;26,54;2,53;0,15;644,50
558,400;0,405;26,53;2,52;0,16;644,67
558,500;0,365;26,52;2,51;0,13;644,80
558,600;0,311;26,54;2,53;0,10;644,90
558,700;0,379;26,53;2,52;0,14;645,04
558,800;0,405;26,55;2,54;0,16;645,21
558,900;0,432;26,52;2,51;0,19;645,39
559,000;0,268;26,54;2,53;0,07;645,46
559,100;0,337;26,54;2,53;0,11;645,58
559,200;0,356;26,54;2,53;0,13;645,70
559,300;0,429;26,54;2,53;0,18;645,89
559,400;0,258;26,55;2,54;0,07;645,95
559,500;0,374;26,54;2,53;0,14;646,09
559,600;0,422;26,54;2,53;0,18;646,27
559,700;0,431;26,53;2,52;0,19;646,46
559,800;0,298;26,53;2,52;0,09;646,55
559,900;0,357;26,54;2,53;0,13;646,67
560,000;0,434;26,56;2,55;0,19;646,86
560,100;0,375;26,55;2,54;0,14;647,00
560,200;0,456;26,54;2,53;0,21;647,21
560,300;0,365;26,56;2,55;0,13;647,34
560,400;0,388;26,55;2,54;0,15;647,49
560,500;0,288;26,53;2,52;0,08;647,58
560,600;0,347;26,54;2,53;0,12;647,70
560,700;0,363;26,54;2,53;0,13;647,83
560,800;0,406;26,53;2,52;0,17;647,99
560,900;0,381;26,55;2,54;0,15;648,14
561,000;0,392;26,54;2,53;0,15;648,29
561,100;0,367;26,54;2,53;0,13;648,43
561,200;0,418;26,56;2,55;0,17;648,60
561,300;0,294;26,54;2,53;0,09;648,69
561,400;0,403;26,54;2,53;0,16;648,85
561,500;0,438;26,54;2,53;0,19;649,04
561,600;0,316;26,55;2,54;0,10;649,14
561,700;0,408;26,55;2,54;0,17;649,31
561,800;0,346;26,54;2,53;0,12;649,43
561,900;0,303;26,54;2,53;0,09;649,52
562,000;0,337;26,57;2,56;0,11;649,64
562,100;0,318;26,54;2,53;0,10;649,74
562,200;0,465;26,54;2,53;0,22;649,95
562,300;0,348;26,54;2,53;0,12;650,08
562,400;0,370;26,56;2,55;0,14;650,21
562,500;0,259;26,57;2,56;0,07;650,28
562,600;0,433;26,55;2,54;0,19;650,47
562,700;0,383;26,56;2,55;0,15;650,61
562,800;0,224;26,55;2,54;0,05;650,66
562,900;0,352;26,55;2,54;0,12;650,79
563,000;0,442;26,55;2,54;0,20;650,98
563,100;0,138;26,56;2,55;0,02;651,00
563,200;0,327;26,55;2,54;0,11;651,11
563,300;0,412;26,55;2,54;0,17;651,28
563,400;0,372;26,56;2,55;0,14;651,42
563,500;0,360;26,55;2,54;0,13;651,55
563,600;0,394;26,56;2,55;0,16;651,70
563,700;0,299;26,55;2,54;0,09;651,79
563,800;0,318;26,56;2,55;0,10;651,89
563,900;0,419;26,57;2,56;0,18;652,07
564,000;0,420;26,55;2,54;0,18;652,24
564,100;0,286;26,56;2,55;0,08;652,33
564,200;0,182;26,55;2,54;0,03;652,36
564,300;0,433;26,55;2,54;0,19;652,55
564,400;0,242;26,56;2,55;0,06;652,61
564,500;0,095;26,55;2,54;0,01;652,61
564,600;0,094;26,57;2,56;0,01;652,62
564,700;0,033;26,58;2,57;0,00;652,62
564,800;-9,421E-5;26,56;2,55;8,88E-9;652,62
564,900;-9,421E-5;26,57;2,56;8,88E-9;652,62
565,000;-9,421E-5;26,56;2,55;8,88E-9;652,62
565,100;0,101;26,58;2,57;0,01;652,63
565,200;0,236;26,56;2,55;0,06;652,69
565,300;0,394;26,58;2,57;0,16;652,85
565,400;0,274;26,58;2,57;0,08;652,92
565,500;0,262;26,56;2,55;0,07;652,99
565,600;0,331;26,54;2,53;0,11;653,10
565,700;0,308;26,57;2,56;0,09;653,19
565,800;0,391;26,55;2,54;0,15;653,35
565,900;0,269;26,56;2,55;0,07;653,42
566,000;0,347;26,57;2,56;0,12;653,54
566,100;0,325;26,56;2,55;0,11;653,65
566,200;0,435;26,56;2,55;0,19;653,83
566,300;0,319;26,57;2,56;0,10;653,94
566,400;0,368;26,58;2,57;0,14;654,07
566,500;0,299;26,57;2,56;0,09;654,16
566,600;0,270;26,58;2,57;0,07;654,23
566,700;0,497;26,58;2,57;0,25;654,48
566,800;0,372;26,58;2,57;0,14;654,62
566,900;0,393;26,60;2,58;0,15;654,77
567,000;0,263;26,58;2,57;0,07;654,84
567,100;0,436;26,58;2,57;0,19;655,03
567,200;0,377;26,58;2,57;0,14;655,18
567,300;0,405;26,60;2,58;0,16;655,34
567,400;0,265;26,58;2,57;0,07;655,41
567,500;0,449;26,58;2,57;0,20;655,61
567,600;0,359;26,60;2,58;0,13;655,74
567,700;0,391;26,58;2,57;0,15;655,89
567,800;0,266;26,57;2,56;0,07;655,96
567,900;0,439;26,60;2,58;0,19;656,16
568,000;0,371;26,58;2,57;0,14;656,29
568,100;0,370;26,58;2,57;0,14;656,43
568,200;0,243;26,60;2,58;0,06;656,49
568,300;0,469;26,58;2,57;0,22;656,71
568,400;0,350;26,58;2,57;0,12;656,83
568,500;0,421;26,58;2,57;0,18;657,01
568,600;0,213;26,57;2,56;0,05;657,06
568,700;0,499;26,60;2,58;0,25;657,31
568,800;0,291;26,60;2,58;0,08;657,39
568,900;0,354;26,58;2,57;0,13;657,52
569,000;0,262;26,58;2,57;0,07;657,58
569,100;0,500;26,61;2,60;0,25;657,83
569,200;0,299;26,58;2,57;0,09;657,92
569,300;0,407;26,57;2,56;0,17;658,09
569,400;0,251;26,60;2,58;0,06;658,15
569,500;0,493;26,60;2,58;0,24;658,40
569,600;0,291;26,58;2,57;0,08;658,48
569,700;0,436;26,61;2,60;0,19;658,67
569,800;0,214;26,58;2,57;0,05;658,72
569,900;0,438;26,58;2,57;0,19;658,91
570,000;0,267;26,60;2,58;0,07;658,98
570,100;0,425;26,61;2,60;0,18;659,16
570,200;0,301;26,60;2,58;0,09;659,25
570,300;0,461;26,57;2,56;0,21;659,46
570,400;0,267;26,61;2,60;0,07;659,54
570,500;0,434;26,60;2,58;0,19;659,72
570,600;0,194;26,58;2,57;0,04;659,76
570,700;0,474;26,60;2,58;0,22;659,99
570,800;0,227;26,60;2,58;0,05;660,04
570,900;0,448;26,58;2,57;0,20;660,24
571,000;0,235;26,62;2,61;0,06;660,29
571,100;0,427;26,61;2,60;0,18;660,47
571,200;0,302;26,60;2,58;0,09;660,57
571,300;0,480;26,58;2,57;0,23;660,80
571,400;0,294;26,61;2,60;0,09;660,88
571,500;0,409;26,58;2,57;0,17;661,05
571,600;0,222;26,60;2,58;0,05;661,10
571,700;0,462;26,62;2,61;0,21;661,31
571,800;0,264;26,61;2,60;0,07;661,38
571,900;0,361;26,61;2,60;0,13;661,51
572,000;0,291;26,62;2,61;0,08;661,60
572,100;0,496;26,61;2,60;0,25;661,84
572,200;0,276;26,61;2,60;0,08;661,92
572,300;0,326;26,63;2,62;0,11;662,03
572,400;0,337;26,61;2,60;0,11;662,14
572,500;0,419;26,61;2,60;0,18;662,31
572,600;0,320;26,61;2,60;0,10;662,42
572,700;0,248;26,62;2,61;0,06;662,48
572,800;0,437;26,63;2,62;0,19;662,67
572,900;0,454;26,61;2,60;0,21;662,88
573,000;0,298;26,61;2,60;0,09;662,96
573,100;0,086;26,58;2,57;0,01;662,97
573,200;0,392;26,65;2,64;0,15;663,13
573,300;0,229;26,61;2,60;0,05;663,18
573,400;0,214;26,62;2,61;0,05;663,22
573,500;0,414;26,62;2,61;0,17;663,40
573,600;0,235;26,62;2,61;0,06;663,45
573,700;0,378;26,62;2,61;0,14;663,59
573,800;0,321;26,64;2,63;0,10;663,70
573,900;0,463;26,62;2,61;0,21;663,91
574,000;0,271;26,61;2,60;0,07;663,98
574,100;0,451;26,61;2,60;0,20;664,19
574,200;0,233;26,60;2,58;0,05;664,24
574,300;0,322;26,63;2,62;0,10;664,34
574,400;0,243;26,63;2,62;0,06;664,40
574,500;0,288;26,63;2,62;0,08;664,49
574,600;0,440;26,62;2,61;0,19;664,68
574,700;0,112;26,61;2,60;0,01;664,69
574,800;-1,256E-4;26,63;2,62;1,58E-8;664,69
574,900;0,224;26,62;2,61;0,05;664,74
575,000;0,275;26,61;2,60;0,08;664,82
575,100;0,127;26,61;2,60;0,02;664,84
575,200;0,108;26,62;2,61;0,01;664,85
575,300;0,310;26,62;2,61;0,10;664,94
575,400;0,360;26,62;2,61;0,13;665,07
575,500;0,235;26,64;2,63;0,06;665,13
575,600;0,299;26,62;2,61;0,09;665,22
575,700;0,222;26,63;2,62;0,05;665,27
575,800;0,309;26,64;2,63;0,10;665,36
575,900;0,435;26,64;2,63;0,19;665,55
576,000;0,045;26,61;2,60;0,00;665,55
576,100;0,247;26,61;2,60;0,06;665,61
576,200;0,336;26,63;2,62;0,11;665,73
576,300;0,209;26,62;2,61;0,04;665,77
576,400;0,460;26,63;2,62;0,21;665,98
576,500;0,276;26,62;2,61;0,08;666,06
576,600;0,370;26,62;2,61;0,14;666,20
576,700;0,257;26,64;2,63;0,07;666,26
576,800;0,296;26,62;2,61;0,09;666,35
576,900;0,399;26,64;2,63;0,16;666,51
577,000;0,216;26,63;2,62;0,05;666,55
577,100;0,375;26,64;2,63;0,14;666,69
577,200;0,225;26,62;2,61;0,05;666,75
577,300;0,426;26,64;2,63;0,18;666,93
577,400;0,261;26,64;2,63;0,07;667,00
577,500;0,323;26,65;2,64;0,10;667,10
577,600;0,341;26,64;2,63;0,12;667,22
577,700;0,227;26,62;2,61;0,05;667,27
577,800;0,448;26,64;2,63;0,20;667,47
577,900;0,267;26,63;2,62;0,07;667,54
578,000;0,384;26,64;2,63;0,15;667,69
578,100;0,191;26,63;2,62;0,04;667,72
578,200;0,360;26,64;2,63;0,13;667,85
578,300;0,361;26,64;2,63;0,13;667,98
578,400;0,367;26,63;2,62;0,13;668,12
578,500;0,323;26,64;2,63;0,10;668,22
578,600;0,536;26,65;2,64;0,29;668,51
578,700;-0,016;26,64;2,63;2,64E-4;668,51
578,800;-6,281E-5;26,62;2,61;3,94E-9;668,51
578,900;0,167;26,64;2,63;0,03;668,54
579,000;0,208;26,64;2,63;0,04;668,58
579,100;0,041;26,65;2,64;0,00;668,58
579,200;-6,281E-5;26,64;2,63;3,94E-9;668,58
579,300;-1,256E-4;26,65;2,64;1,58E-8;668,58
579,400;-6,281E-5;26,66;2,65;3,94E-9;668,58
579,500;-1,256E-4;26,64;2,63;1,58E-8;668,58
579,600;-9,421E-5;26,65;2,64;8,88E-9;668,58
579,700;-9,421E-5;26,66;2,65;8,88E-9;668,58
579,800;3,140E-5;26,67;2,66;9,86E-10;668,58
579,900;-0,003;26,65;2,64;1,07E-5;668,58
580,000;-1,256E-4;26,64;2,63;1,58E-8;668,58
580,100;-7,537E-4;26,65;2,64;5,68E-7;668,58
580,200;-1,256E-4;26,64;2,63;1,58E-8;668,58
580,300;-3,140E-5;26,64;2,63;9,86E-10;668,58
580,400;-9,421E-5;26,62;2,61;8,88E-9;668,58
580,500;-6,281E-5;26,66;2,65;3,94E-9;668,58
580,600;-6,281E-5;26,65;2,64;3,94E-9;668,58
580,700;-9,421E-5;26,63;2,62;8,88E-9;668,58
580,800;-1,570E-4;26,64;2,63;2,47E-8;668,58
580,900;-1,570E-4;26,64;2,63;2,47E-8;668,58
581,000;-1,256E-4;26,66;2,65;1,58E-8;668,58
581,100;-1,256E-4;26,64;2,63;1,58E-8;668,58
581,200;-9,421E-5;26,65;2,64;8,88E-9;668,58
581,300;-3,140E-5;26,67;2,66;9,86E-10;668,58
581,400;0,250;26,65;2,64;0,06;668,65
581,500;0,411;26,66;2,65;0,17;668,81
581,600;0,470;26,65;2,64;0,22;669,04
581,700;0,336;26,65;2,64;0,11;669,15
581,800;0,345;26,66;2,65;0,12;669,27
581,900;0,509;26,67;2,66;0,26;669,53
582,000;0,422;26,65;2,64;0,18;669,70
582,100;0,218;26,66;2,65;0,05;669,75
582,200;0,391;26,64;2,63;0,15;669,91
582,300;0,495;26,66;2,65;0,25;670,15
582,400;0,371;26,66;2,65;0,14;670,29
582,500;0,313;26,66;2,65;0,10;670,39
582,600;0,460;26,67;2,66;0,21;670,60
582,700;0,487;26,67;2,66;0,24;670,84
582,800;0,214;26,64;2,63;0,05;670,88
582,900;0,380;26,66;2,65;0,14;671,03
583,000;0,507;26,67;2,66;0,26;671,28
583,100;0,443;26,67;2,66;0,20;671,48
583,200;0,307;26,67;2,66;0,09;671,57
583,300;0,466;26,65;2,64;0,22;671,79
583,400;0,495;26,67;2,66;0,25;672,04
583,500;0,242;26,68;2,67;0,06;672,09
583,600;0,419;26,67;2,66;0,18;672,27
583,700;0,519;26,68;2,67;0,27;672,54
583,800;0,406;26,67;2,66;0,17;672,70
583,900;0,323;26,67;2,66;0,10;672,81
584,000;0,475;26,65;2,64;0,23;673,03
584,100;0,496;26,68;2,67;0,25;673,28
584,200;0,230;26,68;2,67;0,05;673,33
584,300;0,445;26,67;2,66;0,20;673,53
584,400;0,532;26,66;2,65;0,28;673,81
584,500;0,310;26,68;2,67;0,10;673,91
584,600;0,376;26,67;2,66;0,14;674,05
584,700;0,507;26,67;2,66;0,26;674,31
584,800;0,453;26,67;2,66;0,21;674,52
584,900;0,251;26,67;2,66;0,06;674,58
585,000;0,448;26,67;2,66;0,20;674,78
585,100;0,519;26,66;2,65;0,27;675,05
585,200;0,245;26,67;2,66;0,06;675,11
585,300;0,398;26,67;2,66;0,16;675,27
585,400;0,553;26,67;2,66;0,31;675,57
585,500;0,391;26,67;2,66;0,15;675,73
585,600;0,281;26,66;2,65;0,08;675,80
585,700;0,479;26,68;2,67;0,23;676,03
585,800;0,513;26,67;2,66;0,26;676,30
585,900;0,193;26,68;2,67;0,04;676,33
586,000;0,403;26,67;2,66;0,16;676,50
586,100;0,524;26,67;2,66;0,28;676,77
586,200;0,405;26,67;2,66;0,16;676,94
586,300;0,285;26,69;2,68;0,08;677,02
586,400;0,458;26,67;2,66;0,21;677,23
586,500;0,500;26,66;2,65;0,25;677,48
586,600;0,245;26,67;2,66;0,06;677,54
586,700;0,367;26,68;2,67;0,13;677,67
586,800;0,549;26,67;2,66;0,30;677,97
586,900;0,402;26,67;2,66;0,16;678,13
587,000;0,231;26,68;2,67;0,05;678,19
587,100;0,430;26,67;2,66;0,19;678,37
587,200;0,531;26,67;2,66;0,28;678,65
587,300;0,273;26,69;2,68;0,07;678,73
587,400;0,331;26,68;2,67;0,11;678,84
587,500;0,470;26,68;2,67;0,22;679,06
587,600;0,500;26,69;2,68;0,25;679,31
587,700;0,163;26,68;2,67;0,03;679,34
587,800;0,439;26,67;2,66;0,19;679,53
587,900;0,514;26,67;2,66;0,26;679,79
588,000;0,298;26,69;2,68;0,09;679,88
588,100;0,245;26,68;2,67;0,06;679,94
588,200;0,382;26,67;2,66;0,15;680,09
588,300;0,538;26,68;2,67;0,29;680,38
588,400;0,329;26,69;2,68;0,11;680,48
588,500;0,290;26,69;2,68;0,08;680,57
588,600;0,496;26,69;2,68;0,25;680,82
588,700;0,481;26,68;2,67;0,23;681,05
588,800;0,191;26,67;2,66;0,04;681,08
588,900;0,358;26,69;2,68;0,13;681,21
589,000;0,505;26,68;2,67;0,26;681,47
589,100;0,434;26,68;2,67;0,19;681,66
589,200;0,243;26,67;2,66;0,06;681,71
589,300;0,390;26,69;2,68;0,15;681,87
589,400;0,575;26,68;2,67;0,33;682,20
589,500;0,320;26,68;2,67;0,10;682,30
589,600;0,325;26,69;2,68;0,11;682,40
589,700;0,489;26,69;2,68;0,24;682,64
589,800;0,466;26,69;2,68;0,22;682,86
589,900;0,192;26,68;2,67;0,04;682,90
590,000;0,363;26,67;2,66;0,13;683,03
590,100;0,545;26,67;2,66;0,30;683,33
590,200;0,426;26,69;2,68;0,18;683,51
590,300;0,251;26,71;2,70;0,06;683,57
590,400;0,388;26,69;2,68;0,15;683,72
590,500;0,521;26,69;2,68;0,27;683,99
590,600;0,280;26,69;2,68;0,08;684,07
590,700;0,338;26,70;2,69;0,11;684,19
590,800;0,564;26,72;2,71;0,32;684,50
590,900;0,355;26,70;2,69;0,13;684,63
591,000;0,312;26,69;2,68;0,10;684,73
591,100;0,437;26,71;2,70;0,19;684,92
591,200;0,520;26,69;2,68;0,27;685,19
591,300;0,308;26,69;2,68;0,09;685,28
591,400;0,327;26,69;2,68;0,11;685,39
591,500;0,502;26,69;2,68;0,25;685,64
591,600;0,471;26,71;2,70;0,22;685,86
591,700;0,182;26,71;2,70;0,03;685,90
591,800;0,390;26,70;2,69;0,15;686,05
591,900;0,534;26,69;2,68;0,28;686,33
592,000;0,365;26,70;2,69;0,13;686,47
592,100;0,276;26,70;2,69;0,08;686,54
592,200;0,460;26,72;2,71;0,21;686,76
592,300;0,513;26,69;2,68;0,26;687,02
592,400;0,180;26,71;2,70;0,03;687,05
592,500;0,369;26,72;2,71;0,14;687,19
592,600;0,503;26,70;2,69;0,25;687,44
592,700;0,419;26,70;2,69;0,18;687,62
592,800;0,187;26,69;2,68;0,03;687,65
592,900;0,399;26,71;2,70;0,16;687,81
593,000;0,513;26,71;2,70;0,26;688,07
593,100;0,358;26,72;2,71;0,13;688,20
593,200;0,250;26,71;2,70;0,06;688,26
593,300;0,423;26,70;2,69;0,18;688,44
593,400;0,509;26,71;2,70;0,26;688,70
593,500;0,275;26,71;2,70;0,08;688,78
593,600;0,314;26,72;2,71;0,10;688,88
593,700;0,487;26,71;2,70;0,24;689,11
593,800;0,482;26,71;2,70;0,23;689,35
593,900;0,187;26,73;2,72;0,04;689,38
594,000;0,346;26,73;2,72;0,12;689,50
594,100;0,499;26,71;2,70;0,25;689,75
594,200;0,446;26,71;2,70;0,20;689,95
594,300;0,127;26,72;2,71;0,02;689,96
594,400;0,346;26,70;2,69;0,12;690,08
594,500;0,518;26,72;2,71;0,27;690,35
594,600;0,405;26,72;2,71;0,16;690,52
594,700;0,249;26,70;2,69;0,06;690,58
594,800;0,375;26,72;2,71;0,14;690,72
594,900;0,518;26,70;2,69;0,27;690,99
595,000;0,333;26,71;2,70;0,11;691,10
595,100;0,297;26,72;2,71;0,09;691,19
595,200;0,403;26,70;2,69;0,16;691,35
595,300;0,504;26,72;2,71;0,25;691,60
595,400;0,294;26,71;2,70;0,09;691,69
595,500;0,306;26,73;2,72;0,09;691,78
595,600;0,459;26,71;2,70;0,21;691,99
595,700;0,478;26,72;2,71;0,23;692,22
595,800;0,245;26,75;2,73;0,06;692,28
595,900;0,362;26,71;2,70;0,13;692,41
596,000;0,505;26,73;2,72;0,25;692,67
596,100;0,436;26,72;2,71;0,19;692,86
596,200;0,269;26,73;2,72;0,07;692,93
596,300;0,434;26,72;2,71;0,19;693,12
596,400;0,460;26,72;2,71;0,21;693,33
596,500;0,387;26,72;2,71;0,15;693,48
596,600;0,300;26,72;2,71;0,09;693,57
596,700;0,581;26,75;2,73;0,34;693,91
596,800;0,388;26,75;2,73;0,15;694,06
596,900;0,277;26,71;2,70;0,08;694,14
597,000;0,470;26,73;2,72;0,22;694,36
597,100;0,515;26,72;2,71;0,27;694,62
597,200;0,255;26,72;2,71;0,07;694,69
597,300;0,347;26,72;2,71;0,12;694,81
597,400;0,529;26,75;2,73;0,28;695,09
597,500;0,418;26,73;2,72;0,17;695,26
597,600;0,260;26,72;2,71;0,07;695,33
597,700;0,455;26,76;2,75;0,21;695,54
597,800;0,513;26,72;2,71;0,26;695,80
597,900;0,307;26,71;2,70;0,09;695,89
598,000;0,324;26,73;2,72;0,10;696,00
598,100;0,510;26,72;2,71;0,26;696,26
598,200;0,452;26,75;2,73;0,20;696,46
598,300;0,259;26,75;2,73;0,07;696,53
598,400;0,435;26,75;2,73;0,19;696,72
598,500;0,473;26,73;2,72;0,22;696,94
598,600;0,172;26,72;2,71;0,03;696,97
598,700;-1,256E-4;26,75;2,73;1,58E-8;696,97
598,800;-1,570E-4;26,73;2,72;2,47E-8;696,97
598,900;-9,421E-5;26,75;2,73;8,88E-9;696,97
599,000;-1,256E-4;26,73;2,72;1,58E-8;696,97
599,100;-1,570E-4;26,76;2,75;2,47E-8;696,97
599,200;-9,421E-5;26,72;2,71;8,88E-9;696,97
599,300;-9,421E-5;26,75;2,73;8,88E-9;696,97
599,400;-9,421E-5;26,73;2,72;8,88E-9;696,97
599,500;-9,421E-5;26,75;2,73;8,88E-9;696,97
599,600;-0,003;26,75;2,73;8,35E-6;696,97
599,700;-1,256E-4;26,72;2,71;1,58E-8;696,97
599,800;-9,421E-5;26,73;2,72;8,88E-9;696,97
599,900;-1,256E-4;26,76;2,75;1,58E-8;696,97
600,000;-1,884E-4;26,76;2,75;3,55E-8;696,97
600,100;-1,256E-4;26,73;2,72;1,58E-8;696,97
600,200;-6,281E-5;26,72;2,71;3,94E-9;696,97
600,300;0,005;26,76;2,75;2,37E-5;696,97
600,400;0,002;26,72;2,71;6,15E-6;696,97
600,500;0,214;26,76;2,75;0,05;697,02
600,600;0,327;26,76;2,75;0,11;697,12
600,700;0,467;26,76;2,75;0,22;697,34
600,800;0,444;26,76;2,75;0,20;697,54
600,900;0,168;26,75;2,73;0,03;697,57
601,000;0,414;26,75;2,73;0,17;697,74
601,100;0,491;26,77;2,76;0,24;697,98
601,200;0,435;26,76;2,75;0,19;698,17
601,300;0,306;26,75;2,73;0,09;698,26
601,400;0,465;26,77;2,76;0,22;698,48
601,500;0,513;26,75;2,73;0,26;698,74
601,600;0,259;26,75;2,73;0,07;698,81
601,700;0,416;26,73;2,72;0,17;698,98
601,800;0,481;26,76;2,75;0,23;699,21
601,900;0,400;26,76;2,75;0,16;699,37
602,000;0,258;26,76;2,75;0,07;699,44
602,100;0,477;26,76;2,75;0,23;699,67
602,200;0,489;26,73;2,72;0,24;699,91
602,300;0,432;26,76;2,75;0,19;700,09
602,400;0,257;26,75;2,73;0,07;700,16
602,500;0,460;26,76;2,75;0,21;700,37
602,600;0,438;26,75;2,73;0,19;700,56
602,700;0,273;26,76;2,75;0,07;700,64
602,800;0,340;26,76;2,75;0,12;700,75
602,900;0,457;26,75;2,73;0,21;700,96
603,000;0,381;26,75;2,73;0,14;701,10
603,100;0,283;26,76;2,75;0,08;701,18
603,200;0,413;26,78;2,77;0,17;701,35
603,300;0,510;26,77;2,76;0,26;701,62
603,400;0,324;26,76;2,75;0,11;701,72
603,500;0,257;26,75;2,73;0,07;701,79
603,600;0,349;26,78;2,77;0,12;701,91
603,700;0,413;26,76;2,75;0,17;702,08
603,800;0,254;26,77;2,76;0,06;702,14
603,900;0,166;26,77;2,76;0,03;702,17
604,000;0,093;26,77;2,76;0,01;702,18
604,100;0,020;26,77;2,76;3,88E-4;702,18
604,200;0,020;26,77;2,76;4,18E-4;702,18
604,300;0,024;26,75;2,73;5,73E-4;702,18
604,400;-9,421E-5;26,76;2,75;8,88E-9;702,18
604,500;-9,421E-5;26,77;2,76;8,88E-9;702,18
604,600;-6,281E-5;26,76;2,75;3,94E-9;702,18
604,700;-9,421E-5;26,78;2,77;8,88E-9;702,18
604,800;-9,421E-5;26,77;2,76;8,88E-9;702,18
604,900;-9,421E-5;26,77;2,76;8,88E-9;702,18
605,000;-9,421E-5;26,77;2,76;8,88E-9;702,18
605,100;-9,421E-5;26,77;2,76;8,88E-9;702,18
605,200;-9,421E-5;26,78;2,77;8,88E-9;702,18
605,300;-3,140E-5;26,78;2,77;9,86E-10;702,18
605,400;-9,421E-5;26,77;2,76;8,88E-9;702,18
605,500;-9,421E-5;26,78;2,77;8,88E-9;702,18
605,600;-6,281E-5;26,76;2,75;3,94E-9;702,18
605,700;-6,281E-5;26,78;2,77;3,94E-9;702,18
605,800;0,000;26,77;2,76;0,00;702,18
605,900;-9,421E-5;26,80;2,79;8,88E-9;702,18
606,000;-9,421E-5;26,77;2,76;8,88E-9;702,18
606,100;-3,140E-5;26,78;2,77;9,86E-10;702,18
606,200;0,000;26,78;2,77;0,00;702,18
606,300;-6,281E-5;26,77;2,76;3,94E-9;702,18
606,400;-3,140E-5;26,77;2,76;9,86E-10;702,18
606,500;-6,281E-5;26,77;2,76;3,94E-9;702,18
606,600;-1,256E-4;26,78;2,77;1,58E-8;702,18
606,700;-9,421E-5;26,78;2,77;8,88E-9;702,18
606,800;-6,281E-5;26,78;2,77;3,94E-9;702,18
606,900;-9,421E-5;26,78;2,77;8,88E-9;702,18
607,000;-6,281E-5;26,79;2,78;3,94E-9;702,18
607,100;-9,421E-5;26,79;2,78;8,88E-9;702,18
607,200;-1,570E-4;26,79;2,78;2,47E-8;702,18
607,300;-1,256E-4;26,78;2,77;1,58E-8;702,18
607,400;-6,281E-5;26,77;2,76;3,94E-9;702,18
607,500;-6,281E-5;26,79;2,78;3,94E-9;702,18
607,600;-3,140E-5;26,78;2,77;9,86E-10;702,18
607,700;-6,281E-5;26,80;2,79;3,94E-9;702,18
607,800;-9,421E-5;26,77;2,76;8,88E-9;702,18
607,900;-6,281E-5;26,78;2,77;3,94E-9;702,18
608,000;-6,281E-5;26,79;2,78;3,94E-9;702,18
608,100;-1,256E-4;26,79;2,78;1,58E-8;702,18
608,200;-1,256E-4;26,78;2,77;1,58E-8;702,18
608,300;-9,421E-5;26,80;2,79;8,88E-9;702,18
608,400;-1,256E-4;26,78;2,77;1,58E-8;702,18
608,500;0,005;26,78;2,77;2,31E-5;702,18
608,600;0,022;26,78;2,77;4,80E-4;702,18
608,700;-1,570E-4;26,79;2,78;2,47E-8;702,18
608,800;-6,281E-5;26,81;2,80;3,94E-9;702,18
608,900;-6,281E-5;26,78;2,77;3,94E-9;702,18
609,000;-1,570E-4;26,79;2,78;2,47E-8;702,18
609,100;0,094;26,80;2,79;0,01;702,19
609,200;0,332;26,77;2,76;0,11;702,30
609,300;0,468;26,80;2,79;0,22;702,52
609,400;0,295;26,81;2,80;0,09;702,61
609,500;0,297;26,80;2,79;0,09;702,69
609,600;0,461;26,78;2,77;0,21;702,91
609,700;0,473;26,80;2,79;0,22;703,13
609,800;0,208;26,77;2,76;0,04;703,17
609,900;0,342;26,81;2,80;0,12;703,29
610,000;0,456;26,80;2,79;0,21;703,50
610,100;0,400;26,81;2,80;0,16;703,66
610,200;0,283;26,80;2,79;0,08;703,74
610,300;0,301;26,78;2,77;0,09;703,83
610,400;0,362;26,79;2,78;0,13;703,96
610,500;0,462;26,80;2,79;0,21;704,17
610,600;0,279;26,78;2,77;0,08;704,25
610,700;0,310;26,77;2,76;0,10;704,35
610,800;0,423;26,81;2,80;0,18;704,53
610,900;0,515;26,79;2,78;0,26;704,79
611,000;0,226;26,80;2,79;0,05;704,84
611,100;0,345;26,80;2,79;0,12;704,96
611,200;0,472;26,81;2,80;0,22;705,18
611,300;0,468;26,80;2,79;0,22;705,40
611,400;0,221;26,79;2,78;0,05;705,45
611,500;0,417;26,80;2,79;0,17;705,63
611,600;0,492;26,80;2,79;0,24;705,87
611,700;0,387;26,80;2,79;0,15;706,02
611,800;0,170;26,82;2,81;0,03;706,05
611,900;0,394;26,82;2,81;0,16;706,20
612,000;0,323;26,82;2,81;0,10;706,31
612,100;0,379;26,81;2,80;0,14;706,45
612,200;0,192;26,79;2,78;0,04;706,49
612,300;-1,256E-4;26,82;2,81;1,58E-8;706,49
612,400;-9,421E-5;26,81;2,80;8,88E-9;706,49
612,500;-9,421E-5;26,81;2,80;8,88E-9;706,49
612,600;-1,570E-4;26,79;2,78;2,47E-8;706,49
612,700;-6,281E-5;26,81;2,80;3,94E-9;706,49
612,800;-0,004;26,83;2,82;1,69E-5;706,49
612,900;-3,454E-4;26,83;2,82;1,19E-7;706,49
613,000;-0,038;26,79;2,78;0,00;706,49
613,100;-0,031;26,81;2,80;9,45E-4;706,49
613,200;-0,011;26,81;2,80;1,31E-4;706,49
613,300;-3,140E-5;26,80;2,79;9,86E-10;706,49
613,400;-6,281E-5;26,81;2,80;3,94E-9;706,49
613,500;-1,570E-4;26,82;2,81;2,47E-8;706,49
613,600;-3,140E-5;26,82;2,81;9,86E-10;706,49
613,700;-9,421E-5;26,82;2,81;8,88E-9;706,49
613,800;-6,281E-5;26,80;2,79;3,94E-9;706,49
613,900;0,000;26,81;2,80;0,00;706,49
614,000;-3,140E-5;26,82;2,81;9,86E-10;706,49
614,100;-1,570E-4;26,82;2,81;2,47E-8;706,49
614,200;-1,256E-4;26,81;2,80;1,58E-8;706,49
614,300;-6,281E-5;26,81;2,80;3,94E-9;706,49
614,400;-1,256E-4;26,81;2,80;1,58E-8;706,49
614,500;-9,421E-5;26,81;2,80;8,88E-9;706,49
614,600;-6,281E-5;26,83;2,82;3,94E-9;706,49
614,700;-9,421E-5;26,83;2,82;8,88E-9;706,49
614,800;-1,256E-4;26,81;2,80;1,58E-8;706,49
614,900;-9,421E-5;26,82;2,81;8,88E-9;706,49
615,000;-9,421E-5;26,81;2,80;8,88E-9;706,49
615,100;-3,140E-5;26,83;2,82;9,86E-10;706,49
615,200;-6,281E-5;26,83;2,82;3,94E-9;706,49
615,300;-1,256E-4;26,83;2,82;1,58E-8;706,49
615,400;-9,421E-5;26,82;2,81;8,88E-9;706,49
615,500;-9,421E-5;26,83;2,82;8,88E-9;706,49
615,600;-9,421E-5;26,81;2,80;8,88E-9;706,49
615,700;-6,281E-5;26,83;2,82;3,94E-9;706,49
615,800;-9,421E-5;26,81;2,80;8,88E-9;706,49
615,900;-1,256E-4;26,82;2,81;1,58E-8;706,49
616,000;-1,256E-4;26,82;2,81;1,58E-8;706,49
616,100;-1,256E-4;26,82;2,81;1,58E-8;706,49
616,200;-9,421E-5;26,81;2,80;8,88E-9;706,49
616,300;-6,281E-5;26,83;2,82;3,94E-9;706,49
616,400;-3,140E-5;26,83;2,82;9,86E-10;706,49
616,500;-1,570E-4;26,82;2,81;2,47E-8;706,49
616,600;-9,421E-5;26,82;2,81;8,88E-9;706,49
616,700;-6,281E-5;26,84;2,83;3,94E-9;706,49
616,800;-9,421E-5;26,82;2,81;8,88E-9;706,49
616,900;-6,281E-5;26,83;2,82;3,94E-9;706,49
617,000;-3,140E-5;26,83;2,82;9,86E-10;706,49
617,100;-9,421E-5;26,84;2,83;8,88E-9;706,49
617,200;-6,281E-5;26,82;2,81;3,94E-9;706,49
617,300;-3,140E-5;26,81;2,80;9,86E-10;706,49
617,400;-1,256E-4;26,84;2,83;1,58E-8;706,49
617,500;-6,281E-5;26,83;2,82;3,94E-9;706,49
617,600;-3,140E-5;26,83;2,82;9,86E-10;706,49
617,700;-6,281E-5;26,82;2,81;3,94E-9;706,49
617,800;-9,421E-5;26,85;2,84;8,88E-9;706,49
617,900;-6,281E-5;26,83;2,82;3,94E-9;706,49
618,000;-1,256E-4;26,85;2,84;1,58E-8;706,49
618,100;-3,140E-5;26,81;2,80;9,86E-10;706,49
618,200;-6,281E-5;26,84;2,83;3,94E-9;706,49
618,300;-6,281E-5;26,83;2,82;3,94E-9;706,49
618,400;-9,421E-5;26,83;2,82;8,88E-9;706,49
618,500;-3,140E-5;26,85;2,84;9,86E-10;706,49
618,600;-3,140E-5;26,85;2,84;9,86E-10;706,49
618,700;-3,140E-5;26,83;2,82;9,86E-10;706,49
618,800;-6,281E-5;26,84;2,83;3,94E-9;706,49
618,900;-1,256E-4;26,83;2,82;1,58E-8;706,49
619,000;-1,256E-4;26,83;2,82;1,58E-8;706,49
619,100;-9,421E-5;26,83;2,82;8,88E-9;706,49
619,200;-1,256E-4;26,83;2,82;1,58E-8;706,49
619,300;-6,281E-5;26,84;2,83;3,94E-9;706,49
619,400;-6,281E-5;26,86;2,85;3,94E-9;706,49
619,500;-6,281E-5;26,85;2,84;3,94E-9;706,49
619,600;-6,281E-5;26,83;2,82;3,94E-9;706,49
619,700;-6,281E-5;26,85;2,84;3,94E-9;706,49
619,800;-1,256E-4;26,85;2,84;1,58E-8;706,49
619,900;-6,281E-5;26,82;2,81;3,94E-9;706,49
620,000;-3,140E-5;26,83;2,82;9,86E-10;706,49
620,100;-1,256E-4;26,85;2,84;1,58E-8;706,49
620,200;3,140E-5;26,83;2,82;9,86E-10;706,49
620,300;0,000;26,83;2,82;0,00;706,49
620,400;-9,421E-5;26,85;2,84;8,88E-9;706,49
620,500;6,281E-5;26,83;2,82;3,94E-9;706,49
620,600;3,140E-5;26,86;2,85;9,86E-10;706,49
620,700;3,140E-5;26,86;2,85;9,86E-10;706,49
620,800;-6,281E-5;26,86;2,85;3,94E-9;706,49
620,900;-9,421E-5;26,83;2,82;8,88E-9;706,49
621,000;-9,421E-5;26,86;2,85;8,88E-9;706,49
621,100;-3,140E-5;26,85;2,84;9,86E-10;706,49
621,200;0,000;26,85;2,84;0,00;706,49
621,300;-9,421E-5;26,86;2,85;8,88E-9;706,49
621,400;-3,140E-5;26,86;2,85;9,86E-10;706,49
621,500;-3,140E-5;26,85;2,84;9,86E-10;706,49
621,600;-9,421E-5;26,86;2,85;8,88E-9;706,49
621,700;-6,281E-5;26,86;2,85;3,94E-9;706,49
621,800;-3,140E-5;26,86;2,85;9,86E-10;706,49
621,900;-1,256E-4;26,84;2,83;1,58E-8;706,49
622,000;-9,421E-5;26,84;2,83;8,88E-9;706,49
622,100;-9,421E-5;26,85;2,84;8,88E-9;706,49
622,200;-1,256E-4;26,86;2,85;1,58E-8;706,49
622,300;-3,140E-5;26,85;2,84;9,86E-10;706,49
622,400;-6,281E-5;26,86;2,85;3,94E-9;706,49
622,500;-6,281E-5;26,86;2,85;3,94E-9;706,49
622,600;-3,140E-5;26,85;2,84;9,86E-10;706,49
622,700;-6,281E-5;26,83;2,82;3,94E-9;706,49
622,800;-9,421E-5;26,84;2,83;8,88E-9;706,49
622,900;-9,421E-5;26,83;2,82;8,88E-9;706,49
623,000;-9,421E-5;26,86;2,85;8,88E-9;706,49
623,100;-6,281E-5;26,86;2,85;3,94E-9;706,49
623,200;-3,140E-5;26,85;2,84;9,86E-10;706,49
623,300;-6,281E-5;26,83;2,82;3,94E-9;706,49
623,400;-1,256E-4;26,86;2,85;1,58E-8;706,49
623,500;-3,140E-5;26,86;2,85;9,86E-10;706,49
623,600;-9,421E-5;26,85;2,84;8,88E-9;706,49
623,700;-6,281E-5;26,86;2,85;3,94E-9;706,49
623,800;-3,140E-5;26,84;2,83;9,86E-10;706,49
623,900;-6,281E-5;26,85;2,84;3,94E-9;706,49
624,000;-1,256E-4;26,86;2,85;1,58E-8;706,49
624,100;-3,140E-5;26,85;2,84;9,86E-10;706,49
624,200;-3,140E-5;26,84;2,83;9,86E-10;706,49
624,300;0,000;26,88;2,87;0,00;706,49
624,400;-9,421E-5;26,86;2,85;8,88E-9;706,49
624,500;-9,421E-5;26,87;2,86;8,88E-9;706,49
624,600;-9,421E-5;26,86;2,85;8,88E-9;706,49
624,700;0,000;26,86;2,85;0,00;706,49
624,800;-9,421E-5;26,86;2,85;8,88E-9;706,49
624,900;-3,140E-5;26,87;2,86;9,86E-10;706,49
625,000;-3,140E-5;26,86;2,85;9,86E-10;706,49
625,100;-3,140E-5;26,85;2,84;9,86E-10;706,49
625,200;-1,256E-4;26,86;2,85;1,58E-8;706,49
625,300;-9,421E-5;26,87;2,86;8,88E-9;706,49
625,400;-9,421E-5;26,87;2,86;8,88E-9;706,49
625,500;-9,421E-5;26,87;2,86;8,88E-9;706,49
625,600;-9,421E-5;26,87;2,86;8,88E-9;706,49
625,700;-9,421E-5;26,86;2,85;8,88E-9;706,49
625,800;-1,256E-4;26,85;2,84;1,58E-8;706,49
625,900;-9,421E-5;26,85;2,84;8,88E-9;706,49
626,000;-6,281E-5;26,87;2,86;3,94E-9;706,49
626,100;-1,256E-4;26,86;2,85;1,58E-8;706,49
626,200;-3,140E-5;26,87;2,86;9,86E-10;706,49
626,300;-6,281E-5;26,87;2,86;3,94E-9;706,49
626,400;-9,421E-5;26,87;2,86;8,88E-9;706,49
626,500;-3,140E-5;26,86;2,85;9,86E-10;706,49
626,600;-1,256E-4;26,88;2,87;1,58E-8;706,49
626,700;-1,256E-4;26,85;2,84;1,58E-8;706,49
626,800;-9,421E-5;26,86;2,85;8,88E-9;706,49
626,900;-6,281E-5;26,88;2,87;3,94E-9;706,49
627,000;-1,256E-4;26,87;2,86;1,58E-8;706,49
627,100;-9,421E-5;26,87;2,86;8,88E-9;706,49
627,200;-3,140E-5;26,86;2,85;9,86E-10;706,49
627,300;-6,281E-5;26,88;2,87;3,94E-9;706,49
627,400;-3,140E-5;26,86;2,85;9,86E-10;706,49
627,500;0,000;26,90;2,89;0,00;706,49
627,600;-9,421E-5;26,90;2,89;8,88E-9;706,49
627,700;-6,281E-5;26,86;2,85;3,94E-9;706,49
627,800;-3,140E-5;26,87;2,86;9,86E-10;706,49
627,900;-6,281E-5;26,87;2,86;3,94E-9;706,49
628,000;-6,281E-5;26,87;2,86;3,94E-9;706,49
628,100;-3,140E-5;26,87;2,86;9,86E-10;706,49
628,200;-3,140E-5;26,88;2,87;9,86E-10;706,49
628,300;-0,004;26,87;2,86;1,52E-5;706,49
628,400;3,140E-5;26,88;2,87;9,86E-10;706,49
628,500;0,164;26,86;2,85;0,03;706,52
628,600;0,356;26,87;2,86;0,13;706,64
628,700;0,459;26,90;2,89;0,21;706,85
628,800;0,459;26,90;2,89;0,21;707,06
628,900;0,193;26,88;2,87;0,04;707,10
629,000;0,383;26,90;2,89;0,15;707,25
629,100;0,536;26,86;2,85;0,29;707,54
629,200;0,354;26,87;2,86;0,13;707,66
629,300;0,366;26,90;2,89;0,13;707,79
629,400;0,509;26,88;2,87;0,26;708,05
629,500;0,444;26,90;2,89;0,20;708,25
629,600;0,218;26,88;2,87;0,05;708,30
629,700;0,467;26,90;2,89;0,22;708,52
629,800;0,544;26,88;2,87;0,30;708,81
629,900;0,332;26,87;2,86;0,11;708,92
630,000;0,406;26,90;2,89;0,16;709,09
630,100;0,532;26,88;2,87;0,28;709,37
630,200;0,404;26,91;2,90;0,16;709,53
630,300;0,334;26,88;2,87;0,11;709,65
630,400;0,511;26,91;2,90;0,26;709,91
630,500;0,464;26,87;2,86;0,22;710,12
630,600;0,238;26,90;2,89;0,06;710,18
630,700;0,489;26,88;2,87;0,24;710,42
630,800;0,538;26,87;2,86;0,29;710,71
630,900;0,293;26,86;2,85;0,09;710,79
631,000;0,392;26,90;2,89;0,15;710,95
631,100;0,511;26,90;2,89;0,26;711,21
631,200;0,458;26,90;2,89;0,21;711,42
631,300;0,301;26,87;2,86;0,09;711,51
631,400;0,478;26,88;2,87;0,23;711,74
631,500;0,492;26,90;2,89;0,24;711,98
631,600;0,253;26,90;2,89;0,06;712,04
631,700;0,436;26,88;2,87;0,19;712,23
631,800;0,570;26,90;2,89;0,32;712,56
631,900;0,319;26,90;2,89;0,10;712,66
632,000;0,376;26,88;2,87;0,14;712,80
632,100;0,547;26,90;2,89;0,30;713,10
632,200;0,424;26,90;2,89;0,18;713,28
632,300;0,286;26,88;2,87;0,08;713,36
632,400;0,469;26,90;2,89;0,22;713,58
632,500;0,503;26,91;2,90;0,25;713,83
632,600;0,264;26,90;2,89;0,07;713,90
632,700;0,425;26,90;2,89;0,18;714,08
632,800;0,564;26,90;2,89;0,32;714,40
632,900;0,352;26,90;2,89;0,12;714,53
633,000;0,361;26,91;2,90;0,13;714,66
633,100;0,523;26,91;2,90;0,27;714,93
633,200;0,449;26,91;2,90;0,20;715,13
633,300;0,284;26,88;2,87;0,08;715,21
633,400;0,490;26,91;2,90;0,24;715,45
633,500;0,497;26,91;2,90;0,25;715,70
633,600;0,268;26,90;2,89;0,07;715,77
633,700;0,365;26,90;2,89;0,13;715,90
633,800;0,547;26,88;2,87;0,30;716,20
633,900;0,403;26,91;2,90;0,16;716,37
634,000;0,325;26,90;2,89;0,11;716,47
634,100;0,518;26,92;2,91;0,27;716,74
634,200;0,439;26,90;2,89;0,19;716,93
634,300;0,257;26,90;2,89;0,07;717,00
634,400;0,470;26,90;2,89;0,22;717,22
634,500;0,531;26,93;2,92;0,28;717,50
634,600;0,300;26,90;2,89;0,09;717,59
634,700;0,382;26,92;2,91;0,15;717,74
634,800;0,567;26,92;2,91;0,32;718,06
634,900;0,393;26,90;2,89;0,15;718,21
635,000;0,336;26,90;2,89;0,11;718,32
635,100;0,531;26,91;2,90;0,28;718,61
635,200;0,409;26,91;2,90;0,17;718,77
635,300;0,291;26,90;2,89;0,08;718,86
635,400;0,401;26,91;2,90;0,16;719,02
635,500;0,560;26,92;2,91;0,31;719,33
635,600;0,319;26,92;2,91;0,10;719,43
635,700;0,375;26,91;2,90;0,14;719,58
635,800;0,543;26,91;2,90;0,30;719,87
635,900;0,407;26,91;2,90;0,17;720,04
636,000;0,355;26,91;2,90;0,13;720,16
636,100;0,502;26,91;2,90;0,25;720,41
636,200;0,461;26,91;2,90;0,21;720,63
636,300;0,281;26,91;2,90;0,08;720,71
636,400;0,439;26,90;2,89;0,19;720,90
636,500;0,534;26,93;2,92;0,29;721,18
636,600;0,326;26,92;2,91;0,11;721,29
636,700;0,363;26,93;2,92;0,13;721,42
636,800;0,541;26,93;2,92;0,29;721,71
636,900;0,441;26,90;2,89;0,19;721,91
637,000;0,302;26,92;2,91;0,09;722,00
637,100;0,484;26,94;2,93;0,23;722,24
637,200;0,463;26,92;2,91;0,21;722,45
637,300;0,270;26,92;2,91;0,07;722,52
637,400;0,446;26,92;2,91;0,20;722,72
637,500;0,531;26,93;2,92;0,28;723,00
637,600;0,340;26,92;2,91;0,12;723,12
637,700;0,359;26,91;2,90;0,13;723,25
637,800;0,502;26,92;2,91;0,25;723,50
637,900;0,445;26,92;2,91;0,20;723,70
638,000;0,291;26,93;2,92;0,08;723,78
638,100;0,438;26,93;2,92;0,19;723,97
638,200;0,504;26,91;2,90;0,25;724,23
638,300;0,309;26,94;2,93;0,10;724,32
638,400;0,353;26,91;2,90;0,12;724,45
638,500;0,517;26,93;2,92;0,27;724,71
638,600;0,435;26,94;2,93;0,19;724,90
638,700;0,279;26,94;2,93;0,08;724,98
638,800;0,379;26,92;2,91;0,14;725,12
638,900;0,525;26,93;2,92;0,28;725,40
639,000;0,292;26,92;2,91;0,09;725,49
639,100;0,326;26,92;2,91;0,11;725,59
639,200;0,490;26,92;2,91;0,24;725,83
639,300;0,440;26,92;2,91;0,19;726,03
639,400;0,309;26,91;2,90;0,10;726,12
639,500;0,362;26,92;2,91;0,13;726,25
639,600;0,537;26,92;2,91;0,29;726,54
639,700;0,388;26,92;2,91;0,15;726,69
639,800;0,314;26,93;2,92;0,10;726,79
639,900;0,474;26,94;2,93;0,22;727,01
640,000;0,443;26,94;2,93;0,20;727,21
640,100;0,283;26,92;2,91;0,08;727,29
640,200;0,398;26,93;2,92;0,16;727,45
640,300;0,520;26,95;2,94;0,27;727,72
640,400;0,364;26,92;2,91;0,13;727,85
640,500;0,311;26,94;2,93;0,10;727,95
640,600;0,491;26,94;2,93;0,24;728,19
640,700;0,465;26,92;2,91;0,22;728,41
640,800;0,313;26,92;2,91;0,10;728,50
640,900;0,380;26,93;2,92;0,14;728,65
641,000;0,551;26,93;2,92;0,30;728,95
641,100;0,340;26,94;2,93;0,12;729,07
641,200;0,330;26,94;2,93;0,11;729,18
641,300;0,484;26,93;2,92;0,23;729,41
641,400;0,462;26,92;2,91;0,21;729,62
641,500;0,265;26,95;2,94;0,07;729,69
641,600;0,370;26,95;2,94;0,14;729,83
641,700;0,516;26,93;2,92;0,27;730,10
641,800;0,407;26,94;2,93;0,17;730,26
641,900;0,296;26,93;2,92;0,09;730,35
642,000;0,444;26,94;2,93;0,20;730,55
642,100;0,509;26,95;2,94;0,26;730,81
642,200;0,276;26,93;2,92;0,08;730,88
642,300;0,386;26,96;2,95;0,15;731,03
642,400;0,516;26,94;2,93;0,27;731,30
642,500;0,386;26,95;2,94;0,15;731,45
642,600;0,328;26,93;2,92;0,11;731,56
642,700;0,471;26,92;2,91;0,22;731,78
642,800;0,477;26,94;2,93;0,23;732,00
642,900;0,280;26,95;2,94;0,08;732,08
643,000;0,371;26,93;2,92;0,14;732,22
643,100;0,504;26,94;2,93;0,25;732,47
643,200;0,409;26,93;2,92;0,17;732,64
643,300;0,306;26,97;2,96;0,09;732,74
643,400;0,474;26,95;2,94;0,22;732,96
643,500;0,483;26,94;2,93;0,23;733,19
643,600;0,269;26,95;2,94;0,07;733,27
643,700;0,375;26,95;2,94;0,14;733,41
643,800;0,501;26,93;2,92;0,25;733,66
643,900;0,409;26,93;2,92;0,17;733,82
644,000;0,297;26,95;2,94;0,09;733,91
644,100;0,433;26,96;2,95;0,19;734,10
644,200;0,461;26,94;2,93;0,21;734,31
644,300;0,311;26,95;2,94;0,10;734,41
644,400;0,328;26,95;2,94;0,11;734,52
644,500;0,492;26,95;2,94;0,24;734,76
644,600;0,431;26,94;2,93;0,19;734,94
644,700;0,289;26,95;2,94;0,08;735,03
644,800;0,366;26,95;2,94;0,13;735,16
644,900;0,497;26,95;2,94;0,25;735,41
645,000;0,358;26,96;2,95;0,13;735,54
645,100;0,330;26,94;2,93;0,11;735,64
645,200;0,470;26,94;2,93;0,22;735,87
645,300;0,455;26,96;2,95;0,21;736,07
645,400;0,294;26,95;2,94;0,09;736,16
645,500;0,321;26,95;2,94;0,10;736,26
645,600;0,507;26,94;2,93;0,26;736,52
645,700;0,370;26,95;2,94;0,14;736,66
645,800;0,307;26,93;2,92;0,09;736,75
645,900;0,457;26,95;2,94;0,21;736,96
646,000;0,473;26,97;2,96;0,22;737,18
646,100;0,206;26,95;2,94;0,04;737,23
646,200;0,357;26,96;2,95;0,13;737,35
646,300;0,502;26,97;2,96;0,25;737,60
646,400;0,481;26,95;2,94;0,23;737,84
646,500;0,274;26,95;2,94;0,08;737,91
646,600;0,406;26,96;2,95;0,17;738,08
646,700;0,502;26,96;2,95;0,25;738,33
646,800;0,281;26,95;2,94;0,08;738,41
646,900;0,298;26,96;2,95;0,09;738,50
647,000;0,482;26,96;2,95;0,23;738,73
647,100;0,408;26,95;2,94;0,17;738,89
647,200;0,309;26,96;2,95;0,10;738,99
647,300;0,367;26,95;2,94;0,13;739,12
647,400;0,532;26,98;2,97;0,28;739,41
647,500;0,392;26,96;2,95;0,15;739,56
647,600;0,310;26,97;2,96;0,10;739,66
647,700;0,483;26,97;2,96;0,23;739,89
647,800;0,487;26,95;2,94;0,24;740,13
647,900;0,246;26,97;2,96;0,06;740,19
648,000;0,404;26,95;2,94;0,16;740,35
648,100;0,474;26,95;2,94;0,22;740,58
648,200;0,411;26,97;2,96;0,17;740,75
648,300;0,259;26,96;2,95;0,07;740,81
648,400;0,383;26,95;2,94;0,15;740,96
648,500;0,510;26,96;2,95;0,26;741,22
648,600;0,292;26,97;2,96;0,09;741,30
648,700;0,314;26,96;2,95;0,10;741,40
648,800;0,490;26,96;2,95;0,24;741,64
648,900;0,438;26,96;2,95;0,19;741,83
649,000;0,258;26,95;2,94;0,07;741,90
649,100;0,405;26,96;2,95;0,16;742,06
649,200;0,519;26,97;2,96;0,27;742,33
649,300;0,328;26,95;2,94;0,11;742,44
649,400;0,277;26,97;2,96;0,08;742,52
649,500;0,440;26,95;2,94;0,19;742,71
649,600;0,443;26,95;2,94;0,20;742,91
649,700;0,314;26,98;2,97;0,10;743,01
649,800;0,313;26,95;2,94;0,10;743,11
649,900;0,485;26,96;2,95;0,24;743,34
650,000;0,454;26,96;2,95;0,21;743,55
650,100;0,208;26,98;2,97;0,04;743,59
650,200;0,363;26,97;2,96;0,13;743,72
650,300;0,471;26,98;2,97;0,22;743,94
650,400;0,463;26,96;2,95;0,21;744,16
650,500;0,243;26,97;2,96;0,06;744,22
650,600;0,382;26,95;2,94;0,15;744,36
650,700;0,481;26,95;2,94;0,23;744,59
650,800;0,400;26,97;2,96;0,16;744,75
650,900;0,279;26,98;2,97;0,08;744,83
651,000;0,406;26,98;2,97;0,17;745,00
651,100;0,465;26,97;2,96;0,22;745,21
651,200;0,330;26,97;2,96;0,11;745,32
651,300;0,359;26,98;2,97;0,13;745,45
651,400;0,441;26,97;2,96;0,19;745,65
651,500;0,469;26,96;2,95;0,22;745,87
651,600;0,250;26,97;2,96;0,06;745,93
651,700;0,453;26,97;2,96;0,21;746,13
651,800;0,501;26,97;2,96;0,25;746,39
651,900;0,349;26,99;2,98;0,12;746,51
652,000;0,365;26,98;2,97;0,13;746,64
652,100;0,478;26,96;2,95;0,23;746,87
652,200;0,449;26,97;2,96;0,20;747,07
652,300;0,303;26,99;2,98;0,09;747,16
652,400;0,435;26,96;2,95;0,19;747,35
652,500;0,479;26,98;2,97;0,23;747,58
652,600;0,247;26,97;2,96;0,06;747,64
652,700;0,381;26,98;2,97;0,14;747,79
652,800;0,459;26,97;2,96;0,21;748,00
652,900;0,464;26,98;2,97;0,21;748,21
653,000;0,287;26,96;2,95;0,08;748,29
653,100;0,402;26,97;2,96;0,16;748,46
653,200;0,504;26,96;2,95;0,25;748,71
653,300;0,315;26,98;2,97;0,10;748,81
653,400;0,343;26,97;2,96;0,12;748,93
653,500;0,435;26,98;2,97;0,19;749,12
653,600;0,458;26,98;2,97;0,21;749,33
653,700;0,266;26,98;2,97;0,07;749,40
653,800;0,359;26,98;2,97;0,13;749,53
653,900;0,454;26,97;2,96;0,21;749,73
654,000;0,490;26,97;2,96;0,24;749,97
654,100;0,223;26,99;2,98;0,05;750,02
654,200;0,367;26,99;2,98;0,13;750,16
654,300;0,446;26,99;2,98;0,20;750,36
654,400;0,341;26,98;2,97;0,12;750,47
654,500;0,316;26,98;2,97;0,10;750,57
654,600;0,384;26,99;2,98;0,15;750,72
654,700;0,520;26,98;2,97;0,27;750,99
654,800;0,238;26,98;2,97;0,06;751,05
654,900;0,382;26,99;2,98;0,15;751,19
655,000;0,459;26,96;2,95;0,21;751,40
655,100;0,457;26,98;2,97;0,21;751,61
655,200;0,233;26,98;2,97;0,05;751,67
655,300;0,414;26,99;2,98;0,17;751,84
655,400;0,473;26,98;2,97;0,22;752,06
655,500;0,378;26,99;2,98;0,14;752,20
655,600;0,305;26,99;2,98;0,09;752,30
655,700;0,440;26,99;2,98;0,19;752,49
655,800;0,486;26,99;2,98;0,24;752,73
655,900;0,236;26,98;2,97;0,06;752,78
656,000;0,383;26,99;2,98;0,15;752,93
656,100;0,475;26,99;2,98;0,23;753,15
656,200;0,452;26,99;2,98;0,20;753,36
656,300;0,211;26,99;2,98;0,04;753,40
656,400;0,385;26,99;2,98;0,15;753,55
656,500;0,491;26,99;2,98;0,24;753,79
656,600;0,394;26,99;2,98;0,16;753,95
656,700;0,306;27,00;2,99;0,09;754,04
656,800;0,403;27,00;2,99;0,16;754,20
656,900;0,481;26,99;2,98;0,23;754,44
657,000;0,281;26,99;2,98;0,08;754,51
657,100;0,371;26,99;2,98;0,14;754,65
657,200;0,434;26,99;2,98;0,19;754,84
657,300;0,478;26,98;2,97;0,23;755,07
657,400;0,277;26,99;2,98;0,08;755,15
657,500;0,413;26,99;2,98;0,17;755,32
657,600;0,474;26,99;2,98;0,23;755,54
657,700;0,391;26,98;2,97;0,15;755,69
657,800;0,315;27,01;3,00;0,10;755,79
657,900;0,440;27,00;2,99;0,19;755,99
658,000;0,473;27,01;3,00;0,22;756,21
658,100;0,274;26,99;2,98;0,08;756,29
658,200;0,372;27,01;3,00;0,14;756,43
658,300;0,480;26,98;2,97;0,23;756,66
658,400;0,418;26,99;2,98;0,17;756,83
658,500;0,344;27,00;2,99;0,12;756,95
658,600;0,435;27,00;2,99;0,19;757,14
658,700;0,468;26,98;2,97;0,22;757,36
658,800;0,258;27,01;3,00;0,07;757,42
658,900;0,385;26,99;2,98;0,15;757,57
659,000;0,500;27,01;3,00;0,25;757,82
659,100;0,408;27,00;2,99;0,17;757,99
659,200;0,277;27,02;3,01;0,08;758,06
659,300;0,446;26,99;2,98;0,20;758,26
659,400;0,485;26,99;2,98;0,24;758,50
659,500;0,234;27,00;2,99;0,05;758,55
659,600;0,319;27,02;3,01;0,10;758,66
659,700;0,465;27,00;2,99;0,22;758,87
659,800;0,464;27,01;3,00;0,22;759,09
659,900;0,362;27,01;3,00;0,13;759,22
660,000;0,411;27,02;3,01;0,17;759,39
660,100;0,452;27,01;3,00;0,20;759,59
660,200;0,427;26,99;2,98;0,18;759,77
660,300;0,081;27,02;3,01;0,01;759,78
660,400;0,424;27,01;3,00;0,18;759,96
660,500;0,400;26,99;2,98;0,16;760,12
660,600;0,270;27,00;2,99;0,07;760,19
660,700;0,356;27,02;3,01;0,13;760,32
660,800;0,445;27,01;3,00;0,20;760,52
660,900;0,535;27,02;3,01;0,29;760,81
661,000;0,334;26,99;2,98;0,11;760,92
661,100;0,349;27,01;3,00;0,12;761,04
661,200;0,407;27,01;3,00;0,17;761,20
661,300;0,459;27,01;3,00;0,21;761,41
661,400;0,254;27,01;3,00;0,06;761,48
661,500;0,427;27,02;3,01;0,18;761,66
661,600;0,543;27,00;2,99;0,29;761,96
661,700;0,341;27,01;3,00;0,12;762,07
661,800;0,311;27,01;3,00;0,10;762,17
661,900;0,499;27,02;3,01;0,25;762,42
662,000;0,414;26,99;2,98;0,17;762,59
662,100;0,228;27,01;3,00;0,05;762,64
662,200;0,374;27,04;3,02;0,14;762,78
662,300;0,567;27,02;3,01;0,32;763,10
662,400;0,224;27,02;3,01;0,05;763,15
662,500;-0,108;27,01;3,00;0,01;763,17
662,600;-0,173;27,04;3,02;0,03;763,20
662,700;0,244;27,04;3,02;0,06;763,26
662,800;0,197;27,01;3,00;0,04;763,29
662,900;0,320;27,02;3,01;0,10;763,40
663,000;0,402;27,04;3,02;0,16;763,56
663,100;0,545;27,01;3,00;0,30;763,86
663,200;0,255;27,04;3,02;0,07;763,92
663,300;0,388;27,02;3,01;0,15;764,07
663,400;0,487;27,04;3,02;0,24;764,31
663,500;0,348;27,02;3,01;0,12;764,43
663,600;0,284;27,02;3,01;0,08;764,51
663,700;0,429;27,04;3,02;0,18;764,69
663,800;0,510;27,01;3,00;0,26;764,95
663,900;0,271;27,02;3,01;0,07;765,03
664,000;0,303;27,04;3,02;0,09;765,12
664,100;0,413;27,02;3,01;0,17;765,29
664,200;0,494;27,06;3,05;0,24;765,53
664,300;0,039;27,02;3,01;0,00;765,54
664,400;0,173;27,04;3,02;0,03;765,57
664,500;-0,109;27,00;2,99;0,01;765,58
664,600;-0,115;27,04;3,02;0,01;765,59
664,700;0,182;27,04;3,02;0,03;765,62
664,800;0,103;27,04;3,02;0,01;765,64
664,900;0,294;27,04;3,02;0,09;765,72
665,000;0,419;27,04;3,02;0,18;765,90
665,100;0,458;27,04;3,02;0,21;766,11
665,200;0,137;27,05;3,04;0,02;766,13
665,300;0,291;27,02;3,01;0,08;766,21
665,400;0,380;27,04;3,02;0,14;766,35
665,500;0,465;27,05;3,04;0,22;766,57
665,600;0,303;27,01;3,00;0,09;766,66
665,700;0,193;27,04;3,02;0,04;766,70
665,800;0,404;27,02;3,01;0,16;766,86
665,900;0,485;27,04;3,02;0,24;767,10
666,000;0,373;27,04;3,02;0,14;767,24
666,100;0,239;27,05;3,04;0,06;767,29
666,200;0,456;27,04;3,02;0,21;767,50
666,300;0,485;27,04;3,02;0,24;767,74
666,400;0,256;27,06;3,05;0,07;767,80
666,500;0,332;27,04;3,02;0,11;767,91
666,600;0,444;27,04;3,02;0,20;768,11
666,700;0,465;27,04;3,02;0,22;768,33
666,800;0,265;27,05;3,04;0,07;768,40
666,900;0,411;27,04;3,02;0,17;768,57
667,000;0,478;27,05;3,04;0,23;768,80
667,100;0,353;27,04;3,02;0,12;768,92
667,200;0,272;27,04;3,02;0,07;768,99
667,300;0,416;27,04;3,02;0,17;769,17
667,400;0,519;27,04;3,02;0,27;769,44
667,500;0,211;27,05;3,04;0,04;769,48
667,600;0,226;27,04;3,02;0,05;769,53
667,700;0,308;27,07;3,06;0,09;769,63
667,800;0,482;27,04;3,02;0,23;769,86
667,900;0,303;27,04;3,02;0,09;769,95
668,000;0,205;27,05;3,04;0,04;769,99
668,100;0,334;27,04;3,02;0,11;770,11
668,200;0,499;27,06;3,05;0,25;770,35
668,300;0,356;27,05;3,04;0,13;770,48
668,400;0,161;27,04;3,02;0,03;770,51
668,500;0,142;27,05;3,04;0,02;770,53
668,600;0,020;27,05;3,04;4,04E-4;770,53
668,700;0,260;27,04;3,02;0,07;770,59
668,800;0,336;27,06;3,05;0,11;770,71
668,900;0,262;27,04;3,02;0,07;770,78
669,000;0,050;27,06;3,05;0,00;770,78
669,100;-3,140E-5;27,06;3,05;9,86E-10;770,78
669,200;-3,140E-5;27,04;3,02;9,86E-10;770,78
669,300;-6,281E-5;27,04;3,02;3,94E-9;770,78
669,400;0,000;27,06;3,05;0,00;770,78
669,500;-9,421E-5;27,06;3,05;8,88E-9;770,78
669,600;-2,198E-4;27,06;3,05;4,83E-8;770,78
669,700;-9,421E-5;27,06;3,05;8,88E-9;770,78
669,800;-2,826E-4;27,06;3,05;7,99E-8;770,78
669,900;0,033;27,07;3,06;0,00;770,78
670,000;0,041;27,06;3,05;0,00;770,78
670,100;-9,421E-5;27,06;3,05;8,88E-9;770,78
670,200;0,010;27,06;3,05;1,08E-4;770,78
670,300;0,321;27,06;3,05;0,10;770,88
670,400;0,392;27,05;3,04;0,15;771,04
670,500;0,402;27,05;3,04;0,16;771,20
670,600;0,297;27,07;3,06;0,09;771,29
670,700;0,343;27,07;3,06;0,12;771,41
670,800;0,492;27,06;3,05;0,24;771,65
670,900;0,457;27,05;3,04;0,21;771,86
671,000;0,284;27,05;3,04;0,08;771,94
671,100;0,416;27,05;3,04;0,17;772,11
671,200;0,435;27,07;3,06;0,19;772,30
671,300;0,423;27,06;3,05;0,18;772,48
671,400;0,398;27,07;3,06;0,16;772,64
671,500;0,448;27,05;3,04;0,20;772,84
671,600;0,440;27,06;3,05;0,19;773,03
671,700;0,308;27,07;3,06;0,09;773,13
671,800;0,416;27,06;3,05;0,17;773,30
671,900;0,430;27,05;3,04;0,19;773,48
672,000;0,400;27,08;3,07;0,16;773,64
672,100;0,411;27,06;3,05;0,17;773,81
672,200;0,411;27,06;3,05;0,17;773,98
672,300;0,412;27,08;3,07;0,17;774,15
672,400;0,336;27,07;3,06;0,11;774,27
672,500;0,413;27,07;3,06;0,17;774,44
672,600;0,399;27,08;3,07;0,16;774,60
672,700;0,405;27,07;3,06;0,16;774,76
672,800;0,386;27,06;3,05;0,15;774,91
672,900;0,429;27,08;3,07;0,18;775,09
673,000;0,382;27,07;3,06;0,15;775,24
673,100;0,327;27,06;3,05;0,11;775,35
673,200;0,404;27,07;3,06;0,16;775,51
673,300;0,413;27,06;3,05;0,17;775,68
673,400;0,411;27,07;3,06;0,17;775,85
673,500;0,367;27,06;3,05;0,13;775,98
673,600;0,461;27,06;3,05;0,21;776,20
673,700;0,384;27,07;3,06;0,15;776,34
673,800;0,385;27,06;3,05;0,15;776,49
673,900;0,398;27,09;3,08;0,16;776,65
674,000;0,403;27,09;3,08;0,16;776,81
674,100;0,425;27,08;3,07;0,18;776,99
674,200;0,349;27,09;3,08;0,12;777,11
674,300;0,439;27,07;3,06;0,19;777,31
674,400;0,355;27,09;3,08;0,13;777,43
674,500;0,415;27,06;3,05;0,17;777,61
674,600;0,415;27,08;3,07;0,17;777,78
674,700;0,414;27,08;3,07;0,17;777,95
674,800;0,415;27,09;3,08;0,17;778,12
674,900;0,295;27,07;3,06;0,09;778,21
675,000;0,424;27,09;3,08;0,18;778,39
675,100;0,366;27,09;3,08;0,13;778,52
675,200;0,435;27,08;3,07;0,19;778,71
675,300;0,422;27,06;3,05;0,18;778,89
675,400;0,389;27,07;3,06;0,15;779,04
675,500;0,364;27,08;3,07;0,13;779,17
675,600;0,373;27,08;3,07;0,14;779,31
675,700;0,398;27,09;3,08;0,16;779,47
675,800;0,436;27,08;3,07;0,19;779,66
675,900;0,461;27,09;3,08;0,21;779,87
676,000;0,332;27,09;3,08;0,11;779,98
676,100;0,447;27,08;3,07;0,20;780,18
676,200;0,339;27,09;3,08;0,11;780,30
676,300;0,396;27,09;3,08;0,16;780,46
676,400;0,377;27,06;3,05;0,14;780,60
676,500;0,491;27,10;3,09;0,24;780,84
676,600;0,410;27,06;3,05;0,17;781,01
676,700;0,347;27,09;3,08;0,12;781,13
676,800;0,434;27,09;3,08;0,19;781,32
676,900;0,274;27,08;3,07;0,08;781,39
677,000;0,453;27,09;3,08;0,20;781,60
677,100;0,400;27,08;3,07;0,16;781,76
677,200;0,469;27,08;3,07;0,22;781,98
677,300;0,394;27,08;3,07;0,16;782,13
677,400;0,276;27,08;3,07;0,08;782,21
677,500;0,402;27,09;3,08;0,16;782,37
677,600;0,396;27,09;3,08;0,16;782,53
677,700;0,376;27,09;3,08;0,14;782,67
677,800;0,273;27,08;3,07;0,07;782,74
677,900;0,420;27,09;3,08;0,18;782,92
678,000;0,359;27,09;3,08;0,13;783,05
678,100;0,432;27,09;3,08;0,19;783,23
678,200;0,288;27,09;3,08;0,08;783,32
678,300;0,473;27,10;3,09;0,22;783,54
678,400;0,296;27,09;3,08;0,09;783,63
678,500;0,441;27,10;3,09;0,19;783,82
678,600;0,364;27,10;3,09;0,13;783,96
678,700;0,462;27,09;3,08;0,21;784,17
678,800;0,335;27,09;3,08;0,11;784,28
678,900;0,349;27,10;3,09;0,12;784,40
679,000;0,423;27,12;3,11;0,18;784,58
679,100;0,365;27,09;3,08;0,13;784,72
679,200;0,378;27,10;3,09;0,14;784,86
679,300;0,300;27,09;3,08;0,09;784,95
679,400;0,431;27,10;3,09;0,19;785,13
679,500;0,379;27,11;3,10;0,14;785,28
679,600;0,415;27,10;3,09;0,17;785,45
679,700;0,299;27,09;3,08;0,09;785,54
679,800;0,502;27,08;3,07;0,25;785,79
679,900;0,254;27,09;3,08;0,06;785,86
680,000;0,434;27,09;3,08;0,19;786,05
680,100;0,323;27,08;3,07;0,10;786,15
680,200;0,476;27,10;3,09;0,23;786,38
680,300;0,354;27,09;3,08;0,13;786,50
680,400;0,334;27,11;3,10;0,11;786,61
680,500;0,466;27,09;3,08;0,22;786,83
680,600;0,371;27,12;3,11;0,14;786,97
680,700;0,439;27,11;3,10;0,19;787,16
680,800;0,294;27,10;3,09;0,09;787,25
680,900;0,432;27,10;3,09;0,19;787,43
681,000;0,303;27,11;3,10;0,09;787,53
681,100;0,446;27,10;3,09;0,20;787,72
681,200;0,314;27,11;3,10;0,10;787,82
681,300;0,487;27,09;3,08;0,24;788,06
681,400;0,388;27,09;3,08;0,15;788,21
681,500;0,342;27,12;3,11;0,12;788,33
681,600;0,419;27,12;3,11;0,18;788,50
681,700;0,387;27,12;3,11;0,15;788,65
681,800;0,419;27,11;3,10;0,18;788,83
681,900;0,285;27,10;3,09;0,08;788,91
682,000;0,460;27,10;3,09;0,21;789,12
682,100;0,370;27,10;3,09;0,14;789,26
682,200;0,308;27,09;3,08;0,09;789,35
682,300;0,233;27,11;3,10;0,05;789,41
682,400;0,436;27,10;3,09;0,19;789,60
682,500;0,314;27,11;3,10;0,10;789,70
682,600;0,381;27,10;3,09;0,15;789,84
682,700;0,292;27,13;3,12;0,09;789,93
682,800;0,488;27,09;3,08;0,24;790,16
682,900;0,317;27,11;3,10;0,10;790,26
683,000;0,399;27,13;3,12;0,16;790,42
683,100;0,344;27,11;3,10;0,12;790,54
683,200;0,507;27,12;3,11;0,26;790,80
683,300;0,354;27,11;3,10;0,13;790,92
683,400;0,367;27,11;3,10;0,13;791,06
683,500;0,409;27,11;3,10;0,17;791,23
683,600;0,322;27,13;3,12;0,10;791,33
683,700;0,392;27,12;3,11;0,15;791,48
683,800;0,263;27,13;3,12;0,07;791,55
683,900;0,473;27,13;3,12;0,22;791,78
684,000;0,350;27,12;3,11;0,12;791,90
684,100;0,353;27,11;3,10;0,12;792,02
684,200;0,296;27,11;3,10;0,09;792,11
684,300;0,533;27,12;3,11;0,28;792,40
684,400;0,158;27,11;3,10;0,03;792,42
684,500;0,417;27,12;3,11;0,17;792,59
684,600;0,199;27,12;3,11;0,04;792,63
684,700;0,432;27,12;3,11;0,19;792,82
684,800;0,358;27,12;3,11;0,13;792,95
684,900;0,372;27,12;3,11;0,14;793,09
685,000;0,280;27,12;3,11;0,08;793,17
685,100;0,504;27,14;3,13;0,25;793,42
685,200;0,404;27,12;3,11;0,16;793,58
685,300;0,421;27,12;3,11;0,18;793,76
685,400;0,397;27,14;3,13;0,16;793,92
685,500;0,410;27,12;3,11;0,17;794,09
685,600;0,381;27,12;3,11;0,15;794,23
685,700;0,311;27,12;3,11;0,10;794,33
685,800;0,451;27,14;3,13;0,20;794,53
685,900;0,310;27,14;3,13;0,10;794,63
686,000;0,404;27,11;3,10;0,16;794,79
686,100;0,243;27,12;3,11;0,06;794,85
686,200;0,147;27,12;3,11;0,02;794,87
686,300;0,053;27,12;3,11;0,00;794,87
686,400;0,158;27,13;3,12;0,03;794,90
686,500;0,326;27,13;3,12;0,11;795,01
686,600;0,352;27,12;3,11;0,12;795,13
686,700;0,328;27,13;3,12;0,11;795,24
686,800;0,369;27,13;3,12;0,14;795,37
686,900;0,502;27,13;3,12;0,25;795,63
687,000;0,378;27,12;3,11;0,14;795,77
687,100;0,330;27,12;3,11;0,11;795,88
687,200;0,507;27,12;3,11;0,26;796,13
687,300;0,280;27,13;3,12;0,08;796,21
687,400;0,373;27,12;3,11;0,14;796,35
687,500;0,288;27,13;3,12;0,08;796,44
687,600;0,507;27,14;3,13;0,26;796,69
687,700;0,285;27,14;3,13;0,08;796,77
687,800;0,403;27,14;3,13;0,16;796,94
687,900;0,307;27,13;3,12;0,09;797,03
688,000;0,482;27,13;3,12;0,23;797,26
688,100;0,312;27,15;3,14;0,10;797,36
688,200;0,448;27,13;3,12;0,20;797,56
688,300;0,441;27,14;3,13;0,19;797,75
688,400;0,333;27,13;3,12;0,11;797,86
688,500;0,311;27,14;3,13;0,10;797,96
688,600;0,357;27,12;3,11;0,13;798,09
688,700;0,438;27,13;3,12;0,19;798,28
688,800;0,389;27,13;3,12;0,15;798,43
688,900;0,305;27,14;3,13;0,09;798,52
689,000;0,277;27,13;3,12;0,08;798,60
689,100;0,485;27,14;3,13;0,24;798,84
689,200;0,318;27,11;3,10;0,10;798,94
689,300;0,396;27,14;3,13;0,16;799,09
689,400;0,289;27,13;3,12;0,08;799,18
689,500;0,481;27,14;3,13;0,23;799,41
689,600;0,242;27,15;3,14;0,06;799,47
689,700;0,408;27,13;3,12;0,17;799,63
689,800;0,315;27,14;3,13;0,10;799,73
689,900;0,480;27,14;3,13;0,23;799,96
690,000;0,248;27,15;3,14;0,06;800,02
690,100;0,432;27,13;3,12;0,19;800,21
690,200;0,392;27,13;3,12;0,15;800,37
690,300;0,499;27,15;3,14;0,25;800,61
690,400;0,181;27,15;3,14;0,03;800,65
690,500;0,404;27,13;3,12;0,16;800,81
690,600;0,354;27,14;3,13;0,13;800,94
690,700;0,495;27,15;3,14;0,24;801,18
690,800;0,314;27,13;3,12;0,10;801,28
690,900;0,346;27,14;3,13;0,12;801,40
691,000;0,382;27,14;3,13;0,15;801,55
691,100;0,420;27,14;3,13;0,18;801,72
691,200;0,303;27,14;3,13;0,09;801,81
691,300;0,336;27,15;3,14;0,11;801,93
691,400;0,482;27,14;3,13;0,23;802,16
691,500;0,387;27,15;3,14;0,15;802,31
691,600;0,318;27,14;3,13;0,10;802,41
691,700;0,242;27,14;3,13;0,06;802,47
691,800;0,399;27,14;3,13;0,16;802,63
691,900;0,367;27,14;3,13;0,13;802,76
692,000;0,358;27,14;3,13;0,13;802,89
692,100;0,288;27,16;3,15;0,08;802,97
692,200;0,417;27,14;3,13;0,17;803,15
692,300;0,378;27,14;3,13;0,14;803,29
692,400;0,340;27,15;3,14;0,12;803,41
692,500;0,261;27,14;3,13;0,07;803,47
692,600;0,446;27,15;3,14;0,20;803,67
692,700;0,342;27,16;3,15;0,12;803,79
692,800;0,256;27,16;3,15;0,07;803,86
692,900;0,393;27,14;3,13;0,15;804,01
693,000;0,458;27,16;3,15;0,21;804,22
693,100;0,345;27,16;3,15;0,12;804,34
693,200;0,278;27,16;3,15;0,08;804,42
693,300;0,316;27,15;3,14;0,10;804,52
693,400;0,410;27,16;3,15;0,17;804,68
693,500;0,434;27,16;3,15;0,19;804,87
693,600;0,277;27,17;3,16;0,08;804,95
693,700;0,309;27,15;3,14;0,10;805,04
693,800;0,407;27,14;3,13;0,17;805,21
693,900;0,415;27,15;3,14;0,17;805,38
694,000;0,239;27,15;3,14;0,06;805,44
694,100;0,331;27,15;3,14;0,11;805,55
694,200;0,346;27,17;3,16;0,12;805,67
694,300;0,456;27,17;3,16;0,21;805,88
694,400;0,239;27,16;3,15;0,06;805,93
694,500;0,377;27,16;3,15;0,14;806,08
694,600;0,354;27,16;3,15;0,13;806,20
694,700;0,439;27,15;3,14;0,19;806,39
694,800;0,237;27,15;3,14;0,06;806,45
694,900;0,350;27,19;3,17;0,12;806,57
695,000;0,311;27,16;3,15;0,10;806,67
695,100;0,458;27,17;3,16;0,21;806,88
695,200;0,116;27,16;3,15;0,01;806,89
695,300;0,346;27,17;3,16;0,12;807,01
695,400;0,268;27,15;3,14;0,07;807,08
695,500;0,026;27,17;3,16;6,61E-4;807,08
695,600;0,298;27,19;3,17;0,09;807,17
695,700;0,437;27,16;3,15;0,19;807,36
695,800;0,311;27,16;3,15;0,10;807,46
695,900;0,411;27,16;3,15;0,17;807,63
696,000;0,412;27,15;3,14;0,17;807,80
696,100;0,443;27,19;3,17;0,20;808,00
696,200;0,287;27,17;3,16;0,08;808,08
696,300;0,334;27,16;3,15;0,11;808,19
696,400;0,401;27,16;3,15;0,16;808,35
696,500;0,375;27,17;3,16;0,14;808,49
696,600;0,286;27,16;3,15;0,08;808,57
696,700;0,404;27,16;3,15;0,16;808,74
696,800;0,357;27,16;3,15;0,13;808,86
696,900;0,374;27,17;3,16;0,14;809,00
697,000;0,186;27,16;3,15;0,03;809,04
697,100;0,360;27,17;3,16;0,13;809,17
697,200;0,281;27,17;3,16;0,08;809,25
697,300;0,374;27,17;3,16;0,14;809,39
697,400;0,302;27,17;3,16;0,09;809,48
697,500;0,366;27,16;3,15;0,13;809,61
697,600;0,309;27,17;3,16;0,10;809,71
697,700;0,471;27,20;3,19;0,22;809,93
697,800;0,283;27,17;3,16;0,08;810,01
697,900;0,442;27,19;3,17;0,20;810,20
698,000;0,221;27,19;3,17;0,05;810,25
698,100;0,373;27,19;3,17;0,14;810,39
698,200;0,312;27,20;3,19;0,10;810,49
698,300;0,461;27,19;3,17;0,21;810,70
698,400;0,227;27,17;3,16;0,05;810,75
698,500;0,419;27,17;3,16;0,18;810,93
698,600;0,266;27,20;3,19;0,07;811,00
698,700;0,388;27,20;3,19;0,15;811,15
698,800;0,323;27,17;3,16;0,10;811,25
698,900;0,425;27,20;3,19;0,18;811,43
699,000;0,346;27,19;3,17;0,12;811,55
699,100;0,359;27,20;3,19;0,13;811,68
699,200;0,360;27,20;3,19;0,13;811,81
699,300;0,410;27,19;3,17;0,17;811,98
699,400;0,317;27,16;3,15;0,10;812,08
699,500;0,297;27,17;3,16;0,09;812,17
699,600;0,378;27,19;3,17;0,14;812,31
699,700;0,375;27,20;3,19;0,14;812,45
699,800;0,392;27,22;3,21;0,15;812,61
699,900;0,274;27,16;3,15;0,08;812,68
700,000;0,425;27,16;3,15;0,18;812,86
700,100;0,325;27,19;3,17;0,11;812,97
700,200;0,395;27,20;3,19;0,16;813,12
700,300;0,207;27,19;3,17;0,04;813,17
700,400;0,426;27,19;3,17;0,18;813,35
700,500;0,241;27,19;3,17;0,06;813,41
700,600;0,440;27,17;3,16;0,19;813,60
700,700;0,185;27,20;3,19;0,03;813,63
700,800;0,382;27,20;3,19;0,15;813,78
700,900;0,321;27,19;3,17;0,10;813,88
701,000;0,390;27,19;3,17;0,15;814,04
701,100;0,288;27,20;3,19;0,08;814,12
701,200;0,440;27,22;3,21;0,19;814,31
701,300;0,265;27,19;3,17;0,07;814,38
701,400;0,374;27,20;3,19;0,14;814,52
701,500;0,339;27,22;3,21;0,12;814,64
701,600;0,344;27,20;3,19;0,12;814,76
701,700;0,372;27,17;3,16;0,14;814,89
701,800;0,454;27,19;3,17;0,21;815,10
701,900;0,389;27,20;3,19;0,15;815,25
702,000;0,308;27,19;3,17;0,09;815,35
702,100;0,242;27,21;3,20;0,06;815,41
702,200;0,287;27,20;3,19;0,08;815,49
702,300;0,443;27,22;3,21;0,20;815,68
702,400;0,219;27,21;3,20;0,05;815,73
702,500;0,423;27,21;3,20;0,18;815,91
702,600;0,211;27,20;3,19;0,04;815,96
702,700;0,390;27,21;3,20;0,15;816,11
702,800;0,373;27,20;3,19;0,14;816,25
702,900;0,369;27,20;3,19;0,14;816,38
703,000;0,314;27,20;3,19;0,10;816,48
703,100;0,427;27,22;3,21;0,18;816,66
703,200;0,318;27,21;3,20;0,10;816,76
703,300;0,305;27,21;3,20;0,09;816,86
703,400;0,359;27,20;3,19;0,13;816,99
703,500;0,404;27,20;3,19;0,16;817,15
703,600;0,353;27,21;3,20;0,12;817,27
703,700;0,272;27,22;3,21;0,07;817,35
703,800;0,379;27,22;3,21;0,14;817,49
703,900;0,402;27,21;3,20;0,16;817,65
704,000;0,364;27,20;3,19;0,13;817,79
704,100;0,232;27,20;3,19;0,05;817,84
704,200;0,423;27,20;3,19;0,18;818,02
704,300;0,382;27,23;3,22;0,15;818,16
704,400;0,413;27,21;3,20;0,17;818,34
704,500;0,309;27,22;3,21;0,10;818,43
704,600;0,384;27,20;3,19;0,15;818,58
704,700;0,383;27,21;3,20;0,15;818,73
704,800;0,356;27,22;3,21;0,13;818,85
704,900;0,237;27,22;3,21;0,06;818,91
705,000;0,443;27,23;3,22;0,20;819,11
705,100;0,302;27,23;3,22;0,09;819,20
705,200;0,454;27,22;3,21;0,21;819,40
705,300;0,268;27,22;3,21;0,07;819,47
705,400;0,267;27,23;3,22;0,07;819,54
705,500;0,243;27,22;3,21;0,06;819,60
705,600;0,416;27,22;3,21;0,17;819,78
705,700;0,386;27,20;3,19;0,15;819,93
705,800;0,335;27,23;3,22;0,11;820,04
705,900;0,280;27,23;3,22;0,08;820,12
706,000;0,451;27,24;3,23;0,20;820,32
706,100;0,373;27,23;3,22;0,14;820,46
706,200;0,327;27,24;3,23;0,11;820,57
706,300;0,305;27,24;3,23;0,09;820,66
706,400;0,408;27,23;3,22;0,17;820,83
706,500;0,365;27,22;3,21;0,13;820,96
706,600;0,374;27,22;3,21;0,14;821,10
706,700;0,292;27,23;3,22;0,09;821,18
706,800;0,402;27,23;3,22;0,16;821,35
706,900;0,351;27,22;3,21;0,12;821,47
707,000;0,406;27,23;3,22;0,16;821,63
707,100;0,314;27,23;3,22;0,10;821,73
707,200;0,372;27,22;3,21;0,14;821,87
707,300;0,296;27,23;3,22;0,09;821,96
707,400;0,469;27,21;3,20;0,22;822,18
707,500;0,316;27,21;3,20;0,10;822,28
707,600;0,332;27,24;3,23;0,11;822,39
707,700;0,337;27,23;3,22;0,11;822,50
707,800;0,416;27,24;3,23;0,17;822,67
707,900;0,198;27,24;3,23;0,04;822,71
708,000;0,391;27,22;3,21;0,15;822,87
708,100;0,354;27,24;3,23;0,13;822,99
708,200;0,429;27,24;3,23;0,18;823,18
708,300;0,288;27,23;3,22;0,08;823,26
708,400;0,392;27,23;3,22;0,15;823,41
708,500;0,303;27,24;3,23;0,09;823,50
708,600;0,435;27,23;3,22;0,19;823,69
708,700;0,334;27,24;3,23;0,11;823,81
708,800;0,388;27,23;3,22;0,15;823,96
708,900;0,289;27,25;3,24;0,08;824,04
709,000;0,398;27,22;3,21;0,16;824,20
709,100;0,390;27,23;3,22;0,15;824,35
709,200;0,374;27,24;3,23;0,14;824,49
709,300;0,310;27,24;3,23;0,10;824,59
709,400;0,403;27,24;3,23;0,16;824,75
709,500;0,417;27,25;3,24;0,17;824,92
709,600;0,371;27,25;3,24;0,14;825,06
709,700;0,258;27,23;3,22;0,07;825,13
709,800;0,357;27,24;3,23;0,13;825,25
709,900;0,455;27,24;3,23;0,21;825,46
710,000;0,365;27,24;3,23;0,13;825,59
710,100;0,259;27,25;3,24;0,07;825,66
710,200;0,445;27,23;3,22;0,20;825,86
710,300;0,371;27,24;3,23;0,14;826,00
710,400;0,307;27,23;3,22;0,09;826,09
710,500;0,298;27,26;3,25;0,09;826,18
710,600;0,357;27,23;3,22;0,13;826,31
710,700;0,394;27,25;3,24;0,16;826,46
710,800;0,287;27,25;3,24;0,08;826,55
710,900;0,345;27,25;3,24;0,12;826,67
711,000;0,319;27,25;3,24;0,10;826,77
711,100;0,490;27,25;3,24;0,24;827,01
711,200;0,246;27,24;3,23;0,06;827,07
711,300;0,323;27,26;3,25;0,10;827,17
711,400;0,342;27,23;3,22;0,12;827,29
711,500;0,484;27,25;3,24;0,23;827,52
711,600;0,259;27,26;3,25;0,07;827,59
711,700;0,309;27,26;3,25;0,10;827,68
711,800;0,275;27,26;3,25;0,08;827,76
711,900;0,480;27,25;3,24;0,23;827,99
712,000;0,207;27,25;3,24;0,04;828,03
712,100;0,321;27,26;3,25;0,10;828,14
712,200;0,307;27,25;3,24;0,09;828,23
712,300;0,448;27,25;3,24;0,20;828,43
712,400;0,299;27,23;3,22;0,09;828,52
712,500;0,340;27,25;3,24;0,12;828,64
712,600;0,272;27,23;3,22;0,07;828,71
712,700;0,417;27,27;3,26;0,17;828,88
712,800;0,353;27,24;3,23;0,12;829,01
712,900;0,357;27,26;3,25;0,13;829,14
713,000;0,243;27,26;3,25;0,06;829,20
713,100;0,400;27,26;3,25;0,16;829,36
713,200;0,413;27,26;3,25;0,17;829,53
713,300;0,286;27,25;3,24;0,08;829,61
713,400;0,282;27,26;3,25;0,08;829,69
713,500;0,321;27,26;3,25;0,10;829,79
713,600;0,514;27,25;3,24;0,26;830,05
713,700;0,268;27,26;3,25;0,07;830,13
713,800;0,308;27,26;3,25;0,09;830,22
713,900;0,330;27,26;3,25;0,11;830,33
714,000;0,472;27,26;3,25;0,22;830,55
714,100;0,262;27,25;3,24;0,07;830,62
714,200;0,326;27,28;3,27;0,11;830,73
714,300;0,322;27,26;3,25;0,10;830,83
714,400;0,448;27,26;3,25;0,20;831,03
714,500;0,256;27,26;3,25;0,07;831,10
714,600;0,336;27,26;3,25;0,11;831,21
714,700;0,337;27,24;3,23;0,11;831,33
714,800;0,471;27,28;3,27;0,22;831,55
714,900;0,250;27,27;3,26;0,06;831,61
715,000;0,302;27,27;3,26;0,09;831,70
715,100;0,242;27,26;3,25;0,06;831,76
715,200;0,429;27,26;3,25;0,18;831,94
715,300;0,340;27,27;3,26;0,12;832,06
715,400;0,336;27,26;3,25;0,11;832,17
715,500;0,276;27,26;3,25;0,08;832,25
715,600;0,420;27,27;3,26;0,18;832,42
715,700;0,421;27,25;3,24;0,18;832,60
715,800;0,334;27,26;3,25;0,11;832,71
715,900;0,253;27,26;3,25;0,06;832,78
716,000;0,393;27,27;3,26;0,15;832,93
716,100;0,460;27,27;3,26;0,21;833,14
716,200;0,287;27,27;3,26;0,08;833,23
716,300;0,278;27,26;3,25;0,08;833,30
716,400;0,374;27,27;3,26;0,14;833,44
716,500;0,470;27,26;3,25;0,22;833,66
716,600;0,297;27,25;3,24;0,09;833,75
716,700;0,271;27,26;3,25;0,07;833,83
716,800;0,338;27,28;3,27;0,11;833,94
716,900;0,488;27,28;3,27;0,24;834,18
717,000;0,281;27,26;3,25;0,08;834,26
717,100;0,242;27,25;3,24;0,06;834,32
717,200;0,278;27,28;3,27;0,08;834,39
717,300;0,489;27,29;3,28;0,24;834,63
717,400;0,261;27,27;3,26;0,07;834,70
717,500;0,288;27,27;3,26;0,08;834,78
717,600;0,215;27,27;3,26;0,05;834,83
717,700;0,353;27,27;3,26;0,12;834,96
717,800;0,439;27,28;3,27;0,19;835,15
717,900;0,216;27,27;3,26;0,05;835,19
718,000;0,240;27,28;3,27;0,06;835,25
718,100;0,204;27,28;3,27;0,04;835,29
718,200;0,310;27,28;3,27;0,10;835,39
718,300;0,392;27,28;3,27;0,15;835,54
718,400;0,133;27,27;3,26;0,02;835,56
718,500;0,322;27,27;3,26;0,10;835,67
718,600;0,367;27,28;3,27;0,13;835,80
718,700;0,434;27,28;3,27;0,19;835,99
718,800;0,363;27,30;3,29;0,13;836,12
718,900;0,359;27,28;3,27;0,13;836,25
719,000;0,323;27,28;3,27;0,10;836,35
719,100;0,435;27,28;3,27;0,19;836,54
719,200;0,342;27,29;3,28;0,12;836,66
719,300;0,393;27,28;3,27;0,15;836,81
719,400;0,377;27,28;3,27;0,14;836,96
719,500;0,443;27,28;3,27;0,20;837,15
719,600;0,294;27,27;3,26;0,09;837,24
719,700;0,421;27,29;3,28;0,18;837,42
719,800;0,375;27,30;3,29;0,14;837,56
719,900;0,421;27,27;3,26;0,18;837,73
720,000;0,246;27,28;3,27;0,06;837,79
720,100;0,426;27,28;3,27;0,18;837,98
720,200;0,341;27,28;3,27;0,12;838,09
720,300;0,440;27,30;3,29;0,19;838,29
720,400;0,294;27,28;3,27;0,09;838,37
720,500;0,386;27,29;3,28;0,15;838,52
720,600;0,291;27,28;3,27;0,08;838,60
720,700;0,351;27,28;3,27;0,12;838,73
720,800;0,268;27,29;3,28;0,07;838,80
720,900;0,333;27,30;3,29;0,11;838,91
721,000;0,325;27,28;3,27;0,11;839,02
721,100;0,439;27,29;3,28;0,19;839,21
721,200;0,340;27,30;3,29;0,12;839,32
721,300;0,317;27,28;3,27;0,10;839,43
721,400;0,399;27,29;3,28;0,16;839,58
721,500;0,446;27,29;3,28;0,20;839,78
721,600;0,229;27,30;3,29;0,05;839,84
721,700;0,371;27,29;3,28;0,14;839,97
721,800;0,401;27,28;3,27;0,16;840,13
721,900;0,430;27,30;3,29;0,18;840,32
722,000;0,343;27,31;3,30;0,12;840,44
722,100;0,324;27,31;3,30;0,11;840,54
722,200;0,345;27,30;3,29;0,12;840,66
722,300;0,278;27,31;3,30;0,08;840,74
722,400;0,414;27,29;3,28;0,17;840,91
722,500;0,401;27,28;3,27;0,16;841,07
722,600;0,361;27,29;3,28;0,13;841,20
722,700;0,335;27,28;3,27;0,11;841,31
722,800;0,343;27,30;3,29;0,12;841,43
722,900;0,401;27,28;3,27;0,16;841,59
723,000;0,382;27,30;3,29;0,15;841,74
723,100;0,304;27,29;3,28;0,09;841,83
723,200;0,418;27,30;3,29;0,17;842,00
723,300;0,383;27,31;3,30;0,15;842,15
723,400;0,380;27,29;3,28;0,14;842,29
723,500;0,258;27,30;3,29;0,07;842,36
723,600;0,414;27,28;3,27;0,17;842,53
723,700;0,356;27,29;3,28;0,13;842,66
723,800;0,361;27,28;3,27;0,13;842,79
723,900;0,278;27,31;3,30;0,08;842,87
724,000;0,392;27,30;3,29;0,15;843,02
724,100;0,329;27,31;3,30;0,11;843,13
724,200;0,388;27,30;3,29;0,15;843,28
724,300;0,231;27,29;3,28;0,05;843,33
724,400;0,438;27,30;3,29;0,19;843,52
724,500;0,317;27,31;3,30;0,10;843,62
724,600;0,334;27,30;3,29;0,11;843,74
724,700;0,334;27,30;3,29;0,11;843,85
724,800;0,517;27,31;3,30;0,27;844,12
724,900;0,214;27,32;3,31;0,05;844,16
725,000;0,268;27,31;3,30;0,07;844,23
725,100;0,335;27,31;3,30;0,11;844,34
725,200;0,393;27,31;3,30;0,15;844,50
725,300;0,248;27,31;3,30;0,06;844,56
725,400;7,223E-4;27,30;3,29;5,22E-7;844,56
725,500;0,337;27,32;3,31;0,11;844,67
725,600;0,157;27,31;3,30;0,02;844,70
725,700;-0,272;27,31;3,30;0,07;844,77
725,800;-0,255;27,31;3,30;0,06;844,84
725,900;0,023;27,30;3,29;5,27E-4;844,84
726,000;0,158;27,31;3,30;0,02;844,86
726,100;0,133;27,31;3,30;0,02;844,88
726,200;0,032;27,30;3,29;0,00;844,88
726,300;0,013;27,30;3,29;1,66E-4;844,88
726,400;-1,256E-4;27,30;3,29;1,58E-8;844,88
726,500;-2,198E-4;27,30;3,29;4,83E-8;844,88
726,600;-1,884E-4;27,31;3,30;3,55E-8;844,88
726,700;-9,421E-5;27,32;3,31;8,88E-9;844,88
726,800;0,002;27,31;3,30;4,17E-6;844,88
726,900;-3,140E-5;27,32;3,31;9,86E-10;844,88
727,000;0,168;27,32;3,31;0,03;844,91
727,100;0,358;27,32;3,31;0,13;845,04
727,200;0,458;27,32;3,31;0,21;845,25
727,300;0,246;27,31;3,30;0,06;845,31
727,400;0,413;27,32;3,31;0,17;845,48
727,500;0,336;27,32;3,31;0,11;845,59
727,600;0,490;27,34;3,32;0,24;845,83
727,700;0,382;27,32;3,31;0,15;845,98
727,800;0,394;27,31;3,30;0,15;846,13
727,900;0,234;27,31;3,30;0,05;846,19
728,000;0,464;27,31;3,30;0,22;846,41
728,100;0,391;27,32;3,31;0,15;846,56
728,200;0,411;27,34;3,32;0,17;846,73
728,300;0,333;27,31;3,30;0,11;846,84
728,400;0,389;27,34;3,32;0,15;846,99
728,500;0,463;27,31;3,30;0,21;847,20
728,600;0,368;27,34;3,32;0,14;847,34
728,700;0,370;27,34;3,32;0,14;847,47
728,800;0,332;27,34;3,32;0,11;847,58
728,900;0,443;27,34;3,32;0,20;847,78
729,000;0,338;27,34;3,32;0,11;847,90
729,100;0,434;27,32;3,31;0,19;848,08
729,200;0,351;27,32;3,31;0,12;848,21
729,300;0,420;27,32;3,31;0,18;848,38
729,400;0,285;27,34;3,32;0,08;848,46
729,500;0,470;27,34;3,32;0,22;848,69
729,600;0,440;27,35;3,34;0,19;848,88
729,700;0,348;27,32;3,31;0,12;849,00
729,800;0,313;27,32;3,31;0,10;849,10
729,900;0,348;27,34;3,32;0,12;849,22
730,000;0,427;27,36;3,35;0,18;849,40
730,100;0,376;27,32;3,31;0,14;849,54
730,200;0,444;27,34;3,32;0,20;849,74
730,300;0,308;27,34;3,32;0,09;849,83
730,400;0,386;27,36;3,35;0,15;849,98
730,500;0,276;27,36;3,35;0,08;850,06
730,600;0,441;27,34;3,32;0,19;850,25
730,700;0,347;27,34;3,32;0,12;850,37
730,800;0,421;27,34;3,32;0,18;850,55
730,900;0,320;27,32;3,31;0,10;850,65
731,000;0,391;27,35;3,34;0,15;850,81
731,100;0,368;27,36;3,35;0,14;850,94
731,200;0,423;27,34;3,32;0,18;851,12
731,300;0,368;27,35;3,34;0,14;851,26
731,400;0,357;27,34;3,32;0,13;851,38
731,500;0,428;27,35;3,34;0,18;851,57
731,600;0,363;27,35;3,34;0,13;851,70
731,700;0,351;27,34;3,32;0,12;851,82
731,800;0,367;27,36;3,35;0,13;851,96
731,900;0,453;27,37;3,36;0,21;852,16
732,000;0,340;27,36;3,35;0,12;852,28
732,100;0,378;27,36;3,35;0,14;852,42
732,200;0,258;27,35;3,34;0,07;852,49
732,300;0,444;27,36;3,35;0,20;852,68
732,400;0,352;27,34;3,32;0,12;852,81
732,500;0,414;27,32;3,31;0,17;852,98
732,600;0,316;27,34;3,32;0,10;853,08
732,700;0,442;27,37;3,36;0,20;853,27
732,800;0,288;27,34;3,32;0,08;853,36
732,900;0,376;27,36;3,35;0,14;853,50
733,000;0,314;27,35;3,34;0,10;853,60
733,100;0,437;27,36;3,35;0,19;853,79
733,200;0,301;27,36;3,35;0,09;853,88
733,300;0,337;27,34;3,32;0,11;853,99
733,400;0,246;27,36;3,35;0,06;854,05
733,500;0,046;27,36;3,35;0,00;854,05
733,600;-0,174;27,34;3,32;0,03;854,08
733,700;-0,023;27,34;3,32;5,40E-4;854,08
733,800;0,418;27,35;3,34;0,17;854,26
733,900;0,449;27,36;3,35;0,20;854,46
734,000;0,426;27,36;3,35;0,18;854,64
734,100;0,242;27,36;3,35;0,06;854,70
734,200;0,533;27,35;3,34;0,28;854,98
734,300;0,406;27,34;3,32;0,17;855,15
734,400;0,237;27,36;3,35;0,06;855,21
734,500;0,268;27,35;3,34;0,07;855,28
734,600;0,433;27,34;3,32;0,19;855,47
734,700;0,383;27,36;3,35;0,15;855,61
734,800;0,467;27,37;3,36;0,22;855,83
734,900;0,431;27,36;3,35;0,19;856,02
735,000;0,439;27,34;3,32;0,19;856,21
735,100;0,289;27,37;3,36;0,08;856,29
735,200;0,365;27,37;3,36;0,13;856,43
735,300;0,455;27,36;3,35;0,21;856,63
735,400;0,321;27,35;3,34;0,10;856,74
735,500;0,358;27,37;3,36;0,13;856,86
735,600;0,337;27,37;3,36;0,11;856,98
735,700;0,470;27,36;3,35;0,22;857,20
735,800;0,271;27,37;3,36;0,07;857,27
735,900;0,392;27,38;3,37;0,15;857,42
736,000;0,432;27,36;3,35;0,19;857,61
736,100;0,447;27,36;3,35;0,20;857,81
736,200;0,211;27,38;3,37;0,04;857,86
736,300;0,395;27,36;3,35;0,16;858,01
736,400;0,351;27,36;3,35;0,12;858,13
736,500;0,458;27,37;3,36;0,21;858,34
736,600;0,262;27,36;3,35;0,07;858,41
736,700;0,420;27,36;3,35;0,18;858,59
736,800;0,392;27,37;3,36;0,15;858,74
736,900;0,432;27,37;3,36;0,19;858,93
737,000;0,279;27,35;3,34;0,08;859,01
737,100;0,413;27,38;3,37;0,17;859,18
737,200;0,444;27,37;3,36;0,20;859,38
737,300;0,390;27,38;3,37;0,15;859,53
737,400;0,277;27,38;3,37;0,08;859,60
737,500;0,385;27,36;3,35;0,15;859,75
737,600;0,470;27,37;3,36;0,22;859,97
737,700;0,366;27,37;3,36;0,13;860,11
737,800;0,315;27,39;3,38;0,10;860,21
737,900;0,338;27,39;3,38;0,11;860,32
738,000;0,463;27,40;3,39;0,21;860,54
738,100;0,290;27,37;3,36;0,08;860,62
738,200;0,385;27,38;3,37;0,15;860,77
738,300;0,319;27,38;3,37;0,10;860,87
738,400;0,436;27,38;3,37;0,19;861,06
738,500;0,258;27,38;3,37;0,07;861,13
738,600;0,397;27,38;3,37;0,16;861,28
738,700;0,367;27,38;3,37;0,13;861,42
738,800;0,510;27,38;3,37;0,26;861,68
738,900;0,222;27,36;3,35;0,05;861,73
739,000;0,392;27,38;3,37;0,15;861,88
739,100;0,380;27,39;3,38;0,14;862,03
739,200;0,438;27,40;3,39;0,19;862,22
739,300;0,233;27,37;3,36;0,05;862,27
739,400;0,377;27,38;3,37;0,14;862,41
739,500;0,448;27,37;3,36;0,20;862,62
739,600;0,444;27,37;3,36;0,20;862,81
739,700;0,260;27,38;3,37;0,07;862,88
739,800;0,294;27,39;3,38;0,09;862,97
739,900;0,444;27,38;3,37;0,20;863,16
740,000;0,429;27,39;3,38;0,18;863,35
740,100;0,235;27,39;3,38;0,06;863,40
740,200;0,372;27,39;3,38;0,14;863,54
740,300;0,384;27,38;3,37;0,15;863,69
740,400;0,394;27,39;3,38;0,16;863,84
740,500;0,122;27,38;3,37;0,01;863,86
740,600;0,286;27,38;3,37;0,08;863,94
740,700;0,296;27,38;3,37;0,09;864,03
740,800;0,440;27,39;3,38;0,19;864,22
740,900;0,251;27,40;3,39;0,06;864,29
741,000;0,232;27,38;3,37;0,05;864,34
741,100;0,413;27,40;3,39;0,17;864,51
741,200;0,361;27,40;3,39;0,13;864,64
741,300;0,427;27,41;3,40;0,18;864,82
741,400;0,259;27,38;3,37;0,07;864,89
741,500;0,447;27,39;3,38;0,20;865,09
741,600;0,420;27,39;3,38;0,18;865,27
741,700;0,403;27,40;3,39;0,16;865,43
741,800;0,291;27,39;3,38;0,08;865,51
741,900;0,384;27,39;3,38;0,15;865,66
742,000;0,489;27,40;3,39;0,24;865,90
742,100;0,319;27,39;3,38;0,10;866,00
742,200;0,274;27,40;3,39;0,08;866,07
742,300;0,362;27,42;3,41;0,13;866,21
742,400;0,463;27,40;3,39;0,21;866,42
742,500;0,325;27,40;3,39;0,11;866,53
742,600;0,285;27,40;3,39;0,08;866,61
742,700;0,299;27,40;3,39;0,09;866,70
742,800;0,468;27,41;3,40;0,22;866,92
742,900;0,375;27,40;3,39;0,14;867,06
743,000;0,272;27,40;3,39;0,07;867,13
743,100;0,311;27,40;3,39;0,10;867,23
743,200;0,454;27,39;3,38;0,21;867,43
743,300;0,377;27,40;3,39;0,14;867,57
743,400;0,308;27,39;3,38;0,09;867,67
743,500;0,370;27,38;3,37;0,14;867,81
743,600;0,408;27,40;3,39;0,17;867,97
743,700;0,358;27,40;3,39;0,13;868,10
743,800;0,202;27,40;3,39;0,04;868,14
743,900;0,309;27,41;3,40;0,10;868,24
744,000;0,335;27,41;3,40;0,11;868,35
744,100;0,439;27,40;3,39;0,19;868,54
744,200;0,257;27,40;3,39;0,07;868,61
744,300;0,459;27,42;3,41;0,21;868,82
744,400;0,167;27,42;3,41;0,03;868,85
744,500;0,477;27,41;3,40;0,23;869,07
744,600;0,254;27,39;3,38;0,06;869,14
744,700;0,401;27,39;3,38;0,16;869,30
744,800;0,276;27,40;3,39;0,08;869,38
744,900;0,458;27,41;3,40;0,21;869,59
745,000;0,319;27,41;3,40;0,10;869,69
745,100;0,384;27,39;3,38;0,15;869,84
745,200;0,306;27,39;3,38;0,09;869,93
745,300;0,446;27,40;3,39;0,20;870,13
745,400;0,246;27,42;3,41;0,06;870,19
745,500;0,404;27,40;3,39;0,16;870,35
745,600;0,316;27,40;3,39;0,10;870,45
745,700;0,462;27,40;3,39;0,21;870,67
745,800;0,250;27,40;3,39;0,06;870,73
745,900;0,384;27,41;3,40;0,15;870,88
746,000;0,277;27,42;3,41;0,08;870,95
746,100;0,467;27,41;3,40;0,22;871,17
746,200;0,272;27,40;3,39;0,07;871,24
746,300;0,399;27,42;3,41;0,16;871,40
746,400;0,393;27,43;3,42;0,15;871,56
746,500;0,447;27,41;3,40;0,20;871,76
746,600;0,238;27,43;3,42;0,06;871,81
746,700;0,359;27,41;3,40;0,13;871,94
746,800;0,311;27,42;3,41;0,10;872,04
746,900;0,463;27,41;3,40;0,21;872,25
747,000;0,308;27,44;3,43;0,09;872,35
747,100;0,419;27,42;3,41;0,18;872,53
747,200;0,403;27,43;3,42;0,16;872,69
747,300;0,396;27,42;3,41;0,16;872,84
747,400;0,391;27,44;3,43;0,15;873,00
747,500;0,245;27,43;3,42;0,06;873,06
747,600;0,442;27,41;3,40;0,20;873,25
747,700;0,388;27,41;3,40;0,15;873,40
747,800;0,387;27,41;3,40;0,15;873,55
747,900;0,266;27,40;3,39;0,07;873,62
748,000;0,480;27,43;3,42;0,23;873,85
748,100;0,334;27,42;3,41;0,11;873,96
748,200;0,295;27,43;3,42;0,09;874,05
748,300;0,307;27,45;3,44;0,09;874,15
748,400;0,440;27,43;3,42;0,19;874,34
748,500;0,306;27,42;3,41;0,09;874,43
748,600;0,258;27,42;3,41;0,07;874,50
748,700;0,347;27,45;3,44;0,12;874,62
748,800;0,303;27,43;3,42;0,09;874,71
748,900;0,434;27,44;3,43;0,19;874,90
749,000;0,258;27,42;3,41;0,07;874,97
749,100;0,389;27,43;3,42;0,15;875,12
749,200;0,265;27,43;3,42;0,07;875,19
749,300;0,455;27,43;3,42;0,21;875,40
749,400;0,321;27,44;3,43;0,10;875,50
749,500;0,392;27,44;3,43;0,15;875,65
749,600;0,253;27,43;3,42;0,06;875,72
749,700;0,420;27,43;3,42;0,18;875,89
749,800;0,250;27,42;3,41;0,06;875,96
749,900;0,403;27,42;3,41;0,16;876,12
750,000;0,281;27,45;3,44;0,08;876,20
750,100;0,447;27,42;3,41;0,20;876,40
750,200;0,333;27,44;3,43;0,11;876,51
750,300;0,349;27,44;3,43;0,12;876,63
750,400;0,264;27,45;3,44;0,07;876,70
750,500;0,409;27,44;3,43;0,17;876,87
750,600;0,321;27,45;3,44;0,10;876,97
750,700;0,423;27,44;3,43;0,18;877,15
750,800;0,378;27,45;3,44;0,14;877,29
750,900;0,387;27,42;3,41;0,15;877,44
751,000;0,273;27,42;3,41;0,07;877,52
751,100;0,393;27,43;3,42;0,15;877,67
751,200;0,311;27,43;3,42;0,10;877,77
751,300;0,451;27,45;3,44;0,20;877,97
751,400;0,249;27,45;3,44;0,06;878,03
751,500;0,403;27,44;3,43;0,16;878,19
751,600;0,342;27,43;3,42;0,12;878,31
751,700;0,398;27,43;3,42;0,16;878,47
751,800;0,273;27,44;3,43;0,07;878,54
751,900;0,393;27,45;3,44;0,15;878,70
752,000;0,291;27,42;3,41;0,08;878,78
752,100;0,442;27,45;3,44;0,20;878,98
752,200;0,262;27,44;3,43;0,07;879,05
752,300;0,397;27,45;3,44;0,16;879,21
752,400;0,350;27,45;3,44;0,12;879,33
752,500;0,423;27,45;3,44;0,18;879,51
752,600;0,274;27,43;3,42;0,07;879,58
752,700;0,367;27,43;3,42;0,13;879,72
752,800;0,318;27,45;3,44;0,10;879,82
752,900;0,461;27,44;3,43;0,21;880,03
753,000;0,249;27,45;3,44;0,06;880,09
753,100;0,401;27,45;3,44;0,16;880,25
753,200;0,341;27,45;3,44;0,12;880,37
753,300;0,394;27,47;3,46;0,16;880,52
753,400;0,202;27,43;3,42;0,04;880,56
753,500;0,375;27,46;3,45;0,14;880,70
753,600;0,351;27,44;3,43;0,12;880,83
753,700;0,360;27,45;3,44;0,13;880,96
753,800;0,319;27,47;3,46;0,10;881,06
753,900;0,449;27,45;3,44;0,20;881,26
754,000;0,288;27,44;3,43;0,08;881,34
754,100;0,379;27,45;3,44;0,14;881,49
754,200;0,248;27,45;3,44;0,06;881,55
754,300;0,393;27,44;3,43;0,15;881,70
754,400;0,251;27,44;3,43;0,06;881,77
754,500;0,452;27,46;3,45;0,20;881,97
754,600;0,354;27,46;3,45;0,13;882,10
754,700;0,225;27,45;3,44;0,05;882,15
754,800;0,277;27,45;3,44;0,08;882,22
754,900;0,221;27,46;3,45;0,05;882,27
755,000;0,256;27,46;3,45;0,07;882,34
755,100;0,334;27,49;3,47;0,11;882,45
755,200;0,212;27,44;3,43;0,04;882,49
755,300;0,379;27,45;3,44;0,14;882,64
755,400;0,169;27,45;3,44;0,03;882,67
755,500;0,361;27,45;3,44;0,13;882,80
755,600;0,322;27,45;3,44;0,10;882,90
755,700;0,133;27,46;3,45;0,02;882,92
755,800;0,060;27,46;3,45;0,00;882,92
755,900;0,000;27,47;3,46;0,00;882,92
756,000;-1,256E-4;27,46;3,45;1,58E-8;882,92
756,100;-6,281E-5;27,46;3,45;3,94E-9;882,92
756,200;-9,421E-5;27,45;3,44;8,88E-9;882,92
756,300;-9,421E-5;27,46;3,45;8,88E-9;882,92
756,400;-3,140E-5;27,45;3,44;9,86E-10;882,92
756,500;0,000;27,46;3,45;0,00;882,92
756,600;0,000;27,47;3,46;0,00;882,92
756,700;0,000;27,46;3,45;0,00;882,92
756,800;3,140E-5;27,46;3,45;9,86E-10;882,92
756,900;0,000;27,47;3,46;0,00;882,92
757,000;3,140E-5;27,44;3,43;9,86E-10;882,92
757,100;0,000;27,46;3,45;0,00;882,92
757,200;3,140E-5;27,47;3,46;9,86E-10;882,92
757,300;0,003;27,46;3,45;6,47E-6;882,92
757,400;0,006;27,46;3,45;3,67E-5;882,92
757,500;-3,140E-5;27,46;3,45;9,86E-10;882,92
757,600;-6,281E-5;27,47;3,46;3,94E-9;882,92
757,700;0,064;27,46;3,45;0,00;882,93
757,800;0,212;27,47;3,46;0,05;882,97
757,900;0,425;27,47;3,46;0,18;883,15
758,000;0,186;27,46;3,45;0,03;883,19
758,100;0,354;27,47;3,46;0,13;883,31
758,200;0,453;27,47;3,46;0,20;883,52
758,300;0,375;27,46;3,45;0,14;883,66
758,400;0,283;27,47;3,46;0,08;883,74
758,500;0,441;27,50;3,49;0,19;883,93
758,600;0,492;27,47;3,46;0,24;884,17
758,700;0,336;27,49;3,47;0,11;884,29
758,800;0,328;27,50;3,49;0,11;884,40
758,900;0,479;27,50;3,49;0,23;884,62
759,000;0,435;27,47;3,46;0,19;884,81
759,100;0,271;27,51;3,50;0,07;884,89
759,200;0,419;27,47;3,46;0,18;885,06
759,300;0,488;27,47;3,46;0,24;885,30
759,400;0,410;27,49;3,47;0,17;885,47
759,500;0,327;27,49;3,47;0,11;885,58
759,600;0,489;27,46;3,45;0,24;885,81
759,700;0,416;27,47;3,46;0,17;885,99
759,800;0,291;27,49;3,47;0,08;886,07
759,900;0,492;27,50;3,49;0,24;886,31
760,000;0,472;27,45;3,44;0,22;886,54
760,100;0,345;27,49;3,47;0,12;886,66
760,200;0,371;27,47;3,46;0,14;886,79
760,300;0,483;27,47;3,46;0,23;887,03
760,400;0,396;27,50;3,49;0,16;887,19
760,500;0,262;27,50;3,49;0,07;887,25
760,600;0,393;27,49;3,47;0,15;887,41
760,700;0,456;27,50;3,49;0,21;887,62
760,800;0,367;27,47;3,46;0,14;887,75
760,900;0,261;27,50;3,49;0,07;887,82
761,000;0,389;27,50;3,49;0,15;887,97
761,100;0,454;27,49;3,47;0,21;888,18
761,200;0,362;27,49;3,47;0,13;888,31
761,300;0,293;27,49;3,47;0,09;888,39
761,400;0,482;27,47;3,46;0,23;888,62
761,500;0,409;27,50;3,49;0,17;888,79
761,600;0,306;27,50;3,49;0,09;888,89
761,700;0,346;27,51;3,50;0,12;889,00
761,800;0,470;27,49;3,47;0,22;889,23
761,900;0,380;27,50;3,49;0,14;889,37
762,000;0,286;27,47;3,46;0,08;889,45
762,100;0,364;27,47;3,46;0,13;889,59
762,200;0,442;27,50;3,49;0,20;889,78
762,300;0,382;27,50;3,49;0,15;889,93
762,400;0,215;27,49;3,47;0,05;889,97
762,500;0,336;27,50;3,49;0,11;890,09
762,600;0,444;27,50;3,49;0,20;890,28
762,700;0,389;27,51;3,50;0,15;890,43
762,800;0,236;27,49;3,47;0,06;890,49
762,900;0,325;27,50;3,49;0,11;890,59
763,000;0,460;27,50;3,49;0,21;890,81
763,100;0,412;27,50;3,49;0,17;890,98
763,200;0,248;27,50;3,49;0,06;891,04
763,300;0,350;27,50;3,49;0,12;891,16
763,400;0,455;27,50;3,49;0,21;891,37
763,500;0,351;27,50;3,49;0,12;891,49
763,600;0,246;27,50;3,49;0,06;891,55
763,700;0,326;27,50;3,49;0,11;891,66
763,800;0,390;27,51;3,50;0,15;891,81
763,900;0,371;27,50;3,49;0,14;891,95
764,000;0,300;27,50;3,49;0,09;892,04
764,100;0,242;27,50;3,49;0,06;892,10
764,200;0,466;27,51;3,50;0,22;892,31
764,300;0,415;27,52;3,51;0,17;892,48
764,400;0,300;27,50;3,49;0,09;892,57
764,500;0,369;27,52;3,51;0,14;892,71
764,600;0,454;27,52;3,51;0,21;892,92
764,700;0,454;27,53;3,52;0,21;893,12
764,800;0,230;27,51;3,50;0,05;893,18
764,900;0,371;27,50;3,49;0,14;893,31
765,000;0,329;27,49;3,47;0,11;893,42
765,100;0,446;27,51;3,50;0,20;893,62
765,200;0,242;27,51;3,50;0,06;893,68
765,300;0,333;27,50;3,49;0,11;893,79
765,400;0,368;27,51;3,50;0,14;893,93
765,500;0,436;27,50;3,49;0,19;894,12
765,600;0,280;27,52;3,51;0,08;894,19
765,700;0,373;27,51;3,50;0,14;894,33
765,800;0,386;27,51;3,50;0,15;894,48
765,900;0,410;27,52;3,51;0,17;894,65
766,000;0,247;27,52;3,51;0,06;894,71
766,100;0,313;27,51;3,50;0,10;894,81
766,200;0,361;27,52;3,51;0,13;894,94
766,300;0,392;27,52;3,51;0,15;895,09
766,400;0,332;27,51;3,50;0,11;895,20
766,500;0,303;27,52;3,51;0,09;895,30
766,600;0,368;27,52;3,51;0,14;895,43
766,700;0,366;27,53;3,52;0,13;895,56
766,800;0,302;27,51;3,50;0,09;895,66
766,900;0,143;27,54;3,53;0,02;895,68
767,000;0,214;27,52;3,51;0,05;895,72
767,100;0,261;27,51;3,50;0,07;895,79
767,200;0,287;27,51;3,50;0,08;895,87
767,300;0,308;27,50;3,49;0,09;895,97
767,400;0,285;27,53;3,52;0,08;896,05
767,500;0,222;27,52;3,51;0,05;896,10
767,600;0,255;27,52;3,51;0,07;896,16
767,700;0,243;27,53;3,52;0,06;896,22
767,800;0,295;27,51;3,50;0,09;896,31
767,900;0,209;27,54;3,53;0,04;896,35
768,000;0,185;27,54;3,53;0,03;896,39
768,100;0,170;27,52;3,51;0,03;896,42
768,200;0,071;27,51;3,50;0,01;896,42
768,300;-9,421E-5;27,52;3,51;8,88E-9;896,42
768,400;-9,421E-5;27,52;3,51;8,88E-9;896,42
768,500;-1,256E-4;27,53;3,52;1,58E-8;896,42
768,600;-3,140E-5;27,54;3,53;9,86E-10;896,42
768,700;-9,421E-5;27,52;3,51;8,88E-9;896,42
768,800;-9,421E-5;27,52;3,51;8,88E-9;896,42
768,900;-3,140E-5;27,52;3,51;9,86E-10;896,42
769,000;-6,281E-5;27,53;3,52;3,94E-9;896,42
769,100;-6,281E-5;27,53;3,52;3,94E-9;896,42
769,200;-6,281E-5;27,50;3,49;3,94E-9;896,42
769,300;-6,281E-5;27,54;3,53;3,94E-9;896,42
769,400;-6,281E-5;27,54;3,53;3,94E-9;896,42
769,500;-3,140E-5;27,54;3,53;9,86E-10;896,42
769,600;-3,140E-5;27,54;3,53;9,86E-10;896,42
769,700;-6,281E-5;27,53;3,52;3,94E-9;896,42
769,800;-6,281E-5;27,54;3,53;3,94E-9;896,42
769,900;-6,281E-5;27,51;3,50;3,94E-9;896,42
770,000;-9,421E-5;27,53;3,52;8,88E-9;896,42
770,100;-3,140E-5;27,54;3,53;9,86E-10;896,42
770,200;-1,256E-4;27,52;3,51;1,58E-8;896,42
770,300;-9,421E-5;27,55;3,54;8,88E-9;896,42
770,400;-1,256E-4;27,54;3,53;1,58E-8;896,42
770,500;-6,281E-5;27,54;3,53;3,94E-9;896,42
770,600;-6,281E-5;27,53;3,52;3,94E-9;896,42
770,700;-6,281E-5;27,54;3,53;3,94E-9;896,42
770,800;-9,421E-5;27,54;3,53;8,88E-9;896,42
770,900;-6,281E-5;27,54;3,53;3,94E-9;896,42
771,000;-9,421E-5;27,54;3,53;8,88E-9;896,42
771,100;-9,421E-5;27,54;3,53;8,88E-9;896,42
771,200;-6,281E-5;27,55;3,54;3,94E-9;896,42
771,300;-3,140E-5;27,55;3,54;9,86E-10;896,42
771,400;-3,140E-5;27,55;3,54;9,86E-10;896,42
771,500;-9,421E-5;27,53;3,52;8,88E-9;896,42
771,600;-6,281E-5;27,55;3,54;3,94E-9;896,42
771,700;-3,140E-5;27,54;3,53;9,86E-10;896,42
771,800;-6,281E-5;27,54;3,53;3,94E-9;896,42
771,900;-6,281E-5;27,54;3,53;3,94E-9;896,42
772,000;-9,421E-5;27,54;3,53;8,88E-9;896,42
772,100;-3,140E-5;27,55;3,54;9,86E-10;896,42
772,200;-9,421E-5;27,55;3,54;8,88E-9;896,42
772,300;0,000;27,54;3,53;0,00;896,42
772,400;-1,256E-4;27,54;3,53;1,58E-8;896,42
772,500;-3,140E-5;27,55;3,54;9,86E-10;896,42
772,600;-3,140E-5;27,54;3,53;9,86E-10;896,42
772,700;-6,281E-5;27,55;3,54;3,94E-9;896,42
772,800;-3,140E-5;27,54;3,53;9,86E-10;896,42
772,900;-6,281E-5;27,57;3,56;3,94E-9;896,42
773,000;-6,281E-5;27,53;3,52;3,94E-9;896,42
773,100;0,000;27,55;3,54;0,00;896,42
773,200;0,000;27,55;3,54;0,00;896,42
773,300;-3,140E-5;27,55;3,54;9,86E-10;896,42
773,400;-9,421E-5;27,54;3,53;8,88E-9;896,42
773,500;-9,421E-5;27,54;3,53;8,88E-9;896,42
773,600;-6,281E-5;27,56;3,55;3,94E-9;896,42
773,700;-9,421E-5;27,56;3,55;8,88E-9;896,42
773,800;-3,140E-5;27,55;3,54;9,86E-10;896,42
773,900;-9,421E-5;27,54;3,53;8,88E-9;896,42
774,000;0,000;27,55;3,54;0,00;896,42
774,100;-6,281E-5;27,57;3,56;3,94E-9;896,42
774,200;-6,281E-5;27,54;3,53;3,94E-9;896,42
774,300;-6,281E-5;27,53;3,52;3,94E-9;896,42
774,400;-3,140E-5;27,56;3,55;9,86E-10;896,42
774,500;-6,281E-5;27,55;3,54;3,94E-9;896,42
774,600;-3,140E-5;27,57;3,56;9,86E-10;896,42
774,700;-3,140E-5;27,56;3,55;9,86E-10;896,42
774,800;0,000;27,55;3,54;0,00;896,42
774,900;-6,281E-5;27,56;3,55;3,94E-9;896,42
775,000;-9,421E-5;27,56;3,55;8,88E-9;896,42
775,100;-6,281E-5;27,55;3,54;3,94E-9;896,42
775,200;-3,140E-5;27,56;3,55;9,86E-10;896,42
775,300;-3,140E-5;27,57;3,56;9,86E-10;896,42
775,400;-3,140E-5;27,57;3,56;9,86E-10;896,42
775,500;-9,421E-5;27,58;3,57;8,88E-9;896,42
775,600;-6,281E-5;27,55;3,54;3,94E-9;896,42
775,700;-9,421E-5;27,55;3,54;8,88E-9;896,42
775,800;-3,140E-5;27,57;3,56;9,86E-10;896,42
775,900;-6,281E-5;27,56;3,55;3,94E-9;896,42
776,000;-3,140E-5;27,56;3,55;9,86E-10;896,42
776,100;-6,281E-5;27,56;3,55;3,94E-9;896,42
776,200;-9,421E-5;27,57;3,56;8,88E-9;896,42
776,300;-3,140E-5;27,57;3,56;9,86E-10;896,42
776,400;-3,140E-5;27,56;3,55;9,86E-10;896,42
776,500;-3,140E-5;27,55;3,54;9,86E-10;896,42
776,600;-3,140E-5;27,56;3,55;9,86E-10;896,42
776,700;-3,140E-5;27,57;3,56;9,86E-10;896,42
776,800;-6,281E-5;27,56;3,55;3,94E-9;896,42
776,900;-3,140E-5;27,55;3,54;9,86E-10;896,42
777,000;-6,281E-5;27,54;3,53;3,94E-9;896,42
777,100;-9,421E-5;27,57;3,56;8,88E-9;896,42
777,200;-6,281E-5;27,55;3,54;3,94E-9;896,42
777,300;-9,421E-5;27,58;3,57;8,88E-9;896,42
777,400;-6,281E-5;27,57;3,56;3,94E-9;896,42
777,500;-6,281E-5;27,56;3,55;3,94E-9;896,42
777,600;0,000;27,57;3,56;0,00;896,42
777,700;-6,281E-5;27,58;3,57;3,94E-9;896,42
777,800;-9,421E-5;27,57;3,56;8,88E-9;896,42
777,900;-6,281E-5;27,58;3,57;3,94E-9;896,42
778,000;-1,256E-4;27,58;3,57;1,58E-8;896,42
778,100;-9,421E-5;27,58;3,57;8,88E-9;896,42
778,200;-6,281E-5;27,57;3,56;3,94E-9;896,42
778,300;-9,421E-5;27,58;3,57;8,88E-9;896,42
778,400;-1,256E-4;27,60;3,59;1,58E-8;896,42
778,500;-3,140E-5;27,58;3,57;9,86E-10;896,42
778,600;-9,421E-5;27,57;3,56;8,88E-9;896,42
778,700;-3,140E-5;27,58;3,57;9,86E-10;896,42
778,800;-9,421E-5;27,57;3,56;8,88E-9;896,42
778,900;-3,140E-5;27,59;3,58;9,86E-10;896,42
779,000;-6,281E-5;27,57;3,56;3,94E-9;896,42
779,100;-9,421E-5;27,57;3,56;8,88E-9;896,42
779,200;-9,421E-5;27,56;3,55;8,88E-9;896,42
779,300;-9,421E-5;27,58;3,57;8,88E-9;896,42
779,400;-6,281E-5;27,57;3,56;3,94E-9;896,42
779,500;0,000;27,57;3,56;0,00;896,42
779,600;0,000;27,61;3,60;0,00;896,42
779,700;0,000;27,59;3,58;0,00;896,42
779,800;0,000;27,58;3,57;0,00;896,42
779,900;-3,140E-5;27,57;3,56;9,86E-10;896,42
780,000;-3,140E-5;27,58;3,57;9,86E-10;896,42
780,100;-9,421E-5;27,58;3,57;8,88E-9;896,42
780,200;-6,281E-5;27,59;3,58;3,94E-9;896,42
780,300;-3,140E-5;27,57;3,56;9,86E-10;896,42
780,400;-6,281E-5;27,58;3,57;3,94E-9;896,42
780,500;-3,140E-5;27,57;3,56;9,86E-10;896,42
780,600;-1,256E-4;27,58;3,57;1,58E-8;896,42
780,700;-3,140E-5;27,58;3,57;9,86E-10;896,42
780,800;-6,281E-5;27,56;3,55;3,94E-9;896,42
780,900;-1,256E-4;27,57;3,56;1,58E-8;896,42
781,000;-1,256E-4;27,58;3,57;1,58E-8;896,42
781,100;-3,140E-5;27,60;3,59;9,86E-10;896,42
781,200;-6,281E-5;27,58;3,57;3,94E-9;896,42
781,300;-3,140E-5;27,59;3,58;9,86E-10;896,42
781,400;-3,140E-5;27,59;3,58;9,86E-10;896,42
781,500;-3,140E-5;27,58;3,57;9,86E-10;896,42
781,600;-6,281E-5;27,59;3,58;3,94E-9;896,42
781,700;-9,421E-5;27,57;3,56;8,88E-9;896,42
781,800;-6,281E-5;27,58;3,57;3,94E-9;896,42
781,900;-6,281E-5;27,61;3,60;3,94E-9;896,42
782,000;-3,140E-5;27,58;3,57;9,86E-10;896,42
782,100;-9,421E-5;27,58;3,57;8,88E-9;896,42
782,200;-1,256E-4;27,59;3,58;1,58E-8;896,42
782,300;-6,281E-5;27,57;3,56;3,94E-9;896,42
782,400;-3,140E-5;27,57;3,56;9,86E-10;896,42
782,500;-9,421E-5;27,59;3,58;8,88E-9;896,42
782,600;-6,281E-5;27,61;3,60;3,94E-9;896,42
782,700;-9,421E-5;27,59;3,58;8,88E-9;896,42
782,800;-9,421E-5;27,60;3,59;8,88E-9;896,42
782,900;-6,281E-5;27,60;3,59;3,94E-9;896,42
783,000;-9,421E-5;27,58;3,57;8,88E-9;896,42
783,100;-9,421E-5;27,59;3,58;8,88E-9;896,42
783,200;-3,140E-5;27,60;3,59;9,86E-10;896,42
783,300;0,000;27,61;3,60;0,00;896,42
783,400;-6,281E-5;27,59;3,58;3,94E-9;896,42
783,500;-3,140E-5;27,61;3,60;9,86E-10;896,42
783,600;-6,281E-5;27,59;3,58;3,94E-9;896,42
783,700;-1,256E-4;27,61;3,60;1,58E-8;896,42
783,800;-6,281E-5;27,60;3,59;3,94E-9;896,42
783,900;-6,281E-5;27,58;3,57;3,94E-9;896,42
784,000;-1,256E-4;27,59;3,58;1,58E-8;896,42
784,100;-6,281E-5;27,59;3,58;3,94E-9;896,42
784,200;-6,281E-5;27,60;3,59;3,94E-9;896,42
784,300;-1,256E-4;27,60;3,59;1,58E-8;896,42
784,400;-1,256E-4;27,60;3,59;1,58E-8;896,42
784,500;-9,421E-5;27,58;3,57;8,88E-9;896,42
784,600;-1,256E-4;27,59;3,58;1,58E-8;896,42
784,700;-6,281E-5;27,61;3,60;3,94E-9;896,42
784,800;-6,281E-5;27,59;3,58;3,94E-9;896,42
784,900;-9,421E-5;27,59;3,58;8,88E-9;896,42
785,000;-6,281E-5;27,62;3,61;3,94E-9;896,42
785,100;-1,570E-4;27,58;3,57;2,47E-8;896,42
785,200;-1,256E-4;27,60;3,59;1,58E-8;896,42
785,300;-9,421E-5;27,60;3,59;8,88E-9;896,42
785,400;-9,421E-5;27,60;3,59;8,88E-9;896,42
785,500;-1,570E-4;27,61;3,60;2,47E-8;896,42
785,600;-9,421E-5;27,59;3,58;8,88E-9;896,42
785,700;-9,421E-5;27,61;3,60;8,88E-9;896,42
785,800;-1,256E-4;27,61;3,60;1,58E-8;896,42
785,900;-1,570E-4;27,62;3,61;2,47E-8;896,42
786,000;-1,570E-4;27,61;3,60;2,47E-8;896,42
786,100;-1,570E-4;27,59;3,58;2,47E-8;896,42
786,200;-9,421E-5;27,61;3,60;8,88E-9;896,42
786,300;-9,421E-5;27,59;3,58;8,88E-9;896,42
786,400;-9,421E-5;27,61;3,60;8,88E-9;896,42
786,500;-1,256E-4;27,61;3,60;1,58E-8;896,42
786,600;-1,570E-4;27,60;3,59;2,47E-8;896,42
786,700;-1,570E-4;27,60;3,59;2,47E-8;896,42
786,800;-9,421E-5;27,61;3,60;8,88E-9;896,42
786,900;-6,281E-5;27,62;3,61;3,94E-9;896,42
787,000;-6,281E-5;27,61;3,60;3,94E-9;896,42
787,100;-6,281E-5;27,61;3,60;3,94E-9;896,42
787,200;-3,140E-5;27,58;3,57;9,86E-10;896,42
787,300;-9,421E-5;27,60;3,59;8,88E-9;896,42
787,400;-9,421E-5;27,64;3,63;8,88E-9;896,42
787,500;-9,421E-5;27,61;3,60;8,88E-9;896,42
787,600;-6,281E-5;27,59;3,58;3,94E-9;896,42
787,700;-6,281E-5;27,62;3,61;3,94E-9;896,42
787,800;-3,140E-5;27,61;3,60;9,86E-10;896,42
787,900;-1,256E-4;27,61;3,60;1,58E-8;896,42
788,000;-6,281E-5;27,61;3,60;3,94E-9;896,42
788,100;-1,256E-4;27,61;3,60;1,58E-8;896,42
788,200;-6,281E-5;27,62;3,61;3,94E-9;896,42
788,300;-9,421E-5;27,62;3,61;8,88E-9;896,42
788,400;-6,281E-5;27,61;3,60;3,94E-9;896,42
788,500;-3,140E-5;27,61;3,60;9,86E-10;896,42
788,600;-3,140E-5;27,60;3,59;9,86E-10;896,42
788,700;-3,140E-5;27,60;3,59;9,86E-10;896,42
788,800;-9,421E-5;27,64;3,63;8,88E-9;896,42
788,900;-9,421E-5;27,62;3,61;8,88E-9;896,42
789,000;-6,281E-5;27,62;3,61;3,94E-9;896,42
789,100;-1,256E-4;27,61;3,60;1,58E-8;896,42
789,200;-9,421E-5;27,62;3,61;8,88E-9;896,42
789,300;-9,421E-5;27,60;3,59;8,88E-9;896,42
789,400;-9,421E-5;27,62;3,61;8,88E-9;896,42
789,500;-6,281E-5;27,61;3,60;3,94E-9;896,42
789,600;-3,140E-5;27,61;3,60;9,86E-10;896,42
789,700;-6,281E-5;27,61;3,60;3,94E-9;896,42
789,800;-6,281E-5;27,62;3,61;3,94E-9;896,42
789,900;-6,281E-5;27,62;3,61;3,94E-9;896,42
790,000;-9,421E-5;27,60;3,59;8,88E-9;896,42
790,100;-9,421E-5;27,62;3,61;8,88E-9;896,42
790,200;-6,281E-5;27,62;3,61;3,94E-9;896,42
790,300;-3,140E-5;27,64;3,63;9,86E-10;896,42
790,400;-9,421E-5;27,64;3,63;8,88E-9;896,42
790,500;-3,140E-5;27,62;3,61;9,86E-10;896,42
790,600;-3,140E-5;27,64;3,63;9,86E-10;896,42
790,700;-6,281E-5;27,61;3,60;3,94E-9;896,42
790,800;-6,281E-5;27,64;3,63;3,94E-9;896,42
790,900;-3,140E-5;27,61;3,60;9,86E-10;896,42
791,000;-9,421E-5;27,64;3,63;8,88E-9;896,42
791,100;-6,281E-5;27,61;3,60;3,94E-9;896,42
791,200;-3,140E-5;27,62;3,61;9,86E-10;896,42
791,300;-6,281E-5;27,62;3,61;3,94E-9;896,42
791,400;-9,421E-5;27,64;3,63;8,88E-9;896,42
791,500;-6,281E-5;27,61;3,60;3,94E-9;896,42
791,600;3,140E-5;27,64;3,63;9,86E-10;896,42
791,700;-6,281E-5;27,64;3,63;3,94E-9;896,42
791,800;-6,281E-5;27,61;3,60;3,94E-9;896,42
791,900;-3,140E-5;27,64;3,63;9,86E-10;896,42
792,000;-9,421E-5;27,64;3,63;8,88E-9;896,42
792,100;-1,256E-4;27,62;3,61;1,58E-8;896,42
792,200;-9,421E-5;27,64;3,63;8,88E-9;896,42
792,300;-3,140E-5;27,62;3,61;9,86E-10;896,42
792,400;-6,281E-5;27,64;3,63;3,94E-9;896,42
792,500;-6,281E-5;27,65;3,64;3,94E-9;896,42
792,600;-3,140E-5;27,62;3,61;9,86E-10;896,42
792,700;-6,281E-5;27,62;3,61;3,94E-9;896,42
792,800;0,000;27,64;3,63;0,00;896,42
792,900;0,000;27,64;3,63;0,00;896,42
793,000;0,000;27,62;3,61;0,00;896,42
793,100;-6,281E-5;27,65;3,64;3,94E-9;896,42
793,200;0,000;27,64;3,63;0,00;896,42
793,300;-6,281E-5;27,64;3,63;3,94E-9;896,42
793,400;-6,281E-5;27,64;3,63;3,94E-9;896,42
793,500;-9,421E-5;27,62;3,61;8,88E-9;896,42
793,600;-6,281E-5;27,66;3,65;3,94E-9;896,42
793,700;0,000;27,64;3,63;0,00;896,42
793,800;-3,140E-5;27,64;3,63;9,86E-10;896,42
793,900;-6,281E-5;27,64;3,63;3,94E-9;896,42
794,000;-1,256E-4;27,62;3,61;1,58E-8;896,42
794,100;0,000;27,62;3,61;0,00;896,42
794,200;-3,140E-5;27,64;3,63;9,86E-10;896,42
794,300;-6,281E-5;27,64;3,63;3,94E-9;896,42
794,400;-3,140E-5;27,65;3,64;9,86E-10;896,42
794,500;-9,421E-5;27,65;3,64;8,88E-9;896,42
794,600;-6,281E-5;27,62;3,61;3,94E-9;896,42
794,700;-3,140E-5;27,64;3,63;9,86E-10;896,42
794,800;-1,256E-4;27,64;3,63;1,58E-8;896,42
794,900;-6,281E-5;27,64;3,63;3,94E-9;896,42
795,000;-3,140E-5;27,64;3,63;9,86E-10;896,42
795,100;-6,281E-5;27,65;3,64;3,94E-9;896,42
795,200;-6,281E-5;27,64;3,63;3,94E-9;896,42
795,300;-6,281E-5;27,66;3,65;3,94E-9;896,42
795,400;-6,281E-5;27,65;3,64;3,94E-9;896,42
795,500;0,000;27,65;3,64;0,00;896,42
795,600;0,000;27,65;3,64;0,00;896,42
795,700;-3,140E-5;27,64;3,63;9,86E-10;896,42
795,800;-3,140E-5;27,65;3,64;9,86E-10;896,42
795,900;3,140E-5;27,64;3,63;9,86E-10;896,42
796,000;-9,421E-5;27,65;3,64;8,88E-9;896,42
796,100;-3,140E-5;27,65;3,64;9,86E-10;896,42
796,200;-9,421E-5;27,66;3,65;8,88E-9;896,42
796,300;-9,421E-5;27,64;3,63;8,88E-9;896,42
796,400;-9,421E-5;27,64;3,63;8,88E-9;896,42
796,500;-9,421E-5;27,65;3,64;8,88E-9;896,42
796,600;0,000;27,65;3,64;0,00;896,42
796,700;-3,140E-5;27,66;3,65;9,86E-10;896,42
796,800;3,140E-5;27,64;3,63;9,86E-10;896,42
796,900;0,000;27,64;3,63;0,00;896,42
797,000;-3,140E-5;27,67;3,66;9,86E-10;896,42
797,100;0,000;27,66;3,65;0,00;896,42
797,200;-9,421E-5;27,66;3,65;8,88E-9;896,42
797,300;-3,140E-5;27,66;3,65;9,86E-10;896,42
797,400;3,140E-5;27,64;3,63;9,86E-10;896,42
797,500;3,140E-5;27,65;3,64;9,86E-10;896,42
797,600;0,000;27,64;3,63;0,00;896,42
797,700;0,000;27,65;3,64;0,00;896,42
797,800;-3,140E-5;27,67;3,66;9,86E-10;896,42
797,900;-6,281E-5;27,64;3,63;3,94E-9;896,42
798,000;0,000;27,65;3,64;0,00;896,42
798,100;-9,421E-5;27,65;3,64;8,88E-9;896,42
798,200;0,000;27,64;3,63;0,00;896,42
798,300;-3,140E-5;27,66;3,65;9,86E-10;896,42
798,400;-6,281E-5;27,67;3,66;3,94E-9;896,42
798,500;0,000;27,64;3,63;0,00;896,42
798,600;0,000;27,66;3,65;0,00;896,42
798,700;-9,421E-5;27,67;3,66;8,88E-9;896,42
798,800;-6,281E-5;27,66;3,65;3,94E-9;896,42
798,900;-3,140E-5;27,67;3,66;9,86E-10;896,42
799,000;-3,140E-5;27,66;3,65;9,86E-10;896,42
799,100;0,000;27,66;3,65;0,00;896,42
799,200;-3,140E-5;27,65;3,64;9,86E-10;896,42
799,300;-6,281E-5;27,67;3,66;3,94E-9;896,42
799,400;-3,140E-5;27,65;3,64;9,86E-10;896,42
799,500;3,140E-5;27,66;3,65;9,86E-10;896,42
799,600;-3,140E-5;27,65;3,64;9,86E-10;896,42
799,700;0,000;27,67;3,66;0,00;896,42
799,800;0,000;27,66;3,65;0,00;896,42
799,900;0,000;27,67;3,66;0,00;896,42
800,000;-6,281E-5;27,65;3,64;3,94E-9;896,42
800,100;-6,281E-5;27,64;3,63;3,94E-9;896,42
800,200;-3,140E-5;27,66;3,65;9,86E-10;896,42
800,300;-3,140E-5;27,66;3,65;9,86E-10;896,42
800,400;-3,140E-5;27,68;3,67;9,86E-10;896,42
800,500;-9,421E-5;27,65;3,64;8,88E-9;896,42
800,600;-6,281E-5;27,66;3,65;3,94E-9;896,42
800,700;-6,281E-5;27,67;3,66;3,94E-9;896,42
800,800;-9,421E-5;27,66;3,65;8,88E-9;896,42
800,900;-3,140E-5;27,67;3,66;9,86E-10;896,42
801,000;-9,421E-5;27,66;3,65;8,88E-9;896,42
801,100;-9,421E-5;27,64;3,63;8,88E-9;896,42
801,200;-9,421E-5;27,65;3,64;8,88E-9;896,42
801,300;-6,281E-5;27,66;3,65;3,94E-9;896,42
801,400;-9,421E-5;27,66;3,65;8,88E-9;896,42
801,500;-3,140E-5;27,67;3,66;9,86E-10;896,42
801,600;-3,140E-5;27,66;3,65;9,86E-10;896,42
801,700;-9,421E-5;27,65;3,64;8,88E-9;896,42
801,800;-6,281E-5;27,67;3,66;3,94E-9;896,42
801,900;-6,281E-5;27,66;3,65;3,94E-9;896,42
802,000;-1,570E-4;27,67;3,66;2,47E-8;896,42
802,100;-3,140E-5;27,66;3,65;9,86E-10;896,42
802,200;-6,281E-5;27,67;3,66;3,94E-9;896,42
802,300;-1,256E-4;27,67;3,66;1,58E-8;896,42
802,400;-9,421E-5;27,68;3,67;8,88E-9;896,42
802,500;-9,421E-5;27,65;3,64;8,88E-9;896,42
802,600;-9,421E-5;27,67;3,66;8,88E-9;896,42
802,700;-1,256E-4;27,67;3,66;1,58E-8;896,42
802,800;-9,421E-5;27,67;3,66;8,88E-9;896,42
802,900;-9,421E-5;27,67;3,66;8,88E-9;896,42
803,000;-6,281E-5;27,67;3,66;3,94E-9;896,42
803,100;-9,421E-5;27,67;3,66;8,88E-9;896,42
803,200;-1,256E-4;27,65;3,64;1,58E-8;896,42
803,300;-9,421E-5;27,68;3,67;8,88E-9;896,42
803,400;-9,421E-5;27,67;3,66;8,88E-9;896,42
803,500;-9,421E-5;27,66;3,65;8,88E-9;896,42
803,600;-9,421E-5;27,68;3,67;8,88E-9;896,42
803,700;-3,140E-5;27,69;3,68;9,86E-10;896,42
803,800;-3,140E-5;27,67;3,66;9,86E-10;896,42
803,900;-6,281E-5;27,67;3,66;3,94E-9;896,42
804,000;-9,421E-5;27,70;3,69;8,88E-9;896,42
804,100;-3,140E-5;27,69;3,68;9,86E-10;896,42
804,200;-3,140E-5;27,66;3,65;9,86E-10;896,42
804,300;-9,421E-5;27,69;3,68;8,88E-9;896,42
804,400;-6,281E-5;27,67;3,66;3,94E-9;896,42
804,500;-6,281E-5;27,68;3,67;3,94E-9;896,42
804,600;-6,281E-5;27,67;3,66;3,94E-9;896,42
804,700;-6,281E-5;27,68;3,67;3,94E-9;896,42
804,800;-6,281E-5;27,69;3,68;3,94E-9;896,42
804,900;-9,421E-5;27,68;3,67;8,88E-9;896,42
805,000;-1,256E-4;27,68;3,67;1,58E-8;896,42
805,100;-9,421E-5;27,66;3,65;8,88E-9;896,42
805,200;-6,281E-5;27,66;3,65;3,94E-9;896,42
805,300;-1,256E-4;27,69;3,68;1,58E-8;896,42
805,400;-9,421E-5;27,68;3,67;8,88E-9;896,42
805,500;-6,281E-5;27,67;3,66;3,94E-9;896,42
805,600;0,000;27,67;3,66;0,00;896,42
805,700;0,000;27,68;3,67;0,00;896,42
805,800;-3,140E-5;27,69;3,68;9,86E-10;896,42
805,900;-3,140E-5;27,68;3,67;9,86E-10;896,42
806,000;0,000;27,67;3,66;0,00;896,42
806,100;-3,140E-5;27,68;3,67;9,86E-10;896,42
806,200;0,000;27,67;3,66;0,00;896,42
806,300;-6,281E-5;27,66;3,65;3,94E-9;896,42
806,400;-6,281E-5;27,68;3,67;3,94E-9;896,42
806,500;-1,256E-4;27,68;3,67;1,58E-8;896,42
806,600;-6,281E-5;27,69;3,68;3,94E-9;896,42
806,700;-3,140E-5;27,68;3,67;9,86E-10;896,42
806,800;-6,281E-5;27,69;3,68;3,94E-9;896,42
806,900;-9,421E-5;27,67;3,66;8,88E-9;896,42
807,000;-6,281E-5;27,67;3,66;3,94E-9;896,42
807,100;-3,140E-5;27,68;3,67;9,86E-10;896,42
807,200;-9,421E-5;27,66;3,65;8,88E-9;896,42
807,300;-1,256E-4;27,67;3,66;1,58E-8;896,42
807,400;-9,421E-5;27,68;3,67;8,88E-9;896,42
807,500;0,000;27,68;3,67;0,00;896,42
807,600;-6,281E-5;27,68;3,67;3,94E-9;896,42
807,700;-9,421E-5;27,69;3,68;8,88E-9;896,42
807,800;-9,421E-5;27,68;3,67;8,88E-9;896,42
807,900;-3,140E-5;27,67;3,66;9,86E-10;896,42
808,000;-9,421E-5;27,69;3,68;8,88E-9;896,42
808,100;-6,281E-5;27,67;3,66;3,94E-9;896,42
808,200;0,000;27,68;3,67;0,00;896,42
808,300;-9,421E-5;27,68;3,67;8,88E-9;896,42
808,400;0,000;27,67;3,66;0,00;896,42
808,500;0,000;27,69;3,68;0,00;896,42
808,600;-6,281E-5;27,68;3,67;3,94E-9;896,42
808,700;0,000;27,68;3,67;0,00;896,42
808,800;-3,140E-5;27,68;3,67;9,86E-10;896,42
808,900;-6,281E-5;27,69;3,68;3,94E-9;896,42
809,000;-3,140E-5;27,68;3,67;9,86E-10;896,42
809,100;-3,140E-5;27,69;3,68;9,86E-10;896,42
809,200;-9,421E-5;27,67;3,66;8,88E-9;896,42
809,300;-6,281E-5;27,69;3,68;3,94E-9;896,42
809,400;-6,281E-5;27,70;3,69;3,94E-9;896,42
809,500;-3,140E-5;27,67;3,66;9,86E-10;896,42
809,600;-3,140E-5;27,69;3,68;9,86E-10;896,42
809,700;-6,281E-5;27,69;3,68;3,94E-9;896,42
809,800;-9,421E-5;27,69;3,68;8,88E-9;896,42
809,900;-6,281E-5;27,69;3,68;3,94E-9;896,42
810,000;-6,281E-5;27,69;3,68;3,94E-9;896,42
810,100;-1,570E-4;27,68;3,67;2,47E-8;896,42
810,200;-9,421E-5;27,71;3,70;8,88E-9;896,42
810,300;-6,281E-5;27,69;3,68;3,94E-9;896,42
810,400;-1,256E-4;27,69;3,68;1,58E-8;896,42
810,500;-9,421E-5;27,68;3,67;8,88E-9;896,42
810,600;-9,421E-5;27,68;3,67;8,88E-9;896,42
810,700;-6,281E-5;27,70;3,69;3,94E-9;896,42
810,800;-1,256E-4;27,68;3,67;1,58E-8;896,42
810,900;-6,281E-5;27,69;3,68;3,94E-9;896,42
811,000;-3,140E-5;27,67;3,66;9,86E-10;896,42
811,100;-6,281E-5;27,69;3,68;3,94E-9;896,42
811,200;-9,421E-5;27,69;3,68;8,88E-9;896,42
811,300;-1,256E-4;27,68;3,67;1,58E-8;896,42
811,400;-1,256E-4;27,68;3,67;1,58E-8;896,42
811,500;-3,140E-5;27,69;3,68;9,86E-10;896,42
811,600;-1,256E-4;27,69;3,68;1,58E-8;896,42
811,700;-1,256E-4;27,70;3,69;1,58E-8;896,42
811,800;-3,140E-5;27,69;3,68;9,86E-10;896,42
811,900;-1,256E-4;27,69;3,68;1,58E-8;896,42
812,000;-9,421E-5;27,70;3,69;8,88E-9;896,42
812,100;-6,281E-5;27,70;3,69;3,94E-9;896,42
812,200;-1,256E-4;27,69;3,68;1,58E-8;896,42
812,300;-6,281E-5;27,69;3,68;3,94E-9;896,42
812,400;-9,421E-5;27,69;3,68;8,88E-9;896,42
812,500;-1,570E-4;27,70;3,69;2,47E-8;896,42
812,600;-9,421E-5;27,68;3,67;8,88E-9;896,42
812,700;-1,256E-4;27,69;3,68;1,58E-8;896,42
812,800;-9,421E-5;27,69;3,68;8,88E-9;896,42
812,900;0,000;27,69;3,68;0,00;896,42
813,000;0,000;27,69;3,68;0,00;896,42
813,100;-6,281E-5;27,70;3,69;3,94E-9;896,42
813,200;-3,140E-5;27,71;3,70;9,86E-10;896,42
813,300;-6,281E-5;27,69;3,68;3,94E-9;896,42
813,400;0,000;27,70;3,69;0,00;896,42
813,500;-3,140E-5;27,69;3,68;9,86E-10;896,42
813,600;-3,140E-5;27,70;3,69;9,86E-10;896,42
813,700;-6,281E-5;27,69;3,68;3,94E-9;896,42
813,800;-6,281E-5;27,68;3,67;3,94E-9;896,42
813,900;-3,140E-5;27,69;3,68;9,86E-10;896,42
814,000;-3,140E-5;27,71;3,70;9,86E-10;896,42
814,100;0,000;27,69;3,68;0,00;896,42
814,200;-6,281E-5;27,69;3,68;3,94E-9;896,42
814,300;-9,421E-5;27,69;3,68;8,88E-9;896,42
814,400;-6,281E-5;27,70;3,69;3,94E-9;896,42
814,500;-1,256E-4;27,70;3,69;1,58E-8;896,42
814,600;-9,421E-5;27,70;3,69;8,88E-9;896,42
814,700;-9,421E-5;27,70;3,69;8,88E-9;896,42
814,800;0,000;27,69;3,68;0,00;896,42
814,900;-6,281E-5;27,69;3,68;3,94E-9;896,42
815,000;-6,281E-5;27,71;3,70;3,94E-9;896,42
815,100;-3,140E-5;27,69;3,68;9,86E-10;896,42
815,200;-6,281E-5;27,70;3,69;3,94E-9;896,42
815,300;-3,140E-5;27,69;3,68;9,86E-10;896,42
815,400;-6,281E-5;27,69;3,68;3,94E-9;896,42
815,500;-1,256E-4;27,68;3,67;1,58E-8;896,42
815,600;-1,256E-4;27,70;3,69;1,58E-8;896,42
815,700;-6,281E-5;27,71;3,70;3,94E-9;896,42
815,800;-6,281E-5;27,69;3,68;3,94E-9;896,42
815,900;-3,140E-5;27,69;3,68;9,86E-10;896,42
816,000;-3,140E-5;27,69;3,68;9,86E-10;896,42
816,100;-9,421E-5;27,69;3,68;8,88E-9;896,42
816,200;-6,281E-5;27,69;3,68;3,94E-9;896,42
816,300;-3,140E-5;27,69;3,68;9,86E-10;896,42
816,400;-9,421E-5;27,71;3,70;8,88E-9;896,42
816,500;-9,421E-5;27,70;3,69;8,88E-9;896,42
816,600;-3,140E-5;27,71;3,70;9,86E-10;896,42
816,700;-9,421E-5;27,70;3,69;8,88E-9;896,42
816,800;-3,140E-5;27,70;3,69;9,86E-10;896,42
816,900;-6,281E-5;27,70;3,69;3,94E-9;896,42
817,000;-6,281E-5;27,72;3,71;3,94E-9;896,42
817,100;3,140E-5;27,68;3,67;9,86E-10;896,42
817,200;-3,140E-5;27,70;3,69;9,86E-10;896,42
817,300;-6,281E-5;27,69;3,68;3,94E-9;896,42
817,400;3,140E-5;27,69;3,68;9,86E-10;896,42
817,500;0,000;27,70;3,69;0,00;896,42
817,600;-3,140E-5;27,69;3,68;9,86E-10;896,42
817,700;3,140E-5;27,72;3,71;9,86E-10;896,42
817,800;-3,140E-5;27,70;3,69;9,86E-10;896,42
817,900;-3,140E-5;27,71;3,70;9,86E-10;896,42
818,000;0,000;27,70;3,69;0,00;896,42
818,100;-3,140E-5;27,71;3,70;9,86E-10;896,42
818,200;-6,281E-5;27,71;3,70;3,94E-9;896,42
818,300;-3,140E-5;27,70;3,69;9,86E-10;896,42
818,400;-6,281E-5;27,68;3,67;3,94E-9;896,42
818,500;-9,421E-5;27,71;3,70;8,88E-9;896,42
818,600;-3,140E-5;27,70;3,69;9,86E-10;896,42
818,700;0,000;27,69;3,68;0,00;896,42
818,800;-3,140E-5;27,72;3,71;9,86E-10;896,42
818,900;-3,140E-5;27,70;3,69;9,86E-10;896,42
819,000;-6,281E-5;27,69;3,68;3,94E-9;896,42
819,100;-9,421E-5;27,70;3,69;8,88E-9;896,42
819,200;-6,281E-5;27,69;3,68;3,94E-9;896,42
819,300;0,000;27,72;3,71;0,00;896,42
819,400;-1,256E-4;27,72;3,71;1,58E-8;896,42
819,500;-6,281E-5;27,70;3,69;3,94E-9;896,42
819,600;0,000;27,72;3,71;0,00;896,42
819,700;-6,281E-5;27,71;3,70;3,94E-9;896,42
819,800;-6,281E-5;27,70;3,69;3,94E-9;896,42
819,900;-3,140E-5;27,71;3,70;9,86E-10;896,42
820,000;-3,140E-5;27,69;3,68;9,86E-10;896,42
820,100;0,000;27,70;3,69;0,00;896,42
820,200;-3,140E-5;27,71;3,70;9,86E-10;896,42
820,300;-1,256E-4;27,71;3,70;1,58E-8;896,42
820,400;-6,281E-5;27,70;3,69;3,94E-9;896,42
820,500;-6,281E-5;27,71;3,70;3,94E-9;896,42
820,600;-1,256E-4;27,70;3,69;1,58E-8;896,42
820,700;-3,140E-5;27,70;3,69;9,86E-10;896,42
820,800;0,000;27,69;3,68;0,00;896,42
820,900;-9,421E-5;27,69;3,68;8,88E-9;896,42
821,000;-6,281E-5;27,70;3,69;3,94E-9;896,42
821,100;-3,140E-5;27,71;3,70;9,86E-10;896,42
821,200;-6,281E-5;27,70;3,69;3,94E-9;896,42
821,300;-3,140E-5;27,72;3,71;9,86E-10;896,42
821,400;-3,140E-5;27,71;3,70;9,86E-10;896,42
821,500;-9,421E-5;27,72;3,71;8,88E-9;896,42
821,600;0,000;27,71;3,70;0,00;896,42
821,700;-6,281E-5;27,69;3,68;3,94E-9;896,42
821,800;-6,281E-5;27,72;3,71;3,94E-9;896,42
821,900;0,000;27,72;3,71;0,00;896,42
822,000;-3,140E-5;27,72;3,71;9,86E-10;896,42
822,100;-9,421E-5;27,72;3,71;8,88E-9;896,42
822,200;0,000;27,72;3,71;0,00;896,42
822,300;0,000;27,72;3,71;0,00;896,42
822,400;-6,281E-5;27,72;3,71;3,94E-9;896,42
822,500;3,140E-5;27,71;3,70;9,86E-10;896,42
822,600;-3,140E-5;27,71;3,70;9,86E-10;896,42
822,700;-3,140E-5;27,69;3,68;9,86E-10;896,42
822,800;0,000;27,71;3,70;0,00;896,42
822,900;-3,140E-5;27,72;3,71;9,86E-10;896,42
823,000;-6,281E-5;27,72;3,71;3,94E-9;896,42
823,100;-3,140E-5;27,71;3,70;9,86E-10;896,42
823,200;0,000;27,71;3,70;0,00;896,42
823,300;-6,281E-5;27,71;3,70;3,94E-9;896,42
823,400;-3,140E-5;27,72;3,71;9,86E-10;896,42
823,500;-3,140E-5;27,71;3,70;9,86E-10;896,42
823,600;-9,421E-5;27,70;3,69;8,88E-9;896,42
823,700;-3,140E-5;27,71;3,70;9,86E-10;896,42
823,800;-3,140E-5;27,72;3,71;9,86E-10;896,42
823,900;-6,281E-5;27,72;3,71;3,94E-9;896,42
824,000;0,000;27,72;3,71;0,00;896,42
824,100;-3,140E-5;27,72;3,71;9,86E-10;896,42
824,200;-6,281E-5;27,73;3,72;3,94E-9;896,42
824,300;-3,140E-5;27,71;3,70;9,86E-10;896,42
824,400;-3,140E-5;27,71;3,70;9,86E-10;896,42
824,500;-9,421E-5;27,70;3,69;8,88E-9;896,42
824,600;-3,140E-5;27,73;3,72;9,86E-10;896,42
824,700;-3,140E-5;27,70;3,69;9,86E-10;896,42
824,800;-3,140E-5;27,72;3,71;9,86E-10;896,42
824,900;0,000;27,73;3,72;0,00;896,42
825,000;3,140E-5;27,71;3,70;9,86E-10;896,42
825,100;-9,421E-5;27,71;3,70;8,88E-9;896,42
825,200;-3,140E-5;27,71;3,70;9,86E-10;896,42
825,300;-3,140E-5;27,71;3,70;9,86E-10;896,42
825,400;-9,421E-5;27,72;3,71;8,88E-9;896,42
825,500;-3,140E-5;27,72;3,71;9,86E-10;896,42
825,600;-6,281E-5;27,71;3,70;3,94E-9;896,42
