"Time (s) Run #1";"Voltage, Ch A (V) Run #1";"Voltage, Ch B (V) Run #1";"V₀ (m³) Run #1";"V (cm³) Run #1";"p (kPa) Run #1";"XV (units) Run #1";"Yp (units) Run #1"
0,000;4,302;1,025;2,22E-4;221,89;102,46;0,00;0,00
0,001;4,301;1,024;2,22E-4;221,87;102,43;2,99E-5;-9,31E-5
0,002;4,303;1,026;2,22E-4;221,92;102,60;-6,98E-5;6,20E-4
0,003;4,301;1,025;2,22E-4;221,87;102,47;2,76E-5;6,21E-5
0,004;4,302;1,025;2,22E-4;221,89;102,51;-9,20E-6;2,33E-4
0,005;4,304;1,027;2,22E-4;221,96;102,68;-1,45E-4;9,72E-4
0,006;4,303;1,026;2,22E-4;221,93;102,61;-8,82E-5;6,62E-4
0,007;4,302;1,025;2,22E-4;221,90;102,53;-3,60E-5;3,10E-4
0,008;4,302;1,025;2,22E-4;221,91;102,52;-3,83E-5;2,69E-4
0,009;4,303;1,026;2,22E-4;221,93;102,60;-9,05E-5;6,31E-4
0,010;4,302;1,025;2,22E-4;221,90;102,55;-3,68E-5;3,83E-4
0,011;4,304;1,026;2,22E-4;221,95;102,64;-1,17E-4;7,65E-4
0,012;4,303;1,026;2,22E-4;221,92;102,58;-7,21E-5;5,48E-4
0,013;4,303;1,025;2,22E-4;221,93;102,52;-7,67E-5;2,95E-4
0,014;4,302;1,026;2,22E-4;221,91;102,56;-4,06E-5;4,55E-4
0,015;4,304;1,027;2,22E-4;221,96;102,69;-1,49E-4;9,92E-4
0,016;4,303;1,025;2,22E-4;221,92;102,54;-7,13E-5;3,62E-4
0,017;4,303;1,026;2,22E-4;221,93;102,55;-7,67E-5;4,19E-4
0,018;4,302;1,025;2,22E-4;221,89;102,45;-1,76E-5;-1,03E-5
0,019;4,303;1,026;2,22E-4;221,94;102,63;-1,05E-4;7,29E-4
0,020;4,304;1,026;2,22E-4;221,95;102,62;-1,28E-4;7,08E-4
0,021;4,304;1,026;2,22E-4;221,95;102,62;-1,17E-4;6,93E-4
0,022;4,302;1,025;2,22E-4;221,90;102,50;-2,30E-5;1,81E-4
0,023;4,304;1,027;2,22E-4;221,95;102,65;-1,17E-4;8,27E-4
0,024;4,303;1,025;2,22E-4;221,91;102,53;-5,06E-5;3,26E-4
0,025;4,303;1,026;2,22E-4;221,92;102,57;-7,36E-5;4,71E-4
0,026;4,303;1,026;2,22E-4;221,94;102,61;-1,01E-4;6,36E-4
0,027;4,303;1,025;2,22E-4;221,91;102,54;-5,06E-5;3,72E-4
0,028;4,302;1,025;2,22E-4;221,91;102,49;-4,06E-5;1,66E-4
0,029;4,304;1,027;2,22E-4;221,96;102,68;-1,50E-4;9,36E-4
0,030;4,304;1,026;2,22E-4;221,94;102,60;-1,10E-4;6,10E-4
0,031;4,304;1,027;2,22E-4;221,95;102,67;-1,33E-4;9,10E-4
0,032;4,303;1,025;2,22E-4;221,92;102,53;-5,83E-5;3,21E-4
0,033;4,303;1,026;2,22E-4;221,92;102,56;-6,37E-5;4,29E-4
0,034;4,304;1,027;2,22E-4;221,96;102,67;-1,47E-4;8,99E-4
0,035;4,304;1,027;2,22E-4;221,97;102,71;-1,59E-4;0,00
0,036;4,304;1,027;2,22E-4;221,95;102,65;-1,30E-4;8,43E-4
0,037;4,303;1,026;2,22E-4;221,93;102,59;-9,20E-5;5,89E-4
0,038;4,304;1,027;2,22E-4;221,97;102,69;-1,63E-4;9,87E-4
0,039;4,304;1,027;2,22E-4;221,97;102,71;-1,65E-4;0,00
0,040;4,303;1,026;2,22E-4;221,93;102,59;-9,05E-5;5,53E-4
0,041;4,302;1,024;2,22E-4;221,88;102,44;1,07E-5;-5,69E-5
0,042;4,304;1,027;2,22E-4;221,96;102,67;-1,40E-4;8,99E-4
0,043;4,303;1,026;2,22E-4;221,93;102,56;-8,59E-5;4,45E-4
0,044;4,303;1,026;2,22E-4;221,92;102,56;-6,90E-5;4,50E-4
0,045;4,301;1,024;2,22E-4;221,87;102,41;2,84E-5;-1,97E-4
0,046;4,302;1,025;2,22E-4;221,88;102,46;2,30E-6;1,03E-5
0,047;4,301;1,024;2,22E-4;221,87;102,41;2,15E-5;-1,97E-4
0,048;4,304;1,026;2,22E-4;221,94;102,60;-1,11E-4;6,20E-4
0,049;4,303;1,026;2,22E-4;221,94;102,62;-1,07E-4;6,93E-4
0,050;4,304;1,027;2,22E-4;221,97;102,70;-1,71E-4;0,00
0,051;4,304;1,027;2,22E-4;221,97;102,68;-1,64E-4;9,72E-4
0,052;4,304;1,026;2,22E-4;221,95;102,64;-1,35E-4;7,86E-4
0,053;4,303;1,026;2,22E-4;221,93;102,56;-8,21E-5;4,29E-4
0,054;4,303;1,026;2,22E-4;221,93;102,57;-9,13E-5;4,65E-4
0,055;4,304;1,027;2,22E-4;221,95;102,66;-1,30E-4;8,79E-4
0,056;4,304;1,026;2,22E-4;221,94;102,64;-1,14E-4;7,96E-4
0,057;4,304;1,027;2,22E-4;221,95;102,69;-1,35E-4;9,92E-4
0,058;4,304;1,027;2,22E-4;221,95;102,67;-1,24E-4;9,05E-4
0,059;4,303;1,026;2,22E-4;221,93;102,59;-9,43E-5;5,84E-4
0,060;4,303;1,025;2,22E-4;221,91;102,55;-5,06E-5;3,98E-4
0,061;4,304;1,026;2,22E-4;221,95;102,65;-1,25E-4;8,06E-4
0,062;4,304;1,026;2,22E-4;221,95;102,59;-1,17E-4;5,64E-4
0,063;4,303;1,026;2,22E-4;221,93;102,60;-9,51E-5;6,10E-4
0,064;4,303;1,026;2,22E-4;221,92;102,58;-7,21E-5;5,12E-4
0,065;4,303;1,025;2,22E-4;221,91;102,55;-5,29E-5;3,83E-4
0,066;4,303;1,026;2,22E-4;221,92;102,57;-7,29E-5;4,96E-4
0,067;4,303;1,026;2,22E-4;221,93;102,60;-9,43E-5;6,15E-4
0,068;4,303;1,026;2,22E-4;221,93;102,56;-8,74E-5;4,40E-4
0,069;4,302;1,025;2,22E-4;221,91;102,54;-4,75E-5;3,67E-4
0,070;4,303;1,026;2,22E-4;221,93;102,59;-8,51E-5;5,79E-4
0,071;4,303;1,026;2,22E-4;221,93;102,63;-9,20E-5;7,29E-4
0,072;4,303;1,026;2,22E-4;221,92;102,56;-6,14E-5;4,24E-4
0,073;4,304;1,026;2,22E-4;221,94;102,64;-1,12E-4;7,70E-4
0,074;4,303;1,026;2,22E-4;221,92;102,55;-6,67E-5;4,09E-4
0,075;4,303;1,026;2,22E-4;221,92;102,58;-6,37E-5;5,27E-4
0,076;4,302;1,025;2,22E-4;221,90;102,48;-2,99E-5;1,24E-4
0,077;4,302;1,025;2,22E-4;221,90;102,48;-2,15E-5;1,09E-4
0,078;4,303;1,025;2,22E-4;221,91;102,52;-5,06E-5;2,90E-4
0,079;4,303;1,026;2,22E-4;221,92;102,56;-5,91E-5;4,60E-4
0,080;4,303;1,026;2,22E-4;221,94;102,62;-1,01E-4;6,88E-4
0,081;4,303;1,026;2,22E-4;221,93;102,62;-7,82E-5;7,08E-4
0,082;4,303;1,026;2,22E-4;221,93;102,59;-8,82E-5;5,74E-4
0,083;4,304;1,027;2,22E-4;221,97;102,69;-1,55E-4;0,00
0,084;4,304;1,027;2,22E-4;221,96;102,69;-1,40E-4;9,87E-4
0,085;4,303;1,027;2,22E-4;221,94;102,66;-1,01E-4;8,68E-4
0,086;4,303;1,026;2,22E-4;221,94;102,63;-1,08E-4;7,60E-4
0,087;4,303;1,026;2,22E-4;221,94;102,62;-9,82E-5;6,93E-4
0,088;4,302;1,025;2,22E-4;221,91;102,51;-4,52E-5;2,48E-4
0,089;4,303;1,026;2,22E-4;221,92;102,59;-7,29E-5;5,79E-4
0,090;4,303;1,026;2,22E-4;221,93;102,62;-7,98E-5;6,93E-4
0,091;4,303;1,026;2,22E-4;221,92;102,58;-6,37E-5;5,43E-4
0,092;4,304;1,027;2,22E-4;221,96;102,70;-1,39E-4;0,00
0,093;4,303;1,026;2,22E-4;221,93;102,61;-8,51E-5;6,62E-4
0,094;4,302;1,025;2,22E-4;221,90;102,53;-3,22E-5;3,31E-4
0,095;4,303;1,026;2,22E-4;221,91;102,55;-5,60E-5;4,09E-4
0,096;4,302;1,025;2,22E-4;221,90;102,49;-3,60E-5;1,45E-4
0,097;4,304;1,027;2,22E-4;221,95;102,68;-1,18E-4;9,41E-4
0,098;4,302;1,025;2,22E-4;221,88;102,47;2,30E-6;6,73E-5
0,099;4,302;1,025;2,22E-4;221,89;102,46;-6,14E-6;2,07E-5
0,100;4,302;1,025;2,22E-4;221,91;102,52;-3,99E-5;2,79E-4
0,101;4,303;1,026;2,22E-4;221,93;102,59;-8,97E-5;5,79E-4
0,102;4,304;1,027;2,22E-4;221,95;102,66;-1,21E-4;8,84E-4
0,103;4,303;1,026;2,22E-4;221,94;102,63;-1,03E-4;7,34E-4
0,104;4,302;1,025;2,22E-4;221,90;102,52;-1,99E-5;2,79E-4
0,105;4,302;1,024;2,22E-4;221,88;102,45;1,15E-5;-2,59E-5
0,106;4,303;1,026;2,22E-4;221,93;102,59;-8,28E-5;5,89E-4
0,107;4,302;1,025;2,22E-4;221,91;102,50;-4,06E-5;1,86E-4
0,108;4,303;1,026;2,22E-4;221,92;102,60;-7,59E-5;6,26E-4
0,109;4,302;1,025;2,22E-4;221,91;102,54;-4,60E-5;3,72E-4
0,110;4,303;1,026;2,22E-4;221,92;102,56;-6,37E-5;4,55E-4
0,111;4,303;1,026;2,22E-4;221,94;102,62;-1,04E-4;6,93E-4
0,112;4,303;1,025;2,22E-4;221,92;102,53;-7,06E-5;3,36E-4
0,113;4,303;1,026;2,22E-4;221,92;102,57;-6,29E-5;4,65E-4
0,114;4,303;1,026;2,22E-4;221,93;102,59;-8,36E-5;5,89E-4
0,115;4,303;1,026;2,22E-4;221,92;102,56;-6,37E-5;4,45E-4
0,116;4,304;1,027;2,22E-4;221,96;102,70;-1,45E-4;0,00
0,117;4,303;1,026;2,22E-4;221,94;102,59;-1,03E-4;5,84E-4
0,118;4,302;1,026;2,22E-4;221,91;102,56;-4,75E-5;4,29E-4
0,119;4,303;1,026;2,22E-4;221,94;102,64;-9,97E-5;7,86E-4
0,120;4,302;1,025;2,22E-4;221,90;102,52;-2,53E-5;2,74E-4
0,121;4,303;1,026;2,22E-4;221,93;102,60;-7,67E-5;6,10E-4
0,122;4,302;1,025;2,22E-4;221,89;102,46;-1,15E-5;2,07E-5
0,123;4,302;1,025;2,22E-4;221,90;102,49;-3,07E-5;1,50E-4
0,124;4,303;1,026;2,22E-4;221,93;102,62;-8,13E-5;7,13E-4
0,125;4,303;1,026;2,22E-4;221,92;102,58;-6,29E-5;5,33E-4
0,126;4,304;1,027;2,22E-4;221,95;102,66;-1,16E-4;8,48E-4
0,127;4,303;1,026;2,22E-4;221,94;102,65;-9,82E-5;8,12E-4
0,128;4,303;1,026;2,22E-4;221,94;102,63;-9,66E-5;7,50E-4
0,129;4,304;1,026;2,22E-4;221,95;102,64;-1,19E-4;7,96E-4
0,130;4,303;1,026;2,22E-4;221,93;102,63;-9,51E-5;7,24E-4
0,131;4,302;1,025;2,22E-4;221,90;102,53;-3,53E-5;3,31E-4
0,132;4,302;1,025;2,22E-4;221,89;102,46;0,00;1,55E-5
0,133;4,302;1,025;2,22E-4;221,88;102,46;3,07E-6;2,59E-5
0,134;4,302;1,025;2,22E-4;221,89;102,48;-7,67E-6;8,80E-5
0,135;4,301;1,024;2,22E-4;221,86;102,39;5,91E-5;-2,64E-4
0,136;4,301;1,024;2,22E-4;221,88;102,42;1,99E-5;-1,66E-4
0,137;4,303;1,026;2,22E-4;221,93;102,60;-7,98E-5;6,05E-4
0,138;4,304;1,027;2,22E-4;221,96;102,73;-1,50E-4;0,00
0,139;4,303;1,026;2,22E-4;221,92;102,58;-7,36E-5;5,12E-4
0,140;4,304;1,027;2,22E-4;221,95;102,67;-1,33E-4;8,94E-4
0,141;4,303;1,026;2,22E-4;221,92;102,55;-6,60E-5;4,09E-4
0,142;4,302;1,025;2,22E-4;221,90;102,49;-2,38E-5;1,66E-4
0,143;4,303;1,026;2,22E-4;221,91;102,57;-5,52E-5;5,07E-4
0,144;4,303;1,026;2,22E-4;221,91;102,58;-5,68E-5;5,38E-4
0,145;4,302;1,025;2,22E-4;221,89;102,46;-3,07E-6;4,14E-5
0,146;4,303;1,026;2,22E-4;221,93;102,58;-8,74E-5;5,12E-4
0,147;4,302;1,025;2,22E-4;221,91;102,49;-4,37E-5;1,40E-4
0,148;4,302;1,025;2,22E-4;221,90;102,51;-2,68E-5;2,12E-4
0,149;4,302;1,025;2,22E-4;221,89;102,46;-1,23E-5;3,10E-5
0,150;4,301;1,024;2,22E-4;221,87;102,44;3,14E-5;-4,66E-5
0,151;4,303;1,026;2,22E-4;221,93;102,65;-8,28E-5;8,06E-4
0,152;4,305;1,028;2,22E-4;221,98;102,76;-1,92E-4;0,00
0,153;4,304;1,026;2,22E-4;221,94;102,63;-1,10E-4;7,24E-4
0,154;4,304;1,027;2,22E-4;221,95;102,66;-1,22E-4;8,48E-4
0,155;4,304;1,027;2,22E-4;221,96;102,70;-1,50E-4;0,00
0,156;4,303;1,026;2,22E-4;221,93;102,61;-8,67E-5;6,67E-4
0,157;4,303;1,026;2,22E-4;221,93;102,57;-8,44E-5;4,76E-4
0,158;4,302;1,025;2,22E-4;221,90;102,51;-3,68E-5;2,53E-4
0,159;4,303;1,025;2,22E-4;221,92;102,52;-5,83E-5;2,64E-4
0,160;4,304;1,026;2,22E-4;221,95;102,65;-1,30E-4;8,06E-4
0,161;4,303;1,026;2,22E-4;221,93;102,58;-8,05E-5;5,48E-4
0,162;4,303;1,026;2,22E-4;221,92;102,58;-7,06E-5;5,12E-4
0,163;4,302;1,025;2,22E-4;221,91;102,52;-3,99E-5;2,64E-4
0,164;4,303;1,025;2,22E-4;221,91;102,55;-5,29E-5;3,83E-4
0,165;4,303;1,026;2,22E-4;221,92;102,56;-6,67E-5;4,60E-4
0,166;4,303;1,026;2,22E-4;221,93;102,60;-8,13E-5;6,15E-4
0,167;4,303;1,026;2,22E-4;221,94;102,60;-1,00E-4;6,00E-4
0,168;4,301;1,024;2,22E-4;221,88;102,41;1,53E-5;-1,81E-4
0,169;4,303;1,026;2,22E-4;221,92;102,59;-7,59E-5;5,79E-4
0,170;4,302;1,025;2,22E-4;221,91;102,53;-4,45E-5;3,36E-4
0,171;4,303;1,026;2,22E-4;221,94;102,63;-1,07E-4;7,44E-4
0,172;4,304;1,026;2,22E-4;221,95;102,64;-1,20E-4;7,96E-4
0,173;4,303;1,026;2,22E-4;221,93;102,57;-8,74E-5;4,81E-4
0,174;4,303;1,026;2,22E-4;221,94;102,65;-9,66E-5;8,22E-4
0,175;4,304;1,027;2,22E-4;221,96;102,66;-1,42E-4;8,84E-4
0,176;4,304;1,027;2,22E-4;221,95;102,68;-1,19E-4;9,51E-4
0,177;4,303;1,025;2,22E-4;221,91;102,53;-5,29E-5;3,16E-4
0,178;4,303;1,026;2,22E-4;221,93;102,60;-8,82E-5;6,00E-4
0,179;4,303;1,025;2,22E-4;221,93;102,55;-7,67E-5;3,93E-4
0,180;4,303;1,026;2,22E-4;221,93;102,55;-7,75E-5;4,14E-4
0,181;4,304;1,026;2,22E-4;221,95;102,63;-1,16E-4;7,29E-4
0,182;4,304;1,026;2,22E-4;221,95;102,65;-1,27E-4;8,17E-4
0,183;4,303;1,025;2,22E-4;221,91;102,55;-4,91E-5;3,98E-4
0,184;4,302;1,024;2,22E-4;221,88;102,43;1,23E-5;-1,09E-4
0,185;4,303;1,025;2,22E-4;221,91;102,53;-5,29E-5;3,05E-4
0,186;4,302;1,025;2,22E-4;221,91;102,50;-3,83E-5;1,81E-4
0,187;4,302;1,025;2,22E-4;221,91;102,52;-4,60E-5;2,79E-4
0,188;4,302;1,025;2,22E-4;221,90;102,51;-3,37E-5;2,38E-4
0,189;4,303;1,026;2,22E-4;221,92;102,59;-5,91E-5;5,74E-4
0,190;4,303;1,025;2,22E-4;221,92;102,54;-6,14E-5;3,78E-4
0,191;4,303;1,026;2,22E-4;221,92;102,58;-7,21E-5;5,17E-4
0,192;4,302;1,025;2,22E-4;221,89;102,49;-9,97E-6;1,35E-4
0,193;4,303;1,026;2,22E-4;221,93;102,58;-9,05E-5;5,27E-4
0,194;4,303;1,026;2,22E-4;221,93;102,57;-8,82E-5;5,07E-4
0,195;4,303;1,026;2,22E-4;221,92;102,59;-6,90E-5;5,79E-4
0,196;4,304;1,026;2,22E-4;221,95;102,64;-1,26E-4;7,65E-4
0,197;4,304;1,026;2,22E-4;221,94;102,63;-1,13E-4;7,34E-4
0,198;4,304;1,026;2,22E-4;221,95;102,65;-1,18E-4;8,17E-4
0,199;4,303;1,026;2,22E-4;221,93;102,59;-8,67E-5;5,58E-4
0,200;4,303;1,026;2,22E-4;221,93;102,57;-9,51E-5;5,02E-4
0,201;4,303;1,026;2,22E-4;221,93;102,60;-9,13E-5;5,95E-4
0,202;4,304;1,027;2,22E-4;221,96;102,66;-1,39E-4;8,84E-4
0,203;4,304;1,026;2,22E-4;221,95;102,63;-1,17E-4;7,24E-4
0,204;4,303;1,026;2,22E-4;221,93;102,55;-8,36E-5;4,03E-4
0,205;4,304;1,027;2,22E-4;221,96;102,69;-1,39E-4;9,77E-4
0,206;4,302;1,025;2,22E-4;221,90;102,47;-2,68E-5;5,17E-5
0,207;4,302;1,025;2,22E-4;221,91;102,52;-4,68E-5;2,69E-4
0,208;4,303;1,026;2,22E-4;221,93;102,57;-8,59E-5;4,91E-4
0,209;4,304;1,026;2,22E-4;221,95;102,65;-1,28E-4;8,22E-4
0,210;4,303;1,025;2,22E-4;221,92;102,52;-7,21E-5;2,74E-4
0,211;4,304;1,026;2,22E-4;221,95;102,63;-1,16E-4;7,24E-4
0,212;4,304;1,027;2,22E-4;221,97;102,66;-1,58E-4;8,79E-4
0,213;4,305;1,028;2,22E-4;221,98;102,76;-1,92E-4;0,00
0,214;4,303;1,026;2,22E-4;221,93;102,62;-8,28E-5;7,13E-4
0,215;4,303;1,026;2,22E-4;221,93;102,59;-7,67E-5;5,84E-4
0,216;4,302;1,026;2,22E-4;221,91;102,57;-4,37E-5;4,76E-4
0,217;4,303;1,026;2,22E-4;221,92;102,59;-5,83E-5;5,74E-4
0,218;4,303;1,026;2,22E-4;221,91;102,58;-5,60E-5;5,12E-4
0,219;4,304;1,027;2,22E-4;221,96;102,70;-1,50E-4;0,00
0,220;4,303;1,026;2,22E-4;221,94;102,61;-9,97E-5;6,51E-4
0,221;4,303;1,026;2,22E-4;221,93;102,61;-9,13E-5;6,51E-4
0,222;4,302;1,025;2,22E-4;221,88;102,48;6,90E-6;9,31E-5
0,223;4,303;1,026;2,22E-4;221,92;102,63;-7,52E-5;7,29E-4
0,224;4,304;1,027;2,22E-4;221,96;102,74;-1,37E-4;0,00
0,225;4,303;1,027;2,22E-4;221,94;102,66;-1,03E-4;8,53E-4
0,226;4,303;1,027;2,22E-4;221,94;102,66;-1,03E-4;8,48E-4
0,227;4,303;1,026;2,22E-4;221,93;102,63;-9,13E-5;7,55E-4
0,228;4,303;1,026;2,22E-4;221,93;102,64;-8,59E-5;7,70E-4
0,229;4,303;1,026;2,22E-4;221,91;102,60;-5,45E-5;6,00E-4
0,230;4,303;1,027;2,22E-4;221,94;102,65;-1,08E-4;8,43E-4
0,231;4,303;1,026;2,22E-4;221,92;102,57;-7,36E-5;4,86E-4
0,232;4,303;1,026;2,22E-4;221,91;102,58;-5,06E-5;5,17E-4
0,233;4,303;1,026;2,22E-4;221,94;102,61;-9,89E-5;6,36E-4
0,234;4,303;1,026;2,22E-4;221,92;102,60;-5,91E-5;6,05E-4
0,235;4,303;1,026;2,22E-4;221,94;102,63;-1,04E-4;7,39E-4
0,236;4,303;1,025;2,22E-4;221,91;102,54;-5,29E-5;3,52E-4
0,237;4,303;1,026;2,22E-4;221,92;102,62;-6,75E-5;6,93E-4
0,238;4,302;1,025;2,22E-4;221,90;102,52;-3,68E-5;2,74E-4
0,239;4,303;1,026;2,22E-4;221,93;102,58;-7,67E-5;5,48E-4
0,240;4,303;1,026;2,22E-4;221,93;102,61;-9,51E-5;6,36E-4
0,241;4,303;1,026;2,22E-4;221,93;102,61;-8,36E-5;6,51E-4
0,242;4,303;1,026;2,22E-4;221,92;102,60;-7,44E-5;6,15E-4
0,243;4,303;1,025;2,22E-4;221,92;102,55;-6,44E-5;3,93E-4
0,244;4,302;1,025;2,22E-4;221,90;102,53;-3,68E-5;3,36E-4
0,245;4,304;1,027;2,22E-4;221,96;102,70;-1,48E-4;0,00
0,246;4,304;1,026;2,22E-4;221,94;102,64;-1,10E-4;8,01E-4
0,247;4,304;1,027;2,22E-4;221,96;102,69;-1,49E-4;0,00
0,248;4,303;1,026;2,22E-4;221,93;102,62;-9,36E-5;7,03E-4
0,249;4,302;1,024;2,22E-4;221,88;102,44;1,23E-5;-6,21E-5
0,250;4,302;1,025;2,22E-4;221,89;102,51;-1,38E-5;2,12E-4
0,251;4,303;1,026;2,22E-4;221,92;102,56;-5,75E-5;4,55E-4
0,252;4,303;1,026;2,22E-4;221,93;102,59;-8,97E-5;5,84E-4
0,253;4,303;1,025;2,22E-4;221,91;102,53;-5,60E-5;3,26E-4
0,254;4,304;1,027;2,22E-4;221,95;102,68;-1,31E-4;9,67E-4
0,255;4,303;1,026;2,22E-4;221,92;102,58;-7,52E-5;5,27E-4
0,256;4,302;1,025;2,22E-4;221,90;102,47;-2,38E-5;7,76E-5
0,257;4,303;1,026;2,22E-4;221,93;102,58;-9,43E-5;5,43E-4
0,258;4,303;1,026;2,22E-4;221,94;102,62;-1,04E-4;7,08E-4
0,259;4,304;1,026;2,22E-4;221,96;102,65;-1,39E-4;8,12E-4
0,260;4,303;1,026;2,22E-4;221,91;102,57;-5,45E-5;4,91E-4
0,261;4,303;1,025;2,22E-4;221,92;102,54;-7,21E-5;3,72E-4
0,262;4,302;1,025;2,22E-4;221,90;102,50;-3,30E-5;1,86E-4
0,263;4,303;1,026;2,22E-4;221,93;102,59;-8,74E-5;5,53E-4
0,264;4,304;1,027;2,22E-4;221,97;102,73;-1,69E-4;0,00
0,265;4,304;1,027;2,22E-4;221,96;102,69;-1,36E-4;9,77E-4
0,266;4,303;1,026;2,22E-4;221,93;102,57;-8,13E-5;4,86E-4
0,267;4,303;1,026;2,22E-4;221,92;102,55;-6,44E-5;4,09E-4
0,268;4,303;1,026;2,22E-4;221,92;102,56;-6,98E-5;4,60E-4
0,269;4,303;1,026;2,22E-4;221,94;102,58;-9,89E-5;5,43E-4
0,270;4,303;1,026;2,22E-4;221,94;102,60;-9,74E-5;6,00E-4
0,271;4,303;1,026;2,22E-4;221,93;102,55;-7,75E-5;4,14E-4
0,272;4,303;1,025;2,22E-4;221,91;102,54;-4,98E-5;3,47E-4
0,273;4,303;1,026;2,22E-4;221,93;102,57;-8,13E-5;4,91E-4
0,274;4,304;1,026;2,22E-4;221,96;102,64;-1,36E-4;7,96E-4
0,275;4,303;1,026;2,22E-4;221,92;102,55;-6,37E-5;4,14E-4
0,276;4,304;1,026;2,22E-4;221,95;102,63;-1,20E-4;7,55E-4
0,277;4,303;1,026;2,22E-4;221,93;102,59;-8,44E-5;5,79E-4
0,278;4,303;1,026;2,22E-4;221,94;102,63;-1,04E-4;7,24E-4
0,279;4,303;1,026;2,22E-4;221,94;102,63;-1,07E-4;7,24E-4
0,280;4,303;1,026;2,22E-4;221,92;102,56;-6,44E-5;4,60E-4
0,281;4,304;1,027;2,22E-4;221,95;102,65;-1,28E-4;8,37E-4
0,282;4,303;1,026;2,22E-4;221,93;102,59;-8,28E-5;5,69E-4
0,283;4,303;1,026;2,22E-4;221,93;102,57;-7,75E-5;4,91E-4
0,284;4,303;1,026;2,22E-4;221,92;102,57;-6,06E-5;5,02E-4
0,285;4,302;1,025;2,22E-4;221,91;102,50;-4,52E-5;1,86E-4
0,286;4,302;1,025;2,22E-4;221,88;102,48;1,15E-5;9,31E-5
0,287;4,302;1,025;2,22E-4;221,88;102,47;6,90E-6;4,66E-5
0,288;4,302;1,026;2,22E-4;221,91;102,57;-3,91E-5;4,86E-4
0,289;4,302;1,025;2,22E-4;221,89;102,49;-1,30E-5;1,66E-4
0,290;4,303;1,025;2,22E-4;221,91;102,52;-4,98E-5;2,84E-4
0,291;4,302;1,025;2,22E-4;221,90;102,49;-2,45E-5;1,66E-4
0,292;4,303;1,025;2,22E-4;221,91;102,53;-5,60E-5;3,16E-4
0,293;4,303;1,026;2,22E-4;221,93;102,59;-9,43E-5;5,53E-4
0,294;4,303;1,026;2,22E-4;221,94;102,63;-1,07E-4;7,34E-4
0,295;4,304;1,027;2,22E-4;221,97;102,70;-1,59E-4;0,00
0,296;4,303;1,026;2,22E-4;221,93;102,62;-8,67E-5;6,82E-4
0,297;4,303;1,026;2,22E-4;221,93;102,61;-8,13E-5;6,41E-4
0,298;4,302;1,025;2,22E-4;221,91;102,52;-3,99E-5;2,79E-4
0,299;4,303;1,026;2,22E-4;221,93;102,58;-8,13E-5;5,48E-4
0,300;4,304;1,026;2,22E-4;221,95;102,62;-1,19E-4;7,03E-4
0,301;4,303;1,026;2,22E-4;221,92;102,56;-6,21E-5;4,24E-4
0,302;4,305;1,028;2,22E-4;221,99;102,77;-1,95E-4;0,00
0,303;4,304;1,026;2,22E-4;221,95;102,61;-1,23E-4;6,72E-4
0,304;4,303;1,026;2,22E-4;221,93;102,62;-8,21E-5;6,98E-4
0,305;4,304;1,026;2,22E-4;221,95;102,64;-1,23E-4;7,96E-4
0,306;4,304;1,027;2,22E-4;221,96;102,70;-1,43E-4;0,00
0,307;4,304;1,026;2,22E-4;221,95;102,64;-1,24E-4;7,81E-4
0,308;4,303;1,026;2,22E-4;221,94;102,64;-9,66E-5;7,65E-4
0,309;4,302;1,025;2,22E-4;221,90;102,49;-1,84E-5;1,40E-4
0,310;4,302;1,025;2,22E-4;221,91;102,54;-4,06E-5;3,78E-4
0,311;4,304;1,026;2,22E-4;221,94;102,61;-1,10E-4;6,51E-4
0,312;4,303;1,026;2,22E-4;221,93;102,59;-8,13E-5;5,79E-4
0,313;4,303;1,026;2,22E-4;221,92;102,58;-6,29E-5;5,33E-4
0,314;4,303;1,026;2,22E-4;221,92;102,56;-5,75E-5;4,55E-4
0,315;4,302;1,025;2,22E-4;221,89;102,45;-3,83E-6;-1,55E-5
0,316;4,302;1,025;2,22E-4;221,90;102,49;-2,91E-5;1,66E-4
0,317;4,303;1,025;2,22E-4;221,92;102,55;-5,98E-5;3,93E-4
0,318;4,304;1,026;2,22E-4;221,95;102,64;-1,21E-4;7,70E-4
0,319;4,303;1,026;2,22E-4;221,91;102,56;-4,98E-5;4,45E-4
0,320;4,303;1,026;2,22E-4;221,92;102,60;-7,21E-5;6,20E-4
0,321;4,302;1,026;2,22E-4;221,91;102,57;-4,14E-5;4,71E-4
0,322;4,303;1,025;2,22E-4;221,91;102,54;-5,14E-5;3,67E-4
0,323;4,304;1,027;2,22E-4;221,95;102,66;-1,17E-4;8,58E-4
0,324;4,304;1,027;2,22E-4;221,97;102,73;-1,69E-4;0,00
0,325;4,303;1,026;2,22E-4;221,92;102,58;-7,21E-5;5,43E-4
0,326;4,303;1,026;2,22E-4;221,93;102,58;-8,13E-5;5,17E-4
0,327;4,303;1,026;2,22E-4;221,92;102,59;-7,44E-5;5,58E-4
0,328;4,303;1,026;2,22E-4;221,93;102,59;-8,36E-5;5,64E-4
0,329;4,303;1,026;2,22E-4;221,92;102,57;-7,13E-5;4,71E-4
0,330;4,304;1,026;2,22E-4;221,94;102,64;-1,12E-4;7,70E-4
0,331;4,304;1,026;2,22E-4;221,94;102,64;-1,12E-4;7,75E-4
0,332;4,304;1,026;2,22E-4;221,95;102,63;-1,17E-4;7,29E-4
0,333;4,303;1,026;2,22E-4;221,92;102,55;-7,44E-5;4,14E-4
0,334;4,304;1,027;2,22E-4;221,96;102,68;-1,45E-4;9,61E-4
0,335;4,304;1,026;2,22E-4;221,94;102,62;-1,10E-4;6,77E-4
0,336;4,304;1,027;2,22E-4;221,95;102,71;-1,30E-4;0,00
0,337;4,303;1,025;2,22E-4;221,91;102,53;-4,98E-5;3,00E-4
0,338;4,302;1,025;2,22E-4;221,89;102,50;-6,90E-6;1,91E-4
0,339;4,303;1,027;2,22E-4;221,94;102,66;-1,04E-4;8,79E-4
0,340;4,303;1,025;2,22E-4;221,92;102,55;-5,75E-5;3,83E-4
0,341;4,303;1,026;2,22E-4;221,93;102,58;-8,21E-5;5,33E-4
0,342;4,303;1,025;2,22E-4;221,92;102,55;-7,59E-5;3,83E-4
0,343;4,303;1,025;2,22E-4;221,91;102,55;-5,06E-5;3,88E-4
0,344;4,303;1,026;2,22E-4;221,93;102,61;-8,13E-5;6,72E-4
0,345;4,301;1,024;2,22E-4;221,87;102,42;3,14E-5;-1,50E-4
0,346;4,303;1,025;2,22E-4;221,91;102,54;-5,37E-5;3,67E-4
0,347;4,305;1,027;2,22E-4;221,98;102,74;-1,79E-4;0,00
0,348;4,303;1,025;2,22E-4;221,91;102,53;-5,06E-5;3,31E-4
0,349;4,302;1,025;2,22E-4;221,89;102,51;-1,76E-5;2,17E-4
0,350;4,303;1,026;2,22E-4;221,93;102,63;-8,97E-5;7,24E-4
0,351;4,304;1,027;2,22E-4;221,95;102,70;-1,25E-4;0,00
0,352;4,304;1,027;2,22E-4;221,95;102,65;-1,34E-4;8,37E-4
0,353;4,304;1,027;2,22E-4;221,96;102,67;-1,45E-4;9,10E-4
0,354;4,304;1,027;2,22E-4;221,96;102,72;-1,48E-4;0,00
0,355;4,303;1,027;2,22E-4;221,94;102,65;-1,01E-4;8,37E-4
0,356;4,303;1,026;2,22E-4;221,92;102,61;-7,13E-5;6,67E-4
0,357;4,303;1,026;2,22E-4;221,92;102,55;-5,75E-5;4,09E-4
0,358;4,302;1,025;2,22E-4;221,91;102,52;-4,37E-5;2,79E-4
0,359;4,303;1,026;2,22E-4;221,92;102,59;-6,29E-5;5,89E-4
0,360;4,305;1,027;2,22E-4;221,98;102,75;-1,80E-4;0,00
0,361;4,304;1,026;2,22E-4;221,94;102,64;-1,10E-4;7,96E-4
0,362;4,303;1,026;2,22E-4;221,93;102,60;-8,97E-5;6,00E-4
0,363;4,303;1,027;2,22E-4;221,94;102,66;-1,04E-4;8,58E-4
0,364;4,302;1,025;2,22E-4;221,91;102,55;-3,83E-5;3,98E-4
0,365;4,302;1,025;2,22E-4;221,91;102,51;-3,83E-5;2,28E-4
0,366;4,303;1,026;2,22E-4;221,93;102,62;-7,82E-5;6,88E-4
0,367;4,303;1,026;2,22E-4;221,92;102,57;-5,83E-5;4,91E-4
0,368;4,303;1,026;2,22E-4;221,93;102,60;-7,82E-5;5,95E-4
0,369;4,302;1,025;2,22E-4;221,90;102,50;-2,30E-5;2,07E-4
0,370;4,302;1,026;2,22E-4;221,91;102,58;-4,75E-5;5,48E-4
0,371;4,304;1,027;2,22E-4;221,94;102,66;-1,10E-4;8,58E-4
0,372;4,303;1,026;2,22E-4;221,92;102,56;-7,36E-5;4,34E-4
0,373;4,302;1,025;2,22E-4;221,90;102,49;-3,07E-5;1,29E-4
0,374;4,303;1,025;2,22E-4;221,91;102,55;-5,21E-5;3,93E-4
0,375;4,303;1,026;2,22E-4;221,91;102,57;-5,14E-5;4,91E-4
0,376;4,303;1,026;2,22E-4;221,92;102,59;-7,52E-5;5,79E-4
0,377;4,302;1,025;2,22E-4;221,91;102,55;-3,99E-5;3,98E-4
0,378;4,303;1,026;2,22E-4;221,93;102,60;-8,21E-5;6,05E-4
0,379;4,303;1,026;2,22E-4;221,92;102,58;-7,13E-5;5,48E-4
0,380;4,304;1,027;2,22E-4;221,95;102,69;-1,32E-4;9,87E-4
0,381;4,302;1,026;2,22E-4;221,91;102,56;-4,14E-5;4,24E-4
0,382;4,302;1,025;2,22E-4;221,90;102,52;-3,60E-5;2,59E-4
0,383;4,303;1,026;2,22E-4;221,92;102,58;-6,21E-5;5,12E-4
0,384;4,303;1,026;2,22E-4;221,92;102,60;-5,98E-5;6,00E-4
0,385;4,304;1,027;2,22E-4;221,95;102,67;-1,35E-4;9,10E-4
0,386;4,305;1,027;2,22E-4;221,98;102,74;-1,79E-4;0,00
0,387;4,304;1,027;2,22E-4;221,97;102,75;-1,55E-4;0,00
0,388;4,304;1,027;2,22E-4;221,95;102,67;-1,30E-4;8,99E-4
0,389;4,304;1,027;2,22E-4;221,95;102,68;-1,31E-4;9,67E-4
0,390;4,304;1,027;2,22E-4;221,94;102,66;-1,11E-4;8,48E-4
0,391;4,304;1,027;2,22E-4;221,95;102,74;-1,35E-4;0,00
0,392;4,302;1,026;2,22E-4;221,90;102,58;-3,37E-5;5,27E-4
0,393;4,302;1,026;2,22E-4;221,90;102,56;-2,53E-5;4,60E-4
0,394;4,304;1,027;2,22E-4;221,95;102,72;-1,21E-4;0,00
0,395;4,303;1,027;2,22E-4;221,94;102,65;-1,00E-4;8,43E-4
0,396;4,303;1,026;2,22E-4;221,93;102,64;-9,13E-5;7,86E-4
0,397;4,303;1,027;2,22E-4;221,93;102,68;-9,59E-5;9,51E-4
0,398;4,304;1,027;2,22E-4;221,95;102,69;-1,20E-4;9,77E-4
0,399;4,303;1,027;2,22E-4;221,94;102,65;-9,74E-5;8,43E-4
0,400;4,303;1,026;2,22E-4;221,93;102,59;-9,20E-5;5,79E-4
0,401;4,304;1,027;2,22E-4;221,94;102,68;-1,13E-4;9,41E-4
0,402;4,304;1,027;2,22E-4;221,96;102,70;-1,41E-4;0,00
0,403;4,303;1,027;2,22E-4;221,94;102,68;-1,04E-4;9,56E-4
0,404;4,304;1,027;2,22E-4;221,95;102,67;-1,19E-4;8,94E-4
0,405;4,304;1,027;2,22E-4;221,96;102,71;-1,43E-4;0,00
0,406;4,304;1,027;2,22E-4;221,97;102,73;-1,63E-4;0,00
0,407;4,304;1,027;2,22E-4;221,94;102,66;-1,11E-4;8,63E-4
0,408;4,302;1,025;2,22E-4;221,90;102,52;-3,30E-5;2,69E-4
0,409;4,304;1,026;2,22E-4;221,94;102,64;-1,14E-4;7,70E-4
0,410;4,304;1,027;2,22E-4;221,96;102,71;-1,47E-4;0,00
0,411;4,304;1,027;2,22E-4;221,96;102,68;-1,40E-4;9,46E-4
0,412;4,303;1,026;2,22E-4;221,94;102,65;-1,05E-4;8,06E-4
0,413;4,303;1,026;2,22E-4;221,93;102,61;-8,21E-5;6,46E-4
0,414;4,302;1,025;2,22E-4;221,88;102,45;1,30E-5;-1,55E-5
0,415;4,303;1,025;2,22E-4;221,92;102,54;-6,52E-5;3,72E-4
0,416;4,303;1,026;2,22E-4;221,92;102,56;-5,83E-5;4,45E-4
0,417;4,303;1,026;2,22E-4;221,92;102,55;-6,44E-5;4,19E-4
0,418;4,303;1,026;2,22E-4;221,94;102,64;-1,00E-4;7,65E-4
0,419;4,303;1,025;2,22E-4;221,91;102,52;-4,83E-5;2,69E-4
0,420;4,303;1,026;2,22E-4;221,92;102,57;-5,75E-5;4,65E-4
0,421;4,302;1,025;2,22E-4;221,90;102,54;-2,45E-5;3,62E-4
0,422;4,302;1,026;2,22E-4;221,91;102,58;-4,60E-5;5,27E-4
0,423;4,303;1,026;2,22E-4;221,91;102,55;-5,06E-5;4,19E-4
0,424;4,303;1,026;2,22E-4;221,92;102,58;-5,98E-5;5,27E-4
0,425;4,303;1,026;2,22E-4;221,92;102,58;-6,52E-5;5,12E-4
0,426;4,303;1,026;2,22E-4;221,92;102,57;-6,06E-5;4,96E-4
0,427;4,302;1,026;2,22E-4;221,91;102,57;-4,75E-5;4,65E-4
0,428;4,303;1,026;2,22E-4;221,92;102,59;-7,21E-5;5,74E-4
0,429;4,302;1,025;2,22E-4;221,89;102,49;-1,53E-6;1,66E-4
0,430;4,303;1,026;2,22E-4;221,93;102,60;-8,21E-5;6,00E-4
0,431;4,304;1,027;2,22E-4;221,97;102,71;-1,66E-4;0,00
0,432;4,304;1,027;2,22E-4;221,96;102,70;-1,47E-4;0,00
0,433;4,304;1,027;2,22E-4;221,97;102,73;-1,70E-4;0,00
0,434;4,304;1,027;2,22E-4;221,97;102,74;-1,56E-4;0,00
0,435;4,303;1,027;2,22E-4;221,94;102,67;-9,97E-5;9,10E-4
0,436;4,303;1,027;2,22E-4;221,94;102,66;-1,09E-4;8,53E-4
0,437;4,303;1,026;2,22E-4;221,94;102,58;-9,74E-5;5,22E-4
0,438;4,304;1,027;2,22E-4;221,96;102,71;-1,46E-4;0,00
0,439;4,305;1,027;2,22E-4;221,99;102,74;-1,96E-4;0,00
0,440;4,304;1,027;2,22E-4;221,95;102,66;-1,35E-4;8,84E-4
0,441;4,303;1,026;2,22E-4;221,94;102,60;-1,00E-4;6,05E-4
0,442;4,303;1,027;2,22E-4;221,94;102,65;-1,00E-4;8,27E-4
0,443;4,303;1,026;2,22E-4;221,94;102,62;-1,04E-4;6,88E-4
0,444;4,304;1,026;2,22E-4;221,94;102,64;-1,12E-4;7,91E-4
0,445;4,302;1,025;2,22E-4;221,90;102,50;-3,68E-5;2,02E-4
0,446;4,302;1,025;2,22E-4;221,90;102,49;-2,61E-5;1,35E-4
0,447;4,302;1,025;2,22E-4;221,91;102,49;-3,76E-5;1,55E-4
0,448;4,303;1,026;2,22E-4;221,93;102,64;-9,13E-5;7,81E-4
0,449;4,302;1,025;2,22E-4;221,91;102,53;-4,29E-5;3,26E-4
0,450;4,303;1,026;2,22E-4;221,92;102,57;-7,59E-5;5,02E-4
0,451;4,303;1,026;2,22E-4;221,92;102,57;-5,83E-5;4,76E-4
0,452;4,302;1,025;2,22E-4;221,91;102,53;-4,52E-5;3,00E-4
0,453;4,302;1,025;2,22E-4;221,89;102,51;-6,14E-6;2,53E-4
0,454;4,302;1,025;2,22E-4;221,91;102,49;-3,83E-5;1,40E-4
0,455;4,303;1,026;2,22E-4;221,92;102,55;-7,21E-5;4,09E-4
0,456;4,303;1,025;2,22E-4;221,91;102,52;-4,83E-5;2,69E-4
0,457;4,303;1,025;2,22E-4;221,92;102,54;-6,14E-5;3,41E-4
0,458;4,302;1,025;2,22E-4;221,91;102,53;-3,99E-5;3,26E-4
0,459;4,303;1,026;2,22E-4;221,93;102,59;-8,51E-5;5,79E-4
0,460;4,303;1,026;2,22E-4;221,94;102,64;-1,04E-4;7,91E-4
0,461;4,302;1,025;2,22E-4;221,90;102,49;-3,68E-5;1,35E-4
0,462;4,304;1,026;2,22E-4;221,95;102,60;-1,16E-4;6,15E-4
0,463;4,303;1,025;2,22E-4;221,92;102,52;-5,91E-5;2,95E-4
0,464;4,302;1,025;2,22E-4;221,91;102,52;-4,14E-5;2,95E-4
0,465;4,303;1,026;2,22E-4;221,92;102,58;-7,21E-5;5,22E-4
0,466;4,302;1,025;2,22E-4;221,91;102,52;-4,22E-5;2,95E-4
0,467;4,302;1,025;2,22E-4;221,88;102,46;6,90E-6;3,62E-5
0,468;4,303;1,026;2,22E-4;221,94;102,61;-1,06E-4;6,72E-4
0,469;4,303;1,026;2,22E-4;221,93;102,62;-7,98E-5;6,77E-4
0,470;4,302;1,025;2,22E-4;221,90;102,49;-2,45E-5;1,35E-4
0,471;4,303;1,026;2,22E-4;221,93;102,61;-8,13E-5;6,67E-4
0,472;4,303;1,026;2,22E-4;221,94;102,61;-1,03E-4;6,36E-4
0,473;4,304;1,027;2,22E-4;221,96;102,71;-1,53E-4;0,00
0,474;4,304;1,026;2,22E-4;221,95;102,64;-1,23E-4;8,01E-4
0,475;4,304;1,027;2,22E-4;221,95;102,69;-1,32E-4;9,92E-4
0,476;4,304;1,027;2,22E-4;221,97;102,68;-1,63E-4;9,41E-4
0,477;4,303;1,025;2,22E-4;221,92;102,53;-6,67E-5;3,26E-4
0,478;4,302;1,025;2,22E-4;221,89;102,48;-1,30E-5;1,24E-4
0,479;4,303;1,026;2,22E-4;221,92;102,59;-7,59E-5;5,84E-4
0,480;4,303;1,025;2,22E-4;221,92;102,53;-7,13E-5;3,21E-4
0,481;4,303;1,026;2,22E-4;221,92;102,57;-6,06E-5;4,65E-4
0,482;4,303;1,026;2,22E-4;221,93;102,60;-8,36E-5;6,00E-4
0,483;4,302;1,025;2,22E-4;221,88;102,51;7,67E-6;2,33E-4
0,484;4,303;1,026;2,22E-4;221,92;102,57;-6,21E-5;4,76E-4
0,485;4,302;1,025;2,22E-4;221,90;102,52;-3,07E-5;2,84E-4
0,486;4,302;1,025;2,22E-4;221,90;102,51;-2,38E-5;2,53E-4
0,487;4,303;1,026;2,22E-4;221,93;102,58;-8,36E-5;5,12E-4
0,488;4,302;1,025;2,22E-4;221,91;102,52;-3,83E-5;2,74E-4
0,489;4,303;1,026;2,22E-4;221,93;102,58;-8,59E-5;5,38E-4
0,490;4,303;1,026;2,22E-4;221,93;102,60;-8,59E-5;6,31E-4
0,491;4,304;1,027;2,22E-4;221,96;102,69;-1,39E-4;0,00
0,492;4,303;1,026;2,22E-4;221,94;102,59;-9,82E-5;5,69E-4
0,493;4,302;1,025;2,22E-4;221,89;102,49;-5,37E-6;1,40E-4
0,494;4,303;1,026;2,22E-4;221,92;102,56;-6,14E-5;4,34E-4
0,495;4,303;1,026;2,22E-4;221,93;102,59;-8,82E-5;5,79E-4
0,496;4,303;1,026;2,22E-4;221,94;102,59;-9,82E-5;5,84E-4
0,497;4,303;1,026;2,22E-4;221,92;102,57;-6,98E-5;4,86E-4
0,498;4,303;1,026;2,22E-4;221,92;102,59;-6,44E-5;5,53E-4
0,499;4,302;1,025;2,22E-4;221,89;102,52;-1,76E-5;2,64E-4
0,500;4,303;1,027;2,22E-4;221,94;102,66;-1,07E-4;8,63E-4
0,501;4,302;1,025;2,22E-4;221,90;102,47;-2,38E-5;5,69E-5
0,502;4,302;1,025;2,22E-4;221,91;102,50;-3,83E-5;1,81E-4
0,503;4,303;1,026;2,22E-4;221,93;102,59;-9,20E-5;5,58E-4
0,504;4,304;1,027;2,22E-4;221,96;102,67;-1,45E-4;9,30E-4
0,505;4,304;1,026;2,22E-4;221,95;102,65;-1,35E-4;8,06E-4
0,506;4,304;1,027;2,22E-4;221,96;102,65;-1,38E-4;8,27E-4
0,507;4,303;1,026;2,22E-4;221,92;102,58;-7,06E-5;5,33E-4
0,508;4,304;1,026;2,22E-4;221,95;102,64;-1,30E-4;7,75E-4
0,509;4,303;1,026;2,22E-4;221,94;102,61;-1,04E-4;6,46E-4
0,510;4,303;1,026;2,22E-4;221,92;102,56;-7,29E-5;4,34E-4
0,511;4,302;1,024;2,22E-4;221,88;102,44;1,07E-5;-6,73E-5
0,512;4,303;1,026;2,22E-4;221,92;102,58;-6,75E-5;5,38E-4
0,513;4,302;1,026;2,22E-4;221,91;102,57;-4,22E-5;4,65E-4
0,514;4,303;1,026;2,22E-4;221,94;102,60;-1,03E-4;5,95E-4
0,515;4,303;1,026;2,22E-4;221,92;102,57;-6,52E-5;4,71E-4
0,516;4,303;1,026;2,22E-4;221,93;102,55;-7,67E-5;4,14E-4
0,517;4,303;1,026;2,22E-4;221,93;102,59;-8,59E-5;5,89E-4
0,518;4,303;1,026;2,22E-4;221,93;102,58;-8,44E-5;5,27E-4
0,519;4,304;1,027;2,22E-4;221,97;102,71;-1,58E-4;0,00
0,520;4,304;1,027;2,22E-4;221,96;102,67;-1,40E-4;9,05E-4
0,521;4,304;1,027;2,22E-4;221,97;102,70;-1,66E-4;0,00
0,522;4,303;1,025;2,22E-4;221,92;102,52;-6,21E-5;2,74E-4
0,523;4,302;1,025;2,22E-4;221,90;102,49;-3,68E-5;1,55E-4
0,524;4,303;1,026;2,22E-4;221,91;102,55;-5,52E-5;4,19E-4
0,525;4,303;1,026;2,22E-4;221,94;102,61;-1,07E-4;6,62E-4
0,526;4,303;1,026;2,22E-4;221,94;102,64;-1,08E-4;7,65E-4
0,527;4,302;1,025;2,22E-4;221,91;102,48;-4,29E-5;1,24E-4
0,528;4,303;1,025;2,22E-4;221,91;102,55;-5,60E-5;3,93E-4
0,529;4,303;1,026;2,22E-4;221,93;102,61;-8,59E-5;6,67E-4
0,530;4,303;1,025;2,22E-4;221,91;102,52;-5,45E-5;2,69E-4
0,531;4,303;1,025;2,22E-4;221,92;102,55;-5,98E-5;3,83E-4
0,532;4,303;1,025;2,22E-4;221,91;102,52;-4,91E-5;2,90E-4
0,533;4,303;1,025;2,22E-4;221,91;102,53;-5,06E-5;3,36E-4
0,534;4,303;1,026;2,22E-4;221,93;102,57;-8,36E-5;4,76E-4
0,535;4,303;1,026;2,22E-4;221,93;102,61;-9,36E-5;6,46E-4
0,536;4,304;1,027;2,22E-4;221,97;102,73;-1,57E-4;0,00
0,537;4,304;1,027;2,22E-4;221,96;102,68;-1,50E-4;9,61E-4
0,538;4,304;1,027;2,22E-4;221,95;102,66;-1,28E-4;8,79E-4
0,539;4,303;1,026;2,22E-4;221,92;102,57;-7,44E-5;4,96E-4
0,540;4,303;1,026;2,22E-4;221,94;102,59;-1,09E-4;5,74E-4
0,541;4,303;1,026;2,22E-4;221,94;102,56;-9,89E-5;4,50E-4
0,542;4,302;1,025;2,22E-4;221,90;102,47;-2,84E-5;8,28E-5
0,543;4,303;1,025;2,22E-4;221,92;102,51;-6,67E-5;2,22E-4
0,544;4,302;1,024;2,22E-4;221,89;102,43;-1,61E-5;-9,83E-5
0,545;4,304;1,027;2,22E-4;221,97;102,71;-1,61E-4;0,00
0,546;4,304;1,027;2,22E-4;221,96;102,68;-1,39E-4;9,67E-4
0,547;4,303;1,025;2,22E-4;221,92;102,53;-5,91E-5;3,21E-4
0,548;4,303;1,025;2,22E-4;221,91;102,54;-5,52E-5;3,72E-4
0,549;4,302;1,025;2,22E-4;221,90;102,47;-1,99E-5;8,28E-5
0,550;4,303;1,025;2,22E-4;221,92;102,52;-6,44E-5;2,90E-4
0,551;4,303;1,025;2,22E-4;221,92;102,52;-7,29E-5;2,69E-4
0,552;4,303;1,026;2,22E-4;221,94;102,59;-9,82E-5;5,89E-4
0,553;4,304;1,027;2,22E-4;221,95;102,66;-1,17E-4;8,68E-4
0,554;4,304;1,027;2,22E-4;221,96;102,69;-1,36E-4;9,98E-4
0,555;4,303;1,026;2,22E-4;221,92;102,57;-6,83E-5;4,96E-4
0,556;4,303;1,025;2,22E-4;221,92;102,55;-6,44E-5;3,93E-4
0,557;4,303;1,026;2,22E-4;221,92;102,56;-6,67E-5;4,50E-4
0,558;4,304;1,027;2,22E-4;221,96;102,69;-1,46E-4;9,77E-4
0,559;4,304;1,027;2,22E-4;221,96;102,67;-1,54E-4;9,25E-4
0,560;4,302;1,025;2,22E-4;221,91;102,54;-4,68E-5;3,52E-4
0,561;4,303;1,026;2,22E-4;221,93;102,64;-8,74E-5;7,70E-4
0,562;4,304;1,026;2,22E-4;221,95;102,64;-1,23E-4;8,01E-4
0,563;4,303;1,026;2,22E-4;221,93;102,63;-9,59E-5;7,34E-4
0,564;4,304;1,027;2,22E-4;221,97;102,73;-1,64E-4;0,00
0,565;4,305;1,028;2,22E-4;221,99;102,80;-2,04E-4;0,00
0,566;4,302;1,024;2,22E-4;221,88;102,41;1,46E-5;-2,07E-4
0,567;4,302;1,025;2,22E-4;221,90;102,48;-2,07E-5;1,19E-4
0,568;4,302;1,025;2,22E-4;221,90;102,48;-2,91E-5;9,31E-5
0,569;4,303;1,025;2,22E-4;221,92;102,53;-5,91E-5;3,21E-4
0,570;4,303;1,026;2,22E-4;221,93;102,56;-7,67E-5;4,29E-4
0,571;4,302;1,025;2,22E-4;221,90;102,49;-2,38E-5;1,66E-4
0,572;4,302;1,025;2,22E-4;221,91;102,53;-3,91E-5;3,05E-4
0,573;4,302;1,025;2,22E-4;221,90;102,49;-3,60E-5;1,55E-4
0,574;4,304;1,026;2,22E-4;221,95;102,64;-1,20E-4;7,65E-4
0,575;4,303;1,025;2,22E-4;221,91;102,54;-4,91E-5;3,67E-4
0,576;4,303;1,026;2,22E-4;221,93;102,57;-9,20E-5;5,07E-4
0,577;4,304;1,027;2,22E-4;221,96;102,66;-1,43E-4;8,58E-4
0,578;4,304;1,027;2,22E-4;221,96;102,68;-1,45E-4;9,67E-4
0,579;4,304;1,026;2,22E-4;221,95;102,60;-1,17E-4;5,95E-4
0,580;4,304;1,027;2,22E-4;221,97;102,69;-1,69E-4;0,00
0,581;4,302;1,025;2,22E-4;221,91;102,50;-4,52E-5;1,76E-4
0,582;4,304;1,026;2,22E-4;221,95;102,62;-1,31E-4;7,13E-4
0,583;4,302;1,025;2,22E-4;221,91;102,48;-3,91E-5;1,03E-4
0,584;4,303;1,026;2,22E-4;221,93;102,56;-7,98E-5;4,34E-4
0,585;4,304;1,026;2,22E-4;221,95;102,63;-1,32E-4;7,55E-4
0,586;4,303;1,025;2,22E-4;221,92;102,55;-6,98E-5;3,88E-4
0,587;4,301;1,024;2,22E-4;221,87;102,44;3,14E-5;-7,24E-5
0,588;4,303;1,026;2,22E-4;221,92;102,59;-7,13E-5;5,58E-4
0,589;4,303;1,026;2,22E-4;221,93;102,61;-8,82E-5;6,41E-4
0,590;4,302;1,025;2,22E-4;221,90;102,51;-3,22E-5;2,38E-4
0,591;4,303;1,025;2,22E-4;221,91;102,49;-5,37E-5;1,50E-4
0,592;4,303;1,026;2,22E-4;221,93;102,56;-7,82E-5;4,45E-4
0,593;4,303;1,026;2,22E-4;221,93;102,60;-8,51E-5;6,26E-4
0,594;4,302;1,025;2,22E-4;221,91;102,48;-4,06E-5;1,19E-4
0,595;4,303;1,026;2,22E-4;221,92;102,55;-6,90E-5;4,09E-4
0,596;4,303;1,026;2,22E-4;221,93;102,58;-7,90E-5;5,38E-4
0,597;4,304;1,027;2,22E-4;221,97;102,71;-1,66E-4;0,00
0,598;4,304;1,027;2,22E-4;221,96;102,66;-1,46E-4;8,84E-4
0,599;4,303;1,025;2,22E-4;221,91;102,49;-4,83E-5;1,50E-4
0,600;4,302;1,025;2,22E-4;221,90;102,48;-2,07E-5;8,80E-5
0,601;4,304;1,026;2,22E-4;221,95;102,60;-1,16E-4;6,26E-4
0,602;4,303;1,026;2,22E-4;221,92;102,56;-6,44E-5;4,55E-4
0,603;4,303;1,026;2,22E-4;221,94;102,61;-9,82E-5;6,67E-4
0,604;4,304;1,027;2,22E-4;221,96;102,67;-1,36E-4;9,20E-4
0,605;4,303;1,026;2,22E-4;221,93;102,59;-8,36E-5;5,69E-4
0,606;4,305;1,028;2,22E-4;221,98;102,78;-1,83E-4;0,00
0,607;4,303;1,026;2,22E-4;221,93;102,62;-8,67E-5;6,77E-4
0,608;4,304;1,027;2,22E-4;221,94;102,65;-1,11E-4;8,32E-4
0,609;4,303;1,027;2,22E-4;221,94;102,67;-1,04E-4;8,89E-4
0,610;4,302;1,025;2,22E-4;221,89;102,52;-1,69E-5;2,59E-4
0,611;4,302;1,026;2,22E-4;221,90;102,56;-3,53E-5;4,50E-4
0,612;4,303;1,026;2,22E-4;221,92;102,63;-6,83E-5;7,60E-4
0,613;4,302;1,026;2,22E-4;221,91;102,60;-4,52E-5;6,10E-4
0,614;4,302;1,026;2,22E-4;221,89;102,58;-1,30E-5;5,12E-4
0,615;4,301;1,025;2,22E-4;221,87;102,50;2,76E-5;1,86E-4
0,616;4,301;1,025;2,22E-4;221,88;102,52;1,84E-5;2,69E-4
0,617;4,302;1,025;2,22E-4;221,88;102,54;1,07E-5;3,47E-4
0,618;4,301;1,025;2,22E-4;221,85;102,49;6,29E-5;1,60E-4
0,619;4,302;1,026;2,22E-4;221,90;102,62;-2,84E-5;6,77E-4
0,620;4,301;1,025;2,22E-4;221,86;102,49;5,06E-5;1,29E-4
0,621;4,300;1,025;2,22E-4;221,84;102,50;8,44E-5;1,86E-4
0,622;4,301;1,025;2,22E-4;221,85;102,50;6,21E-5;2,02E-4
0,623;4,301;1,026;2,22E-4;221,86;102,56;4,99E-5;4,50E-4
0,624;4,301;1,025;2,22E-4;221,86;102,54;5,06E-5;3,41E-4
0,625;4,302;1,026;2,22E-4;221,89;102,63;-1,15E-5;7,55E-4
0,626;4,302;1,026;2,22E-4;221,89;102,65;-7,67E-7;8,12E-4
0,627;4,302;1,026;2,22E-4;221,89;102,64;-7,67E-6;7,86E-4
0,628;4,300;1,025;2,22E-4;221,82;102,49;1,20E-4;1,35E-4
0,629;4,302;1,027;2,22E-4;221,88;102,65;1,15E-5;8,37E-4
0,630;4,303;1,027;2,22E-4;221,91;102,73;-5,37E-5;0,00
0,631;4,302;1,027;2,22E-4;221,89;102,67;-1,53E-5;9,20E-4
0,632;4,302;1,027;2,22E-4;221,90;102,71;-2,53E-5;0,00
0,633;4,301;1,026;2,22E-4;221,85;102,57;6,14E-5;4,86E-4
0,634;4,301;1,026;2,22E-4;221,87;102,62;4,07E-5;6,98E-4
0,635;4,301;1,026;2,22E-4;221,86;102,60;4,68E-5;6,15E-4
0,636;4,302;1,027;2,22E-4;221,89;102,68;-1,76E-5;9,51E-4
0,637;4,302;1,026;2,22E-4;221,89;102,65;-1,53E-6;8,06E-4
0,638;4,301;1,026;2,22E-4;221,88;102,62;1,53E-5;6,88E-4
0,639;4,302;1,027;2,22E-4;221,90;102,71;-2,99E-5;0,00
0,640;4,303;1,027;2,22E-4;221,91;102,72;-4,98E-5;0,00
0,641;4,303;1,028;2,22E-4;221,91;102,76;-5,14E-5;0,00
0,642;4,302;1,027;2,22E-4;221,89;102,67;-1,46E-5;9,20E-4
0,643;4,301;1,026;2,22E-4;221,85;102,57;6,14E-5;4,91E-4
0,644;4,300;1,025;2,22E-4;221,83;102,53;1,04E-4;3,26E-4
0,645;4,302;1,027;2,22E-4;221,89;102,69;-1,23E-5;9,98E-4
0,646;4,302;1,027;2,22E-4;221,88;102,68;7,67E-6;9,56E-4
0,647;4,301;1,027;2,22E-4;221,88;102,67;1,61E-5;8,94E-4
0,648;4,300;1,025;2,22E-4;221,82;102,49;1,27E-4;1,60E-4
0,649;4,300;1,025;2,22E-4;221,83;102,49;1,18E-4;1,50E-4
0,650;4,300;1,025;2,22E-4;221,84;102,55;9,36E-5;3,88E-4
0,651;4,301;1,026;2,22E-4;221,86;102,64;4,53E-5;7,86E-4
0,652;4,301;1,026;2,22E-4;221,85;102,62;6,06E-5;6,98E-4
0,653;4,301;1,026;2,22E-4;221,85;102,60;6,67E-5;6,00E-4
0,654;4,300;1,026;2,22E-4;221,84;102,58;9,13E-5;5,38E-4
0,655;4,301;1,026;2,22E-4;221,85;102,63;7,75E-5;7,39E-4
0,656;4,300;1,026;2,22E-4;221,84;102,62;8,21E-5;6,88E-4
0,657;4,302;1,027;2,22E-4;221,88;102,68;1,46E-5;9,36E-4
0,658;4,301;1,026;2,22E-4;221,87;102,64;2,76E-5;7,91E-4
0,659;4,301;1,026;2,22E-4;221,85;102,63;6,29E-5;7,50E-4
0,660;4,301;1,026;2,22E-4;221,86;102,65;5,37E-5;8,22E-4
0,661;4,300;1,026;2,22E-4;221,83;102,57;1,07E-4;4,76E-4
0,662;4,299;1,025;2,22E-4;221,80;102,46;1,74E-4;1,03E-5
0,663;4,299;1,025;2,22E-4;221,80;102,47;1,60E-4;5,69E-5
0,664;4,302;1,027;2,22E-4;221,89;102,74;-1,61E-5;0,00
0,665;4,301;1,027;2,22E-4;221,87;102,70;3,99E-5;0,00
0,666;4,300;1,026;2,22E-4;221,83;102,57;1,15E-4;4,76E-4
0,667;4,299;1,025;2,22E-4;221,81;102,55;1,47E-4;3,88E-4
0,668;4,300;1,026;2,22E-4;221,82;102,56;1,21E-4;4,34E-4
0,669;4,300;1,027;2,22E-4;221,84;102,67;9,05E-5;8,99E-4
0,670;4,301;1,027;2,22E-4;221,86;102,74;4,37E-5;0,00
0,671;4,303;1,029;2,22E-4;221,92;102,89;-5,83E-5;0,00
0,672;4,301;1,028;2,22E-4;221,86;102,75;4,45E-5;0,00
0,673;4,301;1,027;2,22E-4;221,86;102,70;4,76E-5;0,00
0,674;4,300;1,027;2,22E-4;221,84;102,67;9,74E-5;9,25E-4
0,675;4,300;1,026;2,22E-4;221,82;102,61;1,38E-4;6,51E-4
0,676;4,300;1,027;2,22E-4;221,82;102,66;1,28E-4;8,58E-4
0,677;4,299;1,026;2,22E-4;221,80;102,57;1,66E-4;4,76E-4
0,678;4,299;1,025;2,22E-4;221,79;102,54;1,93E-4;3,67E-4
0,679;4,299;1,026;2,22E-4;221,81;102,60;1,54E-4;6,10E-4
0,680;4,299;1,026;2,22E-4;221,81;102,61;1,47E-4;6,41E-4
0,681;4,300;1,027;2,22E-4;221,83;102,66;1,13E-4;8,79E-4
0,682;4,300;1,026;2,22E-4;221,82;102,64;1,20E-4;7,86E-4
0,683;4,299;1,026;2,22E-4;221,80;102,56;1,72E-4;4,50E-4
0,684;4,299;1,026;2,22E-4;221,81;102,60;1,53E-4;5,95E-4
0,685;4,299;1,026;2,22E-4;221,80;102,57;1,62E-4;5,07E-4
0,686;4,299;1,026;2,22E-4;221,80;102,57;1,70E-4;4,71E-4
0,687;4,299;1,025;2,22E-4;221,79;102,55;1,83E-4;3,98E-4
0,688;4,299;1,026;2,22E-4;221,81;102,62;1,50E-4;6,88E-4
0,689;4,299;1,026;2,22E-4;221,81;102,58;1,53E-4;5,38E-4
0,690;4,300;1,027;2,22E-4;221,84;102,71;9,74E-5;0,00
0,691;4,301;1,027;2,22E-4;221,85;102,74;6,90E-5;0,00
0,692;4,300;1,026;2,22E-4;221,83;102,64;1,17E-4;7,91E-4
0,693;4,299;1,026;2,22E-4;221,81;102,62;1,57E-4;6,93E-4
0,694;4,299;1,026;2,22E-4;221,80;102,61;1,74E-4;6,36E-4
0,695;4,298;1,025;2,22E-4;221,78;102,51;2,10E-4;2,53E-4
0,696;4,298;1,025;2,22E-4;221,77;102,51;2,28E-4;2,43E-4
0,697;4,299;1,026;2,22E-4;221,79;102,64;1,79E-4;7,70E-4
0,698;4,300;1,028;2,22E-4;221,83;102,75;1,00E-4;0,00
0,699;4,300;1,027;2,22E-4;221,83;102,71;1,11E-4;0,00
0,700;4,299;1,026;2,22E-4;221,81;102,64;1,57E-4;7,70E-4
0,701;4,299;1,026;2,22E-4;221,80;102,58;1,73E-4;5,38E-4
0,702;4,300;1,027;2,22E-4;221,83;102,73;1,03E-4;0,00
0,703;4,299;1,027;2,22E-4;221,80;102,67;1,60E-4;8,99E-4
0,704;4,299;1,026;2,22E-4;221,78;102,59;1,99E-4;5,69E-4
0,705;4,299;1,026;2,22E-4;221,78;102,63;1,99E-4;7,44E-4
0,706;4,298;1,025;2,22E-4;221,77;102,55;2,27E-4;3,98E-4
0,707;4,298;1,026;2,22E-4;221,77;102,60;2,18E-4;6,26E-4
0,708;4,298;1,026;2,22E-4;221,77;102,58;2,33E-4;5,33E-4
0,709;4,298;1,026;2,22E-4;221,77;102,61;2,26E-4;6,41E-4
0,710;4,299;1,027;2,22E-4;221,80;102,69;1,77E-4;0,00
0,711;4,300;1,028;2,22E-4;221,84;102,82;8,44E-5;0,00
0,712;4,300;1,028;2,22E-4;221,82;102,76;1,34E-4;0,00
0,713;4,298;1,026;2,22E-4;221,77;102,62;2,19E-4;7,03E-4
0,714;4,298;1,026;2,22E-4;221,76;102,60;2,49E-4;6,10E-4
0,715;4,299;1,027;2,22E-4;221,79;102,66;1,93E-4;8,58E-4
0,716;4,299;1,027;2,22E-4;221,80;102,74;1,70E-4;0,00
0,717;4,299;1,027;2,22E-4;221,80;102,73;1,66E-4;0,00
0,718;4,299;1,027;2,22E-4;221,80;102,72;1,72E-4;0,00
0,719;4,298;1,027;2,22E-4;221,78;102,66;2,14E-4;8,58E-4
0,720;4,298;1,026;2,22E-4;221,76;102,62;2,39E-4;7,19E-4
0,721;4,298;1,026;2,22E-4;221,77;102,62;2,31E-4;6,82E-4
0,722;4,299;1,027;2,22E-4;221,78;102,68;1,99E-4;9,72E-4
0,723;4,298;1,027;2,22E-4;221,78;102,70;2,05E-4;0,00
0,724;4,299;1,027;2,22E-4;221,79;102,72;1,89E-4;0,00
0,725;4,299;1,027;2,22E-4;221,79;102,70;1,93E-4;0,00
0,726;4,298;1,026;2,22E-4;221,76;102,60;2,50E-4;6,00E-4
0,727;4,298;1,026;2,22E-4;221,76;102,62;2,40E-4;7,03E-4
0,728;4,296;1,024;2,22E-4;221,72;102,43;3,30E-4;-1,09E-4
0,729;4,296;1,025;2,22E-4;221,72;102,50;3,32E-4;1,91E-4
0,730;4,299;1,027;2,22E-4;221,79;102,73;1,96E-4;0,00
0,731;4,299;1,027;2,22E-4;221,78;102,74;1,98E-4;0,00
0,732;4,297;1,026;2,22E-4;221,74;102,60;2,81E-4;5,95E-4
0,733;4,298;1,027;2,22E-4;221,76;102,68;2,37E-4;9,61E-4
0,734;4,297;1,026;2,22E-4;221,74;102,62;2,84E-4;6,98E-4
0,735;4,298;1,027;2,22E-4;221,77;102,68;2,33E-4;9,67E-4
0,736;4,298;1,027;2,22E-4;221,76;102,68;2,46E-4;9,41E-4
0,737;4,298;1,026;2,22E-4;221,75;102,59;2,65E-4;5,89E-4
0,738;4,298;1,027;2,22E-4;221,77;102,75;2,22E-4;0,00
0,739;4,298;1,027;2,22E-4;221,75;102,71;2,58E-4;0,00
0,740;4,298;1,027;2,22E-4;221,76;102,68;2,50E-4;9,67E-4
0,741;4,298;1,027;2,22E-4;221,76;102,67;2,48E-4;9,20E-4
0,742;4,297;1,026;2,22E-4;221,74;102,63;2,79E-4;7,44E-4
0,743;4,297;1,026;2,22E-4;221,74;102,64;2,83E-4;8,01E-4
0,744;4,297;1,027;2,22E-4;221,74;102,65;2,89E-4;8,27E-4
0,745;4,296;1,026;2,22E-4;221,72;102,60;3,31E-4;6,00E-4
0,746;4,298;1,027;2,22E-4;221,76;102,74;2,50E-4;0,00
0,747;4,297;1,027;2,22E-4;221,74;102,65;2,84E-4;8,37E-4
0,748;4,295;1,025;2,22E-4;221,68;102,51;4,00E-4;2,17E-4
0,749;4,296;1,026;2,22E-4;221,70;102,57;3,69E-4;4,71E-4
0,750;4,296;1,026;2,22E-4;221,72;102,63;3,32E-4;7,55E-4
0,751;4,297;1,027;2,22E-4;221,74;102,70;2,92E-4;0,00
0,752;4,297;1,027;2,22E-4;221,74;102,67;2,94E-4;8,94E-4
0,753;4,298;1,028;2,22E-4;221,76;102,76;2,45E-4;0,00
0,754;4,298;1,028;2,22E-4;221,77;102,79;2,29E-4;0,00
0,755;4,298;1,029;2,22E-4;221,78;102,88;2,07E-4;0,00
0,756;4,298;1,029;2,22E-4;221,78;102,87;2,09E-4;0,00
0,757;4,297;1,027;2,22E-4;221,74;102,72;2,88E-4;0,00
0,758;4,295;1,026;2,22E-4;221,68;102,59;3,95E-4;5,89E-4
0,759;4,297;1,027;2,22E-4;221,74;102,73;2,95E-4;0,00
0,760;4,297;1,027;2,22E-4;221,74;102,72;2,93E-4;0,00
0,761;4,297;1,027;2,22E-4;221,72;102,67;3,16E-4;9,20E-4
0,762;4,298;1,028;2,22E-4;221,75;102,79;2,60E-4;0,00
0,763;4,298;1,028;2,22E-4;221,76;102,83;2,50E-4;0,00
0,764;4,297;1,027;2,22E-4;221,73;102,71;3,03E-4;0,00
0,765;4,298;1,028;2,22E-4;221,75;102,83;2,62E-4;0,00
0,766;4,297;1,028;2,22E-4;221,72;102,75;3,16E-4;0,00
0,767;4,296;1,026;2,22E-4;221,70;102,64;3,55E-4;7,91E-4
0,768;4,296;1,027;2,22E-4;221,71;102,69;3,42E-4;9,77E-4
0,769;4,297;1,027;2,22E-4;221,73;102,75;3,07E-4;0,00
0,770;4,298;1,029;2,22E-4;221,76;102,86;2,45E-4;0,00
0,771;4,297;1,028;2,22E-4;221,73;102,77;3,06E-4;0,00
0,772;4,295;1,026;2,22E-4;221,67;102,59;4,14E-4;5,53E-4
0,773;4,296;1,027;2,22E-4;221,70;102,69;3,64E-4;0,00
0,774;4,296;1,026;2,22E-4;221,69;102,62;3,91E-4;7,19E-4
0,775;4,297;1,028;2,22E-4;221,73;102,76;3,03E-4;0,00
0,776;4,296;1,027;2,22E-4;221,70;102,68;3,61E-4;9,51E-4
0,777;4,295;1,027;2,22E-4;221,68;102,66;4,12E-4;8,63E-4
0,778;4,296;1,027;2,22E-4;221,70;102,71;3,69E-4;0,00
0,779;4,296;1,027;2,22E-4;221,71;102,72;3,53E-4;0,00
0,780;4,296;1,027;2,22E-4;221,70;102,72;3,54E-4;0,00
0,781;4,296;1,027;2,22E-4;221,70;102,72;3,67E-4;0,00
0,782;4,296;1,027;2,22E-4;221,71;102,75;3,41E-4;0,00
0,783;4,295;1,026;2,22E-4;221,67;102,63;4,19E-4;7,50E-4
0,784;4,295;1,027;2,22E-4;221,68;102,65;4,03E-4;8,37E-4
0,785;4,295;1,026;2,22E-4;221,66;102,60;4,51E-4;5,95E-4
0,786;4,296;1,027;2,22E-4;221,69;102,70;3,79E-4;0,00
0,787;4,295;1,027;2,22E-4;221,67;102,66;4,23E-4;8,58E-4
0,788;4,295;1,027;2,22E-4;221,68;102,67;3,99E-4;9,15E-4
0,789;4,296;1,028;2,22E-4;221,70;102,75;3,59E-4;0,00
0,790;4,295;1,026;2,22E-4;221,67;102,63;4,28E-4;7,55E-4
0,791;4,296;1,028;2,22E-4;221,69;102,77;3,77E-4;0,00
0,792;4,297;1,028;2,22E-4;221,73;102,81;3,09E-4;0,00
0,793;4,296;1,027;2,22E-4;221,71;102,75;3,51E-4;0,00
0,794;4,296;1,028;2,22E-4;221,71;102,80;3,38E-4;0,00
0,795;4,296;1,028;2,22E-4;221,69;102,75;3,82E-4;0,00
0,796;4,295;1,027;2,22E-4;221,67;102,70;4,14E-4;0,00
0,797;4,294;1,026;2,22E-4;221,64;102,62;4,80E-4;7,19E-4
0,798;4,295;1,026;2,22E-4;221,66;102,64;4,37E-4;7,75E-4
0,799;4,295;1,026;2,22E-4;221,66;102,62;4,50E-4;7,19E-4
0,800;4,296;1,028;2,22E-4;221,69;102,76;3,85E-4;0,00
0,801;4,295;1,027;2,22E-4;221,67;102,70;4,27E-4;0,00
0,802;4,296;1,028;2,22E-4;221,70;102,83;3,68E-4;0,00
0,803;4,295;1,028;2,22E-4;221,68;102,77;3,97E-4;0,00
0,804;4,296;1,028;2,22E-4;221,69;102,81;3,75E-4;0,00
0,805;4,296;1,028;2,22E-4;221,69;102,81;3,76E-4;0,00
0,806;4,296;1,028;2,22E-4;221,69;102,80;3,87E-4;0,00
0,807;4,297;1,029;2,22E-4;221,72;102,92;3,20E-4;0,00
0,808;4,296;1,029;2,22E-4;221,69;102,85;3,77E-4;0,00
0,809;4,296;1,028;2,22E-4;221,69;102,83;3,80E-4;0,00
0,810;4,294;1,026;2,22E-4;221,63;102,62;5,04E-4;6,98E-4
0,811;4,294;1,027;2,22E-4;221,65;102,70;4,64E-4;0,00
0,812;4,295;1,028;2,22E-4;221,67;102,78;4,21E-4;0,00
0,813;4,295;1,028;2,22E-4;221,66;102,76;4,50E-4;0,00
0,814;4,294;1,027;2,22E-4;221,64;102,69;4,80E-4;0,00
0,815;4,296;1,029;2,22E-4;221,69;102,88;3,76E-4;0,00
0,816;4,293;1,027;2,22E-4;221,61;102,68;5,32E-4;9,36E-4
0,817;4,293;1,027;2,22E-4;221,61;102,67;5,33E-4;8,99E-4
0,818;4,294;1,028;2,22E-4;221,65;102,77;4,69E-4;0,00
0,819;4,293;1,026;2,22E-4;221,60;102,65;5,56E-4;8,17E-4
0,820;4,293;1,027;2,22E-4;221,61;102,66;5,34E-4;8,79E-4
0,821;4,293;1,026;2,22E-4;221,60;102,64;5,54E-4;7,70E-4
0,822;4,295;1,029;2,22E-4;221,68;102,87;4,11E-4;0,00
0,823;4,294;1,028;2,22E-4;221,64;102,79;4,76E-4;0,00
0,824;4,294;1,028;2,22E-4;221,64;102,80;4,76E-4;0,00
0,825;4,294;1,028;2,22E-4;221,64;102,79;4,87E-4;0,00
0,826;4,294;1,028;2,22E-4;221,65;102,84;4,63E-4;0,00
0,827;4,295;1,029;2,22E-4;221,65;102,88;4,53E-4;0,00
0,828;4,294;1,028;2,22E-4;221,64;102,80;4,88E-4;0,00
0,829;4,293;1,028;2,22E-4;221,62;102,76;5,28E-4;0,00
0,830;4,294;1,028;2,22E-4;221,64;102,83;4,85E-4;0,00
0,831;4,293;1,027;2,22E-4;221,61;102,74;5,47E-4;0,00
0,832;4,293;1,028;2,22E-4;221,61;102,77;5,50E-4;0,00
0,833;4,293;1,028;2,22E-4;221,60;102,76;5,53E-4;0,00
0,834;4,293;1,028;2,22E-4;221,61;102,76;5,49E-4;0,00
0,835;4,293;1,027;2,22E-4;221,59;102,69;5,79E-4;0,00
0,836;4,293;1,027;2,22E-4;221,60;102,74;5,51E-4;0,00
0,837;4,292;1,027;2,22E-4;221,59;102,71;5,88E-4;0,00
0,838;4,294;1,029;2,22E-4;221,63;102,85;5,07E-4;0,00
0,839;4,294;1,029;2,22E-4;221,63;102,89;4,93E-4;0,00
0,840;4,293;1,028;2,22E-4;221,61;102,82;5,32E-4;0,00
0,841;4,293;1,028;2,22E-4;221,62;102,84;5,29E-4;0,00
0,842;4,294;1,029;2,22E-4;221,63;102,89;5,04E-4;0,00
0,843;4,293;1,028;2,22E-4;221,61;102,82;5,43E-4;0,00
0,844;4,294;1,029;2,22E-4;221,63;102,92;5,02E-4;0,00
0,845;4,293;1,028;2,22E-4;221,60;102,84;5,54E-4;0,00
0,846;4,293;1,028;2,22E-4;221,59;102,76;5,81E-4;0,00
0,847;4,292;1,027;2,22E-4;221,56;102,70;6,31E-4;0,00
0,848;4,292;1,028;2,22E-4;221,58;102,76;6,09E-4;0,00
0,849;4,292;1,027;2,22E-4;221,57;102,73;6,12E-4;0,00
0,850;4,292;1,028;2,22E-4;221,58;102,79;5,98E-4;0,00
0,851;4,292;1,028;2,22E-4;221,57;102,77;6,18E-4;0,00
0,852;4,292;1,027;2,22E-4;221,57;102,74;6,21E-4;0,00
0,853;4,291;1,027;2,22E-4;221,55;102,70;6,50E-4;0,00
0,854;4,292;1,027;2,22E-4;221,57;102,75;6,27E-4;0,00
0,855;4,292;1,028;2,22E-4;221,58;102,80;5,94E-4;0,00
0,856;4,292;1,028;2,22E-4;221,57;102,80;6,14E-4;0,00
0,857;4,292;1,028;2,22E-4;221,56;102,77;6,30E-4;0,00
0,858;4,292;1,027;2,22E-4;221,56;102,74;6,43E-4;0,00
0,859;4,291;1,028;2,22E-4;221,56;102,77;6,45E-4;0,00
0,860;4,292;1,028;2,22E-4;221,57;102,79;6,20E-4;0,00
0,861;4,291;1,028;2,22E-4;221,54;102,75;6,71E-4;0,00
0,862;4,291;1,027;2,22E-4;221,53;102,72;6,97E-4;0,00
0,863;4,291;1,028;2,22E-4;221,54;102,77;6,80E-4;0,00
0,864;4,291;1,027;2,22E-4;221,53;102,73;6,88E-4;0,00
0,865;4,291;1,028;2,22E-4;221,55;102,77;6,67E-4;0,00
0,866;4,291;1,028;2,22E-4;221,54;102,80;6,72E-4;0,00
0,867;4,291;1,028;2,22E-4;221,53;102,78;6,88E-4;0,00
0,868;4,291;1,028;2,22E-4;221,54;102,77;6,82E-4;0,00
0,869;4,292;1,029;2,22E-4;221,56;102,87;6,41E-4;0,00
0,870;4,291;1,029;2,22E-4;221,55;102,88;6,58E-4;0,00
0,871;4,291;1,029;2,22E-4;221,55;102,86;6,57E-4;0,00
0,872;4,291;1,029;2,22E-4;221,56;102,85;6,48E-4;0,00
0,873;4,291;1,028;2,22E-4;221,54;102,82;6,73E-4;0,00
0,874;4,291;1,028;2,22E-4;221,55;102,85;6,51E-4;0,00
0,875;4,290;1,027;2,22E-4;221,52;102,75;7,20E-4;0,00
0,876;4,290;1,027;2,22E-4;221,52;102,74;7,22E-4;0,00
0,877;4,291;1,028;2,22E-4;221,53;102,77;7,07E-4;0,00
0,878;4,291;1,029;2,22E-4;221,55;102,87;6,62E-4;0,00
0,879;4,291;1,029;2,22E-4;221,53;102,86;6,95E-4;0,00
0,880;4,291;1,028;2,22E-4;221,53;102,83;6,93E-4;0,00
0,881;4,291;1,029;2,22E-4;221,54;102,86;6,84E-4;0,00
0,882;4,291;1,028;2,22E-4;221,53;102,81;6,92E-4;0,00
0,883;4,290;1,028;2,22E-4;221,51;102,77;7,41E-4;0,00
0,884;4,289;1,027;2,21E-4;221,47;102,69;8,21E-4;9,77E-4
0,885;4,290;1,028;2,22E-4;221,51;102,82;7,45E-4;0,00
0,886;4,290;1,028;2,22E-4;221,51;102,83;7,43E-4;0,00
0,887;4,289;1,027;2,21E-4;221,49;102,71;7,84E-4;0,00
0,888;4,289;1,027;2,21E-4;221,47;102,71;8,05E-4;0,00
0,889;4,289;1,027;2,21E-4;221,47;102,74;8,07E-4;0,00
0,890;4,290;1,028;2,22E-4;221,52;102,83;7,26E-4;0,00
0,891;4,290;1,028;2,22E-4;221,50;102,84;7,55E-4;0,00
0,892;4,290;1,028;2,21E-4;221,49;102,84;7,69E-4;0,00
0,893;4,289;1,028;2,21E-4;221,49;102,83;7,71E-4;0,00
0,894;4,289;1,028;2,21E-4;221,47;102,77;8,14E-4;0,00
0,895;4,289;1,029;2,21E-4;221,49;102,85;7,75E-4;0,00
0,896;4,288;1,028;2,21E-4;221,46;102,78;8,44E-4;0,00
0,897;4,288;1,028;2,21E-4;221,45;102,76;8,53E-4;0,00
0,898;4,289;1,029;2,21E-4;221,49;102,87;7,85E-4;0,00
0,899;4,289;1,028;2,21E-4;221,47;102,82;8,13E-4;0,00
0,900;4,289;1,028;2,21E-4;221,48;102,84;7,99E-4;0,00
0,901;4,289;1,028;2,21E-4;221,48;102,83;7,91E-4;0,00
0,902;4,290;1,029;2,21E-4;221,50;102,94;7,63E-4;0,00
0,903;4,290;1,029;2,21E-4;221,49;102,93;7,68E-4;0,00
0,904;4,289;1,029;2,21E-4;221,48;102,89;7,92E-4;0,00
0,905;4,289;1,029;2,21E-4;221,49;102,94;7,72E-4;0,00
0,906;4,290;1,030;2,22E-4;221,50;102,98;7,50E-4;0,00
0,907;4,289;1,028;2,21E-4;221,46;102,85;8,31E-4;0,00
0,908;4,288;1,029;2,21E-4;221,46;102,86;8,34E-4;0,00
0,909;4,288;1,028;2,21E-4;221,45;102,83;8,51E-4;0,00
0,910;4,288;1,028;2,21E-4;221,43;102,80;8,92E-4;0,00
0,911;4,289;1,029;2,21E-4;221,47;102,92;8,15E-4;0,00
0,912;4,288;1,028;2,21E-4;221,44;102,77;8,82E-4;0,00
0,913;4,287;1,028;2,21E-4;221,43;102,77;9,00E-4;0,00
0,914;4,287;1,028;2,21E-4;221,42;102,76;9,08E-4;0,00
0,915;4,287;1,027;2,21E-4;221,40;102,75;9,48E-4;0,00
0,916;4,288;1,028;2,21E-4;221,44;102,83;8,76E-4;0,00
0,917;4,287;1,028;2,21E-4;221,42;102,78;9,06E-4;0,00
0,918;4,288;1,029;2,21E-4;221,46;102,90;8,34E-4;0,00
0,919;4,287;1,028;2,21E-4;221,43;102,79;8,97E-4;0,00
0,920;4,288;1,029;2,21E-4;221,46;102,93;8,41E-4;0,00
0,921;4,287;1,028;2,21E-4;221,41;102,79;9,30E-4;0,00
0,922;4,287;1,028;2,21E-4;221,41;102,83;9,27E-4;0,00
0,923;4,286;1,028;2,21E-4;221,39;102,78;9,65E-4;0,00
0,924;4,288;1,029;2,21E-4;221,45;102,95;8,60E-4;0,00
0,925;4,288;1,030;2,21E-4;221,45;102,97;8,47E-4;0,00
0,926;4,287;1,029;2,21E-4;221,41;102,85;9,37E-4;0,00
0,927;4,287;1,028;2,21E-4;221,41;102,85;9,25E-4;0,00
0,928;4,288;1,030;2,21E-4;221,46;102,98;8,37E-4;0,00
0,929;4,289;1,030;2,21E-4;221,48;103,05;8,02E-4;0,00
0,930;4,288;1,030;2,21E-4;221,46;103,03;8,37E-4;0,00
0,931;4,287;1,029;2,21E-4;221,43;102,93;9,03E-4;0,00
0,932;4,286;1,028;2,21E-4;221,39;102,83;9,77E-4;0,00
0,933;4,286;1,028;2,21E-4;221,39;102,80;9,65E-4;0,00
0,934;4,287;1,029;2,21E-4;221,40;102,86;9,48E-4;0,00
0,935;4,288;1,030;2,21E-4;221,45;103,04;8,58E-4;0,00
0,936;4,288;1,030;2,21E-4;221,43;102,96;8,94E-4;0,00
0,937;4,286;1,028;2,21E-4;221,37;102,75;0,00;0,00
0,938;4,286;1,028;2,21E-4;221,39;102,81;9,81E-4;0,00
0,939;4,286;1,028;2,21E-4;221,37;102,80;0,00;0,00
0,940;4,287;1,029;2,21E-4;221,41;102,90;9,39E-4;0,00
0,941;4,286;1,029;2,21E-4;221,40;102,89;9,59E-4;0,00
0,942;4,287;1,029;2,21E-4;221,42;102,91;9,21E-4;0,00
0,943;4,288;1,030;2,21E-4;221,43;102,98;8,84E-4;0,00
0,944;4,287;1,030;2,21E-4;221,42;102,95;9,20E-4;0,00
0,945;4,287;1,029;2,21E-4;221,40;102,91;9,46E-4;0,00
0,946;4,287;1,030;2,21E-4;221,43;103,00;9,01E-4;0,00
0,947;4,286;1,029;2,21E-4;221,39;102,89;9,73E-4;0,00
0,948;4,287;1,030;2,21E-4;221,42;103,00;9,08E-4;0,00
0,949;4,285;1,028;2,21E-4;221,36;102,80;0,00;0,00
0,950;4,286;1,028;2,21E-4;221,37;102,84;0,00;0,00
0,951;4,287;1,029;2,21E-4;221,40;102,94;9,43E-4;0,00
0,952;4,286;1,029;2,21E-4;221,39;102,93;9,65E-4;0,00
0,953;4,285;1,027;2,21E-4;221,34;102,72;0,00;0,00
0,954;4,285;1,028;2,21E-4;221,35;102,78;0,00;0,00
0,955;4,286;1,029;2,21E-4;221,37;102,87;0,00;0,00
0,956;4,286;1,029;2,21E-4;221,39;102,91;9,72E-4;0,00
0,957;4,287;1,030;2,21E-4;221,40;102,99;9,46E-4;0,00
0,958;4,286;1,030;2,21E-4;221,39;102,95;9,76E-4;0,00
0,959;4,287;1,030;2,21E-4;221,42;103,02;9,20E-4;0,00
0,960;4,285;1,029;2,21E-4;221,36;102,89;0,00;0,00
0,961;4,284;1,028;2,21E-4;221,33;102,79;0,00;0,00
0,962;4,285;1,028;2,21E-4;221,34;102,78;0,00;0,00
0,963;4,285;1,029;2,21E-4;221,36;102,89;0,00;0,00
0,964;4,285;1,029;2,21E-4;221,36;102,93;0,00;0,00
0,965;4,286;1,029;2,21E-4;221,37;102,94;0,00;0,00
0,966;4,285;1,029;2,21E-4;221,35;102,89;0,00;0,00
0,967;4,284;1,028;2,21E-4;221,31;102,80;0,00;0,00
0,968;4,285;1,029;2,21E-4;221,35;102,93;0,00;0,00
0,969;4,285;1,029;2,21E-4;221,35;102,91;0,00;0,00
0,970;4,284;1,029;2,21E-4;221,32;102,85;0,00;0,00
0,971;4,284;1,028;2,21E-4;221,32;102,81;0,00;0,00
0,972;4,284;1,028;2,21E-4;221,32;102,82;0,00;0,00
0,973;4,285;1,029;2,21E-4;221,35;102,90;0,00;0,00
0,974;4,285;1,029;2,21E-4;221,35;102,92;0,00;0,00
0,975;4,285;1,029;2,21E-4;221,35;102,90;0,00;0,00
0,976;4,285;1,029;2,21E-4;221,35;102,93;0,00;0,00
0,977;4,285;1,030;2,21E-4;221,34;102,96;0,00;0,00
0,978;4,285;1,029;2,21E-4;221,34;102,94;0,00;0,00
0,979;4,285;1,029;2,21E-4;221,34;102,87;0,00;0,00
0,980;4,285;1,029;2,21E-4;221,34;102,89;0,00;0,00
0,981;4,285;1,030;2,21E-4;221,36;102,98;0,00;0,00
0,982;4,285;1,030;2,21E-4;221,35;102,98;0,00;0,00
0,983;4,283;1,028;2,21E-4;221,30;102,79;0,00;0,00
0,984;4,284;1,029;2,21E-4;221,32;102,88;0,00;0,00
0,985;4,284;1,029;2,21E-4;221,32;102,86;0,00;0,00
0,986;4,284;1,029;2,21E-4;221,33;102,91;0,00;0,00
0,987;4,285;1,030;2,21E-4;221,34;102,97;0,00;0,00
0,988;4,283;1,028;2,21E-4;221,30;102,83;0,00;0,00
0,989;4,283;1,028;2,21E-4;221,30;102,83;0,00;0,00
0,990;4,284;1,029;2,21E-4;221,32;102,94;0,00;0,00
0,991;4,284;1,029;2,21E-4;221,31;102,89;0,00;0,00
0,992;4,284;1,029;2,21E-4;221,32;102,89;0,00;0,00
0,993;4,284;1,028;2,21E-4;221,31;102,85;0,00;0,00
0,994;4,285;1,030;2,21E-4;221,34;103,02;0,00;0,00
0,995;4,283;1,028;2,21E-4;221,29;102,81;0,00;0,00
0,996;4,284;1,029;2,21E-4;221,30;102,91;0,00;0,00
0,997;4,285;1,030;2,21E-4;221,34;103,02;0,00;0,00
0,998;4,284;1,030;2,21E-4;221,33;102,98;0,00;0,00
0,999;4,284;1,029;2,21E-4;221,31;102,93;0,00;0,00
1,000;4,284;1,030;2,21E-4;221,32;102,98;0,00;0,00
1,001;4,284;1,030;2,21E-4;221,33;103,01;0,00;0,00
1,002;4,284;1,030;2,21E-4;221,31;102,97;0,00;0,00
1,003;4,285;1,031;2,21E-4;221,35;103,10;0,00;0,00
1,004;4,284;1,030;2,21E-4;221,31;103,01;0,00;0,00
1,005;4,283;1,029;2,21E-4;221,29;102,89;0,00;0,00
1,006;4,284;1,030;2,21E-4;221,31;103,00;0,00;0,00
1,007;4,284;1,030;2,21E-4;221,32;103,01;0,00;0,00
1,008;4,283;1,029;2,21E-4;221,27;102,88;0,00;0,00
1,009;4,283;1,029;2,21E-4;221,29;102,93;0,00;0,00
1,010;4,283;1,029;2,21E-4;221,28;102,91;0,00;0,00
1,011;4,283;1,030;2,21E-4;221,29;102,98;0,00;0,00
1,012;4,283;1,029;2,21E-4;221,29;102,95;0,00;0,00
1,013;4,283;1,030;2,21E-4;221,28;102,96;0,00;0,00
1,014;4,283;1,030;2,21E-4;221,30;103,01;0,00;0,00
1,015;4,284;1,031;2,21E-4;221,31;103,09;0,00;0,00
1,016;4,283;1,030;2,21E-4;221,29;103,01;0,00;0,00
1,017;4,283;1,030;2,21E-4;221,28;103,00;0,00;0,00
1,018;4,283;1,030;2,21E-4;221,29;103,03;0,00;0,00
1,019;4,283;1,030;2,21E-4;221,29;103,00;0,00;0,00
1,020;4,282;1,030;2,21E-4;221,27;102,97;0,00;0,00
1,021;4,281;1,029;2,21E-4;221,23;102,91;0,00;0,00
1,022;4,283;1,030;2,21E-4;221,27;103,03;0,00;0,00
1,023;4,282;1,030;2,21E-4;221,26;103,04;0,00;0,00
1,024;4,282;1,030;2,21E-4;221,27;103,03;0,00;0,00
1,025;4,282;1,030;2,21E-4;221,25;102,99;0,00;0,00
1,026;4,282;1,030;2,21E-4;221,25;103,00;0,00;0,00
1,027;4,282;1,030;2,21E-4;221,25;103,03;0,00;0,00
1,028;4,281;1,029;2,21E-4;221,23;102,92;0,00;0,00
1,029;4,282;1,030;2,21E-4;221,24;102,96;0,00;0,00
1,030;4,282;1,030;2,21E-4;221,25;103,01;0,00;0,00
1,031;4,281;1,030;2,21E-4;221,23;103,00;0,00;0,00
1,032;4,282;1,030;2,21E-4;221,24;103,02;0,00;0,00
1,033;4,282;1,031;2,21E-4;221,26;103,09;0,00;0,00
1,034;4,283;1,031;2,21E-4;221,27;103,10;0,00;0,00
1,035;4,280;1,029;2,21E-4;221,19;102,89;0,00;0,00
1,036;4,281;1,030;2,21E-4;221,22;103,02;0,00;0,00
1,037;4,281;1,030;2,21E-4;221,23;103,04;0,00;0,00
1,038;4,280;1,029;2,21E-4;221,19;102,91;0,00;0,00
1,039;4,280;1,030;2,21E-4;221,20;102,98;0,00;0,00
1,040;4,280;1,030;2,21E-4;221,19;103,00;0,00;0,00
1,041;4,281;1,030;2,21E-4;221,21;103,04;0,00;0,00
1,042;4,280;1,030;2,21E-4;221,19;103,01;0,00;0,00
1,043;4,280;1,030;2,21E-4;221,18;102,96;0,00;0,00
1,044;4,280;1,030;2,21E-4;221,18;102,98;0,00;0,00
1,045;4,280;1,030;2,21E-4;221,18;102,98;0,00;0,00
1,046;4,280;1,030;2,21E-4;221,18;102,98;0,00;0,00
1,047;4,279;1,029;2,21E-4;221,16;102,94;0,00;0,00
1,048;4,280;1,030;2,21E-4;221,19;103,03;0,00;0,00
1,049;4,280;1,030;2,21E-4;221,18;102,99;0,00;0,00
1,050;4,280;1,031;2,21E-4;221,20;103,07;0,00;0,00
1,051;4,280;1,030;2,21E-4;221,18;103,04;0,00;0,00
1,052;4,280;1,030;2,21E-4;221,18;103,02;0,00;0,00
1,053;4,280;1,030;2,21E-4;221,18;103,02;0,00;0,00
1,054;4,279;1,030;2,21E-4;221,17;102,98;0,00;0,00
1,055;4,280;1,030;2,21E-4;221,17;103,00;0,00;0,00
1,056;4,280;1,030;2,21E-4;221,19;103,01;0,00;0,00
1,057;4,279;1,030;2,21E-4;221,16;102,98;0,00;0,00
1,058;4,280;1,031;2,21E-4;221,18;103,05;0,00;0,00
1,059;4,280;1,030;2,21E-4;221,18;103,03;0,00;0,00
1,060;4,279;1,030;2,21E-4;221,16;102,99;0,00;0,00
1,061;4,280;1,031;2,21E-4;221,19;103,09;0,00;0,00
1,062;4,281;1,031;2,21E-4;221,21;103,11;0,00;0,00
1,063;4,279;1,030;2,21E-4;221,16;102,97;0,00;0,00
1,064;4,278;1,030;2,21E-4;221,14;102,96;0,00;0,00
1,065;4,279;1,030;2,21E-4;221,15;103,00;0,00;0,00
1,066;4,279;1,030;2,21E-4;221,15;102,98;0,00;0,00
1,067;4,280;1,031;2,21E-4;221,18;103,10;0,00;0,00
1,068;4,279;1,030;2,21E-4;221,17;103,01;0,00;0,00
1,069;4,280;1,031;2,21E-4;221,17;103,08;0,00;0,00
1,070;4,279;1,030;2,21E-4;221,16;102,99;0,00;0,00
1,071;4,279;1,030;2,21E-4;221,16;103,00;0,00;0,00
1,072;4,279;1,031;2,21E-4;221,17;103,06;0,00;0,00
1,073;4,279;1,030;2,21E-4;221,15;102,97;0,00;0,00
1,074;4,280;1,030;2,21E-4;221,17;103,04;0,00;0,00
1,075;4,279;1,030;2,21E-4;221,16;103,02;0,00;0,00
1,076;4,279;1,031;2,21E-4;221,17;103,05;0,00;0,00
1,077;4,279;1,030;2,21E-4;221,16;103,02;0,00;0,00
1,078;4,279;1,030;2,21E-4;221,15;103,03;0,00;0,00
1,079;4,279;1,030;2,21E-4;221,16;103,05;0,00;0,00
1,080;4,278;1,030;2,21E-4;221,14;102,96;0,00;0,00
1,081;4,279;1,030;2,21E-4;221,15;103,00;0,00;0,00
1,082;4,279;1,031;2,21E-4;221,17;103,09;0,00;0,00
1,083;4,280;1,031;2,21E-4;221,18;103,11;0,00;0,00
1,084;4,278;1,030;2,21E-4;221,13;102,96;0,00;0,00
1,085;4,278;1,030;2,21E-4;221,13;102,98;0,00;0,00
1,086;4,280;1,031;2,21E-4;221,18;103,10;0,00;0,00
1,087;4,280;1,031;2,21E-4;221,17;103,08;0,00;0,00
1,088;4,277;1,029;2,21E-4;221,10;102,92;0,00;0,00
1,089;4,278;1,030;2,21E-4;221,12;102,95;0,00;0,00
1,090;4,278;1,030;2,21E-4;221,13;103,02;0,00;0,00
1,091;4,278;1,030;2,21E-4;221,13;103,00;0,00;0,00
1,092;4,278;1,029;2,21E-4;221,12;102,92;0,00;0,00
1,093;4,278;1,029;2,21E-4;221,12;102,93;0,00;0,00
1,094;4,278;1,030;2,21E-4;221,13;103,00;0,00;0,00
1,095;4,279;1,031;2,21E-4;221,16;103,13;0,00;0,00
1,096;4,279;1,031;2,21E-4;221,17;103,13;0,00;0,00
1,097;4,279;1,031;2,21E-4;221,17;103,10;0,00;0,00
1,098;4,278;1,030;2,21E-4;221,12;102,98;0,00;0,00
1,099;4,278;1,030;2,21E-4;221,13;103,01;0,00;0,00
1,100;4,277;1,029;2,21E-4;221,09;102,90;0,00;0,00
1,101;4,277;1,029;2,21E-4;221,11;102,94;0,00;0,00
1,102;4,279;1,031;2,21E-4;221,16;103,08;0,00;0,00
1,103;4,279;1,031;2,21E-4;221,14;103,08;0,00;0,00
1,104;4,279;1,031;2,21E-4;221,15;103,11;0,00;0,00
1,105;4,279;1,031;2,21E-4;221,14;103,09;0,00;0,00
1,106;4,278;1,031;2,21E-4;221,13;103,07;0,00;0,00
1,107;4,278;1,031;2,21E-4;221,14;103,05;0,00;0,00
1,108;4,279;1,031;2,21E-4;221,16;103,13;0,00;0,00
1,109;4,277;1,029;2,21E-4;221,10;102,95;0,00;0,00
1,110;4,277;1,029;2,21E-4;221,08;102,91;0,00;0,00
1,111;4,278;1,030;2,21E-4;221,12;103,00;0,00;0,00
1,112;4,278;1,030;2,21E-4;221,12;103,00;0,00;0,00
1,113;4,278;1,030;2,21E-4;221,13;103,04;0,00;0,00
1,114;4,278;1,031;2,21E-4;221,13;103,06;0,00;0,00
1,115;4,278;1,030;2,21E-4;221,11;103,00;0,00;0,00
1,116;4,277;1,030;2,21E-4;221,10;102,96;0,00;0,00
1,117;4,277;1,029;2,21E-4;221,09;102,94;0,00;0,00
1,118;4,278;1,031;2,21E-4;221,14;103,12;0,00;0,00
1,119;4,279;1,032;2,21E-4;221,16;103,15;0,00;0,00
1,120;4,279;1,031;2,21E-4;221,15;103,10;0,00;0,00
1,121;4,279;1,031;2,21E-4;221,16;103,14;0,00;0,00
1,122;4,278;1,030;2,21E-4;221,14;103,02;0,00;0,00
1,123;4,277;1,030;2,21E-4;221,10;102,96;0,00;0,00
1,124;4,276;1,028;2,21E-4;221,07;102,85;0,00;0,00
1,125;4,278;1,030;2,21E-4;221,11;102,99;0,00;0,00
1,126;4,278;1,030;2,21E-4;221,11;102,95;0,00;0,00
1,127;4,278;1,030;2,21E-4;221,13;103,04;0,00;0,00
1,128;4,279;1,031;2,21E-4;221,14;103,07;0,00;0,00
1,129;4,278;1,030;2,21E-4;221,12;103,00;0,00;0,00
1,130;4,278;1,031;2,21E-4;221,14;103,06;0,00;0,00
1,131;4,279;1,031;2,21E-4;221,16;103,14;0,00;0,00
1,132;4,278;1,031;2,21E-4;221,14;103,08;0,00;0,00
1,133;4,279;1,031;2,21E-4;221,14;103,09;0,00;0,00
1,134;4,278;1,030;2,21E-4;221,12;103,02;0,00;0,00
1,135;4,278;1,030;2,21E-4;221,11;103,01;0,00;0,00
1,136;4,277;1,029;2,21E-4;221,10;102,92;0,00;0,00
1,137;4,277;1,029;2,21E-4;221,11;102,94;0,00;0,00
1,138;4,278;1,030;2,21E-4;221,12;103,01;0,00;0,00
1,139;4,279;1,031;2,21E-4;221,15;103,08;0,00;0,00
1,140;4,278;1,030;2,21E-4;221,12;103,02;0,00;0,00
1,141;4,277;1,030;2,21E-4;221,10;102,97;0,00;0,00
1,142;4,278;1,031;2,21E-4;221,13;103,05;0,00;0,00
1,143;4,278;1,030;2,21E-4;221,12;103,02;0,00;0,00
1,144;4,278;1,031;2,21E-4;221,13;103,07;0,00;0,00
1,145;4,278;1,030;2,21E-4;221,12;103,04;0,00;0,00
1,146;4,277;1,030;2,21E-4;221,11;103,00;0,00;0,00
1,147;4,278;1,031;2,21E-4;221,12;103,05;0,00;0,00
1,148;4,278;1,031;2,21E-4;221,14;103,10;0,00;0,00
1,149;4,278;1,031;2,21E-4;221,13;103,06;0,00;0,00
1,150;4,279;1,031;2,21E-4;221,15;103,11;0,00;0,00
1,151;4,277;1,029;2,21E-4;221,08;102,89;0,00;0,00
1,152;4,278;1,030;2,21E-4;221,12;103,01;0,00;0,00
1,153;4,278;1,031;2,21E-4;221,14;103,12;0,00;0,00
1,154;4,279;1,031;2,21E-4;221,16;103,14;0,00;0,00
1,155;4,278;1,030;2,21E-4;221,12;103,03;0,00;0,00
1,156;4,278;1,030;2,21E-4;221,12;103,02;0,00;0,00
1,157;4,278;1,031;2,21E-4;221,13;103,07;0,00;0,00
1,158;4,279;1,031;2,21E-4;221,14;103,08;0,00;0,00
1,159;4,278;1,030;2,21E-4;221,12;103,03;0,00;0,00
1,160;4,278;1,031;2,21E-4;221,13;103,06;0,00;0,00
1,161;4,278;1,031;2,21E-4;221,14;103,11;0,00;0,00
1,162;4,279;1,031;2,21E-4;221,14;103,12;0,00;0,00
1,163;4,278;1,030;2,21E-4;221,12;103,04;0,00;0,00
1,164;4,277;1,030;2,21E-4;221,10;102,99;0,00;0,00
1,165;4,276;1,029;2,21E-4;221,07;102,91;0,00;0,00
1,166;4,278;1,030;2,21E-4;221,11;103,00;0,00;0,00
1,167;4,278;1,030;2,21E-4;221,11;102,99;0,00;0,00
1,168;4,278;1,030;2,21E-4;221,13;103,04;0,00;0,00
1,169;4,279;1,031;2,21E-4;221,16;103,15;0,00;0,00
1,170;4,279;1,031;2,21E-4;221,14;103,09;0,00;0,00
1,171;4,278;1,031;2,21E-4;221,13;103,09;0,00;0,00
1,172;4,277;1,030;2,21E-4;221,11;103,02;0,00;0,00
1,173;4,277;1,030;2,21E-4;221,10;103,05;0,00;0,00
1,174;4,278;1,031;2,21E-4;221,12;103,06;0,00;0,00
1,175;4,276;1,029;2,21E-4;221,07;102,94;0,00;0,00
1,176;4,278;1,031;2,21E-4;221,14;103,13;0,00;0,00
1,177;4,277;1,029;2,21E-4;221,09;102,95;0,00;0,00
1,178;4,277;1,030;2,21E-4;221,09;102,99;0,00;0,00
1,179;4,277;1,030;2,21E-4;221,10;103,00;0,00;0,00
1,180;4,278;1,031;2,21E-4;221,12;103,11;0,00;0,00
1,181;4,278;1,031;2,21E-4;221,12;103,08;0,00;0,00
1,182;4,279;1,032;2,21E-4;221,15;103,16;0,00;0,00
1,183;4,278;1,031;2,21E-4;221,12;103,07;0,00;0,00
1,184;4,278;1,031;2,21E-4;221,13;103,11;0,00;0,00
1,185;4,277;1,030;2,21E-4;221,09;102,98;0,00;0,00
1,186;4,277;1,030;2,21E-4;221,10;103,00;0,00;0,00
1,187;4,279;1,031;2,21E-4;221,14;103,11;0,00;0,00
1,188;4,277;1,030;2,21E-4;221,11;103,00;0,00;0,00
1,189;4,277;1,030;2,21E-4;221,10;103,00;0,00;0,00
1,190;4,278;1,030;2,21E-4;221,11;103,05;0,00;0,00
1,191;4,277;1,030;2,21E-4;221,09;102,99;0,00;0,00
1,192;4,279;1,031;2,21E-4;221,14;103,14;0,00;0,00
1,193;4,278;1,031;2,21E-4;221,13;103,11;0,00;0,00
1,194;4,277;1,031;2,21E-4;221,11;103,05;0,00;0,00
1,195;4,277;1,030;2,21E-4;221,11;102,99;0,00;0,00
1,196;4,278;1,031;2,21E-4;221,12;103,06;0,00;0,00
1,197;4,277;1,030;2,21E-4;221,10;103,02;0,00;0,00
1,198;4,278;1,031;2,21E-4;221,13;103,10;0,00;0,00
1,199;4,279;1,032;2,21E-4;221,15;103,18;0,00;0,00
1,200;4,279;1,032;2,21E-4;221,17;103,21;0,00;0,00
1,201;4,278;1,031;2,21E-4;221,13;103,13;0,00;0,00
1,202;4,278;1,031;2,21E-4;221,12;103,07;0,00;0,00
1,203;4,278;1,030;2,21E-4;221,12;103,03;0,00;0,00
1,204;4,278;1,030;2,21E-4;221,12;103,04;0,00;0,00
1,205;4,277;1,030;2,21E-4;221,10;103,00;0,00;0,00
1,206;4,277;1,029;2,21E-4;221,09;102,93;0,00;0,00
1,207;4,277;1,030;2,21E-4;221,09;102,96;0,00;0,00
1,208;4,279;1,031;2,21E-4;221,14;103,11;0,00;0,00
1,209;4,278;1,031;2,21E-4;221,13;103,06;0,00;0,00
1,210;4,277;1,030;2,21E-4;221,10;102,99;0,00;0,00
1,211;4,279;1,031;2,21E-4;221,15;103,10;0,00;0,00
1,212;4,278;1,031;2,21E-4;221,13;103,06;0,00;0,00
1,213;4,279;1,031;2,21E-4;221,14;103,07;0,00;0,00
1,214;4,276;1,029;2,21E-4;221,07;102,88;0,00;0,00
1,215;4,278;1,030;2,21E-4;221,12;103,03;0,00;0,00
1,216;4,278;1,031;2,21E-4;221,12;103,10;0,00;0,00
1,217;4,277;1,030;2,21E-4;221,10;103,03;0,00;0,00
1,218;4,279;1,031;2,21E-4;221,16;103,14;0,00;0,00
1,219;4,280;1,032;2,21E-4;221,17;103,17;0,00;0,00
1,220;4,278;1,030;2,21E-4;221,11;103,00;0,00;0,00
1,221;4,277;1,030;2,21E-4;221,10;102,96;0,00;0,00
1,222;4,279;1,031;2,21E-4;221,15;103,09;0,00;0,00
1,223;4,278;1,031;2,21E-4;221,14;103,08;0,00;0,00
1,224;4,278;1,030;2,21E-4;221,13;103,01;0,00;0,00
1,225;4,279;1,031;2,21E-4;221,14;103,11;0,00;0,00
1,226;4,279;1,031;2,21E-4;221,15;103,11;0,00;0,00
1,227;4,279;1,031;2,21E-4;221,14;103,08;0,00;0,00
1,228;4,279;1,032;2,21E-4;221,16;103,18;0,00;0,00
1,229;4,279;1,031;2,21E-4;221,14;103,11;0,00;0,00
1,230;4,278;1,030;2,21E-4;221,12;103,01;0,00;0,00
1,231;4,278;1,030;2,21E-4;221,12;103,04;0,00;0,00
1,232;4,278;1,031;2,21E-4;221,13;103,08;0,00;0,00
1,233;4,278;1,030;2,21E-4;221,12;103,04;0,00;0,00
1,234;4,278;1,030;2,21E-4;221,11;103,03;0,00;0,00
1,235;4,278;1,030;2,21E-4;221,12;103,03;0,00;0,00
1,236;4,278;1,030;2,21E-4;221,11;103,04;0,00;0,00
1,237;4,278;1,030;2,21E-4;221,12;103,04;0,00;0,00
1,238;4,278;1,031;2,21E-4;221,13;103,09;0,00;0,00
1,239;4,278;1,031;2,21E-4;221,13;103,08;0,00;0,00
1,240;4,277;1,030;2,21E-4;221,11;102,98;0,00;0,00
1,241;4,278;1,031;2,21E-4;221,13;103,08;0,00;0,00
1,242;4,278;1,030;2,21E-4;221,12;103,04;0,00;0,00
1,243;4,278;1,030;2,21E-4;221,12;102,99;0,00;0,00
1,244;4,278;1,031;2,21E-4;221,13;103,12;0,00;0,00
1,245;4,279;1,032;2,21E-4;221,16;103,15;0,00;0,00
1,246;4,279;1,032;2,21E-4;221,15;103,19;0,00;0,00
1,247;4,278;1,031;2,21E-4;221,13;103,07;0,00;0,00
1,248;4,279;1,031;2,21E-4;221,14;103,11;0,00;0,00
1,249;4,279;1,032;2,21E-4;221,15;103,16;0,00;0,00
1,250;4,278;1,030;2,21E-4;221,12;103,04;0,00;0,00
1,251;4,277;1,030;2,21E-4;221,10;102,98;0,00;0,00
1,252;4,278;1,031;2,21E-4;221,12;103,11;0,00;0,00
1,253;4,279;1,032;2,21E-4;221,15;103,15;0,00;0,00
1,254;4,279;1,031;2,21E-4;221,15;103,14;0,00;0,00
1,255;4,277;1,030;2,21E-4;221,09;102,95;0,00;0,00
1,256;4,278;1,030;2,21E-4;221,11;102,99;0,00;0,00
1,257;4,278;1,031;2,21E-4;221,14;103,12;0,00;0,00
1,258;4,279;1,032;2,21E-4;221,16;103,15;0,00;0,00
1,259;4,278;1,031;2,21E-4;221,13;103,12;0,00;0,00
1,260;4,278;1,031;2,21E-4;221,14;103,10;0,00;0,00
1,261;4,276;1,029;2,21E-4;221,07;102,91;0,00;0,00
1,262;4,278;1,030;2,21E-4;221,11;103,04;0,00;0,00
1,263;4,277;1,030;2,21E-4;221,09;102,95;0,00;0,00
1,264;4,276;1,029;2,21E-4;221,08;102,87;0,00;0,00
1,265;4,278;1,030;2,21E-4;221,12;103,02;0,00;0,00
1,266;4,279;1,031;2,21E-4;221,14;103,14;0,00;0,00
1,267;4,279;1,031;2,21E-4;221,14;103,09;0,00;0,00
1,268;4,277;1,030;2,21E-4;221,11;103,00;0,00;0,00
1,269;4,277;1,030;2,21E-4;221,10;102,99;0,00;0,00
1,270;4,277;1,030;2,21E-4;221,10;102,98;0,00;0,00
1,271;4,278;1,031;2,21E-4;221,12;103,06;0,00;0,00
1,272;4,277;1,030;2,21E-4;221,10;103,02;0,00;0,00
1,273;4,278;1,031;2,21E-4;221,13;103,08;0,00;0,00
1,274;4,280;1,032;2,21E-4;221,17;103,21;0,00;0,00
1,275;4,280;1,032;2,21E-4;221,17;103,25;0,00;0,00
1,276;4,280;1,032;2,21E-4;221,18;103,23;0,00;0,00
1,277;4,279;1,031;2,21E-4;221,15;103,15;0,00;0,00
1,278;4,279;1,032;2,21E-4;221,17;103,21;0,00;0,00
1,279;4,278;1,030;2,21E-4;221,13;103,04;0,00;0,00
1,280;4,278;1,030;2,21E-4;221,12;103,04;0,00;0,00
1,281;4,279;1,031;2,21E-4;221,16;103,14;0,00;0,00
1,282;4,278;1,030;2,21E-4;221,12;103,03;0,00;0,00
1,283;4,277;1,030;2,21E-4;221,11;103,01;0,00;0,00
1,284;4,277;1,029;2,21E-4;221,09;102,94;0,00;0,00
1,285;4,278;1,030;2,21E-4;221,12;103,05;0,00;0,00
1,286;4,277;1,029;2,21E-4;221,09;102,94;0,00;0,00
1,287;4,276;1,029;2,21E-4;221,07;102,89;0,00;0,00
1,288;4,279;1,031;2,21E-4;221,14;103,09;0,00;0,00
1,289;4,279;1,031;2,21E-4;221,14;103,10;0,00;0,00
1,290;4,279;1,031;2,21E-4;221,15;103,15;0,00;0,00
1,291;4,279;1,031;2,21E-4;221,15;103,13;0,00;0,00
1,292;4,277;1,029;2,21E-4;221,09;102,92;0,00;0,00
1,293;4,278;1,031;2,21E-4;221,13;103,06;0,00;0,00
1,294;4,279;1,031;2,21E-4;221,14;103,07;0,00;0,00
1,295;4,278;1,030;2,21E-4;221,13;103,02;0,00;0,00
1,296;4,278;1,029;2,21E-4;221,12;102,93;0,00;0,00
1,297;4,278;1,029;2,21E-4;221,11;102,93;0,00;0,00
1,298;4,279;1,030;2,21E-4;221,14;103,03;0,00;0,00
1,299;4,279;1,031;2,21E-4;221,15;103,06;0,00;0,00
1,300;4,279;1,031;2,21E-4;221,15;103,09;0,00;0,00
1,301;4,280;1,031;2,21E-4;221,18;103,10;0,00;0,00
1,302;4,279;1,030;2,21E-4;221,14;103,02;0,00;0,00
1,303;4,279;1,031;2,21E-4;221,15;103,07;0,00;0,00
1,304;4,278;1,030;2,21E-4;221,14;102,99;0,00;0,00
1,305;4,280;1,032;2,21E-4;221,19;103,17;0,00;0,00
1,306;4,279;1,031;2,21E-4;221,17;103,09;0,00;0,00
1,307;4,278;1,030;2,21E-4;221,14;103,02;0,00;0,00
1,308;4,279;1,031;2,21E-4;221,16;103,06;0,00;0,00
1,309;4,279;1,031;2,21E-4;221,15;103,06;0,00;0,00
1,310;4,280;1,031;2,21E-4;221,19;103,14;0,00;0,00
1,311;4,278;1,030;2,21E-4;221,14;103,00;0,00;0,00
1,312;4,279;1,031;2,21E-4;221,17;103,07;0,00;0,00
1,313;4,279;1,031;2,21E-4;221,16;103,07;0,00;0,00
1,314;4,279;1,030;2,21E-4;221,16;103,05;0,00;0,00
1,315;4,279;1,030;2,21E-4;221,14;102,98;0,00;0,00
1,316;4,280;1,031;2,21E-4;221,19;103,12;0,00;0,00
1,317;4,280;1,031;2,21E-4;221,17;103,09;0,00;0,00
1,318;4,279;1,030;2,21E-4;221,17;103,03;0,00;0,00
1,319;4,279;1,031;2,21E-4;221,17;103,06;0,00;0,00
1,320;4,279;1,030;2,21E-4;221,15;103,04;0,00;0,00
1,321;4,278;1,029;2,21E-4;221,13;102,93;0,00;0,00
1,322;4,279;1,029;2,21E-4;221,14;102,95;0,00;0,00
1,323;4,279;1,030;2,21E-4;221,17;103,05;0,00;0,00
1,324;4,278;1,030;2,21E-4;221,14;102,95;0,00;0,00
1,325;4,279;1,030;2,21E-4;221,14;102,99;0,00;0,00
1,326;4,279;1,030;2,21E-4;221,15;102,98;0,00;0,00
1,327;4,278;1,029;2,21E-4;221,13;102,93;0,00;0,00
1,328;4,280;1,031;2,21E-4;221,18;103,10;0,00;0,00
1,329;4,280;1,031;2,21E-4;221,19;103,12;0,00;0,00
1,330;4,279;1,030;2,21E-4;221,15;103,02;0,00;0,00
1,331;4,278;1,029;2,21E-4;221,12;102,92;0,00;0,00
1,332;4,278;1,030;2,21E-4;221,14;102,98;0,00;0,00
1,333;4,279;1,031;2,21E-4;221,16;103,05;0,00;0,00
1,334;4,279;1,030;2,21E-4;221,16;103,04;0,00;0,00
1,335;4,278;1,029;2,21E-4;221,13;102,93;0,00;0,00
1,336;4,279;1,030;2,21E-4;221,16;103,02;0,00;0,00
1,337;4,279;1,030;2,21E-4;221,16;103,03;0,00;0,00
1,338;4,280;1,031;2,21E-4;221,18;103,10;0,00;0,00
1,339;4,278;1,029;2,21E-4;221,14;102,93;0,00;0,00
1,340;4,279;1,030;2,21E-4;221,15;102,99;0,00;0,00
1,341;4,279;1,030;2,21E-4;221,15;102,95;0,00;0,00
1,342;4,279;1,031;2,21E-4;221,17;103,07;0,00;0,00
1,343;4,279;1,030;2,21E-4;221,15;102,97;0,00;0,00
1,344;4,279;1,031;2,21E-4;221,17;103,07;0,00;0,00
1,345;4,279;1,030;2,21E-4;221,15;102,98;0,00;0,00
1,346;4,279;1,030;2,21E-4;221,14;102,98;0,00;0,00
1,347;4,279;1,030;2,21E-4;221,15;102,99;0,00;0,00
1,348;4,278;1,029;2,21E-4;221,11;102,90;0,00;0,00
1,349;4,278;1,029;2,21E-4;221,12;102,94;0,00;0,00
1,350;4,278;1,030;2,21E-4;221,13;102,96;0,00;0,00
1,351;4,279;1,030;2,21E-4;221,15;103,02;0,00;0,00
1,352;4,279;1,031;2,21E-4;221,16;103,06;0,00;0,00
1,353;4,279;1,030;2,21E-4;221,15;103,05;0,00;0,00
1,354;4,278;1,029;2,21E-4;221,13;102,93;0,00;0,00
1,355;4,279;1,030;2,21E-4;221,15;103,04;0,00;0,00
1,356;4,278;1,030;2,21E-4;221,14;103,01;0,00;0,00
1,357;4,280;1,031;2,21E-4;221,18;103,12;0,00;0,00
1,358;4,278;1,029;2,21E-4;221,11;102,91;0,00;0,00
1,359;4,279;1,030;2,21E-4;221,16;103,05;0,00;0,00
1,360;4,279;1,030;2,21E-4;221,15;103,03;0,00;0,00
1,361;4,279;1,030;2,21E-4;221,15;103,00;0,00;0,00
1,362;4,279;1,030;2,21E-4;221,14;102,96;0,00;0,00
1,363;4,279;1,030;2,21E-4;221,16;103,03;0,00;0,00
1,364;4,280;1,031;2,21E-4;221,18;103,15;0,00;0,00
1,365;4,280;1,031;2,21E-4;221,18;103,10;0,00;0,00
1,366;4,280;1,031;2,21E-4;221,19;103,14;0,00;0,00
1,367;4,279;1,030;2,21E-4;221,14;103,03;0,00;0,00
1,368;4,278;1,030;2,21E-4;221,13;102,97;0,00;0,00
1,369;4,278;1,029;2,21E-4;221,12;102,91;0,00;0,00
1,370;4,278;1,030;2,21E-4;221,13;102,97;0,00;0,00
1,371;4,278;1,030;2,21E-4;221,13;102,96;0,00;0,00
1,372;4,279;1,030;2,21E-4;221,16;103,02;0,00;0,00
1,373;4,279;1,031;2,21E-4;221,17;103,10;0,00;0,00
1,374;4,279;1,030;2,21E-4;221,14;103,01;0,00;0,00
1,375;4,279;1,030;2,21E-4;221,14;103,00;0,00;0,00
1,376;4,279;1,030;2,21E-4;221,15;102,99;0,00;0,00
1,377;4,278;1,029;2,21E-4;221,12;102,90;0,00;0,00
1,378;4,279;1,030;2,21E-4;221,15;103,02;0,00;0,00
1,379;4,278;1,029;2,21E-4;221,12;102,90;0,00;0,00
1,380;4,278;1,029;2,21E-4;221,13;102,94;0,00;0,00
1,381;4,278;1,029;2,21E-4;221,11;102,94;0,00;0,00
1,382;4,279;1,030;2,21E-4;221,16;103,02;0,00;0,00
1,383;4,279;1,031;2,21E-4;221,16;103,05;0,00;0,00
1,384;4,279;1,031;2,21E-4;221,17;103,12;0,00;0,00
1,385;4,279;1,031;2,21E-4;221,16;103,08;0,00;0,00
1,386;4,279;1,031;2,21E-4;221,16;103,06;0,00;0,00
1,387;4,280;1,031;2,21E-4;221,17;103,07;0,00;0,00
1,388;4,279;1,031;2,21E-4;221,17;103,08;0,00;0,00
1,389;4,279;1,030;2,21E-4;221,15;103,02;0,00;0,00
1,390;4,278;1,030;2,21E-4;221,13;102,96;0,00;0,00
1,391;4,279;1,030;2,21E-4;221,15;103,00;0,00;0,00
1,392;4,277;1,029;2,21E-4;221,11;102,88;0,00;0,00
1,393;4,279;1,030;2,21E-4;221,16;103,03;0,00;0,00
1,394;4,279;1,031;2,21E-4;221,17;103,06;0,00;0,00
1,395;4,278;1,029;2,21E-4;221,11;102,94;0,00;0,00
1,396;4,279;1,030;2,21E-4;221,16;103,03;0,00;0,00
1,397;4,280;1,031;2,21E-4;221,18;103,09;0,00;0,00
1,398;4,279;1,030;2,21E-4;221,15;103,01;0,00;0,00
1,399;4,278;1,030;2,21E-4;221,14;102,97;0,00;0,00
1,400;4,279;1,030;2,21E-4;221,14;103,00;0,00;0,00
1,401;4,280;1,031;2,21E-4;221,18;103,10;0,00;0,00
1,402;4,279;1,030;2,21E-4;221,15;103,00;0,00;0,00
1,403;4,280;1,031;2,21E-4;221,19;103,13;0,00;0,00
1,404;4,277;1,028;2,21E-4;221,10;102,84;0,00;0,00
1,405;4,278;1,029;2,21E-4;221,12;102,91;0,00;0,00
1,406;4,279;1,031;2,21E-4;221,16;103,05;0,00;0,00
1,407;4,279;1,030;2,21E-4;221,15;103,00;0,00;0,00
1,408;4,278;1,029;2,21E-4;221,12;102,92;0,00;0,00
1,409;4,278;1,029;2,21E-4;221,11;102,89;0,00;0,00
1,410;4,279;1,030;2,21E-4;221,14;103,00;0,00;0,00
1,411;4,280;1,031;2,21E-4;221,18;103,09;0,00;0,00
1,412;4,280;1,031;2,21E-4;221,18;103,10;0,00;0,00
1,413;4,280;1,031;2,21E-4;221,18;103,08;0,00;0,00
1,414;4,278;1,029;2,21E-4;221,12;102,89;0,00;0,00
1,415;4,279;1,030;2,21E-4;221,14;102,97;0,00;0,00
1,416;4,279;1,030;2,21E-4;221,16;103,00;0,00;0,00
1,417;4,280;1,031;2,21E-4;221,18;103,09;0,00;0,00
1,418;4,278;1,029;2,21E-4;221,13;102,92;0,00;0,00
1,419;4,278;1,029;2,21E-4;221,13;102,89;0,00;0,00
1,420;4,279;1,030;2,21E-4;221,17;103,04;0,00;0,00
1,421;4,279;1,030;2,21E-4;221,16;102,99;0,00;0,00
1,422;4,280;1,031;2,21E-4;221,20;103,12;0,00;0,00
1,423;4,279;1,030;2,21E-4;221,15;102,99;0,00;0,00
1,424;4,279;1,029;2,21E-4;221,14;102,92;0,00;0,00
1,425;4,277;1,028;2,21E-4;221,11;102,84;0,00;0,00
1,426;4,279;1,030;2,21E-4;221,16;103,01;0,00;0,00
1,427;4,280;1,031;2,21E-4;221,17;103,06;0,00;0,00
1,428;4,278;1,029;2,21E-4;221,13;102,91;0,00;0,00
1,429;4,279;1,030;2,21E-4;221,17;103,02;0,00;0,00
1,430;4,279;1,030;2,21E-4;221,15;102,98;0,00;0,00
1,431;4,279;1,031;2,21E-4;221,17;103,06;0,00;0,00
1,432;4,280;1,031;2,21E-4;221,19;103,12;0,00;0,00
1,433;4,280;1,031;2,21E-4;221,19;103,09;0,00;0,00
1,434;4,279;1,031;2,21E-4;221,17;103,05;0,00;0,00
1,435;4,281;1,032;2,21E-4;221,21;103,18;0,00;0,00
1,436;4,280;1,031;2,21E-4;221,19;103,10;0,00;0,00
1,437;4,278;1,029;2,21E-4;221,14;102,94;0,00;0,00
1,438;4,279;1,031;2,21E-4;221,17;103,10;0,00;0,00
1,439;4,280;1,031;2,21E-4;221,17;103,06;0,00;0,00
1,440;4,279;1,030;2,21E-4;221,16;103,02;0,00;0,00
1,441;4,280;1,031;2,21E-4;221,17;103,09;0,00;0,00
1,442;4,279;1,030;2,21E-4;221,16;102,97;0,00;0,00
1,443;4,279;1,030;2,21E-4;221,14;102,98;0,00;0,00
1,444;4,278;1,029;2,21E-4;221,12;102,91;0,00;0,00
1,445;4,279;1,030;2,21E-4;221,16;103,04;0,00;0,00
1,446;4,279;1,030;2,21E-4;221,15;102,99;0,00;0,00
1,447;4,280;1,031;2,21E-4;221,18;103,06;0,00;0,00
1,448;4,279;1,030;2,21E-4;221,16;102,99;0,00;0,00
1,449;4,279;1,030;2,21E-4;221,16;102,98;0,00;0,00
1,450;4,279;1,030;2,21E-4;221,16;102,98;0,00;0,00
1,451;4,279;1,030;2,21E-4;221,17;103,03;0,00;0,00
1,452;4,278;1,029;2,21E-4;221,13;102,94;0,00;0,00
1,453;4,279;1,029;2,21E-4;221,14;102,95;0,00;0,00
1,454;4,278;1,029;2,21E-4;221,14;102,94;0,00;0,00
1,455;4,278;1,029;2,21E-4;221,12;102,90;0,00;0,00
1,456;4,278;1,029;2,21E-4;221,13;102,92;0,00;0,00
1,457;4,279;1,030;2,21E-4;221,14;102,97;0,00;0,00
1,458;4,280;1,030;2,21E-4;221,17;103,04;0,00;0,00
1,459;4,279;1,030;2,21E-4;221,15;103,04;0,00;0,00
1,460;4,280;1,031;2,21E-4;221,18;103,08;0,00;0,00
1,461;4,279;1,030;2,21E-4;221,16;103,04;0,00;0,00
1,462;4,279;1,030;2,21E-4;221,15;103,02;0,00;0,00
1,463;4,278;1,029;2,21E-4;221,13;102,90;0,00;0,00
1,464;4,280;1,031;2,21E-4;221,18;103,11;0,00;0,00
1,465;4,279;1,030;2,21E-4;221,15;102,98;0,00;0,00
1,466;4,278;1,030;2,21E-4;221,14;102,99;0,00;0,00
1,467;4,280;1,031;2,21E-4;221,17;103,05;0,00;0,00
1,468;4,280;1,031;2,21E-4;221,18;103,06;0,00;0,00
1,469;4,280;1,031;2,21E-4;221,19;103,08;0,00;0,00
1,470;4,280;1,031;2,21E-4;221,19;103,10;0,00;0,00
1,471;4,279;1,030;2,21E-4;221,17;103,01;0,00;0,00
1,472;4,278;1,029;2,21E-4;221,12;102,94;0,00;0,00
1,473;4,278;1,029;2,21E-4;221,13;102,94;0,00;0,00
1,474;4,278;1,029;2,21E-4;221,12;102,88;0,00;0,00
1,475;4,278;1,029;2,21E-4;221,13;102,90;0,00;0,00
1,476;4,278;1,029;2,21E-4;221,12;102,91;0,00;0,00
1,477;4,280;1,031;2,21E-4;221,19;103,10;0,00;0,00
1,478;4,280;1,031;2,21E-4;221,18;103,08;0,00;0,00
1,479;4,280;1,031;2,21E-4;221,19;103,09;0,00;0,00
1,480;4,280;1,031;2,21E-4;221,18;103,08;0,00;0,00
1,481;4,280;1,031;2,21E-4;221,20;103,10;0,00;0,00
1,482;4,280;1,031;2,21E-4;221,18;103,09;0,00;0,00
1,483;4,280;1,031;2,21E-4;221,18;103,11;0,00;0,00
1,484;4,280;1,031;2,21E-4;221,18;103,11;0,00;0,00
1,485;4,280;1,031;2,21E-4;221,17;103,10;0,00;0,00
1,486;4,280;1,031;2,21E-4;221,19;103,13;0,00;0,00
1,487;4,280;1,031;2,21E-4;221,18;103,08;0,00;0,00
1,488;4,278;1,030;2,21E-4;221,14;102,97;0,00;0,00
1,489;4,279;1,030;2,21E-4;221,15;102,99;0,00;0,00
1,490;4,280;1,032;2,21E-4;221,20;103,17;0,00;0,00
1,491;4,279;1,031;2,21E-4;221,16;103,06;0,00;0,00
1,492;4,279;1,030;2,21E-4;221,15;103,02;0,00;0,00
1,493;4,280;1,031;2,21E-4;221,20;103,15;0,00;0,00
1,494;4,280;1,031;2,21E-4;221,19;103,12;0,00;0,00
1,495;4,280;1,031;2,21E-4;221,18;103,11;0,00;0,00
1,496;4,280;1,031;2,21E-4;221,17;103,12;0,00;0,00
1,497;4,279;1,030;2,21E-4;221,15;103,04;0,00;0,00
1,498;4,278;1,029;2,21E-4;221,12;102,89;0,00;0,00
1,499;4,279;1,030;2,21E-4;221,17;103,03;0,00;0,00
1,500;4,280;1,031;2,21E-4;221,19;103,14;0,00;0,00
1,501;4,279;1,030;2,21E-4;221,16;103,02;0,00;0,00
1,502;4,278;1,030;2,21E-4;221,14;102,97;0,00;0,00
1,503;4,279;1,030;2,21E-4;221,15;102,99;0,00;0,00
1,504;4,279;1,030;2,21E-4;221,16;103,03;0,00;0,00
1,505;4,278;1,030;2,21E-4;221,14;102,96;0,00;0,00
1,506;4,279;1,030;2,21E-4;221,15;103,02;0,00;0,00
1,507;4,279;1,030;2,21E-4;221,17;103,03;0,00;0,00
1,508;4,279;1,030;2,21E-4;221,16;103,03;0,00;0,00
1,509;4,279;1,030;2,21E-4;221,16;103,02;0,00;0,00
1,510;4,279;1,031;2,21E-4;221,17;103,07;0,00;0,00
1,511;4,279;1,031;2,21E-4;221,16;103,10;0,00;0,00
1,512;4,277;1,029;2,21E-4;221,10;102,86;0,00;0,00
1,513;4,277;1,029;2,21E-4;221,09;102,87;0,00;0,00
1,514;4,278;1,029;2,21E-4;221,12;102,95;0,00;0,00
1,515;4,279;1,031;2,21E-4;221,17;103,07;0,00;0,00
1,516;4,279;1,031;2,21E-4;221,17;103,07;0,00;0,00
1,517;4,278;1,030;2,21E-4;221,13;102,97;0,00;0,00
1,518;4,278;1,030;2,21E-4;221,14;103,00;0,00;0,00
1,519;4,278;1,030;2,21E-4;221,14;102,96;0,00;0,00
1,520;4,279;1,030;2,21E-4;221,14;102,98;0,00;0,00
1,521;4,278;1,030;2,21E-4;221,14;102,98;0,00;0,00
1,522;4,277;1,029;2,21E-4;221,11;102,87;0,00;0,00
1,523;4,278;1,029;2,21E-4;221,14;102,94;0,00;0,00
1,524;4,278;1,029;2,21E-4;221,12;102,90;0,00;0,00
1,525;4,278;1,029;2,21E-4;221,12;102,91;0,00;0,00
1,526;4,279;1,030;2,21E-4;221,14;102,99;0,00;0,00
1,527;4,279;1,031;2,21E-4;221,17;103,07;0,00;0,00
1,528;4,280;1,031;2,21E-4;221,18;103,12;0,00;0,00
1,529;4,279;1,031;2,21E-4;221,17;103,06;0,00;0,00
1,530;4,279;1,031;2,21E-4;221,16;103,07;0,00;0,00
1,531;4,279;1,030;2,21E-4;221,15;103,03;0,00;0,00
1,532;4,279;1,030;2,21E-4;221,15;103,00;0,00;0,00
1,533;4,279;1,030;2,21E-4;221,15;103,01;0,00;0,00
1,534;4,279;1,030;2,21E-4;221,15;103,01;0,00;0,00
1,535;4,280;1,031;2,21E-4;221,18;103,11;0,00;0,00
1,536;4,280;1,031;2,21E-4;221,18;103,10;0,00;0,00
1,537;4,279;1,031;2,21E-4;221,17;103,06;0,00;0,00
1,538;4,280;1,031;2,21E-4;221,18;103,10;0,00;0,00
1,539;4,278;1,029;2,21E-4;221,12;102,90;0,00;0,00
1,540;4,278;1,030;2,21E-4;221,13;102,98;0,00;0,00
1,541;4,280;1,031;2,21E-4;221,18;103,10;0,00;0,00
1,542;4,280;1,031;2,21E-4;221,19;103,13;0,00;0,00
1,543;4,279;1,030;2,21E-4;221,14;103,03;0,00;0,00
1,544;4,279;1,031;2,21E-4;221,16;103,08;0,00;0,00
1,545;4,279;1,030;2,21E-4;221,15;103,00;0,00;0,00
1,546;4,278;1,030;2,21E-4;221,12;102,96;0,00;0,00
1,547;4,278;1,029;2,21E-4;221,12;102,92;0,00;0,00
1,548;4,279;1,030;2,21E-4;221,15;103,03;0,00;0,00
1,549;4,279;1,030;2,21E-4;221,15;103,04;0,00;0,00
1,550;4,281;1,032;2,21E-4;221,21;103,21;0,00;0,00
1,551;4,279;1,031;2,21E-4;221,16;103,09;0,00;0,00
1,552;4,279;1,030;2,21E-4;221,16;103,04;0,00;0,00
1,553;4,279;1,031;2,21E-4;221,17;103,06;0,00;0,00
1,554;4,279;1,030;2,21E-4;221,15;103,02;0,00;0,00
1,555;4,279;1,030;2,21E-4;221,15;103,02;0,00;0,00
1,556;4,278;1,030;2,21E-4;221,14;102,97;0,00;0,00
1,557;4,278;1,029;2,21E-4;221,12;102,90;0,00;0,00
1,558;4,277;1,029;2,21E-4;221,10;102,86;0,00;0,00
1,559;4,280;1,031;2,21E-4;221,17;103,07;0,00;0,00
1,560;4,279;1,030;2,21E-4;221,14;102,99;0,00;0,00
1,561;4,280;1,031;2,21E-4;221,18;103,09;0,00;0,00
1,562;4,280;1,032;2,21E-4;221,20;103,15;0,00;0,00
1,563;4,279;1,030;2,21E-4;221,14;103,01;0,00;0,00
1,564;4,279;1,030;2,21E-4;221,15;103,00;0,00;0,00
1,565;4,279;1,030;2,21E-4;221,15;103,04;0,00;0,00
1,566;4,279;1,031;2,21E-4;221,17;103,06;0,00;0,00
1,567;4,279;1,030;2,21E-4;221,14;103,00;0,00;0,00
1,568;4,279;1,030;2,21E-4;221,14;103,01;0,00;0,00
1,569;4,279;1,030;2,21E-4;221,15;103,04;0,00;0,00
1,570;4,279;1,031;2,21E-4;221,16;103,07;0,00;0,00
1,571;4,279;1,030;2,21E-4;221,15;103,01;0,00;0,00
1,572;4,279;1,031;2,21E-4;221,16;103,10;0,00;0,00
1,573;4,279;1,030;2,21E-4;221,15;103,03;0,00;0,00
1,574;4,279;1,030;2,21E-4;221,17;103,04;0,00;0,00
1,575;4,278;1,030;2,21E-4;221,14;102,96;0,00;0,00
1,576;4,278;1,030;2,21E-4;221,12;102,95;0,00;0,00
1,577;4,279;1,031;2,21E-4;221,17;103,07;0,00;0,00
1,578;4,279;1,031;2,21E-4;221,17;103,06;0,00;0,00
1,579;4,278;1,029;2,21E-4;221,13;102,95;0,00;0,00
1,580;4,279;1,030;2,21E-4;221,15;103,03;0,00;0,00
1,581;4,280;1,031;2,21E-4;221,18;103,10;0,00;0,00
1,582;4,279;1,030;2,21E-4;221,15;102,99;0,00;0,00
1,583;4,277;1,028;2,21E-4;221,10;102,85;0,00;0,00
1,584;4,277;1,028;2,21E-4;221,09;102,83;0,00;0,00
1,585;4,278;1,029;2,21E-4;221,12;102,90;0,00;0,00
1,586;4,279;1,030;2,21E-4;221,16;103,03;0,00;0,00
1,587;4,279;1,030;2,21E-4;221,14;102,98;0,00;0,00
1,588;4,279;1,030;2,21E-4;221,15;102,98;0,00;0,00
1,589;4,279;1,030;2,21E-4;221,16;103,05;0,00;0,00
1,590;4,279;1,030;2,21E-4;221,15;102,98;0,00;0,00
1,591;4,279;1,030;2,21E-4;221,14;102,95;0,00;0,00
1,592;4,278;1,029;2,21E-4;221,12;102,90;0,00;0,00
1,593;4,280;1,031;2,21E-4;221,18;103,14;0,00;0,00
1,594;4,280;1,031;2,21E-4;221,18;103,11;0,00;0,00
1,595;4,278;1,030;2,21E-4;221,14;102,98;0,00;0,00
1,596;4,278;1,029;2,21E-4;221,12;102,90;0,00;0,00
1,597;4,278;1,029;2,21E-4;221,11;102,88;0,00;0,00
1,598;4,278;1,030;2,21E-4;221,13;102,97;0,00;0,00
1,599;4,280;1,031;2,21E-4;221,18;103,09;0,00;0,00
1,600;4,279;1,031;2,21E-4;221,17;103,09;0,00;0,00
1,601;4,279;1,031;2,21E-4;221,16;103,06;0,00;0,00
1,602;4,279;1,030;2,21E-4;221,15;102,99;0,00;0,00
1,603;4,279;1,031;2,21E-4;221,16;103,06;0,00;0,00
1,604;4,279;1,030;2,21E-4;221,14;103,00;0,00;0,00
1,605;4,278;1,030;2,21E-4;221,13;102,99;0,00;0,00
1,606;4,279;1,031;2,21E-4;221,17;103,05;0,00;0,00
1,607;4,279;1,030;2,21E-4;221,15;103,03;0,00;0,00
1,608;4,279;1,030;2,21E-4;221,15;102,99;0,00;0,00
1,609;4,279;1,030;2,21E-4;221,14;102,95;0,00;0,00
1,610;4,279;1,030;2,21E-4;221,14;103,00;0,00;0,00
1,611;4,280;1,031;2,21E-4;221,17;103,07;0,00;0,00
1,612;4,280;1,031;2,21E-4;221,17;103,10;0,00;0,00
1,613;4,279;1,030;2,21E-4;221,16;103,01;0,00;0,00
1,614;4,278;1,029;2,21E-4;221,13;102,93;0,00;0,00
1,615;4,279;1,030;2,21E-4;221,14;102,95;0,00;0,00
1,616;4,279;1,030;2,21E-4;221,15;102,99;0,00;0,00
1,617;4,279;1,030;2,21E-4;221,16;103,01;0,00;0,00
1,618;4,279;1,030;2,21E-4;221,16;103,01;0,00;0,00
1,619;4,280;1,031;2,21E-4;221,17;103,06;0,00;0,00
1,620;4,279;1,030;2,21E-4;221,16;103,00;0,00;0,00
1,621;4,278;1,030;2,21E-4;221,14;102,98;0,00;0,00
1,622;4,279;1,030;2,21E-4;221,15;103,02;0,00;0,00
1,623;4,278;1,029;2,21E-4;221,13;102,94;0,00;0,00
1,624;4,278;1,030;2,21E-4;221,14;102,97;0,00;0,00
1,625;4,279;1,030;2,21E-4;221,15;103,03;0,00;0,00
1,626;4,280;1,031;2,21E-4;221,17;103,08;0,00;0,00
1,627;4,279;1,030;2,21E-4;221,16;103,02;0,00;0,00
1,628;4,278;1,029;2,21E-4;221,14;102,95;0,00;0,00
1,629;4,280;1,031;2,21E-4;221,17;103,10;0,00;0,00
1,630;4,279;1,030;2,21E-4;221,15;102,97;0,00;0,00
1,631;4,280;1,031;2,21E-4;221,19;103,13;0,00;0,00
1,632;4,279;1,030;2,21E-4;221,17;103,02;0,00;0,00
1,633;4,281;1,032;2,21E-4;221,22;103,19;0,00;0,00
1,634;4,280;1,031;2,21E-4;221,18;103,09;0,00;0,00
1,635;4,279;1,030;2,21E-4;221,17;103,02;0,00;0,00
1,636;4,279;1,030;2,21E-4;221,17;103,01;0,00;0,00
1,637;4,280;1,031;2,21E-4;221,17;103,08;0,00;0,00
1,638;4,279;1,030;2,21E-4;221,15;103,01;0,00;0,00
1,639;4,280;1,031;2,21E-4;221,17;103,07;0,00;0,00
1,640;4,279;1,030;2,21E-4;221,17;103,02;0,00;0,00
1,641;4,280;1,031;2,21E-4;221,18;103,09;0,00;0,00
1,642;4,280;1,031;2,21E-4;221,17;103,07;0,00;0,00
1,643;4,279;1,030;2,21E-4;221,17;103,04;0,00;0,00
1,644;4,279;1,030;2,21E-4;221,15;103,01;0,00;0,00
1,645;4,279;1,030;2,21E-4;221,16;103,00;0,00;0,00
1,646;4,279;1,030;2,21E-4;221,16;103,05;0,00;0,00
1,647;4,279;1,030;2,21E-4;221,15;102,98;0,00;0,00
1,648;4,278;1,029;2,21E-4;221,13;102,91;0,00;0,00
1,649;4,278;1,030;2,21E-4;221,14;102,97;0,00;0,00
1,650;4,278;1,029;2,21E-4;221,12;102,88;0,00;0,00
1,651;4,278;1,029;2,21E-4;221,11;102,87;0,00;0,00
1,652;4,278;1,029;2,21E-4;221,12;102,90;0,00;0,00
1,653;4,280;1,031;2,21E-4;221,19;103,09;0,00;0,00
1,654;4,279;1,030;2,21E-4;221,17;103,04;0,00;0,00
1,655;4,279;1,030;2,21E-4;221,16;103,02;0,00;0,00
1,656;4,278;1,029;2,21E-4;221,13;102,93;0,00;0,00
1,657;4,278;1,029;2,21E-4;221,14;102,94;0,00;0,00
1,658;4,278;1,029;2,21E-4;221,13;102,94;0,00;0,00
1,659;4,278;1,029;2,21E-4;221,13;102,93;0,00;0,00
1,660;4,278;1,029;2,21E-4;221,12;102,87;0,00;0,00
1,661;4,277;1,028;2,21E-4;221,10;102,82;0,00;0,00
1,662;4,278;1,030;2,21E-4;221,14;102,96;0,00;0,00
1,663;4,279;1,030;2,21E-4;221,17;103,05;0,00;0,00
1,664;4,279;1,031;2,21E-4;221,17;103,06;0,00;0,00
1,665;4,279;1,030;2,21E-4;221,15;103,00;0,00;0,00
1,666;4,279;1,030;2,21E-4;221,15;102,98;0,00;0,00
1,667;4,279;1,030;2,21E-4;221,15;103,01;0,00;0,00
1,668;4,280;1,031;2,21E-4;221,17;103,09;0,00;0,00
1,669;4,280;1,031;2,21E-4;221,18;103,08;0,00;0,00
1,670;4,279;1,030;2,21E-4;221,15;102,99;0,00;0,00
1,671;4,278;1,029;2,21E-4;221,13;102,93;0,00;0,00
1,672;4,279;1,030;2,21E-4;221,16;102,97;0,00;0,00
1,673;4,278;1,029;2,21E-4;221,14;102,92;0,00;0,00
1,674;4,279;1,029;2,21E-4;221,14;102,93;0,00;0,00
1,675;4,278;1,029;2,21E-4;221,13;102,94;0,00;0,00
1,676;4,277;1,028;2,21E-4;221,08;102,77;0,00;0,00
1,677;4,279;1,030;2,21E-4;221,15;103,00;0,00;0,00
1,678;4,280;1,031;2,21E-4;221,19;103,10;0,00;0,00
1,679;4,279;1,030;2,21E-4;221,16;102,99;0,00;0,00
1,680;4,279;1,030;2,21E-4;221,15;102,99;0,00;0,00
1,681;4,278;1,029;2,21E-4;221,14;102,95;0,00;0,00
1,682;4,279;1,030;2,21E-4;221,15;102,97;0,00;0,00
1,683;4,279;1,030;2,21E-4;221,15;103,00;0,00;0,00
1,684;4,280;1,031;2,21E-4;221,17;103,08;0,00;0,00
1,685;4,279;1,031;2,21E-4;221,17;103,10;0,00;0,00
1,686;4,278;1,029;2,21E-4;221,13;102,91;0,00;0,00
1,687;4,279;1,030;2,21E-4;221,14;102,98;0,00;0,00
1,688;4,280;1,031;2,21E-4;221,18;103,09;0,00;0,00
1,689;4,279;1,031;2,21E-4;221,16;103,07;0,00;0,00
1,690;4,279;1,030;2,21E-4;221,17;103,03;0,00;0,00
1,691;4,279;1,030;2,21E-4;221,15;102,97;0,00;0,00
1,692;4,277;1,028;2,21E-4;221,11;102,84;0,00;0,00
1,693;4,280;1,031;2,21E-4;221,20;103,15;0,00;0,00
1,694;4,279;1,030;2,21E-4;221,15;102,95;0,00;0,00
1,695;4,278;1,029;2,21E-4;221,12;102,94;0,00;0,00
1,696;4,279;1,030;2,21E-4;221,14;103,00;0,00;0,00
1,697;4,278;1,030;2,21E-4;221,13;102,96;0,00;0,00
1,698;4,279;1,030;2,21E-4;221,16;103,04;0,00;0,00
1,699;4,279;1,030;2,21E-4;221,14;103,01;0,00;0,00
1,700;4,279;1,030;2,21E-4;221,16;103,03;0,00;0,00
1,701;4,280;1,031;2,21E-4;221,17;103,09;0,00;0,00
1,702;4,279;1,030;2,21E-4;221,14;102,96;0,00;0,00
1,703;4,279;1,030;2,21E-4;221,15;103,00;0,00;0,00
1,704;4,279;1,030;2,21E-4;221,16;103,03;0,00;0,00
1,705;4,278;1,029;2,21E-4;221,11;102,90;0,00;0,00
1,706;4,278;1,029;2,21E-4;221,12;102,93;0,00;0,00
1,707;4,278;1,030;2,21E-4;221,13;102,96;0,00;0,00
1,708;4,278;1,029;2,21E-4;221,11;102,92;0,00;0,00
1,709;4,278;1,030;2,21E-4;221,13;102,99;0,00;0,00
1,710;4,279;1,031;2,21E-4;221,17;103,07;0,00;0,00
1,711;4,279;1,031;2,21E-4;221,16;103,06;0,00;0,00
1,712;4,279;1,031;2,21E-4;221,17;103,08;0,00;0,00
1,713;4,277;1,029;2,21E-4;221,10;102,91;0,00;0,00
1,714;4,278;1,029;2,21E-4;221,12;102,94;0,00;0,00
1,715;4,278;1,030;2,21E-4;221,12;102,95;0,00;0,00
1,716;4,279;1,030;2,21E-4;221,16;103,05;0,00;0,00
1,717;4,280;1,032;2,21E-4;221,19;103,18;0,00;0,00
1,718;4,279;1,031;2,21E-4;221,15;103,08;0,00;0,00
1,719;4,278;1,030;2,21E-4;221,13;102,98;0,00;0,00
1,720;4,279;1,030;2,21E-4;221,15;103,03;0,00;0,00
1,721;4,278;1,030;2,21E-4;221,13;102,96;0,00;0,00
1,722;4,279;1,031;2,21E-4;221,16;103,08;0,00;0,00
1,723;4,278;1,030;2,21E-4;221,14;102,98;0,00;0,00
1,724;4,279;1,030;2,21E-4;221,14;103,01;0,00;0,00
1,725;4,279;1,030;2,21E-4;221,14;103,02;0,00;0,00
1,726;4,277;1,029;2,21E-4;221,10;102,91;0,00;0,00
1,727;4,278;1,029;2,21E-4;221,12;102,93;0,00;0,00
1,728;4,278;1,030;2,21E-4;221,14;102,99;0,00;0,00
1,729;4,278;1,029;2,21E-4;221,11;102,92;0,00;0,00
1,730;4,278;1,030;2,21E-4;221,13;102,98;0,00;0,00
1,731;4,279;1,030;2,21E-4;221,14;103,02;0,00;0,00
1,732;4,278;1,029;2,21E-4;221,12;102,94;0,00;0,00
1,733;4,278;1,030;2,21E-4;221,13;103,00;0,00;0,00
1,734;4,279;1,030;2,21E-4;221,14;103,03;0,00;0,00
1,735;4,279;1,031;2,21E-4;221,16;103,07;0,00;0,00
1,736;4,278;1,030;2,21E-4;221,14;103,01;0,00;0,00
1,737;4,278;1,030;2,21E-4;221,13;102,99;0,00;0,00
1,738;4,279;1,030;2,21E-4;221,15;103,02;0,00;0,00
1,739;4,279;1,031;2,21E-4;221,17;103,10;0,00;0,00
1,740;4,279;1,031;2,21E-4;221,17;103,09;0,00;0,00
1,741;4,279;1,030;2,21E-4;221,16;103,03;0,00;0,00
1,742;4,279;1,031;2,21E-4;221,16;103,07;0,00;0,00
1,743;4,279;1,031;2,21E-4;221,15;103,05;0,00;0,00
1,744;4,278;1,029;2,21E-4;221,12;102,93;0,00;0,00
1,745;4,277;1,028;2,21E-4;221,09;102,82;0,00;0,00
1,746;4,278;1,029;2,21E-4;221,12;102,95;0,00;0,00
1,747;4,279;1,031;2,21E-4;221,16;103,07;0,00;0,00
1,748;4,280;1,031;2,21E-4;221,17;103,12;0,00;0,00
1,749;4,278;1,029;2,21E-4;221,12;102,94;0,00;0,00
1,750;4,279;1,030;2,21E-4;221,14;103,03;0,00;0,00
1,751;4,278;1,030;2,21E-4;221,13;102,96;0,00;0,00
1,752;4,280;1,031;2,21E-4;221,17;103,09;0,00;0,00
1,753;4,279;1,030;2,21E-4;221,16;103,03;0,00;0,00
1,754;4,279;1,030;2,21E-4;221,15;103,01;0,00;0,00
1,755;4,279;1,030;2,21E-4;221,15;103,01;0,00;0,00
1,756;4,280;1,031;2,21E-4;221,20;103,14;0,00;0,00
1,757;4,280;1,031;2,21E-4;221,18;103,14;0,00;0,00
1,758;4,278;1,029;2,21E-4;221,14;102,93;0,00;0,00
1,759;4,279;1,030;2,21E-4;221,16;103,02;0,00;0,00
1,760;4,278;1,030;2,21E-4;221,13;102,96;0,00;0,00
1,761;4,279;1,030;2,21E-4;221,14;103,00;0,00;0,00
1,762;4,278;1,030;2,21E-4;221,12;102,96;0,00;0,00
1,763;4,278;1,030;2,21E-4;221,14;102,96;0,00;0,00
1,764;4,277;1,029;2,21E-4;221,10;102,87;0,00;0,00
1,765;4,278;1,029;2,21E-4;221,12;102,95;0,00;0,00
1,766;4,279;1,031;2,21E-4;221,17;103,09;0,00;0,00
1,767;4,279;1,031;2,21E-4;221,15;103,06;0,00;0,00
1,768;4,279;1,030;2,21E-4;221,14;103,02;0,00;0,00
1,769;4,278;1,029;2,21E-4;221,11;102,87;0,00;0,00
1,770;4,278;1,029;2,21E-4;221,11;102,89;0,00;0,00
1,771;4,278;1,029;2,21E-4;221,13;102,95;0,00;0,00
1,772;4,279;1,030;2,21E-4;221,14;103,00;0,00;0,00
1,773;4,279;1,030;2,21E-4;221,14;103,01;0,00;0,00
1,774;4,278;1,030;2,21E-4;221,13;102,98;0,00;0,00
1,775;4,278;1,029;2,21E-4;221,13;102,91;0,00;0,00
1,776;4,280;1,031;2,21E-4;221,17;103,09;0,00;0,00
1,777;4,279;1,030;2,21E-4;221,15;103,01;0,00;0,00
1,778;4,279;1,031;2,21E-4;221,17;103,07;0,00;0,00
1,779;4,280;1,031;2,21E-4;221,17;103,08;0,00;0,00
1,780;4,280;1,031;2,21E-4;221,18;103,13;0,00;0,00
1,781;4,278;1,030;2,21E-4;221,12;102,96;0,00;0,00
1,782;4,278;1,030;2,21E-4;221,13;103,03;0,00;0,00
1,783;4,279;1,030;2,21E-4;221,15;103,04;0,00;0,00
1,784;4,279;1,031;2,21E-4;221,15;103,09;0,00;0,00
1,785;4,279;1,031;2,21E-4;221,16;103,06;0,00;0,00
1,786;4,279;1,031;2,21E-4;221,16;103,05;0,00;0,00
1,787;4,279;1,030;2,21E-4;221,15;103,01;0,00;0,00
1,788;4,278;1,030;2,21E-4;221,13;102,99;0,00;0,00
1,789;4,279;1,030;2,21E-4;221,14;103,01;0,00;0,00
1,790;4,279;1,030;2,21E-4;221,14;103,03;0,00;0,00
1,791;4,280;1,031;2,21E-4;221,18;103,12;0,00;0,00
1,792;4,278;1,030;2,21E-4;221,13;102,96;0,00;0,00
1,793;4,279;1,030;2,21E-4;221,14;102,99;0,00;0,00
1,794;4,278;1,030;2,21E-4;221,13;103,02;0,00;0,00
1,795;4,279;1,031;2,21E-4;221,17;103,11;0,00;0,00
1,796;4,279;1,030;2,21E-4;221,14;103,03;0,00;0,00
1,797;4,278;1,030;2,21E-4;221,14;103,00;0,00;0,00
1,798;4,278;1,029;2,21E-4;221,11;102,92;0,00;0,00
1,799;4,279;1,030;2,21E-4;221,15;103,04;0,00;0,00
1,800;4,279;1,031;2,21E-4;221,16;103,07;0,00;0,00
1,801;4,278;1,030;2,21E-4;221,13;102,98;0,00;0,00
1,802;4,278;1,030;2,21E-4;221,14;103,01;0,00;0,00
1,803;4,280;1,031;2,21E-4;221,17;103,10;0,00;0,00
1,804;4,279;1,030;2,21E-4;221,14;102,99;0,00;0,00
1,805;4,279;1,030;2,21E-4;221,14;102,98;0,00;0,00
1,806;4,278;1,030;2,21E-4;221,13;102,98;0,00;0,00
1,807;4,279;1,031;2,21E-4;221,16;103,06;0,00;0,00
1,808;4,279;1,031;2,21E-4;221,15;103,07;0,00;0,00
1,809;4,280;1,031;2,21E-4;221,17;103,10;0,00;0,00
1,810;4,279;1,031;2,21E-4;221,17;103,06;0,00;0,00
1,811;4,279;1,031;2,21E-4;221,16;103,08;0,00;0,00
1,812;4,280;1,031;2,21E-4;221,18;103,10;0,00;0,00
1,813;4,280;1,032;2,21E-4;221,20;103,16;0,00;0,00
1,814;4,278;1,030;2,21E-4;221,13;102,98;0,00;0,00
1,815;4,278;1,030;2,21E-4;221,14;102,97;0,00;0,00
1,816;4,278;1,029;2,21E-4;221,12;102,95;0,00;0,00
1,817;4,279;1,030;2,21E-4;221,15;103,05;0,00;0,00
1,818;4,278;1,029;2,21E-4;221,12;102,92;0,00;0,00
1,819;4,277;1,028;2,21E-4;221,08;102,80;0,00;0,00
1,820;4,278;1,029;2,21E-4;221,11;102,91;0,00;0,00
1,821;4,278;1,029;2,21E-4;221,12;102,91;0,00;0,00
1,822;4,280;1,031;2,21E-4;221,17;103,11;0,00;0,00
1,823;4,279;1,031;2,21E-4;221,16;103,10;0,00;0,00
1,824;4,278;1,030;2,21E-4;221,13;102,98;0,00;0,00
1,825;4,279;1,030;2,21E-4;221,14;102,99;0,00;0,00
1,826;4,278;1,029;2,21E-4;221,12;102,94;0,00;0,00
1,827;4,279;1,030;2,21E-4;221,14;103,01;0,00;0,00
1,828;4,279;1,031;2,21E-4;221,16;103,09;0,00;0,00
1,829;4,278;1,030;2,21E-4;221,12;102,96;0,00;0,00
1,830;4,278;1,030;2,21E-4;221,13;102,96;0,00;0,00
1,831;4,279;1,030;2,21E-4;221,15;103,03;0,00;0,00
1,832;4,279;1,030;2,21E-4;221,14;103,03;0,00;0,00
1,833;4,279;1,031;2,21E-4;221,15;103,06;0,00;0,00
1,834;4,279;1,031;2,21E-4;221,16;103,07;0,00;0,00
1,835;4,279;1,031;2,21E-4;221,16;103,05;0,00;0,00
1,836;4,279;1,030;2,21E-4;221,14;103,00;0,00;0,00
1,837;4,278;1,029;2,21E-4;221,13;102,93;0,00;0,00
1,838;4,278;1,029;2,21E-4;221,12;102,91;0,00;0,00
1,839;4,278;1,029;2,21E-4;221,12;102,91;0,00;0,00
1,840;4,278;1,030;2,21E-4;221,13;102,98;0,00;0,00
1,841;4,278;1,029;2,21E-4;221,13;102,94;0,00;0,00
1,842;4,280;1,031;2,21E-4;221,19;103,08;0,00;0,00
1,843;4,278;1,029;2,21E-4;221,12;102,91;0,00;0,00
1,844;4,279;1,030;2,21E-4;221,15;103,01;0,00;0,00
1,845;4,278;1,030;2,21E-4;221,12;102,95;0,00;0,00
1,846;4,278;1,029;2,21E-4;221,12;102,95;0,00;0,00
1,847;4,278;1,030;2,21E-4;221,14;102,97;0,00;0,00
1,848;4,279;1,031;2,21E-4;221,15;103,06;0,00;0,00
1,849;4,279;1,030;2,21E-4;221,16;103,04;0,00;0,00
1,850;4,278;1,030;2,21E-4;221,13;102,96;0,00;0,00
1,851;4,278;1,030;2,21E-4;221,13;102,98;0,00;0,00
1,852;4,278;1,031;2,21E-4;221,14;103,05;0,00;0,00
1,853;4,280;1,032;2,21E-4;221,19;103,18;0,00;0,00
1,854;4,279;1,030;2,21E-4;221,14;103,04;0,00;0,00
1,855;4,279;1,030;2,21E-4;221,15;103,05;0,00;0,00
1,856;4,279;1,031;2,21E-4;221,17;103,10;0,00;0,00
1,857;4,278;1,030;2,21E-4;221,13;102,99;0,00;0,00
1,858;4,279;1,030;2,21E-4;221,14;103,03;0,00;0,00
1,859;4,279;1,031;2,21E-4;221,17;103,12;0,00;0,00
1,860;4,278;1,030;2,21E-4;221,12;102,97;0,00;0,00
1,861;4,278;1,030;2,21E-4;221,13;103,01;0,00;0,00
1,862;4,277;1,029;2,21E-4;221,11;102,94;0,00;0,00
1,863;4,277;1,029;2,21E-4;221,10;102,89;0,00;0,00
1,864;4,278;1,030;2,21E-4;221,13;103,01;0,00;0,00
1,865;4,278;1,030;2,21E-4;221,12;102,98;0,00;0,00
1,866;4,279;1,031;2,21E-4;221,15;103,07;0,00;0,00
1,867;4,279;1,031;2,21E-4;221,17;103,09;0,00;0,00
1,868;4,279;1,031;2,21E-4;221,16;103,07;0,00;0,00
1,869;4,279;1,031;2,21E-4;221,14;103,07;0,00;0,00
1,870;4,277;1,029;2,21E-4;221,10;102,90;0,00;0,00
1,871;4,278;1,030;2,21E-4;221,13;103,03;0,00;0,00
1,872;4,278;1,030;2,21E-4;221,13;103,01;0,00;0,00
1,873;4,277;1,029;2,21E-4;221,11;102,94;0,00;0,00
1,874;4,279;1,031;2,21E-4;221,15;103,07;0,00;0,00
1,875;4,278;1,030;2,21E-4;221,12;102,99;0,00;0,00
1,876;4,278;1,030;2,21E-4;221,11;102,95;0,00;0,00
1,877;4,279;1,030;2,21E-4;221,15;103,01;0,00;0,00
1,878;4,277;1,029;2,21E-4;221,11;102,90;0,00;0,00
1,879;4,279;1,030;2,21E-4;221,15;103,03;0,00;0,00
1,880;4,278;1,030;2,21E-4;221,13;103,02;0,00;0,00
1,881;4,278;1,029;2,21E-4;221,11;102,94;0,00;0,00
1,882;4,279;1,031;2,21E-4;221,16;103,11;0,00;0,00
1,883;4,279;1,031;2,21E-4;221,15;103,06;0,00;0,00
1,884;4,279;1,031;2,21E-4;221,15;103,05;0,00;0,00
1,885;4,277;1,029;2,21E-4;221,10;102,91;0,00;0,00
1,886;4,277;1,028;2,21E-4;221,08;102,84;0,00;0,00
1,887;4,278;1,029;2,21E-4;221,11;102,94;0,00;0,00
1,888;4,278;1,030;2,21E-4;221,14;103,02;0,00;0,00
1,889;4,278;1,030;2,21E-4;221,13;102,99;0,00;0,00
1,890;4,278;1,030;2,21E-4;221,12;102,97;0,00;0,00
1,891;4,277;1,029;2,21E-4;221,08;102,86;0,00;0,00
1,892;4,278;1,030;2,21E-4;221,12;102,98;0,00;0,00
1,893;4,279;1,030;2,21E-4;221,14;103,02;0,00;0,00
1,894;4,278;1,030;2,21E-4;221,13;102,97;0,00;0,00
1,895;4,278;1,030;2,21E-4;221,11;102,97;0,00;0,00
1,896;4,278;1,030;2,21E-4;221,11;102,96;0,00;0,00
1,897;4,277;1,029;2,21E-4;221,09;102,88;0,00;0,00
1,898;4,277;1,029;2,21E-4;221,09;102,88;0,00;0,00
1,899;4,278;1,029;2,21E-4;221,12;102,95;0,00;0,00
1,900;4,278;1,030;2,21E-4;221,11;102,98;0,00;0,00
1,901;4,278;1,029;2,21E-4;221,11;102,94;0,00;0,00
1,902;4,277;1,029;2,21E-4;221,11;102,91;0,00;0,00
1,903;4,278;1,030;2,21E-4;221,14;102,99;0,00;0,00
1,904;4,279;1,030;2,21E-4;221,15;102,98;0,00;0,00
1,905;4,278;1,030;2,21E-4;221,13;102,97;0,00;0,00
1,906;4,277;1,028;2,21E-4;221,08;102,82;0,00;0,00
1,907;4,278;1,029;2,21E-4;221,12;102,95;0,00;0,00
1,908;4,278;1,029;2,21E-4;221,11;102,94;0,00;0,00
1,909;4,278;1,030;2,21E-4;221,14;103,02;0,00;0,00
1,910;4,279;1,030;2,21E-4;221,16;103,03;0,00;0,00
1,911;4,280;1,031;2,21E-4;221,18;103,14;0,00;0,00
1,912;4,279;1,030;2,21E-4;221,14;103,01;0,00;0,00
1,913;4,279;1,031;2,21E-4;221,16;103,06;0,00;0,00
1,914;4,278;1,030;2,21E-4;221,11;102,97;0,00;0,00
1,915;4,278;1,029;2,21E-4;221,11;102,95;0,00;0,00
1,916;4,277;1,029;2,21E-4;221,09;102,88;0,00;0,00
1,917;4,278;1,030;2,21E-4;221,13;103,03;0,00;0,00
1,918;4,279;1,030;2,21E-4;221,14;103,00;0,00;0,00
1,919;4,279;1,030;2,21E-4;221,15;103,05;0,00;0,00
1,920;4,277;1,029;2,21E-4;221,09;102,89;0,00;0,00
1,921;4,278;1,029;2,21E-4;221,11;102,94;0,00;0,00
1,922;4,278;1,030;2,21E-4;221,13;102,97;0,00;0,00
1,923;4,278;1,029;2,21E-4;221,11;102,93;0,00;0,00
1,924;4,278;1,029;2,21E-4;221,11;102,91;0,00;0,00
1,925;4,277;1,029;2,21E-4;221,10;102,86;0,00;0,00
1,926;4,278;1,030;2,21E-4;221,12;102,97;0,00;0,00
1,927;4,279;1,031;2,21E-4;221,16;103,09;0,00;0,00
1,928;4,278;1,030;2,21E-4;221,13;102,95;0,00;0,00
1,929;4,277;1,029;2,21E-4;221,10;102,87;0,00;0,00
1,930;4,277;1,029;2,21E-4;221,10;102,87;0,00;0,00
1,931;4,279;1,030;2,21E-4;221,14;102,99;0,00;0,00
1,932;4,279;1,030;2,21E-4;221,15;103,04;0,00;0,00
1,933;4,278;1,030;2,21E-4;221,12;102,99;0,00;0,00
1,934;4,278;1,029;2,21E-4;221,12;102,94;0,00;0,00
1,935;4,279;1,030;2,21E-4;221,14;103,02;0,00;0,00
1,936;4,279;1,030;2,21E-4;221,15;103,04;0,00;0,00
1,937;4,279;1,030;2,21E-4;221,15;103,03;0,00;0,00
1,938;4,279;1,031;2,21E-4;221,16;103,05;0,00;0,00
1,939;4,280;1,031;2,21E-4;221,18;103,14;0,00;0,00
1,940;4,280;1,031;2,21E-4;221,18;103,14;0,00;0,00
1,941;4,279;1,031;2,21E-4;221,16;103,08;0,00;0,00
1,942;4,279;1,030;2,21E-4;221,14;103,00;0,00;0,00
1,943;4,278;1,030;2,21E-4;221,13;103,01;0,00;0,00
1,944;4,278;1,030;2,21E-4;221,13;103,00;0,00;0,00
1,945;4,279;1,031;2,21E-4;221,17;103,06;0,00;0,00
1,946;4,278;1,030;2,21E-4;221,14;103,01;0,00;0,00
1,947;4,278;1,030;2,21E-4;221,14;102,99;0,00;0,00
1,948;4,278;1,030;2,21E-4;221,12;102,96;0,00;0,00
1,949;4,278;1,030;2,21E-4;221,13;103,01;0,00;0,00
1,950;4,279;1,031;2,21E-4;221,16;103,14;0,00;0,00
1,951;4,279;1,030;2,21E-4;221,15;103,04;0,00;0,00
1,952;4,279;1,031;2,21E-4;221,15;103,07;0,00;0,00
1,953;4,278;1,030;2,21E-4;221,14;103,01;0,00;0,00
1,954;4,278;1,030;2,21E-4;221,13;102,97;0,00;0,00
1,955;4,279;1,031;2,21E-4;221,15;103,11;0,00;0,00
1,956;4,280;1,032;2,21E-4;221,20;103,22;0,00;0,00
1,957;4,279;1,030;2,21E-4;221,15;103,05;0,00;0,00
1,958;4,279;1,031;2,21E-4;221,15;103,07;0,00;0,00
1,959;4,278;1,030;2,21E-4;221,14;103,03;0,00;0,00
1,960;4,278;1,029;2,21E-4;221,11;102,92;0,00;0,00
1,961;4,278;1,030;2,21E-4;221,12;102,96;0,00;0,00
1,962;4,280;1,032;2,21E-4;221,18;103,18;0,00;0,00
1,963;4,278;1,030;2,21E-4;221,12;102,96;0,00;0,00
1,964;4,278;1,030;2,21E-4;221,12;102,95;0,00;0,00
1,965;4,278;1,030;2,21E-4;221,13;102,98;0,00;0,00
1,966;4,278;1,030;2,21E-4;221,14;103,02;0,00;0,00
1,967;4,278;1,030;2,21E-4;221,13;103,01;0,00;0,00
1,968;4,278;1,029;2,21E-4;221,11;102,91;0,00;0,00
1,969;4,278;1,029;2,21E-4;221,12;102,91;0,00;0,00
1,970;4,279;1,031;2,21E-4;221,16;103,08;0,00;0,00
1,971;4,278;1,030;2,21E-4;221,13;102,95;0,00;0,00
1,972;4,279;1,031;2,21E-4;221,16;103,06;0,00;0,00
1,973;4,278;1,030;2,21E-4;221,13;102,99;0,00;0,00
1,974;4,278;1,029;2,21E-4;221,11;102,95;0,00;0,00
1,975;4,277;1,028;2,21E-4;221,08;102,84;0,00;0,00
1,976;4,278;1,030;2,21E-4;221,12;102,97;0,00;0,00
1,977;4,279;1,031;2,21E-4;221,15;103,07;0,00;0,00
1,978;4,277;1,029;2,21E-4;221,10;102,88;0,00;0,00
1,979;4,279;1,030;2,21E-4;221,15;103,03;0,00;0,00
1,980;4,278;1,030;2,21E-4;221,14;103,00;0,00;0,00
1,981;4,280;1,031;2,21E-4;221,17;103,13;0,00;0,00
1,982;4,278;1,030;2,21E-4;221,14;103,03;0,00;0,00
1,983;4,279;1,031;2,21E-4;221,15;103,05;0,00;0,00
1,984;4,279;1,031;2,21E-4;221,16;103,08;0,00;0,00
1,985;4,279;1,030;2,21E-4;221,15;103,04;0,00;0,00
1,986;4,278;1,029;2,21E-4;221,11;102,94;0,00;0,00
1,987;4,277;1,029;2,21E-4;221,10;102,86;0,00;0,00
1,988;4,278;1,029;2,21E-4;221,12;102,95;0,00;0,00
1,989;4,278;1,029;2,21E-4;221,13;102,94;0,00;0,00
1,990;4,279;1,030;2,21E-4;221,14;103,00;0,00;0,00
1,991;4,280;1,031;2,21E-4;221,18;103,13;0,00;0,00
1,992;4,279;1,030;2,21E-4;221,15;103,04;0,00;0,00
1,993;4,279;1,031;2,21E-4;221,15;103,08;0,00;0,00
1,994;4,279;1,031;2,21E-4;221,16;103,07;0,00;0,00
1,995;4,279;1,031;2,21E-4;221,16;103,06;0,00;0,00
1,996;4,278;1,030;2,21E-4;221,12;103,00;0,00;0,00
1,997;4,278;1,029;2,21E-4;221,12;102,93;0,00;0,00
1,998;4,278;1,030;2,21E-4;221,13;103,00;0,00;0,00
1,999;4,277;1,030;2,21E-4;221,11;102,97;0,00;0,00
2,000;4,278;1,030;2,21E-4;221,12;102,97;0,00;0,00
2,001;4,279;1,031;2,21E-4;221,15;103,06;0,00;0,00
2,002;4,278;1,029;2,21E-4;221,12;102,94;0,00;0,00
2,003;4,279;1,030;2,21E-4;221,15;103,01;0,00;0,00
2,004;4,278;1,030;2,21E-4;221,12;102,97;0,00;0,00
2,005;4,279;1,030;2,21E-4;221,15;103,04;0,00;0,00
2,006;4,278;1,029;2,21E-4;221,11;102,92;0,00;0,00
2,007;4,278;1,030;2,21E-4;221,13;103,02;0,00;0,00
2,008;4,280;1,032;2,21E-4;221,17;103,16;0,00;0,00
2,009;4,280;1,032;2,21E-4;221,19;103,16;0,00;0,00
2,010;4,279;1,031;2,21E-4;221,16;103,10;0,00;0,00
2,011;4,278;1,030;2,21E-4;221,13;102,98;0,00;0,00
2,012;4,279;1,030;2,21E-4;221,14;102,98;0,00;0,00
2,013;4,279;1,031;2,21E-4;221,15;103,05;0,00;0,00
2,014;4,278;1,030;2,21E-4;221,13;103,03;0,00;0,00
2,015;4,279;1,030;2,21E-4;221,14;103,03;0,00;0,00
2,016;4,278;1,030;2,21E-4;221,11;102,96;0,00;0,00
2,017;4,278;1,029;2,21E-4;221,11;102,95;0,00;0,00
2,018;4,278;1,029;2,21E-4;221,11;102,91;0,00;0,00
2,019;4,278;1,030;2,21E-4;221,13;103,02;0,00;0,00
2,020;4,279;1,030;2,21E-4;221,15;103,03;0,00;0,00
2,021;4,279;1,030;2,21E-4;221,15;103,01;0,00;0,00
2,022;4,278;1,030;2,21E-4;221,12;102,99;0,00;0,00
2,023;4,277;1,029;2,21E-4;221,10;102,93;0,00;0,00
2,024;4,278;1,030;2,21E-4;221,14;103,03;0,00;0,00
2,025;4,277;1,029;2,21E-4;221,09;102,91;0,00;0,00
2,026;4,277;1,029;2,21E-4;221,10;102,91;0,00;0,00
2,027;4,279;1,031;2,21E-4;221,14;103,05;0,00;0,00
2,028;4,278;1,031;2,21E-4;221,14;103,06;0,00;0,00
2,029;4,278;1,030;2,21E-4;221,14;103,04;0,00;0,00
2,030;4,279;1,031;2,21E-4;221,14;103,06;0,00;0,00
2,031;4,277;1,029;2,21E-4;221,10;102,91;0,00;0,00
2,032;4,278;1,029;2,21E-4;221,11;102,89;0,00;0,00
2,033;4,279;1,030;2,21E-4;221,15;103,01;0,00;0,00
2,034;4,279;1,030;2,21E-4;221,14;103,03;0,00;0,00
2,035;4,278;1,030;2,21E-4;221,11;102,96;0,00;0,00
2,036;4,278;1,030;2,21E-4;221,12;102,98;0,00;0,00
2,037;4,278;1,030;2,21E-4;221,13;103,02;0,00;0,00
2,038;4,279;1,030;2,21E-4;221,15;103,04;0,00;0,00
2,039;4,279;1,030;2,21E-4;221,16;103,04;0,00;0,00
2,040;4,278;1,030;2,21E-4;221,12;102,97;0,00;0,00
2,041;4,278;1,030;2,21E-4;221,13;102,98;0,00;0,00
2,042;4,278;1,029;2,21E-4;221,12;102,94;0,00;0,00
2,043;4,278;1,029;2,21E-4;221,11;102,94;0,00;0,00
2,044;4,277;1,029;2,21E-4;221,10;102,90;0,00;0,00
2,045;4,279;1,030;2,21E-4;221,14;103,00;0,00;0,00
2,046;4,278;1,030;2,21E-4;221,13;103,03;0,00;0,00
2,047;4,277;1,029;2,21E-4;221,10;102,93;0,00;0,00
2,048;4,278;1,030;2,21E-4;221,12;102,98;0,00;0,00
2,049;4,278;1,030;2,21E-4;221,14;103,00;0,00;0,00
2,050;4,278;1,030;2,21E-4;221,14;102,98;0,00;0,00
2,051;4,279;1,030;2,21E-4;221,16;103,05;0,00;0,00
2,052;4,278;1,030;2,21E-4;221,13;103,01;0,00;0,00
2,053;4,279;1,031;2,21E-4;221,15;103,06;0,00;0,00
2,054;4,278;1,030;2,21E-4;221,13;103,00;0,00;0,00
2,055;4,279;1,030;2,21E-4;221,14;102,99;0,00;0,00
2,056;4,278;1,030;2,21E-4;221,14;103,01;0,00;0,00
2,057;4,279;1,031;2,21E-4;221,16;103,08;0,00;0,00
2,058;4,280;1,031;2,21E-4;221,17;103,09;0,00;0,00
2,059;4,278;1,029;2,21E-4;221,12;102,93;0,00;0,00
2,060;4,278;1,029;2,21E-4;221,12;102,94;0,00;0,00
2,061;4,278;1,030;2,21E-4;221,14;103,00;0,00;0,00
2,062;4,279;1,031;2,21E-4;221,16;103,08;0,00;0,00
2,063;4,280;1,032;2,21E-4;221,20;103,18;0,00;0,00
2,064;4,280;1,031;2,21E-4;221,18;103,14;0,00;0,00
2,065;4,278;1,029;2,21E-4;221,12;102,94;0,00;0,00
2,066;4,278;1,029;2,21E-4;221,12;102,93;0,00;0,00
2,067;4,278;1,029;2,21E-4;221,12;102,94;0,00;0,00
2,068;4,278;1,029;2,21E-4;221,11;102,88;0,00;0,00
2,069;4,278;1,030;2,21E-4;221,13;102,95;0,00;0,00
2,070;4,277;1,029;2,21E-4;221,10;102,87;0,00;0,00
2,071;4,279;1,030;2,21E-4;221,15;103,00;0,00;0,00
2,072;4,280;1,031;2,21E-4;221,18;103,11;0,00;0,00
2,073;4,279;1,031;2,21E-4;221,17;103,06;0,00;0,00
2,074;4,279;1,030;2,21E-4;221,15;103,04;0,00;0,00
2,075;4,279;1,030;2,21E-4;221,15;103,01;0,00;0,00
2,076;4,279;1,031;2,21E-4;221,15;103,06;0,00;0,00
2,077;4,279;1,030;2,21E-4;221,14;102,99;0,00;0,00
2,078;4,279;1,031;2,21E-4;221,17;103,07;0,00;0,00
2,079;4,279;1,031;2,21E-4;221,17;103,06;0,00;0,00
2,080;4,279;1,030;2,21E-4;221,15;103,04;0,00;0,00
2,081;4,280;1,031;2,21E-4;221,19;103,14;0,00;0,00
2,082;4,279;1,031;2,21E-4;221,15;103,06;0,00;0,00
2,083;4,279;1,030;2,21E-4;221,15;103,04;0,00;0,00
2,084;4,278;1,030;2,21E-4;221,13;102,97;0,00;0,00
2,085;4,278;1,029;2,21E-4;221,13;102,94;0,00;0,00
2,086;4,278;1,030;2,21E-4;221,12;102,96;0,00;0,00
2,087;4,278;1,029;2,21E-4;221,12;102,93;0,00;0,00
2,088;4,279;1,030;2,21E-4;221,15;103,04;0,00;0,00
2,089;4,279;1,031;2,21E-4;221,16;103,09;0,00;0,00
2,090;4,278;1,030;2,21E-4;221,14;103,01;0,00;0,00
2,091;4,279;1,030;2,21E-4;221,14;102,99;0,00;0,00
2,092;4,278;1,029;2,21E-4;221,13;102,94;0,00;0,00
2,093;4,278;1,029;2,21E-4;221,13;102,93;0,00;0,00
2,094;4,279;1,031;2,21E-4;221,17;103,07;0,00;0,00
2,095;4,278;1,030;2,21E-4;221,14;102,98;0,00;0,00
2,096;4,278;1,029;2,21E-4;221,13;102,91;0,00;0,00
2,097;4,277;1,029;2,21E-4;221,10;102,86;0,00;0,00
2,098;4,277;1,028;2,21E-4;221,10;102,83;0,00;0,00
2,099;4,277;1,028;2,21E-4;221,10;102,83;0,00;0,00
2,100;4,278;1,028;2,21E-4;221,11;102,84;0,00;0,00
2,101;4,280;1,031;2,21E-4;221,18;103,09;0,00;0,00
2,102;4,280;1,031;2,21E-4;221,18;103,08;0,00;0,00
2,103;4,279;1,030;2,21E-4;221,15;102,97;0,00;0,00
2,104;4,279;1,030;2,21E-4;221,16;103,03;0,00;0,00
2,105;4,279;1,031;2,21E-4;221,17;103,05;0,00;0,00
2,106;4,278;1,030;2,21E-4;221,13;102,95;0,00;0,00
2,107;4,278;1,029;2,21E-4;221,13;102,94;0,00;0,00
2,108;4,279;1,031;2,21E-4;221,16;103,05;0,00;0,00
2,109;4,279;1,030;2,21E-4;221,15;103,02;0,00;0,00
2,110;4,279;1,030;2,21E-4;221,15;102,99;0,00;0,00
2,111;4,280;1,031;2,21E-4;221,18;103,10;0,00;0,00
2,112;4,278;1,029;2,21E-4;221,13;102,91;0,00;0,00
2,113;4,277;1,028;2,21E-4;221,10;102,83;0,00;0,00
2,114;4,278;1,029;2,21E-4;221,13;102,92;0,00;0,00
2,115;4,278;1,029;2,21E-4;221,13;102,94;0,00;0,00
2,116;4,279;1,031;2,21E-4;221,16;103,07;0,00;0,00
2,117;4,280;1,031;2,21E-4;221,19;103,14;0,00;0,00
2,118;4,278;1,030;2,21E-4;221,14;102,96;0,00;0,00
2,119;4,278;1,029;2,21E-4;221,13;102,94;0,00;0,00
2,120;4,279;1,031;2,21E-4;221,16;103,07;0,00;0,00
2,121;4,278;1,029;2,21E-4;221,13;102,88;0,00;0,00
2,122;4,278;1,029;2,21E-4;221,11;102,87;0,00;0,00
2,123;4,278;1,029;2,21E-4;221,12;102,93;0,00;0,00
2,124;4,278;1,030;2,21E-4;221,13;102,95;0,00;0,00
2,125;4,280;1,031;2,21E-4;221,18;103,12;0,00;0,00
2,126;4,279;1,031;2,21E-4;221,16;103,08;0,00;0,00
2,127;4,278;1,030;2,21E-4;221,14;102,97;0,00;0,00
2,128;4,278;1,029;2,21E-4;221,12;102,94;0,00;0,00
2,129;4,279;1,030;2,21E-4;221,14;102,99;0,00;0,00
2,130;4,279;1,030;2,21E-4;221,15;103,04;0,00;0,00
2,131;4,278;1,030;2,21E-4;221,14;102,98;0,00;0,00
2,132;4,278;1,030;2,21E-4;221,14;103,00;0,00;0,00
2,133;4,278;1,030;2,21E-4;221,13;102,99;0,00;0,00
2,134;4,279;1,031;2,21E-4;221,16;103,08;0,00;0,00
2,135;4,278;1,030;2,21E-4;221,12;103,00;0,00;0,00
2,136;4,278;1,030;2,21E-4;221,13;103,02;0,00;0,00
2,137;4,279;1,031;2,21E-4;221,15;103,06;0,00;0,00
2,138;4,278;1,030;2,21E-4;221,12;102,97;0,00;0,00
2,139;4,278;1,029;2,21E-4;221,12;102,94;0,00;0,00
2,140;4,278;1,029;2,21E-4;221,11;102,94;0,00;0,00
2,141;4,277;1,029;2,21E-4;221,09;102,90;0,00;0,00
2,142;4,277;1,029;2,21E-4;221,09;102,87;0,00;0,00
2,143;4,278;1,030;2,21E-4;221,12;102,96;0,00;0,00
2,144;4,278;1,031;2,21E-4;221,14;103,06;0,00;0,00
2,145;4,277;1,029;2,21E-4;221,10;102,95;0,00;0,00
2,146;4,277;1,030;2,21E-4;221,10;102,97;0,00;0,00
2,147;4,278;1,030;2,21E-4;221,11;102,98;0,00;0,00
2,148;4,277;1,030;2,21E-4;221,10;102,98;0,00;0,00
2,149;4,278;1,030;2,21E-4;221,13;103,05;0,00;0,00
2,150;4,278;1,031;2,21E-4;221,13;103,05;0,00;0,00
2,151;4,278;1,030;2,21E-4;221,13;103,05;0,00;0,00
2,152;4,278;1,030;2,21E-4;221,13;103,05;0,00;0,00
2,153;4,278;1,030;2,21E-4;221,12;102,99;0,00;0,00
2,154;4,278;1,030;2,21E-4;221,11;103,01;0,00;0,00
2,155;4,278;1,031;2,21E-4;221,13;103,05;0,00;0,00
2,156;4,278;1,030;2,21E-4;221,12;103,02;0,00;0,00
2,157;4,277;1,029;2,21E-4;221,08;102,89;0,00;0,00
2,158;4,278;1,030;2,21E-4;221,12;103,04;0,00;0,00
2,159;4,277;1,030;2,21E-4;221,11;102,99;0,00;0,00
2,160;4,279;1,031;2,21E-4;221,15;103,13;0,00;0,00
2,161;4,279;1,031;2,21E-4;221,15;103,08;0,00;0,00
2,162;4,279;1,031;2,21E-4;221,14;103,09;0,00;0,00
2,163;4,278;1,030;2,21E-4;221,13;103,04;0,00;0,00
2,164;4,277;1,029;2,21E-4;221,09;102,90;0,00;0,00
2,165;4,277;1,030;2,21E-4;221,11;102,97;0,00;0,00
2,166;4,279;1,031;2,21E-4;221,14;103,09;0,00;0,00
2,167;4,277;1,029;2,21E-4;221,11;102,93;0,00;0,00
2,168;4,278;1,030;2,21E-4;221,13;102,99;0,00;0,00
2,169;4,278;1,030;2,21E-4;221,11;102,97;0,00;0,00
2,170;4,278;1,030;2,21E-4;221,12;103,01;0,00;0,00
2,171;4,276;1,028;2,21E-4;221,07;102,84;0,00;0,00
2,172;4,278;1,030;2,21E-4;221,14;103,04;0,00;0,00
2,173;4,277;1,029;2,21E-4;221,11;102,94;0,00;0,00
2,174;4,277;1,029;2,21E-4;221,09;102,94;0,00;0,00
2,175;4,278;1,030;2,21E-4;221,13;103,04;0,00;0,00
2,176;4,278;1,030;2,21E-4;221,11;102,97;0,00;0,00
2,177;4,277;1,029;2,21E-4;221,09;102,93;0,00;0,00
2,178;4,277;1,029;2,21E-4;221,09;102,90;0,00;0,00
2,179;4,277;1,029;2,21E-4;221,10;102,92;0,00;0,00
2,180;4,278;1,030;2,21E-4;221,12;103,00;0,00;0,00
2,181;4,279;1,030;2,21E-4;221,14;103,05;0,00;0,00
2,182;4,278;1,030;2,21E-4;221,11;102,96;0,00;0,00
2,183;4,279;1,031;2,21E-4;221,15;103,08;0,00;0,00
2,184;4,278;1,030;2,21E-4;221,13;103,03;0,00;0,00
2,185;4,278;1,030;2,21E-4;221,12;103,04;0,00;0,00
2,186;4,279;1,031;2,21E-4;221,16;103,15;0,00;0,00
2,187;4,278;1,030;2,21E-4;221,13;103,00;0,00;0,00
2,188;4,277;1,030;2,21E-4;221,10;102,97;0,00;0,00
2,189;4,277;1,029;2,21E-4;221,10;102,94;0,00;0,00
2,190;4,278;1,030;2,21E-4;221,11;103,00;0,00;0,00
2,191;4,278;1,030;2,21E-4;221,13;103,03;0,00;0,00
2,192;4,277;1,029;2,21E-4;221,10;102,93;0,00;0,00
2,193;4,277;1,029;2,21E-4;221,11;102,92;0,00;0,00
2,194;4,278;1,030;2,21E-4;221,14;103,02;0,00;0,00
2,195;4,278;1,030;2,21E-4;221,13;103,04;0,00;0,00
2,196;4,278;1,030;2,21E-4;221,13;103,05;0,00;0,00
2,197;4,278;1,030;2,21E-4;221,13;102,98;0,00;0,00
2,198;4,279;1,031;2,21E-4;221,14;103,06;0,00;0,00
2,199;4,278;1,030;2,21E-4;221,13;103,00;0,00;0,00
2,200;4,279;1,031;2,21E-4;221,15;103,09;0,00;0,00
2,201;4,279;1,031;2,21E-4;221,15;103,10;0,00;0,00
2,202;4,278;1,029;2,21E-4;221,11;102,95;0,00;0,00
2,203;4,277;1,030;2,21E-4;221,11;102,97;0,00;0,00
2,204;4,277;1,030;2,21E-4;221,11;102,96;0,00;0,00
2,205;4,279;1,031;2,21E-4;221,17;103,14;0,00;0,00
2,206;4,278;1,030;2,21E-4;221,12;102,99;0,00;0,00
2,207;4,277;1,029;2,21E-4;221,09;102,91;0,00;0,00
2,208;4,277;1,030;2,21E-4;221,11;102,96;0,00;0,00
2,209;4,278;1,029;2,21E-4;221,11;102,93;0,00;0,00
2,210;4,278;1,030;2,21E-4;221,11;102,98;0,00;0,00
2,211;4,279;1,031;2,21E-4;221,16;103,07;0,00;0,00
2,212;4,279;1,031;2,21E-4;221,16;103,12;0,00;0,00
2,213;4,277;1,029;2,21E-4;221,11;102,95;0,00;0,00
2,214;4,277;1,029;2,21E-4;221,10;102,94;0,00;0,00
2,215;4,278;1,030;2,21E-4;221,12;102,99;0,00;0,00
2,216;4,278;1,030;2,21E-4;221,12;103,00;0,00;0,00
2,217;4,278;1,030;2,21E-4;221,13;103,01;0,00;0,00
2,218;4,277;1,029;2,21E-4;221,10;102,91;0,00;0,00
2,219;4,277;1,029;2,21E-4;221,10;102,91;0,00;0,00
2,220;4,278;1,029;2,21E-4;221,11;102,90;0,00;0,00
2,221;4,279;1,030;2,21E-4;221,14;103,05;0,00;0,00
2,222;4,280;1,032;2,21E-4;221,19;103,21;0,00;0,00
2,223;4,279;1,030;2,21E-4;221,14;103,03;0,00;0,00
2,224;4,278;1,029;2,21E-4;221,11;102,94;0,00;0,00
2,225;4,278;1,029;2,21E-4;221,11;102,92;0,00;0,00
2,226;4,279;1,030;2,21E-4;221,14;103,04;0,00;0,00
2,227;4,278;1,031;2,21E-4;221,14;103,07;0,00;0,00
2,228;4,279;1,031;2,21E-4;221,15;103,05;0,00;0,00
2,229;4,277;1,029;2,21E-4;221,10;102,93;0,00;0,00
2,230;4,278;1,030;2,21E-4;221,12;102,98;0,00;0,00
2,231;4,277;1,030;2,21E-4;221,09;102,95;0,00;0,00
2,232;4,277;1,030;2,21E-4;221,11;102,97;0,00;0,00
2,233;4,278;1,030;2,21E-4;221,12;102,99;0,00;0,00
2,234;4,279;1,031;2,21E-4;221,16;103,09;0,00;0,00
2,235;4,278;1,030;2,21E-4;221,13;103,01;0,00;0,00
2,236;4,278;1,030;2,21E-4;221,12;103,01;0,00;0,00
2,237;4,279;1,031;2,21E-4;221,15;103,13;0,00;0,00
2,238;4,278;1,030;2,21E-4;221,13;102,99;0,00;0,00
2,239;4,278;1,030;2,21E-4;221,12;102,98;0,00;0,00
2,240;4,278;1,030;2,21E-4;221,12;102,96;0,00;0,00
2,241;4,279;1,031;2,21E-4;221,15;103,07;0,00;0,00
2,242;4,278;1,030;2,21E-4;221,12;102,97;0,00;0,00
2,243;4,278;1,030;2,21E-4;221,14;103,01;0,00;0,00
2,244;4,278;1,030;2,21E-4;221,14;103,03;0,00;0,00
2,245;4,278;1,030;2,21E-4;221,13;103,00;0,00;0,00
2,246;4,279;1,030;2,21E-4;221,14;103,01;0,00;0,00
2,247;4,278;1,030;2,21E-4;221,11;102,96;0,00;0,00
2,248;4,277;1,029;2,21E-4;221,08;102,86;0,00;0,00
2,249;4,278;1,030;2,21E-4;221,13;103,00;0,00;0,00
2,250;4,277;1,029;2,21E-4;221,11;102,94;0,00;0,00
2,251;4,279;1,031;2,21E-4;221,15;103,07;0,00;0,00
2,252;4,279;1,031;2,21E-4;221,15;103,08;0,00;0,00
2,253;4,278;1,030;2,21E-4;221,13;102,98;0,00;0,00
2,254;4,279;1,031;2,21E-4;221,15;103,06;0,00;0,00
2,255;4,278;1,030;2,21E-4;221,13;102,99;0,00;0,00
2,256;4,278;1,029;2,21E-4;221,11;102,95;0,00;0,00
2,257;4,277;1,029;2,21E-4;221,08;102,89;0,00;0,00
2,258;4,278;1,030;2,21E-4;221,12;102,95;0,00;0,00
2,259;4,278;1,030;2,21E-4;221,11;102,95;0,00;0,00
2,260;4,279;1,030;2,21E-4;221,14;103,02;0,00;0,00
2,261;4,277;1,029;2,21E-4;221,09;102,90;0,00;0,00
2,262;4,278;1,030;2,21E-4;221,13;102,98;0,00;0,00
2,263;4,277;1,029;2,21E-4;221,10;102,92;0,00;0,00
2,264;4,279;1,030;2,21E-4;221,14;103,04;0,00;0,00
2,265;4,279;1,031;2,21E-4;221,16;103,11;0,00;0,00
2,266;4,278;1,030;2,21E-4;221,12;103,03;0,00;0,00
2,267;4,278;1,030;2,21E-4;221,11;102,98;0,00;0,00
2,268;4,278;1,030;2,21E-4;221,14;103,04;0,00;0,00
2,269;4,279;1,030;2,21E-4;221,14;103,02;0,00;0,00
2,270;4,277;1,029;2,21E-4;221,10;102,92;0,00;0,00
2,271;4,278;1,030;2,21E-4;221,13;102,99;0,00;0,00
2,272;4,277;1,029;2,21E-4;221,10;102,94;0,00;0,00
2,273;4,279;1,031;2,21E-4;221,16;103,11;0,00;0,00
2,274;4,280;1,031;2,21E-4;221,18;103,15;0,00;0,00
2,275;4,278;1,031;2,21E-4;221,14;103,06;0,00;0,00
2,276;4,278;1,029;2,21E-4;221,12;102,94;0,00;0,00
2,277;4,278;1,029;2,21E-4;221,11;102,94;0,00;0,00
2,278;4,278;1,030;2,21E-4;221,11;102,96;0,00;0,00
2,279;4,277;1,029;2,21E-4;221,11;102,91;0,00;0,00
2,280;4,277;1,029;2,21E-4;221,10;102,92;0,00;0,00
2,281;4,279;1,031;2,21E-4;221,16;103,08;0,00;0,00
2,282;4,278;1,030;2,21E-4;221,12;102,99;0,00;0,00
2,283;4,277;1,029;2,21E-4;221,10;102,93;0,00;0,00
2,284;4,277;1,029;2,21E-4;221,10;102,89;0,00;0,00
2,285;4,278;1,030;2,21E-4;221,12;102,96;0,00;0,00
2,286;4,278;1,030;2,21E-4;221,11;102,95;0,00;0,00
2,287;4,278;1,030;2,21E-4;221,14;103,05;0,00;0,00
2,288;4,277;1,029;2,21E-4;221,10;102,92;0,00;0,00
2,289;4,278;1,030;2,21E-4;221,14;103,00;0,00;0,00
2,290;4,278;1,030;2,21E-4;221,12;102,99;0,00;0,00
2,291;4,279;1,030;2,21E-4;221,15;103,02;0,00;0,00
2,292;4,277;1,029;2,21E-4;221,10;102,90;0,00;0,00
2,293;4,276;1,028;2,21E-4;221,06;102,80;0,00;0,00
2,294;4,279;1,031;2,21E-4;221,16;103,11;0,00;0,00
2,295;4,278;1,029;2,21E-4;221,11;102,93;0,00;0,00
2,296;4,277;1,029;2,21E-4;221,11;102,91;0,00;0,00
2,297;4,278;1,030;2,21E-4;221,12;102,96;0,00;0,00
2,298;4,276;1,029;2,21E-4;221,07;102,86;0,00;0,00
2,299;4,278;1,030;2,21E-4;221,12;102,96;0,00;0,00
2,300;4,278;1,030;2,21E-4;221,14;103,05;0,00;0,00
2,301;4,280;1,032;2,21E-4;221,19;103,19;0,00;0,00
2,302;4,279;1,031;2,21E-4;221,16;103,09;0,00;0,00
2,303;4,279;1,030;2,21E-4;221,14;103,04;0,00;0,00
2,304;4,278;1,030;2,21E-4;221,13;103,01;0,00;0,00
2,305;4,278;1,030;2,21E-4;221,12;102,96;0,00;0,00
2,306;4,277;1,029;2,21E-4;221,11;102,87;0,00;0,00
2,307;4,278;1,029;2,21E-4;221,11;102,95;0,00;0,00
2,308;4,278;1,030;2,21E-4;221,13;102,99;0,00;0,00
2,309;4,278;1,029;2,21E-4;221,11;102,94;0,00;0,00
2,310;4,277;1,029;2,21E-4;221,11;102,92;0,00;0,00
2,311;4,279;1,031;2,21E-4;221,15;103,08;0,00;0,00
2,312;4,278;1,030;2,21E-4;221,13;103,00;0,00;0,00
2,313;4,278;1,030;2,21E-4;221,12;103,00;0,00;0,00
2,314;4,279;1,031;2,21E-4;221,15;103,07;0,00;0,00
2,315;4,279;1,031;2,21E-4;221,14;103,08;0,00;0,00
2,316;4,278;1,030;2,21E-4;221,13;103,02;0,00;0,00
2,317;4,279;1,031;2,21E-4;221,14;103,06;0,00;0,00
2,318;4,278;1,030;2,21E-4;221,11;102,96;0,00;0,00
2,319;4,278;1,030;2,21E-4;221,12;103,01;0,00;0,00
2,320;4,278;1,030;2,21E-4;221,14;103,04;0,00;0,00
2,321;4,279;1,030;2,21E-4;221,15;103,03;0,00;0,00
2,322;4,278;1,030;2,21E-4;221,14;103,04;0,00;0,00
2,323;4,279;1,031;2,21E-4;221,14;103,06;0,00;0,00
2,324;4,280;1,031;2,21E-4;221,18;103,14;0,00;0,00
2,325;4,279;1,031;2,21E-4;221,14;103,07;0,00;0,00
2,326;4,279;1,031;2,21E-4;221,14;103,09;0,00;0,00
2,327;4,279;1,031;2,21E-4;221,15;103,08;0,00;0,00
2,328;4,278;1,030;2,21E-4;221,13;103,03;0,00;0,00
2,329;4,279;1,031;2,21E-4;221,16;103,11;0,00;0,00
2,330;4,278;1,030;2,21E-4;221,12;102,98;0,00;0,00
2,331;4,277;1,029;2,21E-4;221,09;102,89;0,00;0,00
2,332;4,277;1,029;2,21E-4;221,08;102,89;0,00;0,00
2,333;4,278;1,030;2,21E-4;221,12;102,99;0,00;0,00
2,334;4,279;1,031;2,21E-4;221,15;103,10;0,00;0,00
2,335;4,278;1,030;2,21E-4;221,11;102,95;0,00;0,00
2,336;4,278;1,029;2,21E-4;221,11;102,94;0,00;0,00
2,337;4,277;1,029;2,21E-4;221,08;102,88;0,00;0,00
2,338;4,278;1,030;2,21E-4;221,14;103,05;0,00;0,00
2,339;4,278;1,030;2,21E-4;221,12;102,96;0,00;0,00
2,340;4,277;1,030;2,21E-4;221,10;102,97;0,00;0,00
2,341;4,278;1,030;2,21E-4;221,11;103,00;0,00;0,00
2,342;4,279;1,031;2,21E-4;221,15;103,13;0,00;0,00
2,343;4,277;1,029;2,21E-4;221,10;102,92;0,00;0,00
2,344;4,278;1,030;2,21E-4;221,12;102,99;0,00;0,00
2,345;4,278;1,031;2,21E-4;221,12;103,06;0,00;0,00
2,346;4,278;1,031;2,21E-4;221,14;103,08;0,00;0,00
2,347;4,278;1,031;2,21E-4;221,14;103,10;0,00;0,00
2,348;4,278;1,031;2,21E-4;221,13;103,08;0,00;0,00
2,349;4,278;1,030;2,21E-4;221,13;103,04;0,00;0,00
2,350;4,278;1,030;2,21E-4;221,11;102,97;0,00;0,00
2,351;4,277;1,030;2,21E-4;221,09;102,95;0,00;0,00
2,352;4,277;1,029;2,21E-4;221,09;102,90;0,00;0,00
2,353;4,278;1,030;2,21E-4;221,11;103,03;0,00;0,00
2,354;4,277;1,030;2,21E-4;221,11;103,00;0,00;0,00
2,355;4,278;1,030;2,21E-4;221,13;103,04;0,00;0,00
2,356;4,278;1,030;2,21E-4;221,13;103,03;0,00;0,00
2,357;4,277;1,030;2,21E-4;221,10;102,96;0,00;0,00
2,358;4,278;1,030;2,21E-4;221,12;103,03;0,00;0,00
2,359;4,277;1,029;2,21E-4;221,10;102,94;0,00;0,00
2,360;4,277;1,029;2,21E-4;221,10;102,94;0,00;0,00
2,361;4,277;1,030;2,21E-4;221,10;103,01;0,00;0,00
2,362;4,278;1,030;2,21E-4;221,12;103,01;0,00;0,00
2,363;4,278;1,030;2,21E-4;221,11;102,97;0,00;0,00
2,364;4,278;1,030;2,21E-4;221,13;103,01;0,00;0,00
2,365;4,277;1,029;2,21E-4;221,11;102,94;0,00;0,00
2,366;4,278;1,030;2,21E-4;221,13;103,01;0,00;0,00
2,367;4,277;1,029;2,21E-4;221,10;102,90;0,00;0,00
2,368;4,278;1,030;2,21E-4;221,13;103,00;0,00;0,00
2,369;4,277;1,029;2,21E-4;221,11;102,95;0,00;0,00
2,370;4,279;1,031;2,21E-4;221,14;103,06;0,00;0,00
2,371;4,278;1,030;2,21E-4;221,14;103,01;0,00;0,00
2,372;4,279;1,031;2,21E-4;221,15;103,10;0,00;0,00
2,373;4,278;1,031;2,21E-4;221,14;103,06;0,00;0,00
2,374;4,278;1,030;2,21E-4;221,13;103,04;0,00;0,00
2,375;4,279;1,031;2,21E-4;221,15;103,10;0,00;0,00
2,376;4,277;1,029;2,21E-4;221,08;102,90;0,00;0,00
2,377;4,278;1,030;2,21E-4;221,12;103,04;0,00;0,00
2,378;4,280;1,032;2,21E-4;221,18;103,20;0,00;0,00
2,379;4,277;1,029;2,21E-4;221,10;102,94;0,00;0,00
2,380;4,278;1,030;2,21E-4;221,12;103,05;0,00;0,00
2,381;4,276;1,028;2,21E-4;221,07;102,84;0,00;0,00
2,382;4,276;1,029;2,21E-4;221,07;102,87;0,00;0,00
2,383;4,278;1,030;2,21E-4;221,11;102,98;0,00;0,00
2,384;4,278;1,030;2,21E-4;221,13;103,03;0,00;0,00
2,385;4,278;1,031;2,21E-4;221,14;103,05;0,00;0,00
2,386;4,277;1,030;2,21E-4;221,10;102,97;0,00;0,00
2,387;4,278;1,030;2,21E-4;221,11;103,02;0,00;0,00
2,388;4,277;1,029;2,21E-4;221,09;102,94;0,00;0,00
2,389;4,279;1,031;2,21E-4;221,16;103,13;0,00;0,00
2,390;4,277;1,029;2,21E-4;221,09;102,93;0,00;0,00
2,391;4,278;1,030;2,21E-4;221,12;102,99;0,00;0,00
2,392;4,278;1,031;2,21E-4;221,14;103,08;0,00;0,00
2,393;4,278;1,030;2,21E-4;221,13;103,05;0,00;0,00
2,394;4,278;1,030;2,21E-4;221,11;102,98;0,00;0,00
2,395;4,276;1,028;2,21E-4;221,06;102,84;0,00;0,00
2,396;4,277;1,030;2,21E-4;221,10;102,99;0,00;0,00
2,397;4,277;1,029;2,21E-4;221,10;102,93;0,00;0,00
2,398;4,278;1,030;2,21E-4;221,11;103,01;0,00;0,00
2,399;4,278;1,030;2,21E-4;221,12;103,04;0,00;0,00
2,400;4,277;1,030;2,21E-4;221,11;102,97;0,00;0,00
2,401;4,278;1,031;2,21E-4;221,14;103,07;0,00;0,00
2,402;4,278;1,030;2,21E-4;221,11;102,98;0,00;0,00
2,403;4,278;1,031;2,21E-4;221,13;103,09;0,00;0,00
2,404;4,278;1,031;2,21E-4;221,14;103,07;0,00;0,00
2,405;4,279;1,031;2,21E-4;221,14;103,08;0,00;0,00
2,406;4,277;1,029;2,21E-4;221,09;102,91;0,00;0,00
2,407;4,277;1,029;2,21E-4;221,10;102,93;0,00;0,00
2,408;4,279;1,031;2,21E-4;221,14;103,06;0,00;0,00
2,409;4,277;1,029;2,21E-4;221,10;102,94;0,00;0,00
2,410;4,278;1,030;2,21E-4;221,12;103,04;0,00;0,00
2,411;4,278;1,030;2,21E-4;221,12;103,03;0,00;0,00
2,412;4,278;1,030;2,21E-4;221,12;103,03;0,00;0,00
2,413;4,279;1,031;2,21E-4;221,15;103,10;0,00;0,00
2,414;4,277;1,029;2,21E-4;221,08;102,88;0,00;0,00
2,415;4,277;1,030;2,21E-4;221,10;102,99;0,00;0,00
2,416;4,277;1,029;2,21E-4;221,08;102,93;0,00;0,00
2,417;4,277;1,030;2,21E-4;221,11;102,99;0,00;0,00
2,418;4,277;1,029;2,21E-4;221,08;102,92;0,00;0,00
2,419;4,277;1,030;2,21E-4;221,09;102,95;0,00;0,00
2,420;4,279;1,031;2,21E-4;221,14;103,11;0,00;0,00
2,421;4,278;1,031;2,21E-4;221,12;103,06;0,00;0,00
2,422;4,277;1,030;2,21E-4;221,10;102,99;0,00;0,00
2,423;4,278;1,031;2,21E-4;221,12;103,09;0,00;0,00
2,424;4,277;1,029;2,21E-4;221,08;102,90;0,00;0,00
2,425;4,277;1,030;2,21E-4;221,10;102,99;0,00;0,00
2,426;4,277;1,030;2,21E-4;221,10;102,97;0,00;0,00
2,427;4,278;1,031;2,21E-4;221,13;103,10;0,00;0,00
2,428;4,278;1,030;2,21E-4;221,11;103,01;0,00;0,00
2,429;4,278;1,031;2,21E-4;221,13;103,10;0,00;0,00
2,430;4,277;1,030;2,21E-4;221,10;102,97;0,00;0,00
2,431;4,277;1,029;2,21E-4;221,09;102,95;0,00;0,00
2,432;4,277;1,030;2,21E-4;221,09;102,96;0,00;0,00
2,433;4,278;1,030;2,21E-4;221,12;102,99;0,00;0,00
2,434;4,278;1,030;2,21E-4;221,11;102,99;0,00;0,00
2,435;4,279;1,031;2,21E-4;221,14;103,14;0,00;0,00
2,436;4,279;1,032;2,21E-4;221,16;103,16;0,00;0,00
2,437;4,278;1,031;2,21E-4;221,12;103,05;0,00;0,00
2,438;4,278;1,030;2,21E-4;221,12;103,02;0,00;0,00
2,439;4,277;1,029;2,21E-4;221,08;102,94;0,00;0,00
2,440;4,277;1,030;2,21E-4;221,08;102,96;0,00;0,00
2,441;4,276;1,029;2,21E-4;221,07;102,93;0,00;0,00
2,442;4,277;1,030;2,21E-4;221,10;102,99;0,00;0,00
2,443;4,278;1,031;2,21E-4;221,12;103,07;0,00;0,00
2,444;4,277;1,030;2,21E-4;221,09;103,00;0,00;0,00
2,445;4,278;1,031;2,21E-4;221,12;103,09;0,00;0,00
2,446;4,278;1,030;2,21E-4;221,12;103,02;0,00;0,00
2,447;4,277;1,029;2,21E-4;221,08;102,92;0,00;0,00
2,448;4,278;1,030;2,21E-4;221,11;103,00;0,00;0,00
2,449;4,278;1,031;2,21E-4;221,13;103,09;0,00;0,00
2,450;4,277;1,030;2,21E-4;221,11;102,99;0,00;0,00
2,451;4,278;1,031;2,21E-4;221,11;103,05;0,00;0,00
2,452;4,278;1,030;2,21E-4;221,11;103,03;0,00;0,00
2,453;4,278;1,030;2,21E-4;221,12;103,05;0,00;0,00
2,454;4,277;1,030;2,21E-4;221,10;103,03;0,00;0,00
2,455;4,277;1,030;2,21E-4;221,10;103,04;0,00;0,00
2,456;4,277;1,030;2,21E-4;221,09;102,99;0,00;0,00
2,457;4,277;1,030;2,21E-4;221,10;103,01;0,00;0,00
2,458;4,279;1,031;2,21E-4;221,14;103,13;0,00;0,00
2,459;4,277;1,030;2,21E-4;221,09;102,98;0,00;0,00
2,460;4,276;1,029;2,21E-4;221,07;102,92;0,00;0,00
2,461;4,277;1,030;2,21E-4;221,10;103,03;0,00;0,00
2,462;4,277;1,029;2,21E-4;221,09;102,94;0,00;0,00
2,463;4,276;1,028;2,21E-4;221,06;102,82;0,00;0,00
2,464;4,276;1,029;2,21E-4;221,06;102,89;0,00;0,00
2,465;4,277;1,030;2,21E-4;221,10;103,00;0,00;0,00
2,466;4,277;1,030;2,21E-4;221,10;103,01;0,00;0,00
2,467;4,276;1,029;2,21E-4;221,07;102,90;0,00;0,00
2,468;4,278;1,030;2,21E-4;221,11;103,00;0,00;0,00
2,469;4,277;1,029;2,21E-4;221,09;102,93;0,00;0,00
2,470;4,277;1,029;2,21E-4;221,08;102,93;0,00;0,00
2,471;4,277;1,030;2,21E-4;221,10;103,00;0,00;0,00
2,472;4,277;1,030;2,21E-4;221,09;102,96;0,00;0,00
2,473;4,277;1,030;2,21E-4;221,09;102,96;0,00;0,00
2,474;4,278;1,031;2,21E-4;221,11;103,06;0,00;0,00
2,475;4,278;1,031;2,21E-4;221,13;103,07;0,00;0,00
2,476;4,277;1,029;2,21E-4;221,08;102,95;0,00;0,00
2,477;4,277;1,030;2,21E-4;221,11;102,98;0,00;0,00
2,478;4,278;1,030;2,21E-4;221,11;103,04;0,00;0,00
2,479;4,277;1,030;2,21E-4;221,10;103,01;0,00;0,00
2,480;4,277;1,030;2,21E-4;221,10;102,98;0,00;0,00
2,481;4,278;1,031;2,21E-4;221,12;103,10;0,00;0,00
2,482;4,276;1,029;2,21E-4;221,07;102,90;0,00;0,00
2,483;4,276;1,029;2,21E-4;221,06;102,87;0,00;0,00
2,484;4,277;1,030;2,21E-4;221,09;102,96;0,00;0,00
2,485;4,277;1,029;2,21E-4;221,09;102,93;0,00;0,00
2,486;4,277;1,029;2,21E-4;221,08;102,92;0,00;0,00
2,487;4,277;1,029;2,21E-4;221,09;102,92;0,00;0,00
2,488;4,277;1,030;2,21E-4;221,10;102,99;0,00;0,00
2,489;4,276;1,029;2,21E-4;221,07;102,93;0,00;0,00
2,490;4,277;1,030;2,21E-4;221,10;103,02;0,00;0,00
2,491;4,277;1,030;2,21E-4;221,10;102,99;0,00;0,00
2,492;4,276;1,029;2,21E-4;221,07;102,88;0,00;0,00
2,493;4,278;1,030;2,21E-4;221,11;103,01;0,00;0,00
2,494;4,276;1,028;2,21E-4;221,05;102,85;0,00;0,00
2,495;4,278;1,031;2,21E-4;221,13;103,07;0,00;0,00
2,496;4,278;1,031;2,21E-4;221,13;103,07;0,00;0,00
2,497;4,278;1,030;2,21E-4;221,12;103,05;0,00;0,00
2,498;4,279;1,031;2,21E-4;221,14;103,10;0,00;0,00
2,499;4,278;1,031;2,21E-4;221,13;103,08;0,00;0,00
2,500;4,278;1,030;2,21E-4;221,12;103,02;0,00;0,00
2,501;4,277;1,030;2,21E-4;221,10;102,99;0,00;0,00
2,502;4,278;1,030;2,21E-4;221,11;102,99;0,00;0,00
2,503;4,279;1,032;2,21E-4;221,14;103,15;0,00;0,00
2,504;4,278;1,031;2,21E-4;221,13;103,06;0,00;0,00
2,505;4,278;1,030;2,21E-4;221,11;103,01;0,00;0,00
2,506;4,278;1,031;2,21E-4;221,13;103,09;0,00;0,00
2,507;4,278;1,031;2,21E-4;221,13;103,08;0,00;0,00
2,508;4,278;1,030;2,21E-4;221,11;103,01;0,00;0,00
2,509;4,278;1,030;2,21E-4;221,12;103,04;0,00;0,00
2,510;4,278;1,031;2,21E-4;221,13;103,06;0,00;0,00
2,511;4,278;1,030;2,21E-4;221,12;103,01;0,00;0,00
2,512;4,278;1,030;2,21E-4;221,13;103,04;0,00;0,00
2,513;4,277;1,029;2,21E-4;221,08;102,93;0,00;0,00
2,514;4,278;1,030;2,21E-4;221,11;103,00;0,00;0,00
2,515;4,277;1,029;2,21E-4;221,09;102,94;0,00;0,00
2,516;4,278;1,030;2,21E-4;221,11;103,00;0,00;0,00
2,517;4,277;1,030;2,21E-4;221,10;103,02;0,00;0,00
2,518;4,278;1,031;2,21E-4;221,13;103,09;0,00;0,00
2,519;4,279;1,032;2,21E-4;221,16;103,17;0,00;0,00
2,520;4,278;1,031;2,21E-4;221,12;103,06;0,00;0,00
2,521;4,277;1,030;2,21E-4;221,09;102,96;0,00;0,00
2,522;4,277;1,030;2,21E-4;221,10;103,00;0,00;0,00
2,523;4,278;1,031;2,21E-4;221,13;103,07;0,00;0,00
2,524;4,278;1,031;2,21E-4;221,13;103,08;0,00;0,00
2,525;4,277;1,030;2,21E-4;221,11;103,01;0,00;0,00
2,526;4,278;1,031;2,21E-4;221,14;103,09;0,00;0,00
2,527;4,277;1,030;2,21E-4;221,10;103,02;0,00;0,00
2,528;4,277;1,030;2,21E-4;221,09;102,98;0,00;0,00
2,529;4,277;1,030;2,21E-4;221,09;102,97;0,00;0,00
2,530;4,276;1,029;2,21E-4;221,07;102,88;0,00;0,00
2,531;4,277;1,029;2,21E-4;221,08;102,94;0,00;0,00
2,532;4,278;1,030;2,21E-4;221,11;103,03;0,00;0,00
2,533;4,279;1,031;2,21E-4;221,15;103,09;0,00;0,00
2,534;4,277;1,029;2,21E-4;221,10;102,94;0,00;0,00
2,535;4,278;1,030;2,21E-4;221,12;103,03;0,00;0,00
2,536;4,276;1,029;2,21E-4;221,07;102,91;0,00;0,00
2,537;4,276;1,029;2,21E-4;221,08;102,91;0,00;0,00
2,538;4,277;1,030;2,21E-4;221,10;103,00;0,00;0,00
2,539;4,276;1,029;2,21E-4;221,06;102,87;0,00;0,00
2,540;4,276;1,029;2,21E-4;221,07;102,89;0,00;0,00
2,541;4,277;1,029;2,21E-4;221,09;102,94;0,00;0,00
2,542;4,277;1,029;2,21E-4;221,08;102,95;0,00;0,00
2,543;4,278;1,030;2,21E-4;221,13;103,03;0,00;0,00
2,544;4,277;1,029;2,21E-4;221,08;102,91;0,00;0,00
2,545;4,277;1,029;2,21E-4;221,10;102,94;0,00;0,00
2,546;4,278;1,030;2,21E-4;221,12;103,01;0,00;0,00
2,547;4,277;1,030;2,21E-4;221,11;103,01;0,00;0,00
2,548;4,278;1,031;2,21E-4;221,13;103,11;0,00;0,00
2,549;4,277;1,030;2,21E-4;221,11;103,01;0,00;0,00
2,550;4,279;1,031;2,21E-4;221,14;103,13;0,00;0,00
2,551;4,278;1,031;2,21E-4;221,12;103,08;0,00;0,00
2,552;4,278;1,031;2,21E-4;221,13;103,10;0,00;0,00
2,553;4,278;1,031;2,21E-4;221,13;103,10;0,00;0,00
2,554;4,279;1,031;2,21E-4;221,14;103,08;0,00;0,00
2,555;4,278;1,031;2,21E-4;221,13;103,09;0,00;0,00
2,556;4,278;1,030;2,21E-4;221,12;103,04;0,00;0,00
2,557;4,278;1,030;2,21E-4;221,11;102,98;0,00;0,00
2,558;4,278;1,030;2,21E-4;221,11;103,02;0,00;0,00
2,559;4,277;1,030;2,21E-4;221,11;103,01;0,00;0,00
2,560;4,278;1,031;2,21E-4;221,12;103,05;0,00;0,00
2,561;4,278;1,031;2,21E-4;221,13;103,10;0,00;0,00
2,562;4,278;1,031;2,21E-4;221,12;103,09;0,00;0,00
2,563;4,277;1,030;2,21E-4;221,08;102,95;0,00;0,00
2,564;4,276;1,029;2,21E-4;221,06;102,86;0,00;0,00
2,565;4,277;1,030;2,21E-4;221,09;102,99;0,00;0,00
2,566;4,277;1,030;2,21E-4;221,09;102,96;0,00;0,00
2,567;4,277;1,029;2,21E-4;221,08;102,92;0,00;0,00
2,568;4,277;1,030;2,21E-4;221,09;103,04;0,00;0,00
2,569;4,278;1,031;2,21E-4;221,12;103,09;0,00;0,00
2,570;4,278;1,031;2,21E-4;221,12;103,08;0,00;0,00
2,571;4,278;1,031;2,21E-4;221,13;103,09;0,00;0,00
2,572;4,279;1,031;2,21E-4;221,14;103,14;0,00;0,00
2,573;4,278;1,030;2,21E-4;221,12;103,01;0,00;0,00
2,574;4,277;1,030;2,21E-4;221,10;102,99;0,00;0,00
2,575;4,277;1,030;2,21E-4;221,11;103,02;0,00;0,00
2,576;4,278;1,031;2,21E-4;221,13;103,09;0,00;0,00
2,577;4,279;1,031;2,21E-4;221,14;103,11;0,00;0,00
2,578;4,278;1,030;2,21E-4;221,11;103,04;0,00;0,00
2,579;4,277;1,030;2,21E-4;221,09;102,96;0,00;0,00
2,580;4,278;1,030;2,21E-4;221,11;102,99;0,00;0,00
2,581;4,277;1,030;2,21E-4;221,09;102,98;0,00;0,00
2,582;4,279;1,032;2,21E-4;221,14;103,16;0,00;0,00
2,583;4,278;1,031;2,21E-4;221,13;103,09;0,00;0,00
2,584;4,278;1,030;2,21E-4;221,11;103,03;0,00;0,00
2,585;4,278;1,030;2,21E-4;221,11;103,01;0,00;0,00
2,586;4,278;1,030;2,21E-4;221,12;103,03;0,00;0,00
2,587;4,277;1,029;2,21E-4;221,08;102,92;0,00;0,00
2,588;4,277;1,030;2,21E-4;221,11;102,96;0,00;0,00
2,589;4,278;1,030;2,21E-4;221,11;102,98;0,00;0,00
2,590;4,278;1,030;2,21E-4;221,12;103,02;0,00;0,00
2,591;4,277;1,030;2,21E-4;221,09;103,01;0,00;0,00
2,592;4,278;1,030;2,21E-4;221,11;103,03;0,00;0,00
2,593;4,278;1,030;2,21E-4;221,11;103,03;0,00;0,00
2,594;4,277;1,029;2,21E-4;221,08;102,91;0,00;0,00
2,595;4,278;1,031;2,21E-4;221,13;103,08;0,00;0,00
2,596;4,277;1,029;2,21E-4;221,10;102,94;0,00;0,00
2,597;4,277;1,029;2,21E-4;221,09;102,95;0,00;0,00
2,598;4,278;1,030;2,21E-4;221,12;103,01;0,00;0,00
2,599;4,277;1,030;2,21E-4;221,11;103,01;0,00;0,00
2,600;4,276;1,028;2,21E-4;221,05;102,84;0,00;0,00
2,601;4,277;1,030;2,21E-4;221,09;102,97;0,00;0,00
2,602;4,278;1,031;2,21E-4;221,13;103,10;0,00;0,00
2,603;4,279;1,031;2,21E-4;221,14;103,12;0,00;0,00
2,604;4,279;1,031;2,21E-4;221,14;103,15;0,00;0,00
2,605;4,277;1,030;2,21E-4;221,09;103,00;0,00;0,00
2,606;4,277;1,030;2,21E-4;221,11;103,03;0,00;0,00
2,607;4,279;1,031;2,21E-4;221,15;103,14;0,00;0,00
2,608;4,278;1,031;2,21E-4;221,12;103,07;0,00;0,00
2,609;4,278;1,031;2,21E-4;221,12;103,07;0,00;0,00
2,610;4,278;1,031;2,21E-4;221,13;103,11;0,00;0,00
2,611;4,278;1,030;2,21E-4;221,12;103,04;0,00;0,00
2,612;4,276;1,029;2,21E-4;221,07;102,90;0,00;0,00
2,613;4,277;1,030;2,21E-4;221,10;102,99;0,00;0,00
2,614;4,278;1,031;2,21E-4;221,13;103,09;0,00;0,00
2,615;4,277;1,029;2,21E-4;221,08;102,94;0,00;0,00
2,616;4,277;1,030;2,21E-4;221,10;102,97;0,00;0,00
2,617;4,276;1,029;2,21E-4;221,06;102,89;0,00;0,00
2,618;4,278;1,030;2,21E-4;221,11;103,04;0,00;0,00
2,619;4,279;1,031;2,21E-4;221,15;103,14;0,00;0,00
2,620;4,278;1,030;2,21E-4;221,11;103,02;0,00;0,00
2,621;4,277;1,030;2,21E-4;221,10;102,97;0,00;0,00
2,622;4,277;1,030;2,21E-4;221,10;102,97;0,00;0,00
2,623;4,277;1,030;2,21E-4;221,10;103,00;0,00;0,00
2,624;4,277;1,030;2,21E-4;221,11;103,02;0,00;0,00
2,625;4,277;1,030;2,21E-4;221,10;103,01;0,00;0,00
2,626;4,277;1,030;2,21E-4;221,09;103,02;0,00;0,00
2,627;4,279;1,032;2,21E-4;221,16;103,19;0,00;0,00
2,628;4,278;1,031;2,21E-4;221,12;103,09;0,00;0,00
2,629;4,277;1,030;2,21E-4;221,10;102,99;0,00;0,00
2,630;4,277;1,030;2,21E-4;221,09;102,96;0,00;0,00
2,631;4,278;1,031;2,21E-4;221,14;103,08;0,00;0,00
2,632;4,279;1,031;2,21E-4;221,15;103,12;0,00;0,00
2,633;4,278;1,031;2,21E-4;221,13;103,09;0,00;0,00
2,634;4,277;1,030;2,21E-4;221,11;103,01;0,00;0,00
2,635;4,277;1,030;2,21E-4;221,11;103,00;0,00;0,00
2,636;4,277;1,029;2,21E-4;221,09;102,91;0,00;0,00
2,637;4,278;1,031;2,21E-4;221,13;103,07;0,00;0,00
2,638;4,278;1,031;2,21E-4;221,13;103,09;0,00;0,00
2,639;4,277;1,030;2,21E-4;221,10;103,00;0,00;0,00
2,640;4,278;1,031;2,21E-4;221,14;103,13;0,00;0,00
2,641;4,279;1,031;2,21E-4;221,14;103,13;0,00;0,00
2,642;4,278;1,030;2,21E-4;221,13;103,05;0,00;0,00
2,643;4,277;1,030;2,21E-4;221,11;103,01;0,00;0,00
2,644;4,277;1,030;2,21E-4;221,10;103,01;0,00;0,00
2,645;4,277;1,029;2,21E-4;221,08;102,94;0,00;0,00
2,646;4,277;1,030;2,21E-4;221,10;103,00;0,00;0,00
2,647;4,278;1,031;2,21E-4;221,13;103,10;0,00;0,00
2,648;4,276;1,029;2,21E-4;221,07;102,86;0,00;0,00
2,649;4,277;1,030;2,21E-4;221,09;102,99;0,00;0,00
2,650;4,278;1,031;2,21E-4;221,12;103,09;0,00;0,00
2,651;4,277;1,030;2,21E-4;221,10;103,02;0,00;0,00
2,652;4,278;1,030;2,21E-4;221,11;102,99;0,00;0,00
2,653;4,278;1,031;2,21E-4;221,12;103,08;0,00;0,00
2,654;4,277;1,030;2,21E-4;221,10;103,00;0,00;0,00
2,655;4,277;1,030;2,21E-4;221,10;102,98;0,00;0,00
2,656;4,277;1,030;2,21E-4;221,10;103,00;0,00;0,00
2,657;4,278;1,030;2,21E-4;221,11;103,02;0,00;0,00
2,658;4,276;1,029;2,21E-4;221,07;102,92;0,00;0,00
2,659;4,278;1,030;2,21E-4;221,11;103,00;0,00;0,00
2,660;4,278;1,031;2,21E-4;221,11;103,06;0,00;0,00
2,661;4,278;1,031;2,21E-4;221,12;103,10;0,00;0,00
2,662;4,278;1,031;2,21E-4;221,12;103,09;0,00;0,00
2,663;4,278;1,031;2,21E-4;221,11;103,07;0,00;0,00
2,664;4,279;1,031;2,21E-4;221,14;103,15;0,00;0,00
2,665;4,278;1,031;2,21E-4;221,12;103,07;0,00;0,00
2,666;4,278;1,030;2,21E-4;221,11;103,00;0,00;0,00
2,667;4,277;1,030;2,21E-4;221,10;102,96;0,00;0,00
2,668;4,277;1,029;2,21E-4;221,08;102,91;0,00;0,00
2,669;4,277;1,029;2,21E-4;221,08;102,92;0,00;0,00
2,670;4,277;1,029;2,21E-4;221,09;102,94;0,00;0,00
2,671;4,277;1,030;2,21E-4;221,10;102,97;0,00;0,00
2,672;4,279;1,031;2,21E-4;221,14;103,09;0,00;0,00
2,673;4,277;1,030;2,21E-4;221,11;103,00;0,00;0,00
2,674;4,278;1,031;2,21E-4;221,14;103,10;0,00;0,00
2,675;4,278;1,031;2,21E-4;221,12;103,06;0,00;0,00
2,676;4,277;1,030;2,21E-4;221,10;103,05;0,00;0,00
2,677;4,278;1,031;2,21E-4;221,13;103,10;0,00;0,00
2,678;4,276;1,029;2,21E-4;221,06;102,91;0,00;0,00
2,679;4,277;1,030;2,21E-4;221,09;103,00;0,00;0,00
2,680;4,277;1,030;2,21E-4;221,10;103,01;0,00;0,00
2,681;4,277;1,030;2,21E-4;221,08;102,96;0,00;0,00
2,682;4,277;1,030;2,21E-4;221,09;102,98;0,00;0,00
2,683;4,278;1,031;2,21E-4;221,13;103,15;0,00;0,00
2,684;4,277;1,030;2,21E-4;221,09;103,04;0,00;0,00
2,685;4,277;1,030;2,21E-4;221,10;102,99;0,00;0,00
2,686;4,278;1,031;2,21E-4;221,13;103,11;0,00;0,00
2,687;4,277;1,030;2,21E-4;221,10;103,00;0,00;0,00
2,688;4,277;1,029;2,21E-4;221,08;102,93;0,00;0,00
2,689;4,277;1,030;2,21E-4;221,08;102,98;0,00;0,00
2,690;4,277;1,030;2,21E-4;221,09;103,01;0,00;0,00
2,691;4,277;1,029;2,21E-4;221,08;102,94;0,00;0,00
2,692;4,277;1,030;2,21E-4;221,10;102,99;0,00;0,00
2,693;4,278;1,031;2,21E-4;221,11;103,07;0,00;0,00
2,694;4,276;1,029;2,21E-4;221,08;102,94;0,00;0,00
2,695;4,278;1,031;2,21E-4;221,12;103,05;0,00;0,00
2,696;4,276;1,029;2,21E-4;221,07;102,87;0,00;0,00
2,697;4,276;1,029;2,21E-4;221,05;102,86;0,00;0,00
2,698;4,278;1,030;2,21E-4;221,11;103,05;0,00;0,00
2,699;4,277;1,030;2,21E-4;221,10;103,02;0,00;0,00
2,700;4,278;1,031;2,21E-4;221,11;103,06;0,00;0,00
2,701;4,278;1,030;2,21E-4;221,11;103,04;0,00;0,00
2,702;4,278;1,031;2,21E-4;221,13;103,07;0,00;0,00
2,703;4,277;1,030;2,21E-4;221,08;102,95;0,00;0,00
2,704;4,278;1,031;2,21E-4;221,14;103,14;0,00;0,00
2,705;4,277;1,030;2,21E-4;221,10;103,04;0,00;0,00
2,706;4,276;1,029;2,21E-4;221,07;102,92;0,00;0,00
2,707;4,277;1,029;2,21E-4;221,08;102,94;0,00;0,00
2,708;4,278;1,031;2,21E-4;221,12;103,06;0,00;0,00
2,709;4,278;1,030;2,21E-4;221,11;103,04;0,00;0,00
2,710;4,278;1,031;2,21E-4;221,12;103,11;0,00;0,00
2,711;4,278;1,031;2,21E-4;221,12;103,08;0,00;0,00
2,712;4,277;1,030;2,21E-4;221,10;103,01;0,00;0,00
2,713;4,276;1,029;2,21E-4;221,06;102,89;0,00;0,00
2,714;4,277;1,030;2,21E-4;221,09;103,00;0,00;0,00
2,715;4,277;1,030;2,21E-4;221,09;102,96;0,00;0,00
2,716;4,277;1,030;2,21E-4;221,09;102,98;0,00;0,00
2,717;4,277;1,030;2,21E-4;221,11;103,00;0,00;0,00
2,718;4,276;1,029;2,21E-4;221,07;102,90;0,00;0,00
2,719;4,277;1,029;2,21E-4;221,09;102,95;0,00;0,00
2,720;4,278;1,031;2,21E-4;221,12;103,06;0,00;0,00
2,721;4,278;1,030;2,21E-4;221,11;103,04;0,00;0,00
2,722;4,277;1,030;2,21E-4;221,10;103,04;0,00;0,00
2,723;4,277;1,030;2,21E-4;221,10;103,02;0,00;0,00
2,724;4,276;1,029;2,21E-4;221,07;102,89;0,00;0,00
2,725;4,277;1,030;2,21E-4;221,08;102,96;0,00;0,00
2,726;4,277;1,030;2,21E-4;221,10;103,03;0,00;0,00
2,727;4,278;1,031;2,21E-4;221,11;103,07;0,00;0,00
2,728;4,277;1,030;2,21E-4;221,10;103,03;0,00;0,00
2,729;4,279;1,031;2,21E-4;221,14;103,13;0,00;0,00
2,730;4,277;1,030;2,21E-4;221,10;103,05;0,00;0,00
2,731;4,277;1,030;2,21E-4;221,10;102,99;0,00;0,00
2,732;4,276;1,029;2,21E-4;221,07;102,91;0,00;0,00
2,733;4,277;1,030;2,21E-4;221,10;102,95;0,00;0,00
2,734;4,277;1,030;2,21E-4;221,10;102,98;0,00;0,00
2,735;4,277;1,030;2,21E-4;221,10;103,01;0,00;0,00
2,736;4,278;1,031;2,21E-4;221,12;103,09;0,00;0,00
2,737;4,277;1,030;2,21E-4;221,08;102,98;0,00;0,00
2,738;4,278;1,031;2,21E-4;221,11;103,10;0,00;0,00
2,739;4,277;1,030;2,21E-4;221,09;103,02;0,00;0,00
2,740;4,277;1,030;2,21E-4;221,09;103,00;0,00;0,00
2,741;4,277;1,030;2,21E-4;221,09;102,99;0,00;0,00
2,742;4,276;1,029;2,21E-4;221,07;102,91;0,00;0,00
2,743;4,277;1,030;2,21E-4;221,09;103,01;0,00;0,00
2,744;4,278;1,031;2,21E-4;221,12;103,08;0,00;0,00
2,745;4,279;1,031;2,21E-4;221,14;103,11;0,00;0,00
2,746;4,278;1,030;2,21E-4;221,11;103,04;0,00;0,00
2,747;4,277;1,030;2,21E-4;221,10;103,01;0,00;0,00
2,748;4,277;1,030;2,21E-4;221,11;103,03;0,00;0,00
2,749;4,278;1,031;2,21E-4;221,12;103,08;0,00;0,00
2,750;4,278;1,031;2,21E-4;221,12;103,06;0,00;0,00
2,751;4,278;1,031;2,21E-4;221,12;103,06;0,00;0,00
2,752;4,278;1,031;2,21E-4;221,12;103,06;0,00;0,00
2,753;4,278;1,031;2,21E-4;221,14;103,13;0,00;0,00
2,754;4,277;1,030;2,21E-4;221,09;102,98;0,00;0,00
2,755;4,278;1,030;2,21E-4;221,11;103,02;0,00;0,00
2,756;4,277;1,030;2,21E-4;221,10;102,99;0,00;0,00
2,757;4,277;1,030;2,21E-4;221,11;102,98;0,00;0,00
2,758;4,278;1,030;2,21E-4;221,11;103,02;0,00;0,00
2,759;4,277;1,030;2,21E-4;221,10;102,98;0,00;0,00
2,760;4,277;1,029;2,21E-4;221,08;102,93;0,00;0,00
2,761;4,278;1,030;2,21E-4;221,11;103,02;0,00;0,00
2,762;4,278;1,030;2,21E-4;221,11;103,04;0,00;0,00
2,763;4,278;1,030;2,21E-4;221,11;103,00;0,00;0,00
2,764;4,277;1,029;2,21E-4;221,08;102,93;0,00;0,00
2,765;4,276;1,029;2,21E-4;221,06;102,89;0,00;0,00
2,766;4,276;1,029;2,21E-4;221,07;102,90;0,00;0,00
2,767;4,277;1,030;2,21E-4;221,09;102,97;0,00;0,00
2,768;4,277;1,030;2,21E-4;221,09;103,03;0,00;0,00
2,769;4,278;1,031;2,21E-4;221,14;103,12;0,00;0,00
2,770;4,277;1,030;2,21E-4;221,10;102,98;0,00;0,00
2,771;4,277;1,030;2,21E-4;221,08;102,99;0,00;0,00
2,772;4,277;1,030;2,21E-4;221,10;103,01;0,00;0,00
2,773;4,277;1,030;2,21E-4;221,10;103,03;0,00;0,00
2,774;4,278;1,031;2,21E-4;221,13;103,09;0,00;0,00
2,775;4,278;1,031;2,21E-4;221,12;103,09;0,00;0,00
2,776;4,277;1,030;2,21E-4;221,10;103,02;0,00;0,00
2,777;4,278;1,031;2,21E-4;221,12;103,06;0,00;0,00
2,778;4,276;1,029;2,21E-4;221,06;102,88;0,00;0,00
2,779;4,276;1,030;2,21E-4;221,08;102,95;0,00;0,00
2,780;4,278;1,030;2,21E-4;221,13;103,05;0,00;0,00
2,781;4,277;1,029;2,21E-4;221,08;102,94;0,00;0,00
2,782;4,277;1,030;2,21E-4;221,10;102,99;0,00;0,00
2,783;4,277;1,030;2,21E-4;221,10;103,01;0,00;0,00
2,784;4,276;1,029;2,21E-4;221,07;102,90;0,00;0,00
2,785;4,277;1,030;2,21E-4;221,11;103,04;0,00;0,00
2,786;4,278;1,030;2,21E-4;221,11;103,01;0,00;0,00
2,787;4,277;1,030;2,21E-4;221,09;102,97;0,00;0,00
2,788;4,278;1,031;2,21E-4;221,12;103,06;0,00;0,00
2,789;4,277;1,030;2,21E-4;221,11;103,02;0,00;0,00
2,790;4,278;1,030;2,21E-4;221,12;103,02;0,00;0,00
2,791;4,276;1,029;2,21E-4;221,07;102,92;0,00;0,00
2,792;4,277;1,030;2,21E-4;221,10;103,00;0,00;0,00
2,793;4,277;1,030;2,21E-4;221,11;103,04;0,00;0,00
2,794;4,276;1,029;2,21E-4;221,07;102,91;0,00;0,00
2,795;4,278;1,031;2,21E-4;221,12;103,12;0,00;0,00
2,796;4,277;1,030;2,21E-4;221,10;103,02;0,00;0,00
2,797;4,276;1,029;2,21E-4;221,06;102,88;0,00;0,00
2,798;4,278;1,031;2,21E-4;221,11;103,06;0,00;0,00
2,799;4,277;1,031;2,21E-4;221,10;103,06;0,00;0,00
2,800;4,277;1,030;2,21E-4;221,10;102,98;0,00;0,00
2,801;4,279;1,032;2,21E-4;221,15;103,15;0,00;0,00
2,802;4,277;1,029;2,21E-4;221,08;102,94;0,00;0,00
2,803;4,277;1,029;2,21E-4;221,08;102,93;0,00;0,00
2,804;4,278;1,031;2,21E-4;221,13;103,10;0,00;0,00
2,805;4,278;1,031;2,21E-4;221,11;103,06;0,00;0,00
2,806;4,277;1,030;2,21E-4;221,09;103,00;0,00;0,00
2,807;4,278;1,031;2,21E-4;221,11;103,08;0,00;0,00
2,808;4,278;1,030;2,21E-4;221,12;103,04;0,00;0,00
2,809;4,277;1,030;2,21E-4;221,10;103,02;0,00;0,00
2,810;4,277;1,030;2,21E-4;221,10;103,04;0,00;0,00
2,811;4,278;1,031;2,21E-4;221,11;103,07;0,00;0,00
2,812;4,277;1,030;2,21E-4;221,09;102,96;0,00;0,00
2,813;4,277;1,030;2,21E-4;221,10;103,02;0,00;0,00
2,814;4,278;1,030;2,21E-4;221,11;103,02;0,00;0,00
2,815;4,277;1,030;2,21E-4;221,10;103,03;0,00;0,00
2,816;4,277;1,029;2,21E-4;221,09;102,93;0,00;0,00
2,817;4,277;1,030;2,21E-4;221,11;103,04;0,00;0,00
2,818;4,277;1,030;2,21E-4;221,09;102,98;0,00;0,00
2,819;4,278;1,031;2,21E-4;221,12;103,06;0,00;0,00
2,820;4,278;1,030;2,21E-4;221,12;103,03;0,00;0,00
2,821;4,278;1,030;2,21E-4;221,11;103,02;0,00;0,00
2,822;4,277;1,030;2,21E-4;221,08;102,96;0,00;0,00
2,823;4,276;1,029;2,21E-4;221,07;102,90;0,00;0,00
2,824;4,278;1,030;2,21E-4;221,11;103,04;0,00;0,00
2,825;4,277;1,030;2,21E-4;221,10;103,02;0,00;0,00
2,826;4,278;1,031;2,21E-4;221,13;103,09;0,00;0,00
2,827;4,278;1,031;2,21E-4;221,13;103,11;0,00;0,00
2,828;4,278;1,031;2,21E-4;221,11;103,06;0,00;0,00
2,829;4,277;1,030;2,21E-4;221,10;103,00;0,00;0,00
2,830;4,279;1,032;2,21E-4;221,15;103,18;0,00;0,00
2,831;4,278;1,031;2,21E-4;221,12;103,07;0,00;0,00
2,832;4,277;1,029;2,21E-4;221,08;102,91;0,00;0,00
2,833;4,278;1,030;2,21E-4;221,12;103,03;0,00;0,00
2,834;4,277;1,030;2,21E-4;221,10;102,99;0,00;0,00
2,835;4,277;1,030;2,21E-4;221,11;102,99;0,00;0,00
2,836;4,278;1,030;2,21E-4;221,11;103,02;0,00;0,00
2,837;4,278;1,031;2,21E-4;221,13;103,12;0,00;0,00
2,838;4,278;1,031;2,21E-4;221,12;103,06;0,00;0,00
2,839;4,277;1,030;2,21E-4;221,08;102,97;0,00;0,00
2,840;4,278;1,030;2,21E-4;221,11;103,04;0,00;0,00
2,841;4,277;1,031;2,21E-4;221,11;103,06;0,00;0,00
2,842;4,276;1,029;2,21E-4;221,07;102,94;0,00;0,00
2,843;4,277;1,030;2,21E-4;221,09;103,01;0,00;0,00
2,844;4,276;1,029;2,21E-4;221,06;102,92;0,00;0,00
2,845;4,277;1,030;2,21E-4;221,08;102,97;0,00;0,00
2,846;4,277;1,029;2,21E-4;221,08;102,93;0,00;0,00
2,847;4,277;1,030;2,21E-4;221,11;103,02;0,00;0,00
2,848;4,278;1,030;2,21E-4;221,12;103,00;0,00;0,00
2,849;4,276;1,029;2,21E-4;221,06;102,87;0,00;0,00
2,850;4,276;1,029;2,21E-4;221,07;102,92;0,00;0,00
2,851;4,277;1,030;2,21E-4;221,09;102,97;0,00;0,00
2,852;4,278;1,031;2,21E-4;221,12;103,06;0,00;0,00
2,853;4,277;1,030;2,21E-4;221,09;102,95;0,00;0,00
2,854;4,277;1,030;2,21E-4;221,09;102,98;0,00;0,00
2,855;4,277;1,030;2,21E-4;221,10;103,02;0,00;0,00
2,856;4,276;1,029;2,21E-4;221,05;102,86;0,00;0,00
2,857;4,276;1,029;2,21E-4;221,05;102,85;0,00;0,00
2,858;4,277;1,029;2,21E-4;221,08;102,93;0,00;0,00
2,859;4,276;1,029;2,21E-4;221,07;102,91;0,00;0,00
2,860;4,277;1,030;2,21E-4;221,08;102,96;0,00;0,00
2,861;4,275;1,028;2,21E-4;221,03;102,76;0,00;0,00
2,862;4,276;1,029;2,21E-4;221,05;102,86;0,00;0,00
2,863;4,277;1,029;2,21E-4;221,10;102,95;0,00;0,00
2,864;4,277;1,030;2,21E-4;221,10;102,98;0,00;0,00
2,865;4,278;1,030;2,21E-4;221,11;103,03;0,00;0,00
2,866;4,277;1,030;2,21E-4;221,10;102,99;0,00;0,00
2,867;4,278;1,031;2,21E-4;221,13;103,08;0,00;0,00
2,868;4,279;1,031;2,21E-4;221,14;103,12;0,00;0,00
2,869;4,277;1,029;2,21E-4;221,08;102,91;0,00;0,00
2,870;4,278;1,030;2,21E-4;221,11;103,00;0,00;0,00
2,871;4,277;1,030;2,21E-4;221,09;102,99;0,00;0,00
2,872;4,277;1,030;2,21E-4;221,10;103,02;0,00;0,00
2,873;4,278;1,031;2,21E-4;221,12;103,07;0,00;0,00
2,874;4,277;1,030;2,21E-4;221,10;103,02;0,00;0,00
2,875;4,277;1,030;2,21E-4;221,10;103,01;0,00;0,00
2,876;4,277;1,030;2,21E-4;221,10;103,00;0,00;0,00
2,877;4,278;1,030;2,21E-4;221,11;103,04;0,00;0,00
2,878;4,278;1,030;2,21E-4;221,11;103,02;0,00;0,00
2,879;4,277;1,030;2,21E-4;221,09;102,98;0,00;0,00
2,880;4,277;1,030;2,21E-4;221,09;102,98;0,00;0,00
2,881;4,277;1,029;2,21E-4;221,08;102,93;0,00;0,00
2,882;4,277;1,029;2,21E-4;221,08;102,92;0,00;0,00
2,883;4,279;1,031;2,21E-4;221,14;103,13;0,00;0,00
2,884;4,277;1,030;2,21E-4;221,11;103,02;0,00;0,00
2,885;4,276;1,029;2,21E-4;221,07;102,88;0,00;0,00
2,886;4,277;1,030;2,21E-4;221,08;102,95;0,00;0,00
2,887;4,278;1,030;2,21E-4;221,11;103,04;0,00;0,00
2,888;4,277;1,029;2,21E-4;221,08;102,93;0,00;0,00
2,889;4,277;1,030;2,21E-4;221,09;102,95;0,00;0,00
2,890;4,277;1,030;2,21E-4;221,10;103,00;0,00;0,00
2,891;4,279;1,031;2,21E-4;221,14;103,11;0,00;0,00
2,892;4,278;1,031;2,21E-4;221,14;103,13;0,00;0,00
2,893;4,277;1,029;2,21E-4;221,08;102,94;0,00;0,00
2,894;4,278;1,031;2,21E-4;221,12;103,06;0,00;0,00
2,895;4,277;1,030;2,21E-4;221,11;103,01;0,00;0,00
2,896;4,278;1,031;2,21E-4;221,13;103,08;0,00;0,00
2,897;4,278;1,031;2,21E-4;221,13;103,12;0,00;0,00
2,898;4,279;1,031;2,21E-4;221,15;103,15;0,00;0,00
2,899;4,277;1,030;2,21E-4;221,09;102,96;0,00;0,00
2,900;4,277;1,030;2,21E-4;221,09;102,96;0,00;0,00
2,901;4,278;1,030;2,21E-4;221,11;103,01;0,00;0,00
2,902;4,278;1,031;2,21E-4;221,14;103,06;0,00;0,00
2,903;4,276;1,029;2,21E-4;221,07;102,91;0,00;0,00
2,904;4,277;1,030;2,21E-4;221,10;102,99;0,00;0,00
2,905;4,278;1,031;2,21E-4;221,14;103,12;0,00;0,00
2,906;4,278;1,031;2,21E-4;221,13;103,05;0,00;0,00
2,907;4,277;1,030;2,21E-4;221,10;103,01;0,00;0,00
2,908;4,277;1,030;2,21E-4;221,09;103,01;0,00;0,00
2,909;4,277;1,030;2,21E-4;221,11;103,04;0,00;0,00
2,910;4,277;1,030;2,21E-4;221,09;102,97;0,00;0,00
2,911;4,278;1,031;2,21E-4;221,12;103,09;0,00;0,00
2,912;4,276;1,029;2,21E-4;221,06;102,86;0,00;0,00
2,913;4,276;1,029;2,21E-4;221,06;102,89;0,00;0,00
2,914;4,277;1,030;2,21E-4;221,08;102,95;0,00;0,00
2,915;4,277;1,029;2,21E-4;221,08;102,93;0,00;0,00
2,916;4,276;1,029;2,21E-4;221,07;102,94;0,00;0,00
2,917;4,277;1,029;2,21E-4;221,08;102,94;0,00;0,00
2,918;4,276;1,028;2,21E-4;221,04;102,83;0,00;0,00
2,919;4,276;1,029;2,21E-4;221,07;102,88;0,00;0,00
2,920;4,278;1,031;2,21E-4;221,12;103,06;0,00;0,00
2,921;4,277;1,030;2,21E-4;221,10;103,00;0,00;0,00
2,922;4,278;1,031;2,21E-4;221,12;103,07;0,00;0,00
2,923;4,277;1,030;2,21E-4;221,10;103,02;0,00;0,00
2,924;4,278;1,030;2,21E-4;221,11;103,04;0,00;0,00
2,925;4,277;1,029;2,21E-4;221,09;102,94;0,00;0,00
2,926;4,277;1,030;2,21E-4;221,11;103,04;0,00;0,00
2,927;4,278;1,031;2,21E-4;221,12;103,08;0,00;0,00
2,928;4,277;1,030;2,21E-4;221,10;103,01;0,00;0,00
2,929;4,277;1,030;2,21E-4;221,10;103,00;0,00;0,00
2,930;4,277;1,030;2,21E-4;221,08;102,96;0,00;0,00
2,931;4,278;1,031;2,21E-4;221,11;103,06;0,00;0,00
2,932;4,277;1,030;2,21E-4;221,11;103,03;0,00;0,00
2,933;4,277;1,030;2,21E-4;221,09;103,01;0,00;0,00
2,934;4,278;1,031;2,21E-4;221,12;103,06;0,00;0,00
2,935;4,277;1,030;2,21E-4;221,10;103,01;0,00;0,00
2,936;4,276;1,029;2,21E-4;221,07;102,93;0,00;0,00
2,937;4,276;1,030;2,21E-4;221,07;102,95;0,00;0,00
2,938;4,276;1,029;2,21E-4;221,06;102,90;0,00;0,00
2,939;4,277;1,029;2,21E-4;221,08;102,95;0,00;0,00
2,940;4,276;1,029;2,21E-4;221,06;102,88;0,00;0,00
2,941;4,279;1,031;2,21E-4;221,14;103,11;0,00;0,00
2,942;4,278;1,031;2,21E-4;221,13;103,11;0,00;0,00
2,943;4,277;1,030;2,21E-4;221,09;102,98;0,00;0,00
2,944;4,277;1,030;2,21E-4;221,09;103,02;0,00;0,00
2,945;4,277;1,030;2,21E-4;221,10;103,01;0,00;0,00
2,946;4,277;1,030;2,21E-4;221,10;103,03;0,00;0,00
2,947;4,277;1,030;2,21E-4;221,10;102,98;0,00;0,00
2,948;4,277;1,030;2,21E-4;221,10;103,02;0,00;0,00
2,949;4,277;1,030;2,21E-4;221,10;103,02;0,00;0,00
2,950;4,277;1,030;2,21E-4;221,09;103,03;0,00;0,00
2,951;4,276;1,029;2,21E-4;221,07;102,94;0,00;0,00
2,952;4,276;1,029;2,21E-4;221,07;102,92;0,00;0,00
2,953;4,276;1,029;2,21E-4;221,07;102,93;0,00;0,00
2,954;4,276;1,029;2,21E-4;221,07;102,91;0,00;0,00
2,955;4,277;1,030;2,21E-4;221,10;103,04;0,00;0,00
2,956;4,276;1,029;2,21E-4;221,06;102,86;0,00;0,00
2,957;4,277;1,031;2,21E-4;221,11;103,06;0,00;0,00
2,958;4,278;1,031;2,21E-4;221,13;103,08;0,00;0,00
2,959;4,277;1,030;2,21E-4;221,11;103,02;0,00;0,00
2,960;4,278;1,031;2,21E-4;221,13;103,12;0,00;0,00
2,961;4,277;1,030;2,21E-4;221,10;103,04;0,00;0,00
2,962;4,276;1,030;2,21E-4;221,07;102,97;0,00;0,00
2,963;4,277;1,029;2,21E-4;221,08;102,92;0,00;0,00
2,964;4,277;1,030;2,21E-4;221,10;103,00;0,00;0,00
2,965;4,278;1,031;2,21E-4;221,12;103,05;0,00;0,00
2,966;4,276;1,029;2,21E-4;221,07;102,91;0,00;0,00
2,967;4,277;1,029;2,21E-4;221,08;102,91;0,00;0,00
2,968;4,278;1,031;2,21E-4;221,12;103,09;0,00;0,00
2,969;4,278;1,031;2,21E-4;221,13;103,06;0,00;0,00
2,970;4,276;1,029;2,21E-4;221,07;102,92;0,00;0,00
2,971;4,277;1,029;2,21E-4;221,08;102,94;0,00;0,00
2,972;4,277;1,030;2,21E-4;221,10;102,97;0,00;0,00
2,973;4,277;1,030;2,21E-4;221,10;102,95;0,00;0,00
2,974;4,277;1,030;2,21E-4;221,09;102,97;0,00;0,00
2,975;4,277;1,030;2,21E-4;221,11;103,04;0,00;0,00
2,976;4,277;1,030;2,21E-4;221,08;102,95;0,00;0,00
2,977;4,278;1,031;2,21E-4;221,12;103,11;0,00;0,00
2,978;4,278;1,031;2,21E-4;221,12;103,07;0,00;0,00
2,979;4,278;1,031;2,21E-4;221,12;103,11;0,00;0,00
2,980;4,277;1,030;2,21E-4;221,10;102,98;0,00;0,00
2,981;4,276;1,029;2,21E-4;221,07;102,93;0,00;0,00
2,982;4,275;1,029;2,21E-4;221,03;102,85;0,00;0,00
2,983;4,276;1,029;2,21E-4;221,06;102,88;0,00;0,00
2,984;4,276;1,028;2,21E-4;221,05;102,84;0,00;0,00
2,985;4,276;1,029;2,21E-4;221,06;102,89;0,00;0,00
2,986;4,278;1,031;2,21E-4;221,12;103,06;0,00;0,00
2,987;4,278;1,030;2,21E-4;221,12;103,03;0,00;0,00
2,988;4,277;1,031;2,21E-4;221,11;103,08;0,00;0,00
2,989;4,277;1,030;2,21E-4;221,10;103,05;0,00;0,00
2,990;4,278;1,031;2,21E-4;221,12;103,06;0,00;0,00
2,991;4,277;1,029;2,21E-4;221,08;102,94;0,00;0,00
2,992;4,276;1,029;2,21E-4;221,05;102,86;0,00;0,00
2,993;4,277;1,030;2,21E-4;221,10;103,02;0,00;0,00
2,994;4,278;1,031;2,21E-4;221,13;103,10;0,00;0,00
2,995;4,278;1,032;2,21E-4;221,14;103,17;0,00;0,00
2,996;4,278;1,031;2,21E-4;221,11;103,07;0,00;0,00
2,997;4,276;1,030;2,21E-4;221,07;102,95;0,00;0,00
2,998;4,277;1,030;2,21E-4;221,10;103,02;0,00;0,00
2,999;4,276;1,029;2,21E-4;221,06;102,88;0,00;0,00
3,000;4,277;1,030;2,21E-4;221,09;102,99;0,00;0,00
3,001;4,277;1,030;2,21E-4;221,10;103,04;0,00;0,00
3,002;4,278;1,031;2,21E-4;221,11;103,06;0,00;0,00
3,003;4,278;1,032;2,21E-4;221,14;103,16;0,00;0,00
3,004;4,278;1,031;2,21E-4;221,13;103,14;0,00;0,00
3,005;4,277;1,031;2,21E-4;221,10;103,06;0,00;0,00
3,006;4,277;1,031;2,21E-4;221,11;103,07;0,00;0,00
3,007;4,278;1,031;2,21E-4;221,11;103,09;0,00;0,00
3,008;4,278;1,031;2,21E-4;221,11;103,07;0,00;0,00
3,009;4,278;1,031;2,21E-4;221,13;103,12;0,00;0,00
3,010;4,276;1,029;2,21E-4;221,07;102,93;0,00;0,00
3,011;4,277;1,030;2,21E-4;221,10;102,97;0,00;0,00
3,012;4,277;1,030;2,21E-4;221,10;102,98;0,00;0,00
3,013;4,278;1,030;2,21E-4;221,13;103,04;0,00;0,00
3,014;4,278;1,031;2,21E-4;221,12;103,06;0,00;0,00
3,015;4,276;1,029;2,21E-4;221,06;102,86;0,00;0,00
3,016;4,276;1,029;2,21E-4;221,07;102,91;0,00;0,00
3,017;4,277;1,029;2,21E-4;221,08;102,93;0,00;0,00
3,018;4,277;1,030;2,21E-4;221,09;103,00;0,00;0,00
3,019;4,276;1,029;2,21E-4;221,06;102,91;0,00;0,00
3,020;4,278;1,031;2,21E-4;221,12;103,05;0,00;0,00
3,021;4,277;1,029;2,21E-4;221,08;102,92;0,00;0,00
3,022;4,278;1,030;2,21E-4;221,11;103,02;0,00;0,00
3,023;4,278;1,030;2,21E-4;221,11;103,03;0,00;0,00
3,024;4,276;1,029;2,21E-4;221,05;102,88;0,00;0,00
3,025;4,277;1,030;2,21E-4;221,09;102,98;0,00;0,00
3,026;4,275;1,028;2,21E-4;221,03;102,77;0,00;0,00
3,027;4,276;1,029;2,21E-4;221,07;102,87;0,00;0,00
3,028;4,277;1,030;2,21E-4;221,09;102,98;0,00;0,00
3,029;4,277;1,030;2,21E-4;221,10;103,02;0,00;0,00
3,030;4,276;1,029;2,21E-4;221,07;102,90;0,00;0,00
3,031;4,276;1,030;2,21E-4;221,06;102,95;0,00;0,00
3,032;4,276;1,029;2,21E-4;221,07;102,92;0,00;0,00
3,033;4,277;1,030;2,21E-4;221,09;102,98;0,00;0,00
3,034;4,277;1,030;2,21E-4;221,10;102,99;0,00;0,00
3,035;4,277;1,030;2,21E-4;221,08;102,97;0,00;0,00
3,036;4,277;1,030;2,21E-4;221,10;103,00;0,00;0,00
3,037;4,276;1,029;2,21E-4;221,07;102,90;0,00;0,00
3,038;4,278;1,030;2,21E-4;221,11;103,04;0,00;0,00
3,039;4,277;1,030;2,21E-4;221,08;102,96;0,00;0,00
3,040;4,278;1,031;2,21E-4;221,12;103,07;0,00;0,00
3,041;4,279;1,032;2,21E-4;221,14;103,15;0,00;0,00
3,042;4,277;1,030;2,21E-4;221,09;103,00;0,00;0,00
3,043;4,277;1,029;2,21E-4;221,09;102,94;0,00;0,00
3,044;4,277;1,030;2,21E-4;221,08;102,95;0,00;0,00
3,045;4,277;1,030;2,21E-4;221,10;103,03;0,00;0,00
3,046;4,277;1,030;2,21E-4;221,08;102,97;0,00;0,00
3,047;4,278;1,030;2,21E-4;221,11;103,03;0,00;0,00
3,048;4,277;1,030;2,21E-4;221,10;103,00;0,00;0,00
3,049;4,277;1,030;2,21E-4;221,08;102,97;0,00;0,00
3,050;4,276;1,030;2,21E-4;221,07;102,95;0,00;0,00
3,051;4,278;1,031;2,21E-4;221,12;103,10;0,00;0,00
3,052;4,279;1,031;2,21E-4;221,14;103,15;0,00;0,00
3,053;4,278;1,031;2,21E-4;221,11;103,06;0,00;0,00
3,054;4,278;1,031;2,21E-4;221,11;103,05;0,00;0,00
3,055;4,277;1,030;2,21E-4;221,10;102,99;0,00;0,00
3,056;4,277;1,030;2,21E-4;221,10;103,01;0,00;0,00
3,057;4,277;1,030;2,21E-4;221,10;103,02;0,00;0,00
3,058;4,277;1,030;2,21E-4;221,10;103,00;0,00;0,00
3,059;4,277;1,030;2,21E-4;221,11;103,04;0,00;0,00
3,060;4,277;1,030;2,21E-4;221,08;102,95;0,00;0,00
3,061;4,277;1,030;2,21E-4;221,09;102,97;0,00;0,00
3,062;4,277;1,030;2,21E-4;221,10;102,98;0,00;0,00
3,063;4,277;1,030;2,21E-4;221,09;103,01;0,00;0,00
3,064;4,278;1,031;2,21E-4;221,12;103,11;0,00;0,00
3,065;4,278;1,030;2,21E-4;221,12;103,03;0,00;0,00
3,066;4,278;1,031;2,21E-4;221,12;103,06;0,00;0,00
3,067;4,277;1,030;2,21E-4;221,09;102,99;0,00;0,00
3,068;4,277;1,030;2,21E-4;221,10;102,96;0,00;0,00
3,069;4,277;1,030;2,21E-4;221,10;102,99;0,00;0,00
3,070;4,277;1,030;2,21E-4;221,09;103,02;0,00;0,00
3,071;4,277;1,030;2,21E-4;221,10;102,98;0,00;0,00
3,072;4,278;1,030;2,21E-4;221,12;103,04;0,00;0,00
3,073;4,277;1,030;2,21E-4;221,09;102,96;0,00;0,00
3,074;4,277;1,030;2,21E-4;221,10;103,01;0,00;0,00
3,075;4,278;1,031;2,21E-4;221,14;103,14;0,00;0,00
3,076;4,279;1,032;2,21E-4;221,15;103,15;0,00;0,00
3,077;4,279;1,032;2,21E-4;221,16;103,21;0,00;0,00
3,078;4,278;1,030;2,21E-4;221,11;103,03;0,00;0,00
3,079;4,277;1,029;2,21E-4;221,09;102,94;0,00;0,00
3,080;4,278;1,030;2,21E-4;221,12;103,03;0,00;0,00
3,081;4,277;1,030;2,21E-4;221,09;102,96;0,00;0,00
3,082;4,277;1,030;2,21E-4;221,10;103,00;0,00;0,00
3,083;4,277;1,029;2,21E-4;221,08;102,92;0,00;0,00
3,084;4,277;1,029;2,21E-4;221,08;102,91;0,00;0,00
3,085;4,278;1,030;2,21E-4;221,11;103,03;0,00;0,00
3,086;4,277;1,030;2,21E-4;221,09;102,98;0,00;0,00
3,087;4,278;1,031;2,21E-4;221,12;103,07;0,00;0,00
3,088;4,278;1,030;2,21E-4;221,11;103,01;0,00;0,00
3,089;4,278;1,031;2,21E-4;221,11;103,06;0,00;0,00
3,090;4,277;1,030;2,21E-4;221,10;102,99;0,00;0,00
3,091;4,277;1,030;2,21E-4;221,10;103,03;0,00;0,00
3,092;4,277;1,030;2,21E-4;221,09;103,00;0,00;0,00
3,093;4,276;1,029;2,21E-4;221,07;102,92;0,00;0,00
3,094;4,276;1,029;2,21E-4;221,05;102,85;0,00;0,00
3,095;4,276;1,029;2,21E-4;221,07;102,90;0,00;0,00
3,096;4,277;1,030;2,21E-4;221,09;102,98;0,00;0,00
3,097;4,279;1,032;2,21E-4;221,15;103,16;0,00;0,00
3,098;4,279;1,031;2,21E-4;221,16;103,13;0,00;0,00
3,099;4,278;1,031;2,21E-4;221,14;103,09;0,00;0,00
3,100;4,277;1,029;2,21E-4;221,10;102,94;0,00;0,00
3,101;4,276;1,029;2,21E-4;221,07;102,93;0,00;0,00
3,102;4,277;1,029;2,21E-4;221,08;102,91;0,00;0,00
3,103;4,276;1,029;2,21E-4;221,06;102,87;0,00;0,00
3,104;4,278;1,031;2,21E-4;221,12;103,06;0,00;0,00
3,105;4,277;1,030;2,21E-4;221,09;102,99;0,00;0,00
3,106;4,277;1,029;2,21E-4;221,08;102,94;0,00;0,00
3,107;4,277;1,029;2,21E-4;221,08;102,93;0,00;0,00
3,108;4,277;1,029;2,21E-4;221,09;102,94;0,00;0,00
3,109;4,277;1,030;2,21E-4;221,09;103,00;0,00;0,00
3,110;4,277;1,030;2,21E-4;221,09;102,95;0,00;0,00
3,111;4,276;1,029;2,21E-4;221,07;102,89;0,00;0,00
3,112;4,275;1,028;2,21E-4;221,04;102,79;0,00;0,00
3,113;4,276;1,029;2,21E-4;221,07;102,94;0,00;0,00
3,114;4,277;1,030;2,21E-4;221,08;102,96;0,00;0,00
3,115;4,277;1,030;2,21E-4;221,10;103,01;0,00;0,00
3,116;4,276;1,029;2,21E-4;221,06;102,87;0,00;0,00
3,117;4,277;1,029;2,21E-4;221,08;102,89;0,00;0,00
3,118;4,277;1,029;2,21E-4;221,09;102,94;0,00;0,00
3,119;4,278;1,030;2,21E-4;221,11;103,03;0,00;0,00
3,120;4,278;1,030;2,21E-4;221,11;103,00;0,00;0,00
3,121;4,277;1,030;2,21E-4;221,10;102,97;0,00;0,00
3,122;4,277;1,029;2,21E-4;221,09;102,93;0,00;0,00
3,123;4,278;1,030;2,21E-4;221,12;103,04;0,00;0,00
3,124;4,278;1,031;2,21E-4;221,13;103,09;0,00;0,00
3,125;4,278;1,030;2,21E-4;221,11;103,04;0,00;0,00
3,126;4,277;1,029;2,21E-4;221,09;102,94;0,00;0,00
3,127;4,276;1,029;2,21E-4;221,07;102,89;0,00;0,00
3,128;4,276;1,029;2,21E-4;221,06;102,89;0,00;0,00
3,129;4,275;1,028;2,21E-4;221,04;102,84;0,00;0,00
3,130;4,277;1,030;2,21E-4;221,08;102,95;0,00;0,00
3,131;4,277;1,029;2,21E-4;221,09;102,93;0,00;0,00
3,132;4,277;1,029;2,21E-4;221,09;102,92;0,00;0,00
3,133;4,275;1,028;2,21E-4;221,04;102,81;0,00;0,00
3,134;4,277;1,029;2,21E-4;221,08;102,93;0,00;0,00
3,135;4,277;1,030;2,21E-4;221,10;102,97;0,00;0,00
3,136;4,276;1,028;2,21E-4;221,05;102,82;0,00;0,00
3,137;4,275;1,028;2,21E-4;221,04;102,83;0,00;0,00
3,138;4,276;1,029;2,21E-4;221,07;102,86;0,00;0,00
3,139;4,277;1,030;2,21E-4;221,09;102,97;0,00;0,00
3,140;4,277;1,030;2,21E-4;221,09;102,97;0,00;0,00
3,141;4,278;1,031;2,21E-4;221,13;103,08;0,00;0,00
3,142;4,278;1,030;2,21E-4;221,11;103,04;0,00;0,00
3,143;4,276;1,028;2,21E-4;221,04;102,82;0,00;0,00
3,144;4,277;1,030;2,21E-4;221,09;102,95;0,00;0,00
3,145;4,277;1,030;2,21E-4;221,10;102,96;0,00;0,00
3,146;4,278;1,030;2,21E-4;221,11;103,00;0,00;0,00
3,147;4,278;1,031;2,21E-4;221,12;103,05;0,00;0,00
3,148;4,277;1,029;2,21E-4;221,09;102,95;0,00;0,00
3,149;4,277;1,030;2,21E-4;221,10;102,98;0,00;0,00
3,150;4,277;1,029;2,21E-4;221,09;102,93;0,00;0,00
3,151;4,276;1,029;2,21E-4;221,05;102,85;0,00;0,00
3,152;4,278;1,030;2,21E-4;221,11;103,01;0,00;0,00
3,153;4,276;1,029;2,21E-4;221,08;102,90;0,00;0,00
3,154;4,277;1,030;2,21E-4;221,09;102,98;0,00;0,00
3,155;4,277;1,029;2,21E-4;221,08;102,92;0,00;0,00
3,156;4,276;1,029;2,21E-4;221,06;102,88;0,00;0,00
3,157;4,277;1,029;2,21E-4;221,08;102,93;0,00;0,00
3,158;4,276;1,029;2,21E-4;221,08;102,93;0,00;0,00
3,159;4,276;1,029;2,21E-4;221,07;102,90;0,00;0,00
3,160;4,276;1,029;2,21E-4;221,06;102,90;0,00;0,00
3,161;4,276;1,029;2,21E-4;221,06;102,89;0,00;0,00
3,162;4,277;1,030;2,21E-4;221,09;102,98;0,00;0,00
3,163;4,277;1,030;2,21E-4;221,10;103,00;0,00;0,00
3,164;4,276;1,029;2,21E-4;221,07;102,92;0,00;0,00
3,165;4,277;1,030;2,21E-4;221,11;103,04;0,00;0,00
3,166;4,277;1,030;2,21E-4;221,10;103,01;0,00;0,00
3,167;4,278;1,031;2,21E-4;221,13;103,13;0,00;0,00
3,168;4,278;1,031;2,21E-4;221,14;103,12;0,00;0,00
3,169;4,277;1,030;2,21E-4;221,10;102,99;0,00;0,00
3,170;4,278;1,030;2,21E-4;221,12;103,04;0,00;0,00
3,171;4,278;1,031;2,21E-4;221,12;103,06;0,00;0,00
3,172;4,277;1,029;2,21E-4;221,09;102,93;0,00;0,00
3,173;4,277;1,029;2,21E-4;221,08;102,95;0,00;0,00
3,174;4,277;1,029;2,21E-4;221,08;102,93;0,00;0,00
3,175;4,278;1,030;2,21E-4;221,11;103,01;0,00;0,00
3,176;4,277;1,029;2,21E-4;221,08;102,95;0,00;0,00
3,177;4,277;1,030;2,21E-4;221,09;102,97;0,00;0,00
3,178;4,277;1,030;2,21E-4;221,09;103,00;0,00;0,00
3,179;4,277;1,030;2,21E-4;221,09;102,97;0,00;0,00
3,180;4,277;1,031;2,21E-4;221,10;103,05;0,00;0,00
3,181;4,278;1,031;2,21E-4;221,12;103,08;0,00;0,00
3,182;4,278;1,031;2,21E-4;221,13;103,10;0,00;0,00
3,183;4,277;1,031;2,21E-4;221,11;103,06;0,00;0,00
3,184;4,278;1,031;2,21E-4;221,12;103,11;0,00;0,00
3,185;4,277;1,030;2,21E-4;221,09;102,99;0,00;0,00
3,186;4,277;1,030;2,21E-4;221,08;102,95;0,00;0,00
3,187;4,277;1,030;2,21E-4;221,10;102,98;0,00;0,00
3,188;4,278;1,031;2,21E-4;221,12;103,08;0,00;0,00
3,189;4,277;1,030;2,21E-4;221,08;102,96;0,00;0,00
3,190;4,275;1,028;2,21E-4;221,04;102,81;0,00;0,00
3,191;4,276;1,029;2,21E-4;221,06;102,89;0,00;0,00
3,192;4,276;1,028;2,21E-4;221,05;102,83;0,00;0,00
3,193;4,276;1,029;2,21E-4;221,07;102,91;0,00;0,00
3,194;4,277;1,030;2,21E-4;221,10;102,99;0,00;0,00
3,195;4,277;1,030;2,21E-4;221,09;102,98;0,00;0,00
3,196;4,278;1,031;2,21E-4;221,13;103,08;0,00;0,00
3,197;4,278;1,031;2,21E-4;221,11;103,05;0,00;0,00
3,198;4,278;1,031;2,21E-4;221,14;103,11;0,00;0,00
3,199;4,277;1,030;2,21E-4;221,11;103,01;0,00;0,00
3,200;4,277;1,030;2,21E-4;221,10;102,97;0,00;0,00
3,201;4,276;1,029;2,21E-4;221,07;102,90;0,00;0,00
3,202;4,276;1,029;2,21E-4;221,07;102,91;0,00;0,00
3,203;4,277;1,030;2,21E-4;221,10;102,97;0,00;0,00
3,204;4,277;1,031;2,21E-4;221,11;103,06;0,00;0,00
3,205;4,278;1,031;2,21E-4;221,11;103,08;0,00;0,00
3,206;4,278;1,031;2,21E-4;221,13;103,11;0,00;0,00
3,207;4,278;1,030;2,21E-4;221,11;103,01;0,00;0,00
3,208;4,278;1,030;2,21E-4;221,11;103,02;0,00;0,00
3,209;4,277;1,030;2,21E-4;221,11;103,04;0,00;0,00
3,210;4,277;1,030;2,21E-4;221,10;103,03;0,00;0,00
3,211;4,277;1,029;2,21E-4;221,09;102,95;0,00;0,00
3,212;4,278;1,031;2,21E-4;221,12;103,08;0,00;0,00
3,213;4,277;1,030;2,21E-4;221,10;103,02;0,00;0,00
3,214;4,277;1,030;2,21E-4;221,10;102,99;0,00;0,00
3,215;4,278;1,030;2,21E-4;221,11;103,04;0,00;0,00
3,216;4,277;1,029;2,21E-4;221,08;102,94;0,00;0,00
3,217;4,278;1,031;2,21E-4;221,12;103,08;0,00;0,00
3,218;4,276;1,029;2,21E-4;221,05;102,85;0,00;0,00
3,219;4,278;1,030;2,21E-4;221,11;103,02;0,00;0,00
3,220;4,276;1,029;2,21E-4;221,06;102,91;0,00;0,00
3,221;4,279;1,031;2,21E-4;221,14;103,12;0,00;0,00
3,222;4,277;1,030;2,21E-4;221,10;103,03;0,00;0,00
3,223;4,277;1,030;2,21E-4;221,10;102,99;0,00;0,00
3,224;4,276;1,029;2,21E-4;221,07;102,88;0,00;0,00
3,225;4,277;1,029;2,21E-4;221,08;102,92;0,00;0,00
3,226;4,277;1,030;2,21E-4;221,09;102,98;0,00;0,00
3,227;4,278;1,031;2,21E-4;221,13;103,10;0,00;0,00
3,228;4,277;1,030;2,21E-4;221,09;102,98;0,00;0,00
3,229;4,277;1,030;2,21E-4;221,09;103,02;0,00;0,00
3,230;4,277;1,030;2,21E-4;221,09;102,97;0,00;0,00
3,231;4,277;1,029;2,21E-4;221,08;102,94;0,00;0,00
3,232;4,276;1,029;2,21E-4;221,07;102,91;0,00;0,00
3,233;4,276;1,029;2,21E-4;221,07;102,86;0,00;0,00
3,234;4,276;1,029;2,21E-4;221,07;102,89;0,00;0,00
3,235;4,277;1,030;2,21E-4;221,09;102,98;0,00;0,00
3,236;4,277;1,029;2,21E-4;221,09;102,94;0,00;0,00
3,237;4,277;1,030;2,21E-4;221,10;103,02;0,00;0,00
3,238;4,278;1,031;2,21E-4;221,13;103,10;0,00;0,00
3,239;4,277;1,030;2,21E-4;221,11;103,03;0,00;0,00
3,240;4,277;1,030;2,21E-4;221,08;102,96;0,00;0,00
3,241;4,277;1,030;2,21E-4;221,11;103,04;0,00;0,00
3,242;4,277;1,030;2,21E-4;221,08;103,01;0,00;0,00
3,243;4,276;1,029;2,21E-4;221,07;102,94;0,00;0,00
3,244;4,275;1,028;2,21E-4;221,04;102,83;0,00;0,00
3,245;4,277;1,030;2,21E-4;221,09;103,02;0,00;0,00
3,246;4,278;1,032;2,21E-4;221,13;103,15;0,00;0,00
3,247;4,277;1,030;2,21E-4;221,08;102,99;0,00;0,00
3,248;4,277;1,029;2,21E-4;221,08;102,92;0,00;0,00
3,249;4,276;1,029;2,21E-4;221,06;102,86;0,00;0,00
3,250;4,277;1,029;2,21E-4;221,08;102,94;0,00;0,00
3,251;4,277;1,030;2,21E-4;221,09;103,00;0,00;0,00
3,252;4,277;1,030;2,21E-4;221,11;103,00;0,00;0,00
3,253;4,278;1,030;2,21E-4;221,11;103,05;0,00;0,00
3,254;4,278;1,030;2,21E-4;221,12;103,04;0,00;0,00
3,255;4,278;1,030;2,21E-4;221,12;103,05;0,00;0,00
3,256;4,278;1,030;2,21E-4;221,11;103,04;0,00;0,00
3,257;4,277;1,030;2,21E-4;221,10;102,98;0,00;0,00
3,258;4,276;1,029;2,21E-4;221,06;102,86;0,00;0,00
3,259;4,278;1,030;2,21E-4;221,12;103,05;0,00;0,00
3,260;4,277;1,031;2,21E-4;221,10;103,06;0,00;0,00
3,261;4,277;1,030;2,21E-4;221,09;102,96;0,00;0,00
3,262;4,277;1,030;2,21E-4;221,08;102,95;0,00;0,00
3,263;4,278;1,030;2,21E-4;221,11;103,01;0,00;0,00
3,264;4,277;1,030;2,21E-4;221,10;103,00;0,00;0,00
3,265;4,277;1,029;2,21E-4;221,09;102,92;0,00;0,00
3,266;4,277;1,030;2,21E-4;221,09;102,98;0,00;0,00
3,267;4,278;1,031;2,21E-4;221,12;103,10;0,00;0,00
3,268;4,277;1,030;2,21E-4;221,10;102,99;0,00;0,00
3,269;4,277;1,030;2,21E-4;221,10;103,02;0,00;0,00
3,270;4,278;1,031;2,21E-4;221,11;103,07;0,00;0,00
3,271;4,277;1,031;2,21E-4;221,11;103,08;0,00;0,00
3,272;4,277;1,030;2,21E-4;221,09;102,98;0,00;0,00
3,273;4,278;1,031;2,21E-4;221,13;103,09;0,00;0,00
3,274;4,279;1,031;2,21E-4;221,14;103,13;0,00;0,00
3,275;4,277;1,030;2,21E-4;221,08;102,96;0,00;0,00
3,276;4,276;1,029;2,21E-4;221,05;102,85;0,00;0,00
3,277;4,277;1,029;2,21E-4;221,08;102,94;0,00;0,00
3,278;4,277;1,030;2,21E-4;221,11;102,97;0,00;0,00
3,279;4,277;1,029;2,21E-4;221,08;102,94;0,00;0,00
3,280;4,278;1,031;2,21E-4;221,12;103,07;0,00;0,00
3,281;4,277;1,030;2,21E-4;221,08;102,99;0,00;0,00
3,282;4,276;1,029;2,21E-4;221,05;102,88;0,00;0,00
3,283;4,276;1,029;2,21E-4;221,06;102,91;0,00;0,00
3,284;4,277;1,030;2,21E-4;221,10;102,97;0,00;0,00
3,285;4,278;1,030;2,21E-4;221,11;103,03;0,00;0,00
3,286;4,278;1,031;2,21E-4;221,13;103,06;0,00;0,00
3,287;4,278;1,031;2,21E-4;221,13;103,07;0,00;0,00
3,288;4,278;1,031;2,21E-4;221,13;103,07;0,00;0,00
3,289;4,276;1,029;2,21E-4;221,07;102,92;0,00;0,00
3,290;4,276;1,029;2,21E-4;221,07;102,91;0,00;0,00
3,291;4,277;1,030;2,21E-4;221,08;102,96;0,00;0,00
3,292;4,276;1,029;2,21E-4;221,06;102,87;0,00;0,00
3,293;4,278;1,030;2,21E-4;221,11;103,04;0,00;0,00
3,294;4,277;1,030;2,21E-4;221,09;102,95;0,00;0,00
3,295;4,277;1,030;2,21E-4;221,10;102,99;0,00;0,00
3,296;4,276;1,029;2,21E-4;221,06;102,87;0,00;0,00
3,297;4,277;1,030;2,21E-4;221,09;103,00;0,00;0,00
3,298;4,277;1,030;2,21E-4;221,09;102,99;0,00;0,00
3,299;4,278;1,031;2,21E-4;221,12;103,08;0,00;0,00
3,300;4,277;1,030;2,21E-4;221,11;103,04;0,00;0,00
3,301;4,278;1,031;2,21E-4;221,13;103,09;0,00;0,00
3,302;4,277;1,030;2,21E-4;221,08;102,96;0,00;0,00
3,303;4,277;1,030;2,21E-4;221,09;103,01;0,00;0,00
3,304;4,277;1,030;2,21E-4;221,09;102,98;0,00;0,00
3,305;4,277;1,030;2,21E-4;221,08;102,97;0,00;0,00
3,306;4,277;1,030;2,21E-4;221,09;102,98;0,00;0,00
3,307;4,278;1,031;2,21E-4;221,14;103,13;0,00;0,00
3,308;4,278;1,030;2,21E-4;221,12;103,05;0,00;0,00
3,309;4,277;1,030;2,21E-4;221,09;102,97;0,00;0,00
3,310;4,277;1,030;2,21E-4;221,09;102,99;0,00;0,00
3,311;4,277;1,030;2,21E-4;221,08;102,98;0,00;0,00
3,312;4,276;1,029;2,21E-4;221,07;102,91;0,00;0,00
3,313;4,276;1,029;2,21E-4;221,05;102,86;0,00;0,00
3,314;4,277;1,030;2,21E-4;221,09;102,96;0,00;0,00
3,315;4,277;1,030;2,21E-4;221,09;102,97;0,00;0,00
3,316;4,278;1,030;2,21E-4;221,11;103,00;0,00;0,00
3,317;4,276;1,029;2,21E-4;221,06;102,88;0,00;0,00
3,318;4,277;1,030;2,21E-4;221,10;102,99;0,00;0,00
3,319;4,278;1,031;2,21E-4;221,12;103,07;0,00;0,00
3,320;4,276;1,029;2,21E-4;221,06;102,87;0,00;0,00
3,321;4,279;1,032;2,21E-4;221,15;103,15;0,00;0,00
3,322;4,278;1,031;2,21E-4;221,14;103,11;0,00;0,00
3,323;4,278;1,031;2,21E-4;221,13;103,13;0,00;0,00
3,324;4,277;1,030;2,21E-4;221,08;102,97;0,00;0,00
3,325;4,277;1,030;2,21E-4;221,10;103,03;0,00;0,00
3,326;4,277;1,030;2,21E-4;221,09;103,01;0,00;0,00
3,327;4,276;1,029;2,21E-4;221,07;102,92;0,00;0,00
3,328;4,276;1,029;2,21E-4;221,07;102,94;0,00;0,00
3,329;4,277;1,030;2,21E-4;221,09;102,98;0,00;0,00
3,330;4,277;1,030;2,21E-4;221,09;102,98;0,00;0,00
3,331;4,276;1,030;2,21E-4;221,07;102,98;0,00;0,00
3,332;4,277;1,030;2,21E-4;221,09;102,97;0,00;0,00
3,333;4,276;1,029;2,21E-4;221,07;102,94;0,00;0,00
3,334;4,277;1,030;2,21E-4;221,10;103,00;0,00;0,00
3,335;4,277;1,030;2,21E-4;221,09;103,01;0,00;0,00
3,336;4,277;1,030;2,21E-4;221,10;103,01;0,00;0,00
3,337;4,275;1,028;2,21E-4;221,04;102,83;0,00;0,00
3,338;4,275;1,028;2,21E-4;221,03;102,79;0,00;0,00
3,339;4,276;1,029;2,21E-4;221,05;102,87;0,00;0,00
3,340;4,277;1,029;2,21E-4;221,08;102,94;0,00;0,00
3,341;4,277;1,030;2,21E-4;221,09;102,98;0,00;0,00
3,342;4,277;1,030;2,21E-4;221,10;102,98;0,00;0,00
3,343;4,278;1,030;2,21E-4;221,11;103,01;0,00;0,00
3,344;4,278;1,031;2,21E-4;221,13;103,06;0,00;0,00
3,345;4,278;1,031;2,21E-4;221,13;103,10;0,00;0,00
3,346;4,277;1,030;2,21E-4;221,11;103,05;0,00;0,00
3,347;4,277;1,030;2,21E-4;221,09;103,00;0,00;0,00
3,348;4,279;1,031;2,21E-4;221,14;103,14;0,00;0,00
3,349;4,277;1,030;2,21E-4;221,10;103,01;0,00;0,00
3,350;4,277;1,030;2,21E-4;221,10;102,98;0,00;0,00
3,351;4,277;1,030;2,21E-4;221,08;102,95;0,00;0,00
3,352;4,276;1,029;2,21E-4;221,06;102,90;0,00;0,00
3,353;4,275;1,028;2,21E-4;221,04;102,83;0,00;0,00
3,354;4,277;1,030;2,21E-4;221,10;102,97;0,00;0,00
3,355;4,278;1,031;2,21E-4;221,13;103,08;0,00;0,00
3,356;4,278;1,031;2,21E-4;221,12;103,06;0,00;0,00
3,357;4,277;1,030;2,21E-4;221,10;103,05;0,00;0,00
3,358;4,277;1,030;2,21E-4;221,10;103,04;0,00;0,00
3,359;4,276;1,029;2,21E-4;221,07;102,89;0,00;0,00
3,360;4,276;1,029;2,21E-4;221,06;102,91;0,00;0,00
3,361;4,277;1,030;2,21E-4;221,08;102,95;0,00;0,00
3,362;4,277;1,030;2,21E-4;221,09;103,00;0,00;0,00
3,363;4,277;1,029;2,21E-4;221,08;102,94;0,00;0,00
3,364;4,278;1,030;2,21E-4;221,11;103,02;0,00;0,00
3,365;4,278;1,030;2,21E-4;221,12;103,04;0,00;0,00
3,366;4,277;1,030;2,21E-4;221,10;103,03;0,00;0,00
3,367;4,278;1,031;2,21E-4;221,12;103,08;0,00;0,00
3,368;4,277;1,030;2,21E-4;221,10;103,02;0,00;0,00
3,369;4,275;1,028;2,21E-4;221,03;102,84;0,00;0,00
3,370;4,275;1,028;2,21E-4;221,04;102,82;0,00;0,00
3,371;4,277;1,029;2,21E-4;221,09;102,94;0,00;0,00
3,372;4,276;1,029;2,21E-4;221,07;102,89;0,00;0,00
3,373;4,277;1,030;2,21E-4;221,10;103,04;0,00;0,00
3,374;4,276;1,029;2,21E-4;221,07;102,89;0,00;0,00
3,375;4,277;1,030;2,21E-4;221,09;102,95;0,00;0,00
3,376;4,277;1,029;2,21E-4;221,08;102,92;0,00;0,00
3,377;4,276;1,029;2,21E-4;221,07;102,92;0,00;0,00
3,378;4,277;1,030;2,21E-4;221,10;103,04;0,00;0,00
3,379;4,277;1,031;2,21E-4;221,10;103,05;0,00;0,00
3,380;4,277;1,030;2,21E-4;221,10;103,01;0,00;0,00
3,381;4,278;1,030;2,21E-4;221,12;103,04;0,00;0,00
3,382;4,278;1,030;2,21E-4;221,11;103,04;0,00;0,00
3,383;4,279;1,032;2,21E-4;221,15;103,17;0,00;0,00
3,384;4,277;1,030;2,21E-4;221,09;102,99;0,00;0,00
3,385;4,276;1,029;2,21E-4;221,06;102,86;0,00;0,00
3,386;4,276;1,029;2,21E-4;221,05;102,87;0,00;0,00
3,387;4,277;1,030;2,21E-4;221,09;102,98;0,00;0,00
3,388;4,278;1,031;2,21E-4;221,13;103,11;0,00;0,00
3,389;4,277;1,030;2,21E-4;221,08;103,00;0,00;0,00
3,390;4,277;1,030;2,21E-4;221,09;102,97;0,00;0,00
3,391;4,277;1,030;2,21E-4;221,09;102,98;0,00;0,00
3,392;4,277;1,030;2,21E-4;221,09;102,98;0,00;0,00
3,393;4,277;1,030;2,21E-4;221,11;103,01;0,00;0,00
3,394;4,278;1,031;2,21E-4;221,12;103,08;0,00;0,00
3,395;4,277;1,030;2,21E-4;221,09;102,98;0,00;0,00
3,396;4,277;1,030;2,21E-4;221,09;102,95;0,00;0,00
3,397;4,277;1,030;2,21E-4;221,09;102,97;0,00;0,00
3,398;4,277;1,030;2,21E-4;221,09;102,99;0,00;0,00
3,399;4,277;1,030;2,21E-4;221,10;102,99;0,00;0,00
3,400;4,277;1,029;2,21E-4;221,08;102,92;0,00;0,00
3,401;4,276;1,029;2,21E-4;221,07;102,93;0,00;0,00
3,402;4,277;1,030;2,21E-4;221,10;102,96;0,00;0,00
3,403;4,277;1,030;2,21E-4;221,09;102,99;0,00;0,00
3,404;4,278;1,031;2,21E-4;221,12;103,06;0,00;0,00
3,405;4,278;1,031;2,21E-4;221,12;103,06;0,00;0,00
3,406;4,277;1,030;2,21E-4;221,10;103,05;0,00;0,00
3,407;4,277;1,030;2,21E-4;221,09;102,95;0,00;0,00
3,408;4,277;1,030;2,21E-4;221,10;102,98;0,00;0,00
3,409;4,277;1,030;2,21E-4;221,10;102,98;0,00;0,00
3,410;4,278;1,030;2,21E-4;221,11;103,05;0,00;0,00
3,411;4,278;1,030;2,21E-4;221,12;103,05;0,00;0,00
3,412;4,277;1,030;2,21E-4;221,10;103,00;0,00;0,00
3,413;4,276;1,029;2,21E-4;221,07;102,90;0,00;0,00
3,414;4,276;1,029;2,21E-4;221,07;102,93;0,00;0,00
3,415;4,277;1,030;2,21E-4;221,09;102,98;0,00;0,00
3,416;4,277;1,030;2,21E-4;221,08;102,99;0,00;0,00
3,417;4,277;1,030;2,21E-4;221,10;103,01;0,00;0,00
3,418;4,278;1,031;2,21E-4;221,13;103,07;0,00;0,00
3,419;4,278;1,031;2,21E-4;221,13;103,14;0,00;0,00
3,420;4,278;1,030;2,21E-4;221,12;103,04;0,00;0,00
3,421;4,277;1,030;2,21E-4;221,08;102,96;0,00;0,00
3,422;4,277;1,030;2,21E-4;221,09;102,97;0,00;0,00
3,423;4,277;1,030;2,21E-4;221,10;103,03;0,00;0,00
3,424;4,277;1,030;2,21E-4;221,09;102,96;0,00;0,00
3,425;4,277;1,030;2,21E-4;221,10;102,96;0,00;0,00
3,426;4,277;1,030;2,21E-4;221,10;102,95;0,00;0,00
3,427;4,278;1,031;2,21E-4;221,13;103,07;0,00;0,00
3,428;4,278;1,031;2,21E-4;221,13;103,06;0,00;0,00
3,429;4,277;1,029;2,21E-4;221,08;102,93;0,00;0,00
3,430;4,277;1,030;2,21E-4;221,10;102,97;0,00;0,00
3,431;4,276;1,029;2,21E-4;221,07;102,89;0,00;0,00
3,432;4,277;1,029;2,21E-4;221,08;102,91;0,00;0,00
3,433;4,277;1,029;2,21E-4;221,08;102,93;0,00;0,00
3,434;4,277;1,030;2,21E-4;221,09;102,98;0,00;0,00
3,435;4,277;1,030;2,21E-4;221,10;103,00;0,00;0,00
3,436;4,277;1,030;2,21E-4;221,10;102,97;0,00;0,00
3,437;4,279;1,031;2,21E-4;221,15;103,09;0,00;0,00
3,438;4,277;1,029;2,21E-4;221,08;102,91;0,00;0,00
3,439;4,277;1,029;2,21E-4;221,08;102,90;0,00;0,00
3,440;4,276;1,029;2,21E-4;221,06;102,86;0,00;0,00
3,441;4,276;1,029;2,21E-4;221,06;102,89;0,00;0,00
3,442;4,276;1,028;2,21E-4;221,04;102,80;0,00;0,00
3,443;4,277;1,029;2,21E-4;221,08;102,93;0,00;0,00
3,444;4,278;1,030;2,21E-4;221,11;103,04;0,00;0,00
3,445;4,276;1,029;2,21E-4;221,07;102,87;0,00;0,00
3,446;4,276;1,028;2,21E-4;221,05;102,81;0,00;0,00
3,447;4,277;1,030;2,21E-4;221,10;102,97;0,00;0,00
3,448;4,277;1,030;2,21E-4;221,10;103,00;0,00;0,00
3,449;4,277;1,029;2,21E-4;221,08;102,92;0,00;0,00
3,450;4,277;1,030;2,21E-4;221,10;103,04;0,00;0,00
3,451;4,278;1,031;2,21E-4;221,12;103,07;0,00;0,00
3,452;4,277;1,030;2,21E-4;221,10;103,00;0,00;0,00
3,453;4,278;1,030;2,21E-4;221,12;103,04;0,00;0,00
3,454;4,277;1,030;2,21E-4;221,11;103,01;0,00;0,00
3,455;4,278;1,030;2,21E-4;221,11;103,03;0,00;0,00
3,456;4,276;1,029;2,21E-4;221,07;102,90;0,00;0,00
3,457;4,277;1,030;2,21E-4;221,10;102,99;0,00;0,00
3,458;4,277;1,030;2,21E-4;221,10;102,98;0,00;0,00
3,459;4,277;1,030;2,21E-4;221,11;102,97;0,00;0,00
3,460;4,277;1,030;2,21E-4;221,11;103,01;0,00;0,00
3,461;4,278;1,030;2,21E-4;221,11;103,04;0,00;0,00
3,462;4,276;1,029;2,21E-4;221,07;102,90;0,00;0,00
3,463;4,277;1,030;2,21E-4;221,09;102,99;0,00;0,00
3,464;4,277;1,030;2,21E-4;221,08;102,96;0,00;0,00
3,465;4,277;1,030;2,21E-4;221,10;103,03;0,00;0,00
3,466;4,278;1,031;2,21E-4;221,11;103,08;0,00;0,00
3,467;4,278;1,030;2,21E-4;221,11;103,05;0,00;0,00
3,468;4,277;1,030;2,21E-4;221,10;102,97;0,00;0,00
3,469;4,277;1,030;2,21E-4;221,08;102,97;0,00;0,00
3,470;4,277;1,030;2,21E-4;221,09;102,96;0,00;0,00
3,471;4,276;1,029;2,21E-4;221,06;102,86;0,00;0,00
3,472;4,277;1,030;2,21E-4;221,10;103,02;0,00;0,00
3,473;4,276;1,029;2,21E-4;221,07;102,91;0,00;0,00
3,474;4,276;1,029;2,21E-4;221,06;102,87;0,00;0,00
3,475;4,276;1,029;2,21E-4;221,06;102,87;0,00;0,00
3,476;4,276;1,029;2,21E-4;221,07;102,88;0,00;0,00
3,477;4,277;1,030;2,21E-4;221,11;102,99;0,00;0,00
3,478;4,277;1,030;2,21E-4;221,10;103,01;0,00;0,00
3,479;4,277;1,030;2,21E-4;221,09;102,96;0,00;0,00
3,480;4,277;1,029;2,21E-4;221,09;102,93;0,00;0,00
3,481;4,277;1,030;2,21E-4;221,11;103,00;0,00;0,00
3,482;4,277;1,029;2,21E-4;221,08;102,91;0,00;0,00
3,483;4,277;1,030;2,21E-4;221,09;102,96;0,00;0,00
3,484;4,277;1,030;2,21E-4;221,11;103,03;0,00;0,00
3,485;4,278;1,031;2,21E-4;221,13;103,08;0,00;0,00
3,486;4,277;1,030;2,21E-4;221,09;102,98;0,00;0,00
3,487;4,276;1,029;2,21E-4;221,06;102,92;0,00;0,00
3,488;4,276;1,029;2,21E-4;221,07;102,93;0,00;0,00
3,489;4,277;1,030;2,21E-4;221,08;102,96;0,00;0,00
3,490;4,277;1,030;2,21E-4;221,10;103,01;0,00;0,00
3,491;4,276;1,029;2,21E-4;221,07;102,92;0,00;0,00
3,492;4,278;1,031;2,21E-4;221,11;103,08;0,00;0,00
3,493;4,278;1,031;2,21E-4;221,13;103,14;0,00;0,00
3,494;4,278;1,031;2,21E-4;221,12;103,06;0,00;0,00
3,495;4,278;1,031;2,21E-4;221,13;103,13;0,00;0,00
3,496;4,278;1,031;2,21E-4;221,13;103,12;0,00;0,00
3,497;4,277;1,030;2,21E-4;221,10;102,98;0,00;0,00
3,498;4,278;1,030;2,21E-4;221,12;103,04;0,00;0,00
3,499;4,278;1,031;2,21E-4;221,13;103,07;0,00;0,00
3,500;4,277;1,029;2,21E-4;221,08;102,92;0,00;0,00
3,501;4,277;1,029;2,21E-4;221,08;102,92;0,00;0,00
3,502;4,277;1,029;2,21E-4;221,08;102,89;0,00;0,00
3,503;4,276;1,029;2,21E-4;221,07;102,90;0,00;0,00
3,504;4,277;1,030;2,21E-4;221,11;103,05;0,00;0,00
3,505;4,277;1,030;2,21E-4;221,09;102,96;0,00;0,00
3,506;4,277;1,029;2,21E-4;221,09;102,94;0,00;0,00
3,507;4,278;1,031;2,21E-4;221,13;103,08;0,00;0,00
3,508;4,278;1,030;2,21E-4;221,12;103,03;0,00;0,00
3,509;4,278;1,031;2,21E-4;221,14;103,14;0,00;0,00
3,510;4,277;1,030;2,21E-4;221,09;102,98;0,00;0,00
3,511;4,277;1,030;2,21E-4;221,08;102,98;0,00;0,00
3,512;4,278;1,030;2,21E-4;221,12;103,05;0,00;0,00
3,513;4,278;1,031;2,21E-4;221,13;103,10;0,00;0,00
3,514;4,278;1,031;2,21E-4;221,13;103,07;0,00;0,00
3,515;4,278;1,031;2,21E-4;221,11;103,05;0,00;0,00
3,516;4,278;1,031;2,21E-4;221,14;103,11;0,00;0,00
3,517;4,277;1,029;2,21E-4;221,08;102,92;0,00;0,00
3,518;4,276;1,029;2,21E-4;221,06;102,89;0,00;0,00
3,519;4,277;1,030;2,21E-4;221,09;102,98;0,00;0,00
3,520;4,277;1,030;2,21E-4;221,10;103,01;0,00;0,00
3,521;4,276;1,029;2,21E-4;221,07;102,90;0,00;0,00
3,522;4,277;1,030;2,21E-4;221,09;102,98;0,00;0,00
3,523;4,278;1,030;2,21E-4;221,11;103,04;0,00;0,00
3,524;4,278;1,031;2,21E-4;221,13;103,12;0,00;0,00
3,525;4,276;1,029;2,21E-4;221,07;102,91;0,00;0,00
3,526;4,276;1,029;2,21E-4;221,08;102,94;0,00;0,00
3,527;4,276;1,029;2,21E-4;221,05;102,86;0,00;0,00
3,528;4,276;1,029;2,21E-4;221,06;102,88;0,00;0,00
3,529;4,276;1,029;2,21E-4;221,07;102,94;0,00;0,00
3,530;4,277;1,029;2,21E-4;221,09;102,95;0,00;0,00
3,531;4,277;1,030;2,21E-4;221,08;103,01;0,00;0,00
3,532;4,277;1,030;2,21E-4;221,10;103,00;0,00;0,00
3,533;4,278;1,031;2,21E-4;221,13;103,14;0,00;0,00
3,534;4,279;1,032;2,21E-4;221,14;103,19;0,00;0,00
3,535;4,278;1,031;2,21E-4;221,13;103,09;0,00;0,00
3,536;4,277;1,030;2,21E-4;221,08;102,97;0,00;0,00
3,537;4,277;1,030;2,21E-4;221,08;102,95;0,00;0,00
3,538;4,277;1,030;2,21E-4;221,08;102,97;0,00;0,00
3,539;4,276;1,029;2,21E-4;221,07;102,90;0,00;0,00
3,540;4,277;1,029;2,21E-4;221,08;102,94;0,00;0,00
3,541;4,277;1,030;2,21E-4;221,09;103,00;0,00;0,00
3,542;4,278;1,030;2,21E-4;221,11;103,05;0,00;0,00
3,543;4,278;1,031;2,21E-4;221,13;103,08;0,00;0,00
3,544;4,278;1,031;2,21E-4;221,13;103,11;0,00;0,00
3,545;4,278;1,031;2,21E-4;221,12;103,05;0,00;0,00
3,546;4,277;1,031;2,21E-4;221,11;103,06;0,00;0,00
3,547;4,277;1,030;2,21E-4;221,10;103,05;0,00;0,00
3,548;4,276;1,029;2,21E-4;221,07;102,90;0,00;0,00
3,549;4,277;1,029;2,21E-4;221,08;102,91;0,00;0,00
3,550;4,276;1,028;2,21E-4;221,05;102,83;0,00;0,00
3,551;4,276;1,029;2,21E-4;221,07;102,91;0,00;0,00
3,552;4,277;1,030;2,21E-4;221,08;102,98;0,00;0,00
3,553;4,277;1,030;2,21E-4;221,09;102,99;0,00;0,00
3,554;4,276;1,029;2,21E-4;221,07;102,93;0,00;0,00
3,555;4,277;1,030;2,21E-4;221,10;103,01;0,00;0,00
3,556;4,277;1,030;2,21E-4;221,10;103,00;0,00;0,00
3,557;4,276;1,029;2,21E-4;221,07;102,89;0,00;0,00
3,558;4,278;1,030;2,21E-4;221,11;103,04;0,00;0,00
3,559;4,277;1,030;2,21E-4;221,09;103,01;0,00;0,00
3,560;4,277;1,029;2,21E-4;221,08;102,95;0,00;0,00
3,561;4,276;1,029;2,21E-4;221,06;102,92;0,00;0,00
3,562;4,277;1,030;2,21E-4;221,11;103,04;0,00;0,00
3,563;4,276;1,030;2,21E-4;221,08;102,96;0,00;0,00
3,564;4,277;1,030;2,21E-4;221,09;102,96;0,00;0,00
3,565;4,277;1,030;2,21E-4;221,09;102,97;0,00;0,00
3,566;4,277;1,030;2,21E-4;221,10;102,99;0,00;0,00
3,567;4,278;1,030;2,21E-4;221,11;103,04;0,00;0,00
3,568;4,277;1,030;2,21E-4;221,08;102,96;0,00;0,00
3,569;4,277;1,029;2,21E-4;221,08;102,93;0,00;0,00
3,570;4,278;1,031;2,21E-4;221,13;103,08;0,00;0,00
3,571;4,278;1,031;2,21E-4;221,12;103,05;0,00;0,00
3,572;4,277;1,030;2,21E-4;221,09;102,98;0,00;0,00
3,573;4,275;1,028;2,21E-4;221,04;102,81;0,00;0,00
3,574;4,277;1,030;2,21E-4;221,09;102,97;0,00;0,00
3,575;4,276;1,029;2,21E-4;221,06;102,88;0,00;0,00
3,576;4,276;1,029;2,21E-4;221,07;102,92;0,00;0,00
3,577;4,277;1,030;2,21E-4;221,09;102,97;0,00;0,00
3,578;4,276;1,029;2,21E-4;221,06;102,87;0,00;0,00
3,579;4,276;1,029;2,21E-4;221,07;102,88;0,00;0,00
3,580;4,276;1,029;2,21E-4;221,05;102,89;0,00;0,00
3,581;4,277;1,030;2,21E-4;221,08;102,97;0,00;0,00
3,582;4,278;1,031;2,21E-4;221,11;103,08;0,00;0,00
3,583;4,277;1,030;2,21E-4;221,10;103,01;0,00;0,00
3,584;4,277;1,030;2,21E-4;221,09;103,04;0,00;0,00
3,585;4,277;1,030;2,21E-4;221,10;103,02;0,00;0,00
3,586;4,276;1,029;2,21E-4;221,06;102,91;0,00;0,00
3,587;4,276;1,029;2,21E-4;221,07;102,94;0,00;0,00
3,588;4,278;1,031;2,21E-4;221,12;103,08;0,00;0,00
3,589;4,278;1,030;2,21E-4;221,11;103,04;0,00;0,00
3,590;4,277;1,030;2,21E-4;221,09;103,01;0,00;0,00
3,591;4,277;1,030;2,21E-4;221,10;102,96;0,00;0,00
3,592;4,277;1,030;2,21E-4;221,11;103,03;0,00;0,00
3,593;4,277;1,030;2,21E-4;221,09;102,98;0,00;0,00
3,594;4,277;1,030;2,21E-4;221,09;103,00;0,00;0,00
3,595;4,277;1,030;2,21E-4;221,10;103,01;0,00;0,00
3,596;4,276;1,029;2,21E-4;221,07;102,92;0,00;0,00
3,597;4,276;1,029;2,21E-4;221,06;102,89;0,00;0,00
3,598;4,276;1,029;2,21E-4;221,06;102,93;0,00;0,00
3,599;4,277;1,030;2,21E-4;221,10;103,04;0,00;0,00
3,600;4,278;1,031;2,21E-4;221,12;103,07;0,00;0,00
3,601;4,277;1,030;2,21E-4;221,09;103,00;0,00;0,00
3,602;4,277;1,030;2,21E-4;221,10;103,02;0,00;0,00
3,603;4,277;1,030;2,21E-4;221,10;103,00;0,00;0,00
3,604;4,276;1,029;2,21E-4;221,07;102,93;0,00;0,00
3,605;4,276;1,029;2,21E-4;221,06;102,89;0,00;0,00
3,606;4,277;1,029;2,21E-4;221,09;102,94;0,00;0,00
3,607;4,277;1,030;2,21E-4;221,11;103,03;0,00;0,00
3,608;4,278;1,031;2,21E-4;221,14;103,08;0,00;0,00
3,609;4,277;1,030;2,21E-4;221,09;102,96;0,00;0,00
3,610;4,277;1,030;2,21E-4;221,09;102,96;0,00;0,00
3,611;4,278;1,030;2,21E-4;221,12;103,04;0,00;0,00
3,612;4,279;1,032;2,21E-4;221,16;103,17;0,00;0,00
3,613;4,277;1,031;2,21E-4;221,11;103,05;0,00;0,00
3,614;4,276;1,028;2,21E-4;221,06;102,84;0,00;0,00
3,615;4,276;1,029;2,21E-4;221,06;102,92;0,00;0,00
3,616;4,277;1,030;2,21E-4;221,09;102,98;0,00;0,00
3,617;4,277;1,030;2,21E-4;221,10;102,99;0,00;0,00
3,618;4,277;1,030;2,21E-4;221,10;103,03;0,00;0,00
3,619;4,277;1,029;2,21E-4;221,08;102,95;0,00;0,00
3,620;4,277;1,030;2,21E-4;221,10;102,99;0,00;0,00
3,621;4,278;1,031;2,21E-4;221,12;103,06;0,00;0,00
3,622;4,277;1,030;2,21E-4;221,09;102,98;0,00;0,00
3,623;4,277;1,030;2,21E-4;221,10;102,97;0,00;0,00
3,624;4,276;1,029;2,21E-4;221,07;102,94;0,00;0,00
3,625;4,277;1,030;2,21E-4;221,09;102,97;0,00;0,00
3,626;4,276;1,028;2,21E-4;221,06;102,84;0,00;0,00
3,627;4,276;1,028;2,21E-4;221,05;102,82;0,00;0,00
3,628;4,276;1,029;2,21E-4;221,07;102,91;0,00;0,00
3,629;4,277;1,031;2,21E-4;221,10;103,05;0,00;0,00
3,630;4,276;1,029;2,21E-4;221,07;102,89;0,00;0,00
3,631;4,277;1,029;2,21E-4;221,08;102,92;0,00;0,00
3,632;4,277;1,030;2,21E-4;221,10;103,02;0,00;0,00
3,633;4,277;1,030;2,21E-4;221,09;102,99;0,00;0,00
3,634;4,277;1,030;2,21E-4;221,10;102,99;0,00;0,00
3,635;4,277;1,030;2,21E-4;221,11;103,01;0,00;0,00
3,636;4,277;1,029;2,21E-4;221,09;102,93;0,00;0,00
3,637;4,278;1,030;2,21E-4;221,12;103,04;0,00;0,00
3,638;4,278;1,031;2,21E-4;221,13;103,10;0,00;0,00
3,639;4,278;1,031;2,21E-4;221,13;103,09;0,00;0,00
3,640;4,277;1,030;2,21E-4;221,09;102,98;0,00;0,00
3,641;4,277;1,030;2,21E-4;221,10;102,97;0,00;0,00
3,642;4,277;1,030;2,21E-4;221,11;103,03;0,00;0,00
3,643;4,277;1,029;2,21E-4;221,08;102,94;0,00;0,00
3,644;4,278;1,030;2,21E-4;221,11;103,00;0,00;0,00
3,645;4,277;1,029;2,21E-4;221,09;102,94;0,00;0,00
3,646;4,278;1,031;2,21E-4;221,12;103,06;0,00;0,00
3,647;4,278;1,031;2,21E-4;221,13;103,06;0,00;0,00
3,648;4,277;1,030;2,21E-4;221,11;103,02;0,00;0,00
3,649;4,277;1,030;2,21E-4;221,09;102,96;0,00;0,00
3,650;4,277;1,030;2,21E-4;221,09;102,96;0,00;0,00
3,651;4,278;1,030;2,21E-4;221,12;103,02;0,00;0,00
3,652;4,277;1,030;2,21E-4;221,11;103,01;0,00;0,00
3,653;4,277;1,030;2,21E-4;221,09;102,95;0,00;0,00
3,654;4,278;1,031;2,21E-4;221,14;103,11;0,00;0,00
3,655;4,277;1,029;2,21E-4;221,08;102,94;0,00;0,00
3,656;4,277;1,030;2,21E-4;221,09;102,95;0,00;0,00
3,657;4,278;1,031;2,21E-4;221,14;103,14;0,00;0,00
3,658;4,278;1,031;2,21E-4;221,13;103,13;0,00;0,00
3,659;4,277;1,029;2,21E-4;221,08;102,95;0,00;0,00
3,660;4,277;1,029;2,21E-4;221,08;102,92;0,00;0,00
3,661;4,277;1,030;2,21E-4;221,08;102,96;0,00;0,00
3,662;4,276;1,029;2,21E-4;221,07;102,90;0,00;0,00
3,663;4,276;1,028;2,21E-4;221,06;102,83;0,00;0,00
3,664;4,276;1,029;2,21E-4;221,06;102,87;0,00;0,00
3,665;4,277;1,029;2,21E-4;221,08;102,94;0,00;0,00
3,666;4,277;1,030;2,21E-4;221,08;102,97;0,00;0,00
3,667;4,277;1,030;2,21E-4;221,10;102,97;0,00;0,00
3,668;4,277;1,030;2,21E-4;221,09;102,99;0,00;0,00
3,669;4,277;1,030;2,21E-4;221,09;103,00;0,00;0,00
3,670;4,276;1,030;2,21E-4;221,08;102,95;0,00;0,00
3,671;4,277;1,030;2,21E-4;221,09;102,97;0,00;0,00
3,672;4,275;1,029;2,21E-4;221,04;102,85;0,00;0,00
3,673;4,277;1,029;2,21E-4;221,10;102,95;0,00;0,00
3,674;4,276;1,029;2,21E-4;221,07;102,88;0,00;0,00
3,675;4,277;1,030;2,21E-4;221,10;102,97;0,00;0,00
3,676;4,277;1,030;2,21E-4;221,09;103,00;0,00;0,00
3,677;4,277;1,029;2,21E-4;221,08;102,90;0,00;0,00
3,678;4,277;1,030;2,21E-4;221,08;102,97;0,00;0,00
3,679;4,277;1,030;2,21E-4;221,11;103,04;0,00;0,00
3,680;4,278;1,031;2,21E-4;221,13;103,07;0,00;0,00
3,681;4,277;1,030;2,21E-4;221,09;102,97;0,00;0,00
3,682;4,278;1,032;2,21E-4;221,14;103,16;0,00;0,00
3,683;4,278;1,031;2,21E-4;221,12;103,07;0,00;0,00
3,684;4,277;1,030;2,21E-4;221,10;102,97;0,00;0,00
3,685;4,277;1,030;2,21E-4;221,09;102,97;0,00;0,00
3,686;4,278;1,030;2,21E-4;221,11;103,05;0,00;0,00
3,687;4,277;1,030;2,21E-4;221,09;103,00;0,00;0,00
3,688;4,276;1,029;2,21E-4;221,05;102,90;0,00;0,00
3,689;4,278;1,031;2,21E-4;221,13;103,12;0,00;0,00
3,690;4,278;1,031;2,21E-4;221,12;103,06;0,00;0,00
3,691;4,278;1,031;2,21E-4;221,12;103,09;0,00;0,00
3,692;4,276;1,029;2,21E-4;221,04;102,86;0,00;0,00
3,693;4,275;1,028;2,21E-4;221,03;102,82;0,00;0,00
3,694;4,277;1,030;2,21E-4;221,09;102,97;0,00;0,00
3,695;4,277;1,030;2,21E-4;221,09;103,01;0,00;0,00
3,696;4,276;1,029;2,21E-4;221,06;102,89;0,00;0,00
3,697;4,278;1,031;2,21E-4;221,12;103,05;0,00;0,00
3,698;4,279;1,031;2,21E-4;221,14;103,12;0,00;0,00
3,699;4,278;1,031;2,21E-4;221,14;103,12;0,00;0,00
3,700;4,277;1,030;2,21E-4;221,10;103,01;0,00;0,00
3,701;4,277;1,030;2,21E-4;221,09;102,98;0,00;0,00
3,702;4,276;1,030;2,21E-4;221,07;102,96;0,00;0,00
3,703;4,276;1,029;2,21E-4;221,06;102,88;0,00;0,00
3,704;4,277;1,029;2,21E-4;221,08;102,93;0,00;0,00
3,705;4,278;1,031;2,21E-4;221,13;103,07;0,00;0,00
3,706;4,278;1,031;2,21E-4;221,14;103,14;0,00;0,00
3,707;4,277;1,030;2,21E-4;221,11;103,01;0,00;0,00
3,708;4,276;1,029;2,21E-4;221,07;102,94;0,00;0,00
3,709;4,277;1,030;2,21E-4;221,09;102,96;0,00;0,00
3,710;4,278;1,030;2,21E-4;221,12;103,03;0,00;0,00
3,711;4,277;1,029;2,21E-4;221,09;102,91;0,00;0,00
3,712;4,276;1,029;2,21E-4;221,05;102,85;0,00;0,00
3,713;4,277;1,029;2,21E-4;221,08;102,92;0,00;0,00
3,714;4,276;1,029;2,21E-4;221,06;102,86;0,00;0,00
3,715;4,277;1,029;2,21E-4;221,08;102,91;0,00;0,00
3,716;4,276;1,029;2,21E-4;221,07;102,86;0,00;0,00
3,717;4,278;1,031;2,21E-4;221,13;103,06;0,00;0,00
3,718;4,279;1,031;2,21E-4;221,14;103,13;0,00;0,00
3,719;4,278;1,031;2,21E-4;221,12;103,06;0,00;0,00
3,720;4,277;1,029;2,21E-4;221,08;102,92;0,00;0,00
3,721;4,277;1,030;2,21E-4;221,10;103,01;0,00;0,00
3,722;4,277;1,030;2,21E-4;221,09;103,00;0,00;0,00
3,723;4,277;1,030;2,21E-4;221,08;102,96;0,00;0,00
3,724;4,278;1,031;2,21E-4;221,13;103,10;0,00;0,00
3,725;4,278;1,030;2,21E-4;221,11;103,03;0,00;0,00
3,726;4,277;1,030;2,21E-4;221,10;103,00;0,00;0,00
3,727;4,277;1,030;2,21E-4;221,10;103,01;0,00;0,00
3,728;4,277;1,030;2,21E-4;221,11;103,02;0,00;0,00
3,729;4,278;1,031;2,21E-4;221,12;103,07;0,00;0,00
3,730;4,280;1,033;2,21E-4;221,18;103,26;0,00;0,00
3,731;4,278;1,031;2,21E-4;221,13;103,13;0,00;0,00
3,732;4,278;1,030;2,21E-4;221,12;103,04;0,00;0,00
3,733;4,278;1,031;2,21E-4;221,11;103,07;0,00;0,00
3,734;4,277;1,030;2,21E-4;221,09;102,99;0,00;0,00
3,735;4,276;1,029;2,21E-4;221,08;102,91;0,00;0,00
3,736;4,276;1,029;2,21E-4;221,07;102,88;0,00;0,00
3,737;4,277;1,030;2,21E-4;221,10;103,00;0,00;0,00
3,738;4,276;1,029;2,21E-4;221,06;102,88;0,00;0,00
3,739;4,277;1,029;2,21E-4;221,08;102,93;0,00;0,00
3,740;4,276;1,028;2,21E-4;221,06;102,83;0,00;0,00
3,741;4,276;1,029;2,21E-4;221,07;102,88;0,00;0,00
3,742;4,276;1,029;2,21E-4;221,07;102,87;0,00;0,00
3,743;4,277;1,030;2,21E-4;221,10;103,02;0,00;0,00
3,744;4,278;1,030;2,21E-4;221,12;103,03;0,00;0,00
3,745;4,278;1,030;2,21E-4;221,11;103,01;0,00;0,00
3,746;4,277;1,030;2,21E-4;221,10;102,98;0,00;0,00
3,747;4,277;1,030;2,21E-4;221,10;103,01;0,00;0,00
3,748;4,278;1,031;2,21E-4;221,14;103,10;0,00;0,00
3,749;4,278;1,030;2,21E-4;221,11;103,04;0,00;0,00
3,750;4,278;1,030;2,21E-4;221,11;103,03;0,00;0,00
3,751;4,278;1,031;2,21E-4;221,13;103,07;0,00;0,00
3,752;4,279;1,031;2,21E-4;221,14;103,09;0,00;0,00
3,753;4,278;1,031;2,21E-4;221,14;103,14;0,00;0,00
3,754;4,277;1,030;2,21E-4;221,11;103,04;0,00;0,00
3,755;4,276;1,029;2,21E-4;221,06;102,89;0,00;0,00
3,756;4,277;1,030;2,21E-4;221,10;103,02;0,00;0,00
3,757;4,277;1,030;2,21E-4;221,08;102,98;0,00;0,00
3,758;4,276;1,029;2,21E-4;221,07;102,92;0,00;0,00
3,759;4,275;1,028;2,21E-4;221,04;102,83;0,00;0,00
3,760;4,276;1,029;2,21E-4;221,07;102,90;0,00;0,00
3,761;4,276;1,030;2,21E-4;221,07;102,97;0,00;0,00
3,762;4,276;1,030;2,21E-4;221,08;102,95;0,00;0,00
3,763;4,276;1,028;2,21E-4;221,05;102,84;0,00;0,00
3,764;4,276;1,029;2,21E-4;221,05;102,87;0,00;0,00
3,765;4,276;1,029;2,21E-4;221,07;102,94;0,00;0,00
3,766;4,277;1,030;2,21E-4;221,10;102,98;0,00;0,00
3,767;4,277;1,030;2,21E-4;221,09;102,99;0,00;0,00
3,768;4,277;1,031;2,21E-4;221,11;103,06;0,00;0,00
3,769;4,276;1,029;2,21E-4;221,06;102,88;0,00;0,00
3,770;4,276;1,029;2,21E-4;221,06;102,93;0,00;0,00
3,771;4,276;1,029;2,21E-4;221,07;102,92;0,00;0,00
3,772;4,278;1,031;2,21E-4;221,11;103,06;0,00;0,00
3,773;4,278;1,031;2,21E-4;221,11;103,08;0,00;0,00
3,774;4,277;1,030;2,21E-4;221,10;103,02;0,00;0,00
3,775;4,276;1,029;2,21E-4;221,07;102,93;0,00;0,00
3,776;4,277;1,030;2,21E-4;221,08;102,99;0,00;0,00
3,777;4,276;1,030;2,21E-4;221,06;102,97;0,00;0,00
3,778;4,277;1,031;2,21E-4;221,10;103,06;0,00;0,00
3,779;4,277;1,030;2,21E-4;221,08;102,99;0,00;0,00
3,780;4,276;1,030;2,21E-4;221,07;102,99;0,00;0,00
3,781;4,276;1,029;2,21E-4;221,06;102,95;0,00;0,00
3,782;4,276;1,030;2,21E-4;221,08;102,96;0,00;0,00
3,783;4,277;1,030;2,21E-4;221,10;103,05;0,00;0,00
3,784;4,276;1,029;2,21E-4;221,06;102,91;0,00;0,00
3,785;4,275;1,028;2,21E-4;221,04;102,83;0,00;0,00
3,786;4,274;1,027;2,21E-4;220,99;102,72;0,00;0,00
3,787;4,276;1,029;2,21E-4;221,06;102,89;0,00;0,00
3,788;4,277;1,030;2,21E-4;221,09;103,02;0,00;0,00
3,789;4,276;1,029;2,21E-4;221,07;102,95;0,00;0,00
3,790;4,276;1,029;2,21E-4;221,06;102,88;0,00;0,00
3,791;4,276;1,030;2,21E-4;221,06;102,95;0,00;0,00
3,792;4,277;1,030;2,21E-4;221,09;103,03;0,00;0,00
3,793;4,277;1,030;2,21E-4;221,09;102,97;0,00;0,00
3,794;4,277;1,030;2,21E-4;221,09;103,04;0,00;0,00
3,795;4,277;1,030;2,21E-4;221,09;102,97;0,00;0,00
3,796;4,276;1,029;2,21E-4;221,06;102,92;0,00;0,00
3,797;4,276;1,029;2,21E-4;221,06;102,91;0,00;0,00
3,798;4,276;1,029;2,21E-4;221,07;102,95;0,00;0,00
3,799;4,278;1,031;2,21E-4;221,11;103,07;0,00;0,00
3,800;4,278;1,031;2,21E-4;221,12;103,10;0,00;0,00
3,801;4,277;1,029;2,21E-4;221,08;102,94;0,00;0,00
3,802;4,275;1,028;2,21E-4;221,03;102,83;0,00;0,00
3,803;4,276;1,030;2,21E-4;221,07;102,97;0,00;0,00
3,804;4,277;1,030;2,21E-4;221,08;102,97;0,00;0,00
3,805;4,276;1,029;2,21E-4;221,06;102,93;0,00;0,00
3,806;4,277;1,030;2,21E-4;221,10;103,04;0,00;0,00
3,807;4,277;1,030;2,21E-4;221,08;102,98;0,00;0,00
3,808;4,276;1,029;2,21E-4;221,07;102,94;0,00;0,00
3,809;4,278;1,031;2,21E-4;221,12;103,12;0,00;0,00
3,810;4,278;1,031;2,21E-4;221,12;103,10;0,00;0,00
3,811;4,277;1,030;2,21E-4;221,08;102,96;0,00;0,00
3,812;4,277;1,030;2,21E-4;221,09;103,00;0,00;0,00
3,813;4,277;1,030;2,21E-4;221,09;102,99;0,00;0,00
3,814;4,277;1,030;2,21E-4;221,10;103,03;0,00;0,00
3,815;4,277;1,031;2,21E-4;221,10;103,08;0,00;0,00
3,816;4,277;1,031;2,21E-4;221,10;103,09;0,00;0,00
3,817;4,278;1,031;2,21E-4;221,12;103,11;0,00;0,00
3,818;4,277;1,030;2,21E-4;221,09;103,00;0,00;0,00
3,819;4,277;1,030;2,21E-4;221,08;103,02;0,00;0,00
3,820;4,278;1,031;2,21E-4;221,11;103,10;0,00;0,00
3,821;4,277;1,030;2,21E-4;221,09;103,02;0,00;0,00
3,822;4,277;1,030;2,21E-4;221,10;103,02;0,00;0,00
3,823;4,277;1,030;2,21E-4;221,08;102,98;0,00;0,00
3,824;4,278;1,031;2,21E-4;221,13;103,14;0,00;0,00
3,825;4,275;1,029;2,21E-4;221,04;102,87;0,00;0,00
3,826;4,275;1,028;2,21E-4;221,04;102,83;0,00;0,00
3,827;4,276;1,030;2,21E-4;221,07;102,98;0,00;0,00
3,828;4,277;1,030;2,21E-4;221,08;102,98;0,00;0,00
3,829;4,276;1,029;2,21E-4;221,06;102,93;0,00;0,00
3,830;4,276;1,029;2,21E-4;221,06;102,94;0,00;0,00
3,831;4,276;1,029;2,21E-4;221,06;102,92;0,00;0,00
3,832;4,277;1,030;2,21E-4;221,09;102,98;0,00;0,00
3,833;4,276;1,029;2,21E-4;221,06;102,94;0,00;0,00
3,834;4,276;1,029;2,21E-4;221,05;102,88;0,00;0,00
3,835;4,276;1,029;2,21E-4;221,06;102,92;0,00;0,00
3,836;4,277;1,030;2,21E-4;221,09;103,04;0,00;0,00
3,837;4,279;1,032;2,21E-4;221,14;103,19;0,00;0,00
3,838;4,277;1,030;2,21E-4;221,10;103,03;0,00;0,00
3,839;4,278;1,031;2,21E-4;221,12;103,11;0,00;0,00
3,840;4,277;1,030;2,21E-4;221,10;103,03;0,00;0,00
3,841;4,277;1,030;2,21E-4;221,09;103,01;0,00;0,00
3,842;4,276;1,029;2,21E-4;221,05;102,91;0,00;0,00
3,843;4,276;1,029;2,21E-4;221,05;102,85;0,00;0,00
3,844;4,275;1,028;2,21E-4;221,04;102,84;0,00;0,00
3,845;4,276;1,029;2,21E-4;221,05;102,87;0,00;0,00
3,846;4,278;1,031;2,21E-4;221,13;103,13;0,00;0,00
3,847;4,278;1,031;2,21E-4;221,13;103,12;0,00;0,00
3,848;4,277;1,030;2,21E-4;221,09;103,01;0,00;0,00
3,849;4,276;1,029;2,21E-4;221,06;102,88;0,00;0,00
3,850;4,277;1,030;2,21E-4;221,08;103,00;0,00;0,00
3,851;4,277;1,030;2,21E-4;221,10;103,05;0,00;0,00
3,852;4,277;1,030;2,21E-4;221,09;103,04;0,00;0,00
3,853;4,277;1,030;2,21E-4;221,09;103,03;0,00;0,00
3,854;4,277;1,031;2,21E-4;221,10;103,06;0,00;0,00
3,855;4,277;1,030;2,21E-4;221,10;103,05;0,00;0,00
3,856;4,277;1,030;2,21E-4;221,09;103,01;0,00;0,00
3,857;4,275;1,028;2,21E-4;221,04;102,85;0,00;0,00
3,858;4,276;1,028;2,21E-4;221,05;102,85;0,00;0,00
3,859;4,276;1,029;2,21E-4;221,05;102,87;0,00;0,00
3,860;4,277;1,031;2,21E-4;221,10;103,07;0,00;0,00
3,861;4,277;1,030;2,21E-4;221,08;102,98;0,00;0,00
3,862;4,277;1,030;2,21E-4;221,09;103,02;0,00;0,00
3,863;4,277;1,030;2,21E-4;221,11;103,05;0,00;0,00
3,864;4,277;1,030;2,21E-4;221,09;103,04;0,00;0,00
3,865;4,277;1,030;2,21E-4;221,10;103,02;0,00;0,00
3,866;4,278;1,031;2,21E-4;221,11;103,08;0,00;0,00
3,867;4,277;1,030;2,21E-4;221,09;103,00;0,00;0,00
3,868;4,278;1,031;2,21E-4;221,11;103,11;0,00;0,00
3,869;4,277;1,030;2,21E-4;221,09;102,99;0,00;0,00
3,870;4,277;1,030;2,21E-4;221,09;103,03;0,00;0,00
3,871;4,276;1,029;2,21E-4;221,07;102,94;0,00;0,00
3,872;4,277;1,030;2,21E-4;221,09;103,02;0,00;0,00
3,873;4,277;1,030;2,21E-4;221,10;103,01;0,00;0,00
3,874;4,276;1,029;2,21E-4;221,06;102,90;0,00;0,00
3,875;4,276;1,029;2,21E-4;221,07;102,94;0,00;0,00
3,876;4,276;1,029;2,21E-4;221,07;102,94;0,00;0,00
3,877;4,277;1,030;2,21E-4;221,08;103,02;0,00;0,00
3,878;4,277;1,030;2,21E-4;221,09;103,02;0,00;0,00
3,879;4,277;1,030;2,21E-4;221,10;103,00;0,00;0,00
3,880;4,276;1,030;2,21E-4;221,06;102,95;0,00;0,00
3,881;4,276;1,029;2,21E-4;221,06;102,88;0,00;0,00
3,882;4,275;1,028;2,21E-4;221,03;102,82;0,00;0,00
3,883;4,276;1,029;2,21E-4;221,04;102,87;0,00;0,00
3,884;4,276;1,029;2,21E-4;221,05;102,94;0,00;0,00
3,885;4,277;1,030;2,21E-4;221,08;103,01;0,00;0,00
3,886;4,276;1,030;2,21E-4;221,07;102,95;0,00;0,00
3,887;4,276;1,029;2,21E-4;221,05;102,90;0,00;0,00
3,888;4,276;1,029;2,21E-4;221,07;102,94;0,00;0,00
3,889;4,278;1,031;2,21E-4;221,11;103,08;0,00;0,00
3,890;4,276;1,030;2,21E-4;221,08;102,97;0,00;0,00
3,891;4,277;1,030;2,21E-4;221,10;103,03;0,00;0,00
3,892;4,277;1,030;2,21E-4;221,08;102,97;0,00;0,00
3,893;4,277;1,030;2,21E-4;221,11;103,05;0,00;0,00
3,894;4,277;1,030;2,21E-4;221,10;103,01;0,00;0,00
3,895;4,277;1,030;2,21E-4;221,10;103,05;0,00;0,00
3,896;4,277;1,030;2,21E-4;221,09;103,02;0,00;0,00
3,897;4,277;1,030;2,21E-4;221,08;102,96;0,00;0,00
3,898;4,276;1,029;2,21E-4;221,07;102,94;0,00;0,00
3,899;4,277;1,030;2,21E-4;221,08;102,96;0,00;0,00
3,900;4,276;1,030;2,21E-4;221,07;102,95;0,00;0,00
3,901;4,277;1,030;2,21E-4;221,10;103,04;0,00;0,00
3,902;4,276;1,029;2,21E-4;221,07;102,92;0,00;0,00
3,903;4,276;1,029;2,21E-4;221,07;102,95;0,00;0,00
3,904;4,276;1,029;2,21E-4;221,06;102,90;0,00;0,00
3,905;4,277;1,030;2,21E-4;221,10;103,01;0,00;0,00
3,906;4,277;1,030;2,21E-4;221,09;103,02;0,00;0,00
3,907;4,278;1,031;2,21E-4;221,13;103,14;0,00;0,00
3,908;4,277;1,030;2,21E-4;221,08;102,97;0,00;0,00
3,909;4,276;1,029;2,21E-4;221,06;102,95;0,00;0,00
3,910;4,277;1,030;2,21E-4;221,08;102,98;0,00;0,00
3,911;4,278;1,031;2,21E-4;221,11;103,06;0,00;0,00
3,912;4,277;1,030;2,21E-4;221,09;103,03;0,00;0,00
3,913;4,278;1,031;2,21E-4;221,13;103,14;0,00;0,00
3,914;4,278;1,031;2,21E-4;221,12;103,14;0,00;0,00
3,915;4,277;1,030;2,21E-4;221,10;103,03;0,00;0,00
3,916;4,277;1,031;2,21E-4;221,10;103,09;0,00;0,00
3,917;4,278;1,031;2,21E-4;221,11;103,09;0,00;0,00
3,918;4,276;1,029;2,21E-4;221,07;102,95;0,00;0,00
3,919;4,278;1,031;2,21E-4;221,12;103,10;0,00;0,00
3,920;4,277;1,030;2,21E-4;221,08;103,00;0,00;0,00
3,921;4,275;1,029;2,21E-4;221,04;102,86;0,00;0,00
3,922;4,276;1,029;2,21E-4;221,07;102,94;0,00;0,00
3,923;4,276;1,029;2,21E-4;221,07;102,94;0,00;0,00
3,924;4,276;1,030;2,21E-4;221,06;102,97;0,00;0,00
3,925;4,277;1,030;2,21E-4;221,09;103,03;0,00;0,00
3,926;4,276;1,030;2,21E-4;221,07;102,96;0,00;0,00
3,927;4,276;1,030;2,21E-4;221,07;102,95;0,00;0,00
3,928;4,277;1,030;2,21E-4;221,11;103,05;0,00;0,00
3,929;4,278;1,031;2,21E-4;221,12;103,10;0,00;0,00
3,930;4,278;1,031;2,21E-4;221,11;103,08;0,00;0,00
3,931;4,277;1,030;2,21E-4;221,08;102,96;0,00;0,00
3,932;4,277;1,030;2,21E-4;221,09;102,99;0,00;0,00
3,933;4,276;1,029;2,21E-4;221,07;102,93;0,00;0,00
3,934;4,277;1,030;2,21E-4;221,08;102,98;0,00;0,00
3,935;4,277;1,030;2,21E-4;221,08;102,99;0,00;0,00
3,936;4,276;1,029;2,21E-4;221,06;102,93;0,00;0,00
3,937;4,276;1,030;2,21E-4;221,08;102,97;0,00;0,00
3,938;4,275;1,029;2,21E-4;221,04;102,90;0,00;0,00
3,939;4,275;1,029;2,21E-4;221,04;102,90;0,00;0,00
3,940;4,276;1,029;2,21E-4;221,05;102,94;0,00;0,00
3,941;4,275;1,029;2,21E-4;221,04;102,90;0,00;0,00
3,942;4,276;1,029;2,21E-4;221,05;102,91;0,00;0,00
3,943;4,277;1,031;2,21E-4;221,10;103,10;0,00;0,00
3,944;4,277;1,031;2,21E-4;221,10;103,06;0,00;0,00
3,945;4,276;1,030;2,21E-4;221,07;103,00;0,00;0,00
3,946;4,277;1,031;2,21E-4;221,10;103,08;0,00;0,00
3,947;4,276;1,029;2,21E-4;221,06;102,92;0,00;0,00
3,948;4,277;1,031;2,21E-4;221,09;103,05;0,00;0,00
3,949;4,277;1,031;2,21E-4;221,09;103,08;0,00;0,00
3,950;4,276;1,030;2,21E-4;221,05;102,97;0,00;0,00
3,951;4,276;1,030;2,21E-4;221,06;102,99;0,00;0,00
3,952;4,276;1,030;2,21E-4;221,07;103,00;0,00;0,00
3,953;4,276;1,030;2,21E-4;221,07;102,99;0,00;0,00
3,954;4,277;1,030;2,21E-4;221,08;103,03;0,00;0,00
3,955;4,277;1,031;2,21E-4;221,10;103,09;0,00;0,00
3,956;4,276;1,029;2,21E-4;221,04;102,90;0,00;0,00
3,957;4,276;1,030;2,21E-4;221,07;102,99;0,00;0,00
3,958;4,276;1,030;2,21E-4;221,06;102,98;0,00;0,00
3,959;4,275;1,029;2,21E-4;221,04;102,94;0,00;0,00
3,960;4,275;1,029;2,21E-4;221,03;102,94;0,00;0,00
3,961;4,277;1,031;2,21E-4;221,08;103,07;0,00;0,00
3,962;4,276;1,030;2,21E-4;221,08;103,04;0,00;0,00
3,963;4,276;1,030;2,21E-4;221,07;103,04;0,00;0,00
3,964;4,277;1,031;2,21E-4;221,09;103,08;0,00;0,00
3,965;4,275;1,029;2,21E-4;221,03;102,88;0,00;0,00
3,966;4,275;1,029;2,21E-4;221,04;102,94;0,00;0,00
3,967;4,276;1,030;2,21E-4;221,05;102,97;0,00;0,00
3,968;4,275;1,029;2,21E-4;221,03;102,90;0,00;0,00
3,969;4,276;1,030;2,21E-4;221,06;103,02;0,00;0,00
3,970;4,276;1,030;2,21E-4;221,07;103,01;0,00;0,00
3,971;4,277;1,031;2,21E-4;221,09;103,08;0,00;0,00
3,972;4,276;1,030;2,21E-4;221,06;103,02;0,00;0,00
3,973;4,275;1,030;2,21E-4;221,03;102,96;0,00;0,00
3,974;4,276;1,030;2,21E-4;221,06;103,04;0,00;0,00
3,975;4,277;1,031;2,21E-4;221,09;103,12;0,00;0,00
3,976;4,277;1,031;2,21E-4;221,08;103,06;0,00;0,00
3,977;4,275;1,029;2,21E-4;221,02;102,92;0,00;0,00
3,978;4,275;1,029;2,21E-4;221,03;102,92;0,00;0,00
3,979;4,276;1,030;2,21E-4;221,06;103,01;0,00;0,00
3,980;4,275;1,029;2,21E-4;221,03;102,93;0,00;0,00
3,981;4,276;1,031;2,21E-4;221,07;103,07;0,00;0,00
3,982;4,275;1,029;2,21E-4;221,03;102,94;0,00;0,00
3,983;4,276;1,030;2,21E-4;221,05;103,00;0,00;0,00
3,984;4,277;1,031;2,21E-4;221,10;103,12;0,00;0,00
3,985;4,275;1,030;2,21E-4;221,04;102,98;0,00;0,00
3,986;4,275;1,029;2,21E-4;221,02;102,91;0,00;0,00
3,987;4,275;1,029;2,21E-4;221,03;102,92;0,00;0,00
3,988;4,275;1,029;2,21E-4;221,03;102,93;0,00;0,00
3,989;4,274;1,029;2,21E-4;221,00;102,86;0,00;0,00
3,990;4,275;1,029;2,21E-4;221,04;102,94;0,00;0,00
3,991;4,276;1,031;2,21E-4;221,07;103,12;0,00;0,00
3,992;4,275;1,030;2,21E-4;221,04;102,98;0,00;0,00
3,993;4,275;1,030;2,21E-4;221,04;102,97;0,00;0,00
3,994;4,276;1,030;2,21E-4;221,06;103,03;0,00;0,00
3,995;4,275;1,029;2,21E-4;221,03;102,93;0,00;0,00
3,996;4,276;1,030;2,21E-4;221,06;103,04;0,00;0,00
3,997;4,275;1,030;2,21E-4;221,04;102,98;0,00;0,00
3,998;4,275;1,030;2,21E-4;221,04;102,98;0,00;0,00
3,999;4,275;1,030;2,21E-4;221,03;102,98;0,00;0,00
4,000;4,276;1,030;2,21E-4;221,06;103,04;0,00;0,00
4,001;4,276;1,031;2,21E-4;221,07;103,07;0,00;0,00
4,002;4,277;1,031;2,21E-4;221,08;103,07;0,00;0,00
4,003;4,277;1,031;2,21E-4;221,10;103,14;0,00;0,00
4,004;4,275;1,030;2,21E-4;221,04;102,98;0,00;0,00
4,005;4,276;1,030;2,21E-4;221,05;102,96;0,00;0,00
4,006;4,276;1,030;2,21E-4;221,06;103,03;0,00;0,00
4,007;4,275;1,030;2,21E-4;221,04;103,00;0,00;0,00
4,008;4,276;1,031;2,21E-4;221,06;103,08;0,00;0,00
4,009;4,275;1,030;2,21E-4;221,04;103,00;0,00;0,00
4,010;4,275;1,029;2,21E-4;221,01;102,91;0,00;0,00
4,011;4,277;1,031;2,21E-4;221,08;103,10;0,00;0,00
4,012;4,276;1,030;2,21E-4;221,05;103,02;0,00;0,00
4,013;4,276;1,031;2,21E-4;221,06;103,05;0,00;0,00
4,014;4,276;1,030;2,21E-4;221,05;103,03;0,00;0,00
4,015;4,276;1,030;2,21E-4;221,05;103,02;0,00;0,00
4,016;4,276;1,030;2,21E-4;221,06;103,04;0,00;0,00
4,017;4,276;1,031;2,21E-4;221,07;103,05;0,00;0,00
4,018;4,276;1,031;2,21E-4;221,06;103,07;0,00;0,00
4,019;4,276;1,030;2,21E-4;221,06;103,05;0,00;0,00
4,020;4,275;1,029;2,21E-4;221,02;102,90;0,00;0,00
4,021;4,275;1,030;2,21E-4;221,04;102,96;0,00;0,00
4,022;4,276;1,030;2,21E-4;221,07;103,03;0,00;0,00
4,023;4,275;1,030;2,21E-4;221,03;102,95;0,00;0,00
4,024;4,274;1,029;2,21E-4;221,01;102,88;0,00;0,00
4,025;4,275;1,030;2,21E-4;221,04;102,98;0,00;0,00
4,026;4,275;1,029;2,21E-4;221,02;102,94;0,00;0,00
4,027;4,276;1,030;2,21E-4;221,06;102,98;0,00;0,00
4,028;4,276;1,030;2,21E-4;221,05;102,95;0,00;0,00
4,029;4,276;1,030;2,21E-4;221,07;103,02;0,00;0,00
4,030;4,277;1,031;2,21E-4;221,08;103,08;0,00;0,00
4,031;4,278;1,032;2,21E-4;221,12;103,21;0,00;0,00
4,032;4,277;1,031;2,21E-4;221,08;103,06;0,00;0,00
4,033;4,275;1,029;2,21E-4;221,03;102,93;0,00;0,00
4,034;4,275;1,029;2,21E-4;221,02;102,93;0,00;0,00
4,035;4,275;1,030;2,21E-4;221,04;103,00;0,00;0,00
4,036;4,274;1,029;2,21E-4;221,01;102,91;0,00;0,00
4,037;4,276;1,030;2,21E-4;221,05;103,02;0,00;0,00
4,038;4,276;1,030;2,21E-4;221,07;103,03;0,00;0,00
4,039;4,276;1,031;2,21E-4;221,07;103,06;0,00;0,00
4,040;4,276;1,030;2,21E-4;221,05;102,99;0,00;0,00
4,041;4,275;1,029;2,21E-4;221,03;102,94;0,00;0,00
4,042;4,276;1,030;2,21E-4;221,05;103,01;0,00;0,00
4,043;4,275;1,030;2,21E-4;221,03;102,96;0,00;0,00
4,044;4,277;1,031;2,21E-4;221,08;103,06;0,00;0,00
4,045;4,275;1,029;2,21E-4;221,03;102,92;0,00;0,00
4,046;4,276;1,031;2,21E-4;221,06;103,06;0,00;0,00
4,047;4,276;1,030;2,21E-4;221,04;102,99;0,00;0,00
4,048;4,275;1,030;2,21E-4;221,04;103,01;0,00;0,00
4,049;4,275;1,030;2,21E-4;221,04;102,97;0,00;0,00
4,050;4,276;1,031;2,21E-4;221,06;103,07;0,00;0,00
4,051;4,276;1,031;2,21E-4;221,07;103,06;0,00;0,00
4,052;4,276;1,031;2,21E-4;221,07;103,05;0,00;0,00
4,053;4,275;1,030;2,21E-4;221,03;103,00;0,00;0,00
4,054;4,275;1,030;2,21E-4;221,03;102,99;0,00;0,00
4,055;4,275;1,030;2,21E-4;221,04;102,98;0,00;0,00
4,056;4,275;1,030;2,21E-4;221,04;103,01;0,00;0,00
4,057;4,276;1,030;2,21E-4;221,05;103,03;0,00;0,00
4,058;4,276;1,030;2,21E-4;221,05;103,04;0,00;0,00
4,059;4,276;1,030;2,21E-4;221,05;103,03;0,00;0,00
4,060;4,276;1,031;2,21E-4;221,06;103,07;0,00;0,00
4,061;4,275;1,030;2,21E-4;221,03;102,95;0,00;0,00
4,062;4,276;1,031;2,21E-4;221,06;103,07;0,00;0,00
4,063;4,275;1,029;2,21E-4;221,03;102,92;0,00;0,00
4,064;4,276;1,030;2,21E-4;221,06;103,02;0,00;0,00
4,065;4,275;1,030;2,21E-4;221,04;102,95;0,00;0,00
4,066;4,276;1,030;2,21E-4;221,05;103,02;0,00;0,00
4,067;4,277;1,031;2,21E-4;221,09;103,14;0,00;0,00
4,068;4,276;1,030;2,21E-4;221,05;103,02;0,00;0,00
4,069;4,276;1,030;2,21E-4;221,06;103,04;0,00;0,00
4,070;4,275;1,030;2,21E-4;221,04;103,02;0,00;0,00
4,071;4,276;1,030;2,21E-4;221,05;102,98;0,00;0,00
4,072;4,276;1,030;2,21E-4;221,05;103,01;0,00;0,00
4,073;4,277;1,032;2,21E-4;221,10;103,16;0,00;0,00
4,074;4,275;1,029;2,21E-4;221,01;102,87;0,00;0,00
4,075;4,275;1,030;2,21E-4;221,03;102,96;0,00;0,00
4,076;4,276;1,031;2,21E-4;221,07;103,07;0,00;0,00
4,077;4,277;1,031;2,21E-4;221,08;103,12;0,00;0,00
4,078;4,276;1,030;2,21E-4;221,06;103,01;0,00;0,00
4,079;4,274;1,029;2,21E-4;221,01;102,92;0,00;0,00
4,080;4,275;1,029;2,21E-4;221,02;102,89;0,00;0,00
4,081;4,274;1,029;2,21E-4;221,00;102,85;0,00;0,00
4,082;4,274;1,029;2,21E-4;221,00;102,86;0,00;0,00
4,083;4,275;1,030;2,21E-4;221,03;102,96;0,00;0,00
4,084;4,276;1,030;2,21E-4;221,05;103,04;0,00;0,00
4,085;4,275;1,030;2,21E-4;221,02;102,98;0,00;0,00
4,086;4,275;1,030;2,21E-4;221,03;102,97;0,00;0,00
4,087;4,275;1,030;2,21E-4;221,03;103,03;0,00;0,00
4,088;4,276;1,031;2,21E-4;221,04;103,06;0,00;0,00
4,089;4,274;1,029;2,21E-4;221,00;102,94;0,00;0,00
4,090;4,274;1,030;2,21E-4;221,01;102,99;0,00;0,00
4,091;4,275;1,030;2,21E-4;221,02;103,01;0,00;0,00
4,092;4,276;1,031;2,21E-4;221,05;103,09;0,00;0,00
4,093;4,276;1,031;2,21E-4;221,05;103,09;0,00;0,00
4,094;4,276;1,031;2,21E-4;221,04;103,10;0,00;0,00
4,095;4,276;1,031;2,21E-4;221,05;103,13;0,00;0,00
4,096;4,274;1,030;2,21E-4;221,00;102,96;0,00;0,00
4,097;4,275;1,030;2,21E-4;221,01;103,01;0,00;0,00
4,098;4,274;1,030;2,21E-4;221,01;102,96;0,00;0,00
4,099;4,274;1,030;2,21E-4;221,01;102,99;0,00;0,00
4,100;4,274;1,029;2,21E-4;221,00;102,94;0,00;0,00
4,101;4,274;1,030;2,21E-4;220,99;102,98;0,00;0,00
4,102;4,274;1,031;2,21E-4;221,01;103,06;0,00;0,00
4,103;4,274;1,030;2,21E-4;221,00;103,02;0,00;0,00
4,104;4,274;1,030;2,21E-4;221,01;103,04;0,00;0,00
4,105;4,274;1,030;2,21E-4;221,00;103,05;0,00;0,00
4,106;4,274;1,030;2,21E-4;220,98;103,04;0,00;0,00
4,107;4,273;1,030;2,21E-4;220,97;102,95;0,00;0,00
4,108;4,274;1,031;2,21E-4;221,00;103,06;0,00;0,00
4,109;4,276;1,032;2,21E-4;221,05;103,18;0,00;0,00
4,110;4,274;1,030;2,21E-4;221,00;103,05;0,00;0,00
4,111;4,273;1,030;2,21E-4;220,98;103,02;0,00;0,00
4,112;4,273;1,030;2,21E-4;220,97;103,01;0,00;0,00
4,113;4,272;1,029;2,21E-4;220,93;102,91;0,00;0,00
4,114;4,271;1,028;2,21E-4;220,91;102,84;0,00;0,00
4,115;4,272;1,029;2,21E-4;220,92;102,95;0,00;0,00
4,116;4,273;1,030;2,21E-4;220,96;103,01;0,00;0,00
4,117;4,272;1,030;2,21E-4;220,93;102,97;0,00;0,00
4,118;4,272;1,030;2,21E-4;220,94;102,99;0,00;0,00
4,119;4,273;1,031;2,21E-4;220,96;103,09;0,00;0,00
4,120;4,272;1,030;2,21E-4;220,92;103,00;0,00;0,00
4,121;4,272;1,030;2,21E-4;220,93;103,02;0,00;0,00
4,122;4,271;1,029;2,21E-4;220,90;102,91;0,00;0,00
4,123;4,272;1,030;2,21E-4;220,93;103,02;0,00;0,00
4,124;4,271;1,029;2,21E-4;220,91;102,94;0,00;0,00
4,125;4,272;1,030;2,21E-4;220,92;103,04;0,00;0,00
4,126;4,271;1,029;2,21E-4;220,89;102,88;0,00;0,00
4,127;4,271;1,029;2,21E-4;220,89;102,93;0,00;0,00
4,128;4,271;1,030;2,21E-4;220,90;102,97;0,00;0,00
4,129;4,271;1,030;2,21E-4;220,91;103,02;0,00;0,00
4,130;4,272;1,031;2,21E-4;220,92;103,07;0,00;0,00
4,131;4,272;1,031;2,21E-4;220,93;103,14;0,00;0,00
4,132;4,272;1,031;2,21E-4;220,94;103,14;0,00;0,00
4,133;4,272;1,031;2,21E-4;220,94;103,14;0,00;0,00
4,134;4,271;1,030;2,21E-4;220,88;103,00;0,00;0,00
4,135;4,270;1,029;2,21E-4;220,86;102,93;0,00;0,00
4,136;4,270;1,030;2,21E-4;220,86;102,98;0,00;0,00
4,137;4,270;1,030;2,21E-4;220,88;103,00;0,00;0,00
4,138;4,269;1,029;2,21E-4;220,85;102,94;0,00;0,00
4,139;4,270;1,030;2,21E-4;220,87;103,00;0,00;0,00
4,140;4,271;1,030;2,21E-4;220,89;103,05;0,00;0,00
4,141;4,271;1,031;2,21E-4;220,90;103,07;0,00;0,00
4,142;4,271;1,031;2,21E-4;220,91;103,13;0,00;0,00
4,143;4,271;1,031;2,21E-4;220,89;103,12;0,00;0,00
4,144;4,270;1,030;2,21E-4;220,87;103,02;0,00;0,00
4,145;4,270;1,030;2,21E-4;220,86;102,96;0,00;0,00
4,146;4,271;1,031;2,21E-4;220,89;103,10;0,00;0,00
4,147;4,271;1,031;2,21E-4;220,89;103,10;0,00;0,00
4,148;4,271;1,031;2,21E-4;220,88;103,08;0,00;0,00
4,149;4,270;1,030;2,21E-4;220,86;103,01;0,00;0,00
4,150;4,270;1,031;2,21E-4;220,87;103,05;0,00;0,00
4,151;4,270;1,031;2,21E-4;220,87;103,06;0,00;0,00
4,152;4,271;1,032;2,21E-4;220,90;103,16;0,00;0,00
4,153;4,270;1,030;2,21E-4;220,87;103,04;0,00;0,00
4,154;4,271;1,032;2,21E-4;220,91;103,19;0,00;0,00
4,155;4,271;1,032;2,21E-4;220,91;103,16;0,00;0,00
4,156;4,271;1,031;2,21E-4;220,89;103,07;0,00;0,00
4,157;4,269;1,029;2,21E-4;220,83;102,93;0,00;0,00
4,158;4,270;1,031;2,21E-4;220,87;103,07;0,00;0,00
4,159;4,271;1,032;2,21E-4;220,89;103,16;0,00;0,00
4,160;4,270;1,031;2,21E-4;220,87;103,06;0,00;0,00
4,161;4,269;1,030;2,21E-4;220,83;102,97;0,00;0,00
4,162;4,270;1,031;2,21E-4;220,87;103,07;0,00;0,00
4,163;4,270;1,031;2,21E-4;220,87;103,06;0,00;0,00
4,164;4,268;1,029;2,21E-4;220,81;102,91;0,00;0,00
4,165;4,269;1,030;2,21E-4;220,85;103,02;0,00;0,00
4,166;4,271;1,032;2,21E-4;220,89;103,15;0,00;0,00
4,167;4,270;1,031;2,21E-4;220,87;103,08;0,00;0,00
4,168;4,269;1,030;2,21E-4;220,83;102,95;0,00;0,00
4,169;4,270;1,031;2,21E-4;220,86;103,09;0,00;0,00
4,170;4,269;1,029;2,21E-4;220,82;102,95;0,00;0,00
4,171;4,270;1,030;2,21E-4;220,86;103,04;0,00;0,00
4,172;4,270;1,031;2,21E-4;220,88;103,15;0,00;0,00
4,173;4,271;1,032;2,21E-4;220,91;103,22;0,00;0,00
4,174;4,270;1,031;2,21E-4;220,87;103,10;0,00;0,00
4,175;4,270;1,031;2,21E-4;220,87;103,11;0,00;0,00
4,176;4,270;1,031;2,21E-4;220,87;103,08;0,00;0,00
4,177;4,270;1,031;2,21E-4;220,87;103,12;0,00;0,00
4,178;4,270;1,031;2,21E-4;220,86;103,09;0,00;0,00
4,179;4,271;1,032;2,21E-4;220,89;103,18;0,00;0,00
4,180;4,270;1,031;2,21E-4;220,86;103,13;0,00;0,00
4,181;4,270;1,031;2,21E-4;220,87;103,15;0,00;0,00
4,182;4,271;1,032;2,21E-4;220,88;103,22;0,00;0,00
4,183;4,269;1,031;2,21E-4;220,85;103,14;0,00;0,00
4,184;4,270;1,032;2,21E-4;220,87;103,19;0,00;0,00
4,185;4,271;1,033;2,21E-4;220,90;103,25;0,00;0,00
4,186;4,270;1,031;2,21E-4;220,87;103,15;0,00;0,00
4,187;4,270;1,031;2,21E-4;220,86;103,14;0,00;0,00
4,188;4,269;1,031;2,21E-4;220,84;103,13;0,00;0,00
4,189;4,270;1,031;2,21E-4;220,85;103,14;0,00;0,00
4,190;4,268;1,030;2,21E-4;220,82;103,00;0,00;0,00
4,191;4,269;1,031;2,21E-4;220,83;103,09;0,00;0,00
4,192;4,269;1,031;2,21E-4;220,83;103,11;0,00;0,00
4,193;4,269;1,031;2,21E-4;220,83;103,08;0,00;0,00
4,194;4,269;1,031;2,21E-4;220,84;103,09;0,00;0,00
4,195;4,269;1,031;2,21E-4;220,83;103,10;0,00;0,00
4,196;4,270;1,032;2,21E-4;220,86;103,21;0,00;0,00
4,197;4,269;1,031;2,21E-4;220,84;103,13;0,00;0,00
4,198;4,269;1,032;2,21E-4;220,85;103,20;0,00;0,00
4,199;4,269;1,032;2,21E-4;220,85;103,19;0,00;0,00
4,200;4,270;1,032;2,21E-4;220,86;103,25;0,00;0,00
4,201;4,269;1,032;2,21E-4;220,83;103,16;0,00;0,00
4,202;4,269;1,032;2,21E-4;220,83;103,15;0,00;0,00
4,203;4,268;1,031;2,21E-4;220,80;103,07;0,00;0,00
4,204;4,268;1,030;2,21E-4;220,79;103,02;0,00;0,00
4,205;4,269;1,031;2,21E-4;220,82;103,14;0,00;0,00
4,206;4,268;1,031;2,21E-4;220,81;103,08;0,00;0,00
4,207;4,267;1,030;2,21E-4;220,78;103,05;0,00;0,00
4,208;4,268;1,031;2,21E-4;220,80;103,08;0,00;0,00
4,209;4,268;1,032;2,21E-4;220,81;103,19;0,00;0,00
4,210;4,268;1,031;2,21E-4;220,80;103,09;0,00;0,00
4,211;4,268;1,031;2,21E-4;220,81;103,15;0,00;0,00
4,212;4,268;1,031;2,21E-4;220,79;103,10;0,00;0,00
4,213;4,268;1,032;2,21E-4;220,80;103,15;0,00;0,00
4,214;4,267;1,031;2,21E-4;220,78;103,09;0,00;0,00
4,215;4,268;1,032;2,21E-4;220,79;103,15;0,00;0,00
4,216;4,269;1,032;2,21E-4;220,82;103,19;0,00;0,00
4,217;4,268;1,032;2,21E-4;220,82;103,18;0,00;0,00
4,218;4,268;1,032;2,21E-4;220,80;103,16;0,00;0,00
4,219;4,267;1,031;2,21E-4;220,77;103,06;0,00;0,00
4,220;4,268;1,031;2,21E-4;220,79;103,13;0,00;0,00
4,221;4,267;1,031;2,21E-4;220,78;103,09;0,00;0,00
4,222;4,268;1,032;2,21E-4;220,79;103,17;0,00;0,00
4,223;4,267;1,032;2,21E-4;220,78;103,17;0,00;0,00
4,224;4,267;1,031;2,21E-4;220,76;103,11;0,00;0,00
4,225;4,267;1,031;2,21E-4;220,77;103,11;0,00;0,00
4,226;4,268;1,033;2,21E-4;220,80;103,25;0,00;0,00
4,227;4,267;1,032;2,21E-4;220,79;103,18;0,00;0,00
4,228;4,267;1,031;2,21E-4;220,76;103,12;0,00;0,00
4,229;4,268;1,033;2,21E-4;220,81;103,30;0,00;0,00
4,230;4,267;1,032;2,21E-4;220,76;103,18;0,00;0,00
4,231;4,268;1,033;2,21E-4;220,79;103,26;0,00;0,00
4,232;4,267;1,032;2,21E-4;220,78;103,21;0,00;0,00
4,233;4,266;1,032;2,21E-4;220,75;103,18;0,00;0,00
4,234;4,268;1,033;2,21E-4;220,79;103,30;0,00;0,00
4,235;4,266;1,031;2,21E-4;220,74;103,12;0,00;0,00
4,236;4,266;1,032;2,21E-4;220,74;103,16;0,00;0,00
4,237;4,265;1,031;2,21E-4;220,72;103,13;0,00;0,00
4,238;4,266;1,032;2,21E-4;220,75;103,20;0,00;0,00
4,239;4,266;1,031;2,21E-4;220,73;103,13;0,00;0,00
4,240;4,266;1,032;2,21E-4;220,73;103,17;0,00;0,00
4,241;4,266;1,032;2,21E-4;220,72;103,16;0,00;0,00
4,242;4,265;1,032;2,21E-4;220,71;103,15;0,00;0,00
4,243;4,267;1,033;2,21E-4;220,78;103,32;0,00;0,00
4,244;4,265;1,031;2,21E-4;220,70;103,12;0,00;0,00
4,245;4,265;1,031;2,21E-4;220,70;103,10;0,00;0,00
4,246;4,266;1,032;2,21E-4;220,75;103,22;0,00;0,00
4,247;4,265;1,032;2,21E-4;220,71;103,21;0,00;0,00
4,248;4,266;1,033;2,21E-4;220,73;103,26;0,00;0,00
4,249;4,266;1,032;2,21E-4;220,73;103,24;0,00;0,00
4,250;4,266;1,032;2,21E-4;220,73;103,22;0,00;0,00
4,251;4,266;1,033;2,21E-4;220,74;103,29;0,00;0,00
4,252;4,266;1,033;2,21E-4;220,73;103,27;0,00;0,00
4,253;4,265;1,032;2,21E-4;220,71;103,23;0,00;0,00
4,254;4,265;1,032;2,21E-4;220,71;103,23;0,00;0,00
4,255;4,266;1,033;2,21E-4;220,72;103,30;0,00;0,00
4,256;4,265;1,032;2,21E-4;220,71;103,24;0,00;0,00
4,257;4,266;1,033;2,21E-4;220,74;103,35;0,00;0,00
4,258;4,264;1,032;2,21E-4;220,69;103,19;0,00;0,00
4,259;4,264;1,031;2,21E-4;220,66;103,08;0,00;0,00
4,260;4,264;1,031;2,21E-4;220,67;103,14;0,00;0,00
4,261;4,265;1,032;2,21E-4;220,70;103,24;0,00;0,00
4,262;4,266;1,033;2,21E-4;220,73;103,35;0,00;0,00
4,263;4,265;1,032;2,21E-4;220,70;103,24;0,00;0,00
4,264;4,266;1,034;2,21E-4;220,73;103,36;0,00;0,00
4,265;4,265;1,033;2,21E-4;220,71;103,28;0,00;0,00
4,266;4,264;1,031;2,21E-4;220,66;103,11;0,00;0,00
4,267;4,263;1,031;2,21E-4;220,66;103,14;0,00;0,00
4,268;4,264;1,032;2,21E-4;220,67;103,17;0,00;0,00
4,269;4,265;1,033;2,21E-4;220,70;103,27;0,00;0,00
4,270;4,264;1,032;2,21E-4;220,67;103,17;0,00;0,00
4,271;4,264;1,032;2,21E-4;220,68;103,23;0,00;0,00
4,272;4,265;1,033;2,21E-4;220,70;103,26;0,00;0,00
4,273;4,265;1,034;2,21E-4;220,71;103,36;0,00;0,00
4,274;4,264;1,032;2,21E-4;220,68;103,23;0,00;0,00
4,275;4,265;1,034;2,21E-4;220,72;103,37;0,00;0,00
4,276;4,265;1,033;2,21E-4;220,71;103,32;0,00;0,00
4,277;4,265;1,033;2,21E-4;220,69;103,29;0,00;0,00
4,278;4,264;1,032;2,21E-4;220,67;103,24;0,00;0,00
4,279;4,264;1,033;2,21E-4;220,68;103,26;0,00;0,00
4,280;4,265;1,034;2,21E-4;220,71;103,40;0,00;0,00
4,281;4,265;1,033;2,21E-4;220,70;103,35;0,00;0,00
4,282;4,264;1,032;2,21E-4;220,67;103,24;0,00;0,00
4,283;4,264;1,033;2,21E-4;220,67;103,26;0,00;0,00
4,284;4,264;1,033;2,21E-4;220,67;103,25;0,00;0,00
4,285;4,263;1,032;2,21E-4;220,63;103,17;0,00;0,00
4,286;4,264;1,032;2,21E-4;220,66;103,23;0,00;0,00
4,287;4,263;1,032;2,21E-4;220,64;103,22;0,00;0,00
4,288;4,263;1,032;2,21E-4;220,65;103,23;0,00;0,00
4,289;4,264;1,033;2,21E-4;220,68;103,28;0,00;0,00
4,290;4,264;1,033;2,21E-4;220,67;103,29;0,00;0,00
4,291;4,264;1,033;2,21E-4;220,68;103,30;0,00;0,00
4,292;4,264;1,033;2,21E-4;220,69;103,30;0,00;0,00
4,293;4,263;1,032;2,21E-4;220,65;103,20;0,00;0,00
4,294;4,264;1,033;2,21E-4;220,66;103,25;0,00;0,00
4,295;4,264;1,033;2,21E-4;220,67;103,28;0,00;0,00
4,296;4,264;1,033;2,21E-4;220,67;103,28;0,00;0,00
4,297;4,263;1,032;2,21E-4;220,63;103,18;0,00;0,00
4,298;4,263;1,032;2,21E-4;220,64;103,24;0,00;0,00
4,299;4,264;1,032;2,21E-4;220,66;103,23;0,00;0,00
4,300;4,263;1,032;2,21E-4;220,63;103,19;0,00;0,00
4,301;4,263;1,033;2,21E-4;220,65;103,25;0,00;0,00
4,302;4,263;1,033;2,21E-4;220,65;103,28;0,00;0,00
4,303;4,263;1,032;2,21E-4;220,63;103,19;0,00;0,00
4,304;4,263;1,033;2,21E-4;220,66;103,32;0,00;0,00
4,305;4,262;1,032;2,21E-4;220,62;103,16;0,00;0,00
4,306;4,263;1,032;2,21E-4;220,63;103,21;0,00;0,00
4,307;4,263;1,032;2,21E-4;220,65;103,21;0,00;0,00
4,308;4,263;1,032;2,21E-4;220,63;103,23;0,00;0,00
4,309;4,263;1,032;2,21E-4;220,64;103,18;0,00;0,00
4,310;4,262;1,031;2,21E-4;220,61;103,14;0,00;0,00
4,311;4,262;1,032;2,21E-4;220,62;103,16;0,00;0,00
4,312;4,263;1,032;2,21E-4;220,63;103,22;0,00;0,00
4,313;4,263;1,032;2,21E-4;220,63;103,22;0,00;0,00
4,314;4,264;1,034;2,21E-4;220,68;103,37;0,00;0,00
4,315;4,263;1,033;2,21E-4;220,65;103,26;0,00;0,00
4,316;4,263;1,033;2,21E-4;220,65;103,31;0,00;0,00
4,317;4,264;1,033;2,21E-4;220,67;103,34;0,00;0,00
4,318;4,262;1,032;2,21E-4;220,63;103,18;0,00;0,00
4,319;4,262;1,031;2,21E-4;220,60;103,10;0,00;0,00
4,320;4,261;1,030;2,21E-4;220,57;103,03;0,00;0,00
4,321;4,261;1,031;2,21E-4;220,58;103,05;0,00;0,00
4,322;4,262;1,031;2,21E-4;220,60;103,12;0,00;0,00
4,323;4,264;1,033;2,21E-4;220,66;103,27;0,00;0,00
4,324;4,263;1,032;2,21E-4;220,64;103,22;0,00;0,00
4,325;4,262;1,031;2,21E-4;220,60;103,09;0,00;0,00
4,326;4,262;1,032;2,21E-4;220,63;103,17;0,00;0,00
4,327;4,263;1,032;2,21E-4;220,64;103,25;0,00;0,00
4,328;4,262;1,032;2,21E-4;220,61;103,16;0,00;0,00
4,329;4,263;1,033;2,21E-4;220,65;103,27;0,00;0,00
4,330;4,263;1,032;2,21E-4;220,64;103,23;0,00;0,00
4,331;4,263;1,032;2,21E-4;220,63;103,20;0,00;0,00
4,332;4,264;1,033;2,21E-4;220,67;103,31;0,00;0,00
4,333;4,264;1,033;2,21E-4;220,68;103,34;0,00;0,00
4,334;4,265;1,034;2,21E-4;220,70;103,41;0,00;0,00
4,335;4,264;1,033;2,21E-4;220,67;103,33;0,00;0,00
4,336;4,262;1,031;2,21E-4;220,61;103,14;0,00;0,00
4,337;4,263;1,032;2,21E-4;220,64;103,24;0,00;0,00
4,338;4,263;1,032;2,21E-4;220,63;103,19;0,00;0,00
4,339;4,262;1,031;2,21E-4;220,62;103,15;0,00;0,00
4,340;4,263;1,032;2,21E-4;220,65;103,24;0,00;0,00
4,341;4,263;1,033;2,21E-4;220,65;103,27;0,00;0,00
4,342;4,263;1,033;2,21E-4;220,65;103,28;0,00;0,00
4,343;4,263;1,033;2,21E-4;220,66;103,29;0,00;0,00
4,344;4,263;1,032;2,21E-4;220,63;103,15;0,00;0,00
4,345;4,263;1,032;2,21E-4;220,65;103,20;0,00;0,00
4,346;4,263;1,033;2,21E-4;220,66;103,27;0,00;0,00
4,347;4,264;1,034;2,21E-4;220,68;103,38;0,00;0,00
4,348;4,263;1,032;2,21E-4;220,65;103,25;0,00;0,00
4,349;4,263;1,032;2,21E-4;220,63;103,19;0,00;0,00
4,350;4,262;1,031;2,21E-4;220,62;103,12;0,00;0,00
4,351;4,263;1,033;2,21E-4;220,66;103,30;0,00;0,00
4,352;4,264;1,033;2,21E-4;220,67;103,30;0,00;0,00
4,353;4,264;1,033;2,21E-4;220,66;103,30;0,00;0,00
4,354;4,263;1,032;2,21E-4;220,65;103,21;0,00;0,00
4,355;4,263;1,032;2,21E-4;220,63;103,19;0,00;0,00
4,356;4,263;1,032;2,21E-4;220,65;103,21;0,00;0,00
4,357;4,263;1,033;2,21E-4;220,65;103,28;0,00;0,00
4,358;4,263;1,032;2,21E-4;220,66;103,24;0,00;0,00
4,359;4,263;1,032;2,21E-4;220,64;103,24;0,00;0,00
4,360;4,263;1,032;2,21E-4;220,64;103,22;0,00;0,00
4,361;4,263;1,032;2,21E-4;220,64;103,22;0,00;0,00
4,362;4,264;1,033;2,21E-4;220,67;103,35;0,00;0,00
4,363;4,262;1,032;2,21E-4;220,63;103,18;0,00;0,00
4,364;4,263;1,032;2,21E-4;220,64;103,22;0,00;0,00
4,365;4,262;1,031;2,21E-4;220,60;103,10;0,00;0,00
4,366;4,262;1,031;2,21E-4;220,61;103,08;0,00;0,00
4,367;4,263;1,032;2,21E-4;220,64;103,24;0,00;0,00
4,368;4,264;1,034;2,21E-4;220,69;103,37;0,00;0,00
4,369;4,264;1,033;2,21E-4;220,67;103,30;0,00;0,00
4,370;4,263;1,032;2,21E-4;220,64;103,21;0,00;0,00
4,371;4,263;1,032;2,21E-4;220,65;103,23;0,00;0,00
4,372;4,262;1,031;2,21E-4;220,62;103,12;0,00;0,00
4,373;4,263;1,032;2,21E-4;220,64;103,19;0,00;0,00
4,374;4,264;1,033;2,21E-4;220,68;103,34;0,00;0,00
4,375;4,264;1,034;2,21E-4;220,69;103,36;0,00;0,00
4,376;4,264;1,034;2,21E-4;220,68;103,36;0,00;0,00
4,377;4,264;1,032;2,21E-4;220,66;103,23;0,00;0,00
4,378;4,263;1,032;2,21E-4;220,64;103,24;0,00;0,00
4,379;4,263;1,032;2,21E-4;220,63;103,15;0,00;0,00
4,380;4,262;1,031;2,21E-4;220,61;103,14;0,00;0,00
4,381;4,263;1,032;2,21E-4;220,63;103,21;0,00;0,00
4,382;4,264;1,034;2,21E-4;220,69;103,38;0,00;0,00
4,383;4,264;1,033;2,21E-4;220,67;103,30;0,00;0,00
4,384;4,263;1,033;2,21E-4;220,65;103,27;0,00;0,00
4,385;4,264;1,033;2,21E-4;220,67;103,35;0,00;0,00
4,386;4,264;1,033;2,21E-4;220,67;103,32;0,00;0,00
4,387;4,264;1,034;2,21E-4;220,67;103,35;0,00;0,00
4,388;4,263;1,032;2,21E-4;220,65;103,23;0,00;0,00
4,389;4,263;1,032;2,21E-4;220,64;103,21;0,00;0,00
4,390;4,263;1,033;2,21E-4;220,65;103,27;0,00;0,00
4,391;4,263;1,032;2,21E-4;220,63;103,18;0,00;0,00
4,392;4,263;1,032;2,21E-4;220,64;103,23;0,00;0,00
4,393;4,263;1,032;2,21E-4;220,63;103,23;0,00;0,00
4,394;4,262;1,032;2,21E-4;220,61;103,15;0,00;0,00
4,395;4,262;1,031;2,21E-4;220,61;103,15;0,00;0,00
4,396;4,263;1,032;2,21E-4;220,63;103,23;0,00;0,00
4,397;4,263;1,033;2,21E-4;220,66;103,27;0,00;0,00
4,398;4,263;1,032;2,21E-4;220,63;103,19;0,00;0,00
4,399;4,263;1,032;2,21E-4;220,64;103,23;0,00;0,00
4,400;4,264;1,033;2,21E-4;220,68;103,33;0,00;0,00
4,401;4,263;1,032;2,21E-4;220,63;103,21;0,00;0,00
4,402;4,262;1,032;2,21E-4;220,62;103,16;0,00;0,00
4,403;4,263;1,032;2,21E-4;220,65;103,25;0,00;0,00
4,404;4,264;1,033;2,21E-4;220,68;103,33;0,00;0,00
4,405;4,263;1,032;2,21E-4;220,64;103,21;0,00;0,00
4,406;4,263;1,032;2,21E-4;220,66;103,24;0,00;0,00
4,407;4,263;1,033;2,21E-4;220,65;103,26;0,00;0,00
4,408;4,262;1,032;2,21E-4;220,62;103,18;0,00;0,00
4,409;4,263;1,033;2,21E-4;220,66;103,26;0,00;0,00
4,410;4,264;1,033;2,21E-4;220,66;103,28;0,00;0,00
4,411;4,263;1,032;2,21E-4;220,64;103,22;0,00;0,00
4,412;4,263;1,032;2,21E-4;220,64;103,22;0,00;0,00
4,413;4,264;1,033;2,21E-4;220,66;103,29;0,00;0,00
4,414;4,264;1,034;2,21E-4;220,68;103,36;0,00;0,00
4,415;4,263;1,032;2,21E-4;220,64;103,23;0,00;0,00
4,416;4,263;1,032;2,21E-4;220,64;103,24;0,00;0,00
4,417;4,264;1,033;2,21E-4;220,67;103,31;0,00;0,00
4,418;4,264;1,033;2,21E-4;220,68;103,34;0,00;0,00
4,419;4,263;1,032;2,21E-4;220,64;103,20;0,00;0,00
4,420;4,263;1,033;2,21E-4;220,65;103,28;0,00;0,00
4,421;4,264;1,033;2,21E-4;220,66;103,26;0,00;0,00
4,422;4,265;1,034;2,21E-4;220,69;103,35;0,00;0,00
4,423;4,263;1,032;2,21E-4;220,65;103,21;0,00;0,00
4,424;4,263;1,032;2,21E-4;220,64;103,19;0,00;0,00
4,425;4,262;1,031;2,21E-4;220,61;103,13;0,00;0,00
4,426;4,264;1,033;2,21E-4;220,68;103,31;0,00;0,00
4,427;4,264;1,033;2,21E-4;220,68;103,33;0,00;0,00
4,428;4,264;1,033;2,21E-4;220,67;103,27;0,00;0,00
4,429;4,265;1,034;2,21E-4;220,70;103,40;0,00;0,00
4,430;4,265;1,034;2,21E-4;220,70;103,37;0,00;0,00
4,431;4,264;1,033;2,21E-4;220,67;103,28;0,00;0,00
4,432;4,263;1,032;2,21E-4;220,64;103,21;0,00;0,00
4,433;4,263;1,032;2,21E-4;220,65;103,21;0,00;0,00
4,434;4,264;1,033;2,21E-4;220,66;103,26;0,00;0,00
4,435;4,263;1,033;2,21E-4;220,66;103,31;0,00;0,00
4,436;4,263;1,033;2,21E-4;220,65;103,28;0,00;0,00
4,437;4,263;1,032;2,21E-4;220,65;103,24;0,00;0,00
4,438;4,262;1,031;2,21E-4;220,61;103,15;0,00;0,00
4,439;4,262;1,032;2,21E-4;220,62;103,19;0,00;0,00
4,440;4,263;1,032;2,21E-4;220,64;103,19;0,00;0,00
4,441;4,262;1,032;2,21E-4;220,61;103,15;0,00;0,00
4,442;4,263;1,032;2,21E-4;220,65;103,24;0,00;0,00
4,443;4,263;1,033;2,21E-4;220,65;103,26;0,00;0,00
4,444;4,263;1,032;2,21E-4;220,65;103,25;0,00;0,00
4,445;4,262;1,031;2,21E-4;220,60;103,10;0,00;0,00
4,446;4,263;1,032;2,21E-4;220,63;103,18;0,00;0,00
4,447;4,262;1,032;2,21E-4;220,62;103,15;0,00;0,00
4,448;4,264;1,033;2,21E-4;220,67;103,28;0,00;0,00
4,449;4,264;1,033;2,21E-4;220,68;103,34;0,00;0,00
4,450;4,265;1,033;2,21E-4;220,69;103,35;0,00;0,00
4,451;4,264;1,033;2,21E-4;220,68;103,29;0,00;0,00
4,452;4,264;1,033;2,21E-4;220,66;103,27;0,00;0,00
4,453;4,263;1,032;2,21E-4;220,63;103,16;0,00;0,00
4,454;4,262;1,032;2,21E-4;220,62;103,16;0,00;0,00
4,455;4,262;1,031;2,21E-4;220,61;103,13;0,00;0,00
4,456;4,263;1,032;2,21E-4;220,63;103,23;0,00;0,00
4,457;4,263;1,032;2,21E-4;220,63;103,17;0,00;0,00
4,458;4,263;1,032;2,21E-4;220,63;103,18;0,00;0,00
4,459;4,264;1,033;2,21E-4;220,67;103,30;0,00;0,00
4,460;4,265;1,034;2,21E-4;220,70;103,37;0,00;0,00
4,461;4,263;1,032;2,21E-4;220,63;103,17;0,00;0,00
4,462;4,263;1,032;2,21E-4;220,63;103,19;0,00;0,00
4,463;4,264;1,033;2,21E-4;220,67;103,30;0,00;0,00
4,464;4,262;1,032;2,21E-4;220,62;103,18;0,00;0,00
4,465;4,264;1,033;2,21E-4;220,66;103,31;0,00;0,00
4,466;4,263;1,032;2,21E-4;220,64;103,19;0,00;0,00
4,467;4,262;1,032;2,21E-4;220,62;103,16;0,00;0,00
4,468;4,262;1,031;2,21E-4;220,61;103,13;0,00;0,00
4,469;4,263;1,032;2,21E-4;220,64;103,18;0,00;0,00
4,470;4,264;1,033;2,21E-4;220,68;103,27;0,00;0,00
4,471;4,263;1,032;2,21E-4;220,65;103,25;0,00;0,00
4,472;4,263;1,032;2,21E-4;220,63;103,19;0,00;0,00
4,473;4,263;1,032;2,21E-4;220,65;103,25;0,00;0,00
4,474;4,263;1,033;2,21E-4;220,66;103,33;0,00;0,00
4,475;4,263;1,032;2,21E-4;220,63;103,19;0,00;0,00
4,476;4,263;1,033;2,21E-4;220,65;103,27;0,00;0,00
4,477;4,262;1,032;2,21E-4;220,62;103,19;0,00;0,00
4,478;4,264;1,033;2,21E-4;220,67;103,34;0,00;0,00
4,479;4,263;1,033;2,21E-4;220,64;103,26;0,00;0,00
4,480;4,263;1,033;2,21E-4;220,65;103,31;0,00;0,00
4,481;4,263;1,032;2,21E-4;220,63;103,21;0,00;0,00
4,482;4,264;1,033;2,21E-4;220,66;103,31;0,00;0,00
4,483;4,263;1,032;2,21E-4;220,63;103,17;0,00;0,00
4,484;4,262;1,032;2,21E-4;220,63;103,20;0,00;0,00
4,485;4,264;1,033;2,21E-4;220,66;103,28;0,00;0,00
4,486;4,262;1,031;2,21E-4;220,61;103,14;0,00;0,00
4,487;4,263;1,032;2,21E-4;220,63;103,20;0,00;0,00
4,488;4,263;1,033;2,21E-4;220,65;103,25;0,00;0,00
4,489;4,263;1,033;2,21E-4;220,65;103,27;0,00;0,00
4,490;4,262;1,032;2,21E-4;220,61;103,17;0,00;0,00
4,491;4,263;1,032;2,21E-4;220,64;103,21;0,00;0,00
4,492;4,264;1,034;2,21E-4;220,68;103,37;0,00;0,00
4,493;4,263;1,032;2,21E-4;220,63;103,19;0,00;0,00
4,494;4,262;1,031;2,21E-4;220,61;103,12;0,00;0,00
4,495;4,263;1,032;2,21E-4;220,64;103,20;0,00;0,00
4,496;4,264;1,033;2,21E-4;220,68;103,35;0,00;0,00
4,497;4,263;1,032;2,21E-4;220,63;103,16;0,00;0,00
4,498;4,264;1,033;2,21E-4;220,67;103,28;0,00;0,00
4,499;4,264;1,033;2,21E-4;220,67;103,28;0,00;0,00
4,500;4,263;1,032;2,21E-4;220,63;103,19;0,00;0,00
4,501;4,262;1,032;2,21E-4;220,62;103,17;0,00;0,00
4,502;4,264;1,033;2,21E-4;220,67;103,28;0,00;0,00
4,503;4,262;1,031;2,21E-4;220,60;103,08;0,00;0,00
4,504;4,263;1,032;2,21E-4;220,63;103,17;0,00;0,00
4,505;4,262;1,031;2,21E-4;220,62;103,11;0,00;0,00
4,506;4,262;1,032;2,21E-4;220,62;103,16;0,00;0,00
4,507;4,262;1,031;2,21E-4;220,61;103,11;0,00;0,00
4,508;4,261;1,031;2,21E-4;220,59;103,07;0,00;0,00
4,509;4,263;1,032;2,21E-4;220,64;103,20;0,00;0,00
4,510;4,262;1,032;2,21E-4;220,61;103,16;0,00;0,00
4,511;4,263;1,033;2,21E-4;220,66;103,26;0,00;0,00
4,512;4,262;1,032;2,21E-4;220,62;103,15;0,00;0,00
4,513;4,262;1,031;2,21E-4;220,62;103,14;0,00;0,00
4,514;4,262;1,031;2,21E-4;220,63;103,14;0,00;0,00
4,515;4,263;1,032;2,21E-4;220,63;103,18;0,00;0,00
4,516;4,263;1,032;2,21E-4;220,65;103,21;0,00;0,00
4,517;4,263;1,033;2,21E-4;220,66;103,26;0,00;0,00
4,518;4,264;1,033;2,21E-4;220,67;103,32;0,00;0,00
4,519;4,264;1,033;2,21E-4;220,67;103,32;0,00;0,00
4,520;4,264;1,034;2,21E-4;220,68;103,35;0,00;0,00
4,521;4,264;1,033;2,21E-4;220,67;103,30;0,00;0,00
4,522;4,263;1,032;2,21E-4;220,64;103,21;0,00;0,00
4,523;4,262;1,030;2,21E-4;220,60;103,04;0,00;0,00
4,524;4,263;1,032;2,21E-4;220,63;103,19;0,00;0,00
4,525;4,263;1,033;2,21E-4;220,65;103,26;0,00;0,00
4,526;4,263;1,032;2,21E-4;220,65;103,23;0,00;0,00
4,527;4,263;1,032;2,21E-4;220,65;103,24;0,00;0,00
4,528;4,264;1,033;2,21E-4;220,67;103,29;0,00;0,00
4,529;4,263;1,033;2,21E-4;220,65;103,27;0,00;0,00
4,530;4,262;1,032;2,21E-4;220,62;103,16;0,00;0,00
4,531;4,264;1,033;2,21E-4;220,66;103,27;0,00;0,00
4,532;4,262;1,031;2,21E-4;220,62;103,14;0,00;0,00
4,533;4,263;1,032;2,21E-4;220,64;103,21;0,00;0,00
4,534;4,263;1,032;2,21E-4;220,63;103,22;0,00;0,00
4,535;4,264;1,033;2,21E-4;220,67;103,32;0,00;0,00
4,536;4,263;1,032;2,21E-4;220,64;103,21;0,00;0,00
4,537;4,262;1,031;2,21E-4;220,61;103,13;0,00;0,00
4,538;4,262;1,032;2,21E-4;220,62;103,18;0,00;0,00
4,539;4,262;1,031;2,21E-4;220,61;103,14;0,00;0,00
4,540;4,262;1,031;2,21E-4;220,61;103,11;0,00;0,00
4,541;4,262;1,031;2,21E-4;220,63;103,14;0,00;0,00
4,542;4,264;1,033;2,21E-4;220,67;103,32;0,00;0,00
4,543;4,263;1,033;2,21E-4;220,66;103,30;0,00;0,00
4,544;4,263;1,033;2,21E-4;220,65;103,26;0,00;0,00
4,545;4,263;1,032;2,21E-4;220,63;103,23;0,00;0,00
4,546;4,263;1,033;2,21E-4;220,65;103,25;0,00;0,00
4,547;4,264;1,033;2,21E-4;220,67;103,32;0,00;0,00
4,548;4,263;1,032;2,21E-4;220,65;103,24;0,00;0,00
4,549;4,263;1,032;2,21E-4;220,65;103,24;0,00;0,00
4,550;4,263;1,032;2,21E-4;220,63;103,18;0,00;0,00
4,551;4,262;1,031;2,21E-4;220,61;103,11;0,00;0,00
4,552;4,262;1,031;2,21E-4;220,62;103,14;0,00;0,00
4,553;4,263;1,033;2,21E-4;220,64;103,25;0,00;0,00
4,554;4,263;1,033;2,21E-4;220,64;103,26;0,00;0,00
4,555;4,263;1,032;2,21E-4;220,63;103,21;0,00;0,00
4,556;4,262;1,032;2,21E-4;220,62;103,15;0,00;0,00
4,557;4,262;1,031;2,21E-4;220,60;103,14;0,00;0,00
4,558;4,263;1,032;2,21E-4;220,63;103,22;0,00;0,00
4,559;4,263;1,033;2,21E-4;220,66;103,31;0,00;0,00
4,560;4,263;1,032;2,21E-4;220,63;103,20;0,00;0,00
4,561;4,262;1,032;2,21E-4;220,62;103,16;0,00;0,00
4,562;4,264;1,033;2,21E-4;220,68;103,33;0,00;0,00
4,563;4,262;1,032;2,21E-4;220,63;103,20;0,00;0,00
4,564;4,262;1,032;2,21E-4;220,62;103,16;0,00;0,00
4,565;4,262;1,032;2,21E-4;220,63;103,20;0,00;0,00
4,566;4,263;1,033;2,21E-4;220,66;103,35;0,00;0,00
4,567;4,263;1,033;2,21E-4;220,65;103,27;0,00;0,00
4,568;4,263;1,033;2,21E-4;220,65;103,29;0,00;0,00
4,569;4,264;1,033;2,21E-4;220,67;103,32;0,00;0,00
4,570;4,262;1,031;2,21E-4;220,60;103,13;0,00;0,00
4,571;4,263;1,032;2,21E-4;220,63;103,19;0,00;0,00
4,572;4,263;1,033;2,21E-4;220,66;103,27;0,00;0,00
4,573;4,263;1,032;2,21E-4;220,63;103,21;0,00;0,00
4,574;4,262;1,032;2,21E-4;220,62;103,19;0,00;0,00
4,575;4,262;1,032;2,21E-4;220,61;103,16;0,00;0,00
4,576;4,261;1,030;2,21E-4;220,56;103,04;0,00;0,00
4,577;4,262;1,032;2,21E-4;220,62;103,19;0,00;0,00
4,578;4,263;1,033;2,21E-4;220,65;103,27;0,00;0,00
4,579;4,263;1,033;2,21E-4;220,65;103,31;0,00;0,00
4,580;4,262;1,032;2,21E-4;220,62;103,17;0,00;0,00
4,581;4,263;1,032;2,21E-4;220,63;103,20;0,00;0,00
4,582;4,263;1,033;2,21E-4;220,64;103,26;0,00;0,00
4,583;4,263;1,032;2,21E-4;220,63;103,18;0,00;0,00
4,584;4,261;1,030;2,21E-4;220,57;103,02;0,00;0,00
4,585;4,262;1,031;2,21E-4;220,59;103,09;0,00;0,00
4,586;4,262;1,032;2,21E-4;220,61;103,17;0,00;0,00
4,587;4,262;1,031;2,21E-4;220,61;103,15;0,00;0,00
4,588;4,263;1,033;2,21E-4;220,64;103,26;0,00;0,00
4,589;4,262;1,032;2,21E-4;220,62;103,21;0,00;0,00
4,590;4,263;1,033;2,21E-4;220,65;103,27;0,00;0,00
4,591;4,264;1,034;2,21E-4;220,67;103,36;0,00;0,00
4,592;4,264;1,033;2,21E-4;220,67;103,35;0,00;0,00
4,593;4,263;1,033;2,21E-4;220,65;103,26;0,00;0,00
4,594;4,262;1,032;2,21E-4;220,63;103,19;0,00;0,00
4,595;4,263;1,032;2,21E-4;220,64;103,19;0,00;0,00
4,596;4,264;1,033;2,21E-4;220,67;103,34;0,00;0,00
4,597;4,264;1,033;2,21E-4;220,67;103,35;0,00;0,00
4,598;4,264;1,034;2,21E-4;220,68;103,37;0,00;0,00
4,599;4,264;1,034;2,21E-4;220,69;103,37;0,00;0,00
4,600;4,263;1,033;2,21E-4;220,64;103,27;0,00;0,00
4,601;4,263;1,032;2,21E-4;220,63;103,22;0,00;0,00
4,602;4,263;1,032;2,21E-4;220,63;103,23;0,00;0,00
4,603;4,262;1,032;2,21E-4;220,61;103,16;0,00;0,00
4,604;4,262;1,031;2,21E-4;220,60;103,12;0,00;0,00
4,605;4,262;1,031;2,21E-4;220,60;103,10;0,00;0,00
4,606;4,261;1,030;2,21E-4;220,57;103,01;0,00;0,00
4,607;4,262;1,032;2,21E-4;220,62;103,19;0,00;0,00
4,608;4,262;1,032;2,21E-4;220,61;103,17;0,00;0,00
4,609;4,263;1,033;2,21E-4;220,65;103,28;0,00;0,00
4,610;4,262;1,032;2,21E-4;220,62;103,17;0,00;0,00
4,611;4,264;1,033;2,21E-4;220,67;103,34;0,00;0,00
4,612;4,265;1,034;2,21E-4;220,69;103,39;0,00;0,00
4,613;4,263;1,033;2,21E-4;220,65;103,27;0,00;0,00
4,614;4,262;1,031;2,21E-4;220,60;103,13;0,00;0,00
4,615;4,263;1,033;2,21E-4;220,65;103,30;0,00;0,00
4,616;4,263;1,032;2,21E-4;220,64;103,23;0,00;0,00
4,617;4,261;1,031;2,21E-4;220,59;103,09;0,00;0,00
4,618;4,262;1,031;2,21E-4;220,61;103,13;0,00;0,00
4,619;4,262;1,031;2,21E-4;220,60;103,12;0,00;0,00
4,620;4,262;1,032;2,21E-4;220,62;103,15;0,00;0,00
4,621;4,263;1,032;2,21E-4;220,63;103,23;0,00;0,00
4,622;4,264;1,033;2,21E-4;220,68;103,33;0,00;0,00
4,623;4,263;1,032;2,21E-4;220,63;103,18;0,00;0,00
4,624;4,263;1,032;2,21E-4;220,64;103,20;0,00;0,00
4,625;4,263;1,033;2,21E-4;220,65;103,26;0,00;0,00
4,626;4,263;1,032;2,21E-4;220,64;103,22;0,00;0,00
4,627;4,262;1,031;2,21E-4;220,62;103,14;0,00;0,00
4,628;4,263;1,032;2,21E-4;220,66;103,24;0,00;0,00
4,629;4,265;1,034;2,21E-4;220,70;103,37;0,00;0,00
4,630;4,264;1,033;2,21E-4;220,66;103,30;0,00;0,00
4,631;4,263;1,033;2,21E-4;220,65;103,26;0,00;0,00
4,632;4,264;1,033;2,21E-4;220,66;103,27;0,00;0,00
4,633;4,263;1,032;2,21E-4;220,66;103,25;0,00;0,00
4,634;4,262;1,032;2,21E-4;220,62;103,15;0,00;0,00
4,635;4,263;1,031;2,21E-4;220,63;103,14;0,00;0,00
4,636;4,263;1,032;2,21E-4;220,64;103,22;0,00;0,00
4,637;4,264;1,033;2,21E-4;220,66;103,26;0,00;0,00
4,638;4,262;1,031;2,21E-4;220,61;103,11;0,00;0,00
4,639;4,262;1,032;2,21E-4;220,62;103,18;0,00;0,00
4,640;4,263;1,032;2,21E-4;220,63;103,20;0,00;0,00
4,641;4,263;1,032;2,21E-4;220,63;103,19;0,00;0,00
4,642;4,263;1,032;2,21E-4;220,63;103,19;0,00;0,00
4,643;4,263;1,032;2,21E-4;220,64;103,24;0,00;0,00
4,644;4,263;1,032;2,21E-4;220,63;103,19;0,00;0,00
4,645;4,262;1,031;2,21E-4;220,60;103,12;0,00;0,00
4,646;4,263;1,032;2,21E-4;220,63;103,23;0,00;0,00
4,647;4,262;1,031;2,21E-4;220,60;103,15;0,00;0,00
4,648;4,262;1,031;2,21E-4;220,61;103,11;0,00;0,00
4,649;4,263;1,032;2,21E-4;220,64;103,24;0,00;0,00
4,650;4,263;1,032;2,21E-4;220,63;103,22;0,00;0,00
4,651;4,263;1,033;2,21E-4;220,65;103,25;0,00;0,00
4,652;4,264;1,034;2,21E-4;220,69;103,40;0,00;0,00
4,653;4,264;1,033;2,21E-4;220,67;103,30;0,00;0,00
4,654;4,263;1,033;2,21E-4;220,65;103,27;0,00;0,00
4,655;4,263;1,033;2,21E-4;220,64;103,26;0,00;0,00
4,656;4,262;1,032;2,21E-4;220,62;103,18;0,00;0,00
4,657;4,262;1,032;2,21E-4;220,62;103,18;0,00;0,00
4,658;4,263;1,033;2,21E-4;220,64;103,25;0,00;0,00
4,659;4,264;1,033;2,21E-4;220,67;103,32;0,00;0,00
4,660;4,263;1,033;2,21E-4;220,65;103,28;0,00;0,00
4,661;4,262;1,031;2,21E-4;220,61;103,14;0,00;0,00
4,662;4,263;1,032;2,21E-4;220,63;103,21;0,00;0,00
4,663;4,263;1,032;2,21E-4;220,64;103,20;0,00;0,00
4,664;4,262;1,032;2,21E-4;220,62;103,18;0,00;0,00
4,665;4,263;1,032;2,21E-4;220,63;103,24;0,00;0,00
4,666;4,263;1,033;2,21E-4;220,64;103,29;0,00;0,00
4,667;4,263;1,033;2,21E-4;220,66;103,27;0,00;0,00
4,668;4,264;1,033;2,21E-4;220,67;103,33;0,00;0,00
4,669;4,263;1,033;2,21E-4;220,65;103,27;0,00;0,00
4,670;4,262;1,032;2,21E-4;220,63;103,21;0,00;0,00
4,671;4,264;1,033;2,21E-4;220,66;103,31;0,00;0,00
4,672;4,264;1,033;2,21E-4;220,66;103,34;0,00;0,00
4,673;4,263;1,032;2,21E-4;220,64;103,23;0,00;0,00
4,674;4,264;1,033;2,21E-4;220,66;103,31;0,00;0,00
4,675;4,263;1,032;2,21E-4;220,64;103,22;0,00;0,00
4,676;4,262;1,031;2,21E-4;220,61;103,14;0,00;0,00
4,677;4,262;1,032;2,21E-4;220,62;103,20;0,00;0,00
4,678;4,263;1,033;2,21E-4;220,65;103,31;0,00;0,00
4,679;4,264;1,034;2,21E-4;220,69;103,42;0,00;0,00
4,680;4,264;1,034;2,21E-4;220,68;103,36;0,00;0,00
4,681;4,264;1,033;2,21E-4;220,67;103,31;0,00;0,00
4,682;4,263;1,032;2,21E-4;220,64;103,24;0,00;0,00
4,683;4,264;1,033;2,21E-4;220,67;103,35;0,00;0,00
4,684;4,263;1,033;2,21E-4;220,64;103,26;0,00;0,00
4,685;4,263;1,033;2,21E-4;220,65;103,27;0,00;0,00
4,686;4,264;1,033;2,21E-4;220,67;103,35;0,00;0,00
4,687;4,263;1,033;2,21E-4;220,66;103,30;0,00;0,00
4,688;4,262;1,031;2,21E-4;220,59;103,13;0,00;0,00
4,689;4,261;1,031;2,21E-4;220,59;103,13;0,00;0,00
4,690;4,263;1,033;2,21E-4;220,65;103,30;0,00;0,00
4,691;4,263;1,032;2,21E-4;220,63;103,20;0,00;0,00
4,692;4,263;1,033;2,21E-4;220,65;103,27;0,00;0,00
4,693;4,263;1,032;2,21E-4;220,64;103,23;0,00;0,00
4,694;4,263;1,033;2,21E-4;220,65;103,27;0,00;0,00
4,695;4,263;1,033;2,21E-4;220,65;103,27;0,00;0,00
4,696;4,262;1,031;2,21E-4;220,62;103,14;0,00;0,00
4,697;4,263;1,032;2,21E-4;220,63;103,22;0,00;0,00
4,698;4,263;1,033;2,21E-4;220,65;103,27;0,00;0,00
4,699;4,262;1,032;2,21E-4;220,62;103,17;0,00;0,00
4,700;4,262;1,032;2,21E-4;220,61;103,16;0,00;0,00
4,701;4,263;1,033;2,21E-4;220,64;103,25;0,00;0,00
4,702;4,263;1,032;2,21E-4;220,64;103,25;0,00;0,00
4,703;4,263;1,033;2,21E-4;220,65;103,30;0,00;0,00
4,704;4,262;1,032;2,21E-4;220,62;103,17;0,00;0,00
4,705;4,263;1,033;2,21E-4;220,65;103,27;0,00;0,00
4,706;4,263;1,032;2,21E-4;220,65;103,24;0,00;0,00
4,707;4,263;1,032;2,21E-4;220,64;103,23;0,00;0,00
4,708;4,265;1,034;2,21E-4;220,70;103,40;0,00;0,00
4,709;4,264;1,033;2,21E-4;220,67;103,33;0,00;0,00
4,710;4,263;1,033;2,21E-4;220,65;103,30;0,00;0,00
4,711;4,263;1,033;2,21E-4;220,65;103,26;0,00;0,00
4,712;4,263;1,033;2,21E-4;220,65;103,31;0,00;0,00
4,713;4,263;1,033;2,21E-4;220,65;103,28;0,00;0,00
4,714;4,262;1,032;2,21E-4;220,63;103,25;0,00;0,00
4,715;4,263;1,032;2,21E-4;220,64;103,24;0,00;0,00
4,716;4,262;1,032;2,21E-4;220,62;103,22;0,00;0,00
4,717;4,263;1,032;2,21E-4;220,63;103,25;0,00;0,00
4,718;4,263;1,033;2,21E-4;220,63;103,28;0,00;0,00
4,719;4,262;1,032;2,21E-4;220,62;103,24;0,00;0,00
4,720;4,264;1,033;2,21E-4;220,66;103,35;0,00;0,00
4,721;4,263;1,033;2,21E-4;220,65;103,27;0,00;0,00
4,722;4,263;1,033;2,21E-4;220,64;103,30;0,00;0,00
4,723;4,263;1,032;2,21E-4;220,63;103,25;0,00;0,00
4,724;4,263;1,033;2,21E-4;220,63;103,28;0,00;0,00
4,725;4,262;1,032;2,21E-4;220,61;103,22;0,00;0,00
4,726;4,260;1,031;2,21E-4;220,56;103,08;0,00;0,00
4,727;4,262;1,032;2,21E-4;220,60;103,21;0,00;0,00
4,728;4,262;1,032;2,21E-4;220,61;103,23;0,00;0,00
4,729;4,262;1,032;2,21E-4;220,60;103,23;0,00;0,00
4,730;4,262;1,033;2,21E-4;220,62;103,27;0,00;0,00
4,731;4,262;1,033;2,21E-4;220,61;103,28;0,00;0,00
4,732;4,262;1,033;2,21E-4;220,63;103,31;0,00;0,00
4,733;4,261;1,032;2,21E-4;220,58;103,20;0,00;0,00
4,734;4,262;1,033;2,21E-4;220,62;103,30;0,00;0,00
4,735;4,262;1,033;2,21E-4;220,62;103,33;0,00;0,00
4,736;4,262;1,033;2,21E-4;220,61;103,25;0,00;0,00
4,737;4,261;1,032;2,21E-4;220,57;103,19;0,00;0,00
4,738;4,261;1,032;2,21E-4;220,59;103,23;0,00;0,00
4,739;4,261;1,032;2,21E-4;220,59;103,24;0,00;0,00
4,740;4,263;1,034;2,21E-4;220,64;103,40;0,00;0,00
4,741;4,262;1,032;2,21E-4;220,60;103,24;0,00;0,00
4,742;4,262;1,033;2,21E-4;220,62;103,28;0,00;0,00
4,743;4,262;1,033;2,21E-4;220,61;103,33;0,00;0,00
4,744;4,262;1,033;2,21E-4;220,60;103,26;0,00;0,00
4,745;4,263;1,034;2,21E-4;220,64;103,36;0,00;0,00
4,746;4,262;1,033;2,21E-4;220,62;103,33;0,00;0,00
4,747;4,262;1,033;2,21E-4;220,62;103,33;0,00;0,00
4,748;4,263;1,034;2,21E-4;220,64;103,39;0,00;0,00
4,749;4,262;1,033;2,21E-4;220,62;103,32;0,00;0,00
4,750;4,260;1,032;2,21E-4;220,55;103,15;0,00;0,00
4,751;4,261;1,033;2,21E-4;220,59;103,26;0,00;0,00
4,752;4,262;1,033;2,21E-4;220,60;103,27;0,00;0,00
4,753;4,263;1,033;2,21E-4;220,63;103,32;0,00;0,00
4,754;4,262;1,033;2,21E-4;220,60;103,26;0,00;0,00
4,755;4,263;1,033;2,21E-4;220,63;103,34;0,00;0,00
4,756;4,261;1,032;2,21E-4;220,58;103,22;0,00;0,00
4,757;4,262;1,033;2,21E-4;220,61;103,31;0,00;0,00
4,758;4,261;1,032;2,21E-4;220,57;103,18;0,00;0,00
4,759;4,261;1,032;2,21E-4;220,56;103,16;0,00;0,00
4,760;4,261;1,032;2,21E-4;220,59;103,21;0,00;0,00
4,761;4,262;1,033;2,21E-4;220,60;103,29;0,00;0,00
4,762;4,261;1,032;2,21E-4;220,57;103,20;0,00;0,00
4,763;4,261;1,032;2,21E-4;220,57;103,21;0,00;0,00
4,764;4,261;1,032;2,21E-4;220,57;103,16;0,00;0,00
4,765;4,262;1,033;2,21E-4;220,61;103,29;0,00;0,00
4,766;4,262;1,033;2,21E-4;220,60;103,26;0,00;0,00
4,767;4,262;1,033;2,21E-4;220,61;103,30;0,00;0,00
4,768;4,263;1,035;2,21E-4;220,66;103,45;0,00;0,00
4,769;4,262;1,033;2,21E-4;220,62;103,31;0,00;0,00
4,770;4,262;1,032;2,21E-4;220,60;103,23;0,00;0,00
4,771;4,260;1,031;2,21E-4;220,56;103,15;0,00;0,00
4,772;4,261;1,032;2,21E-4;220,58;103,19;0,00;0,00
4,773;4,262;1,034;2,21E-4;220,62;103,35;0,00;0,00
4,774;4,262;1,033;2,21E-4;220,59;103,26;0,00;0,00
4,775;4,261;1,032;2,21E-4;220,57;103,18;0,00;0,00
4,776;4,261;1,032;2,21E-4;220,59;103,23;0,00;0,00
4,777;4,261;1,032;2,21E-4;220,57;103,17;0,00;0,00
4,778;4,262;1,033;2,21E-4;220,60;103,27;0,00;0,00
4,779;4,261;1,032;2,21E-4;220,59;103,22;0,00;0,00
4,780;4,261;1,032;2,21E-4;220,58;103,19;0,00;0,00
4,781;4,262;1,033;2,21E-4;220,61;103,29;0,00;0,00
4,782;4,262;1,033;2,21E-4;220,60;103,26;0,00;0,00
4,783;4,263;1,034;2,21E-4;220,63;103,38;0,00;0,00
4,784;4,261;1,033;2,21E-4;220,59;103,26;0,00;0,00
4,785;4,263;1,034;2,21E-4;220,63;103,38;0,00;0,00
4,786;4,261;1,032;2,21E-4;220,59;103,20;0,00;0,00
4,787;4,261;1,032;2,21E-4;220,57;103,15;0,00;0,00
4,788;4,261;1,032;2,21E-4;220,57;103,17;0,00;0,00
4,789;4,262;1,033;2,21E-4;220,61;103,29;0,00;0,00
4,790;4,261;1,032;2,21E-4;220,59;103,19;0,00;0,00
4,791;4,261;1,032;2,21E-4;220,57;103,16;0,00;0,00
4,792;4,261;1,033;2,21E-4;220,59;103,25;0,00;0,00
4,793;4,261;1,033;2,21E-4;220,59;103,27;0,00;0,00
4,794;4,261;1,032;2,21E-4;220,58;103,21;0,00;0,00
4,795;4,261;1,032;2,21E-4;220,58;103,16;0,00;0,00
4,796;4,262;1,033;2,21E-4;220,62;103,31;0,00;0,00
4,797;4,263;1,033;2,21E-4;220,64;103,34;0,00;0,00
4,798;4,262;1,032;2,21E-4;220,60;103,24;0,00;0,00
4,799;4,261;1,032;2,21E-4;220,59;103,24;0,00;0,00
4,800;4,263;1,033;2,21E-4;220,64;103,35;0,00;0,00
4,801;4,262;1,033;2,21E-4;220,62;103,33;0,00;0,00
4,802;4,261;1,032;2,21E-4;220,59;103,20;0,00;0,00
4,803;4,263;1,034;2,21E-4;220,63;103,39;0,00;0,00
4,804;4,262;1,033;2,21E-4;220,59;103,27;0,00;0,00
4,805;4,261;1,032;2,21E-4;220,59;103,22;0,00;0,00
4,806;4,261;1,032;2,21E-4;220,59;103,23;0,00;0,00
4,807;4,262;1,033;2,21E-4;220,61;103,31;0,00;0,00
4,808;4,262;1,033;2,21E-4;220,60;103,26;0,00;0,00
4,809;4,261;1,032;2,21E-4;220,58;103,21;0,00;0,00
4,810;4,262;1,033;2,21E-4;220,61;103,28;0,00;0,00
4,811;4,262;1,033;2,21E-4;220,60;103,28;0,00;0,00
4,812;4,262;1,032;2,21E-4;220,60;103,22;0,00;0,00
4,813;4,261;1,032;2,21E-4;220,59;103,21;0,00;0,00
4,814;4,261;1,032;2,21E-4;220,57;103,15;0,00;0,00
4,815;4,262;1,033;2,21E-4;220,63;103,33;0,00;0,00
4,816;4,262;1,033;2,21E-4;220,60;103,31;0,00;0,00
4,817;4,261;1,032;2,21E-4;220,58;103,22;0,00;0,00
4,818;4,261;1,032;2,21E-4;220,58;103,20;0,00;0,00
4,819;4,261;1,032;2,21E-4;220,58;103,22;0,00;0,00
4,820;4,262;1,033;2,21E-4;220,60;103,26;0,00;0,00
4,821;4,260;1,031;2,21E-4;220,54;103,10;0,00;0,00
4,822;4,260;1,031;2,21E-4;220,55;103,10;0,00;0,00
4,823;4,261;1,032;2,21E-4;220,57;103,17;0,00;0,00
4,824;4,261;1,032;2,21E-4;220,59;103,20;0,00;0,00
4,825;4,261;1,032;2,21E-4;220,59;103,24;0,00;0,00
4,826;4,262;1,033;2,21E-4;220,60;103,25;0,00;0,00
4,827;4,261;1,032;2,21E-4;220,58;103,20;0,00;0,00
4,828;4,261;1,032;2,21E-4;220,58;103,19;0,00;0,00
4,829;4,262;1,033;2,21E-4;220,60;103,27;0,00;0,00
4,830;4,263;1,033;2,21E-4;220,64;103,34;0,00;0,00
4,831;4,262;1,033;2,21E-4;220,61;103,34;0,00;0,00
4,832;4,263;1,033;2,21E-4;220,64;103,33;0,00;0,00
4,833;4,262;1,032;2,21E-4;220,60;103,23;0,00;0,00
4,834;4,262;1,032;2,21E-4;220,60;103,22;0,00;0,00
4,835;4,261;1,032;2,21E-4;220,58;103,20;0,00;0,00
4,836;4,262;1,033;2,21E-4;220,60;103,28;0,00;0,00
4,837;4,261;1,032;2,21E-4;220,59;103,20;0,00;0,00
4,838;4,261;1,032;2,21E-4;220,59;103,24;0,00;0,00
4,839;4,262;1,033;2,21E-4;220,60;103,29;0,00;0,00
4,840;4,261;1,032;2,21E-4;220,59;103,23;0,00;0,00
4,841;4,261;1,032;2,21E-4;220,59;103,21;0,00;0,00
4,842;4,262;1,032;2,21E-4;220,61;103,24;0,00;0,00
4,843;4,262;1,033;2,21E-4;220,62;103,30;0,00;0,00
4,844;4,263;1,033;2,21E-4;220,63;103,33;0,00;0,00
4,845;4,262;1,032;2,21E-4;220,60;103,23;0,00;0,00
4,846;4,261;1,032;2,21E-4;220,59;103,19;0,00;0,00
4,847;4,261;1,032;2,21E-4;220,58;103,17;0,00;0,00
4,848;4,263;1,034;2,21E-4;220,64;103,36;0,00;0,00
4,849;4,262;1,033;2,21E-4;220,60;103,25;0,00;0,00
4,850;4,261;1,032;2,21E-4;220,58;103,19;0,00;0,00
4,851;4,261;1,032;2,21E-4;220,58;103,23;0,00;0,00
4,852;4,261;1,032;2,21E-4;220,59;103,18;0,00;0,00
4,853;4,261;1,032;2,21E-4;220,58;103,17;0,00;0,00
4,854;4,260;1,031;2,21E-4;220,55;103,08;0,00;0,00
4,855;4,261;1,031;2,21E-4;220,58;103,14;0,00;0,00
4,856;4,261;1,032;2,21E-4;220,59;103,22;0,00;0,00
4,857;4,261;1,031;2,21E-4;220,57;103,12;0,00;0,00
4,858;4,261;1,032;2,21E-4;220,58;103,15;0,00;0,00
4,859;4,262;1,033;2,21E-4;220,61;103,26;0,00;0,00
4,860;4,262;1,032;2,21E-4;220,60;103,22;0,00;0,00
4,861;4,262;1,033;2,21E-4;220,62;103,25;0,00;0,00
4,862;4,261;1,032;2,21E-4;220,59;103,22;0,00;0,00
4,863;4,262;1,033;2,21E-4;220,60;103,27;0,00;0,00
4,864;4,263;1,033;2,21E-4;220,63;103,32;0,00;0,00
4,865;4,262;1,033;2,21E-4;220,61;103,27;0,00;0,00
4,866;4,261;1,032;2,21E-4;220,59;103,17;0,00;0,00
4,867;4,261;1,032;2,21E-4;220,58;103,16;0,00;0,00
4,868;4,261;1,031;2,21E-4;220,56;103,11;0,00;0,00
4,869;4,261;1,031;2,21E-4;220,58;103,14;0,00;0,00
4,870;4,262;1,032;2,21E-4;220,60;103,21;0,00;0,00
4,871;4,262;1,032;2,21E-4;220,61;103,20;0,00;0,00
4,872;4,261;1,032;2,21E-4;220,59;103,16;0,00;0,00
4,873;4,260;1,031;2,21E-4;220,56;103,08;0,00;0,00
4,874;4,261;1,032;2,21E-4;220,59;103,20;0,00;0,00
4,875;4,261;1,032;2,21E-4;220,59;103,22;0,00;0,00
4,876;4,262;1,032;2,21E-4;220,60;103,17;0,00;0,00
4,877;4,262;1,033;2,21E-4;220,60;103,27;0,00;0,00
4,878;4,261;1,031;2,21E-4;220,56;103,11;0,00;0,00
4,879;4,260;1,031;2,21E-4;220,54;103,08;0,00;0,00
4,880;4,261;1,031;2,21E-4;220,57;103,13;0,00;0,00
4,881;4,262;1,032;2,21E-4;220,60;103,23;0,00;0,00
4,882;4,262;1,033;2,21E-4;220,62;103,28;0,00;0,00
4,883;4,261;1,032;2,21E-4;220,58;103,15;0,00;0,00
4,884;4,261;1,032;2,21E-4;220,59;103,20;0,00;0,00
4,885;4,261;1,032;2,21E-4;220,58;103,16;0,00;0,00
4,886;4,262;1,032;2,21E-4;220,60;103,19;0,00;0,00
4,887;4,261;1,032;2,21E-4;220,57;103,16;0,00;0,00
4,888;4,263;1,033;2,21E-4;220,63;103,31;0,00;0,00
4,889;4,263;1,033;2,21E-4;220,63;103,30;0,00;0,00
4,890;4,262;1,032;2,21E-4;220,60;103,23;0,00;0,00
4,891;4,262;1,032;2,21E-4;220,60;103,24;0,00;0,00
4,892;4,261;1,032;2,21E-4;220,58;103,15;0,00;0,00
4,893;4,261;1,032;2,21E-4;220,59;103,22;0,00;0,00
4,894;4,261;1,033;2,21E-4;220,59;103,26;0,00;0,00
4,895;4,260;1,031;2,21E-4;220,55;103,10;0,00;0,00
4,896;4,261;1,031;2,21E-4;220,57;103,14;0,00;0,00
4,897;4,261;1,032;2,21E-4;220,57;103,15;0,00;0,00
4,898;4,260;1,031;2,21E-4;220,55;103,07;0,00;0,00
4,899;4,261;1,032;2,21E-4;220,57;103,17;0,00;0,00
4,900;4,261;1,031;2,21E-4;220,56;103,14;0,00;0,00
4,901;4,262;1,032;2,21E-4;220,60;103,21;0,00;0,00
4,902;4,262;1,032;2,21E-4;220,59;103,21;0,00;0,00
4,903;4,261;1,032;2,21E-4;220,58;103,20;0,00;0,00
4,904;4,263;1,033;2,21E-4;220,63;103,33;0,00;0,00
4,905;4,262;1,032;2,21E-4;220,60;103,23;0,00;0,00
4,906;4,262;1,032;2,21E-4;220,62;103,24;0,00;0,00
4,907;4,262;1,033;2,21E-4;220,61;103,25;0,00;0,00
4,908;4,262;1,033;2,21E-4;220,60;103,26;0,00;0,00
4,909;4,263;1,033;2,21E-4;220,63;103,33;0,00;0,00
4,910;4,262;1,033;2,21E-4;220,62;103,27;0,00;0,00
4,911;4,262;1,032;2,21E-4;220,61;103,24;0,00;0,00
4,912;4,262;1,033;2,21E-4;220,62;103,29;0,00;0,00
4,913;4,262;1,032;2,21E-4;220,61;103,24;0,00;0,00
4,914;4,262;1,032;2,21E-4;220,60;103,23;0,00;0,00
4,915;4,262;1,032;2,21E-4;220,61;103,23;0,00;0,00
4,916;4,262;1,032;2,21E-4;220,60;103,19;0,00;0,00
4,917;4,261;1,032;2,21E-4;220,58;103,16;0,00;0,00
4,918;4,261;1,031;2,21E-4;220,57;103,08;0,00;0,00
4,919;4,261;1,032;2,21E-4;220,59;103,19;0,00;0,00
4,920;4,260;1,031;2,21E-4;220,56;103,14;0,00;0,00
4,921;4,263;1,034;2,21E-4;220,65;103,35;0,00;0,00
4,922;4,262;1,032;2,21E-4;220,59;103,17;0,00;0,00
4,923;4,262;1,032;2,21E-4;220,60;103,22;0,00;0,00
4,924;4,263;1,033;2,21E-4;220,64;103,34;0,00;0,00
4,925;4,263;1,034;2,21E-4;220,65;103,40;0,00;0,00
4,926;4,261;1,032;2,21E-4;220,57;103,18;0,00;0,00
4,927;4,261;1,032;2,21E-4;220,57;103,16;0,00;0,00
4,928;4,261;1,032;2,21E-4;220,59;103,20;0,00;0,00
4,929;4,261;1,032;2,21E-4;220,59;103,18;0,00;0,00
4,930;4,262;1,032;2,21E-4;220,61;103,25;0,00;0,00
4,931;4,262;1,033;2,21E-4;220,62;103,28;0,00;0,00
4,932;4,262;1,032;2,21E-4;220,60;103,22;0,00;0,00
4,933;4,262;1,032;2,21E-4;220,60;103,21;0,00;0,00
4,934;4,262;1,032;2,21E-4;220,60;103,22;0,00;0,00
4,935;4,262;1,033;2,21E-4;220,62;103,29;0,00;0,00
4,936;4,262;1,033;2,21E-4;220,61;103,28;0,00;0,00
4,937;4,262;1,033;2,21E-4;220,62;103,28;0,00;0,00
4,938;4,262;1,032;2,21E-4;220,61;103,22;0,00;0,00
4,939;4,261;1,032;2,21E-4;220,58;103,18;0,00;0,00
4,940;4,261;1,031;2,21E-4;220,56;103,10;0,00;0,00
4,941;4,262;1,032;2,21E-4;220,60;103,22;0,00;0,00
4,942;4,263;1,033;2,21E-4;220,64;103,33;0,00;0,00
4,943;4,261;1,032;2,21E-4;220,58;103,20;0,00;0,00
4,944;4,261;1,032;2,21E-4;220,58;103,18;0,00;0,00
4,945;4,263;1,033;2,21E-4;220,63;103,30;0,00;0,00
4,946;4,262;1,032;2,21E-4;220,60;103,21;0,00;0,00
4,947;4,261;1,032;2,21E-4;220,58;103,17;0,00;0,00
4,948;4,261;1,032;2,21E-4;220,59;103,17;0,00;0,00
4,949;4,262;1,032;2,21E-4;220,60;103,21;0,00;0,00
4,950;4,262;1,033;2,21E-4;220,61;103,30;0,00;0,00
4,951;4,262;1,032;2,21E-4;220,60;103,22;0,00;0,00
4,952;4,261;1,032;2,21E-4;220,58;103,18;0,00;0,00
4,953;4,261;1,032;2,21E-4;220,57;103,19;0,00;0,00
4,954;4,261;1,032;2,21E-4;220,59;103,22;0,00;0,00
4,955;4,262;1,033;2,21E-4;220,61;103,25;0,00;0,00
4,956;4,261;1,032;2,21E-4;220,59;103,18;0,00;0,00
4,957;4,262;1,032;2,21E-4;220,61;103,22;0,00;0,00
4,958;4,262;1,032;2,21E-4;220,60;103,24;0,00;0,00
4,959;4,262;1,033;2,21E-4;220,61;103,26;0,00;0,00
4,960;4,262;1,033;2,21E-4;220,62;103,30;0,00;0,00
4,961;4,261;1,032;2,21E-4;220,59;103,23;0,00;0,00
4,962;4,260;1,031;2,21E-4;220,56;103,13;0,00;0,00
4,963;4,260;1,031;2,21E-4;220,54;103,06;0,00;0,00
4,964;4,260;1,031;2,21E-4;220,55;103,10;0,00;0,00
4,965;4,261;1,032;2,21E-4;220,58;103,17;0,00;0,00
4,966;4,262;1,032;2,21E-4;220,60;103,24;0,00;0,00
4,967;4,263;1,034;2,21E-4;220,64;103,38;0,00;0,00
4,968;4,262;1,033;2,21E-4;220,60;103,25;0,00;0,00
4,969;4,262;1,033;2,21E-4;220,62;103,28;0,00;0,00
4,970;4,261;1,031;2,21E-4;220,57;103,13;0,00;0,00
4,971;4,261;1,032;2,21E-4;220,59;103,24;0,00;0,00
4,972;4,261;1,032;2,21E-4;220,58;103,21;0,00;0,00
4,973;4,261;1,032;2,21E-4;220,58;103,20;0,00;0,00
4,974;4,262;1,032;2,21E-4;220,60;103,25;0,00;0,00
4,975;4,261;1,032;2,21E-4;220,57;103,16;0,00;0,00
4,976;4,261;1,032;2,21E-4;220,58;103,19;0,00;0,00
4,977;4,260;1,031;2,21E-4;220,56;103,14;0,00;0,00
4,978;4,261;1,032;2,21E-4;220,57;103,22;0,00;0,00
4,979;4,261;1,032;2,21E-4;220,57;103,20;0,00;0,00
4,980;4,261;1,032;2,21E-4;220,58;103,20;0,00;0,00
4,981;4,261;1,032;2,21E-4;220,58;103,21;0,00;0,00
4,982;4,261;1,033;2,21E-4;220,58;103,25;0,00;0,00
4,983;4,261;1,033;2,21E-4;220,59;103,25;0,00;0,00
4,984;4,260;1,031;2,21E-4;220,56;103,15;0,00;0,00
4,985;4,260;1,032;2,21E-4;220,56;103,17;0,00;0,00
4,986;4,261;1,032;2,21E-4;220,57;103,20;0,00;0,00
4,987;4,261;1,032;2,21E-4;220,58;103,21;0,00;0,00
4,988;4,260;1,032;2,21E-4;220,56;103,18;0,00;0,00
4,989;4,261;1,032;2,21E-4;220,57;103,22;0,00;0,00
4,990;4,261;1,033;2,21E-4;220,58;103,26;0,00;0,00
4,991;4,261;1,033;2,21E-4;220,59;103,28;0,00;0,00
4,992;4,261;1,033;2,21E-4;220,59;103,27;0,00;0,00
4,993;4,260;1,031;2,21E-4;220,54;103,13;0,00;0,00
4,994;4,260;1,032;2,21E-4;220,55;103,16;0,00;0,00
4,995;4,260;1,032;2,21E-4;220,56;103,16;0,00;0,00
4,996;4,260;1,032;2,21E-4;220,55;103,18;0,00;0,00
4,997;4,261;1,033;2,21E-4;220,58;103,26;0,00;0,00
4,998;4,260;1,032;2,21E-4;220,56;103,21;0,00;0,00
4,999;4,261;1,032;2,21E-4;220,56;103,23;0,00;0,00
5,000;4,261;1,033;2,21E-4;220,58;103,28;0,00;0,00
5,001;4,260;1,031;2,21E-4;220,54;103,14;0,00;0,00
5,002;4,261;1,033;2,21E-4;220,56;103,26;0,00;0,00
5,003;4,260;1,032;2,21E-4;220,56;103,23;0,00;0,00
5,004;4,261;1,033;2,21E-4;220,59;103,31;0,00;0,00
5,005;4,261;1,033;2,21E-4;220,59;103,31;0,00;0,00
5,006;4,261;1,033;2,21E-4;220,59;103,33;0,00;0,00
5,007;4,260;1,032;2,21E-4;220,56;103,24;0,00;0,00
5,008;4,260;1,032;2,21E-4;220,54;103,18;0,00;0,00
5,009;4,261;1,032;2,21E-4;220,56;103,22;0,00;0,00
5,010;4,260;1,032;2,21E-4;220,56;103,21;0,00;0,00
5,011;4,261;1,033;2,21E-4;220,59;103,33;0,00;0,00
5,012;4,259;1,031;2,21E-4;220,52;103,13;0,00;0,00
5,013;4,260;1,032;2,21E-4;220,54;103,15;0,00;0,00
5,014;4,260;1,032;2,21E-4;220,53;103,16;0,00;0,00
5,015;4,260;1,031;2,21E-4;220,54;103,14;0,00;0,00
5,016;4,260;1,032;2,21E-4;220,56;103,24;0,00;0,00
5,017;4,260;1,032;2,21E-4;220,55;103,23;0,00;0,00
5,018;4,260;1,032;2,21E-4;220,54;103,21;0,00;0,00
5,019;4,260;1,032;2,21E-4;220,55;103,19;0,00;0,00
5,020;4,262;1,034;2,21E-4;220,60;103,36;0,00;0,00
5,021;4,261;1,033;2,21E-4;220,58;103,35;0,00;0,00
5,022;4,260;1,032;2,21E-4;220,54;103,21;0,00;0,00
5,023;4,260;1,033;2,21E-4;220,56;103,26;0,00;0,00
5,024;4,260;1,033;2,21E-4;220,55;103,26;0,00;0,00
5,025;4,260;1,033;2,21E-4;220,56;103,28;0,00;0,00
5,026;4,259;1,031;2,21E-4;220,51;103,12;0,00;0,00
5,027;4,259;1,032;2,21E-4;220,52;103,16;0,00;0,00
5,028;4,259;1,032;2,21E-4;220,52;103,15;0,00;0,00
5,029;4,259;1,031;2,21E-4;220,51;103,15;0,00;0,00
5,030;4,258;1,031;2,20E-4;220,49;103,08;0,00;0,00
5,031;4,259;1,032;2,21E-4;220,51;103,15;0,00;0,00
5,032;4,260;1,032;2,21E-4;220,54;103,25;0,00;0,00
5,033;4,260;1,033;2,21E-4;220,56;103,29;0,00;0,00
5,034;4,260;1,032;2,21E-4;220,54;103,24;0,00;0,00
5,035;4,260;1,032;2,21E-4;220,53;103,20;0,00;0,00
5,036;4,261;1,034;2,21E-4;220,58;103,36;0,00;0,00
5,037;4,261;1,034;2,21E-4;220,58;103,39;0,00;0,00
5,038;4,260;1,033;2,21E-4;220,56;103,29;0,00;0,00
5,039;4,259;1,032;2,21E-4;220,51;103,18;0,00;0,00
5,040;4,259;1,032;2,21E-4;220,52;103,19;0,00;0,00
5,041;4,258;1,031;2,20E-4;220,50;103,13;0,00;0,00
5,042;4,259;1,032;2,21E-4;220,52;103,17;0,00;0,00
5,043;4,260;1,032;2,21E-4;220,53;103,20;0,00;0,00
5,044;4,260;1,032;2,21E-4;220,54;103,21;0,00;0,00
5,045;4,259;1,031;2,21E-4;220,52;103,14;0,00;0,00
5,046;4,259;1,031;2,21E-4;220,50;103,12;0,00;0,00
5,047;4,260;1,032;2,21E-4;220,54;103,23;0,00;0,00
5,048;4,260;1,033;2,21E-4;220,55;103,29;0,00;0,00
5,049;4,260;1,032;2,21E-4;220,54;103,19;0,00;0,00
5,050;4,259;1,032;2,21E-4;220,52;103,20;0,00;0,00
5,051;4,259;1,032;2,21E-4;220,52;103,18;0,00;0,00
5,052;4,258;1,031;2,20E-4;220,50;103,09;0,00;0,00
5,053;4,258;1,031;2,20E-4;220,50;103,11;0,00;0,00
5,054;4,259;1,032;2,21E-4;220,53;103,21;0,00;0,00
5,055;4,260;1,033;2,21E-4;220,56;103,30;0,00;0,00
5,056;4,259;1,031;2,20E-4;220,50;103,11;0,00;0,00
5,057;4,258;1,030;2,20E-4;220,47;103,03;0,00;0,00
5,058;4,260;1,033;2,21E-4;220,56;103,30;0,00;0,00
5,059;4,261;1,034;2,21E-4;220,59;103,40;0,00;0,00
5,060;4,260;1,033;2,21E-4;220,53;103,26;0,00;0,00
5,061;4,261;1,034;2,21E-4;220,57;103,35;0,00;0,00
5,062;4,261;1,033;2,21E-4;220,57;103,26;0,00;0,00
5,063;4,260;1,032;2,21E-4;220,53;103,21;0,00;0,00
5,064;4,259;1,032;2,21E-4;220,53;103,20;0,00;0,00
5,065;4,259;1,031;2,21E-4;220,51;103,15;0,00;0,00
5,066;4,260;1,033;2,21E-4;220,56;103,32;0,00;0,00
5,067;4,261;1,033;2,21E-4;220,57;103,35;0,00;0,00
5,068;4,261;1,033;2,21E-4;220,57;103,30;0,00;0,00
5,069;4,259;1,032;2,21E-4;220,52;103,19;0,00;0,00
5,070;4,259;1,032;2,21E-4;220,52;103,19;0,00;0,00
5,071;4,260;1,033;2,21E-4;220,54;103,25;0,00;0,00
5,072;4,260;1,033;2,21E-4;220,55;103,25;0,00;0,00
5,073;4,259;1,031;2,21E-4;220,51;103,15;0,00;0,00
5,074;4,259;1,032;2,21E-4;220,52;103,21;0,00;0,00
5,075;4,259;1,032;2,21E-4;220,51;103,17;0,00;0,00
5,076;4,259;1,032;2,21E-4;220,51;103,17;0,00;0,00
5,077;4,261;1,033;2,21E-4;220,57;103,34;0,00;0,00
5,078;4,261;1,033;2,21E-4;220,57;103,34;0,00;0,00
5,079;4,261;1,034;2,21E-4;220,59;103,41;0,00;0,00
5,080;4,260;1,033;2,21E-4;220,55;103,30;0,00;0,00
5,081;4,260;1,032;2,21E-4;220,55;103,24;0,00;0,00
5,082;4,260;1,032;2,21E-4;220,53;103,24;0,00;0,00
5,083;4,259;1,032;2,21E-4;220,51;103,16;0,00;0,00
5,084;4,260;1,033;2,21E-4;220,54;103,27;0,00;0,00
5,085;4,260;1,033;2,21E-4;220,56;103,33;0,00;0,00
5,086;4,261;1,034;2,21E-4;220,58;103,39;0,00;0,00
5,087;4,260;1,033;2,21E-4;220,56;103,26;0,00;0,00
5,088;4,260;1,033;2,21E-4;220,56;103,28;0,00;0,00
5,089;4,260;1,033;2,21E-4;220,56;103,29;0,00;0,00
5,090;4,258;1,031;2,20E-4;220,50;103,08;0,00;0,00
5,091;4,259;1,032;2,21E-4;220,51;103,18;0,00;0,00
5,092;4,259;1,032;2,21E-4;220,53;103,19;0,00;0,00
5,093;4,260;1,033;2,21E-4;220,56;103,29;0,00;0,00
5,094;4,259;1,032;2,21E-4;220,52;103,17;0,00;0,00
5,095;4,260;1,033;2,21E-4;220,53;103,26;0,00;0,00
5,096;4,260;1,032;2,21E-4;220,54;103,24;0,00;0,00
5,097;4,260;1,032;2,21E-4;220,54;103,24;0,00;0,00
5,098;4,260;1,033;2,21E-4;220,55;103,25;0,00;0,00
5,099;4,260;1,033;2,21E-4;220,55;103,26;0,00;0,00
5,100;4,260;1,033;2,21E-4;220,55;103,30;0,00;0,00
5,101;4,260;1,033;2,21E-4;220,56;103,32;0,00;0,00
5,102;4,260;1,033;2,21E-4;220,54;103,28;0,00;0,00
5,103;4,260;1,032;2,21E-4;220,53;103,21;0,00;0,00
5,104;4,261;1,033;2,21E-4;220,57;103,35;0,00;0,00
5,105;4,260;1,033;2,21E-4;220,56;103,30;0,00;0,00
5,106;4,260;1,033;2,21E-4;220,54;103,29;0,00;0,00
5,107;4,259;1,032;2,21E-4;220,53;103,22;0,00;0,00
5,108;4,261;1,033;2,21E-4;220,57;103,35;0,00;0,00
5,109;4,262;1,035;2,21E-4;220,60;103,51;0,00;0,00
5,110;4,260;1,033;2,21E-4;220,55;103,29;0,00;0,00
5,111;4,259;1,032;2,21E-4;220,51;103,17;0,00;0,00
5,112;4,259;1,032;2,21E-4;220,53;103,24;0,00;0,00
5,113;4,259;1,032;2,21E-4;220,53;103,21;0,00;0,00
5,114;4,260;1,032;2,21E-4;220,54;103,22;0,00;0,00
5,115;4,258;1,031;2,20E-4;220,50;103,10;0,00;0,00
5,116;4,259;1,031;2,20E-4;220,50;103,10;0,00;0,00
5,117;4,259;1,031;2,21E-4;220,51;103,15;0,00;0,00
5,118;4,261;1,034;2,21E-4;220,59;103,40;0,00;0,00
5,119;4,262;1,034;2,21E-4;220,60;103,38;0,00;0,00
5,120;4,260;1,032;2,21E-4;220,54;103,22;0,00;0,00
5,121;4,259;1,032;2,21E-4;220,52;103,18;0,00;0,00
5,122;4,261;1,033;2,21E-4;220,56;103,31;0,00;0,00
5,123;4,259;1,032;2,21E-4;220,52;103,18;0,00;0,00
5,124;4,260;1,033;2,21E-4;220,55;103,27;0,00;0,00
5,125;4,261;1,033;2,21E-4;220,56;103,29;0,00;0,00
5,126;4,260;1,032;2,21E-4;220,54;103,22;0,00;0,00
5,127;4,259;1,031;2,21E-4;220,51;103,11;0,00;0,00
5,128;4,260;1,032;2,21E-4;220,54;103,23;0,00;0,00
5,129;4,259;1,031;2,21E-4;220,52;103,13;0,00;0,00
5,130;4,259;1,031;2,21E-4;220,50;103,09;0,00;0,00
5,131;4,260;1,031;2,21E-4;220,53;103,15;0,00;0,00
5,132;4,260;1,033;2,21E-4;220,55;103,29;0,00;0,00
5,133;4,260;1,032;2,21E-4;220,54;103,24;0,00;0,00
5,134;4,260;1,033;2,21E-4;220,55;103,28;0,00;0,00
5,135;4,260;1,033;2,21E-4;220,54;103,25;0,00;0,00
5,136;4,261;1,033;2,21E-4;220,57;103,30;0,00;0,00
5,137;4,260;1,032;2,21E-4;220,54;103,23;0,00;0,00
5,138;4,261;1,033;2,21E-4;220,57;103,32;0,00;0,00
5,139;4,260;1,033;2,21E-4;220,56;103,33;0,00;0,00
5,140;4,259;1,032;2,20E-4;220,50;103,16;0,00;0,00
5,141;4,259;1,032;2,21E-4;220,51;103,21;0,00;0,00
5,142;4,261;1,033;2,21E-4;220,56;103,34;0,00;0,00
5,143;4,260;1,033;2,21E-4;220,54;103,27;0,00;0,00
5,144;4,260;1,033;2,21E-4;220,55;103,30;0,00;0,00
5,145;4,261;1,034;2,21E-4;220,56;103,38;0,00;0,00
5,146;4,260;1,033;2,21E-4;220,54;103,27;0,00;0,00
5,147;4,259;1,032;2,21E-4;220,52;103,20;0,00;0,00
5,148;4,261;1,034;2,21E-4;220,56;103,36;0,00;0,00
5,149;4,260;1,033;2,21E-4;220,56;103,29;0,00;0,00
5,150;4,260;1,032;2,21E-4;220,53;103,21;0,00;0,00
5,151;4,259;1,032;2,21E-4;220,51;103,17;0,00;0,00
5,152;4,260;1,032;2,21E-4;220,53;103,25;0,00;0,00
5,153;4,260;1,033;2,21E-4;220,55;103,30;0,00;0,00
5,154;4,260;1,033;2,21E-4;220,55;103,29;0,00;0,00
5,155;4,259;1,032;2,21E-4;220,51;103,19;0,00;0,00
5,156;4,260;1,033;2,21E-4;220,54;103,30;0,00;0,00
5,157;4,261;1,034;2,21E-4;220,58;103,38;0,00;0,00
5,158;4,259;1,032;2,21E-4;220,53;103,22;0,00;0,00
5,159;4,260;1,033;2,21E-4;220,54;103,25;0,00;0,00
5,160;4,261;1,034;2,21E-4;220,57;103,35;0,00;0,00
5,161;4,260;1,032;2,21E-4;220,53;103,24;0,00;0,00
5,162;4,259;1,033;2,21E-4;220,53;103,25;0,00;0,00
5,163;4,260;1,032;2,21E-4;220,53;103,23;0,00;0,00
5,164;4,260;1,033;2,21E-4;220,53;103,26;0,00;0,00
5,165;4,259;1,032;2,21E-4;220,52;103,20;0,00;0,00
5,166;4,260;1,033;2,21E-4;220,54;103,27;0,00;0,00
5,167;4,260;1,033;2,21E-4;220,56;103,34;0,00;0,00
5,168;4,260;1,032;2,21E-4;220,54;103,24;0,00;0,00
5,169;4,261;1,033;2,21E-4;220,56;103,30;0,00;0,00
5,170;4,260;1,032;2,21E-4;220,53;103,23;0,00;0,00
5,171;4,260;1,033;2,21E-4;220,55;103,26;0,00;0,00
5,172;4,259;1,032;2,21E-4;220,52;103,21;0,00;0,00
5,173;4,259;1,032;2,21E-4;220,52;103,18;0,00;0,00
5,174;4,260;1,033;2,21E-4;220,55;103,30;0,00;0,00
5,175;4,259;1,032;2,21E-4;220,51;103,17;0,00;0,00
5,176;4,259;1,032;2,21E-4;220,51;103,16;0,00;0,00
5,177;4,260;1,033;2,21E-4;220,54;103,27;0,00;0,00
5,178;4,259;1,032;2,21E-4;220,52;103,17;0,00;0,00
5,179;4,260;1,032;2,21E-4;220,54;103,25;0,00;0,00
5,180;4,259;1,032;2,21E-4;220,51;103,16;0,00;0,00
5,181;4,260;1,033;2,21E-4;220,55;103,31;0,00;0,00
5,182;4,260;1,033;2,21E-4;220,54;103,26;0,00;0,00
5,183;4,260;1,033;2,21E-4;220,54;103,28;0,00;0,00
5,184;4,259;1,032;2,21E-4;220,51;103,19;0,00;0,00
5,185;4,258;1,031;2,20E-4;220,49;103,09;0,00;0,00
5,186;4,261;1,033;2,21E-4;220,57;103,31;0,00;0,00
5,187;4,260;1,033;2,21E-4;220,55;103,27;0,00;0,00
5,188;4,260;1,033;2,21E-4;220,54;103,27;0,00;0,00
5,189;4,260;1,033;2,21E-4;220,56;103,31;0,00;0,00
5,190;4,260;1,032;2,21E-4;220,53;103,23;0,00;0,00
5,191;4,259;1,032;2,21E-4;220,52;103,18;0,00;0,00
5,192;4,258;1,031;2,20E-4;220,49;103,11;0,00;0,00
5,193;4,260;1,033;2,21E-4;220,54;103,27;0,00;0,00
5,194;4,259;1,032;2,21E-4;220,51;103,18;0,00;0,00
5,195;4,260;1,032;2,21E-4;220,54;103,23;0,00;0,00
5,196;4,261;1,034;2,21E-4;220,59;103,40;0,00;0,00
5,197;4,261;1,033;2,21E-4;220,57;103,34;0,00;0,00
5,198;4,261;1,033;2,21E-4;220,58;103,34;0,00;0,00
5,199;4,260;1,033;2,21E-4;220,55;103,32;0,00;0,00
5,200;4,261;1,033;2,21E-4;220,56;103,33;0,00;0,00
5,201;4,259;1,032;2,21E-4;220,53;103,25;0,00;0,00
5,202;4,260;1,033;2,21E-4;220,55;103,25;0,00;0,00
5,203;4,261;1,034;2,21E-4;220,57;103,35;0,00;0,00
5,204;4,260;1,033;2,21E-4;220,55;103,27;0,00;0,00
5,205;4,260;1,033;2,21E-4;220,56;103,28;0,00;0,00
5,206;4,261;1,034;2,21E-4;220,57;103,36;0,00;0,00
5,207;4,260;1,033;2,21E-4;220,55;103,29;0,00;0,00
5,208;4,261;1,034;2,21E-4;220,57;103,36;0,00;0,00
5,209;4,261;1,034;2,21E-4;220,59;103,38;0,00;0,00
5,210;4,261;1,033;2,21E-4;220,57;103,34;0,00;0,00
5,211;4,260;1,032;2,21E-4;220,53;103,21;0,00;0,00
5,212;4,260;1,033;2,21E-4;220,55;103,30;0,00;0,00
5,213;4,260;1,032;2,21E-4;220,53;103,21;0,00;0,00
5,214;4,261;1,033;2,21E-4;220,56;103,32;0,00;0,00
5,215;4,261;1,034;2,21E-4;220,56;103,36;0,00;0,00
5,216;4,261;1,034;2,21E-4;220,57;103,36;0,00;0,00
5,217;4,260;1,032;2,21E-4;220,55;103,25;0,00;0,00
5,218;4,259;1,032;2,21E-4;220,52;103,17;0,00;0,00
5,219;4,260;1,032;2,21E-4;220,54;103,24;0,00;0,00
5,220;4,260;1,033;2,21E-4;220,55;103,31;0,00;0,00
5,221;4,260;1,033;2,21E-4;220,55;103,30;0,00;0,00
5,222;4,259;1,032;2,21E-4;220,52;103,18;0,00;0,00
5,223;4,259;1,032;2,21E-4;220,52;103,22;0,00;0,00
5,224;4,259;1,032;2,21E-4;220,51;103,16;0,00;0,00
5,225;4,260;1,032;2,21E-4;220,54;103,20;0,00;0,00
5,226;4,259;1,032;2,21E-4;220,51;103,16;0,00;0,00
5,227;4,260;1,032;2,21E-4;220,54;103,22;0,00;0,00
5,228;4,261;1,033;2,21E-4;220,57;103,33;0,00;0,00
5,229;4,261;1,033;2,21E-4;220,57;103,33;0,00;0,00
5,230;4,260;1,033;2,21E-4;220,54;103,28;0,00;0,00
5,231;4,260;1,032;2,21E-4;220,53;103,24;0,00;0,00
5,232;4,258;1,031;2,20E-4;220,49;103,09;0,00;0,00
5,233;4,260;1,033;2,21E-4;220,53;103,25;0,00;0,00
5,234;4,261;1,034;2,21E-4;220,58;103,36;0,00;0,00
5,235;4,261;1,034;2,21E-4;220,58;103,41;0,00;0,00
5,236;4,260;1,033;2,21E-4;220,55;103,31;0,00;0,00
5,237;4,260;1,033;2,21E-4;220,55;103,30;0,00;0,00
5,238;4,259;1,032;2,21E-4;220,51;103,15;0,00;0,00
5,239;4,259;1,032;2,21E-4;220,53;103,22;0,00;0,00
5,240;4,259;1,032;2,21E-4;220,52;103,17;0,00;0,00
5,241;4,259;1,032;2,21E-4;220,52;103,24;0,00;0,00
5,242;4,259;1,032;2,21E-4;220,51;103,15;0,00;0,00
5,243;4,259;1,032;2,21E-4;220,52;103,22;0,00;0,00
5,244;4,259;1,032;2,21E-4;220,52;103,23;0,00;0,00
5,245;4,261;1,034;2,21E-4;220,57;103,37;0,00;0,00
5,246;4,260;1,033;2,21E-4;220,55;103,35;0,00;0,00
5,247;4,259;1,033;2,21E-4;220,51;103,28;0,00;0,00
5,248;4,258;1,031;2,20E-4;220,49;103,15;0,00;0,00
5,249;4,259;1,032;2,21E-4;220,51;103,22;0,00;0,00
5,250;4,259;1,033;2,21E-4;220,52;103,27;0,00;0,00
5,251;4,258;1,032;2,20E-4;220,50;103,22;0,00;0,00
5,252;4,259;1,032;2,21E-4;220,50;103,17;0,00;0,00
5,253;4,260;1,033;2,21E-4;220,53;103,35;0,00;0,00
5,254;4,259;1,032;2,21E-4;220,50;103,23;0,00;0,00
5,255;4,257;1,031;2,20E-4;220,46;103,08;0,00;0,00
5,256;4,258;1,032;2,20E-4;220,49;103,21;0,00;0,00
5,257;4,258;1,032;2,20E-4;220,48;103,21;0,00;0,00
5,258;4,258;1,032;2,20E-4;220,47;103,20;0,00;0,00
5,259;4,258;1,032;2,20E-4;220,47;103,20;0,00;0,00
5,260;4,257;1,032;2,20E-4;220,46;103,16;0,00;0,00
5,261;4,259;1,033;2,21E-4;220,51;103,32;0,00;0,00
5,262;4,258;1,033;2,20E-4;220,49;103,29;0,00;0,00
5,263;4,258;1,033;2,20E-4;220,48;103,26;0,00;0,00
5,264;4,259;1,033;2,21E-4;220,51;103,35;0,00;0,00
5,265;4,258;1,033;2,20E-4;220,49;103,30;0,00;0,00
5,266;4,258;1,034;2,20E-4;220,49;103,35;0,00;0,00
5,267;4,258;1,033;2,20E-4;220,47;103,26;0,00;0,00
5,268;4,259;1,034;2,21E-4;220,50;103,38;0,00;0,00
5,269;4,259;1,034;2,21E-4;220,50;103,42;0,00;0,00
5,270;4,258;1,033;2,20E-4;220,49;103,33;0,00;0,00
5,271;4,257;1,033;2,20E-4;220,46;103,31;0,00;0,00
5,272;4,257;1,032;2,20E-4;220,45;103,23;0,00;0,00
5,273;4,257;1,032;2,20E-4;220,45;103,25;0,00;0,00
5,274;4,257;1,033;2,20E-4;220,45;103,28;0,00;0,00
5,275;4,256;1,032;2,20E-4;220,43;103,20;0,00;0,00
5,276;4,257;1,032;2,20E-4;220,44;103,24;0,00;0,00
5,277;4,257;1,033;2,20E-4;220,45;103,32;0,00;0,00
5,278;4,257;1,033;2,20E-4;220,46;103,32;0,00;0,00
5,279;4,258;1,034;2,20E-4;220,47;103,40;0,00;0,00
5,280;4,258;1,035;2,20E-4;220,49;103,48;0,00;0,00
5,281;4,256;1,033;2,20E-4;220,42;103,27;0,00;0,00
5,282;4,257;1,034;2,20E-4;220,45;103,37;0,00;0,00
5,283;4,256;1,033;2,20E-4;220,43;103,31;0,00;0,00
5,284;4,255;1,032;2,20E-4;220,39;103,22;0,00;0,00
5,285;4,256;1,033;2,20E-4;220,42;103,30;0,00;0,00
5,286;4,255;1,032;2,20E-4;220,39;103,24;0,00;0,00
5,287;4,256;1,034;2,20E-4;220,42;103,38;0,00;0,00
5,288;4,256;1,034;2,20E-4;220,43;103,40;0,00;0,00
5,289;4,256;1,034;2,20E-4;220,43;103,40;0,00;0,00
5,290;4,255;1,033;2,20E-4;220,39;103,31;0,00;0,00
5,291;4,255;1,033;2,20E-4;220,38;103,28;0,00;0,00
5,292;4,255;1,034;2,20E-4;220,40;103,38;0,00;0,00
5,293;4,255;1,034;2,20E-4;220,39;103,37;0,00;0,00
5,294;4,255;1,033;2,20E-4;220,37;103,35;0,00;0,00
5,295;4,255;1,034;2,20E-4;220,37;103,37;0,00;0,00
5,296;4,254;1,033;2,20E-4;220,35;103,31;0,00;0,00
5,297;4,253;1,033;2,20E-4;220,33;103,29;0,00;0,00
5,298;4,253;1,033;2,20E-4;220,33;103,30;0,00;0,00
5,299;4,254;1,034;2,20E-4;220,34;103,36;0,00;0,00
5,300;4,254;1,034;2,20E-4;220,34;103,39;0,00;0,00
5,301;4,253;1,033;2,20E-4;220,32;103,35;0,00;0,00
5,302;4,254;1,034;2,20E-4;220,34;103,43;0,00;0,00
5,303;4,253;1,034;2,20E-4;220,33;103,44;0,00;0,00
5,304;4,253;1,034;2,20E-4;220,31;103,42;0,00;0,00
5,305;4,253;1,034;2,20E-4;220,31;103,42;0,00;0,00
5,306;4,251;1,033;2,20E-4;220,26;103,31;0,00;0,00
5,307;4,250;1,032;2,20E-4;220,22;103,20;0,00;0,00
5,308;4,251;1,033;2,20E-4;220,25;103,32;0,00;0,00
5,309;4,251;1,034;2,20E-4;220,27;103,36;0,00;0,00
5,310;4,251;1,034;2,20E-4;220,26;103,40;0,00;0,00
5,311;4,251;1,034;2,20E-4;220,25;103,40;0,00;0,00
5,312;4,250;1,034;2,20E-4;220,24;103,40;0,00;0,00
5,313;4,251;1,035;2,20E-4;220,25;103,46;0,00;0,00
5,314;4,251;1,035;2,20E-4;220,27;103,54;0,00;0,00
5,315;4,250;1,034;2,20E-4;220,22;103,41;0,00;0,00
5,316;4,249;1,034;2,20E-4;220,20;103,42;0,00;0,00
5,317;4,251;1,036;2,20E-4;220,26;103,57;0,00;0,00
5,318;4,251;1,036;2,20E-4;220,24;103,60;0,00;0,00
5,319;4,249;1,035;2,20E-4;220,21;103,53;0,00;0,00
5,320;4,250;1,036;2,20E-4;220,21;103,55;0,00;0,00
5,321;4,250;1,036;2,20E-4;220,23;103,62;0,00;0,00
5,322;4,249;1,035;2,20E-4;220,20;103,54;0,00;0,00
5,323;4,248;1,035;2,20E-4;220,16;103,46;0,00;0,00
5,324;4,247;1,034;2,20E-4;220,13;103,44;0,00;0,00
5,325;4,247;1,034;2,20E-4;220,13;103,44;0,00;0,00
5,326;4,248;1,035;2,20E-4;220,15;103,52;0,00;0,00
5,327;4,247;1,035;2,20E-4;220,14;103,52;0,00;0,00
5,328;4,247;1,036;2,20E-4;220,14;103,58;0,00;0,00
5,329;4,247;1,036;2,20E-4;220,13;103,57;0,00;0,00
5,330;4,247;1,036;2,20E-4;220,12;103,56;0,00;0,00
5,331;4,246;1,036;2,20E-4;220,09;103,55;0,00;0,00
5,332;4,246;1,035;2,20E-4;220,08;103,52;0,00;0,00
5,333;4,246;1,036;2,20E-4;220,09;103,57;0,00;0,00
5,334;4,246;1,036;2,20E-4;220,10;103,63;0,00;0,00
5,335;4,245;1,035;2,20E-4;220,05;103,49;0,00;0,00
5,336;4,245;1,035;2,20E-4;220,05;103,53;0,00;0,00
5,337;4,244;1,035;2,20E-4;220,03;103,48;0,00;0,00
5,338;4,244;1,036;2,20E-4;220,04;103,59;0,00;0,00
5,339;4,244;1,036;2,20E-4;220,03;103,60;0,00;0,00
5,340;4,243;1,036;2,20E-4;220,01;103,58;0,00;0,00
5,341;4,245;1,037;2,20E-4;220,05;103,75;0,00;0,01
5,342;4,243;1,036;2,20E-4;220,01;103,60;0,00;0,00
5,343;4,242;1,036;2,20E-4;219,98;103,56;0,00;0,00
5,344;4,242;1,036;2,20E-4;219,98;103,60;0,00;0,00
5,345;4,241;1,035;2,20E-4;219,93;103,49;0,00;0,00
5,346;4,241;1,035;2,20E-4;219,93;103,52;0,00;0,00
5,347;4,243;1,037;2,20E-4;219,99;103,72;0,00;0,01
5,348;4,243;1,037;2,20E-4;219,99;103,74;0,00;0,01
5,349;4,243;1,038;2,20E-4;220,00;103,78;0,00;0,01
5,350;4,241;1,037;2,20E-4;219,95;103,67;0,00;0,01
5,351;4,240;1,036;2,20E-4;219,92;103,59;0,00;0,00
5,352;4,240;1,036;2,20E-4;219,91;103,60;0,00;0,00
5,353;4,242;1,038;2,20E-4;219,97;103,85;0,00;0,01
5,354;4,242;1,039;2,20E-4;219,96;103,85;0,00;0,01
5,355;4,240;1,037;2,20E-4;219,92;103,74;0,00;0,01
5,356;4,241;1,039;2,20E-4;219,94;103,85;0,00;0,01
5,357;4,240;1,037;2,20E-4;219,90;103,72;0,00;0,01
5,358;4,238;1,035;2,20E-4;219,84;103,54;0,00;0,00
5,359;4,237;1,035;2,20E-4;219,82;103,53;0,00;0,00
5,360;4,239;1,037;2,20E-4;219,88;103,73;0,00;0,01
5,361;4,240;1,038;2,20E-4;219,90;103,82;0,00;0,01
5,362;4,239;1,038;2,20E-4;219,88;103,78;0,00;0,01
5,363;4,239;1,038;2,20E-4;219,88;103,78;0,00;0,01
5,364;4,239;1,038;2,20E-4;219,87;103,81;0,00;0,01
5,365;4,238;1,038;2,20E-4;219,84;103,80;0,00;0,01
5,366;4,237;1,038;2,20E-4;219,82;103,75;0,00;0,01
5,367;4,239;1,039;2,20E-4;219,86;103,87;0,00;0,01
5,368;4,237;1,037;2,20E-4;219,81;103,71;0,00;0,01
5,369;4,237;1,037;2,20E-4;219,80;103,74;0,00;0,01
5,370;4,236;1,037;2,20E-4;219,78;103,67;0,00;0,01
5,371;4,237;1,038;2,20E-4;219,82;103,84;0,00;0,01
5,372;4,237;1,039;2,20E-4;219,80;103,88;0,00;0,01
5,373;4,236;1,038;2,20E-4;219,78;103,77;0,00;0,01
5,374;4,236;1,038;2,20E-4;219,78;103,84;0,00;0,01
5,375;4,236;1,038;2,20E-4;219,76;103,79;0,00;0,01
5,376;4,236;1,038;2,20E-4;219,77;103,82;0,00;0,01
5,377;4,235;1,038;2,20E-4;219,75;103,76;0,00;0,01
5,378;4,236;1,039;2,20E-4;219,78;103,87;0,00;0,01
5,379;4,237;1,040;2,20E-4;219,82;104,03;0,00;0,01
5,380;4,235;1,038;2,20E-4;219,75;103,85;0,00;0,01
5,381;4,234;1,038;2,20E-4;219,72;103,76;0,00;0,01
5,382;4,236;1,039;2,20E-4;219,76;103,93;0,00;0,01
5,383;4,234;1,037;2,20E-4;219,71;103,73;0,00;0,01
5,384;4,233;1,037;2,20E-4;219,69;103,71;0,00;0,01
5,385;4,233;1,037;2,20E-4;219,69;103,71;0,00;0,01
5,386;4,233;1,037;2,20E-4;219,67;103,66;0,00;0,01
5,387;4,232;1,037;2,20E-4;219,66;103,69;0,00;0,01
5,388;4,234;1,039;2,20E-4;219,72;103,90;0,00;0,01
5,389;4,234;1,039;2,20E-4;219,71;103,92;0,00;0,01
5,390;4,232;1,038;2,20E-4;219,66;103,78;0,00;0,01
5,391;4,232;1,038;2,20E-4;219,66;103,76;0,00;0,01
5,392;4,233;1,038;2,20E-4;219,68;103,85;0,00;0,01
5,393;4,233;1,039;2,20E-4;219,69;103,87;0,00;0,01
5,394;4,232;1,038;2,20E-4;219,65;103,76;0,00;0,01
5,395;4,232;1,038;2,20E-4;219,65;103,82;0,00;0,01
5,396;4,231;1,037;2,20E-4;219,62;103,72;0,00;0,01
5,397;4,231;1,037;2,20E-4;219,61;103,71;0,00;0,01
5,398;4,231;1,038;2,20E-4;219,63;103,79;0,00;0,01
5,399;4,231;1,038;2,20E-4;219,63;103,79;0,00;0,01
5,400;4,231;1,038;2,20E-4;219,62;103,85;0,00;0,01
5,401;4,231;1,038;2,20E-4;219,62;103,84;0,00;0,01
5,402;4,231;1,039;2,20E-4;219,62;103,87;0,00;0,01
5,403;4,231;1,038;2,20E-4;219,60;103,84;0,00;0,01
5,404;4,230;1,038;2,20E-4;219,59;103,81;0,00;0,01
5,405;4,231;1,039;2,20E-4;219,61;103,87;0,00;0,01
5,406;4,230;1,038;2,20E-4;219,58;103,81;0,00;0,01
5,407;4,229;1,038;2,20E-4;219,57;103,77;0,00;0,01
5,408;4,230;1,038;2,20E-4;219,58;103,84;0,00;0,01
5,409;4,231;1,039;2,20E-4;219,60;103,92;0,00;0,01
5,410;4,230;1,039;2,20E-4;219,57;103,86;0,00;0,01
5,411;4,229;1,038;2,20E-4;219,55;103,77;0,00;0,01
5,412;4,229;1,038;2,20E-4;219,55;103,80;0,00;0,01
5,413;4,228;1,038;2,20E-4;219,53;103,76;0,00;0,01
5,414;4,229;1,038;2,20E-4;219,54;103,82;0,00;0,01
5,415;4,229;1,039;2,20E-4;219,56;103,91;0,00;0,01
5,416;4,229;1,040;2,20E-4;219,56;103,96;0,00;0,01
5,417;4,228;1,038;2,20E-4;219,53;103,83;0,00;0,01
5,418;4,228;1,039;2,20E-4;219,53;103,86;0,00;0,01
5,419;4,229;1,039;2,20E-4;219,54;103,91;0,00;0,01
5,420;4,228;1,039;2,20E-4;219,52;103,89;0,00;0,01
5,421;4,228;1,039;2,20E-4;219,52;103,94;0,00;0,01
5,422;4,227;1,038;2,19E-4;219,49;103,83;0,00;0,01
5,423;4,228;1,040;2,20E-4;219,53;103,98;0,00;0,01
5,424;4,227;1,039;2,19E-4;219,50;103,92;0,00;0,01
5,425;4,226;1,039;2,19E-4;219,46;103,85;0,00;0,01
5,426;4,226;1,039;2,19E-4;219,47;103,86;0,00;0,01
5,427;4,228;1,040;2,20E-4;219,51;104,02;0,00;0,01
5,428;4,227;1,040;2,19E-4;219,48;103,97;0,00;0,01
5,429;4,227;1,040;2,19E-4;219,49;104,04;0,00;0,01
5,430;4,226;1,039;2,19E-4;219,46;103,92;0,00;0,01
5,431;4,227;1,040;2,19E-4;219,48;104,03;0,00;0,01
5,432;4,226;1,040;2,19E-4;219,47;103,99;0,00;0,01
5,433;4,225;1,039;2,19E-4;219,44;103,89;0,00;0,01
5,434;4,225;1,039;2,19E-4;219,42;103,90;0,00;0,01
5,435;4,225;1,039;2,19E-4;219,43;103,91;0,00;0,01
5,436;4,225;1,040;2,19E-4;219,42;103,96;0,00;0,01
5,437;4,224;1,039;2,19E-4;219,39;103,86;0,00;0,01
5,438;4,223;1,038;2,19E-4;219,36;103,83;0,00;0,01
5,439;4,224;1,039;2,19E-4;219,40;103,94;0,00;0,01
5,440;4,224;1,039;2,19E-4;219,38;103,91;0,00;0,01
5,441;4,223;1,038;2,19E-4;219,35;103,82;0,00;0,01
5,442;4,225;1,041;2,19E-4;219,41;104,09;0,00;0,01
5,443;4,224;1,041;2,19E-4;219,40;104,07;0,00;0,01
5,444;4,224;1,040;2,19E-4;219,38;104,00;0,00;0,01
5,445;4,224;1,040;2,19E-4;219,38;104,04;0,00;0,01
5,446;4,225;1,041;2,19E-4;219,41;104,13;0,00;0,01
5,447;4,225;1,042;2,19E-4;219,41;104,19;0,00;0,01
5,448;4,225;1,042;2,19E-4;219,42;104,22;0,00;0,01
5,449;4,223;1,041;2,19E-4;219,36;104,06;0,00;0,01
5,450;4,223;1,040;2,19E-4;219,36;104,05;0,00;0,01
5,451;4,223;1,041;2,19E-4;219,34;104,06;0,01;0,01
5,452;4,223;1,041;2,19E-4;219,35;104,12;0,00;0,01
5,453;4,222;1,041;2,19E-4;219,34;104,10;0,01;0,01
5,454;4,220;1,039;2,19E-4;219,28;103,91;0,01;0,01
5,455;4,221;1,040;2,19E-4;219,29;104,00;0,01;0,01
5,456;4,220;1,039;2,19E-4;219,27;103,92;0,01;0,01
5,457;4,221;1,040;2,19E-4;219,30;104,02;0,01;0,01
5,458;4,221;1,040;2,19E-4;219,28;104,00;0,01;0,01
5,459;4,221;1,040;2,19E-4;219,28;104,02;0,01;0,01
5,460;4,220;1,040;2,19E-4;219,27;103,99;0,01;0,01
5,461;4,220;1,040;2,19E-4;219,27;104,05;0,01;0,01
5,462;4,221;1,041;2,19E-4;219,28;104,10;0,01;0,01
5,463;4,220;1,041;2,19E-4;219,28;104,07;0,01;0,01
5,464;4,220;1,041;2,19E-4;219,27;104,09;0,01;0,01
5,465;4,220;1,040;2,19E-4;219,25;104,04;0,01;0,01
5,466;4,219;1,040;2,19E-4;219,24;104,00;0,01;0,01
5,467;4,219;1,040;2,19E-4;219,23;104,02;0,01;0,01
5,468;4,219;1,041;2,19E-4;219,24;104,07;0,01;0,01
5,469;4,218;1,040;2,19E-4;219,21;104,01;0,01;0,01
5,470;4,220;1,042;2,19E-4;219,26;104,15;0,01;0,01
5,471;4,219;1,041;2,19E-4;219,24;104,11;0,01;0,01
5,472;4,219;1,041;2,19E-4;219,22;104,11;0,01;0,01
5,473;4,219;1,042;2,19E-4;219,24;104,19;0,01;0,01
5,474;4,219;1,041;2,19E-4;219,22;104,13;0,01;0,01
5,475;4,219;1,042;2,19E-4;219,24;104,18;0,01;0,01
5,476;4,219;1,042;2,19E-4;219,23;104,16;0,01;0,01
5,477;4,219;1,042;2,19E-4;219,22;104,15;0,01;0,01
5,478;4,219;1,042;2,19E-4;219,23;104,17;0,01;0,01
5,479;4,219;1,042;2,19E-4;219,22;104,18;0,01;0,01
5,480;4,219;1,042;2,19E-4;219,23;104,21;0,01;0,01
5,481;4,219;1,042;2,19E-4;219,22;104,22;0,01;0,01
5,482;4,219;1,042;2,19E-4;219,22;104,18;0,01;0,01
5,483;4,217;1,041;2,19E-4;219,18;104,09;0,01;0,01
5,484;4,216;1,040;2,19E-4;219,15;104,02;0,01;0,01
5,485;4,218;1,041;2,19E-4;219,19;104,12;0,01;0,01
5,486;4,218;1,042;2,19E-4;219,20;104,20;0,01;0,01
5,487;4,217;1,041;2,19E-4;219,16;104,06;0,01;0,01
5,488;4,216;1,040;2,19E-4;219,13;103,97;0,01;0,01
5,489;4,218;1,042;2,19E-4;219,19;104,19;0,01;0,01
5,490;4,217;1,041;2,19E-4;219,17;104,10;0,01;0,01
5,491;4,217;1,041;2,19E-4;219,17;104,14;0,01;0,01
5,492;4,216;1,041;2,19E-4;219,15;104,08;0,01;0,01
5,493;4,215;1,040;2,19E-4;219,11;104,00;0,01;0,01
5,494;4,216;1,041;2,19E-4;219,15;104,10;0,01;0,01
5,495;4,215;1,040;2,19E-4;219,11;104,01;0,01;0,01
5,496;4,216;1,041;2,19E-4;219,12;104,08;0,01;0,01
5,497;4,216;1,041;2,19E-4;219,13;104,07;0,01;0,01
5,498;4,215;1,040;2,19E-4;219,10;104,02;0,01;0,01
5,499;4,216;1,041;2,19E-4;219,12;104,08;0,01;0,01
5,500;4,216;1,042;2,19E-4;219,15;104,16;0,01;0,01
5,501;4,216;1,042;2,19E-4;219,14;104,18;0,01;0,01
5,502;4,215;1,040;2,19E-4;219,10;104,01;0,01;0,01
5,503;4,214;1,040;2,19E-4;219,08;104,04;0,01;0,01
5,504;4,215;1,041;2,19E-4;219,11;104,12;0,01;0,01
5,505;4,216;1,042;2,19E-4;219,14;104,16;0,01;0,01
5,506;4,216;1,042;2,19E-4;219,12;104,18;0,01;0,01
5,507;4,216;1,042;2,19E-4;219,14;104,23;0,01;0,01
5,508;4,216;1,042;2,19E-4;219,12;104,18;0,01;0,01
5,509;4,216;1,042;2,19E-4;219,14;104,23;0,01;0,01
5,510;4,214;1,041;2,19E-4;219,09;104,11;0,01;0,01
5,511;4,215;1,042;2,19E-4;219,11;104,22;0,01;0,01
5,512;4,213;1,041;2,19E-4;219,05;104,05;0,01;0,01
5,513;4,214;1,041;2,19E-4;219,06;104,07;0,01;0,01
5,514;4,214;1,041;2,19E-4;219,06;104,09;0,01;0,01
5,515;4,213;1,040;2,19E-4;219,05;104,03;0,01;0,01
5,516;4,214;1,041;2,19E-4;219,06;104,09;0,01;0,01
5,517;4,213;1,041;2,19E-4;219,05;104,08;0,01;0,01
5,518;4,213;1,041;2,19E-4;219,04;104,08;0,01;0,01
5,519;4,214;1,041;2,19E-4;219,05;104,12;0,01;0,01
5,520;4,215;1,042;2,19E-4;219,09;104,22;0,01;0,01
5,521;4,213;1,041;2,19E-4;219,04;104,12;0,01;0,01
5,522;4,214;1,042;2,19E-4;219,06;104,16;0,01;0,01
5,523;4,213;1,041;2,19E-4;219,04;104,13;0,01;0,01
5,524;4,214;1,042;2,19E-4;219,07;104,23;0,01;0,01
5,525;4,214;1,042;2,19E-4;219,06;104,22;0,01;0,01
5,526;4,213;1,042;2,19E-4;219,05;104,22;0,01;0,01
5,527;4,214;1,042;2,19E-4;219,06;104,19;0,01;0,01
5,528;4,214;1,043;2,19E-4;219,07;104,28;0,01;0,01
5,529;4,214;1,043;2,19E-4;219,06;104,27;0,01;0,01
5,530;4,214;1,043;2,19E-4;219,06;104,27;0,01;0,01
5,531;4,214;1,043;2,19E-4;219,06;104,26;0,01;0,01
5,532;4,214;1,043;2,19E-4;219,06;104,32;0,01;0,01
5,533;4,214;1,043;2,19E-4;219,07;104,33;0,01;0,01
5,534;4,213;1,042;2,19E-4;219,03;104,22;0,01;0,01
5,535;4,213;1,043;2,19E-4;219,05;104,28;0,01;0,01
5,536;4,212;1,042;2,19E-4;219,01;104,17;0,01;0,01
5,537;4,213;1,043;2,19E-4;219,04;104,29;0,01;0,01
5,538;4,212;1,042;2,19E-4;218,99;104,17;0,01;0,01
5,539;4,211;1,041;2,19E-4;218,97;104,13;0,01;0,01
5,540;4,212;1,043;2,19E-4;219,02;104,26;0,01;0,01
5,541;4,211;1,041;2,19E-4;218,99;104,14;0,01;0,01
5,542;4,211;1,042;2,19E-4;218,99;104,21;0,01;0,01
5,543;4,212;1,042;2,19E-4;219,01;104,25;0,01;0,01
5,544;4,213;1,043;2,19E-4;219,03;104,35;0,01;0,01
5,545;4,212;1,043;2,19E-4;219,01;104,27;0,01;0,01
5,546;4,211;1,042;2,19E-4;218,99;104,23;0,01;0,01
5,547;4,211;1,042;2,19E-4;218,99;104,25;0,01;0,01
5,548;4,209;1,041;2,19E-4;218,92;104,07;0,01;0,01
5,549;4,209;1,040;2,19E-4;218,92;104,04;0,01;0,01
5,550;4,210;1,042;2,19E-4;218,95;104,16;0,01;0,01
5,551;4,212;1,043;2,19E-4;219,01;104,34;0,01;0,01
5,552;4,212;1,043;2,19E-4;219,00;104,35;0,01;0,01
5,553;4,210;1,041;2,19E-4;218,95;104,15;0,01;0,01
5,554;4,211;1,042;2,19E-4;218,97;104,22;0,01;0,01
5,555;4,210;1,041;2,19E-4;218,93;104,13;0,01;0,01
5,556;4,208;1,040;2,19E-4;218,89;104,01;0,01;0,01
5,557;4,209;1,041;2,19E-4;218,91;104,10;0,01;0,01
5,558;4,210;1,042;2,19E-4;218,95;104,23;0,01;0,01
5,559;4,210;1,042;2,19E-4;218,93;104,21;0,01;0,01
5,560;4,209;1,042;2,19E-4;218,90;104,15;0,01;0,01
5,561;4,210;1,043;2,19E-4;218,95;104,29;0,01;0,01
5,562;4,209;1,042;2,19E-4;218,91;104,23;0,01;0,01
5,563;4,210;1,043;2,19E-4;218,95;104,31;0,01;0,01
5,564;4,210;1,043;2,19E-4;218,95;104,35;0,01;0,01
5,565;4,211;1,044;2,19E-4;218,97;104,41;0,01;0,01
5,566;4,210;1,043;2,19E-4;218,93;104,30;0,01;0,01
5,567;4,209;1,042;2,19E-4;218,91;104,22;0,01;0,01
5,568;4,209;1,043;2,19E-4;218,92;104,28;0,01;0,01
5,569;4,210;1,043;2,19E-4;218,93;104,28;0,01;0,01
5,570;4,209;1,043;2,19E-4;218,92;104,31;0,01;0,01
5,571;4,211;1,044;2,19E-4;218,97;104,42;0,01;0,01
5,572;4,209;1,043;2,19E-4;218,92;104,31;0,01;0,01
5,573;4,209;1,043;2,19E-4;218,90;104,25;0,01;0,01
5,574;4,210;1,043;2,19E-4;218,94;104,34;0,01;0,01
5,575;4,209;1,043;2,19E-4;218,92;104,31;0,01;0,01
5,576;4,209;1,043;2,19E-4;218,92;104,32;0,01;0,01
5,577;4,210;1,044;2,19E-4;218,95;104,41;0,01;0,01
5,578;4,210;1,044;2,19E-4;218,94;104,39;0,01;0,01
5,579;4,210;1,043;2,19E-4;218,93;104,34;0,01;0,01
5,580;4,209;1,043;2,19E-4;218,89;104,25;0,01;0,01
5,581;4,209;1,043;2,19E-4;218,92;104,33;0,01;0,01
5,582;4,208;1,042;2,19E-4;218,86;104,20;0,01;0,01
5,583;4,208;1,043;2,19E-4;218,88;104,26;0,01;0,01
5,584;4,209;1,043;2,19E-4;218,90;104,29;0,01;0,01
5,585;4,209;1,043;2,19E-4;218,90;104,34;0,01;0,01
5,586;4,209;1,044;2,19E-4;218,91;104,36;0,01;0,01
5,587;4,211;1,046;2,19E-4;218,96;104,56;0,01;0,01
5,588;4,209;1,044;2,19E-4;218,90;104,36;0,01;0,01
5,589;4,209;1,044;2,19E-4;218,90;104,42;0,01;0,01
5,590;4,208;1,044;2,19E-4;218,89;104,35;0,01;0,01
5,591;4,208;1,043;2,19E-4;218,87;104,28;0,01;0,01
5,592;4,208;1,043;2,19E-4;218,87;104,27;0,01;0,01
5,593;4,208;1,043;2,19E-4;218,87;104,30;0,01;0,01
5,594;4,207;1,043;2,19E-4;218,85;104,26;0,01;0,01
5,595;4,208;1,044;2,19E-4;218,89;104,35;0,01;0,01
5,596;4,208;1,044;2,19E-4;218,88;104,35;0,01;0,01
5,597;4,208;1,043;2,19E-4;218,87;104,31;0,01;0,01
5,598;4,208;1,043;2,19E-4;218,87;104,31;0,01;0,01
5,599;4,206;1,041;2,19E-4;218,80;104,11;0,01;0,01
5,600;4,207;1,042;2,19E-4;218,83;104,20;0,01;0,01
5,601;4,207;1,043;2,19E-4;218,85;104,26;0,01;0,01
5,602;4,207;1,042;2,19E-4;218,83;104,21;0,01;0,01
5,603;4,206;1,042;2,19E-4;218,81;104,19;0,01;0,01
5,604;4,206;1,042;2,19E-4;218,81;104,22;0,01;0,01
5,605;4,206;1,042;2,19E-4;218,81;104,24;0,01;0,01
5,606;4,206;1,042;2,19E-4;218,81;104,20;0,01;0,01
5,607;4,207;1,043;2,19E-4;218,84;104,27;0,01;0,01
5,608;4,206;1,042;2,19E-4;218,81;104,22;0,01;0,01
5,609;4,206;1,043;2,19E-4;218,82;104,30;0,01;0,01
5,610;4,207;1,044;2,19E-4;218,85;104,37;0,01;0,01
5,611;4,207;1,044;2,19E-4;218,84;104,39;0,01;0,01
5,612;4,207;1,044;2,19E-4;218,84;104,38;0,01;0,01
5,613;4,207;1,044;2,19E-4;218,84;104,39;0,01;0,01
5,614;4,207;1,045;2,19E-4;218,85;104,45;0,01;0,01
5,615;4,206;1,043;2,19E-4;218,80;104,28;0,01;0,01
5,616;4,206;1,043;2,19E-4;218,80;104,31;0,01;0,01
5,617;4,206;1,044;2,19E-4;218,83;104,38;0,01;0,01
5,618;4,205;1,043;2,19E-4;218,80;104,30;0,01;0,01
5,619;4,205;1,043;2,19E-4;218,78;104,28;0,01;0,01
5,620;4,207;1,044;2,19E-4;218,83;104,44;0,01;0,01
5,621;4,206;1,044;2,19E-4;218,81;104,39;0,01;0,01
5,622;4,205;1,043;2,19E-4;218,78;104,33;0,01;0,01
5,623;4,206;1,044;2,19E-4;218,81;104,38;0,01;0,01
5,624;4,204;1,042;2,19E-4;218,75;104,23;0,01;0,01
5,625;4,204;1,042;2,19E-4;218,75;104,24;0,01;0,01
5,626;4,204;1,043;2,19E-4;218,75;104,28;0,01;0,01
5,627;4,205;1,043;2,19E-4;218,77;104,31;0,01;0,01
5,628;4,205;1,044;2,19E-4;218,79;104,35;0,01;0,01
5,629;4,205;1,044;2,19E-4;218,79;104,38;0,01;0,01
5,630;4,204;1,043;2,19E-4;218,76;104,28;0,01;0,01
5,631;4,204;1,043;2,19E-4;218,75;104,26;0,01;0,01
5,632;4,204;1,043;2,19E-4;218,75;104,33;0,01;0,01
5,633;4,205;1,044;2,19E-4;218,79;104,43;0,01;0,01
5,634;4,205;1,044;2,19E-4;218,79;104,43;0,01;0,01
5,635;4,204;1,044;2,19E-4;218,76;104,39;0,01;0,01
5,636;4,203;1,043;2,19E-4;218,73;104,30;0,01;0,01
5,637;4,204;1,044;2,19E-4;218,75;104,39;0,01;0,01
5,638;4,204;1,043;2,19E-4;218,74;104,30;0,01;0,01
5,639;4,203;1,043;2,19E-4;218,73;104,31;0,01;0,01
5,640;4,203;1,043;2,19E-4;218,73;104,33;0,01;0,01
5,641;4,203;1,043;2,19E-4;218,72;104,30;0,01;0,01
5,642;4,203;1,043;2,19E-4;218,72;104,32;0,01;0,01
5,643;4,203;1,043;2,19E-4;218,72;104,31;0,01;0,01
5,644;4,204;1,044;2,19E-4;218,75;104,44;0,01;0,01
5,645;4,203;1,043;2,19E-4;218,70;104,30;0,01;0,01
5,646;4,203;1,043;2,19E-4;218,70;104,30;0,01;0,01
5,647;4,203;1,044;2,19E-4;218,72;104,38;0,01;0,01
5,648;4,202;1,043;2,19E-4;218,69;104,33;0,01;0,01
5,649;4,201;1,042;2,19E-4;218,67;104,23;0,01;0,01
5,650;4,202;1,043;2,19E-4;218,69;104,34;0,01;0,01
5,651;4,202;1,043;2,19E-4;218,70;104,33;0,01;0,01
5,652;4,201;1,043;2,19E-4;218,65;104,25;0,01;0,01
5,653;4,201;1,042;2,19E-4;218,64;104,19;0,01;0,01
5,654;4,202;1,043;2,19E-4;218,68;104,32;0,01;0,01
5,655;4,203;1,045;2,19E-4;218,71;104,45;0,01;0,01
5,656;4,203;1,044;2,19E-4;218,71;104,44;0,01;0,01
5,657;4,202;1,043;2,19E-4;218,68;104,35;0,01;0,01
5,658;4,202;1,044;2,19E-4;218,69;104,41;0,01;0,01
5,659;4,204;1,045;2,19E-4;218,73;104,51;0,01;0,01
5,660;4,201;1,043;2,19E-4;218,66;104,31;0,01;0,01
5,661;4,201;1,043;2,19E-4;218,66;104,32;0,01;0,01
5,662;4,202;1,044;2,19E-4;218,69;104,43;0,01;0,01
5,663;4,202;1,044;2,19E-4;218,67;104,36;0,01;0,01
5,664;4,202;1,044;2,19E-4;218,69;104,42;0,01;0,01
5,665;4,202;1,044;2,19E-4;218,68;104,43;0,01;0,01
5,666;4,203;1,045;2,19E-4;218,70;104,52;0,01;0,01
5,667;4,203;1,045;2,19E-4;218,70;104,49;0,01;0,01
5,668;4,202;1,045;2,19E-4;218,68;104,46;0,01;0,01
5,669;4,201;1,044;2,19E-4;218,66;104,41;0,01;0,01
5,670;4,200;1,043;2,19E-4;218,63;104,29;0,01;0,01
5,671;4,201;1,044;2,19E-4;218,66;104,38;0,01;0,01
5,672;4,200;1,043;2,19E-4;218,63;104,27;0,01;0,01
5,673;4,200;1,042;2,19E-4;218,61;104,25;0,01;0,01
5,674;4,201;1,043;2,19E-4;218,64;104,33;0,01;0,01
5,675;4,201;1,044;2,19E-4;218,65;104,39;0,01;0,01
5,676;4,201;1,044;2,19E-4;218,66;104,39;0,01;0,01
5,677;4,202;1,045;2,19E-4;218,67;104,51;0,01;0,01
5,678;4,201;1,044;2,19E-4;218,65;104,44;0,01;0,01
5,679;4,200;1,044;2,19E-4;218,63;104,36;0,01;0,01
5,680;4,202;1,045;2,19E-4;218,67;104,49;0,01;0,01
5,681;4,201;1,045;2,19E-4;218,66;104,50;0,01;0,01
5,682;4,202;1,046;2,19E-4;218,69;104,58;0,01;0,01
5,683;4,201;1,045;2,19E-4;218,67;104,50;0,01;0,01
5,684;4,201;1,045;2,19E-4;218,66;104,48;0,01;0,01
5,685;4,200;1,044;2,19E-4;218,60;104,36;0,01;0,01
5,686;4,200;1,044;2,19E-4;218,63;104,43;0,01;0,01
5,687;4,200;1,044;2,19E-4;218,63;104,42;0,01;0,01
5,688;4,202;1,046;2,19E-4;218,68;104,58;0,01;0,01
5,689;4,200;1,045;2,19E-4;218,64;104,48;0,01;0,01
5,690;4,200;1,043;2,19E-4;218,61;104,35;0,01;0,01
5,691;4,200;1,044;2,19E-4;218,61;104,40;0,01;0,01
5,692;4,200;1,044;2,19E-4;218,62;104,43;0,01;0,01
5,693;4,200;1,044;2,19E-4;218,61;104,42;0,01;0,01
5,694;4,200;1,045;2,19E-4;218,61;104,48;0,01;0,01
5,695;4,200;1,045;2,19E-4;218,61;104,45;0,01;0,01
5,696;4,200;1,044;2,19E-4;218,61;104,43;0,01;0,01
5,697;4,200;1,045;2,19E-4;218,63;104,51;0,01;0,01
5,698;4,199;1,044;2,19E-4;218,60;104,42;0,01;0,01
5,699;4,200;1,045;2,19E-4;218,62;104,50;0,01;0,01
5,700;4,200;1,045;2,19E-4;218,61;104,45;0,01;0,01
5,701;4,199;1,044;2,19E-4;218,58;104,43;0,01;0,01
5,702;4,199;1,044;2,19E-4;218,58;104,39;0,01;0,01
5,703;4,198;1,043;2,19E-4;218,57;104,33;0,01;0,01
5,704;4,199;1,044;2,19E-4;218,57;104,36;0,01;0,01
5,705;4,200;1,045;2,19E-4;218,61;104,51;0,01;0,01
5,706;4,198;1,044;2,19E-4;218,56;104,39;0,01;0,01
5,707;4,199;1,044;2,19E-4;218,58;104,41;0,01;0,01
5,708;4,198;1,044;2,19E-4;218,57;104,39;0,01;0,01
5,709;4,200;1,045;2,19E-4;218,60;104,49;0,01;0,01
5,710;4,199;1,044;2,19E-4;218,59;104,45;0,01;0,01
5,711;4,200;1,046;2,19E-4;218,62;104,56;0,01;0,01
5,712;4,198;1,044;2,19E-4;218,57;104,40;0,01;0,01
5,713;4,199;1,045;2,19E-4;218,58;104,45;0,01;0,01
5,714;4,199;1,045;2,19E-4;218,60;104,52;0,01;0,01
5,715;4,199;1,045;2,19E-4;218,59;104,54;0,01;0,01
5,716;4,198;1,044;2,19E-4;218,57;104,44;0,01;0,01
5,717;4,198;1,044;2,19E-4;218,56;104,41;0,01;0,01
5,718;4,198;1,045;2,19E-4;218,56;104,45;0,01;0,01
5,719;4,198;1,045;2,19E-4;218,56;104,48;0,01;0,01
5,720;4,197;1,044;2,19E-4;218,54;104,38;0,01;0,01
5,721;4,198;1,045;2,19E-4;218,55;104,45;0,01;0,01
5,722;4,199;1,045;2,19E-4;218,59;104,51;0,01;0,01
5,723;4,199;1,045;2,19E-4;218,59;104,54;0,01;0,01
5,724;4,198;1,045;2,19E-4;218,57;104,55;0,01;0,01
5,725;4,198;1,044;2,19E-4;218,56;104,44;0,01;0,01
5,726;4,197;1,044;2,19E-4;218,53;104,41;0,01;0,01
5,727;4,198;1,045;2,19E-4;218,57;104,52;0,01;0,01
5,728;4,198;1,045;2,19E-4;218,56;104,50;0,01;0,01
5,729;4,198;1,045;2,19E-4;218,57;104,47;0,01;0,01
5,730;4,197;1,044;2,19E-4;218,53;104,40;0,01;0,01
5,731;4,197;1,044;2,19E-4;218,51;104,36;0,01;0,01
5,732;4,197;1,044;2,19E-4;218,54;104,45;0,01;0,01
5,733;4,197;1,044;2,19E-4;218,54;104,42;0,01;0,01
5,734;4,197;1,045;2,19E-4;218,54;104,47;0,01;0,01
5,735;4,197;1,045;2,19E-4;218,53;104,47;0,01;0,01
5,736;4,197;1,044;2,19E-4;218,53;104,44;0,01;0,01
5,737;4,198;1,045;2,19E-4;218,56;104,49;0,01;0,01
5,738;4,197;1,044;2,19E-4;218,51;104,39;0,01;0,01
5,739;4,196;1,044;2,18E-4;218,48;104,35;0,01;0,01
5,740;4,196;1,044;2,19E-4;218,50;104,37;0,01;0,01
5,741;4,197;1,045;2,19E-4;218,53;104,47;0,01;0,01
5,742;4,197;1,044;2,19E-4;218,53;104,44;0,01;0,01
5,743;4,198;1,045;2,19E-4;218,55;104,53;0,01;0,01
5,744;4,198;1,045;2,19E-4;218,56;104,55;0,01;0,01
5,745;4,198;1,045;2,19E-4;218,55;104,54;0,01;0,01
5,746;4,197;1,045;2,19E-4;218,54;104,49;0,01;0,01
5,747;4,198;1,046;2,19E-4;218,55;104,59;0,01;0,01
5,748;4,196;1,044;2,19E-4;218,51;104,42;0,01;0,01
5,749;4,196;1,044;2,18E-4;218,50;104,38;0,01;0,01
5,750;4,197;1,044;2,19E-4;218,51;104,42;0,01;0,01
5,751;4,197;1,044;2,19E-4;218,52;104,38;0,01;0,01
5,752;4,196;1,043;2,18E-4;218,48;104,33;0,01;0,01
5,753;4,197;1,045;2,19E-4;218,54;104,51;0,01;0,01
5,754;4,196;1,044;2,18E-4;218,49;104,40;0,01;0,01
5,755;4,195;1,043;2,18E-4;218,46;104,33;0,01;0,01
5,756;4,196;1,045;2,19E-4;218,51;104,49;0,01;0,01
5,757;4,197;1,045;2,19E-4;218,53;104,52;0,01;0,01
5,758;4,197;1,045;2,19E-4;218,53;104,55;0,01;0,01
5,759;4,198;1,046;2,19E-4;218,54;104,61;0,01;0,01
5,760;4,197;1,045;2,19E-4;218,54;104,53;0,01;0,01
5,761;4,196;1,045;2,19E-4;218,51;104,45;0,01;0,01
5,762;4,197;1,045;2,19E-4;218,51;104,47;0,01;0,01
5,763;4,196;1,045;2,18E-4;218,50;104,48;0,01;0,01
5,764;4,196;1,045;2,18E-4;218,50;104,47;0,01;0,01
5,765;4,197;1,046;2,19E-4;218,52;104,57;0,01;0,01
5,766;4,196;1,045;2,18E-4;218,50;104,47;0,01;0,01
5,767;4,196;1,045;2,18E-4;218,50;104,49;0,01;0,01
5,768;4,197;1,045;2,19E-4;218,51;104,53;0,01;0,01
5,769;4,196;1,045;2,18E-4;218,49;104,48;0,01;0,01
5,770;4,196;1,045;2,18E-4;218,49;104,49;0,01;0,01
5,771;4,195;1,044;2,18E-4;218,46;104,39;0,01;0,01
5,772;4,196;1,045;2,18E-4;218,48;104,46;0,01;0,01
5,773;4,195;1,044;2,18E-4;218,47;104,42;0,01;0,01
5,774;4,196;1,046;2,19E-4;218,51;104,57;0,01;0,01
5,775;4,197;1,046;2,19E-4;218,53;104,62;0,01;0,01
5,776;4,197;1,047;2,19E-4;218,54;104,65;0,01;0,01
5,777;4,196;1,046;2,19E-4;218,51;104,56;0,01;0,01
5,778;4,196;1,045;2,18E-4;218,49;104,47;0,01;0,01
5,779;4,197;1,045;2,19E-4;218,51;104,52;0,01;0,01
5,780;4,196;1,046;2,18E-4;218,49;104,55;0,01;0,01
5,781;4,197;1,046;2,19E-4;218,51;104,60;0,01;0,01
5,782;4,196;1,046;2,18E-4;218,49;104,55;0,01;0,01
5,783;4,196;1,045;2,18E-4;218,49;104,54;0,01;0,01
5,784;4,196;1,045;2,18E-4;218,49;104,54;0,01;0,01
5,785;4,196;1,045;2,18E-4;218,48;104,51;0,01;0,01
5,786;4,195;1,045;2,18E-4;218,46;104,46;0,01;0,01
5,787;4,195;1,045;2,18E-4;218,47;104,54;0,01;0,01
5,788;4,195;1,045;2,18E-4;218,46;104,48;0,01;0,01
5,789;4,195;1,045;2,18E-4;218,47;104,50;0,01;0,01
5,790;4,194;1,044;2,18E-4;218,43;104,41;0,01;0,01
5,791;4,195;1,045;2,18E-4;218,45;104,48;0,01;0,01
5,792;4,195;1,045;2,18E-4;218,47;104,54;0,01;0,01
5,793;4,195;1,045;2,18E-4;218,45;104,48;0,01;0,01
5,794;4,194;1,044;2,18E-4;218,42;104,41;0,01;0,01
5,795;4,194;1,045;2,18E-4;218,43;104,47;0,01;0,01
5,796;4,194;1,045;2,18E-4;218,42;104,45;0,01;0,01
5,797;4,194;1,044;2,18E-4;218,41;104,40;0,01;0,01
5,798;4,195;1,045;2,18E-4;218,46;104,54;0,01;0,01
5,799;4,196;1,046;2,18E-4;218,49;104,64;0,01;0,01
5,800;4,195;1,046;2,18E-4;218,47;104,58;0,01;0,01
5,801;4,194;1,045;2,18E-4;218,43;104,46;0,01;0,01
5,802;4,194;1,045;2,18E-4;218,43;104,48;0,01;0,01
5,803;4,195;1,046;2,18E-4;218,47;104,59;0,01;0,01
5,804;4,194;1,044;2,18E-4;218,41;104,44;0,01;0,01
5,805;4,195;1,046;2,18E-4;218,46;104,59;0,01;0,01
5,806;4,194;1,045;2,18E-4;218,43;104,50;0,01;0,01
5,807;4,194;1,045;2,18E-4;218,42;104,51;0,01;0,01
5,808;4,194;1,046;2,18E-4;218,44;104,59;0,01;0,01
5,809;4,194;1,045;2,18E-4;218,43;104,53;0,01;0,01
5,810;4,195;1,046;2,18E-4;218,45;104,59;0,01;0,01
5,811;4,194;1,045;2,18E-4;218,43;104,52;0,01;0,01
5,812;4,193;1,045;2,18E-4;218,40;104,47;0,01;0,01
5,813;4,193;1,045;2,18E-4;218,41;104,48;0,01;0,01
5,814;4,194;1,046;2,18E-4;218,43;104,56;0,01;0,01
5,815;4,194;1,046;2,18E-4;218,43;104,57;0,01;0,01
5,816;4,194;1,046;2,18E-4;218,42;104,56;0,01;0,01
5,817;4,193;1,045;2,18E-4;218,40;104,49;0,01;0,01
5,818;4,193;1,045;2,18E-4;218,40;104,48;0,01;0,01
5,819;4,195;1,047;2,18E-4;218,46;104,68;0,01;0,01
5,820;4,194;1,046;2,18E-4;218,42;104,57;0,01;0,01
5,821;4,194;1,046;2,18E-4;218,44;104,64;0,01;0,01
5,822;4,193;1,045;2,18E-4;218,39;104,47;0,01;0,01
5,823;4,193;1,044;2,18E-4;218,38;104,45;0,01;0,01
5,824;4,193;1,045;2,18E-4;218,39;104,48;0,01;0,01
5,825;4,193;1,045;2,18E-4;218,38;104,49;0,01;0,01
5,826;4,193;1,045;2,18E-4;218,39;104,51;0,01;0,01
5,827;4,194;1,046;2,18E-4;218,43;104,64;0,01;0,01
5,828;4,194;1,046;2,18E-4;218,42;104,56;0,01;0,01
5,829;4,194;1,047;2,18E-4;218,44;104,66;0,01;0,01
5,830;4,194;1,046;2,18E-4;218,42;104,63;0,01;0,01
5,831;4,194;1,046;2,18E-4;218,41;104,59;0,01;0,01
5,832;4,194;1,047;2,18E-4;218,43;104,66;0,01;0,01
5,833;4,194;1,047;2,18E-4;218,42;104,66;0,01;0,01
5,834;4,194;1,047;2,18E-4;218,44;104,68;0,01;0,01
5,835;4,194;1,046;2,18E-4;218,42;104,63;0,01;0,01
5,836;4,194;1,046;2,18E-4;218,42;104,63;0,01;0,01
5,837;4,192;1,045;2,18E-4;218,37;104,45;0,01;0,01
5,838;4,193;1,045;2,18E-4;218,39;104,53;0,01;0,01
5,839;4,193;1,046;2,18E-4;218,39;104,56;0,01;0,01
5,840;4,192;1,045;2,18E-4;218,37;104,46;0,01;0,01
5,841;4,192;1,045;2,18E-4;218,37;104,50;0,01;0,01
5,842;4,191;1,043;2,18E-4;218,33;104,35;0,01;0,01
5,843;4,192;1,045;2,18E-4;218,35;104,45;0,01;0,01
5,844;4,192;1,045;2,18E-4;218,36;104,53;0,01;0,01
5,845;4,193;1,046;2,18E-4;218,39;104,57;0,01;0,01
5,846;4,193;1,046;2,18E-4;218,39;104,59;0,01;0,01
5,847;4,193;1,046;2,18E-4;218,40;104,61;0,01;0,01
5,848;4,193;1,046;2,18E-4;218,40;104,59;0,01;0,01
5,849;4,193;1,046;2,18E-4;218,38;104,59;0,01;0,01
5,850;4,193;1,046;2,18E-4;218,41;104,62;0,01;0,01
5,851;4,192;1,045;2,18E-4;218,37;104,49;0,01;0,01
5,852;4,193;1,045;2,18E-4;218,39;104,55;0,01;0,01
5,853;4,193;1,046;2,18E-4;218,39;104,61;0,01;0,01
5,854;4,193;1,047;2,18E-4;218,39;104,66;0,01;0,01
5,855;4,191;1,044;2,18E-4;218,34;104,45;0,01;0,01
5,856;4,192;1,045;2,18E-4;218,38;104,52;0,01;0,01
5,857;4,192;1,046;2,18E-4;218,38;104,60;0,01;0,01
5,858;4,192;1,045;2,18E-4;218,36;104,54;0,01;0,01
5,859;4,193;1,046;2,18E-4;218,38;104,58;0,01;0,01
5,860;4,193;1,046;2,18E-4;218,40;104,63;0,01;0,01
5,861;4,192;1,045;2,18E-4;218,36;104,47;0,01;0,01
5,862;4,191;1,044;2,18E-4;218,34;104,44;0,01;0,01
5,863;4,193;1,046;2,18E-4;218,40;104,62;0,01;0,01
5,864;4,194;1,047;2,18E-4;218,42;104,67;0,01;0,01
5,865;4,193;1,046;2,18E-4;218,41;104,63;0,01;0,01
5,866;4,192;1,045;2,18E-4;218,36;104,49;0,01;0,01
5,867;4,192;1,045;2,18E-4;218,37;104,53;0,01;0,01
5,868;4,192;1,045;2,18E-4;218,36;104,50;0,01;0,01
5,869;4,193;1,046;2,18E-4;218,39;104,62;0,01;0,01
5,870;4,192;1,045;2,18E-4;218,37;104,53;0,01;0,01
5,871;4,193;1,046;2,18E-4;218,39;104,61;0,01;0,01
5,872;4,192;1,045;2,18E-4;218,35;104,48;0,01;0,01
5,873;4,192;1,045;2,18E-4;218,35;104,46;0,01;0,01
5,874;4,192;1,046;2,18E-4;218,38;104,55;0,01;0,01
5,875;4,193;1,046;2,18E-4;218,40;104,61;0,01;0,01
5,876;4,193;1,046;2,18E-4;218,38;104,57;0,01;0,01
5,877;4,193;1,045;2,18E-4;218,38;104,55;0,01;0,01
5,878;4,191;1,044;2,18E-4;218,33;104,42;0,01;0,01
5,879;4,193;1,045;2,18E-4;218,38;104,54;0,01;0,01
5,880;4,193;1,046;2,18E-4;218,40;104,60;0,01;0,01
5,881;4,192;1,045;2,18E-4;218,36;104,50;0,01;0,01
5,882;4,192;1,045;2,18E-4;218,36;104,51;0,01;0,01
5,883;4,193;1,046;2,18E-4;218,38;104,56;0,01;0,01
5,884;4,192;1,045;2,18E-4;218,37;104,52;0,01;0,01
5,885;4,192;1,045;2,18E-4;218,37;104,52;0,01;0,01
5,886;4,192;1,045;2,18E-4;218,38;104,53;0,01;0,01
5,887;4,192;1,045;2,18E-4;218,36;104,52;0,01;0,01
5,888;4,192;1,045;2,18E-4;218,35;104,48;0,01;0,01
5,889;4,192;1,045;2,18E-4;218,36;104,50;0,01;0,01
5,890;4,193;1,046;2,18E-4;218,39;104,56;0,01;0,01
5,891;4,193;1,045;2,18E-4;218,38;104,54;0,01;0,01
5,892;4,192;1,045;2,18E-4;218,37;104,49;0,01;0,01
5,893;4,192;1,045;2,18E-4;218,37;104,53;0,01;0,01
5,894;4,192;1,045;2,18E-4;218,37;104,55;0,01;0,01
5,895;4,193;1,045;2,18E-4;218,38;104,54;0,01;0,01
5,896;4,193;1,046;2,18E-4;218,39;104,58;0,01;0,01
5,897;4,192;1,045;2,18E-4;218,35;104,46;0,01;0,01
5,898;4,192;1,044;2,18E-4;218,35;104,40;0,01;0,01
5,899;4,191;1,045;2,18E-4;218,35;104,46;0,01;0,01
5,900;4,191;1,044;2,18E-4;218,35;104,45;0,01;0,01
5,901;4,193;1,046;2,18E-4;218,39;104,55;0,01;0,01
5,902;4,192;1,045;2,18E-4;218,37;104,50;0,01;0,01
5,903;4,193;1,046;2,18E-4;218,38;104,57;0,01;0,01
5,904;4,194;1,047;2,18E-4;218,42;104,66;0,01;0,01
5,905;4,192;1,045;2,18E-4;218,35;104,48;0,01;0,01
5,906;4,192;1,044;2,18E-4;218,35;104,44;0,01;0,01
5,907;4,193;1,046;2,18E-4;218,39;104,57;0,01;0,01
5,908;4,192;1,045;2,18E-4;218,37;104,52;0,01;0,01
5,909;4,192;1,045;2,18E-4;218,36;104,51;0,01;0,01
5,910;4,192;1,045;2,18E-4;218,37;104,52;0,01;0,01
5,911;4,193;1,046;2,18E-4;218,40;104,59;0,01;0,01
5,912;4,194;1,047;2,18E-4;218,44;104,72;0,01;0,01
5,913;4,193;1,045;2,18E-4;218,38;104,54;0,01;0,01
5,914;4,192;1,045;2,18E-4;218,37;104,52;0,01;0,01
5,915;4,191;1,045;2,18E-4;218,34;104,46;0,01;0,01
5,916;4,191;1,044;2,18E-4;218,33;104,39;0,01;0,01
5,917;4,192;1,045;2,18E-4;218,37;104,53;0,01;0,01
5,918;4,193;1,046;2,18E-4;218,39;104,55;0,01;0,01
5,919;4,192;1,046;2,18E-4;218,37;104,56;0,01;0,01
5,920;4,193;1,046;2,18E-4;218,39;104,60;0,01;0,01
5,921;4,193;1,046;2,18E-4;218,39;104,58;0,01;0,01
5,922;4,192;1,045;2,18E-4;218,35;104,45;0,01;0,01
5,923;4,193;1,046;2,18E-4;218,39;104,58;0,01;0,01
5,924;4,192;1,045;2,18E-4;218,38;104,52;0,01;0,01
5,925;4,192;1,045;2,18E-4;218,37;104,51;0,01;0,01
5,926;4,193;1,046;2,18E-4;218,38;104,58;0,01;0,01
5,927;4,192;1,045;2,18E-4;218,36;104,50;0,01;0,01
5,928;4,192;1,045;2,18E-4;218,35;104,48;0,01;0,01
5,929;4,191;1,044;2,18E-4;218,34;104,42;0,01;0,01
5,930;4,193;1,046;2,18E-4;218,39;104,56;0,01;0,01
5,931;4,193;1,045;2,18E-4;218,38;104,52;0,01;0,01
5,932;4,191;1,044;2,18E-4;218,34;104,41;0,01;0,01
5,933;4,192;1,044;2,18E-4;218,35;104,43;0,01;0,01
5,934;4,193;1,045;2,18E-4;218,38;104,50;0,01;0,01
5,935;4,194;1,046;2,18E-4;218,42;104,63;0,01;0,01
5,936;4,193;1,046;2,18E-4;218,40;104,64;0,01;0,01
5,937;4,193;1,046;2,18E-4;218,39;104,55;0,01;0,01
5,938;4,192;1,045;2,18E-4;218,38;104,51;0,01;0,01
5,939;4,192;1,045;2,18E-4;218,36;104,46;0,01;0,01
5,940;4,192;1,045;2,18E-4;218,36;104,47;0,01;0,01
5,941;4,193;1,046;2,18E-4;218,39;104,58;0,01;0,01
5,942;4,192;1,044;2,18E-4;218,36;104,43;0,01;0,01
5,943;4,193;1,045;2,18E-4;218,39;104,51;0,01;0,01
5,944;4,192;1,044;2,18E-4;218,35;104,40;0,01;0,01
5,945;4,193;1,045;2,18E-4;218,39;104,54;0,01;0,01
5,946;4,193;1,045;2,18E-4;218,40;104,55;0,01;0,01
5,947;4,193;1,045;2,18E-4;218,38;104,51;0,01;0,01
5,948;4,192;1,045;2,18E-4;218,38;104,52;0,01;0,01
5,949;4,193;1,046;2,18E-4;218,41;104,61;0,01;0,01
5,950;4,193;1,045;2,18E-4;218,38;104,47;0,01;0,01
5,951;4,193;1,045;2,18E-4;218,40;104,52;0,01;0,01
5,952;4,193;1,046;2,18E-4;218,41;104,59;0,01;0,01
5,953;4,193;1,045;2,18E-4;218,40;104,51;0,01;0,01
5,954;4,193;1,045;2,18E-4;218,40;104,53;0,01;0,01
5,955;4,194;1,046;2,18E-4;218,43;104,62;0,01;0,01
5,956;4,192;1,045;2,18E-4;218,37;104,45;0,01;0,01
5,957;4,193;1,046;2,18E-4;218,40;104,56;0,01;0,01
5,958;4,193;1,045;2,18E-4;218,39;104,52;0,01;0,01
5,959;4,193;1,045;2,18E-4;218,39;104,49;0,01;0,01
5,960;4,193;1,045;2,18E-4;218,39;104,49;0,01;0,01
5,961;4,193;1,045;2,18E-4;218,38;104,46;0,01;0,01
5,962;4,192;1,044;2,18E-4;218,37;104,44;0,01;0,01
5,963;4,194;1,046;2,18E-4;218,41;104,60;0,01;0,01
5,964;4,193;1,045;2,18E-4;218,40;104,55;0,01;0,01
5,965;4,193;1,045;2,18E-4;218,39;104,55;0,01;0,01
5,966;4,194;1,046;2,18E-4;218,41;104,61;0,01;0,01
5,967;4,193;1,045;2,18E-4;218,38;104,49;0,01;0,01
5,968;4,193;1,045;2,18E-4;218,39;104,55;0,01;0,01
5,969;4,194;1,046;2,18E-4;218,41;104,59;0,01;0,01
5,970;4,195;1,047;2,18E-4;218,45;104,69;0,01;0,01
5,971;4,193;1,046;2,18E-4;218,41;104,57;0,01;0,01
5,972;4,193;1,045;2,18E-4;218,40;104,54;0,01;0,01
5,973;4,193;1,045;2,18E-4;218,39;104,48;0,01;0,01
5,974;4,193;1,045;2,18E-4;218,39;104,48;0,01;0,01
5,975;4,193;1,045;2,18E-4;218,39;104,52;0,01;0,01
5,976;4,194;1,046;2,18E-4;218,42;104,57;0,01;0,01
5,977;4,193;1,045;2,18E-4;218,40;104,55;0,01;0,01
5,978;4,193;1,045;2,18E-4;218,40;104,51;0,01;0,01
5,979;4,193;1,045;2,18E-4;218,40;104,54;0,01;0,01
5,980;4,193;1,046;2,18E-4;218,41;104,58;0,01;0,01
5,981;4,192;1,044;2,18E-4;218,37;104,43;0,01;0,01
5,982;4,193;1,045;2,18E-4;218,40;104,54;0,01;0,01
5,983;4,192;1,044;2,18E-4;218,38;104,45;0,01;0,01
5,984;4,193;1,045;2,18E-4;218,38;104,48;0,01;0,01
5,985;4,192;1,045;2,18E-4;218,38;104,45;0,01;0,01
5,986;4,192;1,044;2,18E-4;218,38;104,44;0,01;0,01
5,987;4,192;1,045;2,18E-4;218,37;104,47;0,01;0,01
5,988;4,193;1,045;2,18E-4;218,39;104,55;0,01;0,01
5,989;4,192;1,045;2,18E-4;218,38;104,47;0,01;0,01
5,990;4,193;1,046;2,18E-4;218,41;104,58;0,01;0,01
5,991;4,193;1,046;2,18E-4;218,40;104,57;0,01;0,01
5,992;4,193;1,045;2,18E-4;218,39;104,53;0,01;0,01
5,993;4,193;1,046;2,18E-4;218,40;104,59;0,01;0,01
5,994;4,192;1,045;2,18E-4;218,38;104,47;0,01;0,01
5,995;4,193;1,045;2,18E-4;218,38;104,49;0,01;0,01
5,996;4,193;1,045;2,18E-4;218,38;104,49;0,01;0,01
5,997;4,194;1,046;2,18E-4;218,41;104,60;0,01;0,01
5,998;4,194;1,046;2,18E-4;218,43;104,65;0,01;0,01
5,999;4,194;1,047;2,18E-4;218,44;104,66;0,01;0,01
6,000;4,194;1,047;2,18E-4;218,44;104,68;0,01;0,01
6,001;4,193;1,045;2,18E-4;218,39;104,50;0,01;0,01
6,002;4,193;1,046;2,18E-4;218,41;104,58;0,01;0,01
6,003;4,193;1,045;2,18E-4;218,39;104,51;0,01;0,01
6,004;4,193;1,045;2,18E-4;218,40;104,55;0,01;0,01
6,005;4,194;1,046;2,18E-4;218,42;104,65;0,01;0,01
6,006;4,194;1,046;2,18E-4;218,42;104,58;0,01;0,01
6,007;4,194;1,046;2,18E-4;218,42;104,60;0,01;0,01
6,008;4,193;1,046;2,18E-4;218,40;104,56;0,01;0,01
6,009;4,193;1,046;2,18E-4;218,40;104,55;0,01;0,01
6,010;4,194;1,046;2,18E-4;218,42;104,59;0,01;0,01
6,011;4,193;1,045;2,18E-4;218,39;104,53;0,01;0,01
6,012;4,193;1,046;2,18E-4;218,40;104,57;0,01;0,01
6,013;4,192;1,045;2,18E-4;218,38;104,49;0,01;0,01
6,014;4,192;1,044;2,18E-4;218,37;104,43;0,01;0,01
6,015;4,191;1,044;2,18E-4;218,34;104,35;0,01;0,01
6,016;4,192;1,044;2,18E-4;218,37;104,42;0,01;0,01
6,017;4,191;1,044;2,18E-4;218,35;104,39;0,01;0,01
6,018;4,191;1,044;2,18E-4;218,34;104,38;0,01;0,01
6,019;4,192;1,044;2,18E-4;218,38;104,44;0,01;0,01
6,020;4,193;1,045;2,18E-4;218,40;104,52;0,01;0,01
6,021;4,193;1,046;2,18E-4;218,41;104,55;0,01;0,01
6,022;4,193;1,045;2,18E-4;218,39;104,46;0,01;0,01
6,023;4,192;1,044;2,18E-4;218,36;104,42;0,01;0,01
6,024;4,193;1,045;2,18E-4;218,39;104,48;0,01;0,01
6,025;4,194;1,045;2,18E-4;218,42;104,54;0,01;0,01
6,026;4,194;1,045;2,18E-4;218,42;104,54;0,01;0,01
6,027;4,193;1,045;2,18E-4;218,40;104,53;0,01;0,01
6,028;4,193;1,045;2,18E-4;218,38;104,45;0,01;0,01
6,029;4,192;1,044;2,18E-4;218,36;104,39;0,01;0,01
6,030;4,193;1,045;2,18E-4;218,40;104,49;0,01;0,01
6,031;4,194;1,046;2,18E-4;218,43;104,64;0,01;0,01
6,032;4,193;1,045;2,18E-4;218,39;104,49;0,01;0,01
6,033;4,192;1,043;2,18E-4;218,35;104,35;0,01;0,01
6,034;4,194;1,046;2,18E-4;218,43;104,62;0,01;0,01
6,035;4,194;1,046;2,18E-4;218,42;104,60;0,01;0,01
6,036;4,193;1,045;2,18E-4;218,41;104,54;0,01;0,01
6,037;4,193;1,045;2,18E-4;218,41;104,54;0,01;0,01
6,038;4,193;1,045;2,18E-4;218,40;104,52;0,01;0,01
6,039;4,193;1,045;2,18E-4;218,40;104,47;0,01;0,01
6,040;4,193;1,045;2,18E-4;218,39;104,51;0,01;0,01
6,041;4,194;1,046;2,18E-4;218,43;104,57;0,01;0,01
6,042;4,194;1,046;2,18E-4;218,42;104,57;0,01;0,01
6,043;4,193;1,045;2,18E-4;218,41;104,53;0,01;0,01
6,044;4,194;1,046;2,18E-4;218,42;104,55;0,01;0,01
6,045;4,193;1,045;2,18E-4;218,41;104,50;0,01;0,01
6,046;4,193;1,045;2,18E-4;218,39;104,47;0,01;0,01
6,047;4,193;1,045;2,18E-4;218,38;104,47;0,01;0,01
6,048;4,193;1,045;2,18E-4;218,41;104,53;0,01;0,01
6,049;4,193;1,045;2,18E-4;218,39;104,49;0,01;0,01
6,050;4,193;1,045;2,18E-4;218,40;104,50;0,01;0,01
6,051;4,193;1,045;2,18E-4;218,39;104,47;0,01;0,01
6,052;4,193;1,045;2,18E-4;218,41;104,51;0,01;0,01
6,053;4,192;1,044;2,18E-4;218,36;104,37;0,01;0,01
6,054;4,193;1,045;2,18E-4;218,39;104,46;0,01;0,01
6,055;4,194;1,046;2,18E-4;218,42;104,55;0,01;0,01
6,056;4,193;1,045;2,18E-4;218,41;104,51;0,01;0,01
6,057;4,193;1,045;2,18E-4;218,39;104,46;0,01;0,01
6,058;4,193;1,044;2,18E-4;218,38;104,44;0,01;0,01
6,059;4,193;1,045;2,18E-4;218,40;104,51;0,01;0,01
6,060;4,194;1,045;2,18E-4;218,41;104,54;0,01;0,01
6,061;4,195;1,046;2,18E-4;218,45;104,63;0,01;0,01
6,062;4,194;1,046;2,18E-4;218,43;104,60;0,01;0,01
6,063;4,193;1,045;2,18E-4;218,40;104,48;0,01;0,01
6,064;4,192;1,044;2,18E-4;218,35;104,40;0,01;0,01
6,065;4,193;1,045;2,18E-4;218,39;104,50;0,01;0,01
6,066;4,193;1,045;2,18E-4;218,40;104,50;0,01;0,01
6,067;4,192;1,045;2,18E-4;218,38;104,46;0,01;0,01
6,068;4,194;1,046;2,18E-4;218,42;104,56;0,01;0,01
6,069;4,192;1,044;2,18E-4;218,37;104,44;0,01;0,01
6,070;4,193;1,045;2,18E-4;218,40;104,51;0,01;0,01
6,071;4,195;1,047;2,18E-4;218,45;104,66;0,01;0,01
6,072;4,194;1,046;2,18E-4;218,43;104,60;0,01;0,01
6,073;4,194;1,045;2,18E-4;218,42;104,53;0,01;0,01
6,074;4,193;1,045;2,18E-4;218,39;104,49;0,01;0,01
6,075;4,193;1,045;2,18E-4;218,41;104,51;0,01;0,01
6,076;4,193;1,045;2,18E-4;218,38;104,46;0,01;0,01
6,077;4,193;1,045;2,18E-4;218,40;104,52;0,01;0,01
6,078;4,194;1,046;2,18E-4;218,42;104,56;0,01;0,01
6,079;4,194;1,046;2,18E-4;218,43;104,61;0,01;0,01
6,080;4,193;1,045;2,18E-4;218,40;104,53;0,01;0,01
6,081;4,195;1,046;2,18E-4;218,45;104,63;0,01;0,01
6,082;4,194;1,046;2,18E-4;218,44;104,62;0,01;0,01
6,083;4,193;1,045;2,18E-4;218,41;104,53;0,01;0,01
6,084;4,194;1,045;2,18E-4;218,41;104,55;0,01;0,01
6,085;4,193;1,044;2,18E-4;218,38;104,43;0,01;0,01
6,086;4,193;1,045;2,18E-4;218,40;104,48;0,01;0,01
6,087;4,192;1,044;2,18E-4;218,37;104,37;0,01;0,01
6,088;4,192;1,044;2,18E-4;218,38;104,44;0,01;0,01
6,089;4,193;1,045;2,18E-4;218,40;104,49;0,01;0,01
6,090;4,194;1,046;2,18E-4;218,44;104,64;0,01;0,01
6,091;4,193;1,045;2,18E-4;218,41;104,53;0,01;0,01
6,092;4,193;1,045;2,18E-4;218,40;104,50;0,01;0,01
6,093;4,193;1,044;2,18E-4;218,38;104,45;0,01;0,01
6,094;4,193;1,044;2,18E-4;218,38;104,39;0,01;0,01
6,095;4,193;1,045;2,18E-4;218,39;104,45;0,01;0,01
6,096;4,192;1,043;2,18E-4;218,35;104,35;0,01;0,01
6,097;4,192;1,044;2,18E-4;218,37;104,38;0,01;0,01
6,098;4,193;1,045;2,18E-4;218,40;104,48;0,01;0,01
6,099;4,193;1,045;2,18E-4;218,40;104,45;0,01;0,01
6,100;4,194;1,046;2,18E-4;218,43;104,57;0,01;0,01
6,101;4,193;1,045;2,18E-4;218,38;104,48;0,01;0,01
6,102;4,193;1,044;2,18E-4;218,39;104,43;0,01;0,01
6,103;4,193;1,044;2,18E-4;218,38;104,42;0,01;0,01
6,104;4,192;1,044;2,18E-4;218,37;104,35;0,01;0,01
6,105;4,193;1,045;2,18E-4;218,40;104,52;0,01;0,01
6,106;4,193;1,045;2,18E-4;218,40;104,46;0,01;0,01
6,107;4,193;1,045;2,18E-4;218,40;104,48;0,01;0,01
6,108;4,193;1,044;2,18E-4;218,39;104,42;0,01;0,01
6,109;4,192;1,044;2,18E-4;218,38;104,42;0,01;0,01
6,110;4,191;1,043;2,18E-4;218,34;104,29;0,01;0,01
6,111;4,192;1,044;2,18E-4;218,36;104,35;0,01;0,01
6,112;4,193;1,045;2,18E-4;218,39;104,49;0,01;0,01
6,113;4,193;1,045;2,18E-4;218,40;104,47;0,01;0,01
6,114;4,193;1,044;2,18E-4;218,38;104,43;0,01;0,01
6,115;4,193;1,045;2,18E-4;218,40;104,50;0,01;0,01
6,116;4,193;1,044;2,18E-4;218,38;104,43;0,01;0,01
6,117;4,192;1,044;2,18E-4;218,36;104,39;0,01;0,01
6,118;4,193;1,044;2,18E-4;218,39;104,43;0,01;0,01
6,119;4,193;1,045;2,18E-4;218,41;104,50;0,01;0,01
6,120;4,194;1,045;2,18E-4;218,43;104,54;0,01;0,01
6,121;4,193;1,045;2,18E-4;218,41;104,52;0,01;0,01
6,122;4,193;1,045;2,18E-4;218,40;104,49;0,01;0,01
6,123;4,193;1,045;2,18E-4;218,40;104,49;0,01;0,01
6,124;4,194;1,046;2,18E-4;218,43;104,56;0,01;0,01
6,125;4,194;1,046;2,18E-4;218,43;104,57;0,01;0,01
6,126;4,194;1,045;2,18E-4;218,41;104,48;0,01;0,01
6,127;4,192;1,044;2,18E-4;218,36;104,35;0,01;0,01
6,128;4,192;1,043;2,18E-4;218,36;104,33;0,01;0,01
6,129;4,193;1,044;2,18E-4;218,38;104,42;0,01;0,01
6,130;4,193;1,045;2,18E-4;218,41;104,48;0,01;0,01
6,131;4,193;1,045;2,18E-4;218,40;104,45;0,01;0,01
6,132;4,194;1,045;2,18E-4;218,42;104,51;0,01;0,01
6,133;4,193;1,044;2,18E-4;218,39;104,44;0,01;0,01
6,134;4,194;1,045;2,18E-4;218,42;104,51;0,01;0,01
6,135;4,193;1,045;2,18E-4;218,41;104,47;0,01;0,01
6,136;4,193;1,044;2,18E-4;218,38;104,38;0,01;0,01
6,137;4,194;1,045;2,18E-4;218,41;104,49;0,01;0,01
6,138;4,193;1,044;2,18E-4;218,39;104,42;0,01;0,01
6,139;4,193;1,045;2,18E-4;218,40;104,47;0,01;0,01
6,140;4,194;1,045;2,18E-4;218,43;104,53;0,01;0,01
6,141;4,193;1,045;2,18E-4;218,40;104,47;0,01;0,01
6,142;4,193;1,044;2,18E-4;218,40;104,39;0,01;0,01
6,143;4,193;1,044;2,18E-4;218,40;104,40;0,01;0,01
6,144;4,194;1,045;2,18E-4;218,44;104,53;0,01;0,01
6,145;4,193;1,044;2,18E-4;218,41;104,44;0,01;0,01
6,146;4,193;1,044;2,18E-4;218,39;104,37;0,01;0,01
6,147;4,193;1,043;2,18E-4;218,38;104,35;0,01;0,01
6,148;4,193;1,044;2,18E-4;218,40;104,44;0,01;0,01
6,149;4,193;1,044;2,18E-4;218,40;104,43;0,01;0,01
6,150;4,193;1,044;2,18E-4;218,40;104,38;0,01;0,01
6,151;4,194;1,045;2,18E-4;218,43;104,51;0,01;0,01
6,152;4,194;1,044;2,18E-4;218,41;104,44;0,01;0,01
6,153;4,195;1,046;2,18E-4;218,47;104,62;0,01;0,01
6,154;4,194;1,044;2,18E-4;218,42;104,44;0,01;0,01
6,155;4,195;1,046;2,18E-4;218,46;104,55;0,01;0,01
6,156;4,194;1,045;2,18E-4;218,43;104,50;0,01;0,01
6,157;4,194;1,045;2,18E-4;218,43;104,49;0,01;0,01
6,158;4,194;1,044;2,18E-4;218,41;104,43;0,01;0,01
6,159;4,194;1,045;2,18E-4;218,44;104,53;0,01;0,01
6,160;4,194;1,045;2,18E-4;218,44;104,49;0,01;0,01
6,161;4,193;1,043;2,18E-4;218,38;104,34;0,01;0,01
6,162;4,194;1,044;2,18E-4;218,41;104,37;0,01;0,01
6,163;4,192;1,043;2,18E-4;218,38;104,30;0,01;0,01
6,164;4,194;1,044;2,18E-4;218,43;104,44;0,01;0,01
6,165;4,193;1,043;2,18E-4;218,39;104,30;0,01;0,01
6,166;4,194;1,044;2,18E-4;218,41;104,39;0,01;0,01
6,167;4,194;1,044;2,18E-4;218,43;104,39;0,01;0,01
6,168;4,194;1,045;2,18E-4;218,44;104,48;0,01;0,01
6,169;4,195;1,045;2,18E-4;218,46;104,49;0,01;0,01
6,170;4,194;1,044;2,18E-4;218,42;104,39;0,01;0,01
6,171;4,194;1,044;2,18E-4;218,44;104,45;0,01;0,01
6,172;4,194;1,044;2,18E-4;218,44;104,45;0,01;0,01
6,173;4,193;1,044;2,18E-4;218,41;104,36;0,01;0,01
6,174;4,194;1,044;2,18E-4;218,42;104,37;0,01;0,01
6,175;4,195;1,045;2,18E-4;218,47;104,52;0,01;0,01
6,176;4,195;1,045;2,18E-4;218,44;104,47;0,01;0,01
6,177;4,194;1,044;2,18E-4;218,42;104,38;0,01;0,01
6,178;4,194;1,044;2,18E-4;218,43;104,41;0,01;0,01
6,179;4,194;1,045;2,18E-4;218,44;104,48;0,01;0,01
6,180;4,193;1,044;2,18E-4;218,41;104,38;0,01;0,01
6,181;4,194;1,044;2,18E-4;218,42;104,39;0,01;0,01
6,182;4,194;1,044;2,18E-4;218,43;104,43;0,01;0,01
6,183;4,194;1,044;2,18E-4;218,43;104,40;0,01;0,01
6,184;4,194;1,044;2,18E-4;218,42;104,41;0,01;0,01
6,185;4,195;1,045;2,18E-4;218,46;104,52;0,01;0,01
6,186;4,195;1,045;2,18E-4;218,46;104,53;0,01;0,01
6,187;4,195;1,045;2,18E-4;218,45;104,54;0,01;0,01
6,188;4,195;1,045;2,18E-4;218,45;104,49;0,01;0,01
6,189;4,194;1,045;2,18E-4;218,44;104,48;0,01;0,01
6,190;4,194;1,044;2,18E-4;218,43;104,45;0,01;0,01
6,191;4,194;1,045;2,18E-4;218,43;104,46;0,01;0,01
6,192;4,194;1,045;2,18E-4;218,44;104,47;0,01;0,01
6,193;4,194;1,044;2,18E-4;218,43;104,42;0,01;0,01
6,194;4,193;1,044;2,18E-4;218,41;104,35;0,01;0,01
6,195;4,195;1,045;2,18E-4;218,45;104,50;0,01;0,01
6,196;4,195;1,045;2,18E-4;218,46;104,49;0,01;0,01
6,197;4,195;1,045;2,18E-4;218,46;104,50;0,01;0,01
6,198;4,196;1,046;2,18E-4;218,50;104,60;0,01;0,01
6,199;4,193;1,044;2,18E-4;218,41;104,39;0,01;0,01
6,200;4,194;1,044;2,18E-4;218,43;104,45;0,01;0,01
6,201;4,194;1,044;2,18E-4;218,42;104,38;0,01;0,01
6,202;4,193;1,043;2,18E-4;218,41;104,34;0,01;0,01
6,203;4,194;1,044;2,18E-4;218,42;104,38;0,01;0,01
6,204;4,193;1,044;2,18E-4;218,41;104,38;0,01;0,01
6,205;4,193;1,044;2,18E-4;218,41;104,35;0,01;0,01
6,206;4,194;1,044;2,18E-4;218,43;104,41;0,01;0,01
6,207;4,194;1,044;2,18E-4;218,42;104,43;0,01;0,01
6,208;4,193;1,044;2,18E-4;218,40;104,35;0,01;0,01
6,209;4,194;1,044;2,18E-4;218,42;104,41;0,01;0,01
6,210;4,194;1,045;2,18E-4;218,43;104,46;0,01;0,01
6,211;4,194;1,044;2,18E-4;218,43;104,44;0,01;0,01
6,212;4,194;1,044;2,18E-4;218,44;104,44;0,01;0,01
6,213;4,194;1,044;2,18E-4;218,44;104,42;0,01;0,01
6,214;4,195;1,045;2,18E-4;218,45;104,49;0,01;0,01
6,215;4,194;1,045;2,18E-4;218,44;104,48;0,01;0,01
6,216;4,193;1,044;2,18E-4;218,40;104,36;0,01;0,01
6,217;4,194;1,044;2,18E-4;218,42;104,39;0,01;0,01
6,218;4,193;1,044;2,18E-4;218,41;104,37;0,01;0,01
6,219;4,195;1,045;2,18E-4;218,47;104,54;0,01;0,01
6,220;4,194;1,044;2,18E-4;218,43;104,36;0,01;0,01
6,221;4,193;1,043;2,18E-4;218,41;104,32;0,01;0,01
6,222;4,195;1,045;2,18E-4;218,47;104,55;0,01;0,01
6,223;4,194;1,044;2,18E-4;218,43;104,40;0,01;0,01
6,224;4,193;1,044;2,18E-4;218,41;104,35;0,01;0,01
6,225;4,194;1,044;2,18E-4;218,43;104,37;0,01;0,01
6,226;4,194;1,044;2,18E-4;218,43;104,44;0,01;0,01
6,227;4,195;1,045;2,18E-4;218,45;104,45;0,01;0,01
6,228;4,194;1,044;2,18E-4;218,44;104,44;0,01;0,01
6,229;4,194;1,044;2,18E-4;218,44;104,42;0,01;0,01
6,230;4,195;1,045;2,18E-4;218,46;104,48;0,01;0,01
6,231;4,194;1,044;2,18E-4;218,42;104,39;0,01;0,01
6,232;4,195;1,045;2,18E-4;218,44;104,45;0,01;0,01
6,233;4,195;1,044;2,18E-4;218,45;104,45;0,01;0,01
6,234;4,195;1,046;2,18E-4;218,47;104,56;0,01;0,01
6,235;4,196;1,046;2,18E-4;218,48;104,56;0,01;0,01
6,236;4,194;1,045;2,18E-4;218,44;104,47;0,01;0,01
6,237;4,194;1,044;2,18E-4;218,44;104,40;0,01;0,01
6,238;4,195;1,045;2,18E-4;218,45;104,45;0,01;0,01
6,239;4,194;1,044;2,18E-4;218,42;104,40;0,01;0,01
6,240;4,194;1,044;2,18E-4;218,43;104,39;0,01;0,01
6,241;4,194;1,043;2,18E-4;218,41;104,35;0,01;0,01
6,242;4,194;1,044;2,18E-4;218,44;104,42;0,01;0,01
6,243;4,194;1,044;2,18E-4;218,44;104,44;0,01;0,01
6,244;4,195;1,045;2,18E-4;218,45;104,48;0,01;0,01
6,245;4,194;1,044;2,18E-4;218,42;104,36;0,01;0,01
6,246;4,194;1,044;2,18E-4;218,43;104,37;0,01;0,01
6,247;4,194;1,044;2,18E-4;218,44;104,40;0,01;0,01
6,248;4,194;1,044;2,18E-4;218,42;104,37;0,01;0,01
6,249;4,194;1,044;2,18E-4;218,42;104,36;0,01;0,01
6,250;4,195;1,045;2,18E-4;218,46;104,46;0,01;0,01
6,251;4,195;1,045;2,18E-4;218,46;104,47;0,01;0,01
6,252;4,194;1,044;2,18E-4;218,43;104,39;0,01;0,01
6,253;4,195;1,044;2,18E-4;218,47;104,45;0,01;0,01
6,254;4,194;1,043;2,18E-4;218,43;104,34;0,01;0,01
6,255;4,195;1,044;2,18E-4;218,45;104,39;0,01;0,01
6,256;4,196;1,046;2,18E-4;218,49;104,55;0,01;0,01
6,257;4,195;1,045;2,18E-4;218,47;104,53;0,01;0,01
6,258;4,196;1,046;2,19E-4;218,50;104,59;0,01;0,01
6,259;4,195;1,044;2,18E-4;218,47;104,45;0,01;0,01
6,260;4,195;1,044;2,18E-4;218,45;104,40;0,01;0,01
6,261;4,194;1,043;2,18E-4;218,42;104,35;0,01;0,01
6,262;4,194;1,044;2,18E-4;218,43;104,38;0,01;0,01
6,263;4,195;1,044;2,18E-4;218,45;104,42;0,01;0,01
6,264;4,194;1,044;2,18E-4;218,44;104,39;0,01;0,01
6,265;4,194;1,043;2,18E-4;218,43;104,34;0,01;0,01
6,266;4,194;1,044;2,18E-4;218,43;104,36;0,01;0,01
6,267;4,195;1,044;2,18E-4;218,46;104,44;0,01;0,01
6,268;4,195;1,044;2,18E-4;218,45;104,42;0,01;0,01
6,269;4,196;1,046;2,19E-4;218,50;104,58;0,01;0,01
6,270;4,194;1,043;2,18E-4;218,44;104,34;0,01;0,01
6,271;4,194;1,044;2,18E-4;218,44;104,36;0,01;0,01
6,272;4,196;1,045;2,18E-4;218,48;104,48;0,01;0,01
6,273;4,195;1,044;2,18E-4;218,46;104,42;0,01;0,01
6,274;4,195;1,044;2,18E-4;218,47;104,44;0,01;0,01
6,275;4,196;1,044;2,18E-4;218,48;104,45;0,01;0,01
6,276;4,196;1,045;2,18E-4;218,49;104,48;0,01;0,01
6,277;4,196;1,045;2,18E-4;218,48;104,47;0,01;0,01
6,278;4,196;1,045;2,18E-4;218,49;104,52;0,01;0,01
6,279;4,195;1,044;2,18E-4;218,45;104,40;0,01;0,01
6,280;4,195;1,044;2,18E-4;218,47;104,43;0,01;0,01
6,281;4,194;1,043;2,18E-4;218,41;104,31;0,01;0,01
6,282;4,195;1,044;2,18E-4;218,46;104,38;0,01;0,01
6,283;4,196;1,045;2,18E-4;218,48;104,50;0,01;0,01
6,284;4,194;1,043;2,18E-4;218,43;104,33;0,01;0,01
6,285;4,196;1,045;2,18E-4;218,48;104,46;0,01;0,01
6,286;4,195;1,045;2,18E-4;218,47;104,46;0,01;0,01
6,287;4,195;1,044;2,18E-4;218,45;104,42;0,01;0,01
6,288;4,195;1,044;2,18E-4;218,46;104,39;0,01;0,01
6,289;4,195;1,044;2,18E-4;218,44;104,40;0,01;0,01
6,290;4,195;1,044;2,18E-4;218,47;104,42;0,01;0,01
6,291;4,195;1,044;2,18E-4;218,45;104,36;0,01;0,01
6,292;4,195;1,044;2,18E-4;218,45;104,36;0,01;0,01
6,293;4,196;1,045;2,18E-4;218,49;104,48;0,01;0,01
6,294;4,196;1,044;2,18E-4;218,48;104,45;0,01;0,01
6,295;4,195;1,044;2,18E-4;218,47;104,36;0,01;0,01
6,296;4,196;1,045;2,18E-4;218,49;104,49;0,01;0,01
6,297;4,196;1,045;2,18E-4;218,48;104,45;0,01;0,01
6,298;4,196;1,045;2,18E-4;218,49;104,47;0,01;0,01
6,299;4,197;1,045;2,19E-4;218,51;104,49;0,01;0,01
6,300;4,195;1,044;2,18E-4;218,47;104,38;0,01;0,01
6,301;4,195;1,044;2,18E-4;218,45;104,36;0,01;0,01
6,302;4,195;1,044;2,18E-4;218,48;104,39;0,01;0,01
6,303;4,195;1,044;2,18E-4;218,47;104,36;0,01;0,01
6,304;4,195;1,044;2,18E-4;218,46;104,35;0,01;0,01
6,305;4,196;1,044;2,18E-4;218,49;104,40;0,01;0,01
6,306;4,196;1,044;2,18E-4;218,48;104,42;0,01;0,01
6,307;4,195;1,043;2,18E-4;218,46;104,33;0,01;0,01
6,308;4,196;1,044;2,18E-4;218,48;104,36;0,01;0,01
6,309;4,196;1,044;2,18E-4;218,49;104,38;0,01;0,01
6,310;4,196;1,044;2,18E-4;218,50;104,38;0,01;0,01
6,311;4,197;1,045;2,19E-4;218,53;104,53;0,01;0,01
6,312;4,196;1,044;2,18E-4;218,49;104,37;0,01;0,01
6,313;4,196;1,043;2,18E-4;218,48;104,31;0,01;0,01
6,314;4,197;1,044;2,19E-4;218,51;104,39;0,01;0,01
6,315;4,197;1,044;2,19E-4;218,52;104,44;0,01;0,01
6,316;4,196;1,043;2,18E-4;218,49;104,32;0,01;0,01
6,317;4,196;1,043;2,18E-4;218,49;104,32;0,01;0,01
6,318;4,198;1,045;2,19E-4;218,54;104,47;0,01;0,01
6,319;4,198;1,045;2,19E-4;218,55;104,51;0,01;0,01
6,320;4,197;1,044;2,19E-4;218,53;104,39;0,01;0,01
6,321;4,198;1,044;2,19E-4;218,54;104,38;0,01;0,01
6,322;4,197;1,043;2,19E-4;218,51;104,33;0,01;0,01
6,323;4,197;1,043;2,19E-4;218,52;104,28;0,01;0,01
6,324;4,197;1,044;2,19E-4;218,53;104,36;0,01;0,01
6,325;4,198;1,044;2,19E-4;218,55;104,39;0,01;0,01
6,326;4,198;1,044;2,19E-4;218,56;104,35;0,01;0,01
6,327;4,198;1,044;2,19E-4;218,55;104,38;0,01;0,01
6,328;4,197;1,042;2,19E-4;218,54;104,25;0,01;0,01
6,329;4,198;1,043;2,19E-4;218,56;104,34;0,01;0,01
6,330;4,198;1,043;2,19E-4;218,56;104,28;0,01;0,01
6,331;4,199;1,044;2,19E-4;218,60;104,38;0,01;0,01
6,332;4,200;1,044;2,19E-4;218,61;104,39;0,01;0,01
6,333;4,199;1,043;2,19E-4;218,58;104,30;0,01;0,01
6,334;4,199;1,043;2,19E-4;218,60;104,25;0,01;0,01
6,335;4,200;1,044;2,19E-4;218,63;104,38;0,01;0,01
6,336;4,202;1,045;2,19E-4;218,68;104,47;0,01;0,01
6,337;4,202;1,044;2,19E-4;218,68;104,44;0,01;0,01
6,338;4,201;1,043;2,19E-4;218,66;104,33;0,01;0,01
6,339;4,202;1,044;2,19E-4;218,69;104,37;0,01;0,01
6,340;4,202;1,043;2,19E-4;218,69;104,30;0,01;0,01
6,341;4,202;1,043;2,19E-4;218,69;104,28;0,01;0,01
6,342;4,202;1,042;2,19E-4;218,68;104,20;0,01;0,01
6,343;4,203;1,043;2,19E-4;218,73;104,31;0,01;0,01
6,344;4,204;1,043;2,19E-4;218,75;104,32;0,01;0,01
6,345;4,203;1,042;2,19E-4;218,72;104,18;0,01;0,01
6,346;4,205;1,043;2,19E-4;218,77;104,28;0,01;0,01
6,347;4,204;1,042;2,19E-4;218,75;104,17;0,01;0,01
6,348;4,205;1,042;2,19E-4;218,79;104,22;0,01;0,01
6,349;4,206;1,042;2,19E-4;218,82;104,25;0,01;0,01
6,350;4,206;1,042;2,19E-4;218,82;104,21;0,01;0,01
6,351;4,207;1,043;2,19E-4;218,84;104,30;0,01;0,01
6,352;4,207;1,042;2,19E-4;218,83;104,18;0,01;0,01
6,353;4,207;1,041;2,19E-4;218,84;104,11;0,01;0,01
6,354;4,208;1,042;2,19E-4;218,87;104,18;0,01;0,01
6,355;4,208;1,041;2,19E-4;218,88;104,14;0,01;0,01
6,356;4,209;1,041;2,19E-4;218,89;104,13;0,01;0,01
6,357;4,209;1,041;2,19E-4;218,91;104,10;0,01;0,01
6,358;4,210;1,042;2,19E-4;218,96;104,19;0,01;0,01
6,359;4,210;1,041;2,19E-4;218,94;104,11;0,01;0,01
6,360;4,211;1,041;2,19E-4;218,98;104,14;0,01;0,01
6,361;4,211;1,041;2,19E-4;218,97;104,08;0,01;0,01
6,362;4,212;1,041;2,19E-4;219,00;104,14;0,01;0,01
6,363;4,212;1,041;2,19E-4;219,01;104,12;0,01;0,01
6,364;4,213;1,041;2,19E-4;219,03;104,09;0,01;0,01
6,365;4,213;1,041;2,19E-4;219,05;104,12;0,01;0,01
6,366;4,215;1,042;2,19E-4;219,09;104,16;0,01;0,01
6,367;4,214;1,041;2,19E-4;219,08;104,09;0,01;0,01
6,368;4,213;1,039;2,19E-4;219,05;103,92;0,01;0,01
6,369;4,213;1,039;2,19E-4;219,05;103,87;0,01;0,01
6,370;4,216;1,040;2,19E-4;219,13;104,00;0,01;0,01
6,371;4,217;1,041;2,19E-4;219,17;104,06;0,01;0,01
6,372;4,218;1,040;2,19E-4;219,19;104,05;0,01;0,01
6,373;4,216;1,038;2,19E-4;219,14;103,81;0,01;0,01
6,374;4,218;1,039;2,19E-4;219,20;103,92;0,01;0,01
6,375;4,219;1,039;2,19E-4;219,23;103,94;0,01;0,01
6,376;4,220;1,040;2,19E-4;219,27;104,01;0,01;0,01
6,377;4,220;1,039;2,19E-4;219,25;103,93;0,01;0,01
6,378;4,220;1,039;2,19E-4;219,27;103,87;0,01;0,01
6,379;4,220;1,037;2,19E-4;219,25;103,70;0,01;0,01
6,380;4,222;1,039;2,19E-4;219,32;103,88;0,01;0,01
6,381;4,223;1,039;2,19E-4;219,36;103,90;0,00;0,01
6,382;4,222;1,037;2,19E-4;219,33;103,73;0,01;0,01
6,383;4,223;1,037;2,19E-4;219,37;103,74;0,00;0,01
6,384;4,224;1,037;2,19E-4;219,38;103,69;0,00;0,01
6,385;4,225;1,037;2,19E-4;219,42;103,72;0,00;0,01
6,386;4,227;1,039;2,19E-4;219,50;103,88;0,00;0,01
6,387;4,228;1,038;2,20E-4;219,51;103,84;0,00;0,01
6,388;4,227;1,036;2,19E-4;219,48;103,64;0,00;0,00
6,389;4,227;1,036;2,19E-4;219,49;103,57;0,00;0,00
6,390;4,230;1,037;2,20E-4;219,58;103,73;0,00;0,01
6,391;4,230;1,037;2,20E-4;219,59;103,66;0,00;0,01
6,392;4,230;1,036;2,20E-4;219,59;103,61;0,00;0,00
6,393;4,233;1,037;2,20E-4;219,67;103,72;0,00;0,01
6,394;4,234;1,037;2,20E-4;219,71;103,71;0,00;0,01
6,395;4,233;1,035;2,20E-4;219,68;103,55;0,00;0,00
6,396;4,234;1,035;2,20E-4;219,72;103,54;0,00;0,00
6,397;4,236;1,036;2,20E-4;219,77;103,55;0,00;0,00
6,398;4,237;1,035;2,20E-4;219,81;103,54;0,00;0,00
6,399;4,239;1,036;2,20E-4;219,86;103,56;0,00;0,00
6,400;4,239;1,035;2,20E-4;219,86;103,46;0,00;0,00
6,401;4,240;1,035;2,20E-4;219,90;103,49;0,00;0,00
6,402;4,242;1,035;2,20E-4;219,95;103,50;0,00;0,00
6,403;4,241;1,034;2,20E-4;219,94;103,37;0,00;0,00
6,404;4,243;1,033;2,20E-4;219,99;103,34;0,00;0,00
6,405;4,244;1,034;2,20E-4;220,02;103,36;0,00;0,00
6,406;4,246;1,034;2,20E-4;220,08;103,42;0,00;0,00
6,407;4,247;1,035;2,20E-4;220,14;103,46;0,00;0,00
6,408;4,248;1,035;2,20E-4;220,17;103,46;0,00;0,00
6,409;4,249;1,034;2,20E-4;220,20;103,38;0,00;0,00
6,410;4,249;1,033;2,20E-4;220,20;103,27;0,00;0,00
6,411;4,251;1,033;2,20E-4;220,25;103,34;0,00;0,00
6,412;4,252;1,033;2,20E-4;220,29;103,25;0,00;0,00
6,413;4,254;1,033;2,20E-4;220,36;103,33;0,00;0,00
6,414;4,255;1,033;2,20E-4;220,38;103,26;0,00;0,00
6,415;4,256;1,033;2,20E-4;220,42;103,25;0,00;0,00
6,416;4,256;1,031;2,20E-4;220,43;103,14;0,00;0,00
6,417;4,258;1,032;2,20E-4;220,48;103,18;0,00;0,00
6,418;4,259;1,032;2,21E-4;220,51;103,15;0,00;0,00
6,419;4,259;1,030;2,21E-4;220,53;103,02;0,00;0,00
6,420;4,261;1,030;2,21E-4;220,58;103,02;0,00;0,00
6,421;4,262;1,030;2,21E-4;220,60;102,98;0,00;0,00
6,422;4,263;1,030;2,21E-4;220,66;102,99;0,00;0,00
6,423;4,264;1,029;2,21E-4;220,67;102,87;0,00;0,00
6,424;4,265;1,028;2,21E-4;220,69;102,82;0,00;0,00
6,425;4,267;1,029;2,21E-4;220,77;102,94;0,00;0,00
6,426;4,269;1,030;2,21E-4;220,83;102,98;0,00;0,00
6,427;4,268;1,028;2,21E-4;220,82;102,81;0,00;0,00
6,428;4,271;1,029;2,21E-4;220,89;102,87;0,00;0,00
6,429;4,272;1,029;2,21E-4;220,94;102,88;0,00;0,00
6,430;4,275;1,030;2,21E-4;221,02;102,97;0,00;0,00
6,431;4,275;1,029;2,21E-4;221,03;102,86;0,00;0,00
6,432;4,276;1,029;2,21E-4;221,07;102,86;0,00;0,00
6,433;4,277;1,028;2,21E-4;221,09;102,81;0,00;0,00
6,434;4,278;1,027;2,21E-4;221,13;102,73;0,00;0,00
6,435;4,279;1,027;2,21E-4;221,15;102,66;0,00;8,53E-4
6,436;4,280;1,026;2,21E-4;221,18;102,63;0,00;7,50E-4
6,437;4,281;1,027;2,21E-4;221,23;102,71;0,00;0,00
6,438;4,283;1,027;2,21E-4;221,28;102,71;0,00;0,00
6,439;4,282;1,025;2,21E-4;221,25;102,53;0,00;3,10E-4
6,440;4,283;1,025;2,21E-4;221,30;102,54;0,00;3,41E-4
6,441;4,286;1,026;2,21E-4;221,38;102,64;9,97E-4;7,91E-4
6,442;4,286;1,025;2,21E-4;221,38;102,50;9,97E-4;1,97E-4
6,443;4,286;1,025;2,21E-4;221,39;102,46;9,62E-4;5,17E-6
6,444;4,288;1,025;2,21E-4;221,45;102,51;8,58E-4;2,43E-4
6,445;4,290;1,026;2,22E-4;221,51;102,56;7,35E-4;4,50E-4
6,446;4,291;1,025;2,22E-4;221,53;102,53;6,91E-4;3,36E-4
6,447;4,291;1,025;2,22E-4;221,54;102,48;6,74E-4;1,14E-4
6,448;4,292;1,025;2,22E-4;221,58;102,45;6,02E-4;-1,55E-5
6,449;4,294;1,025;2,22E-4;221,64;102,51;4,90E-4;2,43E-4
6,450;4,294;1,025;2,22E-4;221,65;102,45;4,68E-4;-2,07E-5
6,451;4,296;1,025;2,22E-4;221,69;102,48;3,75E-4;1,14E-4
6,452;4,296;1,024;2,22E-4;221,70;102,41;3,55E-4;-1,76E-4
6,453;4,296;1,023;2,22E-4;221,71;102,33;3,44E-4;-5,13E-4
6,454;4,297;1,023;2,22E-4;221,73;102,31;3,06E-4;-6,06E-4
6,455;4,298;1,023;2,22E-4;221,77;102,32;2,32E-4;-5,59E-4
6,456;4,299;1,023;2,22E-4;221,81;102,32;1,56E-4;-5,54E-4
6,457;4,299;1,022;2,22E-4;221,81;102,22;1,56E-4;-9,95E-4
6,458;4,301;1,023;2,22E-4;221,85;102,25;7,67E-5;-8,49E-4
6,459;4,300;1,022;2,22E-4;221,84;102,17;8,28E-5;0,00
6,460;4,302;1,022;2,22E-4;221,90;102,25;-3,68E-5;-8,91E-4
6,461;4,304;1,023;2,22E-4;221,96;102,33;-1,43E-4;-5,13E-4
6,462;4,304;1,022;2,22E-4;221,94;102,20;-1,10E-4;0,00
6,463;4,305;1,022;2,22E-4;221,99;102,24;-1,99E-4;-9,32E-4
6,464;4,306;1,023;2,22E-4;222,03;102,29;-2,81E-4;-6,84E-4
6,465;4,306;1,022;2,22E-4;222,02;102,16;-2,55E-4;0,00
6,466;4,308;1,023;2,22E-4;222,10;102,30;-4,12E-4;-6,47E-4
6,467;4,309;1,023;2,22E-4;222,11;102,29;-4,42E-4;-6,99E-4
6,468;4,309;1,022;2,22E-4;222,11;102,18;-4,45E-4;0,00
6,469;4,309;1,021;2,22E-4;222,12;102,15;-4,67E-4;0,00
6,470;4,309;1,021;2,22E-4;222,11;102,06;-4,43E-4;0,00
6,471;4,311;1,021;2,22E-4;222,17;102,13;-5,58E-4;0,00
6,472;4,311;1,021;2,22E-4;222,19;102,12;-5,97E-4;0,00
6,473;4,312;1,020;2,22E-4;222,21;102,05;-6,28E-4;0,00
6,474;4,312;1,020;2,22E-4;222,21;102,04;-6,37E-4;0,00
6,475;4,312;1,020;2,22E-4;222,21;101,95;-6,40E-4;0,00
6,476;4,314;1,021;2,22E-4;222,27;102,10;-7,55E-4;0,00
6,477;4,315;1,021;2,22E-4;222,31;102,08;-8,21E-4;0,00
6,478;4,314;1,020;2,22E-4;222,28;101,96;-7,62E-4;0,00
6,479;4,315;1,019;2,22E-4;222,30;101,95;-8,07E-4;0,00
6,480;4,315;1,020;2,22E-4;222,31;101,96;-8,25E-4;0,00
6,481;4,315;1,019;2,22E-4;222,31;101,92;-8,35E-4;0,00
6,482;4,315;1,018;2,22E-4;222,30;101,80;-8,11E-4;0,00
6,483;4,316;1,019;2,22E-4;222,35;101,86;-8,99E-4;0,00
6,484;4,317;1,019;2,22E-4;222,36;101,87;-9,31E-4;0,00
6,485;4,317;1,019;2,22E-4;222,38;101,86;-9,61E-4;0,00
6,486;4,318;1,019;2,22E-4;222,40;101,87;0,00;0,00
6,487;4,319;1,019;2,22E-4;222,43;101,93;0,00;0,00
6,488;4,319;1,019;2,22E-4;222,44;101,93;0,00;0,00
6,489;4,319;1,019;2,22E-4;222,45;101,90;0,00;0,00
6,490;4,320;1,019;2,22E-4;222,47;101,93;0,00;0,00
6,491;4,321;1,020;2,23E-4;222,51;101,96;0,00;0,00
6,492;4,321;1,019;2,23E-4;222,52;101,94;0,00;0,00
6,493;4,321;1,018;2,22E-4;222,49;101,83;0,00;0,00
6,494;4,321;1,018;2,22E-4;222,49;101,84;0,00;0,00
6,495;4,322;1,019;2,23E-4;222,52;101,92;0,00;0,00
6,496;4,322;1,018;2,23E-4;222,53;101,85;0,00;0,00
6,497;4,323;1,019;2,23E-4;222,56;101,93;0,00;0,00
6,498;4,323;1,019;2,23E-4;222,56;101,92;0,00;0,00
6,499;4,322;1,018;2,23E-4;222,54;101,76;0,00;0,00
6,500;4,323;1,018;2,23E-4;222,57;101,84;0,00;0,00
6,501;4,323;1,018;2,23E-4;222,57;101,81;0,00;0,00
6,502;4,324;1,019;2,23E-4;222,60;101,87;0,00;0,00
6,503;4,325;1,019;2,23E-4;222,63;101,94;0,00;0,00
6,504;4,326;1,020;2,23E-4;222,66;101,98;0,00;0,00
6,505;4,326;1,020;2,23E-4;222,66;101,95;0,00;0,00
6,506;4,325;1,019;2,23E-4;222,63;101,85;0,00;0,00
6,507;4,324;1,018;2,23E-4;222,61;101,75;0,00;0,00
6,508;4,327;1,020;2,23E-4;222,69;101,99;0,00;0,00
6,509;4,326;1,019;2,23E-4;222,66;101,88;0,00;0,00
6,510;4,327;1,019;2,23E-4;222,68;101,94;0,00;0,00
6,511;4,326;1,019;2,23E-4;222,68;101,89;0,00;0,00
6,512;4,325;1,018;2,23E-4;222,64;101,76;0,00;0,00
6,513;4,325;1,018;2,23E-4;222,65;101,77;0,00;0,00
6,514;4,327;1,019;2,23E-4;222,70;101,94;0,00;0,00
6,515;4,328;1,019;2,23E-4;222,72;101,94;0,00;0,00
6,516;4,327;1,019;2,23E-4;222,70;101,91;0,00;0,00
6,517;4,327;1,019;2,23E-4;222,71;101,89;0,00;0,00
6,518;4,327;1,019;2,23E-4;222,69;101,86;0,00;0,00
6,519;4,326;1,018;2,23E-4;222,67;101,79;0,00;0,00
6,520;4,327;1,018;2,23E-4;222,68;101,84;0,00;0,00
6,521;4,326;1,018;2,23E-4;222,66;101,77;0,00;0,00
6,522;4,327;1,018;2,23E-4;222,70;101,85;0,00;0,00
6,523;4,326;1,017;2,23E-4;222,65;101,69;0,00;0,00
6,524;4,326;1,018;2,23E-4;222,68;101,81;0,00;0,00
6,525;4,326;1,018;2,23E-4;222,66;101,77;0,00;0,00
6,526;4,326;1,018;2,23E-4;222,67;101,78;0,00;0,00
6,527;4,327;1,018;2,23E-4;222,70;101,85;0,00;0,00
6,528;4,327;1,019;2,23E-4;222,71;101,86;0,00;0,00
6,529;4,327;1,018;2,23E-4;222,69;101,80;0,00;0,00
6,530;4,328;1,020;2,23E-4;222,74;101,98;0,00;0,00
6,531;4,326;1,017;2,23E-4;222,67;101,74;0,00;0,00
6,532;4,326;1,017;2,23E-4;222,66;101,73;0,00;0,00
6,533;4,327;1,018;2,23E-4;222,69;101,79;0,00;0,00
6,534;4,328;1,019;2,23E-4;222,73;101,94;0,00;0,00
6,535;4,327;1,019;2,23E-4;222,71;101,87;0,00;0,00
6,536;4,327;1,019;2,23E-4;222,71;101,89;0,00;0,00
6,537;4,327;1,019;2,23E-4;222,70;101,88;0,00;0,00
6,538;4,327;1,018;2,23E-4;222,70;101,85;0,00;0,00
6,539;4,327;1,019;2,23E-4;222,70;101,86;0,00;0,00
6,540;4,327;1,019;2,23E-4;222,71;101,93;0,00;0,00
6,541;4,327;1,018;2,23E-4;222,69;101,84;0,00;0,00
6,542;4,327;1,019;2,23E-4;222,71;101,89;0,00;0,00
6,543;4,328;1,020;2,23E-4;222,73;101,96;0,00;0,00
6,544;4,326;1,018;2,23E-4;222,67;101,80;0,00;0,00
6,545;4,326;1,018;2,23E-4;222,66;101,78;0,00;0,00
6,546;4,327;1,019;2,23E-4;222,69;101,87;0,00;0,00
6,547;4,326;1,018;2,23E-4;222,66;101,82;0,00;0,00
6,548;4,327;1,018;2,23E-4;222,68;101,84;0,00;0,00
6,549;4,327;1,019;2,23E-4;222,70;101,93;0,00;0,00
6,550;4,327;1,019;2,23E-4;222,69;101,87;0,00;0,00
6,551;4,327;1,020;2,23E-4;222,71;101,98;0,00;0,00
6,552;4,327;1,020;2,23E-4;222,70;101,96;0,00;0,00
6,553;4,326;1,019;2,23E-4;222,68;101,88;0,00;0,00
6,554;4,326;1,019;2,23E-4;222,67;101,90;0,00;0,00
6,555;4,325;1,018;2,23E-4;222,65;101,82;0,00;0,00
6,556;4,327;1,020;2,23E-4;222,69;101,97;0,00;0,00
6,557;4,327;1,020;2,23E-4;222,68;101,96;0,00;0,00
6,558;4,327;1,020;2,23E-4;222,69;101,97;0,00;0,00
6,559;4,325;1,019;2,23E-4;222,65;101,88;0,00;0,00
6,560;4,327;1,020;2,23E-4;222,70;102,04;0,00;0,00
6,561;4,326;1,019;2,23E-4;222,66;101,91;0,00;0,00
6,562;4,326;1,019;2,23E-4;222,65;101,93;0,00;0,00
6,563;4,325;1,019;2,23E-4;222,64;101,94;0,00;0,00
6,564;4,325;1,019;2,23E-4;222,64;101,93;0,00;0,00
6,565;4,324;1,018;2,23E-4;222,61;101,83;0,00;0,00
6,566;4,325;1,019;2,23E-4;222,62;101,87;0,00;0,00
6,567;4,325;1,019;2,23E-4;222,62;101,86;0,00;0,00
6,568;4,324;1,019;2,23E-4;222,61;101,86;0,00;0,00
6,569;4,325;1,019;2,23E-4;222,62;101,90;0,00;0,00
6,570;4,324;1,019;2,23E-4;222,61;101,85;0,00;0,00
6,571;4,323;1,018;2,23E-4;222,56;101,78;0,00;0,00
6,572;4,322;1,018;2,23E-4;222,55;101,78;0,00;0,00
6,573;4,323;1,019;2,23E-4;222,57;101,91;0,00;0,00
6,574;4,323;1,019;2,23E-4;222,57;101,92;0,00;0,00
6,575;4,322;1,019;2,23E-4;222,55;101,88;0,00;0,00
6,576;4,323;1,019;2,23E-4;222,56;101,94;0,00;0,00
6,577;4,322;1,019;2,23E-4;222,54;101,91;0,00;0,00
6,578;4,322;1,019;2,23E-4;222,53;101,89;0,00;0,00
6,579;4,320;1,020;2,22E-4;222,49;102,00;0,00;0,00
6,580;4,319;1,020;2,22E-4;222,43;102,02;0,00;0,00
6,581;4,316;1,019;2,22E-4;222,35;101,92;-9,08E-4;0,00
6,582;4,314;1,019;2,22E-4;222,30;101,94;-8,00E-4;0,00
6,583;4,314;1,020;2,22E-4;222,27;102,02;-7,53E-4;0,00
6,584;4,312;1,021;2,22E-4;222,23;102,06;-6,69E-4;0,00
6,585;4,312;1,021;2,22E-4;222,21;102,13;-6,43E-4;0,00
6,586;4,310;1,021;2,22E-4;222,16;102,14;-5,33E-4;0,00
6,587;4,308;1,022;2,22E-4;222,09;102,16;-4,06E-4;0,00
6,588;4,307;1,023;2,22E-4;222,07;102,31;-3,53E-4;-6,32E-4
6,589;4,305;1,023;2,22E-4;222,00;102,26;-2,27E-4;-8,44E-4
6,590;4,303;1,023;2,22E-4;221,93;102,26;-8,51E-5;-8,44E-4
6,591;4,301;1,023;2,22E-4;221,87;102,31;3,60E-5;-5,95E-4
6,592;4,300;1,024;2,22E-4;221,82;102,43;1,28E-4;-1,19E-4
6,593;4,297;1,024;2,22E-4;221,74;102,43;2,80E-4;-1,24E-4
6,594;4,295;1,025;2,22E-4;221,66;102,54;4,38E-4;3,67E-4
6,595;4,292;1,026;2,22E-4;221,56;102,56;6,42E-4;4,34E-4
6,596;4,287;1,026;2,21E-4;221,43;102,57;8,96E-4;4,81E-4
6,597;4,284;1,027;2,21E-4;221,33;102,73;0,00;0,00
6,598;4,280;1,028;2,21E-4;221,19;102,78;0,00;0,00
6,599;4,276;1,029;2,21E-4;221,05;102,90;0,00;0,00
6,600;4,270;1,029;2,21E-4;220,85;102,91;0,00;0,00
6,601;4,264;1,030;2,21E-4;220,66;102,99;0,00;0,00
6,602;4,258;1,031;2,20E-4;220,47;103,08;0,00;0,00
6,603;4,252;1,033;2,20E-4;220,29;103,35;0,00;0,00
6,604;4,243;1,034;2,20E-4;220,01;103,38;0,00;0,00
6,605;4,236;1,036;2,20E-4;219,76;103,59;0,00;0,00
6,606;4,227;1,038;2,19E-4;219,49;103,85;0,00;0,01
6,607;4,218;1,040;2,19E-4;219,19;104,03;0,01;0,01
6,608;4,208;1,043;2,19E-4;218,87;104,27;0,01;0,01
6,609;4,197;1,046;2,19E-4;218,53;104,56;0,01;0,01
6,610;4,184;1,047;2,18E-4;218,11;104,68;0,01;0,01
6,611;4,173;1,050;2,18E-4;217,74;104,96;0,01;0,01
6,612;4,160;1,053;2,17E-4;217,35;105,34;0,01;0,01
6,613;4,146;1,056;2,17E-4;216,90;105,60;0,01;0,01
6,614;4,131;1,059;2,16E-4;216,41;105,88;0,01;0,01
6,615;4,116;1,062;2,16E-4;215,91;106,25;0,01;0,02
6,616;4,098;1,064;2,15E-4;215,35;106,41;0,01;0,02
6,617;4,081;1,067;2,15E-4;214,80;106,74;0,01;0,02
6,618;4,065;1,072;2,14E-4;214,28;107,16;0,02;0,02
6,619;4,048;1,076;2,14E-4;213,73;107,61;0,02;0,02
6,620;4,031;1,081;2,13E-4;213,18;108,14;0,02;0,02
6,621;4,011;1,085;2,13E-4;212,56;108,49;0,02;0,02
6,622;3,992;1,088;2,12E-4;211,95;108,82;0,02;0,03
6,623;3,975;1,094;2,11E-4;211,41;109,39;0,02;0,03
6,624;3,954;1,098;2,11E-4;210,73;109,84;0,02;0,03
6,625;3,930;1,104;2,10E-4;209,94;110,37;0,02;0,03
6,626;3,906;1,108;2,09E-4;209,20;110,84;0,03;0,03
6,627;3,885;1,115;2,09E-4;208,50;111,54;0,03;0,04
6,628;3,859;1,121;2,08E-4;207,66;112,08;0,03;0,04
6,629;3,832;1,126;2,07E-4;206,80;112,57;0,03;0,04
6,630;3,807;1,133;2,06E-4;206,01;113,33;0,03;0,04
6,631;3,780;1,140;2,05E-4;205,12;113,97;0,03;0,05
6,632;3,750;1,145;2,04E-4;204,18;114,55;0,04;0,05
6,633;3,723;1,154;2,03E-4;203,30;115,43;0,04;0,05
6,634;3,693;1,161;2,02E-4;202,33;116,14;0,04;0,05
6,635;3,661;1,168;2,01E-4;201,31;116,79;0,04;0,06
6,636;3,630;1,176;2,00E-4;200,31;117,59;0,04;0,06
6,637;3,598;1,184;1,99E-4;199,30;118,43;0,05;0,06
6,638;3,567;1,192;1,98E-4;198,29;119,23;0,05;0,07
6,639;3,535;1,202;1,97E-4;197,28;120,20;0,05;0,07
6,640;3,503;1,211;1,96E-4;196,23;121,14;0,05;0,07
6,641;3,467;1,220;1,95E-4;195,08;121,98;0,06;0,08
6,642;3,431;1,229;1,94E-4;193,94;122,86;0,06;0,08
6,643;3,395;1,239;1,93E-4;192,79;123,88;0,06;0,08
6,644;3,359;1,248;1,92E-4;191,61;124,83;0,06;0,09
6,645;3,324;1,260;1,90E-4;190,49;125,98;0,07;0,09
6,646;3,287;1,270;1,89E-4;189,32;127,05;0,07;0,09
6,647;3,250;1,281;1,88E-4;188,13;128,12;0,07;0,10
6,648;3,213;1,293;1,87E-4;186,95;129,25;0,07;0,10
6,649;3,176;1,304;1,86E-4;185,75;130,42;0,08;0,10
6,650;3,138;1,316;1,85E-4;184,53;131,59;0,08;0,11
6,651;3,100;1,327;1,83E-4;183,30;132,73;0,08;0,11
6,652;3,060;1,338;1,82E-4;182,03;133,77;0,09;0,12
6,653;3,024;1,352;1,81E-4;180,85;135,22;0,09;0,12
6,654;2,985;1,365;1,80E-4;179,63;136,52;0,09;0,12
6,655;2,947;1,378;1,78E-4;178,40;137,82;0,09;0,13
6,656;2,908;1,392;1,77E-4;177,15;139,20;0,10;0,13
6,657;2,868;1,406;1,76E-4;175,87;140,61;0,10;0,14
6,658;2,827;1,420;1,75E-4;174,55;141,99;0,10;0,14
6,659;2,787;1,435;1,73E-4;173,25;143,47;0,11;0,15
6,660;2,744;1,448;1,72E-4;171,87;144,77;0,11;0,15
6,661;2,703;1,463;1,71E-4;170,57;146,32;0,11;0,15
6,662;2,663;1,480;1,69E-4;169,28;147,97;0,12;0,16
6,663;2,620;1,493;1,68E-4;167,91;149,33;0,12;0,16
6,664;2,580;1,509;1,67E-4;166,62;150,94;0,12;0,17
6,665;2,540;1,526;1,65E-4;165,33;152,64;0,13;0,17
6,666;2,499;1,543;1,64E-4;164,03;154,32;0,13;0,18
6,667;2,460;1,560;1,63E-4;162,77;156,04;0,13;0,18
6,668;2,418;1,577;1,61E-4;161,42;157,70;0,14;0,19
6,669;2,379;1,595;1,60E-4;160,15;159,52;0,14;0,19
6,670;2,341;1,612;1,59E-4;158,95;161,19;0,14;0,20
6,671;2,304;1,630;1,58E-4;157,77;162,98;0,15;0,20
6,672;2,263;1,647;1,56E-4;156,44;164,70;0,15;0,21
6,673;2,221;1,665;1,55E-4;155,10;166,52;0,16;0,21
6,674;2,181;1,684;1,54E-4;153,81;168,37;0,16;0,22
6,675;2,141;1,702;1,53E-4;152,52;170,21;0,16;0,22
6,676;2,102;1,722;1,51E-4;151,27;172,25;0,17;0,23
6,677;2,062;1,741;1,50E-4;149,98;174,09;0,17;0,23
6,678;2,023;1,761;1,49E-4;148,74;176,08;0,17;0,24
6,679;1,985;1,781;1,48E-4;147,53;178,12;0,18;0,24
6,680;1,946;1,801;1,46E-4;146,27;180,09;0,18;0,24
6,681;1,907;1,822;1,45E-4;145,03;182,17;0,18;0,25
6,682;1,870;1,844;1,44E-4;143,82;184,38;0,19;0,26
6,683;1,830;1,864;1,43E-4;142,56;186,43;0,19;0,26
6,684;1,792;1,886;1,41E-4;141,32;188,62;0,20;0,27
6,685;1,755;1,909;1,40E-4;140,13;190,92;0,20;0,27
6,686;1,718;1,931;1,39E-4;138,94;193,09;0,20;0,28
6,687;1,681;1,954;1,38E-4;137,76;195,42;0,21;0,28
6,688;1,641;1,976;1,36E-4;136,47;197,63;0,21;0,29
6,689;1,602;2,001;1,35E-4;135,23;200,06;0,22;0,29
6,690;1,564;2,025;1,34E-4;134,00;202,48;0,22;0,30
6,691;1,526;2,050;1,33E-4;132,80;204,95;0,22;0,30
6,692;1,490;2,075;1,32E-4;131,62;207,49;0,23;0,31
6,693;1,453;2,100;1,30E-4;130,43;209,96;0,23;0,31
6,694;1,416;2,125;1,29E-4;129,24;212,48;0,23;0,32
6,695;1,378;2,149;1,28E-4;128,04;214,91;0,24;0,32
6,696;1,342;2,176;1,27E-4;126,88;217,58;0,24;0,33
6,697;1,307;2,203;1,26E-4;125,77;220,32;0,25;0,33
6,698;1,272;2,229;1,25E-4;124,62;222,94;0,25;0,34
6,699;1,237;2,257;1,24E-4;123,50;225,75;0,25;0,34
6,700;1,203;2,285;1,22E-4;122,40;228,50;0,26;0,35
6,701;1,169;2,314;1,21E-4;121,32;231,37;0,26;0,35
6,702;1,135;2,341;1,20E-4;120,24;234,12;0,27;0,36
6,703;1,102;2,369;1,19E-4;119,18;236,88;0,27;0,36
6,704;1,069;2,397;1,18E-4;118,12;239,75;0,27;0,37
6,705;1,035;2,426;1,17E-4;117,03;242,61;0,28;0,37
6,706;1,003;2,455;1,16E-4;115,98;245,53;0,28;0,38
6,707;0,971;2,486;1,15E-4;114,96;248,56;0,29;0,38
6,708;0,939;2,515;1,14E-4;113,95;251,54;0,29;0,39
6,709;0,908;2,545;1,13E-4;112,94;254,45;0,29;0,40
6,710;0,878;2,576;1,12E-4;111,99;257,63;0,30;0,40
6,711;0,846;2,605;1,11E-4;110,97;260,54;0,30;0,41
6,712;0,814;2,633;1,10E-4;109,94;263,33;0,30;0,41
6,713;0,785;2,664;1,09E-4;108,99;266,36;0,31;0,41
6,714;0,758;2,696;1,08E-4;108,15;269,60;0,31;0,42
6,715;0,730;2,725;1,07E-4;107,22;272,49;0,32;0,42
6,716;0,703;2,755;1,06E-4;106,37;275,50;0,32;0,43
6,717;0,677;2,785;1,06E-4;105,54;278,52;0,32;0,43
6,718;0,652;2,815;1,05E-4;104,72;281,55;0,33;0,44
6,719;0,626;2,846;1,04E-4;103,88;284,56;0,33;0,44
6,720;0,599;2,875;1,03E-4;103,01;287,54;0,33;0,45
6,721;0,573;2,908;1,02E-4;102,18;290,76;0,34;0,45
6,722;0,545;2,935;1,01E-4;101,31;293,55;0,34;0,46
6,723;0,524;2,966;1,01E-4;100,61;296,62;0,34;0,46
6,724;0,501;2,995;9,99E-5;99,89;299,46;0,35;0,47
6,725;0,481;3,026;9,93E-5;99,26;302,58;0,35;0,47
6,726;0,459;3,055;9,85E-5;98,52;305,50;0,35;0,47
6,727;0,435;3,085;9,78E-5;97,77;308,50;0,36;0,48
6,728;0,414;3,114;9,71E-5;97,08;311,41;0,36;0,48
6,729;0,391;3,142;9,64E-5;96,36;314,21;0,36;0,49
6,730;0,369;3,169;9,56E-5;95,64;316,87;0,37;0,49
6,731;0,349;3,195;9,50E-5;94,99;319,53;0,37;0,49
6,732;0,331;3,223;9,44E-5;94,42;322,25;0,37;0,50
6,733;0,315;3,248;9,39E-5;93,91;324,85;0,37;0,50
6,734;0,303;3,270;9,35E-5;93,54;326,99;0,38;0,50
6,735;0,302;3,278;9,35E-5;93,51;327,83;0,38;0,51
6,736;0,304;3,282;9,35E-5;93,54;328,21;0,38;0,51
6,737;0,304;3,279;9,36E-5;93,56;327,94;0,38;0,51
6,738;0,303;3,277;9,35E-5;93,52;327,68;0,38;0,50
6,739;0,302;3,276;9,35E-5;93,50;327,62;0,38;0,50
6,740;0,302;3,274;9,35E-5;93,49;327,43;0,38;0,50
6,741;0,303;3,273;9,35E-5;93,54;327,33;0,38;0,50
6,742;0,304;3,269;9,36E-5;93,57;326,94;0,37;0,50
6,743;0,304;3,266;9,35E-5;93,55;326,58;0,38;0,50
6,744;0,304;3,265;9,36E-5;93,57;326,49;0,38;0,50
6,745;0,304;3,263;9,36E-5;93,56;326,29;0,38;0,50
6,746;0,305;3,261;9,36E-5;93,60;326,12;0,37;0,50
6,747;0,305;3,259;9,36E-5;93,60;325,86;0,37;0,50
6,748;0,305;3,256;9,36E-5;93,60;325,64;0,37;0,50
6,749;0,306;3,255;9,36E-5;93,62;325,48;0,37;0,50
6,750;0,306;3,252;9,36E-5;93,62;325,22;0,37;0,50
6,751;0,306;3,250;9,36E-5;93,62;325,01;0,37;0,50
6,752;0,306;3,248;9,36E-5;93,63;324,78;0,37;0,50
6,753;0,307;3,246;9,37E-5;93,66;324,61;0,37;0,50
6,754;0,309;3,245;9,37E-5;93,72;324,48;0,37;0,50
6,755;0,308;3,241;9,37E-5;93,69;324,06;0,37;0,50
6,756;0,309;3,240;9,37E-5;93,73;324,01;0,37;0,50
6,757;0,310;3,238;9,37E-5;93,74;323,78;0,37;0,50
6,758;0,311;3,237;9,38E-5;93,77;323,71;0,37;0,50
6,759;0,311;3,236;9,38E-5;93,77;323,64;0,37;0,50
6,760;0,310;3,235;9,37E-5;93,74;323,48;0,37;0,50
6,761;0,309;3,233;9,37E-5;93,72;323,32;0,37;0,50
6,762;0,308;3,232;9,37E-5;93,67;323,20;0,37;0,50
6,763;0,308;3,231;9,37E-5;93,68;323,12;0,37;0,50
6,764;0,307;3,230;9,37E-5;93,66;323,01;0,37;0,50
6,765;0,308;3,229;9,37E-5;93,70;322,91;0,37;0,50
6,766;0,309;3,229;9,37E-5;93,73;322,88;0,37;0,50
6,767;0,310;3,227;9,37E-5;93,74;322,75;0,37;0,50
6,768;0,309;3,225;9,37E-5;93,71;322,51;0,37;0,50
6,769;0,308;3,223;9,37E-5;93,68;322,30;0,37;0,50
6,770;0,309;3,223;9,37E-5;93,72;322,32;0,37;0,50
6,771;0,310;3,223;9,37E-5;93,75;322,28;0,37;0,50
6,772;0,308;3,219;9,37E-5;93,68;321,93;0,37;0,50
6,773;0,307;3,218;9,37E-5;93,67;321,83;0,37;0,50
6,774;0,308;3,217;9,37E-5;93,68;321,68;0,37;0,50
6,775;0,309;3,217;9,37E-5;93,72;321,69;0,37;0,50
6,776;0,310;3,216;9,38E-5;93,75;321,57;0,37;0,50
6,777;0,310;3,214;9,37E-5;93,74;321,38;0,37;0,50
6,778;0,311;3,213;9,38E-5;93,77;321,34;0,37;0,50
6,779;0,310;3,212;9,38E-5;93,75;321,21;0,37;0,50
6,780;0,309;3,210;9,37E-5;93,71;321,00;0,37;0,50
6,781;0,308;3,208;9,37E-5;93,68;320,84;0,37;0,50
6,782;0,308;3,209;9,37E-5;93,69;320,86;0,37;0,50
6,783;0,309;3,209;9,37E-5;93,72;320,87;0,37;0,50
6,784;0,308;3,208;9,37E-5;93,68;320,80;0,37;0,50
6,785;0,307;3,206;9,37E-5;93,66;320,64;0,37;0,50
6,786;0,307;3,206;9,37E-5;93,66;320,56;0,37;0,50
6,787;0,308;3,205;9,37E-5;93,70;320,49;0,37;0,50
6,788;0,308;3,203;9,37E-5;93,68;320,30;0,37;0,50
6,789;0,308;3,202;9,37E-5;93,67;320,24;0,37;0,49
6,790;0,308;3,201;9,37E-5;93,67;320,10;0,37;0,49
6,791;0,308;3,200;9,37E-5;93,68;320,05;0,37;0,49
6,792;0,308;3,200;9,37E-5;93,69;319,96;0,37;0,49
6,793;0,308;3,199;9,37E-5;93,69;319,88;0,37;0,49
6,794;0,308;3,197;9,37E-5;93,68;319,73;0,37;0,49
6,795;0,308;3,196;9,37E-5;93,68;319,58;0,37;0,49
6,796;0,308;3,195;9,37E-5;93,67;319,51;0,37;0,49
6,797;0,308;3,195;9,37E-5;93,69;319,46;0,37;0,49
6,798;0,309;3,194;9,37E-5;93,70;319,43;0,37;0,49
6,799;0,308;3,192;9,37E-5;93,67;319,19;0,37;0,49
6,800;0,306;3,190;9,36E-5;93,62;318,99;0,37;0,49
6,801;0,308;3,190;9,37E-5;93,67;319,01;0,37;0,49
6,802;0,308;3,189;9,37E-5;93,69;318,93;0,37;0,49
6,803;0,307;3,187;9,37E-5;93,66;318,74;0,37;0,49
6,804;0,307;3,186;9,37E-5;93,66;318,60;0,37;0,49
6,805;0,307;3,186;9,37E-5;93,67;318,55;0,37;0,49
6,806;0,307;3,184;9,37E-5;93,66;318,44;0,37;0,49
6,807;0,307;3,183;9,36E-5;93,64;318,28;0,37;0,49
6,808;0,307;3,182;9,36E-5;93,64;318,17;0,37;0,49
6,809;0,307;3,181;9,37E-5;93,65;318,08;0,37;0,49
6,810;0,307;3,180;9,37E-5;93,67;318,01;0,37;0,49
6,811;0,308;3,180;9,37E-5;93,69;318,00;0,37;0,49
6,812;0,306;3,177;9,36E-5;93,62;317,70;0,37;0,49
6,813;0,307;3,178;9,37E-5;93,67;317,79;0,37;0,49
6,814;0,307;3,176;9,37E-5;93,65;317,63;0,37;0,49
6,815;0,308;3,177;9,37E-5;93,70;317,69;0,37;0,49
6,816;0,309;3,176;9,37E-5;93,71;317,62;0,37;0,49
6,817;0,309;3,175;9,37E-5;93,72;317,51;0,37;0,49
6,818;0,307;3,173;9,37E-5;93,66;317,27;0,37;0,49
6,819;0,306;3,170;9,36E-5;93,64;317,05;0,37;0,49
6,820;0,309;3,172;9,37E-5;93,72;317,22;0,37;0,49
6,821;0,308;3,170;9,37E-5;93,68;317,01;0,37;0,49
6,822;0,308;3,169;9,37E-5;93,68;316,92;0,37;0,49
6,823;0,307;3,168;9,37E-5;93,66;316,77;0,37;0,49
6,824;0,308;3,167;9,37E-5;93,68;316,74;0,37;0,49
6,825;0,307;3,166;9,37E-5;93,67;316,59;0,37;0,49
6,826;0,308;3,165;9,37E-5;93,69;316,51;0,37;0,49
6,827;0,308;3,164;9,37E-5;93,69;316,38;0,37;0,49
6,828;0,308;3,163;9,37E-5;93,68;316,28;0,37;0,49
6,829;0,308;3,162;9,37E-5;93,69;316,20;0,37;0,49
6,830;0,309;3,162;9,37E-5;93,72;316,21;0,37;0,49
6,831;0,308;3,159;9,37E-5;93,68;315,95;0,37;0,49
6,832;0,308;3,159;9,37E-5;93,68;315,89;0,37;0,49
6,833;0,307;3,157;9,37E-5;93,66;315,69;0,37;0,49
6,834;0,309;3,158;9,37E-5;93,71;315,81;0,37;0,49
6,835;0,308;3,156;9,37E-5;93,68;315,63;0,37;0,49
6,836;0,308;3,155;9,37E-5;93,69;315,53;0,37;0,49
6,837;0,307;3,154;9,37E-5;93,66;315,37;0,37;0,49
6,838;0,308;3,154;9,37E-5;93,69;315,38;0,37;0,49
6,839;0,308;3,153;9,37E-5;93,70;315,28;0,37;0,49
6,840;0,308;3,151;9,37E-5;93,68;315,15;0,37;0,49
6,841;0,308;3,151;9,37E-5;93,70;315,11;0,37;0,49
6,842;0,308;3,150;9,37E-5;93,68;314,97;0,37;0,49
6,843;0,308;3,149;9,37E-5;93,70;314,90;0,37;0,49
6,844;0,308;3,148;9,37E-5;93,70;314,80;0,37;0,49
6,845;0,308;3,147;9,37E-5;93,69;314,66;0,37;0,49
6,846;0,308;3,146;9,37E-5;93,70;314,60;0,37;0,49
6,847;0,308;3,144;9,37E-5;93,69;314,45;0,37;0,49
6,848;0,308;3,144;9,37E-5;93,69;314,37;0,37;0,49
6,849;0,309;3,143;9,37E-5;93,70;314,27;0,37;0,49
6,850;0,310;3,144;9,38E-5;93,75;314,35;0,37;0,49
6,851;0,309;3,142;9,37E-5;93,73;314,19;0,37;0,49
6,852;0,311;3,142;9,38E-5;93,77;314,21;0,37;0,49
6,853;0,310;3,141;9,38E-5;93,76;314,14;0,37;0,49
6,854;0,309;3,139;9,37E-5;93,70;313,86;0,37;0,49
6,855;0,309;3,138;9,37E-5;93,72;313,82;0,37;0,49
6,856;0,309;3,137;9,37E-5;93,71;313,72;0,37;0,49
6,857;0,308;3,135;9,37E-5;93,68;313,51;0,37;0,49
6,858;0,309;3,136;9,37E-5;93,72;313,59;0,37;0,49
6,859;0,310;3,135;9,37E-5;93,74;313,52;0,37;0,49
6,860;0,310;3,135;9,37E-5;93,74;313,48;0,37;0,49
6,861;0,309;3,133;9,37E-5;93,71;313,30;0,37;0,49
6,862;0,308;3,132;9,37E-5;93,69;313,19;0,37;0,49
6,863;0,309;3,132;9,37E-5;93,73;313,20;0,37;0,49
6,864;0,308;3,130;9,37E-5;93,69;313,05;0,37;0,49
6,865;0,309;3,130;9,37E-5;93,71;313,01;0,37;0,49
6,866;0,309;3,130;9,37E-5;93,73;312,99;0,37;0,48
6,867;0,309;3,129;9,37E-5;93,72;312,91;0,37;0,48
6,868;0,308;3,127;9,37E-5;93,70;312,69;0,37;0,48
6,869;0,309;3,127;9,37E-5;93,71;312,67;0,37;0,48
6,870;0,308;3,126;9,37E-5;93,70;312,56;0,37;0,48
6,871;0,309;3,125;9,37E-5;93,72;312,54;0,37;0,48
6,872;0,309;3,124;9,37E-5;93,71;312,43;0,37;0,48
6,873;0,309;3,124;9,37E-5;93,73;312,41;0,37;0,48
6,874;0,309;3,123;9,37E-5;93,73;312,31;0,37;0,48
6,875;0,309;3,122;9,37E-5;93,73;312,22;0,37;0,48
6,876;0,309;3,122;9,37E-5;93,72;312,18;0,37;0,48
6,877;0,309;3,121;9,37E-5;93,72;312,08;0,37;0,48
6,878;0,308;3,120;9,37E-5;93,70;311,97;0,37;0,48
6,879;0,310;3,120;9,37E-5;93,74;311,97;0,37;0,48
6,880;0,309;3,118;9,37E-5;93,71;311,79;0,37;0,48
6,881;0,308;3,117;9,37E-5;93,69;311,69;0,37;0,48
6,882;0,308;3,116;9,37E-5;93,68;311,57;0,37;0,48
6,883;0,310;3,117;9,37E-5;93,74;311,67;0,37;0,48
6,884;0,309;3,115;9,37E-5;93,71;311,51;0,37;0,48
6,885;0,308;3,114;9,37E-5;93,68;311,39;0,37;0,48
6,886;0,309;3,113;9,37E-5;93,70;311,33;0,37;0,48
6,887;0,309;3,113;9,37E-5;93,72;311,32;0,37;0,48
6,888;0,310;3,113;9,37E-5;93,75;311,31;0,37;0,48
6,889;0,308;3,111;9,37E-5;93,70;311,07;0,37;0,48
6,890;0,307;3,109;9,37E-5;93,66;310,91;0,37;0,48
6,891;0,308;3,108;9,37E-5;93,67;310,81;0,37;0,48
6,892;0,308;3,108;9,37E-5;93,70;310,84;0,37;0,48
6,893;0,309;3,108;9,37E-5;93,71;310,76;0,37;0,48
6,894;0,310;3,108;9,37E-5;93,74;310,81;0,37;0,48
6,895;0,308;3,105;9,37E-5;93,68;310,53;0,37;0,48
6,896;0,309;3,106;9,37E-5;93,72;310,59;0,37;0,48
6,897;0,308;3,104;9,37E-5;93,70;310,41;0,37;0,48
6,898;0,310;3,104;9,37E-5;93,74;310,43;0,37;0,48
6,899;0,309;3,103;9,37E-5;93,73;310,32;0,37;0,48
6,900;0,310;3,103;9,38E-5;93,75;310,30;0,37;0,48
6,901;0,310;3,102;9,37E-5;93,74;310,17;0,37;0,48
6,902;0,310;3,101;9,37E-5;93,74;310,07;0,37;0,48
6,903;0,309;3,099;9,37E-5;93,71;309,88;0,37;0,48
6,904;0,309;3,098;9,37E-5;93,72;309,82;0,37;0,48
6,905;0,310;3,099;9,38E-5;93,76;309,85;0,37;0,48
6,906;0,310;3,097;9,37E-5;93,74;309,66;0,37;0,48
6,907;0,310;3,095;9,37E-5;93,74;309,50;0,37;0,48
6,908;0,309;3,094;9,37E-5;93,73;309,39;0,37;0,48
6,909;0,310;3,094;9,38E-5;93,76;309,36;0,37;0,48
6,910;0,311;3,093;9,38E-5;93,77;309,26;0,37;0,48
6,911;0,310;3,091;9,38E-5;93,75;309,13;0,37;0,48
6,912;0,310;3,089;9,38E-5;93,76;308,93;0,37;0,48
6,913;0,311;3,089;9,38E-5;93,79;308,85;0,37;0,48
6,914;0,312;3,087;9,38E-5;93,83;308,75;0,37;0,48
6,915;0,313;3,085;9,39E-5;93,85;308,52;0,37;0,48
6,916;0,314;3,083;9,39E-5;93,88;308,28;0,37;0,48
6,917;0,315;3,081;9,39E-5;93,92;308,10;0,37;0,48
6,918;0,317;3,078;9,40E-5;93,97;307,84;0,37;0,48
6,919;0,316;3,074;9,39E-5;93,95;307,41;0,37;0,48
6,920;0,319;3,072;9,40E-5;94,04;307,23;0,37;0,48
6,921;0,322;3,070;9,41E-5;94,12;307,01;0,37;0,48
6,922;0,323;3,067;9,42E-5;94,18;306,74;0,37;0,48
6,923;0,325;3,064;9,42E-5;94,25;306,43;0,37;0,48
6,924;0,327;3,060;9,43E-5;94,30;306,00;0,37;0,48
6,925;0,330;3,056;9,44E-5;94,38;305,62;0,37;0,47
6,926;0,333;3,053;9,45E-5;94,48;305,34;0,37;0,47
6,927;0,335;3,048;9,45E-5;94,54;304,85;0,37;0,47
6,928;0,337;3,044;9,46E-5;94,63;304,42;0,37;0,47
6,929;0,339;3,038;9,47E-5;94,67;303,83;0,37;0,47
6,930;0,343;3,034;9,48E-5;94,80;303,42;0,37;0,47
6,931;0,346;3,030;9,49E-5;94,91;302,96;0,37;0,47
6,932;0,349;3,024;9,50E-5;95,00;302,42;0,37;0,47
6,933;0,352;3,019;9,51E-5;95,11;301,90;0,37;0,47
6,934;0,355;3,013;9,52E-5;95,21;301,29;0,37;0,47
6,935;0,359;3,007;9,53E-5;95,33;300,72;0,37;0,47
6,936;0,363;3,001;9,55E-5;95,46;300,14;0,37;0,47
6,937;0,367;2,995;9,56E-5;95,58;299,48;0,37;0,47
6,938;0,371;2,989;9,57E-5;95,70;298,88;0,37;0,46
6,939;0,376;2,983;9,59E-5;95,87;298,31;0,36;0,46
6,940;0,380;2,976;9,60E-5;96,00;297,61;0,36;0,46
6,941;0,385;2,969;9,61E-5;96,15;296,93;0,36;0,46
6,942;0,390;2,963;9,63E-5;96,31;296,27;0,36;0,46
6,943;0,395;2,956;9,65E-5;96,48;295,61;0,36;0,46
6,944;0,399;2,948;9,66E-5;96,61;294,83;0,36;0,46
6,945;0,404;2,942;9,68E-5;96,77;294,19;0,36;0,46
6,946;0,409;2,935;9,69E-5;96,94;293,47;0,36;0,46
6,947;0,414;2,928;9,71E-5;97,10;292,76;0,36;0,46
6,948;0,420;2,920;9,73E-5;97,27;292,03;0,36;0,45
6,949;0,426;2,914;9,75E-5;97,48;291,42;0,36;0,45
6,950;0,431;2,907;9,76E-5;97,65;290,72;0,36;0,45
6,951;0,435;2,898;9,78E-5;97,77;289,83;0,36;0,45
6,952;0,441;2,892;9,80E-5;97,97;289,17;0,36;0,45
6,953;0,447;2,885;9,82E-5;98,16;288,53;0,35;0,45
6,954;0,453;2,879;9,83E-5;98,34;287,90;0,35;0,45
6,955;0,457;2,871;9,85E-5;98,48;287,06;0,35;0,45
6,956;0,463;2,863;9,86E-5;98,65;286,31;0,35;0,45
6,957;0,467;2,856;9,88E-5;98,81;285,57;0,35;0,45
6,958;0,473;2,849;9,90E-5;98,99;284,92;0,35;0,44
6,959;0,479;2,843;9,92E-5;99,17;284,28;0,35;0,44
6,960;0,484;2,836;9,93E-5;99,33;283,61;0,35;0,44
6,961;0,488;2,828;9,95E-5;99,47;282,84;0,35;0,44
6,962;0,493;2,821;9,96E-5;99,62;282,09;0,35;0,44
6,963;0,497;2,814;9,97E-5;99,74;281,38;0,35;0,44
6,964;0,501;2,807;9,99E-5;99,88;280,68;0,35;0,44
6,965;0,507;2,802;1,00E-4;100,08;280,18;0,35;0,44
6,966;0,512;2,796;1,00E-4;100,25;279,55;0,35;0,44
6,967;0,516;2,788;1,00E-4;100,36;278,76;0,34;0,43
6,968;0,520;2,780;1,00E-4;100,49;278,02;0,34;0,43
6,969;0,525;2,774;1,01E-4;100,66;277,39;0,34;0,43
6,970;0,531;2,768;1,01E-4;100,83;276,81;0,34;0,43
6,971;0,535;2,761;1,01E-4;100,98;276,15;0,34;0,43
6,972;0,540;2,754;1,01E-4;101,12;275,44;0,34;0,43
6,973;0,544;2,747;1,01E-4;101,26;274,68;0,34;0,43
6,974;0,549;2,740;1,01E-4;101,41;274,04;0,34;0,43
6,975;0,555;2,735;1,02E-4;101,63;273,51;0,34;0,43
6,976;0,562;2,730;1,02E-4;101,83;272,98;0,34;0,43
6,977;0,567;2,724;1,02E-4;102,01;272,36;0,34;0,42
6,978;0,573;2,717;1,02E-4;102,19;271,71;0,34;0,42
6,979;0,577;2,709;1,02E-4;102,33;270,93;0,34;0,42
6,980;0,582;2,702;1,02E-4;102,47;270,21;0,34;0,42
6,981;0,587;2,696;1,03E-4;102,65;269,60;0,33;0,42
6,982;0,595;2,691;1,03E-4;102,88;269,10;0,33;0,42
6,983;0,601;2,685;1,03E-4;103,08;268,51;0,33;0,42
6,984;0,606;2,678;1,03E-4;103,24;267,83;0,33;0,42
6,985;0,611;2,672;1,03E-4;103,40;267,19;0,33;0,42
6,986;0,617;2,667;1,04E-4;103,61;266,66;0,33;0,42
6,987;0,623;2,661;1,04E-4;103,78;266,06;0,33;0,41
6,988;0,627;2,654;1,04E-4;103,94;265,38;0,33;0,41
6,989;0,630;2,646;1,04E-4;104,03;264,56;0,33;0,41
6,990;0,637;2,641;1,04E-4;104,24;264,07;0,33;0,41
6,991;0,641;2,634;1,04E-4;104,37;263,41;0,33;0,41
6,992;0,646;2,628;1,05E-4;104,54;262,84;0,33;0,41
6,993;0,650;2,622;1,05E-4;104,67;262,16;0,33;0,41
6,994;0,657;2,617;1,05E-4;104,87;261,71;0,33;0,41
6,995;0,662;2,612;1,05E-4;105,06;261,22;0,32;0,41
6,996;0,667;2,606;1,05E-4;105,22;260,62;0,32;0,41
6,997;0,670;2,598;1,05E-4;105,29;259,76;0,32;0,40
6,998;0,675;2,593;1,05E-4;105,47;259,29;0,32;0,40
6,999;0,679;2,587;1,06E-4;105,61;258,73;0,32;0,40
7,000;0,684;2,582;1,06E-4;105,77;258,21;0,32;0,40
7,001;0,689;2,577;1,06E-4;105,92;257,71;0,32;0,40
7,002;0,694;2,571;1,06E-4;106,07;257,10;0,32;0,40
7,003;0,698;2,566;1,06E-4;106,20;256,56;0,32;0,40
7,004;0,702;2,560;1,06E-4;106,33;255,96;0,32;0,40
7,005;0,706;2,555;1,06E-4;106,48;255,47;0,32;0,40
7,006;0,711;2,550;1,07E-4;106,63;254,97;0,32;0,40
7,007;0,715;2,544;1,07E-4;106,75;254,41;0,32;0,40
7,008;0,719;2,539;1,07E-4;106,89;253,93;0,32;0,39
7,009;0,723;2,533;1,07E-4;107,01;253,33;0,32;0,39
7,010;0,728;2,529;1,07E-4;107,17;252,88;0,32;0,39
7,011;0,733;2,525;1,07E-4;107,32;252,46;0,32;0,39
7,012;0,737;2,520;1,07E-4;107,47;252,03;0,31;0,39
7,013;0,741;2,515;1,08E-4;107,58;251,48;0,31;0,39
7,014;0,746;2,511;1,08E-4;107,73;251,08;0,31;0,39
7,015;0,748;2,504;1,08E-4;107,80;250,41;0,31;0,39
7,016;0,752;2,499;1,08E-4;107,94;249,92;0,31;0,39
7,017;0,757;2,496;1,08E-4;108,09;249,56;0,31;0,39
7,018;0,759;2,489;1,08E-4;108,16;248,92;0,31;0,39
7,019;0,764;2,486;1,08E-4;108,32;248,59;0,31;0,38
7,020;0,768;2,481;1,08E-4;108,46;248,14;0,31;0,38
7,021;0,772;2,477;1,09E-4;108,57;247,67;0,31;0,38
7,022;0,776;2,472;1,09E-4;108,70;247,25;0,31;0,38
7,023;0,780;2,468;1,09E-4;108,83;246,83;0,31;0,38
7,024;0,784;2,464;1,09E-4;108,96;246,36;0,31;0,38
7,025;0,787;2,459;1,09E-4;109,07;245,91;0,31;0,38
7,026;0,791;2,455;1,09E-4;109,20;245,49;0,31;0,38
7,027;0,795;2,451;1,09E-4;109,32;245,10;0,31;0,38
7,028;0,800;2,448;1,09E-4;109,47;244,75;0,31;0,38
7,029;0,804;2,444;1,10E-4;109,60;244,36;0,31;0,38
7,030;0,807;2,438;1,10E-4;109,69;243,84;0,31;0,38
7,031;0,812;2,436;1,10E-4;109,86;243,59;0,31;0,38
7,032;0,815;2,431;1,10E-4;109,96;243,15;0,30;0,38
7,033;0,819;2,428;1,10E-4;110,10;242,83;0,30;0,37
7,034;0,823;2,424;1,10E-4;110,22;242,45;0,30;0,37
7,035;0,826;2,420;1,10E-4;110,33;242,00;0,30;0,37
7,036;0,829;2,415;1,10E-4;110,40;241,48;0,30;0,37
7,037;0,832;2,411;1,11E-4;110,52;241,11;0,30;0,37
7,038;0,837;2,408;1,11E-4;110,66;240,79;0,30;0,37
7,039;0,841;2,405;1,11E-4;110,81;240,53;0,30;0,37
7,040;0,846;2,403;1,11E-4;110,95;240,27;0,30;0,37
7,041;0,848;2,398;1,11E-4;111,03;239,78;0,30;0,37
7,042;0,852;2,394;1,11E-4;111,13;239,39;0,30;0,37
7,043;0,855;2,390;1,11E-4;111,25;238,97;0,30;0,37
7,044;0,859;2,387;1,11E-4;111,38;238,67;0,30;0,37
7,045;0,862;2,383;1,11E-4;111,49;238,28;0,30;0,37
7,046;0,866;2,380;1,12E-4;111,61;237,98;0,30;0,37
7,047;0,869;2,376;1,12E-4;111,71;237,59;0,30;0,37
7,048;0,873;2,373;1,12E-4;111,83;237,28;0,30;0,36
7,049;0,879;2,371;1,12E-4;112,01;237,12;0,30;0,36
7,050;0,881;2,367;1,12E-4;112,09;236,71;0,30;0,36
7,051;0,884;2,363;1,12E-4;112,19;236,32;0,30;0,36
7,052;0,886;2,358;1,12E-4;112,25;235,81;0,30;0,36
7,053;0,890;2,356;1,12E-4;112,38;235,55;0,30;0,36
7,054;0,894;2,352;1,12E-4;112,49;235,25;0,30;0,36
7,055;0,898;2,350;1,13E-4;112,63;235,00;0,29;0,36
7,056;0,902;2,347;1,13E-4;112,74;234,67;0,29;0,36
7,057;0,904;2,343;1,13E-4;112,83;234,33;0,29;0,36
7,058;0,907;2,339;1,13E-4;112,91;233,94;0,29;0,36
7,059;0,910;2,336;1,13E-4;113,01;233,60;0,29;0,36
7,060;0,913;2,333;1,13E-4;113,12;233,25;0,29;0,36
7,061;0,917;2,330;1,13E-4;113,22;232,98;0,29;0,36
7,062;0,920;2,326;1,13E-4;113,33;232,61;0,29;0,36
7,063;0,923;2,322;1,13E-4;113,43;232,24;0,29;0,36
7,064;0,927;2,320;1,14E-4;113,55;232,00;0,29;0,35
7,065;0,930;2,317;1,14E-4;113,65;231,72;0,29;0,35
7,066;0,933;2,314;1,14E-4;113,76;231,35;0,29;0,35
7,067;0,937;2,312;1,14E-4;113,89;231,17;0,29;0,35
7,068;0,939;2,308;1,14E-4;113,95;230,77;0,29;0,35
7,069;0,943;2,305;1,14E-4;114,07;230,53;0,29;0,35
7,070;0,945;2,301;1,14E-4;114,14;230,12;0,29;0,35
7,071;0,949;2,299;1,14E-4;114,25;229,85;0,29;0,35
7,072;0,952;2,295;1,14E-4;114,35;229,53;0,29;0,35
7,073;0,953;2,291;1,14E-4;114,41;229,09;0,29;0,35
7,074;0,957;2,289;1,15E-4;114,52;228,89;0,29;0,35
7,075;0,961;2,287;1,15E-4;114,65;228,67;0,29;0,35
7,076;0,965;2,285;1,15E-4;114,79;228,52;0,29;0,35
7,077;0,967;2,280;1,15E-4;114,83;228,05;0,29;0,35
7,078;0,970;2,278;1,15E-4;114,94;227,80;0,29;0,35
7,079;0,973;2,275;1,15E-4;115,03;227,46;0,29;0,35
7,080;0,977;2,272;1,15E-4;115,15;227,23;0,28;0,35
7,081;0,978;2,268;1,15E-4;115,21;226,80;0,28;0,35
7,082;0,981;2,265;1,15E-4;115,30;226,52;0,28;0,34
7,083;0,986;2,263;1,15E-4;115,44;226,33;0,28;0,34
7,084;0,988;2,260;1,16E-4;115,52;225,95;0,28;0,34
7,085;0,992;2,258;1,16E-4;115,64;225,75;0,28;0,34
7,086;0,996;2,255;1,16E-4;115,76;225,52;0,28;0,34
7,087;0,998;2,252;1,16E-4;115,85;225,18;0,28;0,34
7,088;1,001;2,249;1,16E-4;115,94;224,88;0,28;0,34
7,089;1,005;2,247;1,16E-4;116,07;224,67;0,28;0,34
7,090;1,009;2,244;1,16E-4;116,18;224,43;0,28;0,34
7,091;1,012;2,241;1,16E-4;116,27;224,14;0,28;0,34
7,092;1,014;2,238;1,16E-4;116,33;223,77;0,28;0,34
7,093;1,018;2,236;1,16E-4;116,47;223,62;0,28;0,34
7,094;1,020;2,232;1,17E-4;116,55;223,24;0,28;0,34
7,095;1,024;2,230;1,17E-4;116,67;222,98;0,28;0,34
7,096;1,027;2,227;1,17E-4;116,76;222,69;0,28;0,34
7,097;1,029;2,224;1,17E-4;116,83;222,37;0,28;0,34
7,098;1,032;2,221;1,17E-4;116,92;222,13;0,28;0,34
7,099;1,035;2,219;1,17E-4;117,03;221,89;0,28;0,34
7,100;1,038;2,216;1,17E-4;117,12;221,60;0,28;0,34
7,101;1,040;2,213;1,17E-4;117,20;221,29;0,28;0,33
7,102;1,044;2,211;1,17E-4;117,31;221,10;0,28;0,33
7,103;1,048;2,210;1,17E-4;117,43;220,96;0,28;0,33
7,104;1,051;2,208;1,18E-4;117,54;220,78;0,28;0,33
7,105;1,053;2,205;1,18E-4;117,60;220,49;0,28;0,33
7,106;1,056;2,202;1,18E-4;117,69;220,24;0,28;0,33
7,107;1,057;2,198;1,18E-4;117,73;219,84;0,28;0,33
7,108;1,059;2,196;1,18E-4;117,81;219,59;0,27;0,33
7,109;1,063;2,195;1,18E-4;117,91;219,47;0,27;0,33
7,110;1,066;2,193;1,18E-4;118,00;219,31;0,27;0,33
7,111;1,068;2,191;1,18E-4;118,07;219,07;0,27;0,33
7,112;1,070;2,189;1,18E-4;118,14;218,92;0,27;0,33
7,113;1,071;2,186;1,18E-4;118,18;218,61;0,27;0,33
7,114;1,073;2,184;1,18E-4;118,23;218,35;0,27;0,33
7,115;1,075;2,182;1,18E-4;118,31;218,24;0,27;0,33
7,116;1,078;2,181;1,18E-4;118,40;218,11;0,27;0,33
7,117;1,080;2,179;1,18E-4;118,46;217,91;0,27;0,33
7,118;1,081;2,177;1,18E-4;118,50;217,71;0,27;0,33
7,119;1,083;2,177;1,19E-4;118,57;217,65;0,27;0,33
7,120;1,085;2,175;1,19E-4;118,62;217,49;0,27;0,33
7,121;1,087;2,174;1,19E-4;118,69;217,40;0,27;0,33
7,122;1,089;2,172;1,19E-4;118,75;217,22;0,27;0,33
7,123;1,088;2,169;1,19E-4;118,73;216,95;0,27;0,33
7,124;1,091;2,169;1,19E-4;118,81;216,92;0,27;0,33
7,125;1,091;2,167;1,19E-4;118,84;216,74;0,27;0,33
7,126;1,093;2,166;1,19E-4;118,89;216,58;0,27;0,33
7,127;1,096;2,167;1,19E-4;118,99;216,73;0,27;0,33
7,128;1,098;2,166;1,19E-4;119,06;216,63;0,27;0,33
7,129;1,098;2,164;1,19E-4;119,06;216,40;0,27;0,32
7,130;1,099;2,162;1,19E-4;119,07;216,21;0,27;0,32
7,131;1,101;2,162;1,19E-4;119,13;216,17;0,27;0,32
7,132;1,102;2,161;1,19E-4;119,17;216,10;0,27;0,32
7,133;1,101;2,158;1,19E-4;119,14;215,79;0,27;0,32
7,134;1,102;2,157;1,19E-4;119,18;215,75;0,27;0,32
7,135;1,103;2,157;1,19E-4;119,22;215,70;0,27;0,32
7,136;1,106;2,158;1,19E-4;119,29;215,75;0,27;0,32
7,137;1,106;2,156;1,19E-4;119,29;215,59;0,27;0,32
7,138;1,105;2,154;1,19E-4;119,27;215,38;0,27;0,32
7,139;1,107;2,154;1,19E-4;119,35;215,42;0,27;0,32
7,140;1,107;2,152;1,19E-4;119,34;215,21;0,27;0,32
7,141;1,108;2,151;1,19E-4;119,38;215,11;0,27;0,32
7,142;1,110;2,151;1,19E-4;119,44;215,14;0,27;0,32
7,143;1,112;2,151;1,19E-4;119,49;215,15;0,27;0,32
7,144;1,111;2,149;1,19E-4;119,45;214,89;0,27;0,32
7,145;1,112;2,148;1,19E-4;119,49;214,82;0,27;0,32
7,146;1,112;2,146;1,19E-4;119,49;214,62;0,27;0,32
7,147;1,115;2,148;1,20E-4;119,60;214,77;0,27;0,32
7,148;1,115;2,145;1,20E-4;119,60;214,55;0,27;0,32
7,149;1,115;2,144;1,20E-4;119,60;214,38;0,27;0,32
7,150;1,117;2,143;1,20E-4;119,66;214,35;0,27;0,32
7,151;1,118;2,143;1,20E-4;119,69;214,29;0,27;0,32
7,152;1,120;2,142;1,20E-4;119,74;214,23;0,27;0,32
7,153;1,121;2,141;1,20E-4;119,78;214,11;0,27;0,32
7,154;1,122;2,139;1,20E-4;119,80;213,95;0,27;0,32
7,155;1,123;2,138;1,20E-4;119,86;213,84;0,27;0,32
7,156;1,125;2,138;1,20E-4;119,92;213,81;0,27;0,32
7,157;1,125;2,136;1,20E-4;119,93;213,58;0,27;0,32
7,158;1,128;2,135;1,20E-4;120,00;213,51;0,27;0,32
7,159;1,128;2,132;1,20E-4;120,00;213,24;0,27;0,32
7,160;1,129;2,131;1,20E-4;120,05;213,12;0,27;0,32
7,161;1,130;2,129;1,20E-4;120,08;212,93;0,27;0,32
7,162;1,132;2,129;1,20E-4;120,14;212,85;0,27;0,32
7,163;1,136;2,129;1,20E-4;120,26;212,89;0,27;0,32
7,164;1,137;2,127;1,20E-4;120,30;212,70;0,27;0,32
7,165;1,139;2,126;1,20E-4;120,36;212,60;0,27;0,32
7,166;1,141;2,125;1,20E-4;120,42;212,46;0,27;0,32
7,167;1,141;2,122;1,20E-4;120,44;212,18;0,27;0,32
7,168;1,143;2,120;1,20E-4;120,50;212,01;0,27;0,32
7,169;1,147;2,120;1,21E-4;120,61;211,96;0,26;0,32
7,170;1,147;2,117;1,21E-4;120,63;211,70;0,26;0,32
7,171;1,149;2,115;1,21E-4;120,69;211,51;0,26;0,31
7,172;1,150;2,112;1,21E-4;120,72;211,25;0,26;0,31
7,173;1,153;2,111;1,21E-4;120,80;211,09;0,26;0,31
7,174;1,155;2,110;1,21E-4;120,87;210,95;0,26;0,31
7,175;1,157;2,108;1,21E-4;120,94;210,78;0,26;0,31
7,176;1,159;2,106;1,21E-4;121,01;210,59;0,26;0,31
7,177;1,161;2,104;1,21E-4;121,07;210,36;0,26;0,31
7,178;1,163;2,101;1,21E-4;121,14;210,12;0,26;0,31
7,179;1,166;2,100;1,21E-4;121,24;210,00;0,26;0,31
7,180;1,169;2,098;1,21E-4;121,32;209,84;0,26;0,31
7,181;1,170;2,095;1,21E-4;121,36;209,47;0,26;0,31
7,182;1,173;2,093;1,21E-4;121,44;209,30;0,26;0,31
7,183;1,176;2,092;1,22E-4;121,56;209,16;0,26;0,31
7,184;1,180;2,090;1,22E-4;121,68;209,02;0,26;0,31
7,185;1,183;2,088;1,22E-4;121,77;208,82;0,26;0,31
7,186;1,185;2,086;1,22E-4;121,85;208,56;0,26;0,31
7,187;1,188;2,083;1,22E-4;121,94;208,32;0,26;0,31
7,188;1,192;2,081;1,22E-4;122,05;208,14;0,26;0,31
7,189;1,194;2,079;1,22E-4;122,14;207,88;0,26;0,31
7,190;1,197;2,075;1,22E-4;122,22;207,53;0,26;0,31
7,191;1,201;2,074;1,22E-4;122,36;207,40;0,26;0,31
7,192;1,202;2,069;1,22E-4;122,40;206,93;0,26;0,31
7,193;1,206;2,068;1,23E-4;122,53;206,77;0,26;0,30
7,194;1,210;2,066;1,23E-4;122,66;206,60;0,26;0,30
7,195;1,215;2,064;1,23E-4;122,80;206,42;0,26;0,30
7,196;1,217;2,060;1,23E-4;122,86;206,03;0,26;0,30
7,197;1,220;2,057;1,23E-4;122,95;205,71;0,26;0,30
7,198;1,225;2,055;1,23E-4;123,11;205,50;0,26;0,30
7,199;1,228;2,052;1,23E-4;123,21;205,24;0,26;0,30
7,200;1,231;2,049;1,23E-4;123,31;204,93;0,26;0,30
7,201;1,234;2,046;1,23E-4;123,43;204,62;0,25;0,30
7,202;1,239;2,045;1,24E-4;123,58;204,46;0,25;0,30
7,203;1,243;2,042;1,24E-4;123,69;204,18;0,25;0,30
7,204;1,246;2,039;1,24E-4;123,80;203,87;0,25;0,30
7,205;1,249;2,035;1,24E-4;123,91;203,54;0,25;0,30
7,206;1,251;2,031;1,24E-4;123,96;203,05;0,25;0,30
7,207;1,256;2,029;1,24E-4;124,13;202,91;0,25;0,30
7,208;1,259;2,025;1,24E-4;124,22;202,52;0,25;0,30
7,209;1,264;2,023;1,24E-4;124,37;202,32;0,25;0,30
7,210;1,269;2,021;1,25E-4;124,53;202,12;0,25;0,30
7,211;1,271;2,017;1,25E-4;124,61;201,70;0,25;0,29
7,212;1,276;2,015;1,25E-4;124,77;201,48;0,25;0,29
7,213;1,280;2,012;1,25E-4;124,89;201,20;0,25;0,29
7,214;1,283;2,009;1,25E-4;124,99;200,85;0,25;0,29
7,215;1,287;2,006;1,25E-4;125,12;200,58;0,25;0,29
7,216;1,291;2,002;1,25E-4;125,23;200,21;0,25;0,29
7,217;1,296;2,001;1,25E-4;125,40;200,07;0,25;0,29
7,218;1,300;1,997;1,26E-4;125,52;199,74;0,25;0,29
7,219;1,304;1,995;1,26E-4;125,65;199,45;0,25;0,29
7,220;1,308;1,992;1,26E-4;125,78;199,16;0,25;0,29
7,221;1,311;1,988;1,26E-4;125,88;198,78;0,25;0,29
7,222;1,316;1,986;1,26E-4;126,03;198,56;0,25;0,29
7,223;1,320;1,983;1,26E-4;126,16;198,25;0,25;0,29
7,224;1,323;1,979;1,26E-4;126,28;197,94;0,24;0,29
7,225;1,328;1,978;1,26E-4;126,44;197,82;0,24;0,29
7,226;1,332;1,974;1,27E-4;126,55;197,39;0,24;0,28
7,227;1,335;1,971;1,27E-4;126,67;197,10;0,24;0,28
7,228;1,339;1,967;1,27E-4;126,78;196,72;0,24;0,28
7,229;1,344;1,966;1,27E-4;126,95;196,56;0,24;0,28
7,230;1,349;1,963;1,27E-4;127,09;196,31;0,24;0,28
7,231;1,352;1,959;1,27E-4;127,18;195,93;0,24;0,28
7,232;1,356;1,957;1,27E-4;127,32;195,66;0,24;0,28
7,233;1,360;1,953;1,27E-4;127,44;195,34;0,24;0,28
7,234;1,365;1,952;1,28E-4;127,62;195,17;0,24;0,28
7,235;1,369;1,948;1,28E-4;127,73;194,81;0,24;0,28
7,236;1,372;1,946;1,28E-4;127,86;194,56;0,24;0,28
7,237;1,374;1,941;1,28E-4;127,91;194,07;0,24;0,28
7,238;1,380;1,940;1,28E-4;128,10;193,98;0,24;0,28
7,239;1,384;1,937;1,28E-4;128,22;193,70;0,24;0,28
7,240;1,387;1,933;1,28E-4;128,31;193,32;0,24;0,28
7,241;1,391;1,931;1,28E-4;128,45;193,08;0,24;0,28
7,242;1,395;1,928;1,29E-4;128,58;192,84;0,24;0,27
7,243;1,399;1,926;1,29E-4;128,71;192,62;0,24;0,27
7,244;1,404;1,925;1,29E-4;128,87;192,48;0,24;0,27
7,245;1,407;1,922;1,29E-4;128,96;192,19;0,24;0,27
7,246;1,410;1,919;1,29E-4;129,07;191,90;0,24;0,27
7,247;1,413;1,916;1,29E-4;129,16;191,64;0,23;0,27
7,248;1,418;1,914;1,29E-4;129,30;191,41;0,23;0,27
7,249;1,419;1,911;1,29E-4;129,37;191,09;0,23;0,27
7,250;1,424;1,909;1,30E-4;129,52;190,91;0,23;0,27
7,251;1,428;1,908;1,30E-4;129,65;190,76;0,23;0,27
7,252;1,432;1,906;1,30E-4;129,75;190,56;0,23;0,27
7,253;1,435;1,902;1,30E-4;129,85;190,24;0,23;0,27
7,254;1,438;1,901;1,30E-4;129,98;190,08;0,23;0,27
7,255;1,442;1,899;1,30E-4;130,07;189,88;0,23;0,27
7,256;1,445;1,897;1,30E-4;130,17;189,65;0,23;0,27
7,257;1,447;1,894;1,30E-4;130,25;189,40;0,23;0,27
7,258;1,450;1,891;1,30E-4;130,36;189,12;0,23;0,27
7,259;1,454;1,889;1,30E-4;130,47;188,94;0,23;0,27
7,260;1,458;1,888;1,31E-4;130,60;188,79;0,23;0,27
7,261;1,460;1,885;1,31E-4;130,67;188,54;0,23;0,26
7,262;1,464;1,884;1,31E-4;130,79;188,35;0,23;0,26
7,263;1,467;1,882;1,31E-4;130,90;188,21;0,23;0,26
7,264;1,470;1,880;1,31E-4;131,00;187,97;0,23;0,26
7,265;1,473;1,878;1,31E-4;131,09;187,75;0,23;0,26
7,266;1,476;1,876;1,31E-4;131,18;187,58;0,23;0,26
7,267;1,479;1,873;1,31E-4;131,28;187,34;0,23;0,26
7,268;1,483;1,872;1,31E-4;131,40;187,20;0,23;0,26
7,269;1,486;1,869;1,31E-4;131,49;186,94;0,23;0,26
7,270;1,488;1,868;1,32E-4;131,58;186,75;0,23;0,26
7,271;1,492;1,866;1,32E-4;131,68;186,55;0,23;0,26
7,272;1,495;1,864;1,32E-4;131,80;186,42;0,23;0,26
7,273;1,497;1,861;1,32E-4;131,87;186,14;0,23;0,26
7,274;1,500;1,859;1,32E-4;131,95;185,89;0,23;0,26
7,275;1,504;1,858;1,32E-4;132,09;185,77;0,23;0,26
7,276;1,507;1,855;1,32E-4;132,17;185,49;0,23;0,26
7,277;1,511;1,854;1,32E-4;132,30;185,40;0,22;0,26
7,278;1,512;1,850;1,32E-4;132,34;185,01;0,22;0,26
7,279;1,517;1,849;1,32E-4;132,49;184,89;0,22;0,26
7,280;1,521;1,847;1,33E-4;132,61;184,73;0,22;0,26
7,281;1,524;1,846;1,33E-4;132,73;184,58;0,22;0,26
7,282;1,528;1,844;1,33E-4;132,83;184,39;0,22;0,26
7,283;1,530;1,841;1,33E-4;132,91;184,09;0,22;0,25
7,284;1,533;1,839;1,33E-4;133,02;183,87;0,22;0,25
7,285;1,538;1,837;1,33E-4;133,16;183,70;0,22;0,25
7,286;1,541;1,835;1,33E-4;133,27;183,50;0,22;0,25
7,287;1,544;1,833;1,33E-4;133,38;183,27;0,22;0,25
7,288;1,548;1,830;1,33E-4;133,48;182,98;0,22;0,25
7,289;1,551;1,828;1,34E-4;133,59;182,78;0,22;0,25
7,290;1,555;1,826;1,34E-4;133,71;182,59;0,22;0,25
7,291;1,559;1,823;1,34E-4;133,83;182,34;0,22;0,25
7,292;1,562;1,821;1,34E-4;133,94;182,09;0,22;0,25
7,293;1,566;1,819;1,34E-4;134,06;181,90;0,22;0,25
7,294;1,569;1,817;1,34E-4;134,17;181,68;0,22;0,25
7,295;1,573;1,814;1,34E-4;134,28;181,41;0,22;0,25
7,296;1,577;1,812;1,34E-4;134,42;181,23;0,22;0,25
7,297;1,580;1,809;1,35E-4;134,51;180,90;0,22;0,25
7,298;1,584;1,807;1,35E-4;134,65;180,73;0,22;0,25
7,299;1,588;1,805;1,35E-4;134,76;180,46;0,22;0,25
7,300;1,593;1,804;1,35E-4;134,92;180,36;0,22;0,25
7,301;1,597;1,801;1,35E-4;135,06;180,15;0,22;0,25
7,302;1,602;1,799;1,35E-4;135,21;179,92;0,22;0,24
7,303;1,605;1,796;1,35E-4;135,31;179,57;0,21;0,24
7,304;1,608;1,792;1,35E-4;135,41;179,23;0,21;0,24
7,305;1,612;1,790;1,36E-4;135,56;179,02;0,21;0,24
7,306;1,617;1,787;1,36E-4;135,71;178,75;0,21;0,24
7,307;1,621;1,785;1,36E-4;135,84;178,48;0,21;0,24
7,308;1,625;1,782;1,36E-4;135,97;178,23;0,21;0,24
7,309;1,631;1,781;1,36E-4;136,16;178,13;0,21;0,24
7,310;1,635;1,778;1,36E-4;136,29;177,76;0,21;0,24
7,311;1,640;1,776;1,36E-4;136,45;177,55;0,21;0,24
7,312;1,645;1,773;1,37E-4;136,61;177,32;0,21;0,24
7,313;1,649;1,770;1,37E-4;136,73;176,96;0,21;0,24
7,314;1,655;1,768;1,37E-4;136,93;176,80;0,21;0,24
7,315;1,661;1,766;1,37E-4;137,11;176,61;0,21;0,24
7,316;1,664;1,762;1,37E-4;137,22;176,22;0,21;0,24
7,317;1,670;1,760;1,37E-4;137,40;176,00;0,21;0,23
7,318;1,673;1,756;1,38E-4;137,52;175,64;0,21;0,23
7,319;1,678;1,753;1,38E-4;137,68;175,33;0,21;0,23
7,320;1,684;1,751;1,38E-4;137,86;175,13;0,21;0,23
7,321;1,689;1,749;1,38E-4;138,03;174,88;0,21;0,23
7,322;1,695;1,747;1,38E-4;138,21;174,71;0,21;0,23
7,323;1,699;1,743;1,38E-4;138,33;174,34;0,21;0,23
7,324;1,705;1,741;1,39E-4;138,52;174,12;0,20;0,23
7,325;1,707;1,737;1,39E-4;138,61;173,69;0,20;0,23
7,326;1,712;1,734;1,39E-4;138,77;173,38;0,20;0,23
7,327;1,718;1,732;1,39E-4;138,94;173,21;0,20;0,23
7,328;1,724;1,730;1,39E-4;139,12;173,04;0,20;0,23
7,329;1,728;1,727;1,39E-4;139,28;172,72;0,20;0,23
7,330;1,733;1,724;1,39E-4;139,42;172,36;0,20;0,23
7,331;1,738;1,721;1,40E-4;139,59;172,12;0,20;0,23
7,332;1,743;1,718;1,40E-4;139,76;171,81;0,20;0,22
7,333;1,749;1,716;1,40E-4;139,94;171,63;0,20;0,22
7,334;1,752;1,712;1,40E-4;140,05;171,19;0,20;0,22
7,335;1,757;1,710;1,40E-4;140,21;170,95;0,20;0,22
7,336;1,763;1,707;1,40E-4;140,38;170,65;0,20;0,22
7,337;1,767;1,703;1,41E-4;140,52;170,33;0,20;0,22
7,338;1,772;1,700;1,41E-4;140,70;170,04;0,20;0,22
7,339;1,777;1,697;1,41E-4;140,84;169,73;0,20;0,22
7,340;1,783;1,695;1,41E-4;141,02;169,49;0,20;0,22
7,341;1,789;1,693;1,41E-4;141,23;169,35;0,20;0,22
7,342;1,794;1,690;1,41E-4;141,39;169,00;0,20;0,22
7,343;1,798;1,686;1,42E-4;141,53;168,63;0,20;0,22
7,344;1,803;1,683;1,42E-4;141,69;168,31;0,19;0,22
7,345;1,808;1,680;1,42E-4;141,85;167,99;0,19;0,21
7,346;1,815;1,678;1,42E-4;142,06;167,82;0,19;0,21
7,347;1,821;1,676;1,42E-4;142,24;167,56;0,19;0,21
7,348;1,826;1,673;1,42E-4;142,42;167,34;0,19;0,21
7,349;1,831;1,670;1,43E-4;142,57;166,99;0,19;0,21
7,350;1,836;1,667;1,43E-4;142,74;166,70;0,19;0,21
7,351;1,843;1,666;1,43E-4;142,95;166,57;0,19;0,21
7,352;1,848;1,662;1,43E-4;143,11;166,21;0,19;0,21
7,353;1,852;1,658;1,43E-4;143,25;165,84;0,19;0,21
7,354;1,858;1,656;1,43E-4;143,44;165,61;0,19;0,21
7,355;1,864;1,654;1,44E-4;143,62;165,39;0,19;0,21
7,356;1,870;1,652;1,44E-4;143,82;165,18;0,19;0,21
7,357;1,875;1,649;1,44E-4;143,99;164,89;0,19;0,21
7,358;1,879;1,646;1,44E-4;144,12;164,57;0,19;0,21
7,359;1,883;1,641;1,44E-4;144,24;164,13;0,19;0,20
7,360;1,890;1,640;1,44E-4;144,45;163,99;0,19;0,20
7,361;1,894;1,636;1,45E-4;144,60;163,65;0,19;0,20
7,362;1,899;1,633;1,45E-4;144,77;163,29;0,19;0,20
7,363;1,907;1,633;1,45E-4;145,02;163,30;0,18;0,20
7,364;1,912;1,629;1,45E-4;145,19;162,91;0,18;0,20
7,365;1,919;1,627;1,45E-4;145,40;162,75;0,18;0,20
7,366;1,923;1,623;1,46E-4;145,53;162,33;0,18;0,20
7,367;1,928;1,620;1,46E-4;145,69;162,05;0,18;0,20
7,368;1,935;1,618;1,46E-4;145,92;161,85;0,18;0,20
7,369;1,941;1,615;1,46E-4;146,09;161,55;0,18;0,20
7,370;1,946;1,612;1,46E-4;146,26;161,20;0,18;0,20
7,371;1,951;1,608;1,46E-4;146,42;160,81;0,18;0,20
7,372;1,957;1,605;1,47E-4;146,61;160,55;0,18;0,20
7,373;1,964;1,603;1,47E-4;146,83;160,34;0,18;0,19
7,374;1,970;1,601;1,47E-4;147,04;160,12;0,18;0,19
7,375;1,976;1,598;1,47E-4;147,23;159,75;0,18;0,19
7,376;1,982;1,595;1,47E-4;147,43;159,48;0,18;0,19
7,377;1,988;1,592;1,48E-4;147,60;159,16;0,18;0,19
7,378;1,994;1,589;1,48E-4;147,80;158,88;0,18;0,19
7,379;2,000;1,586;1,48E-4;148,02;158,62;0,18;0,19
7,380;2,006;1,582;1,48E-4;148,19;158,22;0,18;0,19
7,381;2,013;1,580;1,48E-4;148,42;158,04;0,17;0,19
7,382;2,020;1,577;1,49E-4;148,63;157,73;0,17;0,19
7,383;2,026;1,574;1,49E-4;148,84;157,45;0,17;0,19
7,384;2,032;1,571;1,49E-4;149,02;157,12;0,17;0,19
7,385;2,038;1,568;1,49E-4;149,23;156,81;0,17;0,18
7,386;2,045;1,565;1,49E-4;149,44;156,46;0,17;0,18
7,387;2,051;1,562;1,50E-4;149,64;156,17;0,17;0,18
7,388;2,058;1,559;1,50E-4;149,86;155,87;0,17;0,18
7,389;2,065;1,556;1,50E-4;150,09;155,61;0,17;0,18
7,390;2,071;1,553;1,50E-4;150,29;155,25;0,17;0,18
7,391;2,080;1,551;1,51E-4;150,56;155,08;0,17;0,18
7,392;2,087;1,548;1,51E-4;150,78;154,80;0,17;0,18
7,393;2,092;1,543;1,51E-4;150,95;154,32;0,17;0,18
7,394;2,099;1,540;1,51E-4;151,18;154,04;0,17;0,18
7,395;2,106;1,537;1,51E-4;151,41;153,73;0,17;0,18
7,396;2,113;1,534;1,52E-4;151,63;153,39;0,17;0,18
7,397;2,120;1,531;1,52E-4;151,87;153,10;0,16;0,17
7,398;2,129;1,529;1,52E-4;152,13;152,87;0,16;0,17
7,399;2,138;1,527;1,52E-4;152,43;152,69;0,16;0,17
7,400;2,145;1,523;1,53E-4;152,65;152,31;0,16;0,17
7,401;2,153;1,520;1,53E-4;152,90;152,02;0,16;0,17
7,402;2,160;1,517;1,53E-4;153,14;151,66;0,16;0,17
7,403;2,168;1,514;1,53E-4;153,40;151,39;0,16;0,17
7,404;2,174;1,509;1,54E-4;153,58;150,91;0,16;0,17
7,405;2,184;1,508;1,54E-4;153,90;150,78;0,16;0,17
7,406;2,190;1,503;1,54E-4;154,11;150,29;0,16;0,17
7,407;2,197;1,499;1,54E-4;154,32;149,89;0,16;0,17
7,408;2,205;1,496;1,55E-4;154,57;149,55;0,16;0,16
7,409;2,213;1,492;1,55E-4;154,84;149,20;0,16;0,16
7,410;2,221;1,488;1,55E-4;155,08;148,79;0,16;0,16
7,411;2,230;1,486;1,55E-4;155,39;148,60;0,15;0,16
7,412;2,238;1,482;1,56E-4;155,66;148,24;0,15;0,16
7,413;2,247;1,478;1,56E-4;155,92;147,82;0,15;0,16
7,414;2,255;1,475;1,56E-4;156,20;147,50;0,15;0,16
7,415;2,264;1,472;1,56E-4;156,49;147,22;0,15;0,16
7,416;2,273;1,469;1,57E-4;156,78;146,88;0,15;0,16
7,417;2,281;1,464;1,57E-4;157,02;146,43;0,15;0,16
7,418;2,291;1,462;1,57E-4;157,33;146,19;0,15;0,15
7,419;2,299;1,458;1,58E-4;157,59;145,81;0,15;0,15
7,420;2,306;1,454;1,58E-4;157,82;145,42;0,15;0,15
7,421;2,314;1,451;1,58E-4;158,09;145,12;0,15;0,15
7,422;2,323;1,449;1,58E-4;158,36;144,86;0,15;0,15
7,423;2,330;1,445;1,59E-4;158,59;144,46;0,15;0,15
7,424;2,337;1,441;1,59E-4;158,83;144,10;0,15;0,15
7,425;2,346;1,438;1,59E-4;159,09;143,77;0,14;0,15
7,426;2,354;1,435;1,59E-4;159,38;143,51;0,14;0,15
7,427;2,362;1,432;1,60E-4;159,63;143,25;0,14;0,15
7,428;2,370;1,429;1,60E-4;159,88;142,89;0,14;0,14
7,429;2,377;1,424;1,60E-4;160,10;142,40;0,14;0,14
7,430;2,385;1,420;1,60E-4;160,35;142,04;0,14;0,14
7,431;2,395;1,418;1,61E-4;160,69;141,84;0,14;0,14
7,432;2,404;1,414;1,61E-4;160,96;141,44;0,14;0,14
7,433;2,412;1,411;1,61E-4;161,23;141,06;0,14;0,14
7,434;2,421;1,408;1,62E-4;161,51;140,78;0,14;0,14
7,435;2,431;1,405;1,62E-4;161,84;140,53;0,14;0,14
7,436;2,440;1,402;1,62E-4;162,12;140,16;0,14;0,14
7,437;2,449;1,399;1,62E-4;162,42;139,86;0,14;0,14
7,438;2,457;1,395;1,63E-4;162,68;139,49;0,13;0,13
7,439;2,466;1,392;1,63E-4;162,97;139,18;0,13;0,13
7,440;2,475;1,388;1,63E-4;163,25;138,84;0,13;0,13
7,441;2,483;1,385;1,64E-4;163,51;138,46;0,13;0,13
7,442;2,493;1,382;1,64E-4;163,81;138,18;0,13;0,13
7,443;2,502;1,379;1,64E-4;164,11;137,92;0,13;0,13
7,444;2,509;1,375;1,64E-4;164,35;137,51;0,13;0,13
7,445;2,518;1,371;1,65E-4;164,61;137,14;0,13;0,13
7,446;2,527;1,369;1,65E-4;164,91;136,90;0,13;0,13
7,447;2,535;1,366;1,65E-4;165,16;136,55;0,13;0,12
7,448;2,545;1,364;1,66E-4;165,50;136,37;0,13;0,12
7,449;2,554;1,360;1,66E-4;165,77;136,04;0,13;0,12
7,450;2,561;1,357;1,66E-4;166,02;135,67;0,13;0,12
7,451;2,570;1,354;1,66E-4;166,29;135,35;0,13;0,12
7,452;2,578;1,350;1,67E-4;166,54;134,95;0,12;0,12
7,453;2,585;1,346;1,67E-4;166,79;134,58;0,12;0,12
7,454;2,595;1,344;1,67E-4;167,11;134,42;0,12;0,12
7,455;2,603;1,341;1,67E-4;167,37;134,09;0,12;0,12
7,456;2,613;1,339;1,68E-4;167,67;133,88;0,12;0,12
7,457;2,621;1,336;1,68E-4;167,94;133,60;0,12;0,12
7,458;2,629;1,333;1,68E-4;168,20;133,28;0,12;0,11
7,459;2,638;1,330;1,68E-4;168,47;133,02;0,12;0,11
7,460;2,647;1,328;1,69E-4;168,76;132,77;0,12;0,11
7,461;2,655;1,325;1,69E-4;169,04;132,49;0,12;0,11
7,462;2,664;1,322;1,69E-4;169,32;132,23;0,12;0,11
7,463;2,672;1,319;1,70E-4;169,56;131,87;0,12;0,11
7,464;2,679;1,315;1,70E-4;169,81;131,52;0,12;0,11
7,465;2,688;1,313;1,70E-4;170,08;131,28;0,12;0,11
7,466;2,697;1,311;1,70E-4;170,36;131,05;0,11;0,11
7,467;2,705;1,308;1,71E-4;170,63;130,76;0,11;0,11
7,468;2,713;1,305;1,71E-4;170,88;130,47;0,11;0,10
7,469;2,721;1,302;1,71E-4;171,15;130,19;0,11;0,10
7,470;2,730;1,300;1,71E-4;171,44;130,00;0,11;0,10
7,471;2,739;1,298;1,72E-4;171,72;129,76;0,11;0,10
7,472;2,746;1,294;1,72E-4;171,96;129,45;0,11;0,10
7,473;2,755;1,293;1,72E-4;172,23;129,26;0,11;0,10
7,474;2,763;1,290;1,72E-4;172,49;128,98;0,11;0,10
7,475;2,770;1,286;1,73E-4;172,73;128,64;0,11;0,10
7,476;2,779;1,285;1,73E-4;173,01;128,48;0,11;0,10
7,477;2,786;1,281;1,73E-4;173,24;128,10;0,11;0,10
7,478;2,795;1,280;1,74E-4;173,52;127,96;0,11;0,10
7,479;2,803;1,277;1,74E-4;173,78;127,74;0,11;0,10
7,480;2,811;1,275;1,74E-4;174,02;127,47;0,11;0,09
7,481;2,817;1,271;1,74E-4;174,24;127,13;0,10;0,09
7,482;2,825;1,269;1,74E-4;174,49;126,90;0,10;0,09
7,483;2,833;1,267;1,75E-4;174,73;126,68;0,10;0,09
7,484;2,841;1,265;1,75E-4;174,99;126,51;0,10;0,09
7,485;2,847;1,262;1,75E-4;175,20;126,17;0,10;0,09
7,486;2,855;1,260;1,75E-4;175,45;125,99;0,10;0,09
7,487;2,863;1,258;1,76E-4;175,71;125,81;0,10;0,09
7,488;2,870;1,255;1,76E-4;175,92;125,52;0,10;0,09
7,489;2,877;1,254;1,76E-4;176,17;125,37;0,10;0,09
7,490;2,885;1,252;1,76E-4;176,40;125,17;0,10;0,09
7,491;2,891;1,249;1,77E-4;176,61;124,90;0,10;0,09
7,492;2,898;1,246;1,77E-4;176,81;124,63;0,10;0,09
7,493;2,904;1,244;1,77E-4;177,03;124,44;0,10;0,08
7,494;2,913;1,244;1,77E-4;177,30;124,43;0,10;0,08
7,495;2,919;1,241;1,77E-4;177,49;124,13;0,10;0,08
7,496;2,925;1,239;1,78E-4;177,68;123,90;0,10;0,08
7,497;2,931;1,237;1,78E-4;177,90;123,73;0,10;0,08
7,498;2,938;1,235;1,78E-4;178,11;123,55;0,10;0,08
7,499;2,944;1,233;1,78E-4;178,29;123,33;0,10;0,08
7,500;2,948;1,230;1,78E-4;178,43;122,99;0,09;0,08
7,501;2,955;1,228;1,79E-4;178,65;122,84;0,09;0,08
7,502;2,962;1,228;1,79E-4;178,88;122,75;0,09;0,08
7,503;2,968;1,226;1,79E-4;179,08;122,62;0,09;0,08
7,504;2,973;1,223;1,79E-4;179,24;122,34;0,09;0,08
7,505;2,979;1,221;1,79E-4;179,42;122,11;0,09;0,08
7,506;2,985;1,220;1,80E-4;179,63;122,03;0,09;0,08
7,507;2,991;1,219;1,80E-4;179,82;121,89;0,09;0,08
7,508;2,998;1,218;1,80E-4;180,02;121,83;0,09;0,08
7,509;3,003;1,216;1,80E-4;180,21;121,62;0,09;0,07
7,510;3,009;1,215;1,80E-4;180,39;121,49;0,09;0,07
7,511;3,015;1,214;1,81E-4;180,59;121,38;0,09;0,07
7,512;3,019;1,212;1,81E-4;180,72;121,15;0,09;0,07
7,513;3,026;1,211;1,81E-4;180,92;121,06;0,09;0,07
7,514;3,030;1,209;1,81E-4;181,07;120,89;0,09;0,07
7,515;3,037;1,208;1,81E-4;181,28;120,76;0,09;0,07
7,516;3,040;1,205;1,81E-4;181,38;120,46;0,09;0,07
7,517;3,047;1,205;1,82E-4;181,59;120,47;0,09;0,07
7,518;3,052;1,202;1,82E-4;181,75;120,25;0,09;0,07
7,519;3,058;1,202;1,82E-4;181,95;120,21;0,09;0,07
7,520;3,061;1,200;1,82E-4;182,07;120,04;0,09;0,07
7,521;3,067;1,199;1,82E-4;182,25;119,93;0,09;0,07
7,522;3,071;1,198;1,82E-4;182,39;119,76;0,09;0,07
7,523;3,075;1,195;1,83E-4;182,51;119,54;0,08;0,07
7,524;3,080;1,194;1,83E-4;182,68;119,44;0,08;0,07
7,525;3,085;1,193;1,83E-4;182,82;119,30;0,08;0,07
7,526;3,090;1,192;1,83E-4;182,97;119,20;0,08;0,07
7,527;3,093;1,190;1,83E-4;183,08;119,02;0,08;0,07
7,528;3,097;1,189;1,83E-4;183,22;118,89;0,08;0,06
7,529;3,104;1,190;1,83E-4;183,43;118,99;0,08;0,06
7,530;3,108;1,189;1,84E-4;183,57;118,87;0,08;0,06
7,531;3,112;1,187;1,84E-4;183,70;118,74;0,08;0,06
7,532;3,116;1,186;1,84E-4;183,81;118,58;0,08;0,06
7,533;3,118;1,184;1,84E-4;183,90;118,37;0,08;0,06
7,534;3,122;1,182;1,84E-4;184,02;118,24;0,08;0,06
7,535;3,127;1,182;1,84E-4;184,18;118,24;0,08;0,06
7,536;3,130;1,181;1,84E-4;184,27;118,11;0,08;0,06
7,537;3,134;1,180;1,84E-4;184,39;118,03;0,08;0,06
7,538;3,138;1,180;1,85E-4;184,54;118,04;0,08;0,06
7,539;3,141;1,179;1,85E-4;184,64;117,89;0,08;0,06
7,540;3,144;1,178;1,85E-4;184,74;117,77;0,08;0,06
7,541;3,147;1,176;1,85E-4;184,83;117,60;0,08;0,06
7,542;3,151;1,176;1,85E-4;184,95;117,58;0,08;0,06
7,543;3,155;1,176;1,85E-4;185,08;117,56;0,08;0,06
7,544;3,159;1,175;1,85E-4;185,20;117,54;0,08;0,06
7,545;3,162;1,174;1,85E-4;185,29;117,42;0,08;0,06
7,546;3,165;1,174;1,85E-4;185,40;117,38;0,08;0,06
7,547;3,166;1,172;1,85E-4;185,44;117,19;0,08;0,06
7,548;3,169;1,171;1,86E-4;185,54;117,10;0,08;0,06
7,549;3,172;1,170;1,86E-4;185,63;117,01;0,08;0,06
7,550;3,177;1,171;1,86E-4;185,77;117,08;0,08;0,06
7,551;3,178;1,169;1,86E-4;185,80;116,86;0,08;0,06
7,552;3,181;1,169;1,86E-4;185,92;116,93;0,08;0,06
7,553;3,184;1,168;1,86E-4;185,99;116,82;0,08;0,06
7,554;3,185;1,167;1,86E-4;186,04;116,70;0,08;0,06
7,555;3,189;1,168;1,86E-4;186,17;116,78;0,08;0,06
7,556;3,191;1,166;1,86E-4;186,22;116,63;0,08;0,06
7,557;3,194;1,166;1,86E-4;186,33;116,64;0,08;0,06
7,558;3,195;1,165;1,86E-4;186,37;116,50;0,08;0,06
7,559;3,200;1,167;1,87E-4;186,51;116,66;0,08;0,06
7,560;3,200;1,165;1,87E-4;186,53;116,47;0,08;0,06
7,561;3,203;1,164;1,87E-4;186,60;116,43;0,08;0,06
7,562;3,203;1,162;1,87E-4;186,62;116,17;0,08;0,05
7,563;3,206;1,162;1,87E-4;186,72;116,22;0,07;0,05
7,564;3,208;1,161;1,87E-4;186,78;116,14;0,07;0,05
7,565;3,210;1,161;1,87E-4;186,85;116,11;0,07;0,05
7,566;3,213;1,161;1,87E-4;186,92;116,08;0,07;0,05
7,567;3,216;1,161;1,87E-4;187,02;116,14;0,07;0,05
7,568;3,217;1,160;1,87E-4;187,07;116,02;0,07;0,05
7,569;3,220;1,160;1,87E-4;187,15;116,02;0,07;0,05
7,570;3,222;1,160;1,87E-4;187,21;115,97;0,07;0,05
7,571;3,223;1,159;1,87E-4;187,27;115,94;0,07;0,05
7,572;3,224;1,157;1,87E-4;187,29;115,74;0,07;0,05
7,573;3,227;1,157;1,87E-4;187,38;115,75;0,07;0,05
7,574;3,229;1,157;1,87E-4;187,46;115,75;0,07;0,05
7,575;3,232;1,158;1,88E-4;187,55;115,81;0,07;0,05
7,576;3,235;1,159;1,88E-4;187,64;115,86;0,07;0,05
7,577;3,235;1,156;1,88E-4;187,65;115,64;0,07;0,05
7,578;3,237;1,156;1,88E-4;187,70;115,63;0,07;0,05
7,579;3,237;1,155;1,88E-4;187,72;115,49;0,07;0,05
7,580;3,239;1,155;1,88E-4;187,78;115,46;0,07;0,05
7,581;3,241;1,155;1,88E-4;187,85;115,52;0,07;0,05
7,582;3,243;1,154;1,88E-4;187,89;115,41;0,07;0,05
7,583;3,245;1,154;1,88E-4;187,96;115,43;0,07;0,05
7,584;3,246;1,154;1,88E-4;188,00;115,40;0,07;0,05
7,585;3,247;1,153;1,88E-4;188,04;115,31;0,07;0,05
7,586;3,248;1,152;1,88E-4;188,06;115,21;0,07;0,05
7,587;3,250;1,152;1,88E-4;188,11;115,18;0,07;0,05
7,588;3,251;1,151;1,88E-4;188,15;115,12;0,07;0,05
7,589;3,254;1,153;1,88E-4;188,26;115,33;0,07;0,05
7,590;3,257;1,155;1,88E-4;188,36;115,46;0,07;0,05
7,591;3,257;1,153;1,88E-4;188,35;115,31;0,07;0,05
7,592;3,258;1,152;1,88E-4;188,37;115,19;0,07;0,05
7,593;3,258;1,150;1,88E-4;188,38;115,04;0,07;0,05
7,594;3,260;1,150;1,88E-4;188,43;115,04;0,07;0,05
7,595;3,262;1,151;1,89E-4;188,52;115,11;0,07;0,05
7,596;3,264;1,151;1,89E-4;188,57;115,12;0,07;0,05
7,597;3,264;1,150;1,89E-4;188,58;115,00;0,07;0,05
7,598;3,266;1,150;1,89E-4;188,63;115,02;0,07;0,05
7,599;3,267;1,150;1,89E-4;188,66;114,98;0,07;0,05
7,600;3,270;1,151;1,89E-4;188,76;115,14;0,07;0,05
7,601;3,269;1,149;1,89E-4;188,74;114,94;0,07;0,05
7,602;3,270;1,149;1,89E-4;188,77;114,88;0,07;0,05
7,603;3,272;1,149;1,89E-4;188,83;114,92;0,07;0,05
7,604;3,274;1,150;1,89E-4;188,88;114,98;0,07;0,05
7,605;3,275;1,149;1,89E-4;188,92;114,90;0,07;0,05
7,606;3,277;1,150;1,89E-4;188,98;114,96;0,07;0,05
7,607;3,276;1,148;1,89E-4;188,97;114,77;0,07;0,05
7,608;3,278;1,148;1,89E-4;189,02;114,77;0,07;0,05
7,609;3,279;1,148;1,89E-4;189,06;114,79;0,07;0,05
7,610;3,280;1,148;1,89E-4;189,10;114,75;0,07;0,05
7,611;3,281;1,148;1,89E-4;189,13;114,78;0,07;0,05
7,612;3,282;1,147;1,89E-4;189,16;114,73;0,07;0,05
7,613;3,283;1,147;1,89E-4;189,20;114,68;0,07;0,05
7,614;3,284;1,148;1,89E-4;189,23;114,76;0,07;0,05
7,615;3,286;1,148;1,89E-4;189,29;114,82;0,07;0,05
7,616;3,285;1,146;1,89E-4;189,26;114,62;0,07;0,05
7,617;3,287;1,147;1,89E-4;189,31;114,66;0,07;0,05
7,618;3,287;1,146;1,89E-4;189,31;114,58;0,07;0,05
7,619;3,288;1,146;1,89E-4;189,35;114,62;0,07;0,05
7,620;3,289;1,146;1,89E-4;189,39;114,64;0,07;0,05
7,621;3,290;1,146;1,89E-4;189,41;114,60;0,07;0,05
7,622;3,291;1,146;1,89E-4;189,43;114,62;0,07;0,05
7,623;3,291;1,146;1,89E-4;189,46;114,62;0,07;0,05
7,624;3,292;1,146;1,89E-4;189,47;114,61;0,07;0,05
7,625;3,293;1,146;1,89E-4;189,49;114,57;0,07;0,05
7,626;3,292;1,145;1,89E-4;189,48;114,50;0,07;0,05
7,627;3,294;1,146;1,90E-4;189,55;114,62;0,07;0,05
7,628;3,295;1,146;1,90E-4;189,56;114,57;0,07;0,05
7,629;3,295;1,145;1,90E-4;189,56;114,55;0,07;0,05
7,630;3,295;1,145;1,90E-4;189,58;114,51;0,07;0,05
7,631;3,296;1,145;1,90E-4;189,61;114,54;0,07;0,05
7,632;3,296;1,145;1,90E-4;189,61;114,46;0,07;0,05
7,633;3,297;1,144;1,90E-4;189,62;114,44;0,07;0,05
7,634;3,298;1,145;1,90E-4;189,66;114,49;0,07;0,05
7,635;3,299;1,145;1,90E-4;189,68;114,54;0,07;0,05
7,636;3,299;1,146;1,90E-4;189,71;114,56;0,07;0,05
7,637;3,299;1,144;1,90E-4;189,70;114,45;0,07;0,05
7,638;3,299;1,144;1,90E-4;189,70;114,44;0,07;0,05
7,639;3,301;1,146;1,90E-4;189,76;114,56;0,07;0,05
7,640;3,301;1,145;1,90E-4;189,75;114,48;0,07;0,05
7,641;3,300;1,144;1,90E-4;189,74;114,39;0,07;0,05
7,642;3,302;1,145;1,90E-4;189,80;114,55;0,07;0,05
7,643;3,302;1,145;1,90E-4;189,79;114,51;0,07;0,05
7,644;3,302;1,145;1,90E-4;189,80;114,49;0,07;0,05
7,645;3,302;1,144;1,90E-4;189,78;114,37;0,07;0,05
7,646;3,303;1,144;1,90E-4;189,82;114,40;0,07;0,05
7,647;3,303;1,145;1,90E-4;189,84;114,45;0,07;0,05
7,648;3,303;1,144;1,90E-4;189,84;114,42;0,07;0,05
7,649;3,303;1,144;1,90E-4;189,84;114,37;0,07;0,05
7,650;3,304;1,145;1,90E-4;189,87;114,49;0,07;0,05
7,651;3,306;1,146;1,90E-4;189,91;114,56;0,07;0,05
7,652;3,305;1,145;1,90E-4;189,90;114,53;0,07;0,05
7,653;3,306;1,146;1,90E-4;189,92;114,55;0,07;0,05
7,654;3,305;1,145;1,90E-4;189,89;114,48;0,07;0,05
7,655;3,306;1,145;1,90E-4;189,91;114,50;0,07;0,05
7,656;3,306;1,145;1,90E-4;189,92;114,50;0,07;0,05
7,657;3,307;1,145;1,90E-4;189,94;114,54;0,07;0,05
7,658;3,305;1,145;1,90E-4;189,91;114,47;0,07;0,05
7,659;3,306;1,145;1,90E-4;189,91;114,49;0,07;0,05
7,660;3,306;1,145;1,90E-4;189,93;114,54;0,07;0,05
7,661;3,307;1,146;1,90E-4;189,95;114,62;0,07;0,05
7,662;3,307;1,146;1,90E-4;189,95;114,61;0,07;0,05
7,663;3,306;1,145;1,90E-4;189,91;114,47;0,07;0,05
7,664;3,307;1,146;1,90E-4;189,95;114,59;0,07;0,05
7,665;3,307;1,147;1,90E-4;189,97;114,65;0,07;0,05
7,666;3,306;1,146;1,90E-4;189,94;114,59;0,07;0,05
7,667;3,306;1,145;1,90E-4;189,92;114,48;0,07;0,05
7,668;3,307;1,147;1,90E-4;189,95;114,65;0,07;0,05
7,669;3,307;1,147;1,90E-4;189,97;114,66;0,07;0,05
7,670;3,307;1,147;1,90E-4;189,96;114,68;0,07;0,05
7,671;3,307;1,147;1,90E-4;189,96;114,66;0,07;0,05
7,672;3,306;1,146;1,90E-4;189,94;114,63;0,07;0,05
7,673;3,307;1,147;1,90E-4;189,95;114,70;0,07;0,05
7,674;3,306;1,145;1,90E-4;189,92;114,55;0,07;0,05
7,675;3,305;1,144;1,90E-4;189,89;114,44;0,07;0,05
7,676;3,306;1,145;1,90E-4;189,92;114,55;0,07;0,05
7,677;3,306;1,145;1,90E-4;189,93;114,54;0,07;0,05
7,678;3,308;1,147;1,90E-4;189,98;114,73;0,07;0,05
7,679;3,308;1,148;1,90E-4;189,98;114,75;0,07;0,05
7,680;3,307;1,147;1,90E-4;189,96;114,70;0,07;0,05
7,681;3,307;1,146;1,90E-4;189,94;114,59;0,07;0,05
7,682;3,307;1,147;1,90E-4;189,96;114,67;0,07;0,05
7,683;3,306;1,146;1,90E-4;189,94;114,61;0,07;0,05
7,684;3,306;1,146;1,90E-4;189,93;114,59;0,07;0,05
7,685;3,306;1,146;1,90E-4;189,93;114,64;0,07;0,05
7,686;3,307;1,147;1,90E-4;189,95;114,67;0,07;0,05
7,687;3,306;1,146;1,90E-4;189,93;114,62;0,07;0,05
7,688;3,305;1,145;1,90E-4;189,91;114,54;0,07;0,05
7,689;3,308;1,148;1,90E-4;189,99;114,77;0,07;0,05
7,690;3,308;1,148;1,90E-4;189,99;114,77;0,07;0,05
7,691;3,308;1,147;1,90E-4;189,97;114,70;0,07;0,05
7,692;3,308;1,148;1,90E-4;189,99;114,76;0,07;0,05
7,693;3,308;1,147;1,90E-4;189,97;114,72;0,07;0,05
7,694;3,307;1,147;1,90E-4;189,97;114,69;0,07;0,05
7,695;3,308;1,148;1,90E-4;190,00;114,80;0,07;0,05
7,696;3,307;1,147;1,90E-4;189,95;114,71;0,07;0,05
7,697;3,307;1,147;1,90E-4;189,95;114,68;0,07;0,05
7,698;3,308;1,148;1,90E-4;189,98;114,79;0,07;0,05
7,699;3,308;1,148;1,90E-4;189,99;114,76;0,07;0,05
7,700;3,308;1,148;1,90E-4;189,99;114,84;0,07;0,05
7,701;3,309;1,149;1,90E-4;190,01;114,89;0,07;0,05
7,702;3,310;1,150;1,90E-4;190,04;114,98;0,07;0,05
7,703;3,309;1,150;1,90E-4;190,03;114,95;0,07;0,05
7,704;3,309;1,149;1,90E-4;190,00;114,85;0,07;0,05
7,705;3,307;1,147;1,90E-4;189,96;114,73;0,07;0,05
7,706;3,308;1,148;1,90E-4;189,99;114,81;0,07;0,05
7,707;3,307;1,147;1,90E-4;189,97;114,73;0,07;0,05
7,708;3,309;1,149;1,90E-4;190,01;114,89;0,07;0,05
7,709;3,308;1,148;1,90E-4;189,99;114,81;0,07;0,05
7,710;3,308;1,148;1,90E-4;189,99;114,80;0,07;0,05
7,711;3,309;1,148;1,90E-4;190,01;114,80;0,07;0,05
7,712;3,308;1,148;1,90E-4;190,00;114,81;0,07;0,05
7,713;3,308;1,148;1,90E-4;189,99;114,76;0,07;0,05
7,714;3,308;1,148;1,90E-4;189,99;114,79;0,07;0,05
7,715;3,308;1,147;1,90E-4;189,97;114,69;0,07;0,05
7,716;3,309;1,149;1,90E-4;190,03;114,86;0,07;0,05
7,717;3,308;1,147;1,90E-4;189,99;114,73;0,07;0,05
7,718;3,309;1,149;1,90E-4;190,03;114,86;0,07;0,05
7,719;3,309;1,148;1,90E-4;190,03;114,83;0,07;0,05
7,720;3,309;1,148;1,90E-4;190,01;114,76;0,07;0,05
7,721;3,309;1,149;1,90E-4;190,03;114,87;0,07;0,05
7,722;3,309;1,148;1,90E-4;190,02;114,78;0,07;0,05
7,723;3,308;1,148;1,90E-4;190,00;114,76;0,07;0,05
7,724;3,309;1,148;1,90E-4;190,03;114,83;0,07;0,05
7,725;3,309;1,148;1,90E-4;190,03;114,81;0,07;0,05
7,726;3,310;1,148;1,90E-4;190,05;114,85;0,07;0,05
7,727;3,310;1,148;1,90E-4;190,04;114,82;0,07;0,05
7,728;3,310;1,148;1,90E-4;190,05;114,84;0,07;0,05
7,729;3,310;1,149;1,90E-4;190,06;114,90;0,07;0,05
7,730;3,311;1,149;1,90E-4;190,07;114,93;0,07;0,05
7,731;3,309;1,148;1,90E-4;190,02;114,83;0,07;0,05
7,732;3,310;1,149;1,90E-4;190,06;114,92;0,07;0,05
7,733;3,311;1,149;1,90E-4;190,07;114,90;0,07;0,05
7,734;3,311;1,149;1,90E-4;190,07;114,90;0,07;0,05
7,735;3,311;1,150;1,90E-4;190,08;114,95;0,07;0,05
7,736;3,312;1,150;1,90E-4;190,11;115,02;0,07;0,05
7,737;3,311;1,150;1,90E-4;190,10;114,99;0,07;0,05
7,738;3,310;1,149;1,90E-4;190,06;114,86;0,07;0,05
7,739;3,312;1,150;1,90E-4;190,12;115,01;0,07;0,05
7,740;3,311;1,150;1,90E-4;190,10;114,97;0,07;0,05
7,741;3,311;1,149;1,90E-4;190,08;114,92;0,07;0,05
7,742;3,310;1,148;1,90E-4;190,06;114,83;0,07;0,05
7,743;3,310;1,148;1,90E-4;190,06;114,82;0,07;0,05
7,744;3,311;1,149;1,90E-4;190,09;114,88;0,07;0,05
7,745;3,312;1,150;1,90E-4;190,11;114,98;0,07;0,05
7,746;3,312;1,150;1,90E-4;190,12;114,96;0,07;0,05
7,747;3,312;1,149;1,90E-4;190,11;114,91;0,07;0,05
7,748;3,311;1,149;1,90E-4;190,09;114,87;0,07;0,05
7,749;3,312;1,149;1,90E-4;190,11;114,93;0,07;0,05
7,750;3,313;1,150;1,90E-4;190,14;115,01;0,07;0,05
7,751;3,311;1,148;1,90E-4;190,09;114,83;0,07;0,05
7,752;3,311;1,148;1,90E-4;190,09;114,83;0,07;0,05
7,753;3,312;1,149;1,90E-4;190,11;114,88;0,07;0,05
7,754;3,313;1,150;1,90E-4;190,14;114,96;0,07;0,05
7,755;3,313;1,149;1,90E-4;190,13;114,95;0,07;0,05
7,756;3,313;1,149;1,90E-4;190,14;114,94;0,07;0,05
7,757;3,313;1,149;1,90E-4;190,15;114,95;0,07;0,05
7,758;3,314;1,150;1,90E-4;190,17;115,00;0,07;0,05
7,759;3,313;1,149;1,90E-4;190,14;114,95;0,07;0,05
7,760;3,312;1,149;1,90E-4;190,11;114,86;0,07;0,05
7,761;3,313;1,149;1,90E-4;190,14;114,89;0,07;0,05
7,762;3,314;1,150;1,90E-4;190,19;115,01;0,07;0,05
7,763;3,314;1,150;1,90E-4;190,18;114,99;0,07;0,05
7,764;3,314;1,150;1,90E-4;190,19;115,02;0,07;0,05
7,765;3,314;1,149;1,90E-4;190,16;114,93;0,07;0,05
7,766;3,314;1,149;1,90E-4;190,17;114,93;0,07;0,05
7,767;3,313;1,149;1,90E-4;190,15;114,87;0,07;0,05
7,768;3,314;1,149;1,90E-4;190,18;114,90;0,07;0,05
7,769;3,313;1,148;1,90E-4;190,15;114,83;0,07;0,05
7,770;3,314;1,149;1,90E-4;190,19;114,94;0,07;0,05
7,771;3,315;1,150;1,90E-4;190,21;114,97;0,07;0,05
7,772;3,315;1,150;1,90E-4;190,21;114,96;0,07;0,05
7,773;3,314;1,149;1,90E-4;190,18;114,86;0,07;0,05
7,774;3,316;1,150;1,90E-4;190,23;115,02;0,07;0,05
7,775;3,315;1,149;1,90E-4;190,20;114,92;0,07;0,05
7,776;3,315;1,150;1,90E-4;190,21;114,97;0,07;0,05
7,777;3,315;1,149;1,90E-4;190,22;114,95;0,07;0,05
7,778;3,316;1,150;1,90E-4;190,24;115,03;0,07;0,05
7,779;3,317;1,151;1,90E-4;190,28;115,12;0,07;0,05
7,780;3,316;1,150;1,90E-4;190,25;115,05;0,07;0,05
7,781;3,316;1,151;1,90E-4;190,25;115,07;0,07;0,05
7,782;3,316;1,150;1,90E-4;190,24;115,00;0,07;0,05
7,783;3,315;1,149;1,90E-4;190,20;114,86;0,07;0,05
7,784;3,316;1,149;1,90E-4;190,23;114,93;0,07;0,05
7,785;3,316;1,150;1,90E-4;190,25;114,96;0,07;0,05
7,786;3,317;1,150;1,90E-4;190,26;115,01;0,07;0,05
7,787;3,318;1,151;1,90E-4;190,30;115,09;0,07;0,05
7,788;3,318;1,151;1,90E-4;190,32;115,13;0,07;0,05
7,789;3,317;1,150;1,90E-4;190,27;114,97;0,07;0,05
7,790;3,317;1,151;1,90E-4;190,29;115,06;0,07;0,05
7,791;3,317;1,151;1,90E-4;190,29;115,06;0,07;0,05
7,792;3,317;1,150;1,90E-4;190,29;115,00;0,07;0,05
7,793;3,318;1,151;1,90E-4;190,31;115,06;0,07;0,05
7,794;3,318;1,151;1,90E-4;190,31;115,07;0,07;0,05
7,795;3,318;1,151;1,90E-4;190,31;115,07;0,07;0,05
7,796;3,318;1,151;1,90E-4;190,31;115,05;0,07;0,05
7,797;3,317;1,150;1,90E-4;190,29;114,97;0,07;0,05
7,798;3,318;1,150;1,90E-4;190,29;114,96;0,07;0,05
7,799;3,318;1,151;1,90E-4;190,32;115,10;0,07;0,05
7,800;3,318;1,150;1,90E-4;190,29;114,98;0,07;0,05
7,801;3,319;1,151;1,90E-4;190,34;115,10;0,07;0,05
7,802;3,319;1,150;1,90E-4;190,33;115,04;0,07;0,05
7,803;3,319;1,150;1,90E-4;190,33;115,02;0,07;0,05
7,804;3,319;1,151;1,90E-4;190,33;115,08;0,07;0,05
7,805;3,318;1,150;1,90E-4;190,30;115,00;0,07;0,05
7,806;3,318;1,150;1,90E-4;190,30;115,00;0,07;0,05
7,807;3,319;1,150;1,90E-4;190,33;115,01;0,07;0,05
7,808;3,319;1,150;1,90E-4;190,33;114,97;0,07;0,05
7,809;3,319;1,150;1,90E-4;190,33;115,02;0,07;0,05
7,810;3,319;1,151;1,90E-4;190,35;115,07;0,07;0,05
7,811;3,319;1,151;1,90E-4;190,35;115,09;0,07;0,05
7,812;3,318;1,149;1,90E-4;190,31;114,92;0,07;0,05
7,813;3,321;1,152;1,90E-4;190,40;115,21;0,07;0,05
7,814;3,321;1,152;1,90E-4;190,41;115,23;0,07;0,05
7,815;3,320;1,151;1,90E-4;190,37;115,08;0,07;0,05
7,816;3,321;1,151;1,90E-4;190,39;115,11;0,07;0,05
7,817;3,320;1,151;1,90E-4;190,37;115,06;0,07;0,05
7,818;3,320;1,151;1,90E-4;190,38;115,07;0,07;0,05
7,819;3,321;1,151;1,90E-4;190,40;115,15;0,07;0,05
7,820;3,320;1,151;1,90E-4;190,38;115,10;0,07;0,05
7,821;3,320;1,151;1,90E-4;190,38;115,07;0,07;0,05
7,822;3,322;1,152;1,90E-4;190,43;115,21;0,07;0,05
7,823;3,321;1,151;1,90E-4;190,41;115,15;0,07;0,05
7,824;3,320;1,150;1,90E-4;190,37;115,04;0,07;0,05
7,825;3,321;1,151;1,90E-4;190,40;115,10;0,07;0,05
7,826;3,323;1,152;1,90E-4;190,46;115,23;0,07;0,05
7,827;3,321;1,151;1,90E-4;190,41;115,07;0,07;0,05
7,828;3,322;1,151;1,90E-4;190,43;115,09;0,07;0,05
7,829;3,321;1,150;1,90E-4;190,41;115,03;0,07;0,05
7,830;3,321;1,150;1,90E-4;190,40;115,01;0,07;0,05
7,831;3,320;1,150;1,90E-4;190,38;114,97;0,07;0,05
7,832;3,323;1,152;1,90E-4;190,47;115,22;0,07;0,05
7,833;3,323;1,152;1,90E-4;190,48;115,24;0,07;0,05
7,834;3,323;1,152;1,90E-4;190,47;115,18;0,07;0,05
7,835;3,321;1,150;1,90E-4;190,41;115,00;0,07;0,05
7,836;3,322;1,150;1,90E-4;190,42;115,03;0,07;0,05
7,837;3,323;1,151;1,90E-4;190,47;115,15;0,07;0,05
7,838;3,322;1,151;1,90E-4;190,45;115,12;0,07;0,05
7,839;3,323;1,152;1,90E-4;190,47;115,19;0,07;0,05
7,840;3,323;1,151;1,90E-4;190,46;115,11;0,07;0,05
7,841;3,323;1,152;1,90E-4;190,47;115,15;0,07;0,05
7,842;3,323;1,151;1,90E-4;190,46;115,10;0,07;0,05
7,843;3,322;1,150;1,90E-4;190,43;115,01;0,07;0,05
7,844;3,322;1,149;1,90E-4;190,42;114,95;0,07;0,05
7,845;3,322;1,150;1,90E-4;190,45;115,04;0,07;0,05
7,846;3,323;1,150;1,90E-4;190,46;115,02;0,07;0,05
7,847;3,322;1,150;1,90E-4;190,45;114,98;0,07;0,05
7,848;3,323;1,151;1,90E-4;190,46;115,07;0,07;0,05
7,849;3,324;1,151;1,90E-4;190,49;115,10;0,07;0,05
7,850;3,325;1,152;1,91E-4;190,53;115,23;0,07;0,05
7,851;3,325;1,152;1,91E-4;190,52;115,16;0,07;0,05
7,852;3,324;1,151;1,91E-4;190,50;115,11;0,07;0,05
7,853;3,325;1,151;1,91E-4;190,52;115,11;0,07;0,05
7,854;3,324;1,151;1,91E-4;190,50;115,07;0,07;0,05
7,855;3,326;1,152;1,91E-4;190,56;115,19;0,07;0,05
7,856;3,326;1,152;1,91E-4;190,55;115,19;0,07;0,05
7,857;3,325;1,152;1,91E-4;190,54;115,18;0,07;0,05
7,858;3,324;1,151;1,91E-4;190,50;115,06;0,07;0,05
7,859;3,324;1,151;1,91E-4;190,51;115,10;0,07;0,05
7,860;3,326;1,152;1,91E-4;190,57;115,23;0,07;0,05
7,861;3,326;1,152;1,91E-4;190,56;115,17;0,07;0,05
7,862;3,326;1,152;1,91E-4;190,56;115,15;0,07;0,05
7,863;3,326;1,151;1,91E-4;190,55;115,12;0,07;0,05
7,864;3,326;1,152;1,91E-4;190,57;115,16;0,07;0,05
7,865;3,326;1,151;1,91E-4;190,56;115,10;0,07;0,05
7,866;3,326;1,151;1,91E-4;190,56;115,08;0,07;0,05
7,867;3,327;1,153;1,91E-4;190,61;115,26;0,07;0,05
7,868;3,327;1,152;1,91E-4;190,60;115,24;0,07;0,05
7,869;3,326;1,151;1,91E-4;190,58;115,10;0,07;0,05
7,870;3,327;1,151;1,91E-4;190,58;115,12;0,07;0,05
7,871;3,325;1,150;1,91E-4;190,54;115,00;0,07;0,05
7,872;3,327;1,152;1,91E-4;190,59;115,15;0,07;0,05
7,873;3,327;1,152;1,91E-4;190,61;115,18;0,07;0,05
7,874;3,327;1,151;1,91E-4;190,60;115,10;0,07;0,05
7,875;3,328;1,152;1,91E-4;190,61;115,20;0,07;0,05
7,876;3,327;1,151;1,91E-4;190,60;115,11;0,07;0,05
7,877;3,328;1,152;1,91E-4;190,64;115,25;0,07;0,05
7,878;3,327;1,151;1,91E-4;190,60;115,14;0,07;0,05
7,879;3,328;1,151;1,91E-4;190,62;115,14;0,07;0,05
7,880;3,329;1,152;1,91E-4;190,65;115,21;0,07;0,05
7,881;3,327;1,151;1,91E-4;190,60;115,05;0,07;0,05
7,882;3,328;1,152;1,91E-4;190,64;115,16;0,07;0,05
7,883;3,329;1,153;1,91E-4;190,68;115,33;0,07;0,05
7,884;3,328;1,152;1,91E-4;190,64;115,17;0,07;0,05
7,885;3,328;1,152;1,91E-4;190,64;115,17;0,07;0,05
7,886;3,328;1,151;1,91E-4;190,63;115,08;0,07;0,05
7,887;3,329;1,152;1,91E-4;190,65;115,15;0,07;0,05
7,888;3,330;1,152;1,91E-4;190,68;115,22;0,07;0,05
7,889;3,330;1,153;1,91E-4;190,69;115,28;0,07;0,05
7,890;3,329;1,152;1,91E-4;190,68;115,21;0,07;0,05
7,891;3,329;1,152;1,91E-4;190,67;115,22;0,07;0,05
7,892;3,329;1,152;1,91E-4;190,67;115,19;0,07;0,05
7,893;3,331;1,153;1,91E-4;190,71;115,28;0,07;0,05
7,894;3,331;1,152;1,91E-4;190,71;115,24;0,07;0,05
7,895;3,330;1,151;1,91E-4;190,68;115,12;0,07;0,05
7,896;3,329;1,151;1,91E-4;190,66;115,09;0,07;0,05
7,897;3,330;1,151;1,91E-4;190,68;115,14;0,07;0,05
7,898;3,330;1,152;1,91E-4;190,70;115,21;0,07;0,05
7,899;3,332;1,153;1,91E-4;190,74;115,29;0,07;0,05
7,900;3,330;1,151;1,91E-4;190,69;115,10;0,07;0,05
7,901;3,330;1,151;1,91E-4;190,69;115,10;0,07;0,05
7,902;3,330;1,151;1,91E-4;190,68;115,05;0,07;0,05
7,903;3,330;1,151;1,91E-4;190,68;115,07;0,07;0,05
7,904;3,330;1,151;1,91E-4;190,69;115,12;0,07;0,05
7,905;3,330;1,151;1,91E-4;190,69;115,06;0,07;0,05
7,906;3,331;1,152;1,91E-4;190,72;115,19;0,07;0,05
7,907;3,332;1,153;1,91E-4;190,74;115,25;0,07;0,05
7,908;3,331;1,152;1,91E-4;190,72;115,19;0,07;0,05
7,909;3,332;1,153;1,91E-4;190,75;115,27;0,07;0,05
7,910;3,332;1,153;1,91E-4;190,77;115,28;0,07;0,05
7,911;3,332;1,153;1,91E-4;190,76;115,26;0,07;0,05
7,912;3,332;1,152;1,91E-4;190,75;115,22;0,07;0,05
7,913;3,332;1,152;1,91E-4;190,75;115,17;0,07;0,05
7,914;3,331;1,151;1,91E-4;190,73;115,12;0,07;0,05
7,915;3,332;1,152;1,91E-4;190,76;115,18;0,07;0,05
7,916;3,332;1,151;1,91E-4;190,76;115,13;0,07;0,05
7,917;3,333;1,153;1,91E-4;190,80;115,32;0,07;0,05
7,918;3,332;1,152;1,91E-4;190,77;115,18;0,07;0,05
7,919;3,334;1,153;1,91E-4;190,81;115,27;0,07;0,05
7,920;3,334;1,153;1,91E-4;190,83;115,35;0,07;0,05
7,921;3,333;1,153;1,91E-4;190,80;115,25;0,07;0,05
7,922;3,333;1,152;1,91E-4;190,80;115,22;0,07;0,05
7,923;3,333;1,152;1,91E-4;190,80;115,23;0,07;0,05
7,924;3,334;1,152;1,91E-4;190,81;115,24;0,07;0,05
7,925;3,333;1,152;1,91E-4;190,79;115,16;0,07;0,05
7,926;3,333;1,152;1,91E-4;190,80;115,19;0,07;0,05
7,927;3,334;1,152;1,91E-4;190,82;115,22;0,07;0,05
7,928;3,336;1,154;1,91E-4;190,88;115,38;0,07;0,05
7,929;3,335;1,153;1,91E-4;190,85;115,29;0,07;0,05
7,930;3,334;1,152;1,91E-4;190,82;115,23;0,07;0,05
7,931;3,334;1,152;1,91E-4;190,82;115,22;0,07;0,05
7,932;3,333;1,151;1,91E-4;190,80;115,10;0,07;0,05
7,933;3,334;1,152;1,91E-4;190,82;115,16;0,07;0,05
7,934;3,335;1,152;1,91E-4;190,84;115,23;0,07;0,05
7,935;3,335;1,152;1,91E-4;190,84;115,21;0,07;0,05
7,936;3,335;1,152;1,91E-4;190,85;115,23;0,07;0,05
7,937;3,334;1,152;1,91E-4;190,84;115,16;0,07;0,05
7,938;3,337;1,154;1,91E-4;190,91;115,37;0,07;0,05
7,939;3,335;1,152;1,91E-4;190,84;115,15;0,07;0,05
7,940;3,336;1,153;1,91E-4;190,87;115,27;0,07;0,05
7,941;3,335;1,152;1,91E-4;190,85;115,20;0,07;0,05
7,942;3,335;1,152;1,91E-4;190,86;115,19;0,07;0,05
7,943;3,336;1,152;1,91E-4;190,88;115,20;0,07;0,05
7,944;3,336;1,153;1,91E-4;190,89;115,29;0,07;0,05
7,945;3,336;1,153;1,91E-4;190,89;115,27;0,07;0,05
7,946;3,336;1,152;1,91E-4;190,90;115,24;0,07;0,05
7,947;3,337;1,153;1,91E-4;190,91;115,33;0,07;0,05
7,948;3,336;1,152;1,91E-4;190,89;115,20;0,07;0,05
7,949;3,337;1,153;1,91E-4;190,91;115,27;0,07;0,05
7,950;3,336;1,152;1,91E-4;190,89;115,20;0,07;0,05
7,951;3,336;1,152;1,91E-4;190,89;115,18;0,07;0,05
7,952;3,336;1,152;1,91E-4;190,90;115,15;0,07;0,05
7,953;3,338;1,153;1,91E-4;190,94;115,25;0,07;0,05
7,954;3,338;1,153;1,91E-4;190,94;115,25;0,07;0,05
7,955;3,338;1,153;1,91E-4;190,94;115,27;0,07;0,05
7,956;3,340;1,155;1,91E-4;191,01;115,48;0,07;0,05
7,957;3,339;1,154;1,91E-4;190,99;115,39;0,07;0,05
7,958;3,339;1,154;1,91E-4;190,99;115,41;0,07;0,05
7,959;3,338;1,152;1,91E-4;190,95;115,21;0,07;0,05
7,960;3,336;1,150;1,91E-4;190,88;115,03;0,07;0,05
7,961;3,337;1,151;1,91E-4;190,92;115,13;0,07;0,05
7,962;3,338;1,152;1,91E-4;190,95;115,19;0,07;0,05
7,963;3,338;1,152;1,91E-4;190,93;115,16;0,07;0,05
7,964;3,338;1,151;1,91E-4;190,94;115,15;0,07;0,05
7,965;3,339;1,153;1,91E-4;190,97;115,29;0,07;0,05
7,966;3,339;1,153;1,91E-4;190,99;115,31;0,07;0,05
7,967;3,339;1,152;1,91E-4;190,97;115,25;0,07;0,05
7,968;3,339;1,152;1,91E-4;190,97;115,18;0,07;0,05
7,969;3,339;1,152;1,91E-4;190,97;115,18;0,07;0,05
7,970;3,339;1,152;1,91E-4;190,97;115,17;0,07;0,05
7,971;3,338;1,151;1,91E-4;190,95;115,12;0,07;0,05
7,972;3,338;1,151;1,91E-4;190,96;115,10;0,07;0,05
7,973;3,339;1,152;1,91E-4;190,97;115,17;0,07;0,05
7,974;3,339;1,151;1,91E-4;190,97;115,15;0,07;0,05
7,975;3,339;1,152;1,91E-4;190,97;115,17;0,07;0,05
7,976;3,340;1,153;1,91E-4;191,03;115,33;0,07;0,05
7,977;3,340;1,153;1,91E-4;191,02;115,28;0,07;0,05
7,978;3,340;1,153;1,91E-4;191,02;115,26;0,07;0,05
7,979;3,341;1,153;1,91E-4;191,04;115,33;0,07;0,05
7,980;3,341;1,153;1,91E-4;191,04;115,35;0,07;0,05
7,981;3,339;1,152;1,91E-4;191,00;115,15;0,07;0,05
7,982;3,340;1,152;1,91E-4;191,02;115,20;0,07;0,05
7,983;3,341;1,153;1,91E-4;191,04;115,25;0,07;0,05
7,984;3,340;1,152;1,91E-4;191,01;115,16;0,07;0,05
7,985;3,341;1,153;1,91E-4;191,05;115,29;0,06;0,05
7,986;3,341;1,153;1,91E-4;191,06;115,25;0,06;0,05
7,987;3,341;1,152;1,91E-4;191,04;115,21;0,07;0,05
7,988;3,342;1,153;1,91E-4;191,08;115,34;0,06;0,05
7,989;3,341;1,152;1,91E-4;191,05;115,22;0,06;0,05
7,990;3,341;1,152;1,91E-4;191,06;115,25;0,06;0,05
7,991;3,342;1,153;1,91E-4;191,09;115,31;0,06;0,05
7,992;3,342;1,153;1,91E-4;191,07;115,25;0,06;0,05
7,993;3,341;1,152;1,91E-4;191,05;115,20;0,06;0,05
7,994;3,342;1,152;1,91E-4;191,08;115,23;0,06;0,05
7,995;3,343;1,154;1,91E-4;191,11;115,37;0,06;0,05
7,996;3,342;1,153;1,91E-4;191,08;115,26;0,06;0,05
7,997;3,342;1,153;1,91E-4;191,09;115,30;0,06;0,05
7,998;3,343;1,153;1,91E-4;191,10;115,27;0,06;0,05
7,999;3,343;1,153;1,91E-4;191,10;115,31;0,06;0,05
8,000;3,342;1,152;1,91E-4;191,09;115,24;0,06;0,05
8,001;3,343;1,153;1,91E-4;191,11;115,29;0,06;0,05
8,002;3,344;1,154;1,91E-4;191,15;115,40;0,06;0,05
8,003;3,344;1,154;1,91E-4;191,15;115,41;0,06;0,05
8,004;3,343;1,152;1,91E-4;191,10;115,24;0,06;0,05
8,005;3,342;1,152;1,91E-4;191,09;115,21;0,06;0,05
8,006;3,342;1,152;1,91E-4;191,09;115,16;0,06;0,05
8,007;3,343;1,153;1,91E-4;191,12;115,26;0,06;0,05
8,008;3,344;1,153;1,91E-4;191,14;115,31;0,06;0,05
8,009;3,343;1,153;1,91E-4;191,11;115,26;0,06;0,05
8,010;3,344;1,153;1,91E-4;191,14;115,31;0,06;0,05
8,011;3,343;1,152;1,91E-4;191,12;115,22;0,06;0,05
8,012;3,344;1,153;1,91E-4;191,14;115,27;0,06;0,05
8,013;3,344;1,153;1,91E-4;191,15;115,30;0,06;0,05
8,014;3,343;1,152;1,91E-4;191,11;115,18;0,06;0,05
8,015;3,344;1,152;1,91E-4;191,14;115,18;0,06;0,05
8,016;3,345;1,153;1,91E-4;191,16;115,29;0,06;0,05
8,017;3,344;1,152;1,91E-4;191,15;115,22;0,06;0,05
8,018;3,344;1,152;1,91E-4;191,14;115,20;0,06;0,05
8,019;3,343;1,151;1,91E-4;191,13;115,13;0,06;0,05
8,020;3,344;1,152;1,91E-4;191,14;115,16;0,06;0,05
8,021;3,345;1,153;1,91E-4;191,18;115,29;0,06;0,05
8,022;3,345;1,152;1,91E-4;191,16;115,23;0,06;0,05
8,023;3,345;1,152;1,91E-4;191,18;115,23;0,06;0,05
8,024;3,345;1,152;1,91E-4;191,17;115,24;0,06;0,05
8,025;3,346;1,153;1,91E-4;191,20;115,29;0,06;0,05
8,026;3,345;1,152;1,91E-4;191,18;115,24;0,06;0,05
8,027;3,344;1,151;1,91E-4;191,15;115,12;0,06;0,05
8,028;3,346;1,153;1,91E-4;191,22;115,31;0,06;0,05
8,029;3,346;1,153;1,91E-4;191,19;115,26;0,06;0,05
8,030;3,346;1,152;1,91E-4;191,21;115,24;0,06;0,05
8,031;3,347;1,153;1,91E-4;191,23;115,27;0,06;0,05
8,032;3,346;1,153;1,91E-4;191,22;115,25;0,06;0,05
8,033;3,348;1,153;1,91E-4;191,26;115,33;0,06;0,05
8,034;3,348;1,154;1,91E-4;191,26;115,35;0,06;0,05
8,035;3,347;1,153;1,91E-4;191,24;115,31;0,06;0,05
8,036;3,347;1,153;1,91E-4;191,23;115,25;0,06;0,05
8,037;3,347;1,152;1,91E-4;191,23;115,22;0,06;0,05
8,038;3,348;1,153;1,91E-4;191,27;115,27;0,06;0,05
8,039;3,348;1,153;1,91E-4;191,28;115,33;0,06;0,05
8,040;3,348;1,153;1,91E-4;191,27;115,28;0,06;0,05
8,041;3,348;1,153;1,91E-4;191,28;115,30;0,06;0,05
8,042;3,349;1,154;1,91E-4;191,31;115,38;0,06;0,05
8,043;3,348;1,152;1,91E-4;191,26;115,25;0,06;0,05
8,044;3,348;1,153;1,91E-4;191,27;115,27;0,06;0,05
8,045;3,348;1,153;1,91E-4;191,28;115,28;0,06;0,05
8,046;3,348;1,153;1,91E-4;191,28;115,31;0,06;0,05
8,047;3,349;1,154;1,91E-4;191,32;115,38;0,06;0,05
8,048;3,349;1,153;1,91E-4;191,30;115,31;0,06;0,05
8,049;3,349;1,153;1,91E-4;191,31;115,33;0,06;0,05
8,050;3,349;1,153;1,91E-4;191,29;115,33;0,06;0,05
8,051;3,350;1,154;1,91E-4;191,32;115,37;0,06;0,05
8,052;3,348;1,153;1,91E-4;191,28;115,27;0,06;0,05
8,053;3,349;1,153;1,91E-4;191,31;115,30;0,06;0,05
8,054;3,350;1,154;1,91E-4;191,32;115,37;0,06;0,05
8,055;3,350;1,153;1,91E-4;191,32;115,34;0,06;0,05
8,056;3,349;1,152;1,91E-4;191,30;115,25;0,06;0,05
8,057;3,350;1,153;1,91E-4;191,33;115,33;0,06;0,05
8,058;3,350;1,153;1,91E-4;191,33;115,32;0,06;0,05
8,059;3,350;1,154;1,91E-4;191,35;115,36;0,06;0,05
8,060;3,349;1,152;1,91E-4;191,31;115,23;0,06;0,05
8,061;3,350;1,153;1,91E-4;191,33;115,34;0,06;0,05
8,062;3,350;1,153;1,91E-4;191,34;115,32;0,06;0,05
8,063;3,350;1,153;1,91E-4;191,33;115,30;0,06;0,05
8,064;3,350;1,153;1,91E-4;191,33;115,25;0,06;0,05
8,065;3,349;1,152;1,91E-4;191,31;115,20;0,06;0,05
8,066;3,349;1,152;1,91E-4;191,31;115,19;0,06;0,05
8,067;3,349;1,151;1,91E-4;191,30;115,14;0,06;0,05
8,068;3,350;1,153;1,91E-4;191,35;115,28;0,06;0,05
8,069;3,353;1,155;1,91E-4;191,43;115,49;0,06;0,05
8,070;3,351;1,153;1,91E-4;191,37;115,30;0,06;0,05
8,071;3,351;1,153;1,91E-4;191,37;115,31;0,06;0,05
8,072;3,352;1,154;1,91E-4;191,40;115,37;0,06;0,05
8,073;3,351;1,152;1,91E-4;191,36;115,24;0,06;0,05
8,074;3,352;1,153;1,91E-4;191,40;115,33;0,06;0,05
8,075;3,350;1,152;1,91E-4;191,35;115,16;0,06;0,05
8,076;3,351;1,152;1,91E-4;191,37;115,25;0,06;0,05
8,077;3,351;1,152;1,91E-4;191,37;115,25;0,06;0,05
8,078;3,351;1,152;1,91E-4;191,38;115,23;0,06;0,05
8,079;3,352;1,153;1,91E-4;191,41;115,31;0,06;0,05
8,080;3,353;1,154;1,91E-4;191,42;115,35;0,06;0,05
8,081;3,353;1,153;1,91E-4;191,42;115,33;0,06;0,05
8,082;3,351;1,152;1,91E-4;191,38;115,18;0,06;0,05
8,083;3,351;1,151;1,91E-4;191,36;115,07;0,06;0,05
8,084;3,353;1,153;1,91E-4;191,42;115,30;0,06;0,05
8,085;3,354;1,154;1,91E-4;191,45;115,38;0,06;0,05
8,086;3,353;1,154;1,91E-4;191,45;115,36;0,06;0,05
8,087;3,353;1,153;1,91E-4;191,43;115,26;0,06;0,05
8,088;3,353;1,153;1,91E-4;191,44;115,32;0,06;0,05
8,089;3,354;1,154;1,91E-4;191,47;115,40;0,06;0,05
8,090;3,353;1,153;1,91E-4;191,45;115,32;0,06;0,05
8,091;3,354;1,153;1,91E-4;191,46;115,35;0,06;0,05
8,092;3,354;1,154;1,91E-4;191,47;115,40;0,06;0,05
8,093;3,355;1,154;1,91E-4;191,49;115,43;0,06;0,05
8,094;3,354;1,153;1,91E-4;191,47;115,32;0,06;0,05
8,095;3,353;1,152;1,91E-4;191,43;115,20;0,06;0,05
8,096;3,352;1,151;1,91E-4;191,40;115,08;0,06;0,05
8,097;3,353;1,152;1,91E-4;191,42;115,18;0,06;0,05
8,098;3,353;1,152;1,91E-4;191,44;115,18;0,06;0,05
8,099;3,355;1,154;1,91E-4;191,49;115,36;0,06;0,05
8,100;3,354;1,152;1,91E-4;191,46;115,25;0,06;0,05
8,101;3,353;1,152;1,91E-4;191,44;115,22;0,06;0,05
8,102;3,354;1,153;1,91E-4;191,47;115,25;0,06;0,05
8,103;3,355;1,154;1,92E-4;191,51;115,36;0,06;0,05
8,104;3,356;1,154;1,92E-4;191,51;115,37;0,06;0,05
8,105;3,356;1,154;1,92E-4;191,52;115,40;0,06;0,05
8,106;3,355;1,153;1,92E-4;191,50;115,34;0,06;0,05
8,107;3,355;1,153;1,92E-4;191,51;115,32;0,06;0,05
8,108;3,355;1,153;1,91E-4;191,49;115,28;0,06;0,05
8,109;3,354;1,152;1,91E-4;191,48;115,20;0,06;0,05
8,110;3,356;1,154;1,92E-4;191,54;115,39;0,06;0,05
8,111;3,357;1,154;1,92E-4;191,56;115,43;0,06;0,05
8,112;3,357;1,154;1,92E-4;191,55;115,38;0,06;0,05
8,113;3,356;1,153;1,92E-4;191,53;115,34;0,06;0,05
8,114;3,356;1,154;1,92E-4;191,54;115,36;0,06;0,05
8,115;3,357;1,154;1,92E-4;191,55;115,36;0,06;0,05
8,116;3,358;1,154;1,92E-4;191,58;115,43;0,06;0,05
8,117;3,357;1,153;1,92E-4;191,55;115,32;0,06;0,05
8,118;3,356;1,153;1,92E-4;191,53;115,28;0,06;0,05
8,119;3,357;1,153;1,92E-4;191,55;115,33;0,06;0,05
8,120;3,358;1,154;1,92E-4;191,58;115,38;0,06;0,05
8,121;3,358;1,154;1,92E-4;191,58;115,40;0,06;0,05
8,122;3,357;1,153;1,92E-4;191,56;115,33;0,06;0,05
8,123;3,358;1,154;1,92E-4;191,59;115,39;0,06;0,05
8,124;3,359;1,155;1,92E-4;191,62;115,53;0,06;0,05
8,125;3,357;1,153;1,92E-4;191,57;115,34;0,06;0,05
8,126;3,358;1,153;1,92E-4;191,58;115,34;0,06;0,05
8,127;3,357;1,152;1,92E-4;191,54;115,24;0,06;0,05
8,128;3,357;1,153;1,92E-4;191,57;115,26;0,06;0,05
8,129;3,358;1,153;1,92E-4;191,58;115,26;0,06;0,05
8,130;3,358;1,154;1,92E-4;191,60;115,40;0,06;0,05
8,131;3,358;1,153;1,92E-4;191,58;115,26;0,06;0,05
8,132;3,357;1,152;1,92E-4;191,57;115,25;0,06;0,05
8,133;3,358;1,153;1,92E-4;191,60;115,30;0,06;0,05
8,134;3,358;1,154;1,92E-4;191,61;115,36;0,06;0,05
8,135;3,359;1,154;1,92E-4;191,64;115,44;0,06;0,05
8,136;3,358;1,152;1,92E-4;191,59;115,24;0,06;0,05
8,137;3,359;1,153;1,92E-4;191,61;115,31;0,06;0,05
8,138;3,360;1,154;1,92E-4;191,64;115,40;0,06;0,05
8,139;3,359;1,154;1,92E-4;191,63;115,36;0,06;0,05
8,140;3,359;1,154;1,92E-4;191,64;115,38;0,06;0,05
8,141;3,359;1,154;1,92E-4;191,64;115,37;0,06;0,05
8,142;3,359;1,152;1,92E-4;191,61;115,24;0,06;0,05
8,143;3,361;1,155;1,92E-4;191,67;115,45;0,06;0,05
8,144;3,361;1,155;1,92E-4;191,68;115,46;0,06;0,05
8,145;3,359;1,153;1,92E-4;191,64;115,32;0,06;0,05
8,146;3,359;1,153;1,92E-4;191,62;115,25;0,06;0,05
8,147;3,360;1,154;1,92E-4;191,66;115,35;0,06;0,05
8,148;3,360;1,153;1,92E-4;191,64;115,27;0,06;0,05
8,149;3,359;1,153;1,92E-4;191,64;115,28;0,06;0,05
8,150;3,360;1,153;1,92E-4;191,65;115,33;0,06;0,05
8,151;3,361;1,154;1,92E-4;191,69;115,40;0,06;0,05
8,152;3,361;1,154;1,92E-4;191,68;115,38;0,06;0,05
8,153;3,362;1,155;1,92E-4;191,72;115,55;0,06;0,05
8,154;3,361;1,154;1,92E-4;191,67;115,37;0,06;0,05
8,155;3,361;1,153;1,92E-4;191,68;115,31;0,06;0,05
8,156;3,360;1,153;1,92E-4;191,66;115,29;0,06;0,05
8,157;3,361;1,154;1,92E-4;191,70;115,36;0,06;0,05
8,158;3,362;1,154;1,92E-4;191,71;115,39;0,06;0,05
8,159;3,361;1,153;1,92E-4;191,68;115,28;0,06;0,05
8,160;3,362;1,154;1,92E-4;191,72;115,41;0,06;0,05
8,161;3,362;1,154;1,92E-4;191,71;115,38;0,06;0,05
8,162;3,363;1,155;1,92E-4;191,74;115,48;0,06;0,05
8,163;3,362;1,154;1,92E-4;191,72;115,39;0,06;0,05
8,164;3,360;1,152;1,92E-4;191,66;115,20;0,06;0,05
8,165;3,361;1,153;1,92E-4;191,67;115,25;0,06;0,05
8,166;3,361;1,154;1,92E-4;191,70;115,35;0,06;0,05
8,167;3,361;1,153;1,92E-4;191,70;115,31;0,06;0,05
8,168;3,361;1,153;1,92E-4;191,69;115,25;0,06;0,05
8,169;3,363;1,154;1,92E-4;191,74;115,41;0,06;0,05
8,170;3,364;1,155;1,92E-4;191,77;115,48;0,06;0,05
8,171;3,362;1,154;1,92E-4;191,73;115,36;0,06;0,05
8,172;3,363;1,154;1,92E-4;191,76;115,41;0,06;0,05
8,173;3,362;1,153;1,92E-4;191,72;115,29;0,06;0,05
8,174;3,361;1,152;1,92E-4;191,69;115,21;0,06;0,05
8,175;3,363;1,153;1,92E-4;191,74;115,31;0,06;0,05
8,176;3,362;1,153;1,92E-4;191,73;115,26;0,06;0,05
8,177;3,364;1,154;1,92E-4;191,77;115,37;0,06;0,05
8,178;3,363;1,153;1,92E-4;191,75;115,34;0,06;0,05
8,179;3,363;1,153;1,92E-4;191,74;115,26;0,06;0,05
8,180;3,363;1,153;1,92E-4;191,75;115,30;0,06;0,05
8,181;3,362;1,152;1,92E-4;191,73;115,23;0,06;0,05
8,182;3,362;1,152;1,92E-4;191,72;115,17;0,06;0,05
8,183;3,362;1,152;1,92E-4;191,72;115,19;0,06;0,05
8,184;3,363;1,153;1,92E-4;191,76;115,30;0,06;0,05
8,185;3,364;1,154;1,92E-4;191,80;115,39;0,06;0,05
8,186;3,363;1,152;1,92E-4;191,76;115,23;0,06;0,05
8,187;3,364;1,153;1,92E-4;191,78;115,30;0,06;0,05
8,188;3,364;1,153;1,92E-4;191,78;115,31;0,06;0,05
8,189;3,365;1,154;1,92E-4;191,81;115,40;0,06;0,05
8,190;3,365;1,154;1,92E-4;191,81;115,36;0,06;0,05
8,191;3,364;1,153;1,92E-4;191,79;115,32;0,06;0,05
8,192;3,365;1,153;1,92E-4;191,80;115,33;0,06;0,05
8,193;3,365;1,154;1,92E-4;191,82;115,36;0,06;0,05
8,194;3,365;1,154;1,92E-4;191,83;115,41;0,06;0,05
8,195;3,366;1,154;1,92E-4;191,83;115,39;0,06;0,05
8,196;3,365;1,154;1,92E-4;191,83;115,36;0,06;0,05
8,197;3,366;1,154;1,92E-4;191,84;115,38;0,06;0,05
8,198;3,365;1,154;1,92E-4;191,83;115,38;0,06;0,05
8,199;3,365;1,153;1,92E-4;191,82;115,32;0,06;0,05
8,200;3,365;1,153;1,92E-4;191,81;115,27;0,06;0,05
8,201;3,366;1,154;1,92E-4;191,85;115,37;0,06;0,05
8,202;3,365;1,153;1,92E-4;191,83;115,30;0,06;0,05
8,203;3,367;1,155;1,92E-4;191,88;115,45;0,06;0,05
8,204;3,366;1,154;1,92E-4;191,86;115,38;0,06;0,05
8,205;3,367;1,155;1,92E-4;191,89;115,45;0,06;0,05
8,206;3,366;1,153;1,92E-4;191,84;115,29;0,06;0,05
8,207;3,367;1,154;1,92E-4;191,88;115,40;0,06;0,05
8,208;3,365;1,153;1,92E-4;191,82;115,25;0,06;0,05
8,209;3,367;1,154;1,92E-4;191,89;115,43;0,06;0,05
8,210;3,366;1,154;1,92E-4;191,86;115,37;0,06;0,05
8,211;3,365;1,152;1,92E-4;191,81;115,17;0,06;0,05
8,212;3,367;1,154;1,92E-4;191,87;115,35;0,06;0,05
8,213;3,367;1,153;1,92E-4;191,88;115,34;0,06;0,05
8,214;3,367;1,154;1,92E-4;191,89;115,36;0,06;0,05
8,215;3,368;1,154;1,92E-4;191,90;115,39;0,06;0,05
8,216;3,367;1,153;1,92E-4;191,87;115,31;0,06;0,05
8,217;3,367;1,153;1,92E-4;191,88;115,32;0,06;0,05
8,218;3,368;1,154;1,92E-4;191,92;115,43;0,06;0,05
8,219;3,367;1,153;1,92E-4;191,88;115,29;0,06;0,05
8,220;3,367;1,153;1,92E-4;191,89;115,34;0,06;0,05
8,221;3,367;1,153;1,92E-4;191,89;115,32;0,06;0,05
8,222;3,368;1,154;1,92E-4;191,90;115,38;0,06;0,05
8,223;3,368;1,154;1,92E-4;191,90;115,37;0,06;0,05
8,224;3,368;1,153;1,92E-4;191,91;115,31;0,06;0,05
8,225;3,368;1,154;1,92E-4;191,92;115,38;0,06;0,05
8,226;3,369;1,154;1,92E-4;191,95;115,44;0,06;0,05
8,227;3,368;1,153;1,92E-4;191,92;115,33;0,06;0,05
8,228;3,369;1,154;1,92E-4;191,94;115,37;0,06;0,05
8,229;3,369;1,154;1,92E-4;191,94;115,39;0,06;0,05
8,230;3,368;1,153;1,92E-4;191,92;115,30;0,06;0,05
8,231;3,369;1,154;1,92E-4;191,94;115,38;0,06;0,05
8,232;3,369;1,153;1,92E-4;191,94;115,33;0,06;0,05
8,233;3,369;1,154;1,92E-4;191,96;115,37;0,06;0,05
8,234;3,370;1,154;1,92E-4;191,97;115,35;0,06;0,05
8,235;3,370;1,154;1,92E-4;191,97;115,39;0,06;0,05
8,236;3,369;1,153;1,92E-4;191,94;115,30;0,06;0,05
8,237;3,369;1,153;1,92E-4;191,94;115,32;0,06;0,05
8,238;3,368;1,153;1,92E-4;191,93;115,27;0,06;0,05
8,239;3,369;1,153;1,92E-4;191,94;115,32;0,06;0,05
8,240;3,369;1,153;1,92E-4;191,96;115,31;0,06;0,05
8,241;3,370;1,154;1,92E-4;191,96;115,35;0,06;0,05
8,242;3,370;1,154;1,92E-4;191,98;115,36;0,06;0,05
8,243;3,371;1,154;1,92E-4;192,00;115,42;0,06;0,05
8,244;3,370;1,154;1,92E-4;191,99;115,38;0,06;0,05
8,245;3,371;1,154;1,92E-4;192,00;115,38;0,06;0,05
8,246;3,371;1,154;1,92E-4;192,01;115,41;0,06;0,05
8,247;3,370;1,153;1,92E-4;191,98;115,31;0,06;0,05
8,248;3,370;1,153;1,92E-4;191,99;115,34;0,06;0,05
8,249;3,372;1,155;1,92E-4;192,03;115,46;0,06;0,05
8,250;3,371;1,154;1,92E-4;192,01;115,37;0,06;0,05
8,251;3,371;1,154;1,92E-4;192,01;115,37;0,06;0,05
8,252;3,371;1,154;1,92E-4;192,01;115,37;0,06;0,05
8,253;3,371;1,154;1,92E-4;192,02;115,35;0,06;0,05
8,254;3,372;1,154;1,92E-4;192,03;115,40;0,06;0,05
8,255;3,371;1,153;1,92E-4;192,00;115,35;0,06;0,05
8,256;3,371;1,154;1,92E-4;192,02;115,36;0,06;0,05
8,257;3,371;1,154;1,92E-4;192,02;115,37;0,06;0,05
8,258;3,371;1,153;1,92E-4;192,01;115,33;0,06;0,05
8,259;3,372;1,154;1,92E-4;192,03;115,39;0,06;0,05
8,260;3,372;1,154;1,92E-4;192,04;115,40;0,06;0,05
8,261;3,371;1,153;1,92E-4;192,02;115,26;0,06;0,05
8,262;3,372;1,153;1,92E-4;192,03;115,34;0,06;0,05
8,263;3,372;1,154;1,92E-4;192,05;115,37;0,06;0,05
8,264;3,373;1,155;1,92E-4;192,09;115,50;0,06;0,05
8,265;3,374;1,155;1,92E-4;192,10;115,52;0,06;0,05
8,266;3,374;1,155;1,92E-4;192,10;115,54;0,06;0,05
8,267;3,374;1,155;1,92E-4;192,10;115,48;0,06;0,05
8,268;3,373;1,154;1,92E-4;192,07;115,42;0,06;0,05
8,269;3,373;1,154;1,92E-4;192,08;115,43;0,06;0,05
8,270;3,373;1,154;1,92E-4;192,08;115,45;0,06;0,05
8,271;3,373;1,154;1,92E-4;192,08;115,42;0,06;0,05
8,272;3,374;1,154;1,92E-4;192,09;115,44;0,06;0,05
8,273;3,374;1,155;1,92E-4;192,11;115,48;0,06;0,05
8,274;3,374;1,154;1,92E-4;192,12;115,45;0,06;0,05
8,275;3,373;1,153;1,92E-4;192,06;115,30;0,06;0,05
8,276;3,374;1,154;1,92E-4;192,11;115,44;0,06;0,05
8,277;3,374;1,153;1,92E-4;192,09;115,33;0,06;0,05
8,278;3,374;1,154;1,92E-4;192,12;115,41;0,06;0,05
8,279;3,375;1,155;1,92E-4;192,13;115,48;0,06;0,05
8,280;3,374;1,154;1,92E-4;192,12;115,43;0,06;0,05
8,281;3,373;1,153;1,92E-4;192,09;115,34;0,06;0,05
8,282;3,374;1,154;1,92E-4;192,12;115,41;0,06;0,05
8,283;3,375;1,154;1,92E-4;192,14;115,44;0,06;0,05
8,284;3,374;1,153;1,92E-4;192,10;115,33;0,06;0,05
8,285;3,374;1,153;1,92E-4;192,11;115,30;0,06;0,05
8,286;3,375;1,154;1,92E-4;192,13;115,40;0,06;0,05
8,287;3,375;1,154;1,92E-4;192,13;115,41;0,06;0,05
8,288;3,375;1,154;1,92E-4;192,13;115,37;0,06;0,05
8,289;3,374;1,153;1,92E-4;192,11;115,30;0,06;0,05
8,290;3,375;1,153;1,92E-4;192,12;115,33;0,06;0,05
8,291;3,375;1,153;1,92E-4;192,13;115,33;0,06;0,05
8,292;3,375;1,154;1,92E-4;192,14;115,41;0,06;0,05
8,293;3,375;1,154;1,92E-4;192,15;115,38;0,06;0,05
8,294;3,376;1,155;1,92E-4;192,18;115,49;0,06;0,05
8,295;3,374;1,152;1,92E-4;192,12;115,24;0,06;0,05
8,296;3,374;1,153;1,92E-4;192,11;115,27;0,06;0,05
8,297;3,376;1,154;1,92E-4;192,16;115,35;0,06;0,05
8,298;3,376;1,154;1,92E-4;192,18;115,42;0,06;0,05
8,299;3,376;1,154;1,92E-4;192,17;115,40;0,06;0,05
8,300;3,376;1,154;1,92E-4;192,18;115,44;0,06;0,05
8,301;3,377;1,154;1,92E-4;192,20;115,45;0,06;0,05
8,302;3,376;1,154;1,92E-4;192,18;115,40;0,06;0,05
8,303;3,376;1,154;1,92E-4;192,18;115,37;0,06;0,05
8,304;3,377;1,154;1,92E-4;192,19;115,41;0,06;0,05
8,305;3,377;1,155;1,92E-4;192,20;115,46;0,06;0,05
8,306;3,377;1,154;1,92E-4;192,21;115,44;0,06;0,05
8,307;3,377;1,154;1,92E-4;192,19;115,44;0,06;0,05
8,308;3,377;1,154;1,92E-4;192,19;115,40;0,06;0,05
8,309;3,377;1,154;1,92E-4;192,20;115,40;0,06;0,05
8,310;3,376;1,153;1,92E-4;192,18;115,28;0,06;0,05
8,311;3,376;1,153;1,92E-4;192,18;115,33;0,06;0,05
8,312;3,376;1,153;1,92E-4;192,18;115,31;0,06;0,05
8,313;3,377;1,154;1,92E-4;192,21;115,36;0,06;0,05
8,314;3,378;1,154;1,92E-4;192,22;115,40;0,06;0,05
8,315;3,377;1,153;1,92E-4;192,19;115,27;0,06;0,05
8,316;3,378;1,154;1,92E-4;192,23;115,38;0,06;0,05
8,317;3,377;1,153;1,92E-4;192,21;115,30;0,06;0,05
8,318;3,378;1,154;1,92E-4;192,23;115,40;0,06;0,05
8,319;3,377;1,153;1,92E-4;192,21;115,31;0,06;0,05
8,320;3,378;1,154;1,92E-4;192,22;115,36;0,06;0,05
8,321;3,377;1,153;1,92E-4;192,20;115,30;0,06;0,05
8,322;3,378;1,153;1,92E-4;192,23;115,34;0,06;0,05
8,323;3,377;1,153;1,92E-4;192,21;115,29;0,06;0,05
8,324;3,380;1,155;1,92E-4;192,29;115,54;0,06;0,05
8,325;3,379;1,155;1,92E-4;192,27;115,49;0,06;0,05
8,326;3,379;1,155;1,92E-4;192,27;115,48;0,06;0,05
8,327;3,379;1,155;1,92E-4;192,28;115,46;0,06;0,05
8,328;3,379;1,154;1,92E-4;192,26;115,43;0,06;0,05
8,329;3,378;1,154;1,92E-4;192,25;115,38;0,06;0,05
8,330;3,378;1,153;1,92E-4;192,23;115,31;0,06;0,05
8,331;3,379;1,154;1,92E-4;192,28;115,45;0,06;0,05
8,332;3,379;1,154;1,92E-4;192,28;115,43;0,06;0,05
8,333;3,380;1,154;1,92E-4;192,29;115,43;0,06;0,05
8,334;3,379;1,154;1,92E-4;192,27;115,38;0,06;0,05
8,335;3,379;1,153;1,92E-4;192,26;115,32;0,06;0,05
8,336;3,380;1,155;1,92E-4;192,31;115,47;0,06;0,05
8,337;3,381;1,155;1,92E-4;192,33;115,50;0,06;0,05
8,338;3,380;1,154;1,92E-4;192,30;115,43;0,06;0,05
8,339;3,379;1,154;1,92E-4;192,28;115,36;0,06;0,05
8,340;3,381;1,155;1,92E-4;192,34;115,53;0,06;0,05
8,341;3,381;1,155;1,92E-4;192,33;115,48;0,06;0,05
8,342;3,380;1,154;1,92E-4;192,28;115,38;0,06;0,05
8,343;3,380;1,154;1,92E-4;192,29;115,37;0,06;0,05
8,344;3,378;1,152;1,92E-4;192,25;115,23;0,06;0,05
8,345;3,379;1,153;1,92E-4;192,28;115,32;0,06;0,05
8,346;3,380;1,154;1,92E-4;192,30;115,35;0,06;0,05
8,347;3,380;1,153;1,92E-4;192,31;115,35;0,06;0,05
8,348;3,381;1,154;1,92E-4;192,33;115,44;0,06;0,05
8,349;3,381;1,154;1,92E-4;192,33;115,40;0,06;0,05
8,350;3,380;1,154;1,92E-4;192,31;115,36;0,06;0,05
8,351;3,381;1,154;1,92E-4;192,33;115,37;0,06;0,05
8,352;3,381;1,154;1,92E-4;192,33;115,40;0,06;0,05
8,353;3,382;1,154;1,92E-4;192,35;115,40;0,06;0,05
8,354;3,381;1,154;1,92E-4;192,33;115,35;0,06;0,05
8,355;3,382;1,154;1,92E-4;192,36;115,45;0,06;0,05
8,356;3,383;1,155;1,92E-4;192,39;115,54;0,06;0,05
8,357;3,383;1,155;1,92E-4;192,40;115,55;0,06;0,05
8,358;3,382;1,155;1,92E-4;192,37;115,50;0,06;0,05
8,359;3,381;1,153;1,92E-4;192,33;115,35;0,06;0,05
8,360;3,382;1,154;1,92E-4;192,35;115,44;0,06;0,05
8,361;3,382;1,154;1,92E-4;192,36;115,38;0,06;0,05
8,362;3,382;1,154;1,92E-4;192,36;115,39;0,06;0,05
8,363;3,383;1,155;1,92E-4;192,38;115,46;0,06;0,05
8,364;3,382;1,154;1,92E-4;192,37;115,40;0,06;0,05
8,365;3,382;1,154;1,92E-4;192,37;115,43;0,06;0,05
8,366;3,382;1,154;1,92E-4;192,37;115,40;0,06;0,05
8,367;3,383;1,154;1,92E-4;192,39;115,43;0,06;0,05
8,368;3,383;1,153;1,92E-4;192,38;115,35;0,06;0,05
8,369;3,383;1,155;1,92E-4;192,40;115,48;0,06;0,05
8,370;3,383;1,155;1,92E-4;192,40;115,47;0,06;0,05
8,371;3,383;1,154;1,92E-4;192,40;115,43;0,06;0,05
8,372;3,383;1,155;1,92E-4;192,40;115,46;0,06;0,05
8,373;3,383;1,154;1,92E-4;192,40;115,40;0,06;0,05
8,374;3,384;1,155;1,92E-4;192,41;115,46;0,06;0,05
8,375;3,383;1,154;1,92E-4;192,41;115,43;0,06;0,05
8,376;3,383;1,154;1,92E-4;192,39;115,37;0,06;0,05
8,377;3,384;1,155;1,92E-4;192,43;115,45;0,06;0,05
8,378;3,384;1,155;1,92E-4;192,44;115,48;0,06;0,05
8,379;3,385;1,156;1,92E-4;192,47;115,57;0,06;0,05
8,380;3,385;1,155;1,92E-4;192,44;115,51;0,06;0,05
8,381;3,385;1,156;1,92E-4;192,46;115,56;0,06;0,05
8,382;3,385;1,156;1,92E-4;192,47;115,58;0,06;0,05
8,383;3,385;1,155;1,92E-4;192,46;115,49;0,06;0,05
8,384;3,384;1,154;1,92E-4;192,43;115,44;0,06;0,05
8,385;3,385;1,155;1,92E-4;192,46;115,54;0,06;0,05
8,386;3,384;1,154;1,92E-4;192,44;115,44;0,06;0,05
8,387;3,385;1,155;1,92E-4;192,46;115,48;0,06;0,05
8,388;3,385;1,155;1,92E-4;192,46;115,46;0,06;0,05
8,389;3,386;1,155;1,92E-4;192,48;115,49;0,06;0,05
8,390;3,386;1,155;1,92E-4;192,49;115,53;0,06;0,05
8,391;3,384;1,154;1,92E-4;192,43;115,35;0,06;0,05
8,392;3,385;1,154;1,92E-4;192,46;115,39;0,06;0,05
8,393;3,385;1,154;1,92E-4;192,47;115,42;0,06;0,05
8,394;3,385;1,154;1,92E-4;192,46;115,44;0,06;0,05
8,395;3,385;1,154;1,92E-4;192,46;115,37;0,06;0,05
8,396;3,385;1,154;1,92E-4;192,47;115,38;0,06;0,05
8,397;3,386;1,154;1,92E-4;192,50;115,44;0,06;0,05
8,398;3,386;1,155;1,93E-4;192,50;115,49;0,06;0,05
8,399;3,386;1,154;1,92E-4;192,49;115,43;0,06;0,05
8,400;3,387;1,155;1,93E-4;192,51;115,48;0,06;0,05
8,401;3,386;1,155;1,93E-4;192,50;115,47;0,06;0,05
8,402;3,387;1,155;1,93E-4;192,53;115,55;0,06;0,05
8,403;3,386;1,154;1,92E-4;192,50;115,44;0,06;0,05
8,404;3,385;1,153;1,92E-4;192,47;115,29;0,06;0,05
8,405;3,386;1,153;1,92E-4;192,48;115,35;0,06;0,05
8,406;3,386;1,154;1,92E-4;192,49;115,38;0,06;0,05
8,407;3,387;1,155;1,93E-4;192,51;115,45;0,06;0,05
8,408;3,386;1,154;1,93E-4;192,50;115,38;0,06;0,05
8,409;3,387;1,155;1,93E-4;192,53;115,48;0,06;0,05
8,410;3,387;1,154;1,93E-4;192,51;115,40;0,06;0,05
8,411;3,388;1,155;1,93E-4;192,56;115,52;0,06;0,05
8,412;3,389;1,155;1,93E-4;192,57;115,52;0,06;0,05
8,413;3,388;1,155;1,93E-4;192,55;115,48;0,06;0,05
8,414;3,388;1,155;1,93E-4;192,57;115,54;0,06;0,05
8,415;3,387;1,155;1,93E-4;192,54;115,47;0,06;0,05
8,416;3,387;1,154;1,93E-4;192,51;115,38;0,06;0,05
8,417;3,388;1,155;1,93E-4;192,55;115,50;0,06;0,05
8,418;3,388;1,154;1,93E-4;192,54;115,44;0,06;0,05
8,419;3,388;1,154;1,93E-4;192,54;115,42;0,06;0,05
8,420;3,386;1,153;1,93E-4;192,50;115,30;0,06;0,05
8,421;3,388;1,154;1,93E-4;192,55;115,39;0,06;0,05
8,422;3,388;1,154;1,93E-4;192,54;115,38;0,06;0,05
8,423;3,388;1,155;1,93E-4;192,57;115,50;0,06;0,05
8,424;3,389;1,155;1,93E-4;192,58;115,49;0,06;0,05
8,425;3,389;1,155;1,93E-4;192,58;115,51;0,06;0,05
8,426;3,389;1,154;1,93E-4;192,58;115,43;0,06;0,05
8,427;3,388;1,154;1,93E-4;192,57;115,43;0,06;0,05
8,428;3,389;1,154;1,93E-4;192,59;115,43;0,06;0,05
8,429;3,389;1,154;1,93E-4;192,57;115,43;0,06;0,05
8,430;3,390;1,155;1,93E-4;192,62;115,55;0,06;0,05
8,431;3,389;1,154;1,93E-4;192,59;115,41;0,06;0,05
8,432;3,389;1,155;1,93E-4;192,60;115,48;0,06;0,05
8,433;3,389;1,154;1,93E-4;192,59;115,41;0,06;0,05
8,434;3,389;1,154;1,93E-4;192,59;115,42;0,06;0,05
8,435;3,389;1,154;1,93E-4;192,58;115,41;0,06;0,05
8,436;3,389;1,154;1,93E-4;192,58;115,39;0,06;0,05
8,437;3,391;1,156;1,93E-4;192,64;115,58;0,06;0,05
8,438;3,390;1,155;1,93E-4;192,63;115,54;0,06;0,05
8,439;3,390;1,155;1,93E-4;192,63;115,53;0,06;0,05
8,440;3,389;1,154;1,93E-4;192,60;115,44;0,06;0,05
8,441;3,390;1,154;1,93E-4;192,61;115,43;0,06;0,05
8,442;3,391;1,155;1,93E-4;192,65;115,51;0,06;0,05
8,443;3,391;1,155;1,93E-4;192,64;115,51;0,06;0,05
8,444;3,391;1,156;1,93E-4;192,66;115,57;0,06;0,05
8,445;3,391;1,155;1,93E-4;192,64;115,53;0,06;0,05
8,446;3,390;1,155;1,93E-4;192,63;115,46;0,06;0,05
8,447;3,392;1,156;1,93E-4;192,69;115,64;0,06;0,05
8,448;3,391;1,155;1,93E-4;192,65;115,52;0,06;0,05
8,449;3,392;1,156;1,93E-4;192,67;115,55;0,06;0,05
8,450;3,392;1,155;1,93E-4;192,67;115,53;0,06;0,05
8,451;3,391;1,154;1,93E-4;192,64;115,45;0,06;0,05
8,452;3,390;1,154;1,93E-4;192,62;115,39;0,06;0,05
8,453;3,390;1,154;1,93E-4;192,63;115,39;0,06;0,05
8,454;3,392;1,155;1,93E-4;192,68;115,54;0,06;0,05
8,455;3,391;1,155;1,93E-4;192,66;115,47;0,06;0,05
8,456;3,392;1,155;1,93E-4;192,67;115,51;0,06;0,05
8,457;3,391;1,155;1,93E-4;192,66;115,48;0,06;0,05
8,458;3,390;1,154;1,93E-4;192,63;115,39;0,06;0,05
8,459;3,392;1,155;1,93E-4;192,67;115,49;0,06;0,05
8,460;3,392;1,155;1,93E-4;192,70;115,54;0,06;0,05
8,461;3,391;1,154;1,93E-4;192,64;115,35;0,06;0,05
8,462;3,391;1,154;1,93E-4;192,64;115,38;0,06;0,05
8,463;3,390;1,153;1,93E-4;192,63;115,32;0,06;0,05
8,464;3,391;1,154;1,93E-4;192,66;115,42;0,06;0,05
8,465;3,392;1,155;1,93E-4;192,69;115,50;0,06;0,05
8,466;3,394;1,156;1,93E-4;192,74;115,62;0,06;0,05
8,467;3,392;1,154;1,93E-4;192,68;115,45;0,06;0,05
8,468;3,392;1,154;1,93E-4;192,68;115,44;0,06;0,05
8,469;3,392;1,154;1,93E-4;192,67;115,37;0,06;0,05
8,470;3,392;1,154;1,93E-4;192,70;115,43;0,06;0,05
8,471;3,393;1,155;1,93E-4;192,71;115,48;0,06;0,05
8,472;3,392;1,154;1,93E-4;192,69;115,36;0,06;0,05
8,473;3,392;1,154;1,93E-4;192,70;115,45;0,06;0,05
8,474;3,393;1,155;1,93E-4;192,72;115,50;0,06;0,05
8,475;3,393;1,154;1,93E-4;192,70;115,45;0,06;0,05
8,476;3,393;1,154;1,93E-4;192,71;115,43;0,06;0,05
8,477;3,393;1,155;1,93E-4;192,71;115,49;0,06;0,05
8,478;3,394;1,155;1,93E-4;192,73;115,52;0,06;0,05
8,479;3,394;1,155;1,93E-4;192,74;115,55;0,06;0,05
8,480;3,394;1,156;1,93E-4;192,75;115,56;0,06;0,05
8,481;3,395;1,156;1,93E-4;192,78;115,64;0,06;0,05
8,482;3,392;1,154;1,93E-4;192,69;115,36;0,06;0,05
8,483;3,394;1,154;1,93E-4;192,74;115,45;0,06;0,05
8,484;3,394;1,155;1,93E-4;192,73;115,46;0,06;0,05
8,485;3,394;1,154;1,93E-4;192,74;115,42;0,06;0,05
8,486;3,394;1,155;1,93E-4;192,75;115,47;0,06;0,05
8,487;3,395;1,156;1,93E-4;192,79;115,58;0,06;0,05
8,488;3,394;1,154;1,93E-4;192,74;115,45;0,06;0,05
8,489;3,394;1,154;1,93E-4;192,73;115,42;0,06;0,05
8,490;3,394;1,154;1,93E-4;192,74;115,42;0,06;0,05
8,491;3,395;1,155;1,93E-4;192,77;115,48;0,06;0,05
8,492;3,393;1,153;1,93E-4;192,72;115,34;0,06;0,05
8,493;3,393;1,153;1,93E-4;192,71;115,28;0,06;0,05
8,494;3,395;1,155;1,93E-4;192,77;115,47;0,06;0,05
8,495;3,394;1,154;1,93E-4;192,76;115,43;0,06;0,05
8,496;3,395;1,155;1,93E-4;192,79;115,53;0,06;0,05
8,497;3,396;1,155;1,93E-4;192,80;115,50;0,06;0,05
8,498;3,395;1,154;1,93E-4;192,77;115,42;0,06;0,05
8,499;3,394;1,154;1,93E-4;192,75;115,41;0,06;0,05
8,500;3,395;1,154;1,93E-4;192,78;115,45;0,06;0,05
8,501;3,395;1,154;1,93E-4;192,77;115,40;0,06;0,05
8,502;3,395;1,154;1,93E-4;192,76;115,35;0,06;0,05
8,503;3,396;1,155;1,93E-4;192,81;115,49;0,06;0,05
8,504;3,396;1,155;1,93E-4;192,82;115,52;0,06;0,05
8,505;3,396;1,155;1,93E-4;192,80;115,46;0,06;0,05
8,506;3,396;1,154;1,93E-4;192,80;115,41;0,06;0,05
8,507;3,395;1,154;1,93E-4;192,79;115,45;0,06;0,05
8,508;3,396;1,155;1,93E-4;192,82;115,49;0,06;0,05
8,509;3,396;1,155;1,93E-4;192,82;115,48;0,06;0,05
8,510;3,397;1,156;1,93E-4;192,85;115,56;0,06;0,05
8,511;3,398;1,156;1,93E-4;192,88;115,63;0,06;0,05
8,512;3,397;1,156;1,93E-4;192,86;115,57;0,06;0,05
8,513;3,398;1,156;1,93E-4;192,87;115,56;0,06;0,05
8,514;3,396;1,154;1,93E-4;192,82;115,42;0,06;0,05
8,515;3,396;1,155;1,93E-4;192,83;115,45;0,06;0,05
8,516;3,397;1,155;1,93E-4;192,84;115,49;0,06;0,05
8,517;3,396;1,154;1,93E-4;192,81;115,38;0,06;0,05
8,518;3,397;1,155;1,93E-4;192,85;115,48;0,06;0,05
8,519;3,398;1,156;1,93E-4;192,87;115,55;0,06;0,05
8,520;3,397;1,155;1,93E-4;192,85;115,48;0,06;0,05
8,521;3,398;1,155;1,93E-4;192,87;115,52;0,06;0,05
8,522;3,397;1,155;1,93E-4;192,85;115,47;0,06;0,05
8,523;3,397;1,154;1,93E-4;192,84;115,41;0,06;0,05
8,524;3,398;1,155;1,93E-4;192,88;115,54;0,06;0,05
8,525;3,398;1,155;1,93E-4;192,86;115,49;0,06;0,05
8,526;3,397;1,154;1,93E-4;192,84;115,43;0,06;0,05
8,527;3,398;1,155;1,93E-4;192,87;115,49;0,06;0,05
8,528;3,398;1,155;1,93E-4;192,88;115,53;0,06;0,05
8,529;3,397;1,154;1,93E-4;192,85;115,40;0,06;0,05
8,530;3,398;1,155;1,93E-4;192,88;115,49;0,06;0,05
8,531;3,399;1,155;1,93E-4;192,90;115,54;0,06;0,05
8,532;3,398;1,155;1,93E-4;192,87;115,46;0,06;0,05
8,533;3,398;1,155;1,93E-4;192,89;115,50;0,06;0,05
8,534;3,399;1,156;1,93E-4;192,91;115,55;0,06;0,05
8,535;3,399;1,155;1,93E-4;192,90;115,50;0,06;0,05
8,536;3,398;1,155;1,93E-4;192,88;115,48;0,06;0,05
8,537;3,398;1,153;1,93E-4;192,87;115,34;0,06;0,05
8,538;3,400;1,156;1,93E-4;192,93;115,59;0,06;0,05
8,539;3,398;1,154;1,93E-4;192,88;115,40;0,06;0,05
8,540;3,398;1,154;1,93E-4;192,88;115,39;0,06;0,05
8,541;3,399;1,155;1,93E-4;192,90;115,46;0,06;0,05
8,542;3,399;1,155;1,93E-4;192,92;115,51;0,06;0,05
8,543;3,399;1,155;1,93E-4;192,91;115,49;0,06;0,05
8,544;3,398;1,154;1,93E-4;192,88;115,38;0,06;0,05
8,545;3,399;1,155;1,93E-4;192,91;115,47;0,06;0,05
8,546;3,399;1,154;1,93E-4;192,90;115,44;0,06;0,05
8,547;3,400;1,155;1,93E-4;192,94;115,51;0,06;0,05
8,548;3,399;1,154;1,93E-4;192,89;115,42;0,06;0,05
8,549;3,399;1,154;1,93E-4;192,91;115,43;0,06;0,05
8,550;3,400;1,155;1,93E-4;192,94;115,51;0,06;0,05
8,551;3,399;1,154;1,93E-4;192,92;115,44;0,06;0,05
8,552;3,400;1,155;1,93E-4;192,94;115,51;0,06;0,05
8,553;3,400;1,155;1,93E-4;192,94;115,52;0,06;0,05
8,554;3,398;1,153;1,93E-4;192,89;115,33;0,06;0,05
8,555;3,400;1,155;1,93E-4;192,95;115,54;0,06;0,05
8,556;3,400;1,154;1,93E-4;192,93;115,45;0,06;0,05
8,557;3,399;1,154;1,93E-4;192,91;115,36;0,06;0,05
8,558;3,400;1,155;1,93E-4;192,94;115,45;0,06;0,05
8,559;3,400;1,154;1,93E-4;192,93;115,41;0,06;0,05
8,560;3,400;1,154;1,93E-4;192,94;115,40;0,06;0,05
8,561;3,400;1,154;1,93E-4;192,92;115,39;0,06;0,05
8,562;3,400;1,154;1,93E-4;192,94;115,43;0,06;0,05
8,563;3,401;1,155;1,93E-4;192,96;115,46;0,06;0,05
8,564;3,401;1,155;1,93E-4;192,96;115,49;0,06;0,05
8,565;3,400;1,154;1,93E-4;192,94;115,42;0,06;0,05
8,566;3,399;1,153;1,93E-4;192,91;115,29;0,06;0,05
8,567;3,401;1,155;1,93E-4;192,97;115,47;0,06;0,05
8,568;3,402;1,156;1,93E-4;193,01;115,59;0,06;0,05
8,569;3,400;1,154;1,93E-4;192,95;115,41;0,06;0,05
8,570;3,401;1,154;1,93E-4;192,96;115,40;0,06;0,05
8,571;3,401;1,155;1,93E-4;192,98;115,46;0,06;0,05
8,572;3,401;1,155;1,93E-4;192,99;115,49;0,06;0,05
8,573;3,401;1,154;1,93E-4;192,97;115,44;0,06;0,05
8,574;3,401;1,154;1,93E-4;192,96;115,37;0,06;0,05
8,575;3,401;1,154;1,93E-4;192,97;115,41;0,06;0,05
8,576;3,402;1,156;1,93E-4;193,02;115,56;0,06;0,05
8,577;3,401;1,154;1,93E-4;192,98;115,42;0,06;0,05
8,578;3,402;1,155;1,93E-4;193,00;115,48;0,06;0,05
8,579;3,402;1,155;1,93E-4;193,02;115,51;0,06;0,05
8,580;3,403;1,155;1,93E-4;193,02;115,53;0,06;0,05
8,581;3,403;1,156;1,93E-4;193,04;115,55;0,06;0,05
8,582;3,402;1,154;1,93E-4;192,99;115,40;0,06;0,05
8,583;3,402;1,154;1,93E-4;193,01;115,45;0,06;0,05
8,584;3,402;1,154;1,93E-4;192,99;115,38;0,06;0,05
8,585;3,402;1,155;1,93E-4;193,02;115,48;0,06;0,05
8,586;3,403;1,155;1,93E-4;193,03;115,50;0,06;0,05
8,587;3,405;1,156;1,93E-4;193,09;115,64;0,06;0,05
8,588;3,404;1,156;1,93E-4;193,05;115,55;0,06;0,05
8,589;3,403;1,155;1,93E-4;193,05;115,50;0,06;0,05
8,590;3,405;1,156;1,93E-4;193,09;115,63;0,06;0,05
8,591;3,404;1,155;1,93E-4;193,05;115,50;0,06;0,05
8,592;3,402;1,154;1,93E-4;193,02;115,36;0,06;0,05
8,593;3,403;1,154;1,93E-4;193,04;115,43;0,06;0,05
8,594;3,404;1,156;1,93E-4;193,07;115,55;0,06;0,05
8,595;3,403;1,155;1,93E-4;193,05;115,46;0,06;0,05
8,596;3,403;1,154;1,93E-4;193,04;115,41;0,06;0,05
8,597;3,403;1,155;1,93E-4;193,04;115,45;0,06;0,05
8,598;3,404;1,155;1,93E-4;193,07;115,52;0,06;0,05
8,599;3,405;1,156;1,93E-4;193,09;115,57;0,06;0,05
8,600;3,404;1,155;1,93E-4;193,07;115,49;0,06;0,05
8,601;3,403;1,154;1,93E-4;193,03;115,37;0,06;0,05
8,602;3,404;1,154;1,93E-4;193,07;115,45;0,06;0,05
8,603;3,404;1,155;1,93E-4;193,08;115,48;0,06;0,05
8,604;3,405;1,156;1,93E-4;193,11;115,57;0,06;0,05
8,605;3,405;1,155;1,93E-4;193,10;115,55;0,06;0,05
8,606;3,405;1,156;1,93E-4;193,11;115,57;0,06;0,05
8,607;3,405;1,155;1,93E-4;193,11;115,54;0,06;0,05
8,608;3,406;1,156;1,93E-4;193,14;115,62;0,06;0,05
8,609;3,405;1,155;1,93E-4;193,11;115,53;0,06;0,05
8,610;3,406;1,155;1,93E-4;193,13;115,54;0,06;0,05
8,611;3,405;1,155;1,93E-4;193,11;115,49;0,06;0,05
8,612;3,406;1,155;1,93E-4;193,14;115,55;0,06;0,05
8,613;3,406;1,156;1,93E-4;193,14;115,56;0,06;0,05
8,614;3,407;1,156;1,93E-4;193,16;115,63;0,06;0,05
8,615;3,407;1,156;1,93E-4;193,15;115,57;0,06;0,05
8,616;3,406;1,156;1,93E-4;193,14;115,56;0,06;0,05
8,617;3,406;1,155;1,93E-4;193,14;115,54;0,06;0,05
8,618;3,405;1,154;1,93E-4;193,10;115,45;0,06;0,05
8,619;3,405;1,154;1,93E-4;193,11;115,40;0,06;0,05
8,620;3,406;1,155;1,93E-4;193,12;115,45;0,06;0,05
8,621;3,406;1,155;1,93E-4;193,14;115,47;0,06;0,05
8,622;3,405;1,154;1,93E-4;193,10;115,39;0,06;0,05
8,623;3,405;1,154;1,93E-4;193,11;115,38;0,06;0,05
8,624;3,406;1,155;1,93E-4;193,14;115,48;0,06;0,05
8,625;3,407;1,155;1,93E-4;193,17;115,55;0,06;0,05
8,626;3,408;1,156;1,93E-4;193,19;115,58;0,06;0,05
8,627;3,408;1,156;1,93E-4;193,20;115,60;0,06;0,05
8,628;3,408;1,156;1,93E-4;193,18;115,58;0,06;0,05
8,629;3,407;1,155;1,93E-4;193,17;115,52;0,06;0,05
8,630;3,407;1,155;1,93E-4;193,17;115,49;0,06;0,05
8,631;3,407;1,155;1,93E-4;193,17;115,50;0,06;0,05
8,632;3,407;1,155;1,93E-4;193,17;115,47;0,06;0,05
8,633;3,406;1,154;1,93E-4;193,13;115,36;0,06;0,05
8,634;3,407;1,155;1,93E-4;193,17;115,46;0,06;0,05
8,635;3,407;1,155;1,93E-4;193,18;115,46;0,06;0,05
8,636;3,407;1,155;1,93E-4;193,18;115,47;0,06;0,05
8,637;3,407;1,155;1,93E-4;193,18;115,47;0,06;0,05
8,638;3,408;1,155;1,93E-4;193,20;115,54;0,06;0,05
8,639;3,408;1,155;1,93E-4;193,21;115,55;0,06;0,05
8,640;3,409;1,156;1,93E-4;193,23;115,63;0,06;0,05
8,641;3,410;1,157;1,93E-4;193,26;115,68;0,06;0,05
8,642;3,409;1,155;1,93E-4;193,22;115,51;0,06;0,05
8,643;3,410;1,156;1,93E-4;193,25;115,64;0,06;0,05
8,644;3,410;1,156;1,93E-4;193,26;115,61;0,06;0,05
8,645;3,409;1,155;1,93E-4;193,22;115,51;0,06;0,05
8,646;3,409;1,155;1,93E-4;193,23;115,52;0,06;0,05
8,647;3,409;1,155;1,93E-4;193,22;115,49;0,06;0,05
8,648;3,409;1,155;1,93E-4;193,23;115,48;0,06;0,05
8,649;3,409;1,155;1,93E-4;193,22;115,48;0,06;0,05
8,650;3,409;1,155;1,93E-4;193,24;115,51;0,06;0,05
8,651;3,409;1,155;1,93E-4;193,22;115,49;0,06;0,05
8,652;3,409;1,154;1,93E-4;193,22;115,40;0,06;0,05
8,653;3,410;1,156;1,93E-4;193,26;115,56;0,06;0,05
8,654;3,410;1,156;1,93E-4;193,27;115,58;0,06;0,05
8,655;3,411;1,156;1,93E-4;193,29;115,62;0,06;0,05
8,656;3,410;1,155;1,93E-4;193,25;115,48;0,06;0,05
8,657;3,410;1,155;1,93E-4;193,25;115,54;0,06;0,05
8,658;3,410;1,155;1,93E-4;193,26;115,51;0,06;0,05
8,659;3,410;1,155;1,93E-4;193,25;115,47;0,06;0,05
8,660;3,410;1,155;1,93E-4;193,26;115,53;0,06;0,05
8,661;3,410;1,155;1,93E-4;193,26;115,50;0,06;0,05
8,662;3,410;1,155;1,93E-4;193,27;115,54;0,06;0,05
8,663;3,410;1,155;1,93E-4;193,27;115,52;0,06;0,05
8,664;3,410;1,155;1,93E-4;193,28;115,52;0,06;0,05
8,665;3,410;1,155;1,93E-4;193,27;115,49;0,06;0,05
8,666;3,410;1,155;1,93E-4;193,26;115,47;0,06;0,05
8,667;3,411;1,155;1,93E-4;193,29;115,54;0,06;0,05
8,668;3,411;1,156;1,93E-4;193,31;115,57;0,06;0,05
8,669;3,411;1,156;1,93E-4;193,31;115,59;0,06;0,05
8,670;3,411;1,155;1,93E-4;193,28;115,53;0,06;0,05
8,671;3,409;1,154;1,93E-4;193,24;115,37;0,06;0,05
8,672;3,409;1,154;1,93E-4;193,24;115,35;0,06;0,05
8,673;3,410;1,154;1,93E-4;193,25;115,40;0,06;0,05
8,674;3,412;1,156;1,93E-4;193,32;115,57;0,06;0,05
8,675;3,411;1,155;1,93E-4;193,29;115,54;0,06;0,05
8,676;3,411;1,155;1,93E-4;193,30;115,52;0,06;0,05
8,677;3,411;1,155;1,93E-4;193,28;115,49;0,06;0,05
8,678;3,411;1,155;1,93E-4;193,30;115,49;0,06;0,05
8,679;3,411;1,154;1,93E-4;193,28;115,42;0,06;0,05
8,680;3,411;1,155;1,93E-4;193,30;115,48;0,06;0,05
8,681;3,411;1,154;1,93E-4;193,28;115,40;0,06;0,05
8,682;3,411;1,155;1,93E-4;193,31;115,49;0,06;0,05
8,683;3,412;1,155;1,93E-4;193,33;115,53;0,06;0,05
8,684;3,412;1,155;1,93E-4;193,33;115,55;0,06;0,05
8,685;3,413;1,156;1,93E-4;193,36;115,61;0,06;0,05
8,686;3,413;1,156;1,93E-4;193,36;115,62;0,06;0,05
8,687;3,412;1,154;1,93E-4;193,32;115,44;0,06;0,05
8,688;3,413;1,156;1,93E-4;193,35;115,58;0,06;0,05
8,689;3,413;1,155;1,93E-4;193,35;115,54;0,06;0,05
8,690;3,413;1,155;1,93E-4;193,35;115,53;0,06;0,05
8,691;3,412;1,155;1,93E-4;193,34;115,51;0,06;0,05
8,692;3,413;1,156;1,93E-4;193,36;115,57;0,06;0,05
8,693;3,413;1,155;1,93E-4;193,36;115,54;0,06;0,05
8,694;3,414;1,156;1,93E-4;193,39;115,65;0,06;0,05
8,695;3,414;1,156;1,93E-4;193,38;115,60;0,06;0,05
8,696;3,413;1,155;1,93E-4;193,36;115,54;0,06;0,05
8,697;3,412;1,154;1,93E-4;193,33;115,40;0,06;0,05
8,698;3,413;1,155;1,93E-4;193,35;115,46;0,06;0,05
8,699;3,413;1,155;1,93E-4;193,37;115,50;0,06;0,05
8,700;3,413;1,155;1,93E-4;193,36;115,51;0,06;0,05
8,701;3,414;1,156;1,93E-4;193,40;115,56;0,06;0,05
8,702;3,413;1,154;1,93E-4;193,35;115,44;0,06;0,05
8,703;3,414;1,155;1,93E-4;193,38;115,52;0,06;0,05
8,704;3,414;1,155;1,93E-4;193,38;115,53;0,06;0,05
8,705;3,414;1,155;1,93E-4;193,38;115,53;0,06;0,05
8,706;3,414;1,155;1,93E-4;193,39;115,53;0,06;0,05
8,707;3,414;1,156;1,93E-4;193,40;115,57;0,06;0,05
8,708;3,415;1,156;1,93E-4;193,43;115,63;0,06;0,05
8,709;3,415;1,156;1,93E-4;193,43;115,61;0,06;0,05
8,710;3,414;1,155;1,93E-4;193,40;115,48;0,06;0,05
8,711;3,414;1,154;1,93E-4;193,38;115,42;0,06;0,05
8,712;3,413;1,154;1,93E-4;193,37;115,37;0,06;0,05
8,713;3,414;1,155;1,93E-4;193,40;115,48;0,06;0,05
8,714;3,415;1,156;1,93E-4;193,43;115,57;0,06;0,05
8,715;3,414;1,155;1,93E-4;193,40;115,47;0,06;0,05
8,716;3,415;1,155;1,93E-4;193,43;115,52;0,06;0,05
8,717;3,415;1,155;1,93E-4;193,41;115,46;0,06;0,05
8,718;3,416;1,156;1,93E-4;193,45;115,59;0,06;0,05
8,719;3,415;1,155;1,93E-4;193,42;115,50;0,06;0,05
8,720;3,415;1,155;1,93E-4;193,42;115,53;0,06;0,05
8,721;3,416;1,155;1,93E-4;193,44;115,54;0,06;0,05
8,722;3,415;1,155;1,93E-4;193,43;115,52;0,06;0,05
8,723;3,415;1,154;1,93E-4;193,41;115,45;0,06;0,05
8,724;3,415;1,155;1,93E-4;193,42;115,45;0,06;0,05
8,725;3,415;1,154;1,93E-4;193,43;115,44;0,06;0,05
8,726;3,416;1,155;1,93E-4;193,45;115,54;0,06;0,05
8,727;3,416;1,155;1,93E-4;193,46;115,55;0,06;0,05
8,728;3,416;1,155;1,93E-4;193,45;115,50;0,06;0,05
8,729;3,416;1,155;1,93E-4;193,45;115,48;0,06;0,05
8,730;3,416;1,155;1,93E-4;193,45;115,47;0,06;0,05
8,731;3,415;1,155;1,93E-4;193,44;115,46;0,06;0,05
8,732;3,417;1,156;1,93E-4;193,50;115,65;0,06;0,05
8,733;3,418;1,156;1,94E-4;193,51;115,62;0,06;0,05
8,734;3,416;1,155;1,93E-4;193,46;115,51;0,06;0,05
8,735;3,416;1,155;1,93E-4;193,46;115,47;0,06;0,05
8,736;3,417;1,155;1,93E-4;193,47;115,52;0,06;0,05
8,737;3,417;1,155;1,93E-4;193,49;115,55;0,06;0,05
8,738;3,417;1,156;1,93E-4;193,50;115,56;0,06;0,05
8,739;3,417;1,155;1,93E-4;193,47;115,51;0,06;0,05
8,740;3,417;1,155;1,93E-4;193,47;115,45;0,06;0,05
8,741;3,417;1,155;1,93E-4;193,48;115,50;0,06;0,05
8,742;3,417;1,155;1,93E-4;193,48;115,46;0,06;0,05
8,743;3,418;1,155;1,94E-4;193,50;115,53;0,06;0,05
8,744;3,418;1,155;1,94E-4;193,50;115,54;0,06;0,05
8,745;3,418;1,155;1,94E-4;193,51;115,52;0,06;0,05
8,746;3,419;1,156;1,94E-4;193,54;115,63;0,06;0,05
8,747;3,417;1,155;1,93E-4;193,50;115,51;0,06;0,05
8,748;3,418;1,155;1,94E-4;193,51;115,53;0,06;0,05
8,749;3,417;1,155;1,93E-4;193,49;115,47;0,06;0,05
8,750;3,418;1,155;1,94E-4;193,50;115,48;0,06;0,05
8,751;3,417;1,154;1,93E-4;193,47;115,40;0,06;0,05
8,752;3,419;1,156;1,94E-4;193,55;115,61;0,06;0,05
8,753;3,419;1,156;1,94E-4;193,54;115,62;0,06;0,05
8,754;3,419;1,156;1,94E-4;193,54;115,57;0,06;0,05
8,755;3,418;1,155;1,94E-4;193,51;115,52;0,06;0,05
8,756;3,419;1,156;1,94E-4;193,54;115,60;0,06;0,05
8,757;3,419;1,156;1,94E-4;193,54;115,58;0,06;0,05
8,758;3,419;1,156;1,94E-4;193,56;115,64;0,06;0,05
8,759;3,419;1,156;1,94E-4;193,54;115,55;0,06;0,05
8,760;3,417;1,154;1,93E-4;193,49;115,38;0,06;0,05
8,761;3,419;1,155;1,94E-4;193,54;115,50;0,06;0,05
8,762;3,419;1,155;1,94E-4;193,54;115,54;0,06;0,05
8,763;3,418;1,155;1,94E-4;193,53;115,46;0,06;0,05
8,764;3,418;1,155;1,94E-4;193,51;115,46;0,06;0,05
8,765;3,419;1,156;1,94E-4;193,56;115,57;0,06;0,05
8,766;3,418;1,155;1,94E-4;193,53;115,45;0,06;0,05
8,767;3,420;1,156;1,94E-4;193,59;115,62;0,06;0,05
8,768;3,420;1,156;1,94E-4;193,58;115,57;0,06;0,05
8,769;3,419;1,155;1,94E-4;193,56;115,53;0,06;0,05
8,770;3,420;1,156;1,94E-4;193,58;115,56;0,06;0,05
8,771;3,419;1,155;1,94E-4;193,56;115,49;0,06;0,05
8,772;3,421;1,156;1,94E-4;193,60;115,57;0,06;0,05
8,773;3,418;1,153;1,94E-4;193,52;115,35;0,06;0,05
8,774;3,419;1,155;1,94E-4;193,55;115,45;0,06;0,05
8,775;3,420;1,155;1,94E-4;193,59;115,52;0,06;0,05
8,776;3,420;1,155;1,94E-4;193,59;115,53;0,06;0,05
8,777;3,420;1,155;1,94E-4;193,59;115,50;0,06;0,05
8,778;3,420;1,154;1,94E-4;193,57;115,43;0,06;0,05
8,779;3,419;1,154;1,94E-4;193,55;115,37;0,06;0,05
8,780;3,420;1,155;1,94E-4;193,58;115,46;0,06;0,05
8,781;3,420;1,154;1,94E-4;193,58;115,41;0,06;0,05
8,782;3,422;1,156;1,94E-4;193,64;115,64;0,06;0,05
8,783;3,421;1,155;1,94E-4;193,60;115,50;0,06;0,05
8,784;3,421;1,155;1,94E-4;193,60;115,51;0,06;0,05
8,785;3,419;1,154;1,94E-4;193,56;115,38;0,06;0,05
8,786;3,422;1,156;1,94E-4;193,64;115,59;0,06;0,05
8,787;3,423;1,157;1,94E-4;193,68;115,70;0,06;0,05
8,788;3,422;1,156;1,94E-4;193,66;115,59;0,06;0,05
8,789;3,422;1,156;1,94E-4;193,65;115,57;0,06;0,05
8,790;3,421;1,155;1,94E-4;193,63;115,51;0,06;0,05
8,791;3,422;1,156;1,94E-4;193,65;115,58;0,06;0,05
8,792;3,421;1,155;1,94E-4;193,62;115,49;0,06;0,05
8,793;3,422;1,155;1,94E-4;193,63;115,52;0,06;0,05
8,794;3,422;1,155;1,94E-4;193,64;115,52;0,06;0,05
8,795;3,422;1,155;1,94E-4;193,66;115,55;0,06;0,05
8,796;3,422;1,155;1,94E-4;193,64;115,48;0,06;0,05
8,797;3,422;1,156;1,94E-4;193,65;115,55;0,06;0,05
8,798;3,423;1,156;1,94E-4;193,68;115,60;0,06;0,05
8,799;3,422;1,155;1,94E-4;193,65;115,53;0,06;0,05
8,800;3,423;1,155;1,94E-4;193,66;115,54;0,06;0,05
8,801;3,423;1,156;1,94E-4;193,68;115,56;0,06;0,05
8,802;3,423;1,155;1,94E-4;193,67;115,52;0,06;0,05
8,803;3,423;1,155;1,94E-4;193,67;115,51;0,06;0,05
8,804;3,423;1,155;1,94E-4;193,68;115,53;0,06;0,05
8,805;3,424;1,156;1,94E-4;193,70;115,60;0,06;0,05
8,806;3,423;1,155;1,94E-4;193,67;115,53;0,06;0,05
8,807;3,423;1,155;1,94E-4;193,69;115,54;0,06;0,05
8,808;3,424;1,156;1,94E-4;193,71;115,62;0,06;0,05
8,809;3,423;1,155;1,94E-4;193,68;115,51;0,06;0,05
8,810;3,424;1,156;1,94E-4;193,70;115,57;0,06;0,05
8,811;3,423;1,155;1,94E-4;193,66;115,47;0,06;0,05
8,812;3,423;1,154;1,94E-4;193,67;115,44;0,06;0,05
8,813;3,423;1,155;1,94E-4;193,69;115,49;0,06;0,05
8,814;3,424;1,155;1,94E-4;193,70;115,52;0,06;0,05
8,815;3,423;1,155;1,94E-4;193,68;115,50;0,06;0,05
8,816;3,424;1,155;1,94E-4;193,71;115,54;0,06;0,05
8,817;3,423;1,154;1,94E-4;193,67;115,42;0,06;0,05
8,818;3,423;1,154;1,94E-4;193,67;115,41;0,06;0,05
8,819;3,424;1,155;1,94E-4;193,70;115,48;0,06;0,05
8,820;3,425;1,156;1,94E-4;193,74;115,60;0,06;0,05
8,821;3,424;1,155;1,94E-4;193,71;115,45;0,06;0,05
8,822;3,424;1,155;1,94E-4;193,72;115,49;0,06;0,05
8,823;3,424;1,155;1,94E-4;193,71;115,45;0,06;0,05
8,824;3,425;1,156;1,94E-4;193,76;115,59;0,06;0,05
8,825;3,425;1,155;1,94E-4;193,73;115,46;0,06;0,05
8,826;3,424;1,154;1,94E-4;193,71;115,44;0,06;0,05
8,827;3,425;1,155;1,94E-4;193,75;115,53;0,06;0,05
8,828;3,424;1,155;1,94E-4;193,73;115,48;0,06;0,05
8,829;3,424;1,154;1,94E-4;193,73;115,45;0,06;0,05
8,830;3,425;1,155;1,94E-4;193,74;115,52;0,06;0,05
8,831;3,425;1,155;1,94E-4;193,75;115,53;0,06;0,05
8,832;3,427;1,157;1,94E-4;193,80;115,67;0,06;0,05
8,833;3,426;1,156;1,94E-4;193,78;115,62;0,06;0,05
8,834;3,425;1,155;1,94E-4;193,74;115,48;0,06;0,05
8,835;3,426;1,156;1,94E-4;193,78;115,56;0,06;0,05
8,836;3,425;1,155;1,94E-4;193,75;115,47;0,06;0,05
8,837;3,425;1,154;1,94E-4;193,75;115,45;0,06;0,05
8,838;3,426;1,155;1,94E-4;193,77;115,51;0,06;0,05
8,839;3,425;1,154;1,94E-4;193,76;115,42;0,06;0,05
8,840;3,425;1,154;1,94E-4;193,76;115,43;0,06;0,05
8,841;3,427;1,156;1,94E-4;193,80;115,56;0,06;0,05
8,842;3,426;1,155;1,94E-4;193,79;115,50;0,06;0,05
8,843;3,427;1,156;1,94E-4;193,82;115,64;0,06;0,05
8,844;3,427;1,156;1,94E-4;193,81;115,59;0,06;0,05
8,845;3,426;1,155;1,94E-4;193,78;115,49;0,06;0,05
8,846;3,426;1,155;1,94E-4;193,78;115,48;0,06;0,05
8,847;3,426;1,155;1,94E-4;193,79;115,47;0,06;0,05
8,848;3,427;1,155;1,94E-4;193,81;115,50;0,06;0,05
8,849;3,427;1,155;1,94E-4;193,81;115,48;0,06;0,05
8,850;3,427;1,155;1,94E-4;193,81;115,49;0,06;0,05
8,851;3,427;1,155;1,94E-4;193,81;115,51;0,06;0,05
8,852;3,427;1,154;1,94E-4;193,79;115,45;0,06;0,05
8,853;3,428;1,156;1,94E-4;193,83;115,56;0,06;0,05
8,854;3,427;1,155;1,94E-4;193,81;115,48;0,06;0,05
8,855;3,428;1,155;1,94E-4;193,84;115,52;0,06;0,05
8,856;3,429;1,156;1,94E-4;193,86;115,62;0,06;0,05
8,857;3,428;1,155;1,94E-4;193,83;115,54;0,06;0,05
8,858;3,428;1,156;1,94E-4;193,85;115,56;0,06;0,05
8,859;3,429;1,156;1,94E-4;193,86;115,61;0,06;0,05
8,860;3,428;1,155;1,94E-4;193,83;115,49;0,06;0,05
8,861;3,428;1,155;1,94E-4;193,83;115,46;0,06;0,05
8,862;3,429;1,155;1,94E-4;193,86;115,54;0,06;0,05
8,863;3,429;1,156;1,94E-4;193,86;115,56;0,06;0,05
8,864;3,428;1,155;1,94E-4;193,83;115,46;0,06;0,05
8,865;3,429;1,155;1,94E-4;193,86;115,54;0,06;0,05
8,866;3,429;1,155;1,94E-4;193,86;115,53;0,06;0,05
8,867;3,429;1,156;1,94E-4;193,88;115,55;0,06;0,05
8,868;3,428;1,154;1,94E-4;193,83;115,45;0,06;0,05
8,869;3,429;1,156;1,94E-4;193,89;115,56;0,06;0,05
8,870;3,428;1,155;1,94E-4;193,85;115,49;0,06;0,05
8,871;3,429;1,156;1,94E-4;193,88;115,55;0,06;0,05
8,872;3,430;1,156;1,94E-4;193,89;115,58;0,06;0,05
8,873;3,429;1,155;1,94E-4;193,89;115,54;0,06;0,05
8,874;3,429;1,155;1,94E-4;193,87;115,47;0,06;0,05
8,875;3,428;1,153;1,94E-4;193,83;115,34;0,06;0,05
8,876;3,428;1,154;1,94E-4;193,84;115,36;0,06;0,05
8,877;3,429;1,155;1,94E-4;193,88;115,48;0,06;0,05
8,878;3,430;1,156;1,94E-4;193,91;115,57;0,06;0,05
8,879;3,430;1,156;1,94E-4;193,91;115,60;0,06;0,05
8,880;3,430;1,156;1,94E-4;193,90;115,57;0,06;0,05
8,881;3,430;1,156;1,94E-4;193,91;115,56;0,06;0,05
8,882;3,430;1,155;1,94E-4;193,91;115,53;0,06;0,05
8,883;3,431;1,155;1,94E-4;193,93;115,54;0,06;0,05
8,884;3,430;1,155;1,94E-4;193,89;115,47;0,06;0,05
8,885;3,431;1,156;1,94E-4;193,94;115,61;0,06;0,05
8,886;3,430;1,155;1,94E-4;193,90;115,46;0,06;0,05
8,887;3,430;1,155;1,94E-4;193,91;115,45;0,06;0,05
8,888;3,429;1,153;1,94E-4;193,86;115,32;0,06;0,05
8,889;3,429;1,154;1,94E-4;193,87;115,36;0,06;0,05
8,890;3,430;1,154;1,94E-4;193,89;115,40;0,06;0,05
8,891;3,430;1,154;1,94E-4;193,91;115,43;0,06;0,05
8,892;3,431;1,155;1,94E-4;193,93;115,52;0,06;0,05
8,893;3,431;1,155;1,94E-4;193,93;115,51;0,06;0,05
8,894;3,431;1,155;1,94E-4;193,94;115,52;0,06;0,05
8,895;3,431;1,155;1,94E-4;193,92;115,48;0,06;0,05
8,896;3,431;1,154;1,94E-4;193,92;115,44;0,06;0,05
8,897;3,430;1,154;1,94E-4;193,91;115,44;0,06;0,05
8,898;3,430;1,154;1,94E-4;193,92;115,41;0,06;0,05
8,899;3,431;1,155;1,94E-4;193,93;115,47;0,06;0,05
8,900;3,431;1,155;1,94E-4;193,94;115,47;0,06;0,05
8,901;3,433;1,156;1,94E-4;193,98;115,59;0,06;0,05
8,902;3,432;1,155;1,94E-4;193,96;115,48;0,06;0,05
8,903;3,432;1,155;1,94E-4;193,97;115,55;0,06;0,05
8,904;3,432;1,155;1,94E-4;193,97;115,54;0,06;0,05
8,905;3,432;1,155;1,94E-4;193,97;115,53;0,06;0,05
8,906;3,432;1,155;1,94E-4;193,98;115,53;0,06;0,05
8,907;3,433;1,156;1,94E-4;194,01;115,60;0,06;0,05
8,908;3,433;1,156;1,94E-4;193,99;115,55;0,06;0,05
8,909;3,432;1,155;1,94E-4;193,97;115,47;0,06;0,05
8,910;3,432;1,155;1,94E-4;193,97;115,46;0,06;0,05
8,911;3,432;1,155;1,94E-4;193,98;115,50;0,06;0,05
8,912;3,433;1,155;1,94E-4;194,01;115,53;0,06;0,05
8,913;3,433;1,155;1,94E-4;194,00;115,53;0,06;0,05
8,914;3,433;1,155;1,94E-4;193,99;115,49;0,06;0,05
8,915;3,433;1,155;1,94E-4;193,99;115,49;0,06;0,05
8,916;3,433;1,154;1,94E-4;193,99;115,44;0,06;0,05
8,917;3,433;1,155;1,94E-4;194,00;115,49;0,06;0,05
8,918;3,433;1,155;1,94E-4;193,99;115,47;0,06;0,05
8,919;3,433;1,155;1,94E-4;194,01;115,53;0,06;0,05
8,920;3,435;1,156;1,94E-4;194,05;115,64;0,06;0,05
8,921;3,434;1,156;1,94E-4;194,03;115,57;0,06;0,05
8,922;3,433;1,155;1,94E-4;194,00;115,50;0,06;0,05
8,923;3,433;1,155;1,94E-4;194,01;115,46;0,06;0,05
8,924;3,434;1,155;1,94E-4;194,02;115,52;0,06;0,05
8,925;3,434;1,155;1,94E-4;194,02;115,51;0,06;0,05
8,926;3,433;1,154;1,94E-4;194,00;115,45;0,06;0,05
8,927;3,434;1,155;1,94E-4;194,03;115,53;0,06;0,05
8,928;3,432;1,154;1,94E-4;193,98;115,37;0,06;0,05
8,929;3,434;1,155;1,94E-4;194,02;115,45;0,06;0,05
8,930;3,434;1,155;1,94E-4;194,03;115,46;0,06;0,05
8,931;3,434;1,155;1,94E-4;194,03;115,46;0,06;0,05
8,932;3,435;1,156;1,94E-4;194,07;115,59;0,06;0,05
8,933;3,434;1,155;1,94E-4;194,04;115,53;0,06;0,05
8,934;3,434;1,155;1,94E-4;194,04;115,53;0,06;0,05
8,935;3,434;1,155;1,94E-4;194,04;115,46;0,06;0,05
8,936;3,435;1,156;1,94E-4;194,08;115,57;0,06;0,05
8,937;3,435;1,155;1,94E-4;194,08;115,53;0,06;0,05
8,938;3,435;1,155;1,94E-4;194,08;115,52;0,06;0,05
8,939;3,436;1,156;1,94E-4;194,10;115,60;0,06;0,05
8,940;3,435;1,155;1,94E-4;194,06;115,49;0,06;0,05
8,941;3,436;1,155;1,94E-4;194,09;115,53;0,06;0,05
8,942;3,435;1,155;1,94E-4;194,08;115,51;0,06;0,05
8,943;3,435;1,155;1,94E-4;194,08;115,46;0,06;0,05
8,944;3,435;1,154;1,94E-4;194,07;115,44;0,06;0,05
8,945;3,435;1,155;1,94E-4;194,07;115,46;0,06;0,05
8,946;3,436;1,155;1,94E-4;194,11;115,54;0,06;0,05
8,947;3,437;1,155;1,94E-4;194,12;115,51;0,06;0,05
8,948;3,436;1,155;1,94E-4;194,11;115,55;0,06;0,05
8,949;3,436;1,155;1,94E-4;194,10;115,46;0,06;0,05
8,950;3,435;1,154;1,94E-4;194,07;115,42;0,06;0,05
8,951;3,436;1,155;1,94E-4;194,09;115,46;0,06;0,05
8,952;3,435;1,154;1,94E-4;194,07;115,40;0,06;0,05
8,953;3,435;1,154;1,94E-4;194,08;115,39;0,06;0,05
8,954;3,437;1,156;1,94E-4;194,14;115,59;0,06;0,05
8,955;3,437;1,156;1,94E-4;194,14;115,59;0,06;0,05
8,956;3,438;1,156;1,94E-4;194,15;115,60;0,06;0,05
8,957;3,438;1,156;1,94E-4;194,15;115,60;0,06;0,05
8,958;3,438;1,156;1,94E-4;194,16;115,60;0,06;0,05
8,959;3,438;1,156;1,94E-4;194,15;115,65;0,06;0,05
8,960;3,438;1,155;1,94E-4;194,15;115,55;0,06;0,05
8,961;3,438;1,156;1,94E-4;194,16;115,60;0,06;0,05
8,962;3,438;1,156;1,94E-4;194,18;115,60;0,06;0,05
8,963;3,438;1,156;1,94E-4;194,16;115,57;0,06;0,05
8,964;3,438;1,155;1,94E-4;194,15;115,54;0,06;0,05
8,965;3,438;1,156;1,94E-4;194,16;115,56;0,06;0,05
8,966;3,438;1,156;1,94E-4;194,17;115,57;0,06;0,05
8,967;3,437;1,154;1,94E-4;194,12;115,42;0,06;0,05
8,968;3,439;1,156;1,94E-4;194,18;115,58;0,06;0,05
8,969;3,438;1,155;1,94E-4;194,16;115,48;0,06;0,05
8,970;3,438;1,155;1,94E-4;194,16;115,53;0,06;0,05
8,971;3,438;1,155;1,94E-4;194,16;115,48;0,06;0,05
8,972;3,437;1,154;1,94E-4;194,13;115,42;0,06;0,05
8,973;3,438;1,155;1,94E-4;194,18;115,52;0,06;0,05
8,974;3,439;1,156;1,94E-4;194,21;115,61;0,06;0,05
8,975;3,438;1,154;1,94E-4;194,15;115,42;0,06;0,05
8,976;3,438;1,155;1,94E-4;194,18;115,49;0,06;0,05
8,977;3,439;1,155;1,94E-4;194,19;115,47;0,06;0,05
8,978;3,439;1,155;1,94E-4;194,19;115,48;0,06;0,05
8,979;3,439;1,155;1,94E-4;194,19;115,49;0,06;0,05
8,980;3,439;1,155;1,94E-4;194,19;115,50;0,06;0,05
8,981;3,439;1,154;1,94E-4;194,18;115,44;0,06;0,05
8,982;3,439;1,155;1,94E-4;194,19;115,48;0,06;0,05
8,983;3,438;1,154;1,94E-4;194,17;115,37;0,06;0,05
8,984;3,439;1,155;1,94E-4;194,19;115,48;0,06;0,05
8,985;3,440;1,156;1,94E-4;194,24;115,60;0,06;0,05
8,986;3,441;1,156;1,94E-4;194,24;115,60;0,06;0,05
8,987;3,440;1,155;1,94E-4;194,22;115,51;0,06;0,05
8,988;3,440;1,155;1,94E-4;194,23;115,53;0,06;0,05
8,989;3,440;1,155;1,94E-4;194,22;115,47;0,06;0,05
8,990;3,439;1,154;1,94E-4;194,20;115,42;0,06;0,05
8,991;3,440;1,155;1,94E-4;194,21;115,47;0,06;0,05
8,992;3,440;1,155;1,94E-4;194,23;115,54;0,06;0,05
8,993;3,440;1,155;1,94E-4;194,23;115,45;0,06;0,05
8,994;3,441;1,155;1,94E-4;194,25;115,54;0,06;0,05
8,995;3,441;1,156;1,94E-4;194,27;115,58;0,06;0,05
8,996;3,440;1,155;1,94E-4;194,24;115,48;0,06;0,05
8,997;3,440;1,154;1,94E-4;194,23;115,43;0,06;0,05
8,998;3,440;1,154;1,94E-4;194,24;115,44;0,06;0,05
8,999;3,441;1,155;1,94E-4;194,25;115,47;0,06;0,05
9,000;3,441;1,155;1,94E-4;194,25;115,45;0,06;0,05
9,001;3,441;1,155;1,94E-4;194,27;115,49;0,06;0,05
9,002;3,441;1,154;1,94E-4;194,25;115,43;0,06;0,05
9,003;3,441;1,155;1,94E-4;194,27;115,53;0,06;0,05
9,004;3,441;1,154;1,94E-4;194,25;115,44;0,06;0,05
9,005;3,440;1,153;1,94E-4;194,22;115,33;0,06;0,05
9,006;3,441;1,154;1,94E-4;194,24;115,42;0,06;0,05
9,007;3,442;1,155;1,94E-4;194,28;115,49;0,06;0,05
9,008;3,441;1,155;1,94E-4;194,27;115,45;0,06;0,05
9,009;3,442;1,155;1,94E-4;194,30;115,54;0,06;0,05
9,010;3,442;1,155;1,94E-4;194,30;115,51;0,06;0,05
9,011;3,442;1,155;1,94E-4;194,30;115,50;0,06;0,05
9,012;3,442;1,155;1,94E-4;194,30;115,49;0,06;0,05
9,013;3,442;1,154;1,94E-4;194,28;115,38;0,06;0,05
9,014;3,442;1,154;1,94E-4;194,29;115,44;0,06;0,05
9,015;3,442;1,154;1,94E-4;194,29;115,44;0,06;0,05
9,016;3,442;1,154;1,94E-4;194,29;115,42;0,06;0,05
9,017;3,443;1,155;1,94E-4;194,33;115,53;0,06;0,05
9,018;3,443;1,155;1,94E-4;194,31;115,48;0,06;0,05
9,019;3,443;1,155;1,94E-4;194,31;115,49;0,06;0,05
9,020;3,442;1,154;1,94E-4;194,28;115,38;0,06;0,05
9,021;3,441;1,153;1,94E-4;194,27;115,31;0,06;0,05
9,022;3,442;1,154;1,94E-4;194,30;115,41;0,06;0,05
9,023;3,442;1,154;1,94E-4;194,29;115,40;0,06;0,05
9,024;3,444;1,155;1,94E-4;194,34;115,55;0,06;0,05
9,025;3,444;1,156;1,94E-4;194,36;115,58;0,06;0,05
9,026;3,444;1,155;1,94E-4;194,35;115,53;0,06;0,05
9,027;3,444;1,155;1,94E-4;194,35;115,52;0,06;0,05
9,028;3,443;1,155;1,94E-4;194,34;115,51;0,06;0,05
9,029;3,444;1,155;1,94E-4;194,35;115,54;0,06;0,05
9,030;3,444;1,155;1,94E-4;194,35;115,51;0,06;0,05
9,031;3,444;1,155;1,94E-4;194,36;115,51;0,06;0,05
9,032;3,444;1,155;1,94E-4;194,35;115,48;0,06;0,05
9,033;3,445;1,156;1,94E-4;194,38;115,56;0,06;0,05
9,034;3,445;1,155;1,94E-4;194,37;115,54;0,06;0,05
9,035;3,444;1,155;1,94E-4;194,36;115,47;0,06;0,05
9,036;3,444;1,154;1,94E-4;194,36;115,44;0,06;0,05
9,037;3,444;1,154;1,94E-4;194,35;115,41;0,06;0,05
9,038;3,445;1,155;1,94E-4;194,38;115,50;0,06;0,05
9,039;3,445;1,155;1,94E-4;194,38;115,53;0,06;0,05
9,040;3,444;1,155;1,94E-4;194,36;115,46;0,06;0,05
9,041;3,445;1,155;1,94E-4;194,38;115,50;0,06;0,05
9,042;3,445;1,155;1,94E-4;194,39;115,53;0,06;0,05
9,043;3,445;1,155;1,94E-4;194,38;115,46;0,06;0,05
9,044;3,445;1,155;1,94E-4;194,37;115,48;0,06;0,05
9,045;3,445;1,155;1,94E-4;194,40;115,51;0,06;0,05
9,046;3,446;1,155;1,94E-4;194,40;115,54;0,06;0,05
9,047;3,444;1,154;1,94E-4;194,37;115,40;0,06;0,05
9,048;3,444;1,153;1,94E-4;194,36;115,35;0,06;0,05
9,049;3,445;1,155;1,94E-4;194,39;115,47;0,06;0,05
9,050;3,444;1,153;1,94E-4;194,35;115,33;0,06;0,05
9,051;3,444;1,153;1,94E-4;194,35;115,35;0,06;0,05
9,052;3,444;1,153;1,94E-4;194,35;115,31;0,06;0,05
9,053;3,445;1,154;1,94E-4;194,39;115,42;0,06;0,05
9,054;3,445;1,154;1,94E-4;194,38;115,42;0,06;0,05
9,055;3,445;1,154;1,94E-4;194,37;115,36;0,06;0,05
9,056;3,446;1,154;1,94E-4;194,41;115,43;0,06;0,05
9,057;3,446;1,154;1,94E-4;194,42;115,41;0,06;0,05
9,058;3,446;1,154;1,94E-4;194,42;115,43;0,06;0,05
9,059;3,446;1,155;1,94E-4;194,42;115,45;0,06;0,05
9,060;3,447;1,155;1,94E-4;194,44;115,52;0,06;0,05
9,061;3,447;1,155;1,94E-4;194,44;115,52;0,06;0,05
9,062;3,446;1,154;1,94E-4;194,42;115,44;0,06;0,05
9,063;3,447;1,155;1,94E-4;194,44;115,48;0,06;0,05
9,064;3,447;1,154;1,94E-4;194,44;115,42;0,06;0,05
9,065;3,447;1,154;1,94E-4;194,44;115,42;0,06;0,05
9,066;3,447;1,155;1,94E-4;194,46;115,53;0,06;0,05
9,067;3,447;1,155;1,94E-4;194,46;115,51;0,06;0,05
9,068;3,448;1,156;1,94E-4;194,48;115,56;0,06;0,05
9,069;3,447;1,154;1,94E-4;194,44;115,40;0,06;0,05
9,070;3,447;1,154;1,94E-4;194,44;115,38;0,06;0,05
9,071;3,447;1,154;1,94E-4;194,45;115,40;0,06;0,05
9,072;3,448;1,155;1,94E-4;194,47;115,46;0,06;0,05
9,073;3,447;1,154;1,94E-4;194,46;115,45;0,06;0,05
9,074;3,448;1,155;1,94E-4;194,49;115,50;0,06;0,05
9,075;3,448;1,155;1,94E-4;194,49;115,52;0,06;0,05
9,076;3,448;1,155;1,94E-4;194,49;115,51;0,06;0,05
9,077;3,448;1,154;1,94E-4;194,47;115,43;0,06;0,05
9,078;3,448;1,154;1,94E-4;194,47;115,38;0,06;0,05
9,079;3,449;1,155;1,94E-4;194,50;115,51;0,06;0,05
9,080;3,448;1,155;1,94E-4;194,49;115,48;0,06;0,05
9,081;3,448;1,154;1,94E-4;194,48;115,45;0,06;0,05
9,082;3,448;1,154;1,94E-4;194,48;115,37;0,06;0,05
9,083;3,448;1,154;1,94E-4;194,50;115,41;0,06;0,05
9,084;3,449;1,154;1,95E-4;194,50;115,45;0,06;0,05
9,085;3,449;1,154;1,95E-4;194,50;115,43;0,06;0,05
9,086;3,449;1,154;1,95E-4;194,52;115,42;0,06;0,05
9,087;3,449;1,154;1,95E-4;194,51;115,40;0,06;0,05
9,088;3,449;1,155;1,95E-4;194,52;115,48;0,06;0,05
9,089;3,450;1,156;1,95E-4;194,55;115,55;0,06;0,05
9,090;3,449;1,154;1,95E-4;194,51;115,43;0,06;0,05
9,091;3,450;1,155;1,95E-4;194,53;115,47;0,06;0,05
9,092;3,448;1,153;1,94E-4;194,49;115,34;0,06;0,05
9,093;3,449;1,154;1,95E-4;194,51;115,40;0,06;0,05
9,094;3,449;1,154;1,95E-4;194,53;115,43;0,06;0,05
9,095;3,449;1,154;1,95E-4;194,52;115,42;0,06;0,05
9,096;3,451;1,155;1,95E-4;194,57;115,50;0,06;0,05
9,097;3,451;1,156;1,95E-4;194,58;115,58;0,06;0,05
9,098;3,450;1,155;1,95E-4;194,55;115,46;0,06;0,05
9,099;3,450;1,154;1,95E-4;194,54;115,38;0,06;0,05
9,100;3,450;1,153;1,95E-4;194,53;115,34;0,06;0,05
9,101;3,449;1,153;1,95E-4;194,53;115,33;0,06;0,05
9,102;3,449;1,153;1,95E-4;194,52;115,33;0,06;0,05
9,103;3,449;1,153;1,95E-4;194,52;115,33;0,06;0,05
9,104;3,450;1,154;1,95E-4;194,55;115,41;0,06;0,05
9,105;3,450;1,154;1,95E-4;194,55;115,35;0,06;0,05
9,106;3,448;1,152;1,94E-4;194,48;115,16;0,06;0,05
9,107;3,449;1,153;1,95E-4;194,52;115,28;0,06;0,05
9,108;3,450;1,154;1,95E-4;194,56;115,39;0,06;0,05
9,109;3,452;1,155;1,95E-4;194,60;115,50;0,06;0,05
9,110;3,450;1,153;1,95E-4;194,54;115,33;0,06;0,05
9,111;3,450;1,154;1,95E-4;194,55;115,35;0,06;0,05
9,112;3,450;1,153;1,95E-4;194,54;115,31;0,06;0,05
9,113;3,450;1,153;1,95E-4;194,53;115,25;0,06;0,05
9,114;3,451;1,154;1,95E-4;194,57;115,37;0,06;0,05
9,115;3,452;1,155;1,95E-4;194,61;115,45;0,06;0,05
9,116;3,452;1,155;1,95E-4;194,63;115,51;0,06;0,05
9,117;3,452;1,155;1,95E-4;194,61;115,45;0,06;0,05
9,118;3,452;1,154;1,95E-4;194,61;115,43;0,06;0,05
9,119;3,452;1,154;1,95E-4;194,61;115,42;0,06;0,05
9,120;3,452;1,154;1,95E-4;194,61;115,38;0,06;0,05
9,121;3,452;1,154;1,95E-4;194,61;115,40;0,06;0,05
9,122;3,452;1,154;1,95E-4;194,62;115,44;0,06;0,05
9,123;3,453;1,155;1,95E-4;194,63;115,48;0,06;0,05
9,124;3,452;1,154;1,95E-4;194,62;115,40;0,06;0,05
9,125;3,452;1,154;1,95E-4;194,60;115,36;0,06;0,05
9,126;3,453;1,154;1,95E-4;194,63;115,40;0,06;0,05
9,127;3,452;1,154;1,95E-4;194,62;115,40;0,06;0,05
9,128;3,452;1,153;1,95E-4;194,60;115,31;0,06;0,05
9,129;3,453;1,155;1,95E-4;194,66;115,49;0,06;0,05
9,130;3,453;1,154;1,95E-4;194,64;115,41;0,06;0,05
9,131;3,452;1,153;1,95E-4;194,60;115,30;0,06;0,05
9,132;3,453;1,154;1,95E-4;194,63;115,37;0,06;0,05
9,133;3,454;1,154;1,95E-4;194,66;115,43;0,06;0,05
9,134;3,454;1,154;1,95E-4;194,67;115,40;0,06;0,05
9,135;3,454;1,154;1,95E-4;194,66;115,43;0,06;0,05
9,136;3,454;1,154;1,95E-4;194,66;115,42;0,06;0,05
9,137;3,454;1,154;1,95E-4;194,68;115,45;0,06;0,05
9,138;3,453;1,154;1,95E-4;194,65;115,37;0,06;0,05
9,139;3,454;1,154;1,95E-4;194,67;115,41;0,06;0,05
9,140;3,454;1,154;1,95E-4;194,66;115,39;0,06;0,05
9,141;3,454;1,154;1,95E-4;194,66;115,36;0,06;0,05
9,142;3,453;1,153;1,95E-4;194,64;115,32;0,06;0,05
9,143;3,454;1,154;1,95E-4;194,69;115,40;0,06;0,05
9,144;3,456;1,155;1,95E-4;194,73;115,53;0,06;0,05
9,145;3,454;1,153;1,95E-4;194,67;115,34;0,06;0,05
9,146;3,454;1,153;1,95E-4;194,66;115,26;0,06;0,05
9,147;3,455;1,154;1,95E-4;194,69;115,37;0,06;0,05
9,148;3,454;1,154;1,95E-4;194,69;115,36;0,06;0,05
9,149;3,455;1,155;1,95E-4;194,72;115,45;0,06;0,05
9,150;3,455;1,153;1,95E-4;194,70;115,34;0,06;0,05
9,151;3,454;1,153;1,95E-4;194,67;115,26;0,06;0,05
9,152;3,455;1,154;1,95E-4;194,72;115,43;0,06;0,05
9,153;3,455;1,154;1,95E-4;194,69;115,37;0,06;0,05
9,154;3,456;1,155;1,95E-4;194,73;115,45;0,06;0,05
9,155;3,456;1,154;1,95E-4;194,73;115,38;0,06;0,05
9,156;3,456;1,154;1,95E-4;194,74;115,43;0,06;0,05
9,157;3,455;1,154;1,95E-4;194,72;115,36;0,06;0,05
9,158;3,456;1,154;1,95E-4;194,73;115,39;0,06;0,05
9,159;3,457;1,155;1,95E-4;194,78;115,49;0,06;0,05
9,160;3,457;1,154;1,95E-4;194,76;115,43;0,06;0,05
9,161;3,456;1,153;1,95E-4;194,73;115,34;0,06;0,05
9,162;3,457;1,154;1,95E-4;194,76;115,39;0,06;0,05
9,163;3,457;1,154;1,95E-4;194,77;115,44;0,06;0,05
9,164;3,456;1,154;1,95E-4;194,75;115,37;0,06;0,05
9,165;3,456;1,153;1,95E-4;194,72;115,27;0,06;0,05
9,166;3,456;1,154;1,95E-4;194,75;115,38;0,06;0,05
9,167;3,457;1,154;1,95E-4;194,77;115,39;0,06;0,05
9,168;3,458;1,155;1,95E-4;194,80;115,48;0,06;0,05
9,169;3,456;1,153;1,95E-4;194,75;115,34;0,06;0,05
9,170;3,457;1,154;1,95E-4;194,76;115,36;0,06;0,05
9,171;3,456;1,153;1,95E-4;194,75;115,33;0,06;0,05
9,172;3,457;1,154;1,95E-4;194,78;115,39;0,06;0,05
9,173;3,457;1,153;1,95E-4;194,76;115,27;0,06;0,05
9,174;3,458;1,154;1,95E-4;194,80;115,43;0,06;0,05
9,175;3,456;1,152;1,95E-4;194,73;115,16;0,06;0,05
9,176;3,457;1,153;1,95E-4;194,78;115,35;0,06;0,05
9,177;3,457;1,153;1,95E-4;194,77;115,34;0,06;0,05
9,178;3,456;1,152;1,95E-4;194,74;115,20;0,06;0,05
9,179;3,458;1,153;1,95E-4;194,79;115,34;0,06;0,05
9,180;3,459;1,154;1,95E-4;194,83;115,43;0,06;0,05
9,181;3,457;1,153;1,95E-4;194,78;115,29;0,06;0,05
9,182;3,458;1,153;1,95E-4;194,79;115,33;0,06;0,05
9,183;3,460;1,155;1,95E-4;194,85;115,46;0,06;0,05
9,184;3,460;1,155;1,95E-4;194,86;115,51;0,06;0,05
9,185;3,459;1,155;1,95E-4;194,84;115,46;0,06;0,05
9,186;3,459;1,154;1,95E-4;194,83;115,40;0,06;0,05
9,187;3,458;1,153;1,95E-4;194,80;115,34;0,06;0,05
9,188;3,458;1,153;1,95E-4;194,79;115,26;0,06;0,05
9,189;3,460;1,155;1,95E-4;194,85;115,46;0,06;0,05
9,190;3,459;1,153;1,95E-4;194,83;115,34;0,06;0,05
9,191;3,459;1,154;1,95E-4;194,83;115,37;0,06;0,05
9,192;3,459;1,154;1,95E-4;194,83;115,37;0,06;0,05
9,193;3,458;1,152;1,95E-4;194,80;115,21;0,06;0,05
9,194;3,458;1,152;1,95E-4;194,80;115,24;0,06;0,05
9,195;3,459;1,154;1,95E-4;194,85;115,39;0,06;0,05
9,196;3,460;1,155;1,95E-4;194,87;115,46;0,06;0,05
9,197;3,459;1,154;1,95E-4;194,85;115,38;0,06;0,05
9,198;3,459;1,153;1,95E-4;194,83;115,28;0,06;0,05
9,199;3,459;1,153;1,95E-4;194,83;115,29;0,06;0,05
9,200;3,459;1,153;1,95E-4;194,84;115,29;0,06;0,05
9,201;3,459;1,153;1,95E-4;194,82;115,26;0,06;0,05
9,202;3,460;1,153;1,95E-4;194,86;115,34;0,06;0,05
9,203;3,460;1,153;1,95E-4;194,87;115,35;0,06;0,05
9,204;3,460;1,154;1,95E-4;194,88;115,38;0,06;0,05
9,205;3,459;1,152;1,95E-4;194,83;115,22;0,06;0,05
9,206;3,460;1,153;1,95E-4;194,87;115,33;0,06;0,05
9,207;3,461;1,154;1,95E-4;194,89;115,38;0,06;0,05
9,208;3,460;1,153;1,95E-4;194,88;115,34;0,06;0,05
9,209;3,460;1,153;1,95E-4;194,87;115,30;0,06;0,05
9,210;3,460;1,153;1,95E-4;194,87;115,28;0,06;0,05
9,211;3,460;1,153;1,95E-4;194,86;115,26;0,06;0,05
9,212;3,460;1,153;1,95E-4;194,86;115,28;0,06;0,05
9,213;3,461;1,154;1,95E-4;194,91;115,42;0,06;0,05
9,214;3,461;1,153;1,95E-4;194,89;115,34;0,06;0,05
9,215;3,462;1,154;1,95E-4;194,92;115,42;0,06;0,05
9,216;3,462;1,154;1,95E-4;194,92;115,39;0,06;0,05
9,217;3,462;1,155;1,95E-4;194,94;115,45;0,06;0,05
9,218;3,462;1,154;1,95E-4;194,92;115,40;0,06;0,05
9,219;3,462;1,154;1,95E-4;194,94;115,41;0,06;0,05
9,220;3,462;1,154;1,95E-4;194,92;115,37;0,06;0,05
9,221;3,461;1,153;1,95E-4;194,90;115,28;0,06;0,05
9,222;3,461;1,153;1,95E-4;194,90;115,26;0,06;0,05
9,223;3,462;1,153;1,95E-4;194,95;115,34;0,06;0,05
9,224;3,462;1,153;1,95E-4;194,92;115,32;0,06;0,05
9,225;3,462;1,153;1,95E-4;194,91;115,32;0,06;0,05
9,226;3,462;1,153;1,95E-4;194,94;115,34;0,06;0,05
9,227;3,463;1,154;1,95E-4;194,96;115,43;0,06;0,05
9,228;3,463;1,153;1,95E-4;194,96;115,33;0,06;0,05
9,229;3,462;1,153;1,95E-4;194,95;115,34;0,06;0,05
9,230;3,463;1,153;1,95E-4;194,95;115,35;0,06;0,05
9,231;3,462;1,153;1,95E-4;194,95;115,31;0,06;0,05
9,232;3,463;1,153;1,95E-4;194,97;115,35;0,06;0,05
9,233;3,462;1,153;1,95E-4;194,93;115,26;0,06;0,05
9,234;3,463;1,154;1,95E-4;194,98;115,38;0,06;0,05
9,235;3,463;1,154;1,95E-4;194,97;115,35;0,06;0,05
9,236;3,464;1,154;1,95E-4;194,98;115,39;0,06;0,05
9,237;3,463;1,154;1,95E-4;194,98;115,39;0,06;0,05
9,238;3,464;1,154;1,95E-4;194,98;115,36;0,06;0,05
9,239;3,463;1,153;1,95E-4;194,95;115,28;0,06;0,05
9,240;3,463;1,153;1,95E-4;194,95;115,28;0,06;0,05
9,241;3,463;1,152;1,95E-4;194,95;115,22;0,06;0,05
9,242;3,462;1,152;1,95E-4;194,94;115,16;0,06;0,05
9,243;3,464;1,154;1,95E-4;195,00;115,36;0,06;0,05
9,244;3,463;1,152;1,95E-4;194,97;115,23;0,06;0,05
9,245;3,464;1,153;1,95E-4;195,00;115,34;0,06;0,05
9,246;3,464;1,153;1,95E-4;195,01;115,35;0,06;0,05
9,247;3,465;1,154;1,95E-4;195,02;115,38;0,06;0,05
9,248;3,465;1,153;1,95E-4;195,02;115,35;0,06;0,05
9,249;3,464;1,152;1,95E-4;194,98;115,22;0,06;0,05
9,250;3,463;1,152;1,95E-4;194,97;115,19;0,06;0,05
9,251;3,464;1,152;1,95E-4;194,98;115,22;0,06;0,05
9,252;3,466;1,154;1,95E-4;195,05;115,43;0,06;0,05
9,253;3,466;1,154;1,95E-4;195,05;115,41;0,06;0,05
9,254;3,465;1,153;1,95E-4;195,03;115,32;0,06;0,05
9,255;3,464;1,152;1,95E-4;195,00;115,23;0,06;0,05
9,256;3,464;1,153;1,95E-4;195,01;115,29;0,06;0,05
9,257;3,465;1,153;1,95E-4;195,03;115,32;0,06;0,05
9,258;3,465;1,153;1,95E-4;195,03;115,30;0,06;0,05
9,259;3,465;1,153;1,95E-4;195,03;115,28;0,06;0,05
9,260;3,465;1,152;1,95E-4;195,01;115,23;0,06;0,05
9,261;3,465;1,153;1,95E-4;195,03;115,28;0,06;0,05
9,262;3,465;1,152;1,95E-4;195,03;115,25;0,06;0,05
9,263;3,465;1,152;1,95E-4;195,02;115,23;0,06;0,05
9,264;3,464;1,152;1,95E-4;195,00;115,22;0,06;0,05
9,265;3,465;1,153;1,95E-4;195,03;115,28;0,06;0,05
9,266;3,466;1,153;1,95E-4;195,05;115,29;0,06;0,05
9,267;3,466;1,154;1,95E-4;195,07;115,37;0,06;0,05
9,268;3,466;1,153;1,95E-4;195,05;115,32;0,06;0,05
9,269;3,466;1,153;1,95E-4;195,04;115,25;0,06;0,05
9,270;3,466;1,153;1,95E-4;195,07;115,33;0,06;0,05
9,271;3,467;1,153;1,95E-4;195,08;115,35;0,06;0,05
9,272;3,466;1,153;1,95E-4;195,07;115,29;0,06;0,05
9,273;3,466;1,152;1,95E-4;195,05;115,23;0,06;0,05
9,274;3,467;1,153;1,95E-4;195,09;115,31;0,06;0,05
9,275;3,467;1,154;1,95E-4;195,11;115,38;0,06;0,05
9,276;3,467;1,153;1,95E-4;195,10;115,34;0,06;0,05
9,277;3,467;1,153;1,95E-4;195,09;115,31;0,06;0,05
9,278;3,467;1,154;1,95E-4;195,10;115,36;0,06;0,05
9,279;3,468;1,154;1,95E-4;195,12;115,36;0,06;0,05
9,280;3,467;1,153;1,95E-4;195,09;115,26;0,06;0,05
9,281;3,467;1,152;1,95E-4;195,08;115,22;0,06;0,05
9,282;3,467;1,153;1,95E-4;195,10;115,32;0,06;0,05
9,283;3,467;1,153;1,95E-4;195,10;115,29;0,06;0,05
9,284;3,469;1,154;1,95E-4;195,14;115,41;0,06;0,05
9,285;3,468;1,154;1,95E-4;195,13;115,37;0,06;0,05
9,286;3,468;1,153;1,95E-4;195,11;115,30;0,06;0,05
9,287;3,466;1,152;1,95E-4;195,07;115,15;0,06;0,05
9,288;3,467;1,152;1,95E-4;195,10;115,25;0,06;0,05
9,289;3,467;1,152;1,95E-4;195,08;115,17;0,06;0,05
9,290;3,468;1,153;1,95E-4;195,13;115,34;0,06;0,05
9,291;3,468;1,154;1,95E-4;195,14;115,36;0,06;0,05
9,292;3,469;1,154;1,95E-4;195,17;115,44;0,06;0,05
9,293;3,469;1,154;1,95E-4;195,17;115,42;0,06;0,05
9,294;3,469;1,153;1,95E-4;195,14;115,28;0,06;0,05
9,295;3,468;1,153;1,95E-4;195,13;115,26;0,06;0,05
9,296;3,468;1,152;1,95E-4;195,12;115,20;0,06;0,05
9,297;3,469;1,154;1,95E-4;195,16;115,37;0,06;0,05
9,298;3,470;1,154;1,95E-4;195,18;115,36;0,06;0,05
9,299;3,469;1,153;1,95E-4;195,16;115,33;0,06;0,05
9,300;3,470;1,154;1,95E-4;195,19;115,36;0,06;0,05
9,301;3,469;1,153;1,95E-4;195,16;115,31;0,06;0,05
9,302;3,469;1,152;1,95E-4;195,14;115,24;0,06;0,05
9,303;3,469;1,153;1,95E-4;195,14;115,26;0,06;0,05
9,304;3,468;1,152;1,95E-4;195,13;115,20;0,06;0,05
9,305;3,469;1,152;1,95E-4;195,15;115,22;0,06;0,05
9,306;3,469;1,152;1,95E-4;195,16;115,24;0,06;0,05
9,307;3,469;1,152;1,95E-4;195,15;115,22;0,06;0,05
9,308;3,469;1,152;1,95E-4;195,14;115,20;0,06;0,05
9,309;3,469;1,153;1,95E-4;195,16;115,28;0,06;0,05
9,310;3,469;1,152;1,95E-4;195,15;115,19;0,06;0,05
9,311;3,469;1,153;1,95E-4;195,17;115,27;0,06;0,05
9,312;3,470;1,153;1,95E-4;195,18;115,32;0,06;0,05
9,313;3,470;1,153;1,95E-4;195,19;115,32;0,06;0,05
9,314;3,471;1,153;1,95E-4;195,20;115,32;0,06;0,05
9,315;3,470;1,153;1,95E-4;195,20;115,31;0,06;0,05
9,316;3,470;1,152;1,95E-4;195,17;115,22;0,06;0,05
9,317;3,469;1,152;1,95E-4;195,16;115,17;0,06;0,05
9,318;3,469;1,152;1,95E-4;195,17;115,16;0,06;0,05
9,319;3,469;1,151;1,95E-4;195,15;115,06;0,06;0,05
9,320;3,470;1,152;1,95E-4;195,20;115,23;0,06;0,05
9,321;3,471;1,152;1,95E-4;195,21;115,25;0,06;0,05
9,322;3,470;1,152;1,95E-4;195,19;115,19;0,06;0,05
9,323;3,470;1,152;1,95E-4;195,19;115,18;0,06;0,05
9,324;3,470;1,152;1,95E-4;195,19;115,16;0,06;0,05
9,325;3,471;1,152;1,95E-4;195,21;115,21;0,06;0,05
9,326;3,471;1,152;1,95E-4;195,21;115,22;0,06;0,05
9,327;3,471;1,153;1,95E-4;195,21;115,26;0,06;0,05
9,328;3,473;1,155;1,95E-4;195,29;115,47;0,06;0,05
9,329;3,473;1,154;1,95E-4;195,27;115,38;0,06;0,05
9,330;3,471;1,153;1,95E-4;195,23;115,28;0,06;0,05
9,331;3,471;1,152;1,95E-4;195,21;115,21;0,06;0,05
9,332;3,472;1,153;1,95E-4;195,26;115,35;0,06;0,05
9,333;3,472;1,154;1,95E-4;195,26;115,37;0,06;0,05
9,334;3,473;1,154;1,95E-4;195,29;115,40;0,06;0,05
9,335;3,473;1,154;1,95E-4;195,29;115,43;0,06;0,05
9,336;3,472;1,153;1,95E-4;195,26;115,31;0,06;0,05
9,337;3,472;1,153;1,95E-4;195,26;115,30;0,06;0,05
9,338;3,472;1,153;1,95E-4;195,26;115,28;0,06;0,05
9,339;3,472;1,152;1,95E-4;195,24;115,22;0,06;0,05
9,340;3,472;1,152;1,95E-4;195,24;115,21;0,06;0,05
9,341;3,472;1,152;1,95E-4;195,25;115,24;0,06;0,05
9,342;3,472;1,153;1,95E-4;195,26;115,30;0,06;0,05
9,343;3,473;1,153;1,95E-4;195,27;115,29;0,06;0,05
9,344;3,472;1,152;1,95E-4;195,27;115,25;0,06;0,05
9,345;3,473;1,152;1,95E-4;195,27;115,24;0,06;0,05
9,346;3,473;1,153;1,95E-4;195,29;115,29;0,06;0,05
9,347;3,473;1,152;1,95E-4;195,28;115,23;0,06;0,05
9,348;3,473;1,152;1,95E-4;195,28;115,19;0,06;0,05
9,349;3,472;1,152;1,95E-4;195,26;115,16;0,06;0,05
9,350;3,473;1,152;1,95E-4;195,28;115,21;0,06;0,05
9,351;3,473;1,152;1,95E-4;195,27;115,16;0,06;0,05
9,352;3,472;1,151;1,95E-4;195,26;115,12;0,06;0,05
9,353;3,474;1,153;1,95E-4;195,32;115,35;0,06;0,05
9,354;3,473;1,152;1,95E-4;195,27;115,20;0,06;0,05
9,355;3,472;1,151;1,95E-4;195,25;115,07;0,06;0,05
9,356;3,471;1,150;1,95E-4;195,23;115,03;0,06;0,05
9,357;3,473;1,152;1,95E-4;195,29;115,22;0,06;0,05
9,358;3,474;1,152;1,95E-4;195,30;115,21;0,06;0,05
9,359;3,474;1,153;1,95E-4;195,33;115,28;0,06;0,05
9,360;3,474;1,152;1,95E-4;195,32;115,25;0,06;0,05
9,361;3,473;1,151;1,95E-4;195,29;115,15;0,06;0,05
9,362;3,474;1,152;1,95E-4;195,32;115,21;0,06;0,05
9,363;3,474;1,152;1,95E-4;195,32;115,21;0,06;0,05
9,364;3,473;1,151;1,95E-4;195,28;115,08;0,06;0,05
9,365;3,474;1,152;1,95E-4;195,31;115,15;0,06;0,05
9,366;3,474;1,151;1,95E-4;195,30;115,13;0,06;0,05
9,367;3,473;1,151;1,95E-4;195,30;115,12;0,06;0,05
9,368;3,473;1,151;1,95E-4;195,30;115,11;0,06;0,05
9,369;3,474;1,152;1,95E-4;195,33;115,18;0,06;0,05
9,370;3,475;1,152;1,95E-4;195,35;115,22;0,06;0,05
9,371;3,476;1,153;1,95E-4;195,37;115,29;0,06;0,05
9,372;3,474;1,151;1,95E-4;195,33;115,14;0,06;0,05
9,373;3,475;1,152;1,95E-4;195,35;115,24;0,06;0,05
9,374;3,476;1,153;1,95E-4;195,37;115,29;0,06;0,05
9,375;3,475;1,151;1,95E-4;195,33;115,14;0,06;0,05
9,376;3,476;1,153;1,95E-4;195,37;115,26;0,06;0,05
9,377;3,476;1,153;1,95E-4;195,39;115,34;0,06;0,05
9,378;3,476;1,153;1,95E-4;195,37;115,26;0,06;0,05
9,379;3,476;1,153;1,95E-4;195,39;115,30;0,06;0,05
9,380;3,476;1,152;1,95E-4;195,38;115,23;0,06;0,05
9,381;3,476;1,153;1,95E-4;195,38;115,26;0,06;0,05
9,382;3,476;1,153;1,95E-4;195,38;115,27;0,06;0,05
9,383;3,476;1,152;1,95E-4;195,37;115,16;0,06;0,05
9,384;3,477;1,153;1,95E-4;195,41;115,29;0,06;0,05
9,385;3,478;1,154;1,95E-4;195,43;115,36;0,06;0,05
9,386;3,476;1,152;1,95E-4;195,37;115,22;0,06;0,05
9,387;3,477;1,153;1,95E-4;195,41;115,26;0,06;0,05
9,388;3,476;1,152;1,95E-4;195,38;115,22;0,06;0,05
9,389;3,476;1,152;1,95E-4;195,37;115,19;0,06;0,05
9,390;3,475;1,151;1,95E-4;195,36;115,14;0,06;0,05
9,391;3,477;1,153;1,95E-4;195,42;115,29;0,06;0,05
9,392;3,475;1,150;1,95E-4;195,35;115,05;0,06;0,05
9,393;3,476;1,151;1,95E-4;195,37;115,13;0,06;0,05
9,394;3,477;1,152;1,95E-4;195,41;115,22;0,06;0,05
9,395;3,477;1,152;1,95E-4;195,41;115,18;0,06;0,05
9,396;3,476;1,152;1,95E-4;195,39;115,18;0,06;0,05
9,397;3,477;1,152;1,95E-4;195,42;115,22;0,06;0,05
9,398;3,477;1,152;1,95E-4;195,42;115,22;0,06;0,05
9,399;3,478;1,152;1,95E-4;195,43;115,24;0,06;0,05
9,400;3,479;1,154;1,95E-4;195,49;115,43;0,06;0,05
9,401;3,477;1,152;1,95E-4;195,42;115,20;0,06;0,05
9,402;3,477;1,152;1,95E-4;195,42;115,20;0,06;0,05
9,403;3,479;1,152;1,95E-4;195,46;115,25;0,06;0,05
9,404;3,477;1,152;1,95E-4;195,42;115,15;0,06;0,05
9,405;3,477;1,152;1,95E-4;195,43;115,16;0,06;0,05
9,406;3,479;1,153;1,95E-4;195,47;115,31;0,06;0,05
9,407;3,477;1,151;1,95E-4;195,42;115,11;0,06;0,05
9,408;3,477;1,152;1,95E-4;195,42;115,16;0,06;0,05
9,409;3,478;1,152;1,95E-4;195,45;115,25;0,06;0,05
9,410;3,478;1,152;1,95E-4;195,44;115,20;0,06;0,05
9,411;3,478;1,152;1,95E-4;195,44;115,23;0,06;0,05
9,412;3,477;1,151;1,95E-4;195,40;115,06;0,06;0,05
9,413;3,478;1,151;1,95E-4;195,43;115,14;0,06;0,05
9,414;3,479;1,153;1,95E-4;195,47;115,28;0,06;0,05
9,415;3,478;1,152;1,95E-4;195,46;115,18;0,06;0,05
9,416;3,479;1,153;1,95E-4;195,48;115,26;0,06;0,05
9,417;3,478;1,152;1,95E-4;195,45;115,19;0,06;0,05
9,418;3,479;1,152;1,95E-4;195,47;115,22;0,06;0,05
9,419;3,479;1,152;1,95E-4;195,47;115,19;0,06;0,05
9,420;3,477;1,150;1,95E-4;195,42;115,03;0,06;0,05
9,421;3,479;1,152;1,95E-4;195,48;115,21;0,06;0,05
9,422;3,480;1,153;1,96E-4;195,50;115,31;0,05;0,05
9,423;3,479;1,152;1,95E-4;195,49;115,23;0,06;0,05
9,424;3,479;1,152;1,95E-4;195,49;115,20;0,06;0,05
9,425;3,478;1,151;1,95E-4;195,46;115,09;0,06;0,05
9,426;3,478;1,150;1,95E-4;195,45;115,05;0,06;0,05
9,427;3,479;1,151;1,95E-4;195,46;115,13;0,06;0,05
9,428;3,480;1,153;1,96E-4;195,52;115,27;0,05;0,05
9,429;3,479;1,151;1,95E-4;195,48;115,14;0,06;0,05
9,430;3,479;1,151;1,95E-4;195,47;115,10;0,06;0,05
9,431;3,480;1,152;1,96E-4;195,50;115,20;0,05;0,05
9,432;3,480;1,152;1,95E-4;195,50;115,15;0,05;0,05
9,433;3,480;1,152;1,96E-4;195,51;115,16;0,05;0,05
9,434;3,479;1,151;1,95E-4;195,47;115,07;0,06;0,05
9,435;3,480;1,152;1,96E-4;195,52;115,17;0,05;0,05
9,436;3,481;1,153;1,96E-4;195,55;115,29;0,05;0,05
9,437;3,481;1,153;1,96E-4;195,53;115,25;0,05;0,05
9,438;3,480;1,152;1,96E-4;195,51;115,16;0,05;0,05
9,439;3,481;1,152;1,96E-4;195,53;115,24;0,05;0,05
9,440;3,481;1,152;1,96E-4;195,53;115,21;0,05;0,05
9,441;3,480;1,151;1,95E-4;195,49;115,07;0,05;0,05
9,442;3,481;1,152;1,96E-4;195,53;115,21;0,05;0,05
9,443;3,481;1,152;1,96E-4;195,53;115,17;0,05;0,05
9,444;3,481;1,152;1,96E-4;195,53;115,18;0,05;0,05
9,445;3,481;1,152;1,96E-4;195,53;115,16;0,05;0,05
9,446;3,482;1,152;1,96E-4;195,56;115,23;0,05;0,05
9,447;3,482;1,153;1,96E-4;195,57;115,29;0,05;0,05
9,448;3,481;1,152;1,96E-4;195,54;115,20;0,05;0,05
9,449;3,482;1,153;1,96E-4;195,58;115,25;0,05;0,05
9,450;3,481;1,151;1,96E-4;195,53;115,08;0,05;0,05
9,451;3,481;1,152;1,96E-4;195,55;115,17;0,05;0,05
9,452;3,481;1,151;1,96E-4;195,54;115,10;0,05;0,05
9,453;3,483;1,153;1,96E-4;195,62;115,34;0,05;0,05
9,454;3,482;1,152;1,96E-4;195,56;115,19;0,05;0,05
9,455;3,481;1,151;1,96E-4;195,56;115,13;0,05;0,05
9,456;3,483;1,153;1,96E-4;195,60;115,27;0,05;0,05
9,457;3,483;1,152;1,96E-4;195,60;115,24;0,05;0,05
9,458;3,482;1,152;1,96E-4;195,58;115,20;0,05;0,05
9,459;3,482;1,152;1,96E-4;195,58;115,22;0,05;0,05
9,460;3,482;1,152;1,96E-4;195,58;115,17;0,05;0,05
9,461;3,484;1,154;1,96E-4;195,64;115,36;0,05;0,05
9,462;3,483;1,152;1,96E-4;195,60;115,22;0,05;0,05
9,463;3,483;1,151;1,96E-4;195,59;115,14;0,05;0,05
9,464;3,482;1,151;1,96E-4;195,58;115,12;0,05;0,05
9,465;3,482;1,151;1,96E-4;195,57;115,12;0,05;0,05
9,466;3,483;1,152;1,96E-4;195,61;115,23;0,05;0,05
9,467;3,484;1,152;1,96E-4;195,62;115,24;0,05;0,05
9,468;3,482;1,151;1,96E-4;195,58;115,10;0,05;0,05
9,469;3,481;1,150;1,96E-4;195,54;114,96;0,05;0,05
9,470;3,482;1,151;1,96E-4;195,58;115,07;0,05;0,05
9,471;3,483;1,152;1,96E-4;195,61;115,19;0,05;0,05
9,472;3,483;1,152;1,96E-4;195,61;115,19;0,05;0,05
9,473;3,483;1,151;1,96E-4;195,60;115,11;0,05;0,05
9,474;3,482;1,151;1,96E-4;195,58;115,06;0,05;0,05
9,475;3,482;1,150;1,96E-4;195,57;115,02;0,05;0,05
9,476;3,482;1,150;1,96E-4;195,57;115,02;0,05;0,05
9,477;3,483;1,151;1,96E-4;195,60;115,11;0,05;0,05
9,478;3,484;1,152;1,96E-4;195,62;115,16;0,05;0,05
9,479;3,485;1,153;1,96E-4;195,66;115,28;0,05;0,05
9,480;3,485;1,152;1,96E-4;195,66;115,24;0,05;0,05
9,481;3,483;1,151;1,96E-4;195,62;115,14;0,05;0,05
9,482;3,484;1,152;1,96E-4;195,63;115,16;0,05;0,05
9,483;3,482;1,150;1,96E-4;195,58;115,00;0,05;0,05
9,484;3,484;1,152;1,96E-4;195,65;115,19;0,05;0,05
9,485;3,485;1,152;1,96E-4;195,65;115,23;0,05;0,05
9,486;3,484;1,151;1,96E-4;195,63;115,13;0,05;0,05
9,487;3,484;1,151;1,96E-4;195,62;115,11;0,05;0,05
9,488;3,484;1,151;1,96E-4;195,64;115,11;0,05;0,05
9,489;3,484;1,151;1,96E-4;195,64;115,14;0,05;0,05
9,490;3,485;1,152;1,96E-4;195,67;115,19;0,05;0,05
9,491;3,484;1,151;1,96E-4;195,63;115,06;0,05;0,05
9,492;3,486;1,153;1,96E-4;195,70;115,31;0,05;0,05
9,493;3,484;1,151;1,96E-4;195,63;115,07;0,05;0,05
9,494;3,484;1,151;1,96E-4;195,65;115,13;0,05;0,05
9,495;3,484;1,150;1,96E-4;195,62;115,04;0,05;0,05
9,496;3,484;1,151;1,96E-4;195,63;115,06;0,05;0,05
9,497;3,485;1,152;1,96E-4;195,67;115,15;0,05;0,05
9,498;3,485;1,151;1,96E-4;195,66;115,11;0,05;0,05
9,499;3,485;1,152;1,96E-4;195,67;115,16;0,05;0,05
9,500;3,486;1,152;1,96E-4;195,69;115,18;0,05;0,05
9,501;3,485;1,152;1,96E-4;195,68;115,17;0,05;0,05
9,502;3,486;1,152;1,96E-4;195,71;115,21;0,05;0,05
9,503;3,487;1,152;1,96E-4;195,72;115,24;0,05;0,05
9,504;3,485;1,151;1,96E-4;195,67;115,09;0,05;0,05
9,505;3,486;1,152;1,96E-4;195,69;115,16;0,05;0,05
9,506;3,486;1,152;1,96E-4;195,70;115,15;0,05;0,05
9,507;3,485;1,151;1,96E-4;195,68;115,13;0,05;0,05
9,508;3,484;1,150;1,96E-4;195,64;115,03;0,05;0,05
9,509;3,485;1,151;1,96E-4;195,68;115,13;0,05;0,05
9,510;3,486;1,152;1,96E-4;195,70;115,17;0,05;0,05
9,511;3,486;1,151;1,96E-4;195,69;115,13;0,05;0,05
9,512;3,487;1,152;1,96E-4;195,72;115,21;0,05;0,05
9,513;3,486;1,152;1,96E-4;195,71;115,15;0,05;0,05
9,514;3,486;1,152;1,96E-4;195,71;115,16;0,05;0,05
9,515;3,486;1,151;1,96E-4;195,70;115,11;0,05;0,05
9,516;3,486;1,151;1,96E-4;195,70;115,11;0,05;0,05
9,517;3,486;1,151;1,96E-4;195,71;115,10;0,05;0,05
9,518;3,486;1,151;1,96E-4;195,70;115,09;0,05;0,05
9,519;3,486;1,151;1,96E-4;195,71;115,09;0,05;0,05
9,520;3,486;1,151;1,96E-4;195,71;115,11;0,05;0,05
9,521;3,487;1,152;1,96E-4;195,73;115,16;0,05;0,05
9,522;3,488;1,152;1,96E-4;195,76;115,24;0,05;0,05
9,523;3,488;1,152;1,96E-4;195,75;115,17;0,05;0,05
9,524;3,487;1,151;1,96E-4;195,73;115,13;0,05;0,05
9,525;3,487;1,151;1,96E-4;195,72;115,07;0,05;0,05
9,526;3,487;1,152;1,96E-4;195,74;115,16;0,05;0,05
9,527;3,489;1,153;1,96E-4;195,78;115,25;0,05;0,05
9,528;3,488;1,152;1,96E-4;195,76;115,21;0,05;0,05
9,529;3,487;1,150;1,96E-4;195,72;115,03;0,05;0,05
9,530;3,487;1,150;1,96E-4;195,73;115,04;0,05;0,05
9,531;3,487;1,151;1,96E-4;195,74;115,09;0,05;0,05
9,532;3,488;1,151;1,96E-4;195,76;115,14;0,05;0,05
9,533;3,488;1,152;1,96E-4;195,76;115,16;0,05;0,05
9,534;3,486;1,150;1,96E-4;195,71;114,98;0,05;0,05
9,535;3,488;1,152;1,96E-4;195,78;115,19;0,05;0,05
9,536;3,489;1,152;1,96E-4;195,79;115,20;0,05;0,05
9,537;3,487;1,151;1,96E-4;195,74;115,05;0,05;0,05
9,538;3,486;1,150;1,96E-4;195,71;114,97;0,05;0,05
9,539;3,488;1,151;1,96E-4;195,76;115,11;0,05;0,05
9,540;3,488;1,151;1,96E-4;195,77;115,15;0,05;0,05
9,541;3,488;1,151;1,96E-4;195,76;115,09;0,05;0,05
9,542;3,488;1,151;1,96E-4;195,78;115,12;0,05;0,05
9,543;3,488;1,151;1,96E-4;195,77;115,09;0,05;0,05
9,544;3,488;1,150;1,96E-4;195,75;115,03;0,05;0,05
9,545;3,487;1,150;1,96E-4;195,74;115,00;0,05;0,05
9,546;3,488;1,150;1,96E-4;195,76;115,03;0,05;0,05
9,547;3,489;1,151;1,96E-4;195,79;115,14;0,05;0,05
9,548;3,489;1,152;1,96E-4;195,81;115,17;0,05;0,05
9,549;3,488;1,151;1,96E-4;195,78;115,10;0,05;0,05
9,550;3,489;1,151;1,96E-4;195,79;115,12;0,05;0,05
9,551;3,489;1,151;1,96E-4;195,79;115,10;0,05;0,05
9,552;3,490;1,152;1,96E-4;195,82;115,16;0,05;0,05
9,553;3,489;1,151;1,96E-4;195,78;115,10;0,05;0,05
9,554;3,490;1,152;1,96E-4;195,81;115,20;0,05;0,05
9,555;3,490;1,152;1,96E-4;195,83;115,21;0,05;0,05
9,556;3,489;1,151;1,96E-4;195,80;115,13;0,05;0,05
9,557;3,490;1,152;1,96E-4;195,82;115,21;0,05;0,05
9,558;3,491;1,152;1,96E-4;195,85;115,23;0,05;0,05
9,559;3,491;1,152;1,96E-4;195,85;115,24;0,05;0,05
9,560;3,490;1,152;1,96E-4;195,84;115,22;0,05;0,05
9,561;3,490;1,151;1,96E-4;195,81;115,11;0,05;0,05
9,562;3,490;1,151;1,96E-4;195,81;115,12;0,05;0,05
9,563;3,489;1,151;1,96E-4;195,80;115,08;0,05;0,05
9,564;3,488;1,150;1,96E-4;195,76;114,95;0,05;0,05
9,565;3,489;1,150;1,96E-4;195,78;114,99;0,05;0,05
9,566;3,489;1,151;1,96E-4;195,81;115,08;0,05;0,05
9,567;3,489;1,150;1,96E-4;195,80;114,99;0,05;0,05
9,568;3,490;1,151;1,96E-4;195,82;115,10;0,05;0,05
9,569;3,490;1,151;1,96E-4;195,83;115,09;0,05;0,05
9,570;3,491;1,152;1,96E-4;195,85;115,17;0,05;0,05
9,571;3,492;1,153;1,96E-4;195,90;115,31;0,05;0,05
9,572;3,491;1,152;1,96E-4;195,87;115,22;0,05;0,05
9,573;3,492;1,152;1,96E-4;195,89;115,23;0,05;0,05
9,574;3,491;1,151;1,96E-4;195,85;115,08;0,05;0,05
9,575;3,491;1,151;1,96E-4;195,85;115,09;0,05;0,05
9,576;3,490;1,150;1,96E-4;195,83;115,02;0,05;0,05
9,577;3,492;1,152;1,96E-4;195,88;115,18;0,05;0,05
9,578;3,491;1,151;1,96E-4;195,86;115,10;0,05;0,05
9,579;3,491;1,150;1,96E-4;195,85;115,04;0,05;0,05
9,580;3,490;1,150;1,96E-4;195,82;114,96;0,05;0,05
9,581;3,490;1,150;1,96E-4;195,84;115,04;0,05;0,05
9,582;3,490;1,151;1,96E-4;195,84;115,06;0,05;0,05
9,583;3,492;1,152;1,96E-4;195,88;115,17;0,05;0,05
9,584;3,491;1,151;1,96E-4;195,87;115,14;0,05;0,05
9,585;3,493;1,153;1,96E-4;195,92;115,28;0,05;0,05
9,586;3,492;1,152;1,96E-4;195,89;115,22;0,05;0,05
9,587;3,492;1,152;1,96E-4;195,88;115,16;0,05;0,05
9,588;3,491;1,151;1,96E-4;195,87;115,11;0,05;0,05
9,589;3,492;1,151;1,96E-4;195,88;115,15;0,05;0,05
9,590;3,492;1,151;1,96E-4;195,88;115,14;0,05;0,05
9,591;3,492;1,151;1,96E-4;195,88;115,15;0,05;0,05
9,592;3,493;1,152;1,96E-4;195,92;115,23;0,05;0,05
9,593;3,492;1,151;1,96E-4;195,89;115,13;0,05;0,05
9,594;3,493;1,153;1,96E-4;195,92;115,26;0,05;0,05
9,595;3,492;1,151;1,96E-4;195,89;115,14;0,05;0,05
9,596;3,491;1,151;1,96E-4;195,87;115,12;0,05;0,05
9,597;3,492;1,152;1,96E-4;195,90;115,17;0,05;0,05
9,598;3,493;1,153;1,96E-4;195,94;115,32;0,05;0,05
9,599;3,493;1,152;1,96E-4;195,92;115,18;0,05;0,05
9,600;3,492;1,151;1,96E-4;195,89;115,11;0,05;0,05
9,601;3,493;1,152;1,96E-4;195,92;115,16;0,05;0,05
9,602;3,493;1,152;1,96E-4;195,92;115,17;0,05;0,05
9,603;3,494;1,152;1,96E-4;195,95;115,24;0,05;0,05
9,604;3,493;1,152;1,96E-4;195,91;115,20;0,05;0,05
9,605;3,492;1,151;1,96E-4;195,90;115,09;0,05;0,05
9,606;3,493;1,152;1,96E-4;195,93;115,17;0,05;0,05
9,607;3,492;1,151;1,96E-4;195,90;115,07;0,05;0,05
9,608;3,493;1,151;1,96E-4;195,92;115,14;0,05;0,05
9,609;3,493;1,151;1,96E-4;195,94;115,14;0,05;0,05
9,610;3,492;1,151;1,96E-4;195,91;115,06;0,05;0,05
9,611;3,493;1,152;1,96E-4;195,94;115,18;0,05;0,05
9,612;3,493;1,152;1,96E-4;195,94;115,16;0,05;0,05
9,613;3,493;1,151;1,96E-4;195,93;115,12;0,05;0,05
9,614;3,493;1,151;1,96E-4;195,92;115,08;0,05;0,05
9,615;3,493;1,151;1,96E-4;195,93;115,12;0,05;0,05
9,616;3,494;1,152;1,96E-4;195,96;115,16;0,05;0,05
9,617;3,494;1,151;1,96E-4;195,95;115,11;0,05;0,05
9,618;3,493;1,150;1,96E-4;195,91;115,00;0,05;0,05
9,619;3,493;1,150;1,96E-4;195,92;114,99;0,05;0,05
9,620;3,493;1,150;1,96E-4;195,93;115,05;0,05;0,05
9,621;3,494;1,152;1,96E-4;195,97;115,16;0,05;0,05
9,622;3,495;1,152;1,96E-4;195,98;115,21;0,05;0,05
9,623;3,494;1,152;1,96E-4;195,97;115,21;0,05;0,05
9,624;3,493;1,151;1,96E-4;195,94;115,07;0,05;0,05
9,625;3,494;1,151;1,96E-4;195,96;115,12;0,05;0,05
9,626;3,495;1,152;1,96E-4;195,98;115,20;0,05;0,05
9,627;3,496;1,153;1,96E-4;196,01;115,28;0,05;0,05
9,628;3,494;1,152;1,96E-4;195,97;115,16;0,05;0,05
9,629;3,494;1,151;1,96E-4;195,96;115,10;0,05;0,05
9,630;3,493;1,150;1,96E-4;195,93;114,98;0,05;0,05
9,631;3,494;1,151;1,96E-4;195,97;115,14;0,05;0,05
9,632;3,494;1,150;1,96E-4;195,95;115,04;0,05;0,05
9,633;3,494;1,150;1,96E-4;195,95;115,04;0,05;0,05
9,634;3,494;1,150;1,96E-4;195,95;115,02;0,05;0,05
9,635;3,493;1,150;1,96E-4;195,94;114,99;0,05;0,05
9,636;3,494;1,150;1,96E-4;195,95;115,00;0,05;0,05
9,637;3,493;1,149;1,96E-4;195,92;114,92;0,05;0,05
9,638;3,494;1,150;1,96E-4;195,97;115,03;0,05;0,05
9,639;3,495;1,151;1,96E-4;195,99;115,10;0,05;0,05
9,640;3,495;1,151;1,96E-4;195,98;115,07;0,05;0,05
9,641;3,494;1,150;1,96E-4;195,95;115,02;0,05;0,05
9,642;3,494;1,151;1,96E-4;195,97;115,07;0,05;0,05
9,643;3,495;1,151;1,96E-4;195,98;115,11;0,05;0,05
9,644;3,496;1,152;1,96E-4;196,02;115,19;0,05;0,05
9,645;3,496;1,152;1,96E-4;196,02;115,18;0,05;0,05
9,646;3,495;1,151;1,96E-4;195,99;115,09;0,05;0,05
9,647;3,495;1,151;1,96E-4;196,00;115,09;0,05;0,05
9,648;3,495;1,150;1,96E-4;195,98;115,04;0,05;0,05
9,649;3,496;1,152;1,96E-4;196,03;115,17;0,05;0,05
9,650;3,496;1,152;1,96E-4;196,02;115,17;0,05;0,05
9,651;3,496;1,151;1,96E-4;196,02;115,11;0,05;0,05
9,652;3,496;1,151;1,96E-4;196,03;115,13;0,05;0,05
9,653;3,494;1,150;1,96E-4;195,97;114,96;0,05;0,05
9,654;3,496;1,151;1,96E-4;196,02;115,09;0,05;0,05
9,655;3,495;1,150;1,96E-4;196,00;115,02;0,05;0,05
9,656;3,495;1,150;1,96E-4;196,00;115,03;0,05;0,05
9,657;3,496;1,150;1,96E-4;196,01;115,01;0,05;0,05
9,658;3,496;1,151;1,96E-4;196,03;115,09;0,05;0,05
9,659;3,497;1,151;1,96E-4;196,05;115,13;0,05;0,05
9,660;3,496;1,151;1,96E-4;196,04;115,12;0,05;0,05
9,661;3,495;1,150;1,96E-4;196,00;115,04;0,05;0,05
9,662;3,496;1,151;1,96E-4;196,03;115,09;0,05;0,05
9,663;3,497;1,152;1,96E-4;196,06;115,16;0,05;0,05
9,664;3,496;1,150;1,96E-4;196,01;115,00;0,05;0,05
9,665;3,496;1,150;1,96E-4;196,03;115,05;0,05;0,05
9,666;3,496;1,150;1,96E-4;196,04;115,02;0,05;0,05
9,667;3,496;1,150;1,96E-4;196,03;115,02;0,05;0,05
9,668;3,496;1,150;1,96E-4;196,02;114,99;0,05;0,05
9,669;3,497;1,150;1,96E-4;196,04;115,03;0,05;0,05
9,670;3,497;1,151;1,96E-4;196,06;115,09;0,05;0,05
9,671;3,498;1,152;1,96E-4;196,09;115,18;0,05;0,05
9,672;3,498;1,152;1,96E-4;196,10;115,19;0,05;0,05
9,673;3,497;1,150;1,96E-4;196,04;115,01;0,05;0,05
9,674;3,496;1,150;1,96E-4;196,03;114,97;0,05;0,05
9,675;3,496;1,150;1,96E-4;196,03;114,97;0,05;0,05
9,676;3,496;1,149;1,96E-4;196,01;114,91;0,05;0,05
9,677;3,497;1,151;1,96E-4;196,07;115,13;0,05;0,05
9,678;3,497;1,150;1,96E-4;196,05;115,04;0,05;0,05
9,679;3,497;1,150;1,96E-4;196,05;115,01;0,05;0,05
9,680;3,497;1,150;1,96E-4;196,06;115,03;0,05;0,05
9,681;3,498;1,151;1,96E-4;196,09;115,15;0,05;0,05
9,682;3,498;1,151;1,96E-4;196,10;115,13;0,05;0,05
9,683;3,498;1,151;1,96E-4;196,07;115,09;0,05;0,05
9,684;3,498;1,151;1,96E-4;196,08;115,07;0,05;0,05
9,685;3,499;1,152;1,96E-4;196,11;115,17;0,05;0,05
9,686;3,497;1,150;1,96E-4;196,07;115,03;0,05;0,05
9,687;3,498;1,151;1,96E-4;196,10;115,12;0,05;0,05
9,688;3,498;1,151;1,96E-4;196,09;115,11;0,05;0,05
9,689;3,498;1,151;1,96E-4;196,10;115,11;0,05;0,05
9,690;3,497;1,149;1,96E-4;196,05;114,92;0,05;0,05
9,691;3,498;1,150;1,96E-4;196,08;115,02;0,05;0,05
9,692;3,498;1,151;1,96E-4;196,09;115,06;0,05;0,05
9,693;3,498;1,150;1,96E-4;196,08;115,02;0,05;0,05
9,694;3,497;1,150;1,96E-4;196,06;114,97;0,05;0,05
9,695;3,499;1,151;1,96E-4;196,11;115,12;0,05;0,05
9,696;3,499;1,152;1,96E-4;196,12;115,17;0,05;0,05
9,697;3,498;1,151;1,96E-4;196,09;115,07;0,05;0,05
9,698;3,499;1,152;1,96E-4;196,13;115,18;0,05;0,05
9,699;3,499;1,151;1,96E-4;196,11;115,07;0,05;0,05
9,700;3,499;1,150;1,96E-4;196,10;115,04;0,05;0,05
9,701;3,500;1,152;1,96E-4;196,14;115,17;0,05;0,05
9,702;3,499;1,151;1,96E-4;196,11;115,07;0,05;0,05
9,703;3,499;1,151;1,96E-4;196,12;115,08;0,05;0,05
9,704;3,499;1,151;1,96E-4;196,12;115,08;0,05;0,05
9,705;3,499;1,151;1,96E-4;196,12;115,05;0,05;0,05
9,706;3,498;1,149;1,96E-4;196,08;114,95;0,05;0,05
9,707;3,498;1,150;1,96E-4;196,09;114,95;0,05;0,05
9,708;3,499;1,150;1,96E-4;196,10;115,00;0,05;0,05
9,709;3,500;1,152;1,96E-4;196,16;115,17;0,05;0,05
9,710;3,500;1,151;1,96E-4;196,14;115,11;0,05;0,05
9,711;3,500;1,151;1,96E-4;196,15;115,13;0,05;0,05
9,712;3,500;1,151;1,96E-4;196,15;115,09;0,05;0,05
9,713;3,499;1,150;1,96E-4;196,12;115,05;0,05;0,05
9,714;3,500;1,151;1,96E-4;196,14;115,06;0,05;0,05
9,715;3,500;1,150;1,96E-4;196,14;115,05;0,05;0,05
9,716;3,499;1,150;1,96E-4;196,13;115,02;0,05;0,05
9,717;3,500;1,151;1,96E-4;196,16;115,13;0,05;0,05
9,718;3,501;1,151;1,96E-4;196,17;115,12;0,05;0,05
9,719;3,499;1,150;1,96E-4;196,12;114,96;0,05;0,05
9,720;3,500;1,150;1,96E-4;196,15;115,05;0,05;0,05
9,721;3,500;1,150;1,96E-4;196,15;115,02;0,05;0,05
9,722;3,500;1,150;1,96E-4;196,14;115,03;0,05;0,05
9,723;3,501;1,151;1,96E-4;196,17;115,11;0,05;0,05
9,724;3,500;1,151;1,96E-4;196,16;115,09;0,05;0,05
9,725;3,500;1,151;1,96E-4;196,17;115,10;0,05;0,05
9,726;3,500;1,151;1,96E-4;196,16;115,07;0,05;0,05
9,727;3,500;1,150;1,96E-4;196,15;114,99;0,05;0,05
9,728;3,499;1,149;1,96E-4;196,11;114,88;0,05;0,05
9,729;3,501;1,151;1,96E-4;196,18;115,07;0,05;0,05
9,730;3,501;1,151;1,96E-4;196,19;115,11;0,05;0,05
9,731;3,501;1,151;1,96E-4;196,18;115,11;0,05;0,05
9,732;3,500;1,150;1,96E-4;196,14;114,96;0,05;0,05
9,733;3,500;1,150;1,96E-4;196,15;114,99;0,05;0,05
9,734;3,501;1,150;1,96E-4;196,17;115,03;0,05;0,05
9,735;3,500;1,150;1,96E-4;196,16;115,02;0,05;0,05
9,736;3,501;1,150;1,96E-4;196,17;115,01;0,05;0,05
9,737;3,501;1,150;1,96E-4;196,17;115,00;0,05;0,05
9,738;3,501;1,151;1,96E-4;196,19;115,07;0,05;0,05
9,739;3,501;1,150;1,96E-4;196,18;114,99;0,05;0,05
9,740;3,501;1,150;1,96E-4;196,18;115,02;0,05;0,05
9,741;3,501;1,151;1,96E-4;196,19;115,09;0,05;0,05
9,742;3,500;1,150;1,96E-4;196,17;114,98;0,05;0,05
9,743;3,501;1,150;1,96E-4;196,18;115,02;0,05;0,05
9,744;3,502;1,152;1,96E-4;196,23;115,16;0,05;0,05
9,745;3,502;1,151;1,96E-4;196,22;115,12;0,05;0,05
9,746;3,503;1,151;1,96E-4;196,23;115,14;0,05;0,05
9,747;3,501;1,150;1,96E-4;196,19;115,01;0,05;0,05
9,748;3,502;1,150;1,96E-4;196,20;115,01;0,05;0,05
9,749;3,502;1,151;1,96E-4;196,21;115,06;0,05;0,05
9,750;3,502;1,151;1,96E-4;196,23;115,10;0,05;0,05
9,751;3,502;1,151;1,96E-4;196,22;115,06;0,05;0,05
9,752;3,501;1,149;1,96E-4;196,17;114,93;0,05;0,05
9,753;3,501;1,150;1,96E-4;196,19;115,01;0,05;0,05
9,754;3,503;1,151;1,96E-4;196,24;115,13;0,05;0,05
9,755;3,501;1,150;1,96E-4;196,20;115,01;0,05;0,05
9,756;3,502;1,151;1,96E-4;196,23;115,11;0,05;0,05
9,757;3,503;1,151;1,96E-4;196,23;115,13;0,05;0,05
9,758;3,503;1,151;1,96E-4;196,24;115,09;0,05;0,05
9,759;3,503;1,152;1,96E-4;196,26;115,17;0,05;0,05
9,760;3,503;1,151;1,96E-4;196,25;115,14;0,05;0,05
9,761;3,503;1,151;1,96E-4;196,25;115,14;0,05;0,05
9,762;3,504;1,152;1,96E-4;196,26;115,16;0,05;0,05
9,763;3,502;1,151;1,96E-4;196,22;115,09;0,05;0,05
9,764;3,502;1,151;1,96E-4;196,23;115,06;0,05;0,05
9,765;3,503;1,151;1,96E-4;196,24;115,09;0,05;0,05
9,766;3,504;1,152;1,96E-4;196,28;115,19;0,05;0,05
9,767;3,504;1,152;1,96E-4;196,28;115,19;0,05;0,05
9,768;3,503;1,150;1,96E-4;196,23;115,02;0,05;0,05
9,769;3,502;1,150;1,96E-4;196,22;115,01;0,05;0,05
9,770;3,503;1,151;1,96E-4;196,26;115,10;0,05;0,05
9,771;3,502;1,150;1,96E-4;196,23;115,00;0,05;0,05
9,772;3,503;1,150;1,96E-4;196,25;115,01;0,05;0,05
9,773;3,503;1,150;1,96E-4;196,26;115,03;0,05;0,05
9,774;3,503;1,150;1,96E-4;196,25;115,03;0,05;0,05
9,775;3,503;1,151;1,96E-4;196,26;115,09;0,05;0,05
9,776;3,503;1,150;1,96E-4;196,24;115,01;0,05;0,05
9,777;3,502;1,150;1,96E-4;196,23;114,96;0,05;0,05
9,778;3,503;1,150;1,96E-4;196,24;115,00;0,05;0,05
9,779;3,505;1,152;1,96E-4;196,30;115,17;0,05;0,05
9,780;3,504;1,151;1,96E-4;196,28;115,10;0,05;0,05
9,781;3,504;1,151;1,96E-4;196,27;115,08;0,05;0,05
9,782;3,503;1,150;1,96E-4;196,25;115,01;0,05;0,05
9,783;3,504;1,151;1,96E-4;196,27;115,05;0,05;0,05
9,784;3,503;1,150;1,96E-4;196,25;114,98;0,05;0,05
9,785;3,503;1,150;1,96E-4;196,24;114,98;0,05;0,05
9,786;3,504;1,151;1,96E-4;196,28;115,07;0,05;0,05
9,787;3,505;1,151;1,96E-4;196,30;115,13;0,05;0,05
9,788;3,504;1,151;1,96E-4;196,29;115,10;0,05;0,05
9,789;3,504;1,151;1,96E-4;196,29;115,09;0,05;0,05
9,790;3,503;1,149;1,96E-4;196,25;114,93;0,05;0,05
9,791;3,502;1,149;1,96E-4;196,23;114,91;0,05;0,05
9,792;3,503;1,149;1,96E-4;196,23;114,86;0,05;0,05
9,793;3,503;1,149;1,96E-4;196,26;114,94;0,05;0,05
9,794;3,503;1,149;1,96E-4;196,24;114,90;0,05;0,05
9,795;3,503;1,150;1,96E-4;196,26;114,97;0,05;0,05
9,796;3,504;1,150;1,96E-4;196,28;115,02;0,05;0,05
9,797;3,504;1,150;1,96E-4;196,29;115,04;0,05;0,05
9,798;3,505;1,151;1,96E-4;196,30;115,11;0,05;0,05
9,799;3,504;1,150;1,96E-4;196,29;115,03;0,05;0,05
9,800;3,505;1,151;1,96E-4;196,31;115,09;0,05;0,05
9,801;3,505;1,151;1,96E-4;196,31;115,08;0,05;0,05
9,802;3,505;1,151;1,96E-4;196,31;115,10;0,05;0,05
9,803;3,505;1,150;1,96E-4;196,30;115,04;0,05;0,05
9,804;3,504;1,150;1,96E-4;196,29;115,01;0,05;0,05
9,805;3,505;1,151;1,96E-4;196,32;115,08;0,05;0,05
9,806;3,505;1,150;1,96E-4;196,30;115,03;0,05;0,05
9,807;3,504;1,149;1,96E-4;196,27;114,94;0,05;0,05
9,808;3,504;1,150;1,96E-4;196,29;114,99;0,05;0,05
9,809;3,505;1,151;1,96E-4;196,31;115,05;0,05;0,05
9,810;3,505;1,150;1,96E-4;196,30;114,97;0,05;0,05
9,811;3,507;1,152;1,96E-4;196,36;115,20;0,05;0,05
9,812;3,505;1,150;1,96E-4;196,31;115,04;0,05;0,05
9,813;3,504;1,150;1,96E-4;196,29;114,99;0,05;0,05
9,814;3,505;1,150;1,96E-4;196,32;115,04;0,05;0,05
9,815;3,506;1,151;1,96E-4;196,33;115,07;0,05;0,05
9,816;3,506;1,151;1,96E-4;196,33;115,06;0,05;0,05
9,817;3,506;1,151;1,96E-4;196,35;115,14;0,05;0,05
9,818;3,506;1,150;1,96E-4;196,33;115,04;0,05;0,05
9,819;3,506;1,151;1,96E-4;196,33;115,07;0,05;0,05
9,820;3,506;1,150;1,96E-4;196,33;115,01;0,05;0,05
9,821;3,505;1,150;1,96E-4;196,32;115,01;0,05;0,05
9,822;3,505;1,150;1,96E-4;196,32;114,99;0,05;0,05
9,823;3,505;1,150;1,96E-4;196,32;115,02;0,05;0,05
9,824;3,506;1,151;1,96E-4;196,35;115,08;0,05;0,05
9,825;3,506;1,151;1,96E-4;196,35;115,06;0,05;0,05
9,826;3,506;1,150;1,96E-4;196,34;115,01;0,05;0,05
9,827;3,505;1,150;1,96E-4;196,32;114,96;0,05;0,05
9,828;3,506;1,150;1,96E-4;196,34;115,04;0,05;0,05
9,829;3,507;1,152;1,96E-4;196,37;115,16;0,05;0,05
9,830;3,507;1,151;1,96E-4;196,36;115,07;0,05;0,05
9,831;3,506;1,151;1,96E-4;196,35;115,07;0,05;0,05
9,832;3,506;1,151;1,96E-4;196,35;115,07;0,05;0,05
9,833;3,506;1,151;1,96E-4;196,35;115,07;0,05;0,05
9,834;3,506;1,150;1,96E-4;196,34;115,01;0,05;0,05
9,835;3,506;1,151;1,96E-4;196,35;115,06;0,05;0,05
9,836;3,506;1,150;1,96E-4;196,35;115,01;0,05;0,05
9,837;3,506;1,150;1,96E-4;196,34;115,01;0,05;0,05
9,838;3,507;1,151;1,96E-4;196,39;115,14;0,05;0,05
9,839;3,506;1,150;1,96E-4;196,36;115,03;0,05;0,05
9,840;3,507;1,151;1,96E-4;196,38;115,08;0,05;0,05
9,841;3,508;1,151;1,96E-4;196,40;115,14;0,05;0,05
9,842;3,507;1,150;1,96E-4;196,37;115,04;0,05;0,05
9,843;3,506;1,150;1,96E-4;196,34;115,02;0,05;0,05
9,844;3,507;1,151;1,96E-4;196,36;115,07;0,05;0,05
9,845;3,507;1,151;1,96E-4;196,39;115,09;0,05;0,05
9,846;3,507;1,151;1,96E-4;196,38;115,07;0,05;0,05
9,847;3,508;1,152;1,96E-4;196,41;115,22;0,05;0,05
9,848;3,507;1,151;1,96E-4;196,39;115,11;0,05;0,05
9,849;3,507;1,151;1,96E-4;196,36;115,07;0,05;0,05
9,850;3,507;1,151;1,96E-4;196,39;115,08;0,05;0,05
9,851;3,508;1,151;1,96E-4;196,40;115,11;0,05;0,05
9,852;3,507;1,150;1,96E-4;196,38;115,05;0,05;0,05
9,853;3,508;1,152;1,96E-4;196,41;115,16;0,05;0,05
9,854;3,508;1,152;1,96E-4;196,42;115,17;0,05;0,05
9,855;3,507;1,150;1,96E-4;196,36;115,05;0,05;0,05
9,856;3,507;1,151;1,96E-4;196,39;115,06;0,05;0,05
9,857;3,507;1,150;1,96E-4;196,38;115,04;0,05;0,05
9,858;3,506;1,149;1,96E-4;196,35;114,94;0,05;0,05
9,859;3,506;1,149;1,96E-4;196,35;114,89;0,05;0,05
9,860;3,506;1,149;1,96E-4;196,35;114,94;0,05;0,05
9,861;3,508;1,150;1,96E-4;196,40;115,04;0,05;0,05
9,862;3,508;1,151;1,96E-4;196,41;115,11;0,05;0,05
9,863;3,508;1,151;1,96E-4;196,41;115,08;0,05;0,05
9,864;3,508;1,151;1,96E-4;196,40;115,07;0,05;0,05
9,865;3,508;1,151;1,96E-4;196,40;115,06;0,05;0,05
9,866;3,509;1,151;1,96E-4;196,43;115,14;0,05;0,05
9,867;3,507;1,150;1,96E-4;196,37;114,98;0,05;0,05
9,868;3,507;1,150;1,96E-4;196,37;114,97;0,05;0,05
9,869;3,509;1,151;1,96E-4;196,42;115,11;0,05;0,05
9,870;3,508;1,151;1,96E-4;196,41;115,07;0,05;0,05
9,871;3,507;1,150;1,96E-4;196,39;115,04;0,05;0,05
9,872;3,507;1,150;1,96E-4;196,37;114,96;0,05;0,05
9,873;3,507;1,149;1,96E-4;196,38;114,93;0,05;0,05
9,874;3,508;1,150;1,96E-4;196,41;114,99;0,05;0,05
9,875;3,508;1,150;1,96E-4;196,40;115,00;0,05;0,05
9,876;3,507;1,149;1,96E-4;196,37;114,89;0,05;0,05
9,877;3,508;1,150;1,96E-4;196,41;114,98;0,05;0,05
9,878;3,508;1,151;1,96E-4;196,42;115,05;0,05;0,05
9,879;3,510;1,152;1,96E-4;196,46;115,18;0,05;0,05
9,880;3,509;1,151;1,96E-4;196,43;115,07;0,05;0,05
9,881;3,509;1,151;1,96E-4;196,43;115,06;0,05;0,05
9,882;3,509;1,151;1,96E-4;196,45;115,11;0,05;0,05
9,883;3,509;1,151;1,96E-4;196,44;115,10;0,05;0,05
9,884;3,508;1,149;1,96E-4;196,39;114,95;0,05;0,05
9,885;3,508;1,150;1,96E-4;196,42;115,02;0,05;0,05
9,886;3,508;1,150;1,96E-4;196,40;114,96;0,05;0,05
9,887;3,508;1,150;1,96E-4;196,42;114,97;0,05;0,05
9,888;3,508;1,150;1,96E-4;196,42;115,01;0,05;0,05
9,889;3,509;1,151;1,96E-4;196,43;115,05;0,05;0,05
9,890;3,509;1,150;1,96E-4;196,43;115,04;0,05;0,05
9,891;3,508;1,150;1,96E-4;196,40;114,97;0,05;0,05
9,892;3,508;1,150;1,96E-4;196,42;114,96;0,05;0,05
9,893;3,508;1,149;1,96E-4;196,41;114,94;0,05;0,05
9,894;3,509;1,151;1,96E-4;196,44;115,10;0,05;0,05
9,895;3,509;1,150;1,96E-4;196,44;115,04;0,05;0,05
9,896;3,509;1,150;1,96E-4;196,43;114,98;0,05;0,05
9,897;3,510;1,151;1,96E-4;196,47;115,10;0,05;0,05
9,898;3,509;1,150;1,96E-4;196,45;115,03;0,05;0,05
9,899;3,508;1,149;1,96E-4;196,40;114,90;0,05;0,05
9,900;3,509;1,150;1,96E-4;196,43;114,99;0,05;0,05
9,901;3,509;1,150;1,96E-4;196,43;114,98;0,05;0,05
9,902;3,509;1,150;1,96E-4;196,43;114,97;0,05;0,05
9,903;3,510;1,151;1,96E-4;196,47;115,08;0,05;0,05
9,904;3,510;1,151;1,96E-4;196,47;115,09;0,05;0,05
9,905;3,510;1,151;1,96E-4;196,47;115,06;0,05;0,05
9,906;3,509;1,149;1,96E-4;196,43;114,94;0,05;0,05
9,907;3,509;1,149;1,96E-4;196,42;114,90;0,05;0,05
9,908;3,509;1,150;1,96E-4;196,45;115,03;0,05;0,05
9,909;3,509;1,150;1,96E-4;196,45;115,00;0,05;0,05
9,910;3,510;1,151;1,96E-4;196,48;115,11;0,05;0,05
9,911;3,509;1,150;1,96E-4;196,45;115,04;0,05;0,05
9,912;3,509;1,150;1,96E-4;196,44;114,97;0,05;0,05
9,913;3,509;1,150;1,96E-4;196,45;114,98;0,05;0,05
9,914;3,510;1,151;1,96E-4;196,48;115,06;0,05;0,05
9,915;3,510;1,151;1,96E-4;196,48;115,11;0,05;0,05
9,916;3,512;1,152;1,97E-4;196,52;115,15;0,05;0,05
9,917;3,511;1,152;1,97E-4;196,50;115,16;0,05;0,05
9,918;3,510;1,150;1,96E-4;196,47;115,02;0,05;0,05
9,919;3,509;1,149;1,96E-4;196,45;114,93;0,05;0,05
9,920;3,511;1,151;1,97E-4;196,50;115,07;0,05;0,05
9,921;3,511;1,150;1,96E-4;196,49;115,04;0,05;0,05
9,922;3,510;1,150;1,96E-4;196,47;115,04;0,05;0,05
9,923;3,511;1,151;1,97E-4;196,50;115,14;0,05;0,05
9,924;3,510;1,150;1,96E-4;196,47;114,97;0,05;0,05
9,925;3,511;1,151;1,96E-4;196,50;115,08;0,05;0,05
9,926;3,511;1,151;1,96E-4;196,49;115,08;0,05;0,05
9,927;3,511;1,151;1,96E-4;196,49;115,07;0,05;0,05
9,928;3,511;1,150;1,96E-4;196,49;115,05;0,05;0,05
9,929;3,509;1,149;1,96E-4;196,45;114,95;0,05;0,05
9,930;3,510;1,150;1,96E-4;196,46;114,95;0,05;0,05
9,931;3,510;1,150;1,96E-4;196,46;114,96;0,05;0,05
9,932;3,512;1,151;1,97E-4;196,53;115,13;0,05;0,05
9,933;3,512;1,151;1,97E-4;196,52;115,10;0,05;0,05
9,934;3,511;1,150;1,96E-4;196,50;115,02;0,05;0,05
9,935;3,510;1,149;1,96E-4;196,46;114,89;0,05;0,05
9,936;3,509;1,148;1,96E-4;196,44;114,85;0,05;0,05
9,937;3,510;1,150;1,96E-4;196,48;114,97;0,05;0,05
9,938;3,511;1,150;1,97E-4;196,50;115,03;0,05;0,05
9,939;3,510;1,149;1,96E-4;196,48;114,91;0,05;0,05
9,940;3,509;1,149;1,96E-4;196,45;114,86;0,05;0,05
9,941;3,510;1,149;1,96E-4;196,47;114,91;0,05;0,05
9,942;3,510;1,149;1,96E-4;196,46;114,89;0,05;0,05
9,943;3,512;1,151;1,97E-4;196,52;115,08;0,05;0,05
9,944;3,511;1,151;1,97E-4;196,52;115,05;0,05;0,05
9,945;3,513;1,151;1,97E-4;196,56;115,13;0,05;0,05
9,946;3,513;1,151;1,97E-4;196,56;115,13;0,05;0,05
9,947;3,513;1,152;1,97E-4;196,56;115,17;0,05;0,05
9,948;3,512;1,151;1,97E-4;196,53;115,10;0,05;0,05
9,949;3,511;1,150;1,97E-4;196,51;115,00;0,05;0,05
9,950;3,512;1,150;1,97E-4;196,52;115,02;0,05;0,05
9,951;3,511;1,150;1,97E-4;196,51;115,01;0,05;0,05
9,952;3,512;1,151;1,97E-4;196,55;115,09;0,05;0,05
9,953;3,511;1,150;1,97E-4;196,52;114,99;0,05;0,05
9,954;3,512;1,151;1,97E-4;196,54;115,08;0,05;0,05
9,955;3,512;1,150;1,97E-4;196,54;115,04;0,05;0,05
9,956;3,512;1,151;1,97E-4;196,54;115,07;0,05;0,05
9,957;3,512;1,150;1,97E-4;196,53;115,02;0,05;0,05
9,958;3,511;1,150;1,97E-4;196,52;115,03;0,05;0,05
9,959;3,512;1,150;1,97E-4;196,53;115,01;0,05;0,05
9,960;3,513;1,151;1,97E-4;196,56;115,10;0,05;0,05
9,961;3,512;1,151;1,97E-4;196,55;115,08;0,05;0,05
9,962;3,513;1,151;1,97E-4;196,57;115,09;0,05;0,05
9,963;3,512;1,150;1,97E-4;196,54;114,98;0,05;0,05
9,964;3,511;1,149;1,97E-4;196,51;114,95;0,05;0,05
9,965;3,512;1,151;1,97E-4;196,54;115,05;0,05;0,05
9,966;3,512;1,150;1,97E-4;196,54;115,04;0,05;0,05
9,967;3,513;1,151;1,97E-4;196,56;115,07;0,05;0,05
9,968;3,512;1,150;1,97E-4;196,52;115,00;0,05;0,05
9,969;3,514;1,152;1,97E-4;196,59;115,17;0,05;0,05
9,970;3,512;1,150;1,97E-4;196,54;114,98;0,05;0,05
9,971;3,512;1,150;1,97E-4;196,55;115,05;0,05;0,05
9,972;3,513;1,151;1,97E-4;196,56;115,06;0,05;0,05
9,973;3,513;1,152;1,97E-4;196,57;115,15;0,05;0,05
9,974;3,513;1,151;1,97E-4;196,56;115,08;0,05;0,05
9,975;3,513;1,151;1,97E-4;196,56;115,08;0,05;0,05
9,976;3,514;1,152;1,97E-4;196,59;115,15;0,05;0,05
9,977;3,513;1,152;1,97E-4;196,58;115,15;0,05;0,05
9,978;3,513;1,151;1,97E-4;196,58;115,11;0,05;0,05
9,979;3,513;1,151;1,97E-4;196,56;115,06;0,05;0,05
9,980;3,513;1,151;1,97E-4;196,58;115,08;0,05;0,05
9,981;3,513;1,150;1,97E-4;196,57;115,04;0,05;0,05
9,982;3,513;1,151;1,97E-4;196,58;115,08;0,05;0,05
9,983;3,513;1,151;1,97E-4;196,58;115,09;0,05;0,05
9,984;3,513;1,151;1,97E-4;196,58;115,11;0,05;0,05
9,985;3,513;1,151;1,97E-4;196,57;115,06;0,05;0,05
9,986;3,513;1,150;1,97E-4;196,55;114,97;0,05;0,05
9,987;3,513;1,151;1,97E-4;196,58;115,07;0,05;0,05
9,988;3,514;1,151;1,97E-4;196,60;115,15;0,05;0,05
9,989;3,513;1,151;1,97E-4;196,58;115,11;0,05;0,05
9,990;3,513;1,150;1,97E-4;196,57;115,04;0,05;0,05
9,991;3,514;1,151;1,97E-4;196,60;115,07;0,05;0,05
9,992;3,514;1,151;1,97E-4;196,59;115,08;0,05;0,05
9,993;3,512;1,149;1,97E-4;196,54;114,90;0,05;0,05
9,994;3,513;1,150;1,97E-4;196,56;114,97;0,05;0,05
9,995;3,513;1,150;1,97E-4;196,56;114,98;0,05;0,05
9,996;3,514;1,150;1,97E-4;196,59;115,03;0,05;0,05
9,997;3,513;1,150;1,97E-4;196,58;115,01;0,05;0,05
9,998;3,514;1,151;1,97E-4;196,60;115,10;0,05;0,05
9,999;3,514;1,151;1,97E-4;196,59;115,06;0,05;0,05
10,000;3,514;1,150;1,97E-4;196,59;115,05;0,05;0,05
10,001;3,514;1,150;1,97E-4;196,60;115,03;0,05;0,05
10,002;3,514;1,150;1,97E-4;196,59;115,02;0,05;0,05
10,003;3,514;1,151;1,97E-4;196,60;115,10;0,05;0,05
10,004;3,514;1,150;1,97E-4;196,58;115,04;0,05;0,05
10,005;3,512;1,149;1,97E-4;196,53;114,86;0,05;0,05
10,006;3,513;1,150;1,97E-4;196,58;114,98;0,05;0,05
10,007;3,514;1,150;1,97E-4;196,60;115,03;0,05;0,05
10,008;3,513;1,150;1,97E-4;196,58;114,96;0,05;0,05
10,009;3,513;1,150;1,97E-4;196,58;114,98;0,05;0,05
10,010;3,514;1,151;1,97E-4;196,61;115,07;0,05;0,05
10,011;3,513;1,149;1,97E-4;196,56;114,92;0,05;0,05
10,012;3,514;1,151;1,97E-4;196,61;115,07;0,05;0,05
10,013;3,514;1,150;1,97E-4;196,59;115,01;0,05;0,05
10,014;3,513;1,149;1,97E-4;196,57;114,92;0,05;0,05
10,015;3,513;1,149;1,97E-4;196,58;114,92;0,05;0,05
10,016;3,513;1,149;1,97E-4;196,57;114,87;0,05;0,05
10,017;3,513;1,149;1,97E-4;196,57;114,93;0,05;0,05
10,018;3,514;1,150;1,97E-4;196,59;114,97;0,05;0,05
10,019;3,515;1,151;1,97E-4;196,63;115,07;0,05;0,05
10,020;3,516;1,151;1,97E-4;196,65;115,14;0,05;0,05
10,021;3,516;1,151;1,97E-4;196,66;115,11;0,05;0,05
10,022;3,514;1,150;1,97E-4;196,61;115,03;0,05;0,05
10,023;3,514;1,150;1,97E-4;196,60;114,96;0,05;0,05
10,024;3,514;1,150;1,97E-4;196,59;114,96;0,05;0,05
10,025;3,514;1,150;1,97E-4;196,61;114,95;0,05;0,05
10,026;3,513;1,149;1,97E-4;196,58;114,86;0,05;0,05
10,027;3,515;1,150;1,97E-4;196,62;115,02;0,05;0,05
10,028;3,515;1,151;1,97E-4;196,64;115,06;0,05;0,05
10,029;3,516;1,151;1,97E-4;196,66;115,10;0,05;0,05
10,030;3,515;1,150;1,97E-4;196,63;115,02;0,05;0,05
10,031;3,515;1,150;1,97E-4;196,63;115,04;0,05;0,05
10,032;3,516;1,151;1,97E-4;196,65;115,08;0,05;0,05
10,033;3,516;1,151;1,97E-4;196,66;115,11;0,05;0,05
10,034;3,516;1,152;1,97E-4;196,68;115,18;0,05;0,05
10,035;3,515;1,150;1,97E-4;196,62;114,97;0,05;0,05
10,036;3,516;1,151;1,97E-4;196,66;115,11;0,05;0,05
10,037;3,516;1,151;1,97E-4;196,65;115,08;0,05;0,05
10,038;3,515;1,150;1,97E-4;196,64;115,03;0,05;0,05
10,039;3,516;1,151;1,97E-4;196,66;115,11;0,05;0,05
10,040;3,515;1,151;1,97E-4;196,65;115,06;0,05;0,05
10,041;3,515;1,150;1,97E-4;196,62;114,99;0,05;0,05
10,042;3,515;1,150;1,97E-4;196,63;115,00;0,05;0,05
10,043;3,516;1,151;1,97E-4;196,65;115,09;0,05;0,05
10,044;3,516;1,151;1,97E-4;196,65;115,07;0,05;0,05
10,045;3,515;1,150;1,97E-4;196,64;115,03;0,05;0,05
10,046;3,516;1,151;1,97E-4;196,66;115,09;0,05;0,05
10,047;3,515;1,150;1,97E-4;196,64;115,01;0,05;0,05
10,048;3,516;1,151;1,97E-4;196,66;115,07;0,05;0,05
10,049;3,514;1,150;1,97E-4;196,61;114,96;0,05;0,05
10,050;3,516;1,151;1,97E-4;196,66;115,10;0,05;0,05
10,051;3,515;1,150;1,97E-4;196,63;114,98;0,05;0,05
10,052;3,515;1,150;1,97E-4;196,63;114,96;0,05;0,05
10,053;3,516;1,151;1,97E-4;196,67;115,10;0,05;0,05
10,054;3,516;1,151;1,97E-4;196,67;115,09;0,05;0,05
10,055;3,517;1,151;1,97E-4;196,68;115,14;0,05;0,05
10,056;3,514;1,149;1,97E-4;196,62;114,89;0,05;0,05
10,057;3,516;1,150;1,97E-4;196,66;115,05;0,05;0,05
10,058;3,516;1,151;1,97E-4;196,68;115,11;0,05;0,05
10,059;3,516;1,151;1,97E-4;196,67;115,07;0,05;0,05
10,060;3,516;1,150;1,97E-4;196,66;115,04;0,05;0,05
10,061;3,515;1,149;1,97E-4;196,62;114,88;0,05;0,05
10,062;3,515;1,149;1,97E-4;196,63;114,92;0,05;0,05
10,063;3,516;1,150;1,97E-4;196,68;115,04;0,05;0,05
10,064;3,516;1,151;1,97E-4;196,68;115,07;0,05;0,05
10,065;3,517;1,151;1,97E-4;196,69;115,11;0,05;0,05
10,066;3,517;1,151;1,97E-4;196,68;115,07;0,05;0,05
10,067;3,516;1,150;1,97E-4;196,67;114,99;0,05;0,05
10,068;3,516;1,150;1,97E-4;196,66;114,97;0,05;0,05
10,069;3,517;1,151;1,97E-4;196,69;115,07;0,05;0,05
10,070;3,517;1,151;1,97E-4;196,70;115,10;0,05;0,05
10,071;3,516;1,150;1,97E-4;196,68;115,03;0,05;0,05
10,072;3,517;1,151;1,97E-4;196,69;115,09;0,05;0,05
10,073;3,518;1,152;1,97E-4;196,72;115,20;0,05;0,05
10,074;3,518;1,152;1,97E-4;196,73;115,22;0,05;0,05
10,075;3,516;1,150;1,97E-4;196,68;115,01;0,05;0,05
10,076;3,517;1,151;1,97E-4;196,71;115,09;0,05;0,05
10,077;3,516;1,150;1,97E-4;196,68;115,05;0,05;0,05
10,078;3,516;1,150;1,97E-4;196,66;115,01;0,05;0,05
10,079;3,517;1,150;1,97E-4;196,69;115,04;0,05;0,05
10,080;3,517;1,151;1,97E-4;196,70;115,08;0,05;0,05
10,081;3,517;1,151;1,97E-4;196,69;115,08;0,05;0,05
10,082;3,517;1,151;1,97E-4;196,71;115,14;0,05;0,05
10,083;3,517;1,151;1,97E-4;196,71;115,09;0,05;0,05
10,084;3,516;1,150;1,97E-4;196,66;114,97;0,05;0,05
10,085;3,516;1,150;1,97E-4;196,67;114,98;0,05;0,05
10,086;3,517;1,150;1,97E-4;196,69;115,00;0,05;0,05
10,087;3,518;1,152;1,97E-4;196,73;115,18;0,05;0,05
10,088;3,516;1,150;1,97E-4;196,66;114,99;0,05;0,05
10,089;3,517;1,150;1,97E-4;196,70;115,03;0,05;0,05
10,090;3,517;1,150;1,97E-4;196,69;114,98;0,05;0,05
10,091;3,518;1,151;1,97E-4;196,72;115,07;0,05;0,05
10,092;3,516;1,150;1,97E-4;196,67;114,95;0,05;0,05
10,093;3,518;1,151;1,97E-4;196,72;115,08;0,05;0,05
10,094;3,517;1,151;1,97E-4;196,71;115,06;0,05;0,05
10,095;3,517;1,150;1,97E-4;196,71;115,04;0,05;0,05
10,096;3,518;1,151;1,97E-4;196,72;115,11;0,05;0,05
10,097;3,519;1,151;1,97E-4;196,75;115,14;0,05;0,05
10,098;3,518;1,151;1,97E-4;196,74;115,13;0,05;0,05
10,099;3,517;1,150;1,97E-4;196,70;115,00;0,05;0,05
10,100;3,517;1,150;1,97E-4;196,71;115,02;0,05;0,05
10,101;3,517;1,150;1,97E-4;196,70;115,02;0,05;0,05
10,102;3,518;1,151;1,97E-4;196,74;115,10;0,05;0,05
10,103;3,517;1,150;1,97E-4;196,69;114,97;0,05;0,05
10,104;3,517;1,150;1,97E-4;196,71;115,01;0,05;0,05
10,105;3,517;1,150;1,97E-4;196,70;115,00;0,05;0,05
10,106;3,517;1,151;1,97E-4;196,71;115,06;0,05;0,05
10,107;3,517;1,150;1,97E-4;196,71;115,03;0,05;0,05
10,108;3,517;1,150;1,97E-4;196,69;114,98;0,05;0,05
10,109;3,518;1,150;1,97E-4;196,72;115,04;0,05;0,05
10,110;3,519;1,151;1,97E-4;196,75;115,15;0,05;0,05
10,111;3,518;1,151;1,97E-4;196,72;115,06;0,05;0,05
10,112;3,518;1,150;1,97E-4;196,73;115,04;0,05;0,05
10,113;3,518;1,151;1,97E-4;196,72;115,07;0,05;0,05
10,114;3,518;1,151;1,97E-4;196,73;115,06;0,05;0,05
10,115;3,516;1,148;1,97E-4;196,66;114,81;0,05;0,05
10,116;3,518;1,150;1,97E-4;196,72;115,01;0,05;0,05
10,117;3,517;1,150;1,97E-4;196,70;114,98;0,05;0,05
10,118;3,518;1,150;1,97E-4;196,72;115,00;0,05;0,05
10,119;3,516;1,149;1,97E-4;196,67;114,85;0,05;0,05
10,120;3,517;1,149;1,97E-4;196,69;114,89;0,05;0,05
10,121;3,519;1,151;1,97E-4;196,75;115,08;0,05;0,05
10,122;3,519;1,151;1,97E-4;196,74;115,05;0,05;0,05
10,123;3,519;1,151;1,97E-4;196,75;115,06;0,05;0,05
10,124;3,517;1,149;1,97E-4;196,69;114,89;0,05;0,05
10,125;3,518;1,150;1,97E-4;196,74;115,01;0,05;0,05
10,126;3,520;1,152;1,97E-4;196,79;115,19;0,05;0,05
10,127;3,519;1,151;1,97E-4;196,75;115,07;0,05;0,05
10,128;3,517;1,150;1,97E-4;196,71;114,95;0,05;0,05
10,129;3,517;1,149;1,97E-4;196,71;114,90;0,05;0,05
10,130;3,518;1,150;1,97E-4;196,71;114,96;0,05;0,05
10,131;3,517;1,149;1,97E-4;196,68;114,87;0,05;0,05
10,132;3,517;1,149;1,97E-4;196,70;114,91;0,05;0,05
10,133;3,518;1,150;1,97E-4;196,74;115,03;0,05;0,05
10,134;3,519;1,151;1,97E-4;196,76;115,12;0,05;0,05
10,135;3,517;1,149;1,97E-4;196,70;114,91;0,05;0,05
10,136;3,519;1,150;1,97E-4;196,75;115,03;0,05;0,05
10,137;3,519;1,151;1,97E-4;196,77;115,09;0,05;0,05
10,138;3,517;1,149;1,97E-4;196,70;114,90;0,05;0,05
10,139;3,519;1,150;1,97E-4;196,76;115,05;0,05;0,05
10,140;3,519;1,151;1,97E-4;196,76;115,07;0,05;0,05
10,141;3,519;1,150;1,97E-4;196,76;115,03;0,05;0,05
10,142;3,520;1,151;1,97E-4;196,78;115,09;0,05;0,05
10,143;3,519;1,150;1,97E-4;196,75;115,01;0,05;0,05
10,144;3,519;1,151;1,97E-4;196,77;115,07;0,05;0,05
10,145;3,519;1,150;1,97E-4;196,76;115,02;0,05;0,05
10,146;3,520;1,152;1,97E-4;196,79;115,16;0,05;0,05
10,147;3,519;1,151;1,97E-4;196,77;115,10;0,05;0,05
10,148;3,519;1,150;1,97E-4;196,76;114,99;0,05;0,05
10,149;3,519;1,151;1,97E-4;196,77;115,05;0,05;0,05
10,150;3,519;1,150;1,97E-4;196,75;114,99;0,05;0,05
10,151;3,519;1,150;1,97E-4;196,75;114,99;0,05;0,05
10,152;3,519;1,150;1,97E-4;196,75;114,99;0,05;0,05
10,153;3,520;1,151;1,97E-4;196,80;115,13;0,05;0,05
10,154;3,520;1,151;1,97E-4;196,78;115,10;0,05;0,05
10,155;3,519;1,150;1,97E-4;196,76;114,98;0,05;0,05
10,156;3,519;1,150;1,97E-4;196,76;114,98;0,05;0,05
10,157;3,520;1,151;1,97E-4;196,79;115,09;0,05;0,05
10,158;3,520;1,151;1,97E-4;196,78;115,06;0,05;0,05
10,159;3,520;1,151;1,97E-4;196,79;115,07;0,05;0,05
10,160;3,520;1,151;1,97E-4;196,78;115,08;0,05;0,05
10,161;3,521;1,151;1,97E-4;196,81;115,15;0,05;0,05
10,162;3,520;1,151;1,97E-4;196,79;115,06;0,05;0,05
10,163;3,520;1,151;1,97E-4;196,79;115,08;0,05;0,05
10,164;3,519;1,150;1,97E-4;196,77;115,01;0,05;0,05
10,165;3,520;1,151;1,97E-4;196,80;115,12;0,05;0,05
10,166;3,521;1,152;1,97E-4;196,82;115,15;0,05;0,05
10,167;3,521;1,152;1,97E-4;196,82;115,16;0,05;0,05
10,168;3,519;1,150;1,97E-4;196,78;114,99;0,05;0,05
10,169;3,520;1,151;1,97E-4;196,79;115,05;0,05;0,05
10,170;3,519;1,150;1,97E-4;196,76;115,00;0,05;0,05
10,171;3,519;1,150;1,97E-4;196,77;115,03;0,05;0,05
10,172;3,520;1,150;1,97E-4;196,78;115,00;0,05;0,05
10,173;3,519;1,150;1,97E-4;196,76;114,97;0,05;0,05
10,174;3,519;1,150;1,97E-4;196,77;114,97;0,05;0,05
10,175;3,519;1,150;1,97E-4;196,78;115,01;0,05;0,05
10,176;3,520;1,151;1,97E-4;196,79;115,05;0,05;0,05
10,177;3,520;1,150;1,97E-4;196,79;115,03;0,05;0,05
10,178;3,520;1,150;1,97E-4;196,78;114,99;0,05;0,05
10,179;3,519;1,150;1,97E-4;196,77;114,95;0,05;0,05
10,180;3,519;1,150;1,97E-4;196,76;114,95;0,05;0,05
10,181;3,519;1,149;1,97E-4;196,76;114,94;0,05;0,05
10,182;3,520;1,150;1,97E-4;196,78;114,98;0,05;0,05
10,183;3,520;1,150;1,97E-4;196,79;115,03;0,05;0,05
10,184;3,520;1,151;1,97E-4;196,81;115,07;0,05;0,05
10,185;3,521;1,151;1,97E-4;196,82;115,07;0,05;0,05
10,186;3,520;1,150;1,97E-4;196,80;115,05;0,05;0,05
10,187;3,520;1,150;1,97E-4;196,81;115,05;0,05;0,05
10,188;3,521;1,151;1,97E-4;196,82;115,10;0,05;0,05
10,189;3,521;1,151;1,97E-4;196,82;115,08;0,05;0,05
10,190;3,521;1,151;1,97E-4;196,82;115,07;0,05;0,05
10,191;3,521;1,151;1,97E-4;196,83;115,13;0,05;0,05
10,192;3,521;1,151;1,97E-4;196,83;115,10;0,05;0,05
10,193;3,520;1,150;1,97E-4;196,79;115,00;0,05;0,05
10,194;3,521;1,150;1,97E-4;196,81;115,01;0,05;0,05
10,195;3,521;1,150;1,97E-4;196,81;115,02;0,05;0,05
10,196;3,521;1,151;1,97E-4;196,84;115,08;0,05;0,05
10,197;3,520;1,150;1,97E-4;196,78;115,00;0,05;0,05
10,198;3,520;1,149;1,97E-4;196,79;114,95;0,05;0,05
10,199;3,521;1,151;1,97E-4;196,82;115,11;0,05;0,05
10,200;3,519;1,149;1,97E-4;196,77;114,94;0,05;0,05
10,201;3,520;1,150;1,97E-4;196,79;115,02;0,05;0,05
10,202;3,521;1,150;1,97E-4;196,81;115,04;0,05;0,05
10,203;3,520;1,150;1,97E-4;196,80;115,00;0,05;0,05
10,204;3,519;1,149;1,97E-4;196,76;114,86;0,05;0,05
10,205;3,520;1,149;1,97E-4;196,78;114,91;0,05;0,05
10,206;3,520;1,150;1,97E-4;196,80;115,00;0,05;0,05
10,207;3,521;1,150;1,97E-4;196,82;115,01;0,05;0,05
10,208;3,521;1,151;1,97E-4;196,82;115,06;0,05;0,05
10,209;3,519;1,148;1,97E-4;196,76;114,84;0,05;0,05
10,210;3,521;1,150;1,97E-4;196,82;115,01;0,05;0,05
10,211;3,521;1,151;1,97E-4;196,83;115,07;0,05;0,05
10,212;3,520;1,149;1,97E-4;196,78;114,91;0,05;0,05
10,213;3,520;1,149;1,97E-4;196,78;114,91;0,05;0,05
10,214;3,520;1,150;1,97E-4;196,81;114,99;0,05;0,05
10,215;3,521;1,150;1,97E-4;196,82;115,02;0,05;0,05
10,216;3,520;1,149;1,97E-4;196,78;114,87;0,05;0,05
10,217;3,519;1,148;1,97E-4;196,75;114,80;0,05;0,05
10,218;3,519;1,149;1,97E-4;196,76;114,87;0,05;0,05
10,219;3,521;1,150;1,97E-4;196,83;115,04;0,05;0,05
10,220;3,521;1,150;1,97E-4;196,81;114,98;0,05;0,05
10,221;3,521;1,150;1,97E-4;196,82;115,03;0,05;0,05
10,222;3,520;1,150;1,97E-4;196,80;114,96;0,05;0,05
10,223;3,520;1,149;1,97E-4;196,79;114,91;0,05;0,05
10,224;3,521;1,151;1,97E-4;196,84;115,06;0,05;0,05
10,225;3,522;1,151;1,97E-4;196,85;115,11;0,05;0,05
10,226;3,522;1,151;1,97E-4;196,85;115,08;0,05;0,05
10,227;3,521;1,150;1,97E-4;196,83;115,02;0,05;0,05
10,228;3,520;1,149;1,97E-4;196,80;114,91;0,05;0,05
10,229;3,520;1,150;1,97E-4;196,80;114,99;0,05;0,05
10,230;3,520;1,150;1,97E-4;196,81;114,96;0,05;0,05
10,231;3,521;1,150;1,97E-4;196,81;114,96;0,05;0,05
10,232;3,521;1,151;1,97E-4;196,84;115,06;0,05;0,05
10,233;3,521;1,150;1,97E-4;196,83;115,02;0,05;0,05
10,234;3,520;1,150;1,97E-4;196,81;114,99;0,05;0,05
10,235;3,520;1,149;1,97E-4;196,79;114,91;0,05;0,05
10,236;3,521;1,149;1,97E-4;196,81;114,95;0,05;0,05
10,237;3,522;1,151;1,97E-4;196,85;115,07;0,05;0,05
10,238;3,521;1,150;1,97E-4;196,84;115,05;0,05;0,05
10,239;3,520;1,149;1,97E-4;196,80;114,91;0,05;0,05
10,240;3,521;1,149;1,97E-4;196,81;114,94;0,05;0,05
10,241;3,521;1,150;1,97E-4;196,82;114,99;0,05;0,05
10,242;3,521;1,150;1,97E-4;196,83;115,05;0,05;0,05
10,243;3,522;1,151;1,97E-4;196,84;115,07;0,05;0,05
10,244;3,522;1,151;1,97E-4;196,86;115,07;0,05;0,05
10,245;3,522;1,151;1,97E-4;196,84;115,05;0,05;0,05
10,246;3,521;1,150;1,97E-4;196,83;114,97;0,05;0,05
10,247;3,521;1,150;1,97E-4;196,82;114,96;0,05;0,05
10,248;3,522;1,151;1,97E-4;196,85;115,07;0,05;0,05
10,249;3,522;1,151;1,97E-4;196,86;115,11;0,05;0,05
10,250;3,521;1,150;1,97E-4;196,84;114,99;0,05;0,05
10,251;3,521;1,150;1,97E-4;196,83;115,00;0,05;0,05
10,252;3,521;1,149;1,97E-4;196,81;114,94;0,05;0,05
10,253;3,521;1,149;1,97E-4;196,81;114,93;0,05;0,05
10,254;3,520;1,149;1,97E-4;196,80;114,91;0,05;0,05
10,255;3,522;1,151;1,97E-4;196,85;115,05;0,05;0,05
10,256;3,521;1,150;1,97E-4;196,83;114,99;0,05;0,05
10,257;3,522;1,151;1,97E-4;196,85;115,07;0,05;0,05
10,258;3,523;1,152;1,97E-4;196,89;115,16;0,05;0,05
10,259;3,522;1,150;1,97E-4;196,84;115,03;0,05;0,05
10,260;3,521;1,150;1,97E-4;196,84;114,98;0,05;0,05
10,261;3,522;1,151;1,97E-4;196,87;115,12;0,05;0,05
10,262;3,522;1,152;1,97E-4;196,87;115,16;0,05;0,05
10,263;3,522;1,151;1,97E-4;196,85;115,09;0,05;0,05
10,264;3,522;1,151;1,97E-4;196,87;115,11;0,05;0,05
10,265;3,521;1,150;1,97E-4;196,84;114,99;0,05;0,05
10,266;3,521;1,150;1,97E-4;196,82;114,98;0,05;0,05
10,267;3,522;1,151;1,97E-4;196,85;115,08;0,05;0,05
10,268;3,522;1,151;1,97E-4;196,87;115,13;0,05;0,05
10,269;3,522;1,150;1,97E-4;196,84;115,02;0,05;0,05
10,270;3,521;1,150;1,97E-4;196,83;115,01;0,05;0,05
10,271;3,521;1,150;1,97E-4;196,82;114,95;0,05;0,05
10,272;3,522;1,151;1,97E-4;196,85;115,06;0,05;0,05
10,273;3,520;1,149;1,97E-4;196,81;114,90;0,05;0,05
10,274;3,520;1,150;1,97E-4;196,81;114,95;0,05;0,05
10,275;3,522;1,150;1,97E-4;196,84;115,04;0,05;0,05
10,276;3,520;1,149;1,97E-4;196,81;114,92;0,05;0,05
10,277;3,522;1,150;1,97E-4;196,85;115,03;0,05;0,05
10,278;3,522;1,151;1,97E-4;196,86;115,12;0,05;0,05
10,279;3,521;1,149;1,97E-4;196,81;114,93;0,05;0,05
10,280;3,521;1,150;1,97E-4;196,82;114,97;0,05;0,05
10,281;3,521;1,150;1,97E-4;196,83;115,00;0,05;0,05
10,282;3,521;1,150;1,97E-4;196,82;114,99;0,05;0,05
10,283;3,521;1,150;1,97E-4;196,84;115,04;0,05;0,05
10,284;3,521;1,150;1,97E-4;196,83;115,00;0,05;0,05
10,285;3,521;1,151;1,97E-4;196,84;115,05;0,05;0,05
10,286;3,521;1,150;1,97E-4;196,82;114,99;0,05;0,05
10,287;3,522;1,150;1,97E-4;196,84;115,04;0,05;0,05
10,288;3,522;1,151;1,97E-4;196,85;115,11;0,05;0,05
10,289;3,522;1,151;1,97E-4;196,85;115,07;0,05;0,05
10,290;3,522;1,152;1,97E-4;196,87;115,16;0,05;0,05
10,291;3,522;1,151;1,97E-4;196,86;115,10;0,05;0,05
10,292;3,521;1,150;1,97E-4;196,81;114,98;0,05;0,05
10,293;3,521;1,150;1,97E-4;196,83;115,00;0,05;0,05
10,294;3,522;1,151;1,97E-4;196,84;115,05;0,05;0,05
10,295;3,521;1,150;1,97E-4;196,82;115,00;0,05;0,05
10,296;3,522;1,151;1,97E-4;196,87;115,14;0,05;0,05
10,297;3,522;1,151;1,97E-4;196,85;115,10;0,05;0,05
10,298;3,521;1,151;1,97E-4;196,84;115,05;0,05;0,05
10,299;3,521;1,151;1,97E-4;196,84;115,05;0,05;0,05
10,300;3,521;1,151;1,97E-4;196,84;115,05;0,05;0,05
10,301;3,523;1,152;1,97E-4;196,89;115,20;0,05;0,05
10,302;3,522;1,151;1,97E-4;196,85;115,07;0,05;0,05
10,303;3,521;1,150;1,97E-4;196,83;115,04;0,05;0,05
10,304;3,522;1,151;1,97E-4;196,86;115,11;0,05;0,05
10,305;3,522;1,151;1,97E-4;196,85;115,11;0,05;0,05
10,306;3,522;1,151;1,97E-4;196,85;115,12;0,05;0,05
10,307;3,523;1,152;1,97E-4;196,89;115,18;0,05;0,05
10,308;3,521;1,151;1,97E-4;196,84;115,07;0,05;0,05
10,309;3,522;1,151;1,97E-4;196,87;115,15;0,05;0,05
10,310;3,521;1,150;1,97E-4;196,84;115,05;0,05;0,05
10,311;3,522;1,151;1,97E-4;196,87;115,15;0,05;0,05
10,312;3,521;1,151;1,97E-4;196,83;115,07;0,05;0,05
10,313;3,522;1,150;1,97E-4;196,84;115,04;0,05;0,05
10,314;3,522;1,151;1,97E-4;196,85;115,09;0,05;0,05
10,315;3,522;1,151;1,97E-4;196,86;115,11;0,05;0,05
10,316;3,522;1,151;1,97E-4;196,84;115,08;0,05;0,05
10,317;3,521;1,150;1,97E-4;196,81;114,98;0,05;0,05
10,318;3,522;1,151;1,97E-4;196,86;115,11;0,05;0,05
10,319;3,521;1,151;1,97E-4;196,83;115,08;0,05;0,05
10,320;3,522;1,152;1,97E-4;196,87;115,15;0,05;0,05
10,321;3,521;1,151;1,97E-4;196,83;115,06;0,05;0,05
10,322;3,522;1,151;1,97E-4;196,85;115,09;0,05;0,05
10,323;3,522;1,152;1,97E-4;196,86;115,15;0,05;0,05
10,324;3,522;1,151;1,97E-4;196,86;115,12;0,05;0,05
10,325;3,521;1,150;1,97E-4;196,83;115,03;0,05;0,05
10,326;3,522;1,151;1,97E-4;196,86;115,11;0,05;0,05
10,327;3,521;1,150;1,97E-4;196,84;115,02;0,05;0,05
10,328;3,522;1,151;1,97E-4;196,85;115,08;0,05;0,05
10,329;3,522;1,151;1,97E-4;196,86;115,10;0,05;0,05
10,330;3,522;1,151;1,97E-4;196,85;115,11;0,05;0,05
10,331;3,522;1,151;1,97E-4;196,85;115,10;0,05;0,05
10,332;3,521;1,151;1,97E-4;196,83;115,05;0,05;0,05
10,333;3,522;1,151;1,97E-4;196,86;115,11;0,05;0,05
10,334;3,521;1,151;1,97E-4;196,83;115,07;0,05;0,05
10,335;3,521;1,150;1,97E-4;196,82;115,01;0,05;0,05
10,336;3,522;1,151;1,97E-4;196,86;115,14;0,05;0,05
10,337;3,522;1,151;1,97E-4;196,85;115,10;0,05;0,05
10,338;3,523;1,152;1,97E-4;196,88;115,18;0,05;0,05
10,339;3,522;1,151;1,97E-4;196,86;115,11;0,05;0,05
10,340;3,522;1,151;1,97E-4;196,86;115,11;0,05;0,05
10,341;3,521;1,150;1,97E-4;196,82;114,98;0,05;0,05
10,342;3,522;1,151;1,97E-4;196,85;115,08;0,05;0,05
10,343;3,522;1,151;1,97E-4;196,86;115,11;0,05;0,05
10,344;3,522;1,151;1,97E-4;196,84;115,07;0,05;0,05
10,345;3,521;1,150;1,97E-4;196,83;115,03;0,05;0,05
10,346;3,522;1,151;1,97E-4;196,84;115,08;0,05;0,05
10,347;3,522;1,151;1,97E-4;196,86;115,11;0,05;0,05
10,348;3,522;1,152;1,97E-4;196,86;115,15;0,05;0,05
10,349;3,522;1,151;1,97E-4;196,86;115,11;0,05;0,05
10,350;3,522;1,151;1,97E-4;196,84;115,08;0,05;0,05
10,351;3,522;1,150;1,97E-4;196,84;115,05;0,05;0,05
10,352;3,523;1,152;1,97E-4;196,88;115,15;0,05;0,05
10,353;3,522;1,151;1,97E-4;196,84;115,09;0,05;0,05
10,354;3,521;1,150;1,97E-4;196,81;114,96;0,05;0,05
10,355;3,523;1,152;1,97E-4;196,87;115,16;0,05;0,05
10,356;3,521;1,151;1,97E-4;196,84;115,09;0,05;0,05
10,357;3,521;1,151;1,97E-4;196,83;115,06;0,05;0,05
10,358;3,521;1,150;1,97E-4;196,82;115,04;0,05;0,05
10,359;3,522;1,151;1,97E-4;196,84;115,11;0,05;0,05
10,360;3,523;1,152;1,97E-4;196,88;115,20;0,05;0,05
10,361;3,523;1,152;1,97E-4;196,87;115,19;0,05;0,05
10,362;3,522;1,151;1,97E-4;196,86;115,14;0,05;0,05
10,363;3,522;1,152;1,97E-4;196,86;115,17;0,05;0,05
10,364;3,523;1,152;1,97E-4;196,88;115,23;0,05;0,05
10,365;3,522;1,151;1,97E-4;196,85;115,11;0,05;0,05
10,366;3,522;1,151;1,97E-4;196,86;115,11;0,05;0,05
10,367;3,522;1,151;1,97E-4;196,84;115,11;0,05;0,05
10,368;3,521;1,150;1,97E-4;196,82;115,04;0,05;0,05
10,369;3,522;1,151;1,97E-4;196,86;115,13;0,05;0,05
10,370;3,523;1,152;1,97E-4;196,88;115,20;0,05;0,05
10,371;3,522;1,151;1,97E-4;196,84;115,08;0,05;0,05
10,372;3,521;1,150;1,97E-4;196,82;115,04;0,05;0,05
10,373;3,522;1,151;1,97E-4;196,86;115,14;0,05;0,05
10,374;3,522;1,151;1,97E-4;196,85;115,09;0,05;0,05
10,375;3,522;1,151;1,97E-4;196,85;115,11;0,05;0,05
10,376;3,521;1,150;1,97E-4;196,83;115,05;0,05;0,05
10,377;3,522;1,151;1,97E-4;196,85;115,14;0,05;0,05
10,378;3,522;1,151;1,97E-4;196,84;115,09;0,05;0,05
10,379;3,520;1,150;1,97E-4;196,79;114,96;0,05;0,05
10,380;3,521;1,150;1,97E-4;196,82;115,03;0,05;0,05
10,381;3,522;1,152;1,97E-4;196,86;115,16;0,05;0,05
10,382;3,522;1,151;1,97E-4;196,84;115,11;0,05;0,05
10,383;3,521;1,151;1,97E-4;196,82;115,09;0,05;0,05
10,384;3,522;1,152;1,97E-4;196,85;115,17;0,05;0,05
10,385;3,522;1,152;1,97E-4;196,87;115,19;0,05;0,05
10,386;3,522;1,152;1,97E-4;196,86;115,20;0,05;0,05
10,387;3,522;1,152;1,97E-4;196,85;115,16;0,05;0,05
10,388;3,522;1,151;1,97E-4;196,84;115,11;0,05;0,05
10,389;3,521;1,151;1,97E-4;196,83;115,12;0,05;0,05
10,390;3,523;1,153;1,97E-4;196,89;115,30;0,05;0,05
10,391;3,522;1,151;1,97E-4;196,84;115,15;0,05;0,05
10,392;3,521;1,151;1,97E-4;196,82;115,08;0,05;0,05
10,393;3,523;1,153;1,97E-4;196,88;115,27;0,05;0,05
10,394;3,523;1,153;1,97E-4;196,90;115,29;0,05;0,05
10,395;3,522;1,152;1,97E-4;196,87;115,21;0,05;0,05
10,396;3,522;1,152;1,97E-4;196,86;115,18;0,05;0,05
10,397;3,522;1,152;1,97E-4;196,86;115,18;0,05;0,05
10,398;3,522;1,152;1,97E-4;196,86;115,20;0,05;0,05
10,399;3,522;1,152;1,97E-4;196,87;115,22;0,05;0,05
10,400;3,522;1,151;1,97E-4;196,85;115,13;0,05;0,05
10,401;3,522;1,152;1,97E-4;196,86;115,19;0,05;0,05
10,402;3,523;1,152;1,97E-4;196,89;115,24;0,05;0,05
10,403;3,523;1,153;1,97E-4;196,89;115,27;0,05;0,05
10,404;3,524;1,153;1,97E-4;196,91;115,34;0,05;0,05
10,405;3,523;1,153;1,97E-4;196,89;115,30;0,05;0,05
10,406;3,523;1,152;1,97E-4;196,87;115,24;0,05;0,05
10,407;3,522;1,152;1,97E-4;196,86;115,19;0,05;0,05
10,408;3,522;1,152;1,97E-4;196,87;115,21;0,05;0,05
10,409;3,522;1,152;1,97E-4;196,85;115,16;0,05;0,05
10,410;3,522;1,151;1,97E-4;196,84;115,11;0,05;0,05
10,411;3,522;1,151;1,97E-4;196,86;115,14;0,05;0,05
10,412;3,522;1,151;1,97E-4;196,85;115,15;0,05;0,05
10,413;3,522;1,152;1,97E-4;196,84;115,19;0,05;0,05
10,414;3,522;1,151;1,97E-4;196,84;115,15;0,05;0,05
10,415;3,522;1,151;1,97E-4;196,85;115,14;0,05;0,05
10,416;3,521;1,151;1,97E-4;196,82;115,06;0,05;0,05
10,417;3,521;1,151;1,97E-4;196,83;115,12;0,05;0,05
10,418;3,521;1,151;1,97E-4;196,81;115,05;0,05;0,05
10,419;3,522;1,152;1,97E-4;196,84;115,16;0,05;0,05
10,420;3,521;1,152;1,97E-4;196,83;115,15;0,05;0,05
10,421;3,522;1,152;1,97E-4;196,85;115,16;0,05;0,05
10,422;3,521;1,151;1,97E-4;196,82;115,10;0,05;0,05
10,423;3,522;1,152;1,97E-4;196,85;115,17;0,05;0,05
10,424;3,522;1,152;1,97E-4;196,87;115,19;0,05;0,05
10,425;3,524;1,153;1,97E-4;196,91;115,32;0,05;0,05
10,426;3,523;1,153;1,97E-4;196,88;115,27;0,05;0,05
10,427;3,522;1,152;1,97E-4;196,85;115,17;0,05;0,05
10,428;3,522;1,152;1,97E-4;196,86;115,22;0,05;0,05
10,429;3,522;1,152;1,97E-4;196,86;115,21;0,05;0,05
10,430;3,522;1,152;1,97E-4;196,84;115,17;0,05;0,05
10,431;3,523;1,153;1,97E-4;196,89;115,29;0,05;0,05
10,432;3,522;1,152;1,97E-4;196,85;115,20;0,05;0,05
10,433;3,521;1,151;1,97E-4;196,83;115,11;0,05;0,05
10,434;3,520;1,151;1,97E-4;196,80;115,07;0,05;0,05
10,435;3,521;1,151;1,97E-4;196,82;115,10;0,05;0,05
10,436;3,522;1,151;1,97E-4;196,84;115,14;0,05;0,05
10,437;3,521;1,151;1,97E-4;196,82;115,06;0,05;0,05
10,438;3,522;1,152;1,97E-4;196,85;115,17;0,05;0,05
10,439;3,521;1,152;1,97E-4;196,84;115,16;0,05;0,05
10,440;3,523;1,153;1,97E-4;196,89;115,30;0,05;0,05
10,441;3,523;1,153;1,97E-4;196,88;115,30;0,05;0,05
10,442;3,522;1,152;1,97E-4;196,86;115,24;0,05;0,05
10,443;3,523;1,153;1,97E-4;196,88;115,28;0,05;0,05
10,444;3,522;1,152;1,97E-4;196,85;115,18;0,05;0,05
10,445;3,521;1,151;1,97E-4;196,82;115,05;0,05;0,05
10,446;3,521;1,151;1,97E-4;196,83;115,12;0,05;0,05
10,447;3,522;1,152;1,97E-4;196,85;115,15;0,05;0,05
10,448;3,522;1,151;1,97E-4;196,84;115,13;0,05;0,05
10,449;3,522;1,152;1,97E-4;196,87;115,23;0,05;0,05
10,450;3,522;1,152;1,97E-4;196,85;115,17;0,05;0,05
10,451;3,523;1,153;1,97E-4;196,88;115,26;0,05;0,05
10,452;3,523;1,152;1,97E-4;196,88;115,22;0,05;0,05
10,453;3,521;1,151;1,97E-4;196,82;115,10;0,05;0,05
10,454;3,523;1,153;1,97E-4;196,88;115,28;0,05;0,05
10,455;3,521;1,151;1,97E-4;196,82;115,06;0,05;0,05
10,456;3,520;1,150;1,97E-4;196,80;115,02;0,05;0,05
10,457;3,522;1,152;1,97E-4;196,85;115,19;0,05;0,05
10,458;3,522;1,152;1,97E-4;196,85;115,15;0,05;0,05
10,459;3,521;1,151;1,97E-4;196,82;115,07;0,05;0,05
10,460;3,521;1,150;1,97E-4;196,81;115,03;0,05;0,05
10,461;3,522;1,152;1,97E-4;196,87;115,22;0,05;0,05
10,462;3,521;1,151;1,97E-4;196,83;115,12;0,05;0,05
10,463;3,521;1,151;1,97E-4;196,83;115,09;0,05;0,05
10,464;3,522;1,152;1,97E-4;196,85;115,17;0,05;0,05
10,465;3,521;1,151;1,97E-4;196,84;115,14;0,05;0,05
10,466;3,522;1,151;1,97E-4;196,84;115,14;0,05;0,05
10,467;3,521;1,151;1,97E-4;196,82;115,06;0,05;0,05
10,468;3,523;1,153;1,97E-4;196,90;115,31;0,05;0,05
10,469;3,522;1,152;1,97E-4;196,86;115,17;0,05;0,05
10,470;3,522;1,151;1,97E-4;196,85;115,14;0,05;0,05
10,471;3,522;1,151;1,97E-4;196,85;115,15;0,05;0,05
10,472;3,522;1,152;1,97E-4;196,84;115,16;0,05;0,05
10,473;3,524;1,154;1,97E-4;196,91;115,39;0,05;0,05
10,474;3,523;1,153;1,97E-4;196,88;115,27;0,05;0,05
10,475;3,521;1,151;1,97E-4;196,83;115,12;0,05;0,05
10,476;3,521;1,151;1,97E-4;196,84;115,11;0,05;0,05
10,477;3,521;1,151;1,97E-4;196,83;115,13;0,05;0,05
10,478;3,522;1,152;1,97E-4;196,85;115,17;0,05;0,05
10,479;3,522;1,152;1,97E-4;196,85;115,17;0,05;0,05
10,480;3,522;1,152;1,97E-4;196,86;115,22;0,05;0,05
10,481;3,523;1,153;1,97E-4;196,87;115,28;0,05;0,05
10,482;3,522;1,152;1,97E-4;196,86;115,23;0,05;0,05
10,483;3,521;1,151;1,97E-4;196,82;115,08;0,05;0,05
10,484;3,522;1,152;1,97E-4;196,84;115,17;0,05;0,05
10,485;3,521;1,151;1,97E-4;196,82;115,10;0,05;0,05
10,486;3,522;1,152;1,97E-4;196,85;115,17;0,05;0,05
10,487;3,522;1,152;1,97E-4;196,87;115,25;0,05;0,05
10,488;3,522;1,152;1,97E-4;196,84;115,16;0,05;0,05
10,489;3,521;1,151;1,97E-4;196,82;115,10;0,05;0,05
10,490;3,521;1,151;1,97E-4;196,83;115,14;0,05;0,05
10,491;3,522;1,152;1,97E-4;196,85;115,20;0,05;0,05
10,492;3,521;1,152;1,97E-4;196,84;115,19;0,05;0,05
10,493;3,522;1,152;1,97E-4;196,85;115,17;0,05;0,05
10,494;3,523;1,152;1,97E-4;196,88;115,23;0,05;0,05
10,495;3,523;1,153;1,97E-4;196,87;115,29;0,05;0,05
10,496;3,522;1,152;1,97E-4;196,85;115,24;0,05;0,05
10,497;3,521;1,152;1,97E-4;196,82;115,15;0,05;0,05
10,498;3,521;1,152;1,97E-4;196,83;115,16;0,05;0,05
10,499;3,521;1,151;1,97E-4;196,81;115,12;0,05;0,05
10,500;3,521;1,151;1,97E-4;196,83;115,12;0,05;0,05
10,501;3,521;1,151;1,97E-4;196,83;115,12;0,05;0,05
10,502;3,522;1,152;1,97E-4;196,85;115,22;0,05;0,05
10,503;3,522;1,152;1,97E-4;196,85;115,21;0,05;0,05
10,504;3,523;1,154;1,97E-4;196,90;115,35;0,05;0,05
10,505;3,522;1,153;1,97E-4;196,87;115,26;0,05;0,05
10,506;3,522;1,152;1,97E-4;196,86;115,22;0,05;0,05
10,507;3,521;1,152;1,97E-4;196,84;115,19;0,05;0,05
10,508;3,521;1,151;1,97E-4;196,82;115,13;0,05;0,05
10,509;3,521;1,151;1,97E-4;196,81;115,07;0,05;0,05
10,510;3,521;1,151;1,97E-4;196,83;115,14;0,05;0,05
10,511;3,521;1,152;1,97E-4;196,84;115,18;0,05;0,05
10,512;3,521;1,151;1,97E-4;196,83;115,14;0,05;0,05
10,513;3,521;1,152;1,97E-4;196,81;115,16;0,05;0,05
10,514;3,521;1,152;1,97E-4;196,84;115,17;0,05;0,05
10,515;3,521;1,152;1,97E-4;196,84;115,19;0,05;0,05
10,516;3,522;1,152;1,97E-4;196,86;115,24;0,05;0,05
10,517;3,521;1,151;1,97E-4;196,82;115,15;0,05;0,05
10,518;3,520;1,150;1,97E-4;196,80;115,04;0,05;0,05
10,519;3,521;1,152;1,97E-4;196,83;115,18;0,05;0,05
10,520;3,521;1,151;1,97E-4;196,83;115,15;0,05;0,05
10,521;3,522;1,153;1,97E-4;196,85;115,26;0,05;0,05
10,522;3,521;1,152;1,97E-4;196,84;115,19;0,05;0,05
10,523;3,522;1,153;1,97E-4;196,87;115,25;0,05;0,05
10,524;3,522;1,152;1,97E-4;196,86;115,24;0,05;0,05
10,525;3,522;1,152;1,97E-4;196,86;115,23;0,05;0,05
10,526;3,522;1,152;1,97E-4;196,85;115,20;0,05;0,05
10,527;3,521;1,151;1,97E-4;196,81;115,08;0,05;0,05
10,528;3,521;1,151;1,97E-4;196,84;115,15;0,05;0,05
10,529;3,523;1,153;1,97E-4;196,88;115,31;0,05;0,05
10,530;3,521;1,152;1,97E-4;196,84;115,19;0,05;0,05
10,531;3,521;1,152;1,97E-4;196,84;115,21;0,05;0,05
10,532;3,522;1,153;1,97E-4;196,87;115,29;0,05;0,05
10,533;3,521;1,152;1,97E-4;196,83;115,16;0,05;0,05
10,534;3,520;1,151;1,97E-4;196,80;115,09;0,05;0,05
10,535;3,521;1,152;1,97E-4;196,84;115,20;0,05;0,05
10,536;3,522;1,153;1,97E-4;196,85;115,27;0,05;0,05
10,537;3,523;1,154;1,97E-4;196,88;115,36;0,05;0,05
10,538;3,522;1,153;1,97E-4;196,86;115,26;0,05;0,05
10,539;3,522;1,153;1,97E-4;196,87;115,27;0,05;0,05
10,540;3,522;1,153;1,97E-4;196,87;115,30;0,05;0,05
10,541;3,522;1,152;1,97E-4;196,84;115,21;0,05;0,05
10,542;3,522;1,152;1,97E-4;196,84;115,19;0,05;0,05
10,543;3,522;1,152;1,97E-4;196,85;115,25;0,05;0,05
10,544;3,523;1,153;1,97E-4;196,88;115,31;0,05;0,05
10,545;3,522;1,153;1,97E-4;196,85;115,27;0,05;0,05
10,546;3,522;1,153;1,97E-4;196,87;115,29;0,05;0,05
10,547;3,522;1,152;1,97E-4;196,85;115,24;0,05;0,05
10,548;3,521;1,151;1,97E-4;196,82;115,14;0,05;0,05
10,549;3,522;1,152;1,97E-4;196,85;115,23;0,05;0,05
10,550;3,522;1,153;1,97E-4;196,85;115,27;0,05;0,05
10,551;3,523;1,154;1,97E-4;196,88;115,36;0,05;0,05
10,552;3,523;1,153;1,97E-4;196,88;115,33;0,05;0,05
10,553;3,522;1,152;1,97E-4;196,84;115,25;0,05;0,05
10,554;3,521;1,152;1,97E-4;196,83;115,20;0,05;0,05
10,555;3,521;1,152;1,97E-4;196,83;115,19;0,05;0,05
10,556;3,522;1,152;1,97E-4;196,84;115,23;0,05;0,05
10,557;3,522;1,152;1,97E-4;196,84;115,23;0,05;0,05
10,558;3,521;1,152;1,97E-4;196,83;115,20;0,05;0,05
10,559;3,521;1,151;1,97E-4;196,82;115,14;0,05;0,05
10,560;3,522;1,153;1,97E-4;196,87;115,31;0,05;0,05
10,561;3,522;1,153;1,97E-4;196,85;115,28;0,05;0,05
10,562;3,523;1,154;1,97E-4;196,90;115,36;0,05;0,05
10,563;3,523;1,153;1,97E-4;196,88;115,35;0,05;0,05
10,564;3,522;1,152;1,97E-4;196,85;115,21;0,05;0,05
10,565;3,522;1,153;1,97E-4;196,87;115,26;0,05;0,05
10,566;3,522;1,152;1,97E-4;196,84;115,24;0,05;0,05
10,567;3,522;1,153;1,97E-4;196,85;115,28;0,05;0,05
10,568;3,523;1,153;1,97E-4;196,88;115,34;0,05;0,05
10,569;3,523;1,154;1,97E-4;196,90;115,39;0,05;0,05
10,570;3,523;1,154;1,97E-4;196,90;115,40;0,05;0,05
10,571;3,522;1,152;1,97E-4;196,85;115,24;0,05;0,05
10,572;3,521;1,152;1,97E-4;196,82;115,18;0,05;0,05
10,573;3,522;1,153;1,97E-4;196,87;115,27;0,05;0,05
10,574;3,521;1,152;1,97E-4;196,83;115,23;0,05;0,05
10,575;3,522;1,153;1,97E-4;196,86;115,28;0,05;0,05
10,576;3,521;1,152;1,97E-4;196,84;115,24;0,05;0,05
10,577;3,522;1,152;1,97E-4;196,85;115,24;0,05;0,05
10,578;3,522;1,152;1,97E-4;196,84;115,20;0,05;0,05
10,579;3,522;1,153;1,97E-4;196,86;115,26;0,05;0,05
10,580;3,522;1,152;1,97E-4;196,86;115,24;0,05;0,05
10,581;3,520;1,151;1,97E-4;196,80;115,11;0,05;0,05
10,582;3,522;1,152;1,97E-4;196,84;115,19;0,05;0,05
10,583;3,522;1,153;1,97E-4;196,86;115,30;0,05;0,05
10,584;3,523;1,153;1,97E-4;196,87;115,32;0,05;0,05
10,585;3,521;1,152;1,97E-4;196,83;115,21;0,05;0,05
10,586;3,521;1,152;1,97E-4;196,83;115,20;0,05;0,05
10,587;3,522;1,153;1,97E-4;196,85;115,27;0,05;0,05
10,588;3,522;1,153;1,97E-4;196,85;115,25;0,05;0,05
10,589;3,522;1,153;1,97E-4;196,86;115,32;0,05;0,05
10,590;3,522;1,152;1,97E-4;196,85;115,24;0,05;0,05
10,591;3,522;1,153;1,97E-4;196,87;115,31;0,05;0,05
10,592;3,522;1,153;1,97E-4;196,85;115,27;0,05;0,05
10,593;3,522;1,153;1,97E-4;196,85;115,28;0,05;0,05
10,594;3,521;1,152;1,97E-4;196,83;115,21;0,05;0,05
10,595;3,521;1,152;1,97E-4;196,84;115,19;0,05;0,05
10,596;3,522;1,152;1,97E-4;196,84;115,21;0,05;0,05
10,597;3,522;1,153;1,97E-4;196,86;115,28;0,05;0,05
10,598;3,522;1,153;1,97E-4;196,87;115,29;0,05;0,05
10,599;3,522;1,153;1,97E-4;196,84;115,28;0,05;0,05
10,600;3,522;1,152;1,97E-4;196,85;115,22;0,05;0,05
10,601;3,522;1,153;1,97E-4;196,87;115,33;0,05;0,05
10,602;3,522;1,153;1,97E-4;196,87;115,28;0,05;0,05
10,603;3,522;1,153;1,97E-4;196,86;115,29;0,05;0,05
10,604;3,522;1,153;1,97E-4;196,85;115,26;0,05;0,05
10,605;3,522;1,153;1,97E-4;196,85;115,25;0,05;0,05
10,606;3,521;1,152;1,97E-4;196,81;115,15;0,05;0,05
10,607;3,522;1,152;1,97E-4;196,84;115,24;0,05;0,05
10,608;3,521;1,152;1,97E-4;196,83;115,21;0,05;0,05
10,609;3,522;1,153;1,97E-4;196,86;115,29;0,05;0,05
10,610;3,521;1,152;1,97E-4;196,84;115,22;0,05;0,05
10,611;3,521;1,152;1,97E-4;196,83;115,20;0,05;0,05
10,612;3,520;1,151;1,97E-4;196,80;115,11;0,05;0,05
10,613;3,520;1,151;1,97E-4;196,80;115,15;0,05;0,05
10,614;3,522;1,153;1,97E-4;196,86;115,30;0,05;0,05
10,615;3,523;1,153;1,97E-4;196,88;115,33;0,05;0,05
10,616;3,522;1,153;1,97E-4;196,87;115,35;0,05;0,05
10,617;3,522;1,153;1,97E-4;196,85;115,26;0,05;0,05
10,618;3,522;1,152;1,97E-4;196,85;115,22;0,05;0,05
10,619;3,521;1,153;1,97E-4;196,84;115,25;0,05;0,05
10,620;3,522;1,153;1,97E-4;196,84;115,26;0,05;0,05
10,621;3,522;1,153;1,97E-4;196,87;115,31;0,05;0,05
10,622;3,522;1,153;1,97E-4;196,87;115,30;0,05;0,05
10,623;3,522;1,153;1,97E-4;196,86;115,28;0,05;0,05
10,624;3,521;1,153;1,97E-4;196,83;115,28;0,05;0,05
10,625;3,522;1,153;1,97E-4;196,85;115,26;0,05;0,05
10,626;3,522;1,153;1,97E-4;196,85;115,28;0,05;0,05
10,627;3,523;1,154;1,97E-4;196,89;115,38;0,05;0,05
10,628;3,522;1,153;1,97E-4;196,85;115,30;0,05;0,05
10,629;3,522;1,152;1,97E-4;196,84;115,22;0,05;0,05
10,630;3,522;1,153;1,97E-4;196,85;115,25;0,05;0,05
10,631;3,520;1,151;1,97E-4;196,79;115,08;0,05;0,05
10,632;3,521;1,152;1,97E-4;196,82;115,16;0,05;0,05
10,633;3,521;1,152;1,97E-4;196,83;115,23;0,05;0,05
10,634;3,521;1,152;1,97E-4;196,81;115,20;0,05;0,05
10,635;3,521;1,153;1,97E-4;196,83;115,26;0,05;0,05
10,636;3,522;1,153;1,97E-4;196,85;115,28;0,05;0,05
10,637;3,522;1,153;1,97E-4;196,86;115,27;0,05;0,05
10,638;3,522;1,153;1,97E-4;196,85;115,26;0,05;0,05
10,639;3,521;1,152;1,97E-4;196,82;115,20;0,05;0,05
10,640;3,521;1,152;1,97E-4;196,81;115,15;0,05;0,05
10,641;3,523;1,153;1,97E-4;196,87;115,33;0,05;0,05
10,642;3,522;1,153;1,97E-4;196,85;115,27;0,05;0,05
10,643;3,522;1,153;1,97E-4;196,85;115,27;0,05;0,05
10,644;3,523;1,153;1,97E-4;196,88;115,33;0,05;0,05
10,645;3,521;1,152;1,97E-4;196,83;115,23;0,05;0,05
10,646;3,521;1,152;1,97E-4;196,83;115,22;0,05;0,05
10,647;3,522;1,153;1,97E-4;196,86;115,30;0,05;0,05
10,648;3,522;1,153;1,97E-4;196,85;115,28;0,05;0,05
10,649;3,522;1,153;1,97E-4;196,85;115,30;0,05;0,05
10,650;3,522;1,153;1,97E-4;196,85;115,26;0,05;0,05
10,651;3,522;1,153;1,97E-4;196,87;115,30;0,05;0,05
10,652;3,522;1,153;1,97E-4;196,85;115,30;0,05;0,05
10,653;3,522;1,153;1,97E-4;196,86;115,32;0,05;0,05
10,654;3,523;1,154;1,97E-4;196,89;115,41;0,05;0,05
10,655;3,522;1,152;1,97E-4;196,84;115,22;0,05;0,05
10,656;3,522;1,153;1,97E-4;196,87;115,32;0,05;0,05
10,657;3,523;1,154;1,97E-4;196,88;115,36;0,05;0,05
10,658;3,521;1,152;1,97E-4;196,83;115,20;0,05;0,05
10,659;3,521;1,152;1,97E-4;196,83;115,20;0,05;0,05
10,660;3,522;1,153;1,97E-4;196,87;115,32;0,05;0,05
10,661;3,522;1,153;1,97E-4;196,85;115,27;0,05;0,05
10,662;3,522;1,153;1,97E-4;196,87;115,33;0,05;0,05
10,663;3,523;1,153;1,97E-4;196,88;115,34;0,05;0,05
10,664;3,523;1,154;1,97E-4;196,88;115,37;0,05;0,05
10,665;3,521;1,152;1,97E-4;196,83;115,23;0,05;0,05
10,666;3,521;1,152;1,97E-4;196,83;115,24;0,05;0,05
10,667;3,522;1,154;1,97E-4;196,86;115,36;0,05;0,05
10,668;3,523;1,154;1,97E-4;196,89;115,40;0,05;0,05
10,669;3,523;1,154;1,97E-4;196,87;115,37;0,05;0,05
10,670;3,522;1,153;1,97E-4;196,85;115,34;0,05;0,05
10,671;3,522;1,153;1,97E-4;196,84;115,27;0,05;0,05
10,672;3,521;1,152;1,97E-4;196,82;115,22;0,05;0,05
10,673;3,521;1,152;1,97E-4;196,82;115,17;0,05;0,05
10,674;3,522;1,153;1,97E-4;196,86;115,28;0,05;0,05
10,675;3,522;1,153;1,97E-4;196,87;115,35;0,05;0,05
10,676;3,521;1,153;1,97E-4;196,84;115,31;0,05;0,05
10,677;3,522;1,153;1,97E-4;196,84;115,29;0,05;0,05
10,678;3,522;1,153;1,97E-4;196,85;115,32;0,05;0,05
10,679;3,523;1,153;1,97E-4;196,88;115,35;0,05;0,05
10,680;3,521;1,152;1,97E-4;196,83;115,24;0,05;0,05
10,681;3,522;1,153;1,97E-4;196,85;115,32;0,05;0,05
10,682;3,521;1,152;1,97E-4;196,82;115,24;0,05;0,05
10,683;3,522;1,153;1,97E-4;196,85;115,32;0,05;0,05
10,684;3,522;1,153;1,97E-4;196,84;115,30;0,05;0,05
10,685;3,522;1,154;1,97E-4;196,86;115,36;0,05;0,05
10,686;3,522;1,154;1,97E-4;196,87;115,36;0,05;0,05
10,687;3,522;1,153;1,97E-4;196,85;115,34;0,05;0,05
10,688;3,522;1,153;1,97E-4;196,86;115,35;0,05;0,05
10,689;3,522;1,153;1,97E-4;196,85;115,35;0,05;0,05
10,690;3,522;1,154;1,97E-4;196,87;115,35;0,05;0,05
10,691;3,522;1,153;1,97E-4;196,85;115,31;0,05;0,05
10,692;3,521;1,152;1,97E-4;196,82;115,21;0,05;0,05
10,693;3,522;1,153;1,97E-4;196,85;115,31;0,05;0,05
10,694;3,522;1,154;1,97E-4;196,86;115,36;0,05;0,05
10,695;3,522;1,153;1,97E-4;196,84;115,30;0,05;0,05
10,696;3,522;1,154;1,97E-4;196,87;115,39;0,05;0,05
10,697;3,522;1,154;1,97E-4;196,87;115,37;0,05;0,05
10,698;3,523;1,154;1,97E-4;196,89;115,45;0,05;0,05
10,699;3,523;1,154;1,97E-4;196,89;115,44;0,05;0,05
10,700;3,522;1,153;1,97E-4;196,84;115,30;0,05;0,05
10,701;3,522;1,154;1,97E-4;196,86;115,36;0,05;0,05
10,702;3,522;1,153;1,97E-4;196,87;115,34;0,05;0,05
10,703;3,522;1,153;1,97E-4;196,85;115,29;0,05;0,05
10,704;3,521;1,153;1,97E-4;196,84;115,27;0,05;0,05
10,705;3,522;1,153;1,97E-4;196,86;115,33;0,05;0,05
10,706;3,521;1,153;1,97E-4;196,83;115,28;0,05;0,05
10,707;3,522;1,154;1,97E-4;196,87;115,39;0,05;0,05
10,708;3,522;1,154;1,97E-4;196,86;115,38;0,05;0,05
10,709;3,523;1,154;1,97E-4;196,88;115,41;0,05;0,05
10,710;3,521;1,153;1,97E-4;196,83;115,27;0,05;0,05
10,711;3,522;1,153;1,97E-4;196,85;115,33;0,05;0,05
10,712;3,521;1,153;1,97E-4;196,84;115,30;0,05;0,05
10,713;3,522;1,154;1,97E-4;196,87;115,40;0,05;0,05
10,714;3,522;1,154;1,97E-4;196,87;115,39;0,05;0,05
10,715;3,522;1,154;1,97E-4;196,87;115,38;0,05;0,05
10,716;3,522;1,154;1,97E-4;196,87;115,39;0,05;0,05
10,717;3,523;1,154;1,97E-4;196,88;115,42;0,05;0,05
10,718;3,521;1,153;1,97E-4;196,83;115,25;0,05;0,05
10,719;3,522;1,153;1,97E-4;196,85;115,33;0,05;0,05
10,720;3,522;1,154;1,97E-4;196,87;115,39;0,05;0,05
10,721;3,522;1,154;1,97E-4;196,86;115,37;0,05;0,05
10,722;3,523;1,154;1,97E-4;196,88;115,40;0,05;0,05
10,723;3,522;1,153;1,97E-4;196,85;115,33;0,05;0,05
10,724;3,521;1,153;1,97E-4;196,84;115,28;0,05;0,05
10,725;3,522;1,154;1,97E-4;196,87;115,38;0,05;0,05
10,726;3,522;1,153;1,97E-4;196,84;115,32;0,05;0,05
10,727;3,521;1,152;1,97E-4;196,83;115,23;0,05;0,05
10,728;3,520;1,152;1,97E-4;196,81;115,21;0,05;0,05
10,729;3,522;1,154;1,97E-4;196,85;115,36;0,05;0,05
10,730;3,523;1,155;1,97E-4;196,89;115,47;0,05;0,05
10,731;3,522;1,154;1,97E-4;196,84;115,35;0,05;0,05
10,732;3,521;1,153;1,97E-4;196,83;115,29;0,05;0,05
10,733;3,522;1,154;1,97E-4;196,85;115,38;0,05;0,05
10,734;3,521;1,153;1,97E-4;196,83;115,28;0,05;0,05
10,735;3,522;1,153;1,97E-4;196,85;115,31;0,05;0,05
10,736;3,522;1,153;1,97E-4;196,85;115,32;0,05;0,05
10,737;3,522;1,153;1,97E-4;196,84;115,33;0,05;0,05
10,738;3,522;1,154;1,97E-4;196,87;115,43;0,05;0,05
10,739;3,521;1,153;1,97E-4;196,84;115,31;0,05;0,05
10,740;3,521;1,152;1,97E-4;196,81;115,22;0,05;0,05
10,741;3,521;1,153;1,97E-4;196,82;115,28;0,05;0,05
10,742;3,521;1,153;1,97E-4;196,83;115,28;0,05;0,05
10,743;3,522;1,154;1,97E-4;196,86;115,39;0,05;0,05
10,744;3,523;1,154;1,97E-4;196,87;115,43;0,05;0,05
10,745;3,522;1,154;1,97E-4;196,86;115,38;0,05;0,05
10,746;3,522;1,154;1,97E-4;196,86;115,39;0,05;0,05
10,747;3,523;1,155;1,97E-4;196,89;115,47;0,05;0,05
10,748;3,523;1,155;1,97E-4;196,90;115,49;0,05;0,05
10,749;3,522;1,154;1,97E-4;196,86;115,37;0,05;0,05
10,750;3,523;1,154;1,97E-4;196,88;115,41;0,05;0,05
10,751;3,522;1,154;1,97E-4;196,85;115,36;0,05;0,05
10,752;3,522;1,153;1,97E-4;196,84;115,28;0,05;0,05
10,753;3,521;1,153;1,97E-4;196,83;115,29;0,05;0,05
10,754;3,522;1,154;1,97E-4;196,84;115,35;0,05;0,05
10,755;3,522;1,154;1,97E-4;196,85;115,35;0,05;0,05
10,756;3,522;1,153;1,97E-4;196,85;115,33;0,05;0,05
10,757;3,521;1,153;1,97E-4;196,84;115,33;0,05;0,05
10,758;3,522;1,153;1,97E-4;196,85;115,33;0,05;0,05
10,759;3,522;1,153;1,97E-4;196,85;115,35;0,05;0,05
10,760;3,522;1,154;1,97E-4;196,86;115,39;0,05;0,05
10,761;3,522;1,153;1,97E-4;196,85;115,32;0,05;0,05
10,762;3,520;1,152;1,97E-4;196,81;115,21;0,05;0,05
10,763;3,520;1,152;1,97E-4;196,80;115,19;0,05;0,05
10,764;3,521;1,152;1,97E-4;196,81;115,24;0,05;0,05
10,765;3,522;1,153;1,97E-4;196,86;115,34;0,05;0,05
10,766;3,522;1,154;1,97E-4;196,87;115,41;0,05;0,05
10,767;3,522;1,154;1,97E-4;196,86;115,38;0,05;0,05
10,768;3,522;1,153;1,97E-4;196,84;115,35;0,05;0,05
10,769;3,522;1,154;1,97E-4;196,86;115,39;0,05;0,05
10,770;3,522;1,153;1,97E-4;196,84;115,34;0,05;0,05
10,771;3,523;1,154;1,97E-4;196,87;115,42;0,05;0,05
10,772;3,521;1,154;1,97E-4;196,84;115,36;0,05;0,05
10,773;3,522;1,154;1,97E-4;196,85;115,35;0,05;0,05
10,774;3,522;1,154;1,97E-4;196,85;115,38;0,05;0,05
10,775;3,522;1,154;1,97E-4;196,85;115,35;0,05;0,05
10,776;3,522;1,154;1,97E-4;196,85;115,37;0,05;0,05
10,777;3,521;1,153;1,97E-4;196,82;115,27;0,05;0,05
10,778;3,522;1,154;1,97E-4;196,85;115,38;0,05;0,05
10,779;3,522;1,154;1,97E-4;196,86;115,41;0,05;0,05
10,780;3,522;1,155;1,97E-4;196,87;115,46;0,05;0,05
10,781;3,521;1,153;1,97E-4;196,83;115,31;0,05;0,05
10,782;3,522;1,154;1,97E-4;196,85;115,38;0,05;0,05
10,783;3,522;1,154;1,97E-4;196,86;115,40;0,05;0,05
10,784;3,522;1,153;1,97E-4;196,85;115,34;0,05;0,05
10,785;3,522;1,153;1,97E-4;196,84;115,34;0,05;0,05
10,786;3,521;1,153;1,97E-4;196,84;115,35;0,05;0,05
10,787;3,522;1,154;1,97E-4;196,87;115,42;0,05;0,05
10,788;3,522;1,154;1,97E-4;196,87;115,42;0,05;0,05
10,789;3,521;1,153;1,97E-4;196,83;115,25;0,05;0,05
10,790;3,520;1,152;1,97E-4;196,80;115,20;0,05;0,05
10,791;3,520;1,152;1,97E-4;196,80;115,20;0,05;0,05
10,792;3,521;1,152;1,97E-4;196,82;115,25;0,05;0,05
10,793;3,521;1,153;1,97E-4;196,82;115,26;0,05;0,05
10,794;3,522;1,154;1,97E-4;196,86;115,39;0,05;0,05
10,795;3,522;1,154;1,97E-4;196,86;115,41;0,05;0,05
10,796;3,522;1,153;1,97E-4;196,86;115,35;0,05;0,05
10,797;3,522;1,154;1,97E-4;196,86;115,42;0,05;0,05
10,798;3,522;1,154;1,97E-4;196,86;115,37;0,05;0,05
10,799;3,523;1,155;1,97E-4;196,88;115,47;0,05;0,05
10,800;3,522;1,154;1,97E-4;196,85;115,41;0,05;0,05
10,801;3,521;1,153;1,97E-4;196,83;115,33;0,05;0,05
10,802;3,522;1,154;1,97E-4;196,86;115,42;0,05;0,05
10,803;3,523;1,155;1,97E-4;196,89;115,48;0,05;0,05
10,804;3,522;1,154;1,97E-4;196,86;115,41;0,05;0,05
10,805;3,521;1,152;1,97E-4;196,82;115,24;0,05;0,05
10,806;3,522;1,154;1,97E-4;196,85;115,38;0,05;0,05
10,807;3,521;1,153;1,97E-4;196,83;115,33;0,05;0,05
10,808;3,522;1,154;1,97E-4;196,85;115,39;0,05;0,05
10,809;3,523;1,155;1,97E-4;196,88;115,46;0,05;0,05
10,810;3,523;1,154;1,97E-4;196,87;115,44;0,05;0,05
10,811;3,521;1,153;1,97E-4;196,82;115,33;0,05;0,05
10,812;3,520;1,152;1,97E-4;196,79;115,18;0,05;0,05
10,813;3,521;1,153;1,97E-4;196,82;115,30;0,05;0,05
10,814;3,523;1,155;1,97E-4;196,89;115,48;0,05;0,05
10,815;3,521;1,153;1,97E-4;196,82;115,27;0,05;0,05
10,816;3,521;1,153;1,97E-4;196,83;115,34;0,05;0,05
10,817;3,523;1,154;1,97E-4;196,87;115,44;0,05;0,05
10,818;3,522;1,154;1,97E-4;196,87;115,43;0,05;0,05
10,819;3,523;1,155;1,97E-4;196,89;115,50;0,05;0,05
10,820;3,523;1,155;1,97E-4;196,88;115,48;0,05;0,05
10,821;3,522;1,154;1,97E-4;196,85;115,41;0,05;0,05
10,822;3,522;1,154;1,97E-4;196,86;115,38;0,05;0,05
10,823;3,522;1,154;1,97E-4;196,85;115,40;0,05;0,05
10,824;3,522;1,154;1,97E-4;196,86;115,41;0,05;0,05
10,825;3,522;1,154;1,97E-4;196,86;115,42;0,05;0,05
10,826;3,524;1,156;1,97E-4;196,91;115,57;0,05;0,05
10,827;3,522;1,154;1,97E-4;196,86;115,37;0,05;0,05
10,828;3,521;1,153;1,97E-4;196,83;115,30;0,05;0,05
10,829;3,521;1,153;1,97E-4;196,82;115,26;0,05;0,05
10,830;3,521;1,152;1,97E-4;196,82;115,24;0,05;0,05
10,831;3,522;1,154;1,97E-4;196,85;115,37;0,05;0,05
10,832;3,522;1,154;1,97E-4;196,86;115,44;0,05;0,05
10,833;3,521;1,153;1,97E-4;196,82;115,30;0,05;0,05
10,834;3,521;1,153;1,97E-4;196,82;115,29;0,05;0,05
10,835;3,522;1,154;1,97E-4;196,85;115,40;0,05;0,05
10,836;3,522;1,154;1,97E-4;196,85;115,41;0,05;0,05
10,837;3,520;1,153;1,97E-4;196,80;115,28;0,05;0,05
10,838;3,521;1,153;1,97E-4;196,82;115,28;0,05;0,05
10,839;3,521;1,153;1,97E-4;196,81;115,28;0,05;0,05
10,840;3,520;1,152;1,97E-4;196,80;115,22;0,05;0,05
10,841;3,521;1,153;1,97E-4;196,83;115,33;0,05;0,05
10,842;3,522;1,154;1,97E-4;196,85;115,40;0,05;0,05
10,843;3,522;1,155;1,97E-4;196,87;115,46;0,05;0,05
10,844;3,521;1,153;1,97E-4;196,84;115,34;0,05;0,05
10,845;3,521;1,154;1,97E-4;196,84;115,38;0,05;0,05
10,846;3,521;1,154;1,97E-4;196,84;115,36;0,05;0,05
10,847;3,521;1,154;1,97E-4;196,84;115,40;0,05;0,05
10,848;3,521;1,153;1,97E-4;196,81;115,29;0,05;0,05
10,849;3,521;1,154;1,97E-4;196,84;115,37;0,05;0,05
10,850;3,522;1,154;1,97E-4;196,86;115,45;0,05;0,05
10,851;3,521;1,154;1,97E-4;196,84;115,39;0,05;0,05
10,852;3,522;1,154;1,97E-4;196,86;115,43;0,05;0,05
10,853;3,523;1,155;1,97E-4;196,88;115,52;0,05;0,05
10,854;3,521;1,153;1,97E-4;196,82;115,31;0,05;0,05
10,855;3,521;1,153;1,97E-4;196,82;115,29;0,05;0,05
10,856;3,522;1,154;1,97E-4;196,85;115,41;0,05;0,05
10,857;3,522;1,154;1,97E-4;196,85;115,43;0,05;0,05
10,858;3,521;1,154;1,97E-4;196,83;115,36;0,05;0,05
10,859;3,521;1,154;1,97E-4;196,84;115,37;0,05;0,05
10,860;3,521;1,153;1,97E-4;196,81;115,31;0,05;0,05
10,861;3,521;1,153;1,97E-4;196,81;115,26;0,05;0,05
10,862;3,522;1,154;1,97E-4;196,86;115,43;0,05;0,05
10,863;3,523;1,155;1,97E-4;196,89;115,49;0,05;0,05
10,864;3,521;1,153;1,97E-4;196,83;115,32;0,05;0,05
10,865;3,522;1,154;1,97E-4;196,84;115,41;0,05;0,05
10,866;3,522;1,154;1,97E-4;196,86;115,43;0,05;0,05
10,867;3,523;1,155;1,97E-4;196,88;115,48;0,05;0,05
10,868;3,522;1,155;1,97E-4;196,86;115,46;0,05;0,05
10,869;3,522;1,154;1,97E-4;196,84;115,38;0,05;0,05
10,870;3,522;1,154;1,97E-4;196,85;115,38;0,05;0,05
10,871;3,523;1,154;1,97E-4;196,87;115,44;0,05;0,05
10,872;3,522;1,154;1,97E-4;196,86;115,42;0,05;0,05
10,873;3,522;1,154;1,97E-4;196,86;115,43;0,05;0,05
10,874;3,523;1,155;1,97E-4;196,89;115,50;0,05;0,05
10,875;3,522;1,154;1,97E-4;196,84;115,37;0,05;0,05
10,876;3,522;1,155;1,97E-4;196,87;115,48;0,05;0,05
10,877;3,522;1,154;1,97E-4;196,85;115,40;0,05;0,05
10,878;3,523;1,155;1,97E-4;196,89;115,52;0,05;0,05
10,879;3,523;1,155;1,97E-4;196,89;115,53;0,05;0,05
10,880;3,523;1,155;1,97E-4;196,88;115,51;0,05;0,05
10,881;3,522;1,155;1,97E-4;196,87;115,48;0,05;0,05
10,882;3,521;1,154;1,97E-4;196,84;115,39;0,05;0,05
10,883;3,522;1,154;1,97E-4;196,86;115,43;0,05;0,05
10,884;3,522;1,154;1,97E-4;196,84;115,36;0,05;0,05
10,885;3,522;1,154;1,97E-4;196,85;115,38;0,05;0,05
10,886;3,522;1,154;1,97E-4;196,84;115,38;0,05;0,05
10,887;3,521;1,153;1,97E-4;196,81;115,29;0,05;0,05
10,888;3,522;1,154;1,97E-4;196,84;115,38;0,05;0,05
10,889;3,523;1,155;1,97E-4;196,88;115,50;0,05;0,05
10,890;3,523;1,155;1,97E-4;196,87;115,50;0,05;0,05
10,891;3,523;1,155;1,97E-4;196,88;115,53;0,05;0,05
10,892;3,523;1,155;1,97E-4;196,89;115,52;0,05;0,05
10,893;3,523;1,155;1,97E-4;196,87;115,47;0,05;0,05
10,894;3,523;1,155;1,97E-4;196,89;115,51;0,05;0,05
10,895;3,522;1,154;1,97E-4;196,86;115,44;0,05;0,05
10,896;3,521;1,153;1,97E-4;196,82;115,35;0,05;0,05
10,897;3,521;1,153;1,97E-4;196,84;115,34;0,05;0,05
10,898;3,523;1,155;1,97E-4;196,89;115,50;0,05;0,05
10,899;3,522;1,154;1,97E-4;196,87;115,44;0,05;0,05
10,900;3,522;1,154;1,97E-4;196,85;115,43;0,05;0,05
10,901;3,522;1,154;1,97E-4;196,85;115,45;0,05;0,05
10,902;3,521;1,154;1,97E-4;196,83;115,37;0,05;0,05
10,903;3,521;1,154;1,97E-4;196,83;115,36;0,05;0,05
10,904;3,520;1,153;1,97E-4;196,79;115,25;0,05;0,05
10,905;3,522;1,154;1,97E-4;196,84;115,37;0,05;0,05
10,906;3,523;1,155;1,97E-4;196,89;115,51;0,05;0,05
10,907;3,521;1,154;1,97E-4;196,83;115,36;0,05;0,05
10,908;3,522;1,154;1,97E-4;196,84;115,38;0,05;0,05
10,909;3,521;1,153;1,97E-4;196,81;115,30;0,05;0,05
10,910;3,522;1,154;1,97E-4;196,84;115,41;0,05;0,05
10,911;3,522;1,154;1,97E-4;196,85;115,43;0,05;0,05
10,912;3,522;1,155;1,97E-4;196,85;115,45;0,05;0,05
10,913;3,522;1,154;1,97E-4;196,85;115,41;0,05;0,05
10,914;3,521;1,154;1,97E-4;196,83;115,36;0,05;0,05
10,915;3,521;1,154;1,97E-4;196,84;115,38;0,05;0,05
10,916;3,522;1,154;1,97E-4;196,86;115,45;0,05;0,05
10,917;3,521;1,153;1,97E-4;196,83;115,32;0,05;0,05
10,918;3,522;1,154;1,97E-4;196,85;115,42;0,05;0,05
10,919;3,522;1,155;1,97E-4;196,86;115,47;0,05;0,05
10,920;3,522;1,154;1,97E-4;196,86;115,45;0,05;0,05
10,921;3,523;1,155;1,97E-4;196,88;115,48;0,05;0,05
10,922;3,522;1,155;1,97E-4;196,87;115,51;0,05;0,05
10,923;3,523;1,155;1,97E-4;196,89;115,47;0,05;0,05
10,924;3,523;1,155;1,97E-4;196,88;115,49;0,05;0,05
10,925;3,522;1,154;1,97E-4;196,87;115,43;0,05;0,05
10,926;3,521;1,153;1,97E-4;196,82;115,30;0,05;0,05
10,927;3,520;1,153;1,97E-4;196,81;115,26;0,05;0,05
10,928;3,521;1,153;1,97E-4;196,81;115,32;0,05;0,05
10,929;3,521;1,153;1,97E-4;196,83;115,34;0,05;0,05
10,930;3,521;1,154;1,97E-4;196,84;115,37;0,05;0,05
10,931;3,522;1,154;1,97E-4;196,84;115,36;0,05;0,05
10,932;3,522;1,155;1,97E-4;196,86;115,45;0,05;0,05
10,933;3,522;1,154;1,97E-4;196,85;115,38;0,05;0,05
10,934;3,521;1,154;1,97E-4;196,83;115,37;0,05;0,05
10,935;3,522;1,154;1,97E-4;196,85;115,45;0,05;0,05
10,936;3,521;1,153;1,97E-4;196,83;115,35;0,05;0,05
10,937;3,522;1,155;1,97E-4;196,86;115,46;0,05;0,05
10,938;3,522;1,154;1,97E-4;196,85;115,40;0,05;0,05
10,939;3,522;1,154;1,97E-4;196,84;115,41;0,05;0,05
10,940;3,520;1,153;1,97E-4;196,81;115,28;0,05;0,05
10,941;3,522;1,154;1,97E-4;196,84;115,41;0,05;0,05
10,942;3,522;1,155;1,97E-4;196,85;115,45;0,05;0,05
10,943;3,522;1,155;1,97E-4;196,86;115,45;0,05;0,05
10,944;3,521;1,154;1,97E-4;196,83;115,39;0,05;0,05
10,945;3,522;1,154;1,97E-4;196,86;115,44;0,05;0,05
10,946;3,521;1,154;1,97E-4;196,83;115,40;0,05;0,05
10,947;3,521;1,153;1,97E-4;196,83;115,34;0,05;0,05
10,948;3,521;1,153;1,97E-4;196,83;115,33;0,05;0,05
10,949;3,523;1,156;1,97E-4;196,90;115,57;0,05;0,05
10,950;3,522;1,155;1,97E-4;196,86;115,49;0,05;0,05
10,951;3,522;1,155;1,97E-4;196,87;115,53;0,05;0,05
10,952;3,522;1,155;1,97E-4;196,86;115,48;0,05;0,05
10,953;3,523;1,155;1,97E-4;196,88;115,51;0,05;0,05
10,954;3,522;1,154;1,97E-4;196,85;115,44;0,05;0,05
10,955;3,523;1,155;1,97E-4;196,87;115,50;0,05;0,05
10,956;3,521;1,153;1,97E-4;196,83;115,34;0,05;0,05
10,957;3,521;1,153;1,97E-4;196,82;115,35;0,05;0,05
10,958;3,522;1,154;1,97E-4;196,84;115,42;0,05;0,05
10,959;3,522;1,154;1,97E-4;196,85;115,42;0,05;0,05
10,960;3,523;1,155;1,97E-4;196,88;115,48;0,05;0,05
10,961;3,522;1,155;1,97E-4;196,86;115,46;0,05;0,05
10,962;3,522;1,155;1,97E-4;196,87;115,50;0,05;0,05
10,963;3,522;1,154;1,97E-4;196,85;115,44;0,05;0,05
10,964;3,522;1,154;1,97E-4;196,84;115,43;0,05;0,05
10,965;3,521;1,153;1,97E-4;196,83;115,34;0,05;0,05
10,966;3,522;1,154;1,97E-4;196,84;115,43;0,05;0,05
10,967;3,522;1,155;1,97E-4;196,86;115,46;0,05;0,05
10,968;3,522;1,155;1,97E-4;196,86;115,48;0,05;0,05
10,969;3,522;1,154;1,97E-4;196,86;115,44;0,05;0,05
10,970;3,522;1,154;1,97E-4;196,85;115,44;0,05;0,05
10,971;3,521;1,154;1,97E-4;196,82;115,37;0,05;0,05
10,972;3,521;1,154;1,97E-4;196,83;115,37;0,05;0,05
10,973;3,522;1,155;1,97E-4;196,86;115,47;0,05;0,05
10,974;3,521;1,154;1,97E-4;196,82;115,38;0,05;0,05
10,975;3,523;1,155;1,97E-4;196,87;115,55;0,05;0,05
10,976;3,522;1,155;1,97E-4;196,86;115,48;0,05;0,05
10,977;3,520;1,153;1,97E-4;196,79;115,28;0,05;0,05
10,978;3,521;1,154;1,97E-4;196,83;115,36;0,05;0,05
10,979;3,521;1,154;1,97E-4;196,83;115,41;0,05;0,05
10,980;3,521;1,154;1,97E-4;196,83;115,39;0,05;0,05
10,981;3,522;1,155;1,97E-4;196,86;115,46;0,05;0,05
10,982;3,522;1,154;1,97E-4;196,86;115,45;0,05;0,05
10,983;3,522;1,155;1,97E-4;196,85;115,45;0,05;0,05
10,984;3,521;1,154;1,97E-4;196,83;115,41;0,05;0,05
10,985;3,521;1,154;1,97E-4;196,82;115,40;0,05;0,05
10,986;3,522;1,154;1,97E-4;196,85;115,42;0,05;0,05
10,987;3,521;1,154;1,97E-4;196,81;115,37;0,05;0,05
10,988;3,520;1,153;1,97E-4;196,79;115,27;0,05;0,05
10,989;3,521;1,154;1,97E-4;196,83;115,41;0,05;0,05
10,990;3,522;1,154;1,97E-4;196,86;115,45;0,05;0,05
10,991;3,521;1,153;1,97E-4;196,81;115,32;0,05;0,05
10,992;3,521;1,154;1,97E-4;196,82;115,36;0,05;0,05
10,993;3,521;1,155;1,97E-4;196,84;115,46;0,05;0,05
10,994;3,522;1,155;1,97E-4;196,87;115,54;0,05;0,05
10,995;3,522;1,155;1,97E-4;196,87;115,49;0,05;0,05
10,996;3,522;1,155;1,97E-4;196,86;115,46;0,05;0,05
10,997;3,522;1,155;1,97E-4;196,87;115,54;0,05;0,05
10,998;3,521;1,154;1,97E-4;196,83;115,41;0,05;0,05
10,999;3,521;1,154;1,97E-4;196,84;115,44;0,05;0,05
11,000;3,522;1,154;1,97E-4;196,84;115,43;0,05;0,05
11,001;3,522;1,154;1,97E-4;196,85;115,44;0,05;0,05
11,002;3,522;1,154;1,97E-4;196,84;115,42;0,05;0,05
11,003;3,522;1,155;1,97E-4;196,86;115,47;0,05;0,05
11,004;3,523;1,156;1,97E-4;196,88;115,59;0,05;0,05
11,005;3,521;1,154;1,97E-4;196,83;115,37;0,05;0,05
11,006;3,521;1,153;1,97E-4;196,82;115,35;0,05;0,05
11,007;3,521;1,154;1,97E-4;196,83;115,35;0,05;0,05
11,008;3,522;1,154;1,97E-4;196,85;115,43;0,05;0,05
11,009;3,522;1,155;1,97E-4;196,87;115,50;0,05;0,05
11,010;3,523;1,156;1,97E-4;196,89;115,56;0,05;0,05
11,011;3,522;1,155;1,97E-4;196,86;115,50;0,05;0,05
11,012;3,520;1,153;1,97E-4;196,80;115,30;0,05;0,05
11,013;3,522;1,155;1,97E-4;196,86;115,47;0,05;0,05
11,014;3,523;1,155;1,97E-4;196,88;115,54;0,05;0,05
11,015;3,522;1,155;1,97E-4;196,85;115,48;0,05;0,05
11,016;3,522;1,154;1,97E-4;196,85;115,43;0,05;0,05
11,017;3,522;1,155;1,97E-4;196,86;115,51;0,05;0,05
11,018;3,522;1,155;1,97E-4;196,87;115,50;0,05;0,05
11,019;3,521;1,154;1,97E-4;196,83;115,40;0,05;0,05
11,020;3,522;1,155;1,97E-4;196,86;115,50;0,05;0,05
11,021;3,522;1,155;1,97E-4;196,85;115,49;0,05;0,05
11,022;3,522;1,155;1,97E-4;196,85;115,47;0,05;0,05
11,023;3,523;1,155;1,97E-4;196,89;115,55;0,05;0,05
11,024;3,522;1,154;1,97E-4;196,85;115,44;0,05;0,05
11,025;3,522;1,154;1,97E-4;196,85;115,45;0,05;0,05
11,026;3,521;1,154;1,97E-4;196,82;115,39;0,05;0,05
11,027;3,521;1,154;1,97E-4;196,84;115,43;0,05;0,05
11,028;3,522;1,155;1,97E-4;196,85;115,48;0,05;0,05
11,029;3,522;1,155;1,97E-4;196,86;115,51;0,05;0,05
11,030;3,522;1,155;1,97E-4;196,85;115,46;0,05;0,05
11,031;3,521;1,154;1,97E-4;196,83;115,36;0,05;0,05
11,032;3,522;1,155;1,97E-4;196,86;115,48;0,05;0,05
11,033;3,522;1,154;1,97E-4;196,85;115,43;0,05;0,05
11,034;3,524;1,156;1,97E-4;196,91;115,64;0,05;0,05
11,035;3,522;1,155;1,97E-4;196,85;115,45;0,05;0,05
11,036;3,522;1,154;1,97E-4;196,84;115,45;0,05;0,05
11,037;3,522;1,155;1,97E-4;196,86;115,51;0,05;0,05
11,038;3,520;1,153;1,97E-4;196,80;115,31;0,05;0,05
11,039;3,523;1,156;1,97E-4;196,89;115,57;0,05;0,05
11,040;3,522;1,154;1,97E-4;196,85;115,45;0,05;0,05
11,041;3,523;1,155;1,97E-4;196,87;115,50;0,05;0,05
11,042;3,521;1,154;1,97E-4;196,84;115,43;0,05;0,05
11,043;3,522;1,155;1,97E-4;196,86;115,45;0,05;0,05
11,044;3,523;1,155;1,97E-4;196,87;115,50;0,05;0,05
11,045;3,522;1,154;1,97E-4;196,84;115,39;0,05;0,05
11,046;3,521;1,154;1,97E-4;196,84;115,41;0,05;0,05
11,047;3,521;1,153;1,97E-4;196,81;115,34;0,05;0,05
11,048;3,522;1,155;1,97E-4;196,86;115,47;0,05;0,05
11,049;3,522;1,155;1,97E-4;196,87;115,51;0,05;0,05
11,050;3,523;1,156;1,97E-4;196,88;115,58;0,05;0,05
11,051;3,522;1,155;1,97E-4;196,86;115,46;0,05;0,05
11,052;3,521;1,154;1,97E-4;196,83;115,40;0,05;0,05
11,053;3,521;1,154;1,97E-4;196,83;115,38;0,05;0,05
11,054;3,520;1,153;1,97E-4;196,79;115,29;0,05;0,05
11,055;3,521;1,154;1,97E-4;196,82;115,36;0,05;0,05
11,056;3,522;1,154;1,97E-4;196,85;115,44;0,05;0,05
11,057;3,522;1,154;1,97E-4;196,85;115,45;0,05;0,05
11,058;3,521;1,154;1,97E-4;196,82;115,36;0,05;0,05
11,059;3,522;1,154;1,97E-4;196,85;115,42;0,05;0,05
11,060;3,522;1,155;1,97E-4;196,85;115,46;0,05;0,05
11,061;3,522;1,155;1,97E-4;196,86;115,46;0,05;0,05
11,062;3,522;1,155;1,97E-4;196,86;115,48;0,05;0,05
11,063;3,521;1,154;1,97E-4;196,84;115,45;0,05;0,05
11,064;3,522;1,155;1,97E-4;196,87;115,49;0,05;0,05
11,065;3,522;1,155;1,97E-4;196,86;115,47;0,05;0,05
11,066;3,522;1,155;1,97E-4;196,85;115,47;0,05;0,05
11,067;3,522;1,155;1,97E-4;196,86;115,48;0,05;0,05
11,068;3,521;1,154;1,97E-4;196,83;115,41;0,05;0,05
11,069;3,522;1,154;1,97E-4;196,85;115,44;0,05;0,05
11,070;3,523;1,156;1,97E-4;196,89;115,58;0,05;0,05
11,071;3,523;1,156;1,97E-4;196,89;115,61;0,05;0,05
11,072;3,522;1,155;1,97E-4;196,86;115,48;0,05;0,05
11,073;3,522;1,155;1,97E-4;196,87;115,49;0,05;0,05
11,074;3,521;1,154;1,97E-4;196,81;115,35;0,05;0,05
11,075;3,522;1,155;1,97E-4;196,85;115,46;0,05;0,05
11,076;3,523;1,155;1,97E-4;196,88;115,54;0,05;0,05
11,077;3,522;1,155;1,97E-4;196,87;115,52;0,05;0,05
11,078;3,522;1,155;1,97E-4;196,86;115,48;0,05;0,05
11,079;3,522;1,154;1,97E-4;196,84;115,41;0,05;0,05
11,080;3,522;1,155;1,97E-4;196,85;115,45;0,05;0,05
11,081;3,521;1,154;1,97E-4;196,83;115,38;0,05;0,05
11,082;3,522;1,155;1,97E-4;196,85;115,51;0,05;0,05
11,083;3,521;1,154;1,97E-4;196,84;115,42;0,05;0,05
11,084;3,522;1,155;1,97E-4;196,86;115,50;0,05;0,05
11,085;3,523;1,156;1,97E-4;196,88;115,55;0,05;0,05
11,086;3,522;1,155;1,97E-4;196,86;115,52;0,05;0,05
11,087;3,522;1,155;1,97E-4;196,87;115,50;0,05;0,05
11,088;3,523;1,156;1,97E-4;196,89;115,55;0,05;0,05
11,089;3,523;1,156;1,97E-4;196,89;115,59;0,05;0,05
11,090;3,522;1,155;1,97E-4;196,86;115,51;0,05;0,05
11,091;3,522;1,155;1,97E-4;196,86;115,49;0,05;0,05
11,092;3,523;1,156;1,97E-4;196,89;115,59;0,05;0,05
11,093;3,522;1,155;1,97E-4;196,85;115,47;0,05;0,05
11,094;3,521;1,154;1,97E-4;196,84;115,44;0,05;0,05
11,095;3,522;1,155;1,97E-4;196,86;115,53;0,05;0,05
11,096;3,523;1,155;1,97E-4;196,87;115,54;0,05;0,05
11,097;3,522;1,155;1,97E-4;196,86;115,51;0,05;0,05
11,098;3,522;1,155;1,97E-4;196,85;115,48;0,05;0,05
11,099;3,522;1,155;1,97E-4;196,85;115,46;0,05;0,05
11,100;3,522;1,155;1,97E-4;196,86;115,51;0,05;0,05
11,101;3,522;1,155;1,97E-4;196,86;115,47;0,05;0,05
11,102;3,522;1,155;1,97E-4;196,87;115,51;0,05;0,05
11,103;3,523;1,155;1,97E-4;196,87;115,50;0,05;0,05
11,104;3,523;1,155;1,97E-4;196,88;115,53;0,05;0,05
11,105;3,523;1,155;1,97E-4;196,89;115,55;0,05;0,05
11,106;3,522;1,155;1,97E-4;196,86;115,48;0,05;0,05
11,107;3,522;1,155;1,97E-4;196,84;115,46;0,05;0,05
11,108;3,521;1,154;1,97E-4;196,82;115,39;0,05;0,05
11,109;3,522;1,155;1,97E-4;196,86;115,51;0,05;0,05
11,110;3,523;1,155;1,97E-4;196,88;115,52;0,05;0,05
11,111;3,522;1,154;1,97E-4;196,84;115,43;0,05;0,05
11,112;3,522;1,155;1,97E-4;196,86;115,55;0,05;0,05
11,113;3,522;1,155;1,97E-4;196,85;115,48;0,05;0,05
11,114;3,522;1,155;1,97E-4;196,86;115,54;0,05;0,05
11,115;3,522;1,155;1,97E-4;196,86;115,53;0,05;0,05
11,116;3,522;1,155;1,97E-4;196,85;115,50;0,05;0,05
11,117;3,522;1,155;1,97E-4;196,86;115,55;0,05;0,05
11,118;3,522;1,155;1,97E-4;196,86;115,52;0,05;0,05
11,119;3,522;1,155;1,97E-4;196,86;115,51;0,05;0,05
11,120;3,522;1,155;1,97E-4;196,86;115,49;0,05;0,05
11,121;3,521;1,154;1,97E-4;196,84;115,43;0,05;0,05
11,122;3,522;1,155;1,97E-4;196,87;115,51;0,05;0,05
11,123;3,523;1,155;1,97E-4;196,88;115,53;0,05;0,05
11,124;3,522;1,155;1,97E-4;196,84;115,46;0,05;0,05
11,125;3,522;1,155;1,97E-4;196,87;115,54;0,05;0,05
11,126;3,523;1,156;1,97E-4;196,88;115,57;0,05;0,05
11,127;3,523;1,156;1,97E-4;196,90;115,59;0,05;0,05
11,128;3,522;1,155;1,97E-4;196,87;115,53;0,05;0,05
11,129;3,523;1,156;1,97E-4;196,88;115,60;0,05;0,05
11,130;3,522;1,156;1,97E-4;196,86;115,56;0,05;0,05
11,131;3,523;1,156;1,97E-4;196,88;115,60;0,05;0,05
11,132;3,523;1,156;1,97E-4;196,88;115,56;0,05;0,05
11,133;3,523;1,156;1,97E-4;196,90;115,64;0,05;0,05
11,134;3,521;1,154;1,97E-4;196,84;115,41;0,05;0,05
11,135;3,521;1,154;1,97E-4;196,83;115,44;0,05;0,05
11,136;3,524;1,157;1,97E-4;196,91;115,67;0,05;0,05
11,137;3,524;1,157;1,97E-4;196,92;115,70;0,05;0,05
11,138;3,523;1,156;1,97E-4;196,88;115,61;0,05;0,05
11,139;3,522;1,155;1,97E-4;196,86;115,50;0,05;0,05
11,140;3,521;1,155;1,97E-4;196,83;115,46;0,05;0,05
11,141;3,523;1,156;1,97E-4;196,88;115,56;0,05;0,05
11,142;3,523;1,156;1,97E-4;196,87;115,56;0,05;0,05
11,143;3,523;1,156;1,97E-4;196,89;115,61;0,05;0,05
11,144;3,523;1,155;1,97E-4;196,88;115,54;0,05;0,05
11,145;3,523;1,155;1,97E-4;196,88;115,55;0,05;0,05
11,146;3,523;1,156;1,97E-4;196,89;115,62;0,05;0,05
11,147;3,522;1,155;1,97E-4;196,86;115,50;0,05;0,05
11,148;3,522;1,155;1,97E-4;196,84;115,47;0,05;0,05
11,149;3,523;1,156;1,97E-4;196,88;115,55;0,05;0,05
11,150;3,522;1,155;1,97E-4;196,84;115,49;0,05;0,05
11,151;3,522;1,155;1,97E-4;196,87;115,54;0,05;0,05
11,152;3,522;1,155;1,97E-4;196,86;115,50;0,05;0,05
11,153;3,522;1,155;1,97E-4;196,86;115,52;0,05;0,05
11,154;3,521;1,155;1,97E-4;196,84;115,45;0,05;0,05
11,155;3,523;1,156;1,97E-4;196,87;115,56;0,05;0,05
11,156;3,522;1,155;1,97E-4;196,85;115,48;0,05;0,05
11,157;3,522;1,155;1,97E-4;196,86;115,52;0,05;0,05
11,158;3,522;1,156;1,97E-4;196,87;115,56;0,05;0,05
11,159;3,522;1,155;1,97E-4;196,87;115,54;0,05;0,05
11,160;3,522;1,155;1,97E-4;196,86;115,49;0,05;0,05
11,161;3,521;1,154;1,97E-4;196,84;115,45;0,05;0,05
11,162;3,522;1,155;1,97E-4;196,85;115,46;0,05;0,05
11,163;3,521;1,154;1,97E-4;196,82;115,40;0,05;0,05
11,164;3,521;1,154;1,97E-4;196,84;115,42;0,05;0,05
11,165;3,523;1,156;1,97E-4;196,89;115,58;0,05;0,05
11,166;3,522;1,156;1,97E-4;196,86;115,55;0,05;0,05
11,167;3,523;1,157;1,97E-4;196,90;115,65;0,05;0,05
11,168;3,522;1,155;1,97E-4;196,86;115,50;0,05;0,05
11,169;3,522;1,155;1,97E-4;196,86;115,53;0,05;0,05
11,170;3,522;1,156;1,97E-4;196,87;115,57;0,05;0,05
11,171;3,524;1,157;1,97E-4;196,91;115,68;0,05;0,05
11,172;3,523;1,156;1,97E-4;196,89;115,65;0,05;0,05
11,173;3,523;1,156;1,97E-4;196,90;115,61;0,05;0,05
11,174;3,523;1,156;1,97E-4;196,89;115,62;0,05;0,05
11,175;3,524;1,157;1,97E-4;196,92;115,71;0,05;0,05
11,176;3,522;1,156;1,97E-4;196,87;115,58;0,05;0,05
11,177;3,521;1,154;1,97E-4;196,83;115,44;0,05;0,05
11,178;3,522;1,155;1,97E-4;196,84;115,50;0,05;0,05
11,179;3,521;1,155;1,97E-4;196,83;115,46;0,05;0,05
11,180;3,521;1,155;1,97E-4;196,84;115,51;0,05;0,05
11,181;3,522;1,156;1,97E-4;196,86;115,55;0,05;0,05
11,182;3,523;1,156;1,97E-4;196,88;115,58;0,05;0,05
11,183;3,521;1,154;1,97E-4;196,81;115,39;0,05;0,05
11,184;3,521;1,154;1,97E-4;196,82;115,41;0,05;0,05
11,185;3,522;1,155;1,97E-4;196,85;115,45;0,05;0,05
11,186;3,522;1,155;1,97E-4;196,85;115,48;0,05;0,05
11,187;3,522;1,155;1,97E-4;196,87;115,53;0,05;0,05
11,188;3,522;1,155;1,97E-4;196,86;115,53;0,05;0,05
11,189;3,522;1,156;1,97E-4;196,87;115,55;0,05;0,05
11,190;3,523;1,156;1,97E-4;196,89;115,63;0,05;0,05
11,191;3,523;1,156;1,97E-4;196,88;115,59;0,05;0,05
11,192;3,522;1,155;1,97E-4;196,85;115,53;0,05;0,05
11,193;3,522;1,155;1,97E-4;196,85;115,49;0,05;0,05
11,194;3,522;1,155;1,97E-4;196,85;115,48;0,05;0,05
11,195;3,522;1,155;1,97E-4;196,85;115,48;0,05;0,05
11,196;3,522;1,155;1,97E-4;196,84;115,50;0,05;0,05
11,197;3,522;1,156;1,97E-4;196,86;115,55;0,05;0,05
11,198;3,522;1,155;1,97E-4;196,86;115,55;0,05;0,05
11,199;3,523;1,156;1,97E-4;196,89;115,61;0,05;0,05
11,200;3,522;1,155;1,97E-4;196,85;115,49;0,05;0,05
11,201;3,522;1,155;1,97E-4;196,85;115,52;0,05;0,05
11,202;3,520;1,154;1,97E-4;196,80;115,37;0,05;0,05
11,203;3,521;1,155;1,97E-4;196,84;115,48;0,05;0,05
11,204;3,522;1,156;1,97E-4;196,86;115,56;0,05;0,05
11,205;3,523;1,156;1,97E-4;196,88;115,61;0,05;0,05
11,206;3,523;1,156;1,97E-4;196,88;115,62;0,05;0,05
11,207;3,521;1,154;1,97E-4;196,83;115,41;0,05;0,05
11,208;3,522;1,156;1,97E-4;196,85;115,58;0,05;0,05
11,209;3,522;1,155;1,97E-4;196,84;115,50;0,05;0,05
11,210;3,521;1,155;1,97E-4;196,83;115,48;0,05;0,05
11,211;3,523;1,157;1,97E-4;196,90;115,68;0,05;0,05
11,212;3,523;1,157;1,97E-4;196,90;115,65;0,05;0,05
11,213;3,521;1,154;1,97E-4;196,81;115,43;0,05;0,05
11,214;3,521;1,155;1,97E-4;196,84;115,51;0,05;0,05
11,215;3,521;1,155;1,97E-4;196,84;115,47;0,05;0,05
11,216;3,522;1,155;1,97E-4;196,84;115,50;0,05;0,05
11,217;3,522;1,156;1,97E-4;196,87;115,61;0,05;0,05
11,218;3,521;1,154;1,97E-4;196,83;115,44;0,05;0,05
11,219;3,522;1,156;1,97E-4;196,86;115,56;0,05;0,05
11,220;3,522;1,155;1,97E-4;196,84;115,50;0,05;0,05
11,221;3,521;1,155;1,97E-4;196,83;115,46;0,05;0,05
11,222;3,522;1,155;1,97E-4;196,84;115,51;0,05;0,05
11,223;3,522;1,155;1,97E-4;196,85;115,54;0,05;0,05
11,224;3,521;1,155;1,97E-4;196,83;115,47;0,05;0,05
11,225;3,522;1,155;1,97E-4;196,86;115,53;0,05;0,05
11,226;3,521;1,155;1,97E-4;196,83;115,48;0,05;0,05
11,227;3,521;1,154;1,97E-4;196,82;115,40;0,05;0,05
11,228;3,522;1,156;1,97E-4;196,87;115,56;0,05;0,05
11,229;3,522;1,156;1,97E-4;196,86;115,55;0,05;0,05
11,230;3,523;1,156;1,97E-4;196,88;115,60;0,05;0,05
11,231;3,522;1,155;1,97E-4;196,85;115,51;0,05;0,05
11,232;3,521;1,154;1,97E-4;196,82;115,43;0,05;0,05
11,233;3,522;1,155;1,97E-4;196,86;115,52;0,05;0,05
11,234;3,522;1,155;1,97E-4;196,86;115,55;0,05;0,05
11,235;3,523;1,156;1,97E-4;196,88;115,59;0,05;0,05
11,236;3,522;1,155;1,97E-4;196,85;115,54;0,05;0,05
11,237;3,522;1,155;1,97E-4;196,85;115,54;0,05;0,05
11,238;3,522;1,155;1,97E-4;196,87;115,54;0,05;0,05
11,239;3,521;1,154;1,97E-4;196,82;115,44;0,05;0,05
11,240;3,522;1,155;1,97E-4;196,85;115,51;0,05;0,05
11,241;3,522;1,156;1,97E-4;196,86;115,56;0,05;0,05
11,242;3,522;1,156;1,97E-4;196,87;115,57;0,05;0,05
11,243;3,522;1,155;1,97E-4;196,86;115,53;0,05;0,05
11,244;3,522;1,155;1,97E-4;196,84;115,52;0,05;0,05
11,245;3,522;1,155;1,97E-4;196,85;115,48;0,05;0,05
11,246;3,522;1,155;1,97E-4;196,86;115,55;0,05;0,05
11,247;3,523;1,156;1,97E-4;196,88;115,58;0,05;0,05
11,248;3,522;1,155;1,97E-4;196,85;115,49;0,05;0,05
11,249;3,520;1,153;1,97E-4;196,79;115,30;0,05;0,05
11,250;3,520;1,153;1,97E-4;196,80;115,33;0,05;0,05
11,251;3,520;1,153;1,97E-4;196,80;115,35;0,05;0,05
11,252;3,522;1,155;1,97E-4;196,85;115,46;0,05;0,05
11,253;3,522;1,154;1,97E-4;196,84;115,44;0,05;0,05
11,254;3,521;1,154;1,97E-4;196,81;115,38;0,05;0,05
11,255;3,522;1,155;1,97E-4;196,86;115,51;0,05;0,05
11,256;3,522;1,156;1,97E-4;196,87;115,59;0,05;0,05
11,257;3,523;1,156;1,97E-4;196,89;115,64;0,05;0,05
11,258;3,523;1,156;1,97E-4;196,88;115,64;0,05;0,05
11,259;3,523;1,157;1,97E-4;196,89;115,66;0,05;0,05
11,260;3,522;1,156;1,97E-4;196,86;115,56;0,05;0,05
11,261;3,522;1,156;1,97E-4;196,86;115,56;0,05;0,05
11,262;3,522;1,155;1,97E-4;196,85;115,53;0,05;0,05
11,263;3,523;1,156;1,97E-4;196,88;115,60;0,05;0,05
11,264;3,523;1,156;1,97E-4;196,88;115,62;0,05;0,05
11,265;3,523;1,156;1,97E-4;196,87;115,55;0,05;0,05
11,266;3,522;1,155;1,97E-4;196,86;115,52;0,05;0,05
11,267;3,522;1,155;1,97E-4;196,85;115,48;0,05;0,05
11,268;3,523;1,156;1,97E-4;196,88;115,59;0,05;0,05
11,269;3,521;1,155;1,97E-4;196,83;115,46;0,05;0,05
11,270;3,521;1,155;1,97E-4;196,84;115,49;0,05;0,05
11,271;3,522;1,155;1,97E-4;196,85;115,51;0,05;0,05
11,272;3,522;1,155;1,97E-4;196,85;115,51;0,05;0,05
11,273;3,522;1,155;1,97E-4;196,86;115,53;0,05;0,05
11,274;3,522;1,156;1,97E-4;196,87;115,56;0,05;0,05
11,275;3,521;1,155;1,97E-4;196,83;115,50;0,05;0,05
11,276;3,522;1,155;1,97E-4;196,85;115,55;0,05;0,05
11,277;3,521;1,154;1,97E-4;196,82;115,44;0,05;0,05
11,278;3,522;1,155;1,97E-4;196,84;115,53;0,05;0,05
11,279;3,522;1,155;1,97E-4;196,85;115,51;0,05;0,05
11,280;3,522;1,156;1,97E-4;196,85;115,57;0,05;0,05
11,281;3,521;1,155;1,97E-4;196,83;115,45;0,05;0,05
11,282;3,522;1,156;1,97E-4;196,84;115,56;0,05;0,05
11,283;3,522;1,156;1,97E-4;196,87;115,63;0,05;0,05
11,284;3,523;1,156;1,97E-4;196,88;115,63;0,05;0,05
11,285;3,522;1,155;1,97E-4;196,85;115,54;0,05;0,05
11,286;3,521;1,155;1,97E-4;196,83;115,48;0,05;0,05
11,287;3,522;1,155;1,97E-4;196,85;115,51;0,05;0,05
11,288;3,521;1,155;1,97E-4;196,84;115,48;0,05;0,05
11,289;3,522;1,155;1,97E-4;196,84;115,53;0,05;0,05
11,290;3,520;1,153;1,97E-4;196,78;115,33;0,05;0,05
11,291;3,520;1,154;1,97E-4;196,80;115,36;0,05;0,05
11,292;3,522;1,155;1,97E-4;196,85;115,52;0,05;0,05
11,293;3,523;1,156;1,97E-4;196,88;115,63;0,05;0,05
11,294;3,522;1,155;1,97E-4;196,86;115,53;0,05;0,05
11,295;3,523;1,157;1,97E-4;196,89;115,70;0,05;0,05
11,296;3,522;1,156;1,97E-4;196,86;115,57;0,05;0,05
11,297;3,522;1,156;1,97E-4;196,87;115,60;0,05;0,05
11,298;3,522;1,156;1,97E-4;196,86;115,60;0,05;0,05
11,299;3,523;1,156;1,97E-4;196,87;115,58;0,05;0,05
11,300;3,522;1,156;1,97E-4;196,86;115,58;0,05;0,05
11,301;3,522;1,155;1,97E-4;196,85;115,53;0,05;0,05
11,302;3,522;1,156;1,97E-4;196,87;115,61;0,05;0,05
11,303;3,523;1,157;1,97E-4;196,89;115,69;0,05;0,05
11,304;3,523;1,157;1,97E-4;196,88;115,67;0,05;0,05
11,305;3,522;1,156;1,97E-4;196,87;115,60;0,05;0,05
11,306;3,522;1,155;1,97E-4;196,85;115,54;0,05;0,05
11,307;3,522;1,155;1,97E-4;196,85;115,55;0,05;0,05
11,308;3,522;1,156;1,97E-4;196,87;115,59;0,05;0,05
11,309;3,521;1,155;1,97E-4;196,82;115,47;0,05;0,05
11,310;3,522;1,155;1,97E-4;196,85;115,54;0,05;0,05
11,311;3,521;1,155;1,97E-4;196,83;115,50;0,05;0,05
11,312;3,522;1,156;1,97E-4;196,86;115,58;0,05;0,05
11,313;3,522;1,156;1,97E-4;196,85;115,58;0,05;0,05
11,314;3,522;1,155;1,97E-4;196,85;115,54;0,05;0,05
11,315;3,523;1,156;1,97E-4;196,89;115,65;0,05;0,05
11,316;3,522;1,156;1,97E-4;196,87;115,63;0,05;0,05
11,317;3,523;1,157;1,97E-4;196,89;115,69;0,05;0,05
11,318;3,522;1,156;1,97E-4;196,85;115,57;0,05;0,05
11,319;3,521;1,155;1,97E-4;196,83;115,52;0,05;0,05
11,320;3,522;1,155;1,97E-4;196,85;115,53;0,05;0,05
11,321;3,522;1,156;1,97E-4;196,86;115,56;0,05;0,05
11,322;3,522;1,156;1,97E-4;196,87;115,62;0,05;0,05
11,323;3,523;1,156;1,97E-4;196,88;115,63;0,05;0,05
11,324;3,522;1,156;1,97E-4;196,86;115,59;0,05;0,05
11,325;3,522;1,156;1,97E-4;196,86;115,57;0,05;0,05
11,326;3,522;1,156;1,97E-4;196,86;115,55;0,05;0,05
11,327;3,522;1,155;1,97E-4;196,85;115,53;0,05;0,05
11,328;3,522;1,156;1,97E-4;196,85;115,56;0,05;0,05
11,329;3,522;1,156;1,97E-4;196,87;115,61;0,05;0,05
11,330;3,522;1,156;1,97E-4;196,84;115,55;0,05;0,05
11,331;3,521;1,155;1,97E-4;196,84;115,52;0,05;0,05
11,332;3,522;1,156;1,97E-4;196,87;115,61;0,05;0,05
11,333;3,523;1,157;1,97E-4;196,90;115,69;0,05;0,05
11,334;3,521;1,155;1,97E-4;196,83;115,47;0,05;0,05
11,335;3,522;1,155;1,97E-4;196,85;115,51;0,05;0,05
11,336;3,522;1,155;1,97E-4;196,84;115,50;0,05;0,05
11,337;3,522;1,156;1,97E-4;196,86;115,56;0,05;0,05
11,338;3,522;1,155;1,97E-4;196,84;115,52;0,05;0,05
11,339;3,521;1,155;1,97E-4;196,83;115,48;0,05;0,05
11,340;3,522;1,155;1,97E-4;196,85;115,54;0,05;0,05
11,341;3,522;1,156;1,97E-4;196,85;115,56;0,05;0,05
11,342;3,523;1,156;1,97E-4;196,89;115,64;0,05;0,05
11,343;3,522;1,156;1,97E-4;196,86;115,58;0,05;0,05
11,344;3,523;1,156;1,97E-4;196,88;115,59;0,05;0,05
11,345;3,522;1,156;1,97E-4;196,86;115,61;0,05;0,05
11,346;3,522;1,156;1,97E-4;196,87;115,56;0,05;0,05
11,347;3,522;1,155;1,97E-4;196,84;115,55;0,05;0,05
11,348;3,522;1,156;1,97E-4;196,86;115,57;0,05;0,05
11,349;3,522;1,156;1,97E-4;196,85;115,55;0,05;0,05
11,350;3,522;1,156;1,97E-4;196,85;115,57;0,05;0,05
11,351;3,522;1,156;1,97E-4;196,86;115,59;0,05;0,05
11,352;3,522;1,155;1,97E-4;196,85;115,54;0,05;0,05
11,353;3,523;1,157;1,97E-4;196,87;115,66;0,05;0,05
11,354;3,522;1,156;1,97E-4;196,84;115,56;0,05;0,05
11,355;3,523;1,157;1,97E-4;196,89;115,68;0,05;0,05
11,356;3,521;1,155;1,97E-4;196,81;115,49;0,05;0,05
11,357;3,522;1,156;1,97E-4;196,85;115,57;0,05;0,05
11,358;3,523;1,157;1,97E-4;196,88;115,65;0,05;0,05
11,359;3,522;1,156;1,97E-4;196,87;115,60;0,05;0,05
11,360;3,522;1,156;1,97E-4;196,86;115,58;0,05;0,05
11,361;3,522;1,156;1,97E-4;196,86;115,62;0,05;0,05
11,362;3,522;1,156;1,97E-4;196,84;115,56;0,05;0,05
11,363;3,522;1,155;1,97E-4;196,85;115,54;0,05;0,05
11,364;3,520;1,153;1,97E-4;196,79;115,33;0,05;0,05
11,365;3,522;1,156;1,97E-4;196,84;115,56;0,05;0,05
11,366;3,523;1,156;1,97E-4;196,88;115,62;0,05;0,05
11,367;3,522;1,156;1,97E-4;196,85;115,60;0,05;0,05
11,368;3,523;1,157;1,97E-4;196,88;115,67;0,05;0,05
11,369;3,523;1,156;1,97E-4;196,88;115,65;0,05;0,05
11,370;3,522;1,156;1,97E-4;196,85;115,56;0,05;0,05
11,371;3,522;1,155;1,97E-4;196,86;115,55;0,05;0,05
11,372;3,522;1,155;1,97E-4;196,85;115,54;0,05;0,05
11,373;3,521;1,155;1,97E-4;196,84;115,51;0,05;0,05
11,374;3,522;1,156;1,97E-4;196,86;115,55;0,05;0,05
11,375;3,522;1,155;1,97E-4;196,85;115,52;0,05;0,05
11,376;3,522;1,156;1,97E-4;196,87;115,59;0,05;0,05
11,377;3,522;1,155;1,97E-4;196,85;115,55;0,05;0,05
11,378;3,522;1,156;1,97E-4;196,86;115,56;0,05;0,05
11,379;3,521;1,155;1,97E-4;196,84;115,51;0,05;0,05
11,380;3,521;1,155;1,97E-4;196,82;115,47;0,05;0,05
11,381;3,521;1,155;1,97E-4;196,83;115,48;0,05;0,05
11,382;3,523;1,156;1,97E-4;196,87;115,61;0,05;0,05
11,383;3,523;1,156;1,97E-4;196,88;115,63;0,05;0,05
11,384;3,522;1,156;1,97E-4;196,87;115,62;0,05;0,05
11,385;3,523;1,157;1,97E-4;196,88;115,66;0,05;0,05
11,386;3,521;1,155;1,97E-4;196,83;115,54;0,05;0,05
11,387;3,521;1,155;1,97E-4;196,82;115,46;0,05;0,05
11,388;3,522;1,156;1,97E-4;196,87;115,63;0,05;0,05
11,389;3,523;1,156;1,97E-4;196,88;115,64;0,05;0,05
11,390;3,523;1,157;1,97E-4;196,89;115,67;0,05;0,05
11,391;3,523;1,156;1,97E-4;196,87;115,64;0,05;0,05
11,392;3,522;1,156;1,97E-4;196,85;115,57;0,05;0,05
11,393;3,522;1,156;1,97E-4;196,86;115,59;0,05;0,05
11,394;3,522;1,156;1,97E-4;196,85;115,56;0,05;0,05
11,395;3,521;1,155;1,97E-4;196,82;115,45;0,05;0,05
11,396;3,522;1,156;1,97E-4;196,85;115,59;0,05;0,05
11,397;3,522;1,155;1,97E-4;196,85;115,54;0,05;0,05
11,398;3,522;1,156;1,97E-4;196,85;115,56;0,05;0,05
11,399;3,521;1,154;1,97E-4;196,81;115,45;0,05;0,05
11,400;3,521;1,155;1,97E-4;196,83;115,50;0,05;0,05
11,401;3,522;1,155;1,97E-4;196,85;115,53;0,05;0,05
11,402;3,522;1,156;1,97E-4;196,87;115,59;0,05;0,05
11,403;3,521;1,155;1,97E-4;196,84;115,50;0,05;0,05
11,404;3,521;1,155;1,97E-4;196,83;115,52;0,05;0,05
11,405;3,521;1,155;1,97E-4;196,83;115,49;0,05;0,05
11,406;3,523;1,156;1,97E-4;196,87;115,63;0,05;0,05
11,407;3,522;1,156;1,97E-4;196,86;115,59;0,05;0,05
11,408;3,522;1,156;1,97E-4;196,87;115,65;0,05;0,05
11,409;3,522;1,156;1,97E-4;196,86;115,59;0,05;0,05
11,410;3,521;1,155;1,97E-4;196,83;115,48;0,05;0,05
11,411;3,521;1,155;1,97E-4;196,83;115,48;0,05;0,05
11,412;3,520;1,155;1,97E-4;196,80;115,47;0,05;0,05
11,413;3,522;1,156;1,97E-4;196,85;115,57;0,05;0,05
11,414;3,523;1,156;1,97E-4;196,87;115,63;0,05;0,05
11,415;3,523;1,157;1,97E-4;196,88;115,65;0,05;0,05
11,416;3,523;1,156;1,97E-4;196,88;115,62;0,05;0,05
11,417;3,522;1,156;1,97E-4;196,87;115,63;0,05;0,05
11,418;3,522;1,156;1,97E-4;196,84;115,56;0,05;0,05
11,419;3,523;1,157;1,97E-4;196,89;115,70;0,05;0,05
11,420;3,521;1,155;1,97E-4;196,83;115,50;0,05;0,05
11,421;3,521;1,155;1,97E-4;196,84;115,53;0,05;0,05
11,422;3,522;1,156;1,97E-4;196,86;115,57;0,05;0,05
11,423;3,523;1,157;1,97E-4;196,87;115,67;0,05;0,05
11,424;3,522;1,156;1,97E-4;196,86;115,57;0,05;0,05
11,425;3,523;1,156;1,97E-4;196,88;115,63;0,05;0,05
11,426;3,523;1,157;1,97E-4;196,88;115,66;0,05;0,05
11,427;3,522;1,156;1,97E-4;196,85;115,57;0,05;0,05
11,428;3,522;1,155;1,97E-4;196,84;115,53;0,05;0,05
11,429;3,522;1,156;1,97E-4;196,86;115,61;0,05;0,05
11,430;3,523;1,157;1,97E-4;196,89;115,66;0,05;0,05
11,431;3,523;1,157;1,97E-4;196,89;115,71;0,05;0,05
11,432;3,523;1,157;1,97E-4;196,89;115,72;0,05;0,05
11,433;3,522;1,156;1,97E-4;196,87;115,64;0,05;0,05
11,434;3,522;1,156;1,97E-4;196,85;115,59;0,05;0,05
11,435;3,521;1,155;1,97E-4;196,84;115,52;0,05;0,05
11,436;3,521;1,155;1,97E-4;196,84;115,51;0,05;0,05
11,437;3,521;1,155;1,97E-4;196,83;115,49;0,05;0,05
11,438;3,522;1,156;1,97E-4;196,85;115,56;0,05;0,05
11,439;3,522;1,156;1,97E-4;196,85;115,57;0,05;0,05
11,440;3,521;1,156;1,97E-4;196,84;115,58;0,05;0,05
11,441;3,522;1,156;1,97E-4;196,86;115,61;0,05;0,05
11,442;3,521;1,155;1,97E-4;196,83;115,54;0,05;0,05
11,443;3,523;1,157;1,97E-4;196,88;115,68;0,05;0,05
11,444;3,522;1,156;1,97E-4;196,87;115,61;0,05;0,05
11,445;3,521;1,155;1,97E-4;196,82;115,49;0,05;0,05
11,446;3,522;1,156;1,97E-4;196,85;115,56;0,05;0,05
11,447;3,522;1,156;1,97E-4;196,85;115,58;0,05;0,05
11,448;3,521;1,155;1,97E-4;196,82;115,48;0,05;0,05
11,449;3,522;1,156;1,97E-4;196,86;115,56;0,05;0,05
11,450;3,522;1,156;1,97E-4;196,87;115,63;0,05;0,05
11,451;3,522;1,155;1,97E-4;196,84;115,55;0,05;0,05
11,452;3,523;1,157;1,97E-4;196,88;115,71;0,05;0,05
11,453;3,523;1,157;1,97E-4;196,88;115,71;0,05;0,05
11,454;3,523;1,157;1,97E-4;196,88;115,67;0,05;0,05
11,455;3,522;1,156;1,97E-4;196,86;115,58;0,05;0,05
11,456;3,522;1,156;1,97E-4;196,86;115,60;0,05;0,05
11,457;3,522;1,156;1,97E-4;196,85;115,56;0,05;0,05
11,458;3,524;1,157;1,97E-4;196,91;115,71;0,05;0,05
11,459;3,523;1,156;1,97E-4;196,88;115,64;0,05;0,05
11,460;3,522;1,156;1,97E-4;196,85;115,59;0,05;0,05
11,461;3,523;1,157;1,97E-4;196,88;115,67;0,05;0,05
11,462;3,522;1,156;1,97E-4;196,87;115,64;0,05;0,05
11,463;3,523;1,157;1,97E-4;196,87;115,67;0,05;0,05
11,464;3,522;1,156;1,97E-4;196,84;115,57;0,05;0,05
11,465;3,522;1,157;1,97E-4;196,87;115,68;0,05;0,05
11,466;3,523;1,157;1,97E-4;196,88;115,66;0,05;0,05
11,467;3,522;1,156;1,97E-4;196,86;115,62;0,05;0,05
11,468;3,522;1,156;1,97E-4;196,85;115,59;0,05;0,05
11,469;3,522;1,156;1,97E-4;196,86;115,64;0,05;0,05
11,470;3,522;1,156;1,97E-4;196,86;115,62;0,05;0,05
11,471;3,523;1,157;1,97E-4;196,88;115,67;0,05;0,05
11,472;3,523;1,157;1,97E-4;196,89;115,74;0,05;0,05
11,473;3,522;1,156;1,97E-4;196,84;115,56;0,05;0,05
11,474;3,523;1,156;1,97E-4;196,87;115,64;0,05;0,05
11,475;3,523;1,157;1,97E-4;196,88;115,66;0,05;0,05
11,476;3,521;1,155;1,97E-4;196,81;115,46;0,05;0,05
11,477;3,522;1,156;1,97E-4;196,85;115,58;0,05;0,05
11,478;3,522;1,156;1,97E-4;196,86;115,62;0,05;0,05
11,479;3,521;1,155;1,97E-4;196,82;115,52;0,05;0,05
11,480;3,522;1,156;1,97E-4;196,86;115,63;0,05;0,05
11,481;3,524;1,158;1,97E-4;196,91;115,79;0,05;0,05
11,482;3,522;1,156;1,97E-4;196,84;115,58;0,05;0,05
11,483;3,522;1,156;1,97E-4;196,87;115,64;0,05;0,05
11,484;3,522;1,156;1,97E-4;196,87;115,64;0,05;0,05
11,485;3,523;1,156;1,97E-4;196,88;115,64;0,05;0,05
11,486;3,522;1,156;1,97E-4;196,84;115,57;0,05;0,05
11,487;3,523;1,157;1,97E-4;196,89;115,69;0,05;0,05
11,488;3,523;1,157;1,97E-4;196,88;115,68;0,05;0,05
11,489;3,521;1,155;1,97E-4;196,83;115,53;0,05;0,05
11,490;3,521;1,155;1,97E-4;196,82;115,53;0,05;0,05
11,491;3,522;1,156;1,97E-4;196,85;115,60;0,05;0,05
11,492;3,522;1,156;1,97E-4;196,87;115,63;0,05;0,05
11,493;3,522;1,157;1,97E-4;196,87;115,65;0,05;0,05
11,494;3,522;1,157;1,97E-4;196,86;115,65;0,05;0,05
11,495;3,522;1,156;1,97E-4;196,86;115,64;0,05;0,05
11,496;3,523;1,157;1,97E-4;196,89;115,70;0,05;0,05
11,497;3,523;1,158;1,97E-4;196,90;115,75;0,05;0,05
11,498;3,522;1,156;1,97E-4;196,87;115,65;0,05;0,05
11,499;3,523;1,157;1,97E-4;196,90;115,75;0,05;0,05
11,500;3,523;1,157;1,97E-4;196,90;115,74;0,05;0,05
11,501;3,523;1,157;1,97E-4;196,88;115,73;0,05;0,05
11,502;3,524;1,159;1,97E-4;196,93;115,86;0,05;0,05
11,503;3,522;1,156;1,97E-4;196,86;115,61;0,05;0,05
11,504;3,523;1,157;1,97E-4;196,88;115,68;0,05;0,05
11,505;3,523;1,157;1,97E-4;196,89;115,70;0,05;0,05
11,506;3,522;1,156;1,97E-4;196,86;115,62;0,05;0,05
11,507;3,522;1,156;1,97E-4;196,87;115,64;0,05;0,05
11,508;3,523;1,157;1,97E-4;196,88;115,65;0,05;0,05
11,509;3,523;1,157;1,97E-4;196,90;115,72;0,05;0,05
11,510;3,523;1,157;1,97E-4;196,88;115,71;0,05;0,05
11,511;3,523;1,157;1,97E-4;196,90;115,74;0,05;0,05
11,512;3,522;1,156;1,97E-4;196,85;115,57;0,05;0,05
11,513;3,523;1,157;1,97E-4;196,88;115,70;0,05;0,05
11,514;3,522;1,157;1,97E-4;196,87;115,68;0,05;0,05
11,515;3,524;1,158;1,97E-4;196,92;115,77;0,05;0,05
11,516;3,522;1,156;1,97E-4;196,85;115,64;0,05;0,05
11,517;3,522;1,157;1,97E-4;196,87;115,65;0,05;0,05
11,518;3,523;1,157;1,97E-4;196,89;115,71;0,05;0,05
11,519;3,521;1,155;1,97E-4;196,82;115,51;0,05;0,05
11,520;3,522;1,156;1,97E-4;196,86;115,62;0,05;0,05
11,521;3,522;1,157;1,97E-4;196,87;115,66;0,05;0,05
11,522;3,522;1,156;1,97E-4;196,85;115,61;0,05;0,05
11,523;3,522;1,157;1,97E-4;196,87;115,65;0,05;0,05
11,524;3,523;1,157;1,97E-4;196,88;115,66;0,05;0,05
11,525;3,523;1,157;1,97E-4;196,88;115,70;0,05;0,05
11,526;3,523;1,157;1,97E-4;196,89;115,72;0,05;0,05
11,527;3,522;1,156;1,97E-4;196,85;115,60;0,05;0,05
11,528;3,523;1,157;1,97E-4;196,87;115,67;0,05;0,05
11,529;3,523;1,158;1,97E-4;196,90;115,76;0,05;0,05
11,530;3,522;1,157;1,97E-4;196,86;115,66;0,05;0,05
11,531;3,521;1,155;1,97E-4;196,83;115,54;0,05;0,05
11,532;3,522;1,156;1,97E-4;196,86;115,62;0,05;0,05
11,533;3,522;1,156;1,97E-4;196,87;115,65;0,05;0,05
11,534;3,520;1,155;1,97E-4;196,81;115,46;0,05;0,05
11,535;3,522;1,156;1,97E-4;196,85;115,58;0,05;0,05
11,536;3,523;1,157;1,97E-4;196,88;115,68;0,05;0,05
11,537;3,523;1,157;1,97E-4;196,89;115,74;0,05;0,05
11,538;3,522;1,156;1,97E-4;196,85;115,60;0,05;0,05
11,539;3,522;1,156;1,97E-4;196,85;115,63;0,05;0,05
11,540;3,521;1,155;1,97E-4;196,83;115,53;0,05;0,05
11,541;3,522;1,156;1,97E-4;196,85;115,61;0,05;0,05
11,542;3,522;1,156;1,97E-4;196,85;115,60;0,05;0,05
11,543;3,522;1,157;1,97E-4;196,86;115,67;0,05;0,05
11,544;3,522;1,156;1,97E-4;196,86;115,65;0,05;0,05
11,545;3,523;1,157;1,97E-4;196,87;115,68;0,05;0,05
11,546;3,523;1,158;1,97E-4;196,89;115,76;0,05;0,05
11,547;3,522;1,156;1,97E-4;196,85;115,61;0,05;0,05
11,548;3,522;1,156;1,97E-4;196,85;115,60;0,05;0,05
11,549;3,521;1,156;1,97E-4;196,84;115,56;0,05;0,05
11,550;3,522;1,156;1,97E-4;196,85;115,61;0,05;0,05
11,551;3,522;1,156;1,97E-4;196,85;115,61;0,05;0,05
11,552;3,522;1,156;1,97E-4;196,86;115,63;0,05;0,05
11,553;3,522;1,156;1,97E-4;196,84;115,60;0,05;0,05
11,554;3,522;1,156;1,97E-4;196,84;115,60;0,05;0,05
11,555;3,522;1,157;1,97E-4;196,86;115,68;0,05;0,05
11,556;3,521;1,156;1,97E-4;196,84;115,56;0,05;0,05
11,557;3,522;1,156;1,97E-4;196,86;115,64;0,05;0,05
11,558;3,521;1,155;1,97E-4;196,83;115,50;0,05;0,05
11,559;3,521;1,155;1,97E-4;196,82;115,49;0,05;0,05
11,560;3,522;1,156;1,97E-4;196,85;115,64;0,05;0,05
11,561;3,521;1,156;1,97E-4;196,83;115,59;0,05;0,05
11,562;3,521;1,156;1,97E-4;196,83;115,56;0,05;0,05
11,563;3,522;1,156;1,97E-4;196,85;115,59;0,05;0,05
11,564;3,521;1,155;1,97E-4;196,83;115,54;0,05;0,05
11,565;3,523;1,157;1,97E-4;196,89;115,73;0,05;0,05
11,566;3,524;1,158;1,97E-4;196,91;115,79;0,05;0,05
11,567;3,523;1,157;1,97E-4;196,87;115,68;0,05;0,05
11,568;3,521;1,155;1,97E-4;196,81;115,47;0,05;0,05
11,569;3,522;1,157;1,97E-4;196,87;115,65;0,05;0,05
11,570;3,523;1,157;1,97E-4;196,88;115,71;0,05;0,05
11,571;3,523;1,158;1,97E-4;196,89;115,78;0,05;0,05
11,572;3,523;1,157;1,97E-4;196,88;115,75;0,05;0,05
11,573;3,522;1,156;1,97E-4;196,86;115,62;0,05;0,05
11,574;3,522;1,156;1,97E-4;196,85;115,62;0,05;0,05
11,575;3,521;1,156;1,97E-4;196,84;115,60;0,05;0,05
11,576;3,522;1,157;1,97E-4;196,87;115,70;0,05;0,05
11,577;3,524;1,158;1,97E-4;196,92;115,80;0,05;0,05
11,578;3,523;1,157;1,97E-4;196,89;115,71;0,05;0,05
11,579;3,522;1,156;1,97E-4;196,86;115,63;0,05;0,05
11,580;3,522;1,157;1,97E-4;196,87;115,69;0,05;0,05
11,581;3,523;1,157;1,97E-4;196,88;115,67;0,05;0,05
11,582;3,523;1,157;1,97E-4;196,88;115,72;0,05;0,05
11,583;3,522;1,156;1,97E-4;196,85;115,63;0,05;0,05
11,584;3,523;1,158;1,97E-4;196,89;115,75;0,05;0,05
11,585;3,522;1,157;1,97E-4;196,87;115,71;0,05;0,05
11,586;3,523;1,157;1,97E-4;196,89;115,74;0,05;0,05
11,587;3,522;1,156;1,97E-4;196,85;115,61;0,05;0,05
11,588;3,523;1,157;1,97E-4;196,87;115,67;0,05;0,05
11,589;3,522;1,156;1,97E-4;196,86;115,63;0,05;0,05
11,590;3,522;1,157;1,97E-4;196,87;115,66;0,05;0,05
11,591;3,523;1,157;1,97E-4;196,88;115,67;0,05;0,05
11,592;3,522;1,157;1,97E-4;196,87;115,68;0,05;0,05
11,593;3,522;1,156;1,97E-4;196,85;115,60;0,05;0,05
11,594;3,522;1,157;1,97E-4;196,87;115,65;0,05;0,05
11,595;3,523;1,157;1,97E-4;196,88;115,71;0,05;0,05
11,596;3,522;1,157;1,97E-4;196,86;115,67;0,05;0,05
11,597;3,523;1,158;1,97E-4;196,90;115,77;0,05;0,05
11,598;3,523;1,157;1,97E-4;196,88;115,70;0,05;0,05
11,599;3,523;1,157;1,97E-4;196,87;115,67;0,05;0,05
11,600;3,522;1,157;1,97E-4;196,86;115,68;0,05;0,05
11,601;3,523;1,157;1,97E-4;196,88;115,68;0,05;0,05
11,602;3,522;1,157;1,97E-4;196,86;115,66;0,05;0,05
11,603;3,522;1,156;1,97E-4;196,84;115,59;0,05;0,05
11,604;3,523;1,157;1,97E-4;196,87;115,72;0,05;0,05
11,605;3,524;1,158;1,97E-4;196,91;115,80;0,05;0,05
11,606;3,523;1,158;1,97E-4;196,90;115,79;0,05;0,05
11,607;3,521;1,156;1,97E-4;196,84;115,57;0,05;0,05
11,608;3,521;1,156;1,97E-4;196,83;115,55;0,05;0,05
11,609;3,522;1,157;1,97E-4;196,86;115,67;0,05;0,05
11,610;3,522;1,156;1,97E-4;196,86;115,63;0,05;0,05
11,611;3,522;1,156;1,97E-4;196,86;115,63;0,05;0,05
11,612;3,522;1,157;1,97E-4;196,86;115,66;0,05;0,05
11,613;3,522;1,156;1,97E-4;196,85;115,62;0,05;0,05
11,614;3,522;1,157;1,97E-4;196,87;115,66;0,05;0,05
11,615;3,523;1,157;1,97E-4;196,88;115,71;0,05;0,05
11,616;3,521;1,156;1,97E-4;196,83;115,57;0,05;0,05
11,617;3,523;1,157;1,97E-4;196,88;115,72;0,05;0,05
11,618;3,522;1,156;1,97E-4;196,85;115,59;0,05;0,05
11,619;3,520;1,155;1,97E-4;196,80;115,46;0,05;0,05
11,620;3,523;1,158;1,97E-4;196,89;115,79;0,05;0,05
11,621;3,522;1,157;1,97E-4;196,87;115,66;0,05;0,05
11,622;3,522;1,156;1,97E-4;196,86;115,65;0,05;0,05
11,623;3,522;1,156;1,97E-4;196,84;115,57;0,05;0,05
11,624;3,521;1,156;1,97E-4;196,83;115,58;0,05;0,05
11,625;3,520;1,155;1,97E-4;196,80;115,47;0,05;0,05
11,626;3,522;1,156;1,97E-4;196,85;115,64;0,05;0,05
11,627;3,522;1,156;1,97E-4;196,85;115,63;0,05;0,05
11,628;3,522;1,157;1,97E-4;196,86;115,65;0,05;0,05
11,629;3,522;1,156;1,97E-4;196,85;115,59;0,05;0,05
11,630;3,523;1,158;1,97E-4;196,90;115,76;0,05;0,05
11,631;3,524;1,158;1,97E-4;196,91;115,82;0,05;0,05
11,632;3,521;1,156;1,97E-4;196,82;115,58;0,05;0,05
11,633;3,523;1,157;1,97E-4;196,88;115,73;0,05;0,05
11,634;3,522;1,156;1,97E-4;196,85;115,63;0,05;0,05
11,635;3,521;1,155;1,97E-4;196,81;115,55;0,05;0,05
11,636;3,521;1,155;1,97E-4;196,82;115,52;0,05;0,05
11,637;3,522;1,156;1,97E-4;196,85;115,58;0,05;0,05
11,638;3,522;1,156;1,97E-4;196,84;115,59;0,05;0,05
11,639;3,522;1,156;1,97E-4;196,86;115,65;0,05;0,05
11,640;3,522;1,156;1,97E-4;196,84;115,59;0,05;0,05
11,641;3,522;1,156;1,97E-4;196,86;115,61;0,05;0,05
11,642;3,523;1,158;1,97E-4;196,89;115,76;0,05;0,05
11,643;3,523;1,158;1,97E-4;196,90;115,78;0,05;0,05
11,644;3,522;1,157;1,97E-4;196,86;115,67;0,05;0,05
11,645;3,522;1,157;1,97E-4;196,85;115,66;0,05;0,05
11,646;3,523;1,157;1,97E-4;196,89;115,74;0,05;0,05
11,647;3,523;1,157;1,97E-4;196,88;115,70;0,05;0,05
11,648;3,522;1,157;1,97E-4;196,86;115,68;0,05;0,05
11,649;3,523;1,157;1,97E-4;196,88;115,72;0,05;0,05
11,650;3,521;1,156;1,97E-4;196,84;115,57;0,05;0,05
11,651;3,522;1,157;1,97E-4;196,86;115,67;0,05;0,05
11,652;3,523;1,157;1,97E-4;196,88;115,73;0,05;0,05
11,653;3,522;1,157;1,97E-4;196,86;115,71;0,05;0,05
11,654;3,523;1,157;1,97E-4;196,87;115,72;0,05;0,05
11,655;3,522;1,157;1,97E-4;196,86;115,70;0,05;0,05
11,656;3,522;1,157;1,97E-4;196,87;115,69;0,05;0,05
11,657;3,523;1,158;1,97E-4;196,89;115,80;0,05;0,05
11,658;3,522;1,157;1,97E-4;196,86;115,67;0,05;0,05
11,659;3,521;1,156;1,97E-4;196,84;115,61;0,05;0,05
11,660;3,522;1,157;1,97E-4;196,86;115,67;0,05;0,05
11,661;3,522;1,157;1,97E-4;196,86;115,65;0,05;0,05
11,662;3,522;1,157;1,97E-4;196,86;115,67;0,05;0,05
11,663;3,524;1,158;1,97E-4;196,91;115,82;0,05;0,05
11,664;3,524;1,158;1,97E-4;196,91;115,84;0,05;0,05
11,665;3,522;1,157;1,97E-4;196,86;115,68;0,05;0,05
11,666;3,522;1,157;1,97E-4;196,86;115,67;0,05;0,05
11,667;3,522;1,157;1,97E-4;196,87;115,68;0,05;0,05
11,668;3,523;1,157;1,97E-4;196,88;115,72;0,05;0,05
11,669;3,522;1,157;1,97E-4;196,87;115,70;0,05;0,05
11,670;3,521;1,156;1,97E-4;196,83;115,63;0,05;0,05
11,671;3,522;1,157;1,97E-4;196,86;115,66;0,05;0,05
11,672;3,522;1,156;1,97E-4;196,85;115,64;0,05;0,05
11,673;3,522;1,156;1,97E-4;196,85;115,63;0,05;0,05
11,674;3,522;1,157;1,97E-4;196,86;115,67;0,05;0,05
11,675;3,521;1,156;1,97E-4;196,83;115,57;0,05;0,05
11,676;3,522;1,157;1,97E-4;196,87;115,73;0,05;0,05
11,677;3,522;1,156;1,97E-4;196,85;115,63;0,05;0,05
11,678;3,523;1,157;1,97E-4;196,88;115,74;0,05;0,05
11,679;3,522;1,157;1,97E-4;196,86;115,66;0,05;0,05
11,680;3,522;1,157;1,97E-4;196,85;115,67;0,05;0,05
11,681;3,522;1,157;1,97E-4;196,86;115,69;0,05;0,05
11,682;3,523;1,158;1,97E-4;196,89;115,76;0,05;0,05
11,683;3,523;1,158;1,97E-4;196,88;115,76;0,05;0,05
11,684;3,522;1,157;1,97E-4;196,87;115,69;0,05;0,05
11,685;3,522;1,157;1,97E-4;196,85;115,67;0,05;0,05
11,686;3,522;1,157;1,97E-4;196,87;115,69;0,05;0,05
11,687;3,522;1,157;1,97E-4;196,86;115,67;0,05;0,05
11,688;3,522;1,157;1,97E-4;196,86;115,68;0,05;0,05
11,689;3,523;1,157;1,97E-4;196,87;115,69;0,05;0,05
11,690;3,523;1,157;1,97E-4;196,88;115,73;0,05;0,05
11,691;3,523;1,158;1,97E-4;196,89;115,76;0,05;0,05
11,692;3,522;1,156;1,97E-4;196,85;115,64;0,05;0,05
11,693;3,523;1,158;1,97E-4;196,89;115,78;0,05;0,05
11,694;3,523;1,158;1,97E-4;196,89;115,77;0,05;0,05
11,695;3,523;1,157;1,97E-4;196,88;115,73;0,05;0,05
11,696;3,522;1,156;1,97E-4;196,85;115,64;0,05;0,05
11,697;3,522;1,157;1,97E-4;196,87;115,72;0,05;0,05
11,698;3,523;1,158;1,97E-4;196,87;115,76;0,05;0,05
11,699;3,524;1,159;1,97E-4;196,93;115,88;0,05;0,05
11,700;3,523;1,158;1,97E-4;196,90;115,77;0,05;0,05
11,701;3,523;1,158;1,97E-4;196,89;115,78;0,05;0,05
11,702;3,522;1,157;1,97E-4;196,87;115,71;0,05;0,05
11,703;3,521;1,156;1,97E-4;196,83;115,59;0,05;0,05
11,704;3,523;1,157;1,97E-4;196,88;115,70;0,05;0,05
11,705;3,523;1,158;1,97E-4;196,88;115,76;0,05;0,05
11,706;3,523;1,158;1,97E-4;196,90;115,80;0,05;0,05
11,707;3,523;1,157;1,97E-4;196,87;115,71;0,05;0,05
11,708;3,521;1,156;1,97E-4;196,83;115,58;0,05;0,05
11,709;3,522;1,156;1,97E-4;196,85;115,63;0,05;0,05
11,710;3,522;1,156;1,97E-4;196,85;115,62;0,05;0,05
11,711;3,522;1,157;1,97E-4;196,85;115,68;0,05;0,05
11,712;3,522;1,157;1,97E-4;196,86;115,67;0,05;0,05
11,713;3,522;1,157;1,97E-4;196,87;115,69;0,05;0,05
11,714;3,524;1,158;1,97E-4;196,91;115,81;0,05;0,05
11,715;3,522;1,156;1,97E-4;196,85;115,63;0,05;0,05
11,716;3,521;1,156;1,97E-4;196,84;115,59;0,05;0,05
11,717;3,523;1,157;1,97E-4;196,88;115,71;0,05;0,05
11,718;3,523;1,157;1,97E-4;196,88;115,69;0,05;0,05
11,719;3,523;1,157;1,97E-4;196,88;115,66;0,05;0,05
11,720;3,522;1,157;1,97E-4;196,87;115,65;0,05;0,05
11,721;3,522;1,157;1,97E-4;196,86;115,66;0,05;0,05
11,722;3,521;1,155;1,97E-4;196,82;115,52;0,05;0,05
11,723;3,522;1,156;1,97E-4;196,87;115,64;0,05;0,05
11,724;3,521;1,156;1,97E-4;196,83;115,58;0,05;0,05
11,725;3,522;1,156;1,97E-4;196,86;115,64;0,05;0,05
11,726;3,523;1,157;1,97E-4;196,88;115,70;0,05;0,05
11,727;3,522;1,157;1,97E-4;196,85;115,66;0,05;0,05
11,728;3,522;1,157;1,97E-4;196,87;115,65;0,05;0,05
11,729;3,523;1,157;1,97E-4;196,88;115,72;0,05;0,05
11,730;3,522;1,157;1,97E-4;196,87;115,69;0,05;0,05
11,731;3,523;1,158;1,97E-4;196,90;115,79;0,05;0,05
11,732;3,524;1,159;1,97E-4;196,93;115,89;0,05;0,05
11,733;3,523;1,157;1,97E-4;196,89;115,71;0,05;0,05
11,734;3,522;1,156;1,97E-4;196,84;115,61;0,05;0,05
11,735;3,522;1,157;1,97E-4;196,86;115,69;0,05;0,05
11,736;3,523;1,157;1,97E-4;196,88;115,73;0,05;0,05
11,737;3,522;1,156;1,97E-4;196,86;115,65;0,05;0,05
11,738;3,522;1,157;1,97E-4;196,87;115,67;0,05;0,05
11,739;3,523;1,157;1,97E-4;196,89;115,73;0,05;0,05
11,740;3,522;1,157;1,97E-4;196,86;115,65;0,05;0,05
11,741;3,522;1,157;1,97E-4;196,87;115,70;0,05;0,05
11,742;3,521;1,155;1,97E-4;196,83;115,54;0,05;0,05
11,743;3,522;1,156;1,97E-4;196,85;115,60;0,05;0,05
11,744;3,522;1,156;1,97E-4;196,85;115,60;0,05;0,05
11,745;3,522;1,157;1,97E-4;196,86;115,66;0,05;0,05
11,746;3,523;1,157;1,97E-4;196,88;115,74;0,05;0,05
11,747;3,522;1,156;1,97E-4;196,85;115,63;0,05;0,05
11,748;3,522;1,156;1,97E-4;196,86;115,64;0,05;0,05
11,749;3,521;1,156;1,97E-4;196,84;115,60;0,05;0,05
11,750;3,522;1,156;1,97E-4;196,85;115,61;0,05;0,05
11,751;3,522;1,156;1,97E-4;196,85;115,61;0,05;0,05
11,752;3,523;1,157;1,97E-4;196,89;115,74;0,05;0,05
11,753;3,522;1,157;1,97E-4;196,87;115,69;0,05;0,05
11,754;3,522;1,157;1,97E-4;196,87;115,73;0,05;0,05
11,755;3,522;1,156;1,97E-4;196,85;115,64;0,05;0,05
11,756;3,523;1,158;1,97E-4;196,88;115,79;0,05;0,05
11,757;3,523;1,158;1,97E-4;196,90;115,80;0,05;0,05
11,758;3,522;1,157;1,97E-4;196,87;115,71;0,05;0,05
11,759;3,523;1,157;1,97E-4;196,88;115,74;0,05;0,05
11,760;3,523;1,157;1,97E-4;196,88;115,72;0,05;0,05
11,761;3,523;1,157;1,97E-4;196,89;115,71;0,05;0,05
11,762;3,522;1,157;1,97E-4;196,86;115,66;0,05;0,05
11,763;3,522;1,157;1,97E-4;196,86;115,67;0,05;0,05
11,764;3,522;1,156;1,97E-4;196,85;115,63;0,05;0,05
11,765;3,522;1,157;1,97E-4;196,86;115,69;0,05;0,05
11,766;3,522;1,157;1,97E-4;196,87;115,71;0,05;0,05
11,767;3,522;1,156;1,97E-4;196,86;115,64;0,05;0,05
11,768;3,523;1,157;1,97E-4;196,89;115,74;0,05;0,05
11,769;3,524;1,158;1,97E-4;196,93;115,84;0,05;0,05
11,770;3,523;1,158;1,97E-4;196,89;115,77;0,05;0,05
