"Time (s) Run #1";"Voltage, Ch A (V) Run #1";"Voltage, Ch B (V) Run #1";"V₀ (m³) Run #1";"V (cm³) Run #1";"p (kPa) Run #1";"XV (units) Run #1";"Yp (units) Run #1"
0,000;0,307;0,996;9,36E-5;93,64;99,58;0,00;0,00
0,001;0,306;0,995;9,36E-5;93,63;99,54;2,73E-5;-1,81E-4
0,002;0,307;0,996;9,37E-5;93,65;99,60;-5,63E-5;9,58E-5
0,003;0,308;0,997;9,37E-5;93,68;99,71;-2,02E-4;5,37E-4
0,004;0,306;0,995;9,36E-5;93,63;99,53;6,36E-5;-2,45E-4
0,005;0,307;0,997;9,37E-5;93,66;99,65;-1,13E-4;3,03E-4
0,006;0,307;0,996;9,37E-5;93,66;99,64;-1,04E-4;2,50E-4
0,007;0,307;0,996;9,36E-5;93,64;99,58;-7,27E-6;-1,60E-5
0,008;0,307;0,996;9,36E-5;93,65;99,61;-2,91E-5;1,01E-4
0,009;0,308;0,997;9,37E-5;93,67;99,70;-1,53E-4;5,16E-4
0,010;0,308;0,998;9,37E-5;93,70;99,76;-2,63E-4;7,61E-4
0,011;0,307;0,997;9,37E-5;93,67;99,68;-1,27E-4;4,26E-4
0,012;0,307;0,996;9,36E-5;93,64;99,58;-1,82E-5;-3,19E-5
0,013;0,308;0,997;9,37E-5;93,69;99,75;-2,40E-4;7,23E-4
0,014;0,307;0,996;9,37E-5;93,66;99,64;-1,16E-4;2,39E-4
0,015;0,307;0,996;9,37E-5;93,66;99,62;-8,90E-5;1,76E-4
0,016;0,307;0,997;9,37E-5;93,67;99,66;-1,36E-4;3,35E-4
0,017;0,308;0,997;9,37E-5;93,68;99,70;-1,85E-4;5,05E-4
0,018;0,307;0,997;9,37E-5;93,67;99,65;-1,42E-4;2,93E-4
0,019;0,307;0,996;9,37E-5;93,65;99,61;-7,09E-5;1,12E-4
0,020;0,307;0,996;9,37E-5;93,66;99,62;-8,72E-5;1,70E-4
0,021;0,308;0,998;9,37E-5;93,70;99,78;-2,91E-4;8,46E-4
0,022;0,307;0,997;9,37E-5;93,65;99,67;-5,82E-5;3,72E-4
0,023;0,307;0,996;9,37E-5;93,66;99,65;-9,09E-5;2,71E-4
0,024;0,307;0,997;9,37E-5;93,67;99,68;-1,22E-4;4,20E-4
0,025;0,307;0,997;9,37E-5;93,67;99,66;-1,27E-4;3,41E-4
0,026;0,307;0,996;9,36E-5;93,65;99,61;-4,91E-5;1,01E-4
0,027;0,307;0,996;9,36E-5;93,65;99,61;-3,63E-5;1,28E-4
0,028;0,308;0,997;9,37E-5;93,67;99,71;-1,51E-4;5,48E-4
0,029;0,308;0,997;9,37E-5;93,67;99,70;-1,65E-4;5,27E-4
0,030;0,307;0,996;9,36E-5;93,64;99,58;-1,09E-5;-1,06E-5
0,031;0,308;0,998;9,37E-5;93,70;99,76;-2,62E-4;7,61E-4
0,032;0,308;0,997;9,37E-5;93,70;99,74;-2,73E-4;6,97E-4
0,033;0,308;0,997;9,37E-5;93,68;99,70;-2,03E-4;4,90E-4
0,034;0,308;0,997;9,37E-5;93,67;99,71;-1,51E-4;5,75E-4
0,035;0,309;0,998;9,37E-5;93,70;99,77;-2,98E-4;7,98E-4
0,036;0,309;0,998;9,37E-5;93,71;99,75;-3,27E-4;7,50E-4
0,037;0,307;0,996;9,37E-5;93,66;99,64;-8,18E-5;2,45E-4
0,038;0,307;0,997;9,37E-5;93,67;99,67;-1,25E-4;3,62E-4
0,039;0,306;0,995;9,36E-5;93,63;99,53;4,73E-5;-2,13E-4
0,040;0,308;0,997;9,37E-5;93,68;99,71;-2,09E-4;5,69E-4
0,041;0,308;0,997;9,37E-5;93,67;99,73;-1,47E-4;6,49E-4
0,042;0,307;0,996;9,37E-5;93,65;99,64;-6,72E-5;2,34E-4
0,043;0,306;0,996;9,36E-5;93,63;99,57;3,82E-5;-4,79E-5
0,044;0,308;0,997;9,37E-5;93,68;99,69;-1,69E-4;4,58E-4
0,045;0,307;0,997;9,37E-5;93,67;99,65;-1,44E-4;3,09E-4
0,046;0,308;0,997;9,37E-5;93,68;99,69;-2,11E-4;4,74E-4
0,047;0,308;0,997;9,37E-5;93,69;99,68;-2,14E-4;4,31E-4
0,048;0,307;0,997;9,37E-5;93,67;99,66;-1,27E-4;3,25E-4
0,049;0,306;0,995;9,36E-5;93,62;99,49;7,27E-5;-3,99E-4
0,050;0,307;0,996;9,37E-5;93,66;99,63;-8,54E-5;1,86E-4
0,051;0,307;0,997;9,37E-5;93,66;99,66;-1,14E-4;3,19E-4
0,052;0,308;0,997;9,37E-5;93,69;99,71;-2,13E-4;5,48E-4
0,053;0,308;0,997;9,37E-5;93,68;99,70;-1,73E-4;5,21E-4
0,054;0,308;0,998;9,37E-5;93,70;99,76;-2,71E-4;7,61E-4
0,055;0,308;0,997;9,37E-5;93,67;99,69;-1,56E-4;4,63E-4
0,056;0,308;0,997;9,37E-5;93,68;99,71;-2,03E-4;5,75E-4
0,057;0,308;0,997;9,37E-5;93,68;99,72;-1,87E-4;5,91E-4
0,058;0,308;0,998;9,37E-5;93,69;99,76;-2,36E-4;7,66E-4
0,059;0,308;0,998;9,37E-5;93,70;99,78;-2,85E-4;8,62E-4
0,060;0,307;0,997;9,37E-5;93,66;99,66;-7,81E-5;3,25E-4
0,061;0,308;0,997;9,37E-5;93,69;99,74;-2,33E-4;7,02E-4
0,062;0,308;0,998;9,37E-5;93,69;99,76;-2,23E-4;7,93E-4
0,063;0,309;0,999;9,37E-5;93,72;99,86;-3,52E-4;0,00
0,064;0,308;0,997;9,37E-5;93,68;99,73;-2,05E-4;6,44E-4
0,065;0,309;0,998;9,37E-5;93,71;99,79;-3,25E-4;9,09E-4
0,066;0,307;0,997;9,37E-5;93,66;99,67;-1,04E-4;3,67E-4
0,067;0,308;0,997;9,37E-5;93,69;99,72;-2,34E-4;5,85E-4
0,068;0,308;0,997;9,37E-5;93,68;99,70;-1,91E-4;4,95E-4
0,069;0,308;0,997;9,37E-5;93,69;99,70;-2,38E-4;5,16E-4
0,070;0,306;0,996;9,36E-5;93,64;99,59;7,27E-6;1,60E-5
0,071;0,307;0,997;9,37E-5;93,65;99,65;-7,27E-5;3,03E-4
0,072;0,308;0,997;9,37E-5;93,70;99,74;-2,78E-4;6,65E-4
0,073;0,308;0,997;9,37E-5;93,69;99,73;-2,45E-4;6,44E-4
0,074;0,308;0,997;9,37E-5;93,68;99,72;-1,89E-4;5,80E-4
0,075;0,308;0,997;9,37E-5;93,68;99,71;-1,94E-4;5,43E-4
0,076;0,307;0,997;9,37E-5;93,67;99,69;-1,24E-4;4,47E-4
0,077;0,308;0,997;9,37E-5;93,67;99,67;-1,49E-4;3,94E-4
0,078;0,309;0,998;9,37E-5;93,71;99,80;-3,23E-4;9,63E-4
0,079;0,308;0,998;9,37E-5;93,69;99,76;-2,27E-4;7,93E-4
0,080;0,307;0,997;9,37E-5;93,67;99,67;-1,24E-4;3,88E-4
0,081;0,307;0,997;9,37E-5;93,67;99,72;-1,45E-4;6,17E-4
0,082;0,307;0,997;9,37E-5;93,66;99,67;-9,27E-5;3,72E-4
0,083;0,307;0,997;9,37E-5;93,67;99,67;-1,24E-4;3,94E-4
0,084;0,308;0,998;9,37E-5;93,70;99,77;-2,62E-4;8,08E-4
0,085;0,308;0,998;9,37E-5;93,70;99,75;-2,76E-4;7,29E-4
0,086;0,307;0,996;9,37E-5;93,65;99,62;-6,00E-5;1,49E-4
0,087;0,308;0,997;9,37E-5;93,70;99,75;-2,71E-4;7,18E-4
0,088;0,309;0,998;9,37E-5;93,70;99,78;-3,02E-4;8,56E-4
0,089;0,309;0,998;9,37E-5;93,71;99,78;-3,43E-4;8,56E-4
0,090;0,308;0,997;9,37E-5;93,70;99,74;-2,60E-4;6,92E-4
0,091;0,308;0,997;9,37E-5;93,68;99,71;-2,09E-4;5,43E-4
0,092;0,308;0,997;9,37E-5;93,68;99,68;-1,96E-4;4,15E-4
0,093;0,307;0,996;9,36E-5;93,65;99,58;-4,18E-5;-5,32E-6
0,094;0,307;0,997;9,37E-5;93,66;99,67;-1,14E-4;3,72E-4
0,095;0,308;0,997;9,37E-5;93,69;99,73;-2,43E-4;6,54E-4
0,096;0,308;0,997;9,37E-5;93,67;99,70;-1,62E-4;4,95E-4
0,097;0,309;0,998;9,37E-5;93,71;99,78;-3,23E-4;8,46E-4
0,098;0,309;0,999;9,37E-5;93,73;99,86;-4,31E-4;0,00
0,099;0,309;0,998;9,37E-5;93,71;99,83;-3,16E-4;0,00
0,100;0,308;0,998;9,37E-5;93,70;99,78;-2,74E-4;8,56E-4
0,101;0,308;0,997;9,37E-5;93,69;99,75;-2,23E-4;7,18E-4
0,102;0,308;0,998;9,37E-5;93,70;99,77;-2,69E-4;8,03E-4
0,103;0,308;0,997;9,37E-5;93,68;99,71;-1,98E-4;5,75E-4
0,104;0,308;0,997;9,37E-5;93,67;99,71;-1,47E-4;5,37E-4
0,105;0,308;0,997;9,37E-5;93,67;99,70;-1,56E-4;5,00E-4
0,106;0,307;0,997;9,37E-5;93,66;99,67;-8,18E-5;3,78E-4
0,107;0,308;0,998;9,37E-5;93,69;99,82;-2,51E-4;0,00
0,108;0,309;0,998;9,37E-5;93,71;99,81;-3,09E-4;9,73E-4
0,109;0,308;0,997;9,37E-5;93,69;99,74;-2,27E-4;7,02E-4
0,110;0,308;0,997;9,37E-5;93,68;99,68;-1,93E-4;4,26E-4
0,111;0,308;0,998;9,37E-5;93,70;99,77;-2,85E-4;8,19E-4
0,112;0,308;0,998;9,37E-5;93,70;99,78;-2,62E-4;8,67E-4
0,113;0,306;0,996;9,36E-5;93,63;99,61;3,63E-5;1,22E-4
0,114;0,308;0,997;9,37E-5;93,67;99,73;-1,51E-4;6,22E-4
0,115;0,308;0,998;9,37E-5;93,70;99,82;-2,85E-4;0,00
0,116;0,307;0,997;9,37E-5;93,67;99,71;-1,45E-4;5,59E-4
0,117;0,308;0,997;9,37E-5;93,69;99,73;-2,18E-4;6,54E-4
0,118;0,308;0,997;9,37E-5;93,69;99,73;-2,47E-4;6,33E-4
0,119;0,307;0,997;9,37E-5;93,66;99,67;-8,36E-5;3,99E-4
0,120;0,308;0,997;9,37E-5;93,68;99,70;-1,87E-4;5,21E-4
0,121;0,307;0,996;9,36E-5;93,65;99,60;-4,54E-5;6,39E-5
0,122;0,307;0,996;9,36E-5;93,64;99,59;-1,09E-5;3,19E-5
0,123;0,307;0,997;9,37E-5;93,67;99,69;-1,42E-4;4,74E-4
0,124;0,308;0,998;9,37E-5;93,70;99,78;-2,65E-4;8,67E-4
0,125;0,308;0,997;9,37E-5;93,69;99,73;-2,18E-4;6,28E-4
0,126;0,308;0,997;9,37E-5;93,68;99,74;-1,78E-4;6,92E-4
0,127;0,307;0,996;9,37E-5;93,65;99,63;-7,09E-5;2,24E-4
0,128;0,306;0,996;9,36E-5;93,63;99,57;3,27E-5;-4,79E-5
0,129;0,307;0,996;9,36E-5;93,64;99,62;-1,27E-5;1,81E-4
0,130;0,308;0,997;9,37E-5;93,67;99,69;-1,60E-4;4,74E-4
0,131;0,307;0,996;9,36E-5;93,64;99,61;-1,82E-5;1,38E-4
0,132;0,308;0,997;9,37E-5;93,68;99,72;-2,00E-4;6,12E-4
0,133;0,307;0,997;9,37E-5;93,66;99,68;-1,04E-4;4,42E-4
0,134;0,307;0,996;9,37E-5;93,67;99,64;-1,34E-4;2,45E-4
0,135;0,308;0,997;9,37E-5;93,67;99,68;-1,47E-4;4,20E-4
0,136;0,309;0,998;9,37E-5;93,73;99,84;-4,00E-4;0,00
0,137;0,309;0,998;9,37E-5;93,71;99,81;-3,18E-4;9,73E-4
0,138;0,308;0,997;9,37E-5;93,69;99,72;-2,14E-4;5,96E-4
0,139;0,308;0,996;9,37E-5;93,67;99,63;-1,47E-4;1,97E-4
0,140;0,307;0,997;9,37E-5;93,67;99,66;-1,38E-4;3,25E-4
0,141;0,308;0,997;9,37E-5;93,68;99,69;-2,05E-4;4,84E-4
0,142;0,308;0,997;9,37E-5;93,68;99,67;-2,00E-4;3,83E-4
0,143;0,308;0,997;9,37E-5;93,69;99,71;-2,43E-4;5,75E-4
0,144;0,307;0,996;9,37E-5;93,65;99,59;-5,82E-5;2,66E-5
0,145;0,307;0,995;9,36E-5;93,64;99,54;1,82E-6;-2,02E-4
0,146;0,308;0,997;9,37E-5;93,69;99,74;-2,14E-4;6,65E-4
0,147;0,307;0,997;9,37E-5;93,65;99,65;-5,09E-5;3,03E-4
0,148;0,307;0,996;9,37E-5;93,65;99,63;-5,63E-5;1,86E-4
0,149;0,307;0,997;9,37E-5;93,66;99,66;-9,09E-5;3,35E-4
0,150;0,307;0,997;9,37E-5;93,67;99,70;-1,36E-4;5,11E-4
0,151;0,307;0,997;9,37E-5;93,66;99,72;-1,18E-4;6,12E-4
0,152;0,309;0,998;9,37E-5;93,71;99,80;-3,36E-4;9,31E-4
0,153;0,308;0,998;9,37E-5;93,70;99,78;-2,92E-4;8,78E-4
0,154;0,308;0,997;9,37E-5;93,68;99,69;-2,00E-4;4,79E-4
0,155;0,308;0,997;9,37E-5;93,67;99,72;-1,64E-4;5,85E-4
0,156;0,307;0,997;9,37E-5;93,66;99,67;-9,81E-5;3,72E-4
0,157;0,308;0,998;9,37E-5;93,69;99,77;-2,49E-4;8,35E-4
0,158;0,307;0,997;9,37E-5;93,67;99,70;-1,42E-4;5,32E-4
0,159;0,307;0,997;9,37E-5;93,66;99,66;-1,04E-4;3,19E-4
0,160;0,308;0,997;9,37E-5;93,69;99,72;-2,13E-4;5,80E-4
0,161;0,308;0,997;9,37E-5;93,68;99,66;-1,69E-4;3,35E-4
0,162;0,309;0,998;9,37E-5;93,71;99,82;-3,36E-4;0,00
0,163;0,308;0,997;9,37E-5;93,69;99,75;-2,43E-4;7,07E-4
0,164;0,307;0,996;9,37E-5;93,65;99,62;-6,36E-5;1,49E-4
0,165;0,307;0,997;9,37E-5;93,66;99,66;-9,09E-5;3,51E-4
0,166;0,308;0,998;9,37E-5;93,70;99,75;-2,85E-4;7,45E-4
0,167;0,307;0,997;9,37E-5;93,67;99,65;-1,25E-4;3,03E-4
0,168;0,308;0,997;9,37E-5;93,68;99,72;-2,00E-4;5,91E-4
0,169;0,308;0,997;9,37E-5;93,68;99,69;-1,93E-4;4,68E-4
0,170;0,308;0,997;9,37E-5;93,68;99,67;-1,93E-4;3,72E-4
0,171;0,308;0,997;9,37E-5;93,68;99,67;-1,76E-4;3,72E-4
0,172;0,308;0,997;9,37E-5;93,67;99,66;-1,62E-4;3,46E-4
0,173;0,308;0,997;9,37E-5;93,70;99,72;-2,80E-4;5,80E-4
0,174;0,308;0,997;9,37E-5;93,70;99,75;-2,73E-4;7,23E-4
0,175;0,308;0,997;9,37E-5;93,68;99,68;-2,07E-4;4,42E-4
0,176;0,307;0,997;9,37E-5;93,67;99,67;-1,36E-4;3,78E-4
0,177;0,307;0,997;9,37E-5;93,67;99,66;-1,38E-4;3,19E-4
0,178;0,306;0,996;9,36E-5;93,63;99,55;3,09E-5;-1,38E-4
0,179;0,306;0,995;9,36E-5;93,61;99,49;1,25E-4;-4,15E-4
0,180;0,308;0,997;9,37E-5;93,69;99,69;-2,13E-4;4,58E-4
0,181;0,308;0,997;9,37E-5;93,67;99,67;-1,53E-4;3,88E-4
0,182;0,307;0,996;9,37E-5;93,66;99,65;-1,14E-4;2,71E-4
0,183;0,308;0,997;9,37E-5;93,68;99,72;-2,03E-4;6,17E-4
0,184;0,308;0,997;9,37E-5;93,68;99,71;-1,91E-4;5,69E-4
0,185;0,309;0,998;9,37E-5;93,72;99,81;-3,56E-4;9,84E-4
0,186;0,307;0,996;9,37E-5;93,66;99,61;-9,45E-5;1,12E-4
0,187;0,308;0,998;9,37E-5;93,70;99,76;-2,67E-4;7,87E-4
0,188;0,307;0,996;9,37E-5;93,66;99,64;-8,90E-5;2,45E-4
0,189;0,307;0,996;9,37E-5;93,66;99,63;-9,81E-5;1,92E-4
0,190;0,306;0,996;9,36E-5;93,63;99,56;3,27E-5;-1,12E-4
0,191;0,307;0,996;9,37E-5;93,65;99,63;-5,63E-5;2,13E-4
0,192;0,307;0,996;9,36E-5;93,64;99,61;-1,27E-5;1,17E-4
0,193;0,307;0,996;9,36E-5;93,65;99,61;-3,45E-5;1,17E-4
0,194;0,307;0,997;9,37E-5;93,66;99,67;-1,04E-4;3,94E-4
0,195;0,307;0,997;9,37E-5;93,66;99,66;-8,90E-5;3,35E-4
0,196;0,308;0,997;9,37E-5;93,68;99,71;-2,07E-4;5,59E-4
0,197;0,308;0,997;9,37E-5;93,68;99,72;-2,00E-4;5,91E-4
0,198;0,307;0,996;9,36E-5;93,64;99,58;0,00;-2,13E-5
0,199;0,308;0,997;9,37E-5;93,68;99,68;-2,02E-4;4,36E-4
0,200;0,307;0,997;9,37E-5;93,66;99,66;-1,14E-4;3,51E-4
0,201;0,306;0,995;9,36E-5;93,62;99,54;9,81E-5;-2,08E-4
0,202;0,306;0,996;9,36E-5;93,64;99,57;3,63E-6;-5,32E-5
0,203;0,308;0,997;9,37E-5;93,67;99,68;-1,51E-4;4,15E-4
0,204;0,307;0,996;9,36E-5;93,64;99,59;-2,36E-5;2,13E-5
0,205;0,307;0,996;9,36E-5;93,64;99,59;-1,45E-5;1,60E-5
0,206;0,306;0,996;9,36E-5;93,64;99,55;1,09E-5;-1,22E-4
0,207;0,307;0,996;9,36E-5;93,65;99,57;-3,27E-5;-3,73E-5
0,208;0,308;0,997;9,37E-5;93,68;99,68;-1,76E-4;4,04E-4
0,209;0,307;0,997;9,37E-5;93,66;99,66;-9,99E-5;3,19E-4
0,210;0,308;0,997;9,37E-5;93,67;99,67;-1,54E-4;3,72E-4
0,211;0,307;0,997;9,37E-5;93,66;99,68;-1,16E-4;4,04E-4
0,212;0,308;0,997;9,37E-5;93,68;99,71;-2,00E-4;5,37E-4
0,213;0,308;0,997;9,37E-5;93,68;99,67;-1,74E-4;3,94E-4
0,214;0,307;0,996;9,36E-5;93,65;99,60;-3,27E-5;7,98E-5
0,215;0,307;0,997;9,37E-5;93,66;99,67;-1,05E-4;3,99E-4
0,216;0,307;0,996;9,37E-5;93,66;99,61;-8,18E-5;1,38E-4
0,217;0,307;0,997;9,37E-5;93,66;99,68;-9,81E-5;4,31E-4
0,218;0,309;0,998;9,37E-5;93,70;99,78;-3,03E-4;8,67E-4
0,219;0,307;0,997;9,37E-5;93,67;99,66;-1,25E-4;3,35E-4
0,220;0,308;0,997;9,37E-5;93,70;99,73;-2,69E-4;6,44E-4
0,221;0,307;0,996;9,37E-5;93,66;99,64;-9,45E-5;2,39E-4
0,222;0,306;0,996;9,36E-5;93,64;99,59;7,27E-6;2,13E-5
0,223;0,307;0,996;9,37E-5;93,66;99,64;-7,81E-5;2,39E-4
0,224;0,307;0,997;9,37E-5;93,67;99,68;-1,33E-4;4,42E-4
0,225;0,308;0,997;9,37E-5;93,68;99,75;-2,05E-4;7,07E-4
0,226;0,307;0,997;9,37E-5;93,65;99,67;-6,72E-5;3,62E-4
0,227;0,308;0,997;9,37E-5;93,69;99,74;-2,31E-4;6,76E-4
0,228;0,309;0,998;9,37E-5;93,70;99,76;-3,03E-4;7,61E-4
0,229;0,308;0,997;9,37E-5;93,67;99,68;-1,47E-4;4,10E-4
0,230;0,307;0,996;9,37E-5;93,66;99,61;-1,18E-4;1,38E-4
0,231;0,306;0,995;9,36E-5;93,63;99,54;2,54E-5;-1,76E-4
0,232;0,308;0,997;9,37E-5;93,69;99,71;-2,45E-4;5,43E-4
0,233;0,307;0,996;9,37E-5;93,67;99,65;-1,20E-4;2,71E-4
0,234;0,307;0,997;9,37E-5;93,67;99,68;-1,42E-4;4,04E-4
0,235;0,310;0,999;9,37E-5;93,74;99,86;-4,56E-4;0,00
0,236;0,309;0,998;9,37E-5;93,71;99,80;-3,29E-4;9,63E-4
0,237;0,308;0,997;9,37E-5;93,69;99,73;-2,40E-4;6,38E-4
0,238;0,308;0,997;9,37E-5;93,68;99,70;-1,82E-4;5,05E-4
0,239;0,309;0,998;9,37E-5;93,71;99,76;-3,29E-4;7,61E-4
0,240;0,307;0,996;9,37E-5;93,65;99,60;-5,45E-5;7,98E-5
0,241;0,308;0,998;9,37E-5;93,70;99,75;-2,63E-4;7,34E-4
0,242;0,308;0,997;9,37E-5;93,68;99,70;-1,71E-4;5,16E-4
0,243;0,307;0,997;9,37E-5;93,67;99,70;-1,20E-4;4,95E-4
0,244;0,308;0,997;9,37E-5;93,68;99,68;-1,74E-4;4,42E-4
0,245;0,307;0,996;9,37E-5;93,67;99,64;-1,36E-4;2,55E-4
0,246;0,308;0,997;9,37E-5;93,69;99,72;-2,22E-4;6,01E-4
0,247;0,308;0,997;9,37E-5;93,69;99,74;-2,33E-4;6,81E-4
0,248;0,307;0,997;9,37E-5;93,67;99,67;-1,29E-4;3,72E-4
0,249;0,308;0,997;9,37E-5;93,68;99,73;-2,11E-4;6,54E-4
0,250;0,309;0,998;9,37E-5;93,72;99,82;-3,71E-4;0,00
0,251;0,309;0,998;9,37E-5;93,71;99,81;-3,11E-4;9,89E-4
0,252;0,309;0,998;9,37E-5;93,71;99,76;-3,11E-4;7,87E-4
0,253;0,307;0,996;9,37E-5;93,66;99,60;-8,00E-5;9,05E-5
0,254;0,307;0,996;9,37E-5;93,65;99,64;-7,27E-5;2,66E-4
0,255;0,308;0,997;9,37E-5;93,68;99,67;-1,85E-4;3,62E-4
0,256;0,308;0,997;9,37E-5;93,67;99,65;-1,60E-4;3,03E-4
0,257;0,307;0,997;9,37E-5;93,66;99,67;-9,27E-5;3,94E-4
0,258;0,307;0,997;9,37E-5;93,67;99,67;-1,34E-4;3,99E-4
0,259;0,308;0,998;9,37E-5;93,70;99,77;-2,69E-4;8,19E-4
0,260;0,308;0,998;9,37E-5;93,69;99,76;-2,53E-4;7,87E-4
0,261;0,308;0,997;9,37E-5;93,69;99,73;-2,36E-4;6,22E-4
0,262;0,308;0,998;9,37E-5;93,70;99,78;-2,92E-4;8,56E-4
0,263;0,308;0,997;9,37E-5;93,69;99,71;-2,22E-4;5,75E-4
0,264;0,308;0,996;9,37E-5;93,67;99,65;-1,47E-4;2,82E-4
0,265;0,307;0,997;9,37E-5;93,66;99,65;-1,02E-4;3,14E-4
0,266;0,308;0,998;9,37E-5;93,70;99,77;-2,71E-4;7,98E-4
0,267;0,309;0,998;9,37E-5;93,70;99,76;-3,03E-4;7,87E-4
0,268;0,307;0,996;9,37E-5;93,66;99,65;-1,07E-4;2,87E-4
0,269;0,306;0,995;9,36E-5;93,61;99,51;1,22E-4;-3,20E-4
0,270;0,308;0,997;9,37E-5;93,68;99,68;-1,78E-4;4,15E-4
0,271;0,308;0,997;9,37E-5;93,69;99,70;-2,31E-4;5,21E-4
0,272;0,307;0,996;9,37E-5;93,65;99,64;-6,36E-5;2,61E-4
0,273;0,308;0,997;9,37E-5;93,68;99,71;-1,74E-4;5,53E-4
0,274;0,307;0,996;9,37E-5;93,66;99,64;-9,81E-5;2,34E-4
0,275;0,309;0,998;9,37E-5;93,70;99,81;-3,00E-4;9,89E-4
0,276;0,309;0,998;9,37E-5;93,71;99,80;-3,23E-4;9,47E-4
0,277;0,307;0,997;9,37E-5;93,65;99,65;-7,27E-5;2,93E-4
0,278;0,307;0,997;9,37E-5;93,67;99,66;-1,29E-4;3,57E-4
0,279;0,308;0,997;9,37E-5;93,68;99,69;-1,89E-4;4,52E-4
0,280;0,308;0,997;9,37E-5;93,68;99,72;-2,05E-4;6,17E-4
0,281;0,307;0,997;9,37E-5;93,66;99,66;-1,18E-4;3,57E-4
0,282;0,307;0,996;9,37E-5;93,66;99,64;-9,99E-5;2,34E-4
0,283;0,308;0,997;9,37E-5;93,68;99,71;-1,89E-4;5,53E-4
0,284;0,306;0,996;9,36E-5;93,63;99,56;2,00E-5;-1,01E-4
0,285;0,307;0,996;9,37E-5;93,66;99,62;-9,99E-5;1,70E-4
0,286;0,307;0,996;9,37E-5;93,67;99,64;-1,29E-4;2,66E-4
0,287;0,309;0,998;9,37E-5;93,71;99,80;-3,34E-4;9,41E-4
0,288;0,308;0,997;9,37E-5;93,69;99,71;-2,29E-4;5,48E-4
0,289;0,308;0,997;9,37E-5;93,69;99,69;-2,18E-4;4,74E-4
0,290;0,307;0,996;9,37E-5;93,65;99,62;-5,09E-5;1,81E-4
0,291;0,308;0,996;9,37E-5;93,67;99,64;-1,53E-4;2,50E-4
0,292;0,307;0,996;9,37E-5;93,65;99,58;-5,82E-5;-1,06E-5
0,293;0,308;0,997;9,37E-5;93,68;99,69;-1,94E-4;4,63E-4
0,294;0,307;0,997;9,37E-5;93,67;99,69;-1,45E-4;4,47E-4
0,295;0,308;0,997;9,37E-5;93,69;99,71;-2,27E-4;5,69E-4
0,296;0,307;0,996;9,37E-5;93,65;99,63;-6,72E-5;2,24E-4
0,297;0,308;0,997;9,37E-5;93,68;99,71;-1,98E-4;5,69E-4
0,298;0,308;0,997;9,37E-5;93,68;99,68;-1,94E-4;4,10E-4
0,299;0,307;0,997;9,37E-5;93,66;99,65;-9,81E-5;2,98E-4
0,300;0,308;0,997;9,37E-5;93,68;99,69;-1,78E-4;4,52E-4
0,301;0,308;0,997;9,37E-5;93,68;99,67;-1,96E-4;3,99E-4
0,302;0,308;0,997;9,37E-5;93,69;99,70;-2,31E-4;5,05E-4
0,303;0,308;0,996;9,37E-5;93,67;99,63;-1,56E-4;2,18E-4
0,304;0,307;0,996;9,37E-5;93,66;99,62;-1,16E-4;1,44E-4
0,305;0,308;0,997;9,37E-5;93,70;99,75;-2,73E-4;7,23E-4
0,306;0,308;0,997;9,37E-5;93,69;99,70;-2,25E-4;5,21E-4
0,307;0,306;0,995;9,36E-5;93,64;99,55;1,64E-5;-1,49E-4
0,308;0,307;0,996;9,36E-5;93,64;99,59;0,00;2,66E-5
0,309;0,307;0,996;9,37E-5;93,66;99,63;-1,13E-4;2,24E-4
0,310;0,307;0,996;9,37E-5;93,65;99,60;-6,18E-5;8,52E-5
0,311;0,308;0,997;9,37E-5;93,68;99,68;-1,80E-4;4,10E-4
0,312;0,307;0,996;9,36E-5;93,65;99,63;-3,45E-5;1,92E-4
0,313;0,307;0,996;9,37E-5;93,66;99,63;-8,18E-5;2,13E-4
0,314;0,307;0,996;9,37E-5;93,66;99,63;-1,11E-4;1,92E-4
0,315;0,306;0,995;9,36E-5;93,64;99,54;7,27E-6;-1,76E-4
0,316;0,306;0,995;9,36E-5;93,63;99,54;5,45E-5;-1,97E-4
0,317;0,307;0,996;9,37E-5;93,65;99,59;-6,54E-5;1,60E-5
0,318;0,307;0,996;9,36E-5;93,65;99,61;-3,82E-5;1,06E-4
0,319;0,307;0,996;9,37E-5;93,66;99,64;-9,63E-5;2,66E-4
0,320;0,307;0,996;9,37E-5;93,67;99,64;-1,40E-4;2,55E-4
0,321;0,308;0,996;9,37E-5;93,67;99,65;-1,49E-4;2,77E-4
0,322;0,307;0,996;9,37E-5;93,66;99,59;-9,45E-5;2,13E-5
0,323;0,307;0,996;9,36E-5;93,64;99,56;-1,45E-5;-1,17E-4
0,324;0,306;0,995;9,36E-5;93,62;99,48;7,82E-5;-4,31E-4
0,325;0,307;0,996;9,36E-5;93,64;99,56;-7,27E-6;-1,01E-4
0,326;0,308;0,997;9,37E-5;93,68;99,65;-1,71E-4;3,14E-4
0,327;0,308;0,997;9,37E-5;93,68;99,67;-1,89E-4;3,67E-4
0,328;0,309;0,997;9,37E-5;93,71;99,72;-3,22E-4;6,12E-4
0,329;0,308;0,997;9,37E-5;93,68;99,65;-1,82E-4;2,93E-4
0,330;0,308;0,997;9,37E-5;93,69;99,66;-2,18E-4;3,30E-4
0,331;0,308;0,997;9,37E-5;93,69;99,69;-2,16E-4;4,84E-4
0,332;0,308;0,997;9,37E-5;93,68;99,69;-2,05E-4;4,84E-4
0,333;0,308;0,997;9,37E-5;93,67;99,68;-1,65E-4;4,36E-4
0,334;0,307;0,996;9,37E-5;93,67;99,64;-1,42E-4;2,61E-4
0,335;0,308;0,997;9,37E-5;93,68;99,68;-1,80E-4;4,31E-4
0,336;0,307;0,996;9,37E-5;93,67;99,62;-1,27E-4;1,54E-4
0,337;0,308;0,997;9,37E-5;93,68;99,69;-2,05E-4;4,58E-4
0,338;0,307;0,996;9,36E-5;93,65;99,59;-4,54E-5;2,13E-5
0,339;0,307;0,996;9,37E-5;93,66;99,65;-9,81E-5;2,77E-4
0,340;0,307;0,996;9,37E-5;93,65;99,59;-7,09E-5;4,26E-5
0,341;0,308;0,997;9,37E-5;93,68;99,68;-1,91E-4;4,26E-4
0,342;0,307;0,997;9,37E-5;93,67;99,68;-1,33E-4;4,26E-4
0,343;0,308;0,997;9,37E-5;93,69;99,69;-2,45E-4;4,68E-4
0,344;0,308;0,997;9,37E-5;93,68;99,65;-1,73E-4;3,03E-4
0,345;0,308;0,997;9,37E-5;93,69;99,68;-2,16E-4;4,04E-4
0,346;0,308;0,997;9,37E-5;93,68;99,67;-1,96E-4;3,62E-4
0,347;0,308;0,997;9,37E-5;93,67;99,66;-1,64E-4;3,19E-4
0,348;0,308;0,996;9,37E-5;93,68;99,63;-1,93E-4;2,08E-4
0,349;0,308;0,997;9,37E-5;93,69;99,69;-2,58E-4;4,58E-4
0,350;0,308;0,997;9,37E-5;93,68;99,65;-1,96E-4;2,98E-4
0,351;0,307;0,996;9,37E-5;93,67;99,62;-1,31E-4;1,70E-4
0,352;0,306;0,995;9,36E-5;93,64;99,53;1,09E-5;-2,45E-4
0,353;0,307;0,996;9,37E-5;93,67;99,63;-1,42E-4;1,92E-4
0,354;0,308;0,997;9,37E-5;93,68;99,65;-2,02E-4;3,09E-4
0,355;0,308;0,997;9,37E-5;93,68;99,68;-1,73E-4;4,20E-4
0,356;0,308;0,997;9,37E-5;93,70;99,75;-2,74E-4;7,18E-4
0,357;0,307;0,996;9,37E-5;93,65;99,62;-5,63E-5;1,44E-4
0,358;0,308;0,997;9,37E-5;93,67;99,67;-1,51E-4;3,67E-4
0,359;0,307;0,996;9,36E-5;93,65;99,60;-4,00E-5;6,39E-5
0,360;0,308;0,998;9,37E-5;93,69;99,76;-2,36E-4;7,87E-4
0,361;0,307;0,996;9,36E-5;93,65;99,56;-3,45E-5;-8,52E-5
0,362;0,307;0,996;9,37E-5;93,65;99,59;-6,18E-5;3,19E-5
0,363;0,307;0,997;9,37E-5;93,67;99,65;-1,34E-4;2,93E-4
0,364;0,308;0,997;9,37E-5;93,68;99,68;-1,76E-4;4,31E-4
0,365;0,307;0,996;9,37E-5;93,65;99,60;-7,09E-5;6,39E-5
0,366;0,307;0,996;9,36E-5;93,65;99,58;-3,09E-5;-2,66E-5
0,367;0,307;0,996;9,37E-5;93,66;99,64;-9,63E-5;2,39E-4
0,368;0,307;0,996;9,37E-5;93,65;99,61;-6,54E-5;1,28E-4
0,369;0,308;0,997;9,37E-5;93,68;99,70;-1,89E-4;5,21E-4
0,370;0,308;0,997;9,37E-5;93,69;99,70;-2,18E-4;5,27E-4
0,371;0,307;0,996;9,37E-5;93,65;99,60;-5,27E-5;8,52E-5
0,372;0,307;0,995;9,36E-5;93,64;99,54;-7,27E-6;-1,97E-4
0,373;0,306;0,995;9,36E-5;93,64;99,54;1,82E-5;-1,81E-4
0,374;0,308;0,997;9,37E-5;93,68;99,68;-2,07E-4;4,31E-4
0,375;0,308;0,997;9,37E-5;93,69;99,75;-2,36E-4;7,07E-4
0,376;0,308;0,997;9,37E-5;93,70;99,74;-2,67E-4;6,70E-4
0,377;0,307;0,997;9,37E-5;93,67;99,67;-1,24E-4;3,72E-4
0,378;0,307;0,996;9,36E-5;93,64;99,55;-2,00E-5;-1,22E-4
0,379;0,307;0,996;9,37E-5;93,66;99,63;-8,54E-5;1,86E-4
0,380;0,307;0,995;9,36E-5;93,64;99,52;-1,82E-6;-2,61E-4
0,381;0,307;0,996;9,37E-5;93,66;99,60;-9,99E-5;7,45E-5
0,382;0,308;0,997;9,37E-5;93,70;99,73;-2,85E-4;6,22E-4
0,383;0,309;0,997;9,37E-5;93,70;99,69;-3,00E-4;4,74E-4
0,384;0,308;0,997;9,37E-5;93,69;99,66;-2,22E-4;3,46E-4
0,385;0,307;0,996;9,37E-5;93,67;99,61;-1,38E-4;1,38E-4
0,386;0,307;0,996;9,37E-5;93,67;99,62;-1,40E-4;1,60E-4
0,387;0,308;0,997;9,37E-5;93,68;99,65;-1,73E-4;2,98E-4
0,388;0,307;0,996;9,37E-5;93,66;99,60;-1,11E-4;9,58E-5
0,389;0,306;0,995;9,36E-5;93,63;99,49;4,54E-5;-3,83E-4
0,390;0,306;0,995;9,36E-5;93,62;99,50;7,45E-5;-3,67E-4
0,391;0,307;0,996;9,37E-5;93,65;99,59;-5,27E-5;3,19E-5
0,392;0,307;0,995;9,36E-5;93,64;99,53;-7,27E-6;-2,18E-4
0,393;0,307;0,996;9,36E-5;93,64;99,56;-7,27E-6;-8,52E-5
0,394;0,308;0,997;9,37E-5;93,70;99,70;-2,65E-4;5,32E-4
0,395;0,308;0,997;9,37E-5;93,69;99,73;-2,56E-4;6,44E-4
0,396;0,309;0,998;9,37E-5;93,72;99,80;-3,60E-4;9,63E-4
0,397;0,308;0,997;9,37E-5;93,69;99,67;-2,40E-4;3,62E-4
0,398;0,307;0,996;9,37E-5;93,65;99,58;-6,54E-5;0,00
0,399;0,307;0,996;9,37E-5;93,66;99,63;-1,13E-4;1,97E-4
0,400;0,308;0,997;9,37E-5;93,70;99,72;-2,65E-4;6,12E-4
0,401;0,308;0,997;9,37E-5;93,67;99,67;-1,54E-4;3,62E-4
0,402;0,306;0,995;9,36E-5;93,63;99,53;2,73E-5;-2,34E-4
0,403;0,308;0,997;9,37E-5;93,67;99,67;-1,47E-4;3,88E-4
0,404;0,309;0,998;9,37E-5;93,71;99,77;-3,16E-4;8,24E-4
0,405;0,307;0,996;9,37E-5;93,66;99,61;-9,45E-5;1,12E-4
0,406;0,307;0,996;9,37E-5;93,67;99,64;-1,20E-4;2,61E-4
0,407;0,308;0,997;9,37E-5;93,70;99,73;-2,65E-4;6,49E-4
0,408;0,308;0,998;9,37E-5;93,69;99,76;-2,47E-4;7,71E-4
0,409;0,307;0,996;9,37E-5;93,66;99,64;-1,05E-4;2,34E-4
0,410;0,307;0,996;9,37E-5;93,65;99,58;-5,09E-5;-1,60E-5
0,411;0,306;0,996;9,36E-5;93,64;99,56;5,45E-6;-9,58E-5
0,412;0,307;0,996;9,37E-5;93,65;99,59;-6,91E-5;3,73E-5
0,413;0,307;0,996;9,37E-5;93,65;99,62;-6,36E-5;1,49E-4
0,414;0,309;0,998;9,37E-5;93,71;99,78;-3,12E-4;8,56E-4
0,415;0,308;0,997;9,37E-5;93,68;99,70;-1,71E-4;4,95E-4
0,416;0,308;0,997;9,37E-5;93,68;99,75;-2,05E-4;7,13E-4
0,417;0,307;0,996;9,37E-5;93,65;99,64;-6,00E-5;2,55E-4
0,418;0,307;0,996;9,36E-5;93,64;99,58;-1,82E-5;-5,32E-6
0,419;0,308;0,997;9,37E-5;93,69;99,68;-2,25E-4;4,36E-4
0,420;0,308;0,997;9,37E-5;93,68;99,69;-1,78E-4;4,58E-4
0,421;0,307;0,996;9,37E-5;93,66;99,61;-9,63E-5;1,22E-4
0,422;0,308;0,997;9,37E-5;93,67;99,66;-1,54E-4;3,35E-4
0,423;0,308;0,997;9,37E-5;93,67;99,69;-1,64E-4;4,52E-4
0,424;0,307;0,996;9,36E-5;93,64;99,56;1,82E-6;-8,52E-5
0,425;0,307;0,996;9,36E-5;93,64;99,57;-2,00E-5;-5,86E-5
0,426;0,308;0,997;9,37E-5;93,69;99,71;-2,23E-4;5,75E-4
0,427;0,307;0,996;9,37E-5;93,66;99,57;-7,45E-5;-5,32E-5
0,428;0,308;0,996;9,37E-5;93,67;99,63;-1,58E-4;2,13E-4
0,429;0,307;0,996;9,37E-5;93,66;99,62;-8,54E-5;1,60E-4
0,430;0,308;0,997;9,37E-5;93,68;99,66;-1,67E-4;3,46E-4
0,431;0,307;0,996;9,36E-5;93,65;99,57;-4,54E-5;-6,39E-5
0,432;0,307;0,996;9,37E-5;93,67;99,64;-1,45E-4;2,55E-4
0,433;0,307;0,996;9,37E-5;93,65;99,59;-6,18E-5;4,26E-5
0,434;0,308;0,997;9,37E-5;93,68;99,73;-2,09E-4;6,33E-4
0,435;0,308;0,997;9,37E-5;93,67;99,68;-1,54E-4;4,10E-4
0,436;0,307;0,996;9,37E-5;93,67;99,62;-1,27E-4;1,81E-4
0,437;0,307;0,996;9,36E-5;93,65;99,57;-4,54E-5;-6,92E-5
0,438;0,308;0,997;9,37E-5;93,69;99,65;-2,18E-4;3,09E-4
0,439;0,308;0,997;9,37E-5;93,69;99,75;-2,58E-4;7,13E-4
0,440;0,308;0,997;9,37E-5;93,70;99,74;-2,69E-4;6,76E-4
0,441;0,306;0,995;9,36E-5;93,64;99,54;7,27E-6;-1,92E-4
0,442;0,309;0,998;9,37E-5;93,71;99,77;-3,12E-4;8,03E-4
0,443;0,309;0,998;9,37E-5;93,71;99,79;-3,51E-4;8,83E-4
0,444;0,308;0,997;9,37E-5;93,69;99,69;-2,58E-4;4,79E-4
0,445;0,308;0,997;9,37E-5;93,68;99,66;-1,84E-4;3,46E-4
0,446;0,308;0,996;9,37E-5;93,67;99,62;-1,47E-4;1,81E-4
0,447;0,307;0,996;9,37E-5;93,66;99,65;-1,13E-4;2,71E-4
0,448;0,308;0,996;9,37E-5;93,68;99,64;-1,69E-4;2,55E-4
0,449;0,306;0,995;9,36E-5;93,63;99,52;2,00E-5;-2,56E-4
0,450;0,307;0,996;9,37E-5;93,66;99,60;-8,18E-5;7,45E-5
0,451;0,308;0,997;9,37E-5;93,68;99,65;-2,07E-4;3,09E-4
0,452;0,307;0,996;9,37E-5;93,66;99,62;-1,11E-4;1,76E-4
0,453;0,309;0,998;9,37E-5;93,70;99,75;-3,02E-4;7,29E-4
0,454;0,307;0,996;9,37E-5;93,66;99,63;-1,11E-4;1,92E-4
0,455;0,307;0,996;9,37E-5;93,66;99,61;-7,63E-5;1,28E-4
0,456;0,307;0,996;9,37E-5;93,67;99,62;-1,27E-4;1,44E-4
0,457;0,308;0,997;9,37E-5;93,70;99,73;-2,80E-4;6,38E-4
0,458;0,309;0,999;9,37E-5;93,73;99,85;-4,41E-4;0,00
0,459;0,309;0,999;9,37E-5;93,73;99,87;-4,32E-4;0,00
0,460;0,308;0,997;9,37E-5;93,69;99,70;-2,14E-4;5,16E-4
0,461;0,308;0,997;9,37E-5;93,69;99,69;-2,43E-4;4,58E-4
0,462;0,309;0,998;9,37E-5;93,71;99,76;-3,18E-4;7,66E-4
0,463;0,308;0,997;9,37E-5;93,69;99,72;-2,58E-4;6,01E-4
0,464;0,307;0,996;9,37E-5;93,66;99,60;-1,13E-4;9,58E-5
0,465;0,307;0,996;9,36E-5;93,64;99,58;-1,82E-5;-1,60E-5
0,466;0,307;0,996;9,36E-5;93,65;99,56;-4,18E-5;-1,06E-4
0,467;0,308;0,997;9,37E-5;93,69;99,70;-2,36E-4;5,32E-4
0,468;0,308;0,997;9,37E-5;93,68;99,70;-1,96E-4;5,05E-4
0,469;0,308;0,997;9,37E-5;93,68;99,69;-1,84E-4;4,52E-4
0,470;0,307;0,996;9,36E-5;93,64;99,55;-1,64E-5;-1,38E-4
0,471;0,306;0,995;9,36E-5;93,62;99,50;8,54E-5;-3,41E-4
0,472;0,308;0,997;9,37E-5;93,69;99,73;-2,22E-4;6,60E-4
0,473;0,308;0,998;9,37E-5;93,70;99,76;-2,82E-4;7,55E-4
0,474;0,308;0,997;9,37E-5;93,67;99,66;-1,56E-4;3,51E-4
0,475;0,308;0,997;9,37E-5;93,67;99,70;-1,53E-4;5,32E-4
0,476;0,308;0,997;9,37E-5;93,69;99,68;-2,20E-4;4,20E-4
0,477;0,305;0,994;9,36E-5;93,60;99,44;1,67E-4;-6,07E-4
0,478;0,307;0,996;9,36E-5;93,65;99,56;-4,00E-5;-1,17E-4
0,479;0,306;0,995;9,36E-5;93,63;99,53;3,27E-5;-2,34E-4
0,480;0,306;0,995;9,36E-5;93,62;99,50;9,63E-5;-3,52E-4
0,481;0,307;0,996;9,37E-5;93,66;99,62;-9,63E-5;1,70E-4
0,482;0,308;0,997;9,37E-5;93,69;99,70;-2,31E-4;5,05E-4
0,483;0,309;0,998;9,37E-5;93,71;99,79;-3,22E-4;8,83E-4
0,484;0,308;0,998;9,37E-5;93,70;99,75;-2,62E-4;7,50E-4
0,485;0,308;0,997;9,37E-5;93,69;99,74;-2,47E-4;6,92E-4
0,486;0,307;0,996;9,37E-5;93,65;99,59;-5,82E-5;4,26E-5
0,487;0,308;0,997;9,37E-5;93,70;99,73;-2,74E-4;6,28E-4
0,488;0,307;0,996;9,37E-5;93,66;99,61;-7,63E-5;1,06E-4
0,489;0,308;0,997;9,37E-5;93,67;99,68;-1,49E-4;4,26E-4
0,490;0,307;0,996;9,36E-5;93,65;99,60;-4,18E-5;8,52E-5
0,491;0,307;0,996;9,37E-5;93,66;99,62;-9,09E-5;1,60E-4
0,492;0,308;0,997;9,37E-5;93,69;99,74;-2,43E-4;6,86E-4
0,493;0,307;0,997;9,37E-5;93,67;99,66;-1,27E-4;3,46E-4
0,494;0,307;0,996;9,37E-5;93,67;99,65;-1,27E-4;2,82E-4
0,495;0,309;0,998;9,37E-5;93,71;99,77;-3,18E-4;7,98E-4
0,496;0,308;0,998;9,37E-5;93,70;99,75;-2,87E-4;7,50E-4
0,497;0,308;0,997;9,37E-5;93,68;99,71;-1,73E-4;5,43E-4
0,498;0,308;0,997;9,37E-5;93,67;99,68;-1,49E-4;4,36E-4
0,499;0,309;0,998;9,37E-5;93,72;99,80;-3,54E-4;9,25E-4
0,500;0,308;0,997;9,37E-5;93,69;99,72;-2,13E-4;6,06E-4
0,501;0,306;0,996;9,36E-5;93,63;99,55;2,36E-5;-1,28E-4
0,502;0,307;0,996;9,36E-5;93,65;99,58;-4,54E-5;-5,32E-6
0,503;0,307;0,996;9,37E-5;93,66;99,56;-7,63E-5;-1,01E-4
0,504;0,308;0,997;9,37E-5;93,69;99,71;-2,33E-4;5,64E-4
0,505;0,307;0,997;9,37E-5;93,67;99,67;-1,24E-4;3,72E-4
0,506;0,307;0,996;9,36E-5;93,65;99,61;-4,72E-5;1,06E-4
0,507;0,307;0,997;9,37E-5;93,67;99,66;-1,36E-4;3,51E-4
0,508;0,308;0,997;9,37E-5;93,69;99,71;-2,29E-4;5,53E-4
0,509;0,308;0,997;9,37E-5;93,68;99,70;-1,93E-4;5,05E-4
0,510;0,307;0,996;9,36E-5;93,65;99,63;-4,00E-5;2,18E-4
0,511;0,308;0,997;9,37E-5;93,68;99,74;-2,02E-4;6,65E-4
0,512;0,308;0,997;9,37E-5;93,68;99,70;-1,89E-4;5,05E-4
0,513;0,308;0,997;9,37E-5;93,67;99,67;-1,53E-4;3,83E-4
0,514;0,308;0,997;9,37E-5;93,68;99,69;-1,67E-4;4,63E-4
0,515;0,308;0,997;9,37E-5;93,68;99,70;-1,74E-4;5,27E-4
0,516;0,306;0,996;9,36E-5;93,64;99,56;1,82E-5;-7,99E-5
0,517;0,308;0,997;9,37E-5;93,68;99,69;-1,71E-4;4,52E-4
0,518;0,307;0,996;9,36E-5;93,64;99,57;-2,00E-5;-4,79E-5
0,519;0,308;0,997;9,37E-5;93,68;99,68;-1,91E-4;4,15E-4
0,520;0,308;0,996;9,37E-5;93,67;99,65;-1,49E-4;2,77E-4
0,521;0,306;0,995;9,36E-5;93,64;99,55;1,64E-5;-1,44E-4
0,522;0,307;0,996;9,37E-5;93,65;99,59;-5,63E-5;4,26E-5
0,523;0,308;0,997;9,37E-5;93,67;99,65;-1,60E-4;3,03E-4
0,524;0,308;0,997;9,37E-5;93,70;99,72;-2,67E-4;6,17E-4
0,525;0,308;0,998;9,37E-5;93,70;99,75;-2,83E-4;7,29E-4
0,526;0,308;0,997;9,37E-5;93,69;99,71;-2,25E-4;5,37E-4
0,527;0,307;0,997;9,37E-5;93,67;99,67;-1,44E-4;3,72E-4
0,528;0,308;0,997;9,37E-5;93,68;99,70;-2,03E-4;4,95E-4
0,529;0,308;0,997;9,37E-5;93,70;99,73;-2,60E-4;6,28E-4
0,530;0,308;0,997;9,37E-5;93,69;99,73;-2,36E-4;6,28E-4
0,531;0,308;0,997;9,37E-5;93,69;99,70;-2,47E-4;5,11E-4
0,532;0,308;0,997;9,37E-5;93,70;99,73;-2,83E-4;6,49E-4
0,533;0,308;0,997;9,37E-5;93,69;99,69;-2,14E-4;4,84E-4
0,534;0,307;0,995;9,36E-5;93,64;99,52;-7,27E-6;-2,72E-4
0,535;0,307;0,996;9,36E-5;93,65;99,57;-2,91E-5;-4,26E-5
0,536;0,307;0,996;9,37E-5;93,66;99,64;-1,02E-4;2,29E-4
0,537;0,308;0,997;9,37E-5;93,68;99,69;-2,07E-4;4,79E-4
0,538;0,308;0,997;9,37E-5;93,69;99,70;-2,33E-4;5,00E-4
0,539;0,306;0,996;9,36E-5;93,63;99,58;2,36E-5;0,00
0,540;0,307;0,996;9,36E-5;93,64;99,57;-3,63E-6;-6,92E-5
0,541;0,308;0,997;9,37E-5;93,69;99,70;-2,18E-4;4,95E-4
0,542;0,307;0,996;9,37E-5;93,66;99,63;-1,16E-4;1,97E-4
0,543;0,308;0,997;9,37E-5;93,67;99,67;-1,51E-4;3,88E-4
0,544;0,307;0,996;9,37E-5;93,65;99,61;-6,36E-5;1,12E-4
0,545;0,307;0,996;9,37E-5;93,67;99,64;-1,22E-4;2,55E-4
0,546;0,307;0,996;9,37E-5;93,66;99,60;-9,99E-5;8,52E-5
0,547;0,308;0,997;9,37E-5;93,69;99,74;-2,53E-4;6,86E-4
0,548;0,307;0,996;9,36E-5;93,65;99,60;-4,18E-5;7,98E-5
0,549;0,308;0,997;9,37E-5;93,68;99,68;-1,82E-4;4,20E-4
0,550;0,307;0,997;9,37E-5;93,66;99,66;-7,81E-5;3,30E-4
0,551;0,308;0,997;9,37E-5;93,68;99,72;-1,78E-4;5,85E-4
0,552;0,308;0,998;9,37E-5;93,69;99,76;-2,58E-4;7,71E-4
0,553;0,308;0,998;9,37E-5;93,70;99,76;-2,69E-4;7,71E-4
0,554;0,308;0,997;9,37E-5;93,69;99,71;-2,31E-4;5,43E-4
0,555;0,307;0,996;9,37E-5;93,66;99,61;-7,63E-5;1,01E-4
0,556;0,308;0,997;9,37E-5;93,67;99,67;-1,64E-4;3,67E-4
0,557;0,306;0,996;9,36E-5;93,63;99,58;3,63E-5;-5,32E-6
0,558;0,306;0,996;9,36E-5;93,63;99,57;2,00E-5;-4,26E-5
0,559;0,307;0,996;9,36E-5;93,64;99,64;-1,82E-5;2,61E-4
0,560;0,307;0,996;9,37E-5;93,66;99,64;-7,63E-5;2,45E-4
0,561;0,307;0,996;9,37E-5;93,66;99,64;-9,09E-5;2,66E-4
0,562;0,309;0,997;9,37E-5;93,71;99,74;-3,07E-4;6,86E-4
0,563;0,307;0,996;9,36E-5;93,65;99,59;-3,09E-5;4,26E-5
0,564;0,308;0,997;9,37E-5;93,67;99,67;-1,56E-4;3,83E-4
0,565;0,307;0,996;9,37E-5;93,65;99,63;-6,18E-5;2,02E-4
0,566;0,308;0,997;9,37E-5;93,69;99,71;-2,25E-4;5,48E-4
0,567;0,308;0,998;9,37E-5;93,70;99,78;-2,74E-4;8,56E-4
0,568;0,308;0,997;9,37E-5;93,69;99,72;-2,22E-4;6,12E-4
0,569;0,308;0,997;9,37E-5;93,69;99,72;-2,31E-4;6,17E-4
0,570;0,307;0,996;9,36E-5;93,65;99,62;-3,63E-5;1,49E-4
0,571;0,307;0,996;9,37E-5;93,66;99,65;-7,45E-5;2,82E-4
0,572;0,308;0,997;9,37E-5;93,68;99,69;-1,84E-4;4,58E-4
0,573;0,308;0,998;9,37E-5;93,69;99,77;-2,53E-4;7,98E-4
0,574;0,308;0,997;9,37E-5;93,68;99,70;-1,73E-4;5,05E-4
0,575;0,308;0,997;9,37E-5;93,67;99,69;-1,58E-4;4,79E-4
0,576;0,308;0,997;9,37E-5;93,69;99,71;-2,13E-4;5,43E-4
0,577;0,308;0,997;9,37E-5;93,68;99,75;-1,76E-4;7,23E-4
0,578;0,309;0,997;9,37E-5;93,71;99,75;-3,18E-4;7,23E-4
0,579;0,308;0,998;9,37E-5;93,70;99,77;-2,89E-4;7,98E-4
0,580;0,309;0,998;9,37E-5;93,73;99,82;-4,31E-4;0,00
0,581;0,308;0,998;9,37E-5;93,70;99,78;-2,82E-4;8,56E-4
0,582;0,308;0,997;9,37E-5;93,68;99,68;-2,05E-4;4,20E-4
0,583;0,307;0,997;9,37E-5;93,66;99,65;-1,14E-4;3,03E-4
0,584;0,309;0,998;9,37E-5;93,71;99,83;-3,31E-4;0,00
0,585;0,308;0,998;9,37E-5;93,70;99,77;-2,80E-4;8,19E-4
0,586;0,309;0,999;9,37E-5;93,71;99,86;-3,45E-4;0,00
0,587;0,308;0,997;9,37E-5;93,68;99,73;-2,02E-4;6,49E-4
0,588;0,309;0,998;9,37E-5;93,72;99,80;-3,58E-4;9,25E-4
0,589;0,308;0,997;9,37E-5;93,69;99,73;-2,23E-4;6,33E-4
0,590;0,308;0,997;9,37E-5;93,68;99,75;-1,93E-4;7,13E-4
0,591;0,307;0,997;9,37E-5;93,67;99,68;-1,34E-4;4,26E-4
0,592;0,308;0,997;9,37E-5;93,67;99,67;-1,58E-4;3,78E-4
0,593;0,307;0,997;9,37E-5;93,67;99,67;-1,40E-4;3,78E-4
0,594;0,309;0,998;9,37E-5;93,72;99,80;-3,58E-4;9,25E-4
0,595;0,308;0,998;9,37E-5;93,69;99,75;-2,22E-4;7,50E-4
0,596;0,309;0,998;9,37E-5;93,73;99,81;-4,09E-4;9,94E-4
0,597;0,309;0,998;9,37E-5;93,72;99,79;-3,58E-4;8,83E-4
0,598;0,309;0,998;9,37E-5;93,71;99,80;-3,20E-4;9,63E-4
0,599;0,308;0,997;9,37E-5;93,67;99,69;-1,56E-4;4,74E-4
0,600;0,308;0,997;9,37E-5;93,68;99,66;-1,89E-4;3,41E-4
0,601;0,308;0,997;9,37E-5;93,70;99,74;-2,89E-4;6,92E-4
0,602;0,308;0,997;9,37E-5;93,69;99,71;-2,20E-4;5,43E-4
0,603;0,307;0,997;9,37E-5;93,67;99,69;-1,42E-4;4,58E-4
0,604;0,307;0,997;9,37E-5;93,67;99,65;-1,44E-4;3,14E-4
0,605;0,307;0,996;9,37E-5;93,66;99,64;-7,81E-5;2,55E-4
0,606;0,308;0,997;9,37E-5;93,68;99,73;-1,76E-4;6,28E-4
0,607;0,309;0,998;9,37E-5;93,70;99,76;-3,02E-4;7,82E-4
0,608;0,308;0,997;9,37E-5;93,68;99,71;-2,11E-4;5,64E-4
0,609;0,307;0,996;9,37E-5;93,65;99,63;-5,82E-5;2,02E-4
0,610;0,307;0,996;9,37E-5;93,66;99,64;-9,45E-5;2,29E-4
0,611;0,306;0,996;9,36E-5;93,63;99,56;2,00E-5;-8,52E-5
0,612;0,308;0,997;9,37E-5;93,68;99,70;-2,11E-4;4,90E-4
0,613;0,307;0,996;9,36E-5;93,64;99,58;-1,82E-5;-2,66E-5
0,614;0,306;0,995;9,36E-5;93,63;99,54;3,63E-5;-1,97E-4
0,615;0,308;0,998;9,37E-5;93,70;99,78;-2,82E-4;8,46E-4
0,616;0,308;0,997;9,37E-5;93,69;99,74;-2,29E-4;6,70E-4
0,617;0,307;0,996;9,37E-5;93,65;99,64;-5,45E-5;2,34E-4
0,618;0,308;0,997;9,37E-5;93,68;99,69;-1,87E-4;4,79E-4
0,619;0,308;0,997;9,37E-5;93,68;99,71;-2,05E-4;5,75E-4
0,620;0,308;0,998;9,37E-5;93,70;99,76;-2,74E-4;7,87E-4
0,621;0,307;0,996;9,37E-5;93,66;99,62;-1,13E-4;1,81E-4
0,622;0,308;0,997;9,37E-5;93,69;99,74;-2,36E-4;6,97E-4
0,623;0,308;0,997;9,37E-5;93,67;99,69;-1,58E-4;4,84E-4
0,624;0,307;0,997;9,37E-5;93,66;99,67;-9,99E-5;3,67E-4
0,625;0,306;0,996;9,36E-5;93,63;99,56;5,63E-5;-7,99E-5
0,626;0,306;0,996;9,36E-5;93,63;99,56;5,63E-5;-1,01E-4
0,627;0,307;0,997;9,37E-5;93,66;99,66;-8,18E-5;3,19E-4
0,628;0,307;0,997;9,37E-5;93,66;99,68;-8,00E-5;4,04E-4
0,629;0,307;0,996;9,37E-5;93,66;99,65;-7,45E-5;2,77E-4
0,630;0,308;0,997;9,37E-5;93,68;99,74;-1,78E-4;6,70E-4
0,631;0,308;0,997;9,37E-5;93,68;99,70;-1,76E-4;5,21E-4
0,632;0,307;0,997;9,37E-5;93,67;99,67;-1,36E-4;3,67E-4
0,633;0,307;0,996;9,37E-5;93,67;99,65;-1,36E-4;2,82E-4
0,634;0,308;0,997;9,37E-5;93,69;99,74;-2,23E-4;6,70E-4
0,635;0,306;0,996;9,36E-5;93,64;99,57;3,63E-6;-3,73E-5
0,636;0,308;0,997;9,37E-5;93,68;99,65;-1,74E-4;2,98E-4
0,637;0,307;0,997;9,37E-5;93,67;99,66;-1,33E-4;3,41E-4
0,638;0,308;0,997;9,37E-5;93,68;99,70;-1,67E-4;5,00E-4
0,639;0,308;0,997;9,37E-5;93,70;99,74;-2,76E-4;6,92E-4
0,640;0,307;0,996;9,37E-5;93,65;99,61;-6,18E-5;1,01E-4
0,641;0,307;0,997;9,37E-5;93,67;99,65;-1,29E-4;3,14E-4
0,642;0,308;0,997;9,37E-5;93,68;99,73;-2,02E-4;6,28E-4
0,643;0,309;0,998;9,37E-5;93,71;99,77;-3,20E-4;8,24E-4
0,644;0,309;0,997;9,37E-5;93,70;99,73;-2,96E-4;6,60E-4
0,645;0,308;0,997;9,37E-5;93,68;99,69;-1,96E-4;4,84E-4
0,646;0,308;0,997;9,37E-5;93,69;99,72;-2,33E-4;6,01E-4
0,647;0,308;0,997;9,37E-5;93,68;99,67;-1,89E-4;3,62E-4
0,648;0,307;0,996;9,37E-5;93,66;99,63;-1,04E-4;1,97E-4
0,649;0,308;0,997;9,37E-5;93,67;99,65;-1,47E-4;2,98E-4
0,650;0,307;0,996;9,37E-5;93,65;99,60;-5,63E-5;7,45E-5
0,651;0,306;0,996;9,36E-5;93,63;99,59;2,00E-5;3,73E-5
0,652;0,307;0,996;9,36E-5;93,64;99,56;-2,18E-5;-8,52E-5
0,653;0,307;0,996;9,37E-5;93,66;99,62;-1,05E-4;1,60E-4
0,654;0,307;0,996;9,36E-5;93,64;99,57;-2,36E-5;-7,45E-5
0,655;0,307;0,997;9,37E-5;93,66;99,68;-1,16E-4;4,36E-4
0,656;0,307;0,997;9,37E-5;93,66;99,65;-1,16E-4;3,14E-4
0,657;0,307;0,996;9,37E-5;93,66;99,59;-1,11E-4;4,26E-5
0,658;0,308;0,996;9,37E-5;93,67;99,65;-1,56E-4;2,77E-4
0,659;0,307;0,996;9,37E-5;93,66;99,60;-9,63E-5;8,52E-5
0,660;0,308;0,997;9,37E-5;93,69;99,71;-2,14E-4;5,69E-4
0,661;0,309;0,998;9,37E-5;93,72;99,79;-3,69E-4;9,09E-4
0,662;0,307;0,996;9,37E-5;93,66;99,60;-7,45E-5;7,45E-5
0,663;0,307;0,996;9,37E-5;93,66;99,60;-8,00E-5;7,98E-5
0,664;0,307;0,996;9,37E-5;93,66;99,62;-8,54E-5;1,44E-4
0,665;0,307;0,996;9,37E-5;93,66;99,65;-9,63E-5;2,71E-4
0,666;0,309;0,998;9,37E-5;93,71;99,80;-3,22E-4;9,31E-4
0,667;0,308;0,997;9,37E-5;93,69;99,72;-2,25E-4;5,80E-4
0,668;0,307;0,996;9,37E-5;93,66;99,62;-9,99E-5;1,60E-4
0,669;0,307;0,996;9,36E-5;93,64;99,55;-9,09E-6;-1,28E-4
0,670;0,306;0,995;9,36E-5;93,63;99,54;3,45E-5;-1,70E-4
0,671;0,307;0,996;9,36E-5;93,64;99,55;-2,54E-5;-1,28E-4
0,672;0,307;0,997;9,37E-5;93,67;99,67;-1,22E-4;3,62E-4
0,673;0,308;0,997;9,37E-5;93,68;99,69;-2,03E-4;4,52E-4
0,674;0,308;0,997;9,37E-5;93,68;99,68;-1,93E-4;4,36E-4
0,675;0,308;0,997;9,37E-5;93,68;99,71;-1,91E-4;5,64E-4
0,676;0,308;0,997;9,37E-5;93,69;99,72;-2,49E-4;5,91E-4
0,677;0,308;0,997;9,37E-5;93,69;99,73;-2,56E-4;6,49E-4
0,678;0,307;0,996;9,37E-5;93,65;99,62;-6,18E-5;1,60E-4
0,679;0,308;0,998;9,37E-5;93,70;99,76;-2,78E-4;7,55E-4
0,680;0,307;0,997;9,37E-5;93,66;99,69;-1,13E-4;4,58E-4
0,681;0,308;0,997;9,37E-5;93,69;99,75;-2,40E-4;7,18E-4
0,682;0,307;0,996;9,36E-5;93,65;99,63;-3,27E-5;1,97E-4
0,683;0,306;0,995;9,36E-5;93,61;99,51;1,13E-4;-3,36E-4
0,684;0,308;0,997;9,37E-5;93,67;99,67;-1,53E-4;3,67E-4
0,685;0,308;0,997;9,37E-5;93,69;99,72;-2,20E-4;5,85E-4
0,686;0,308;0,997;9,37E-5;93,67;99,70;-1,47E-4;5,32E-4
0,687;0,307;0,996;9,36E-5;93,64;99,60;-2,00E-5;9,58E-5
0,688;0,307;0,996;9,36E-5;93,65;99,61;-4,18E-5;1,28E-4
0,689;0,307;0,996;9,36E-5;93,65;99,62;-2,73E-5;1,65E-4
0,690;0,307;0,996;9,36E-5;93,65;99,61;-3,27E-5;1,33E-4
0,691;0,309;0,998;9,37E-5;93,71;99,82;-3,18E-4;0,00
0,692;0,308;0,998;9,37E-5;93,69;99,76;-2,25E-4;7,82E-4
0,693;0,308;0,998;9,37E-5;93,70;99,77;-2,83E-4;7,98E-4
0,694;0,307;0,997;9,37E-5;93,67;99,65;-1,25E-4;3,09E-4
0,695;0,308;0,997;9,37E-5;93,70;99,75;-2,65E-4;7,07E-4
0,696;0,308;0,997;9,37E-5;93,68;99,69;-1,73E-4;4,63E-4
0,697;0,307;0,997;9,37E-5;93,67;99,68;-1,44E-4;4,20E-4
0,698;0,307;0,996;9,36E-5;93,65;99,61;-4,00E-5;1,06E-4
0,699;0,308;0,997;9,37E-5;93,68;99,70;-2,11E-4;4,90E-4
0,700;0,308;0,997;9,37E-5;93,68;99,72;-1,84E-4;6,01E-4
0,701;0,308;0,997;9,37E-5;93,68;99,71;-2,02E-4;5,53E-4
0,702;0,309;0,998;9,37E-5;93,71;99,77;-3,51E-4;8,24E-4
0,703;0,308;0,997;9,37E-5;93,70;99,72;-2,76E-4;6,12E-4
0,704;0,309;0,998;9,37E-5;93,71;99,79;-3,49E-4;9,15E-4
0,705;0,308;0,997;9,37E-5;93,67;99,67;-1,62E-4;3,94E-4
0,706;0,307;0,997;9,37E-5;93,67;99,66;-1,44E-4;3,51E-4
0,707;0,308;0,997;9,37E-5;93,68;99,72;-1,73E-4;5,91E-4
0,708;0,308;0,997;9,37E-5;93,69;99,72;-2,53E-4;6,01E-4
0,709;0,308;0,997;9,37E-5;93,68;99,67;-1,91E-4;3,99E-4
0,710;0,308;0,997;9,37E-5;93,68;99,67;-1,67E-4;3,88E-4
0,711;0,307;0,996;9,37E-5;93,66;99,64;-1,04E-4;2,50E-4
0,712;0,306;0,995;9,36E-5;93,62;99,54;6,72E-5;-1,76E-4
0,713;0,308;0,997;9,37E-5;93,67;99,67;-1,65E-4;3,83E-4
0,714;0,307;0,996;9,37E-5;93,67;99,62;-1,29E-4;1,76E-4
0,715;0,307;0,996;9,37E-5;93,66;99,63;-1,02E-4;1,86E-4
0,716;0,307;0,997;9,37E-5;93,67;99,68;-1,44E-4;4,15E-4
0,717;0,308;0,997;9,37E-5;93,68;99,71;-2,03E-4;5,37E-4
0,718;0,308;0,997;9,37E-5;93,68;99,68;-1,87E-4;4,26E-4
0,719;0,308;0,997;9,37E-5;93,68;99,74;-1,91E-4;6,65E-4
0,720;0,308;0,997;9,37E-5;93,68;99,71;-1,85E-4;5,48E-4
0,721;0,307;0,997;9,37E-5;93,67;99,66;-1,24E-4;3,41E-4
0,722;0,308;0,997;9,37E-5;93,69;99,67;-2,14E-4;3,67E-4
0,723;0,307;0,996;9,37E-5;93,66;99,60;-8,90E-5;7,45E-5
0,724;0,307;0,996;9,37E-5;93,66;99,58;-1,07E-4;5,32E-6
0,725;0,308;0,997;9,37E-5;93,69;99,73;-2,36E-4;6,33E-4
0,726;0,308;0,997;9,37E-5;93,68;99,68;-1,84E-4;4,31E-4
0,727;0,306;0,995;9,36E-5;93,61;99,49;1,18E-4;-4,26E-4
0,728;0,307;0,996;9,37E-5;93,66;99,63;-9,99E-5;1,97E-4
0,729;0,307;0,996;9,36E-5;93,65;99,60;-4,00E-5;9,58E-5
0,730;0,306;0,995;9,36E-5;93,63;99,55;4,54E-5;-1,60E-4
0,731;0,307;0,997;9,37E-5;93,67;99,66;-1,36E-4;3,57E-4
0,732;0,307;0,996;9,36E-5;93,65;99,62;-3,09E-5;1,65E-4
0,733;0,306;0,995;9,36E-5;93,62;99,46;8,54E-5;-5,17E-4
0,734;0,307;0,996;9,36E-5;93,64;99,56;-5,45E-6;-1,17E-4
0,735;0,307;0,996;9,37E-5;93,66;99,63;-1,11E-4;2,02E-4
0,736;0,307;0,997;9,37E-5;93,67;99,68;-1,22E-4;4,26E-4
0,737;0,307;0,996;9,37E-5;93,66;99,59;-8,00E-5;1,06E-5
0,738;0,307;0,996;9,36E-5;93,64;99,60;-2,18E-5;5,32E-5
0,739;0,307;0,996;9,37E-5;93,65;99,60;-5,45E-5;5,32E-5
0,740;0,308;0,997;9,37E-5;93,69;99,73;-2,56E-4;6,33E-4
0,741;0,308;0,997;9,37E-5;93,70;99,69;-2,65E-4;4,84E-4
0,742;0,307;0,996;9,37E-5;93,67;99,62;-1,29E-4;1,76E-4
0,743;0,307;0,996;9,37E-5;93,67;99,60;-1,27E-4;9,58E-5
0,744;0,307;0,996;9,37E-5;93,65;99,63;-5,63E-5;1,92E-4
0,745;0,305;0,995;9,36E-5;93,60;99,46;1,78E-4;-5,17E-4
0,746;0,308;0,997;9,37E-5;93,68;99,68;-1,78E-4;4,36E-4
0,747;0,309;0,998;9,37E-5;93,71;99,79;-3,23E-4;9,15E-4
0,748;0,307;0,996;9,37E-5;93,66;99,64;-9,81E-5;2,45E-4
0,749;0,307;0,996;9,36E-5;93,64;99,62;-1,09E-5;1,81E-4
0,750;0,307;0,996;9,36E-5;93,64;99,60;-2,36E-5;5,86E-5
0,751;0,307;0,997;9,37E-5;93,67;99,67;-1,22E-4;3,99E-4
0,752;0,307;0,997;9,37E-5;93,66;99,67;-1,04E-4;3,99E-4
0,753;0,307;0,997;9,37E-5;93,66;99,66;-8,00E-5;3,46E-4
0,754;0,306;0,996;9,36E-5;93,64;99,60;7,27E-6;6,92E-5
0,755;0,308;0,997;9,37E-5;93,69;99,69;-2,13E-4;4,79E-4
0,756;0,308;0,997;9,37E-5;93,68;99,70;-1,73E-4;5,00E-4
0,757;0,307;0,996;9,37E-5;93,66;99,62;-8,72E-5;1,44E-4
0,758;0,307;0,996;9,37E-5;93,66;99,62;-8,72E-5;1,70E-4
0,759;0,308;0,997;9,37E-5;93,69;99,74;-2,34E-4;6,76E-4
0,760;0,308;0,997;9,37E-5;93,68;99,66;-1,82E-4;3,30E-4
0,761;0,309;0,997;9,37E-5;93,71;99,74;-3,07E-4;7,02E-4
0,762;0,307;0,996;9,37E-5;93,65;99,59;-6,54E-5;3,19E-5
0,763;0,306;0,996;9,36E-5;93,64;99,56;1,09E-5;-1,12E-4
0,764;0,307;0,996;9,36E-5;93,65;99,60;-2,91E-5;5,32E-5
0,765;0,308;0,997;9,37E-5;93,68;99,71;-1,93E-4;5,75E-4
0,766;0,308;0,997;9,37E-5;93,68;99,73;-1,93E-4;6,49E-4
0,767;0,308;0,997;9,37E-5;93,68;99,69;-1,82E-4;4,84E-4
0,768;0,307;0,996;9,37E-5;93,67;99,63;-1,38E-4;2,08E-4
0,769;0,307;0,996;9,36E-5;93,64;99,56;-5,45E-6;-1,01E-4
0,770;0,308;0,997;9,37E-5;93,68;99,69;-1,89E-4;4,74E-4
0,771;0,307;0,996;9,37E-5;93,66;99,61;-9,99E-5;1,33E-4
0,772;0,307;0,997;9,37E-5;93,66;99,65;-1,07E-4;2,93E-4
0,773;0,307;0,996;9,37E-5;93,67;99,62;-1,20E-4;1,76E-4
0,774;0,308;0,997;9,37E-5;93,67;99,67;-1,51E-4;3,67E-4
0,775;0,308;0,997;9,37E-5;93,68;99,68;-1,74E-4;4,10E-4
0,776;0,306;0,996;9,36E-5;93,63;99,56;3,27E-5;-9,58E-5
0,777;0,308;0,998;9,37E-5;93,69;99,76;-2,42E-4;7,93E-4
0,778;0,307;0,996;9,37E-5;93,66;99,63;-9,45E-5;2,02E-4
0,779;0,308;0,998;9,37E-5;93,69;99,76;-2,54E-4;7,55E-4
0,780;0,307;0,997;9,37E-5;93,67;99,67;-1,29E-4;3,78E-4
0,781;0,308;0,997;9,37E-5;93,67;99,71;-1,64E-4;5,64E-4
0,782;0,307;0,997;9,37E-5;93,67;99,70;-1,36E-4;5,27E-4
0,783;0,308;0,997;9,37E-5;93,68;99,73;-2,07E-4;6,60E-4
0,784;0,307;0,996;9,36E-5;93,65;99,60;-4,54E-5;5,86E-5
0,785;0,307;0,997;9,37E-5;93,67;99,66;-1,27E-4;3,46E-4
0,786;0,307;0,996;9,36E-5;93,65;99,63;-4,72E-5;2,02E-4
0,787;0,308;0,997;9,37E-5;93,68;99,73;-1,96E-4;6,49E-4
0,788;0,306;0,996;9,36E-5;93,62;99,56;9,81E-5;-7,99E-5
0,789;0,307;0,997;9,37E-5;93,66;99,66;-9,09E-5;3,35E-4
0,790;0,307;0,997;9,37E-5;93,66;99,66;-1,09E-4;3,35E-4
0,791;0,307;0,996;9,37E-5;93,66;99,65;-1,05E-4;2,71E-4
0,792;0,308;0,997;9,37E-5;93,68;99,71;-1,93E-4;5,53E-4
0,793;0,308;0,997;9,37E-5;93,67;99,66;-1,64E-4;3,30E-4
0,794;0,308;0,997;9,37E-5;93,69;99,74;-2,47E-4;7,02E-4
0,795;0,308;0,997;9,37E-5;93,68;99,67;-2,05E-4;3,78E-4
0,796;0,307;0,996;9,37E-5;93,66;99,60;-7,45E-5;7,45E-5
0,797;0,306;0,996;9,36E-5;93,63;99,56;4,73E-5;-1,17E-4
0,798;0,306;0,995;9,36E-5;93,61;99,49;1,33E-4;-3,83E-4
0,799;0,307;0,996;9,37E-5;93,67;99,64;-1,36E-4;2,55E-4
0,800;0,307;0,997;9,37E-5;93,67;99,68;-1,44E-4;4,42E-4
0,801;0,308;0,997;9,37E-5;93,68;99,67;-1,78E-4;3,83E-4
0,802;0,307;0,996;9,37E-5;93,66;99,60;-8,72E-5;7,98E-5
0,803;0,307;0,996;9,37E-5;93,66;99,59;-8,00E-5;1,06E-5
0,804;0,307;0,996;9,37E-5;93,65;99,59;-5,82E-5;4,26E-5
0,805;0,306;0,995;9,36E-5;93,62;99,51;8,72E-5;-3,04E-4
0,806;0,306;0,995;9,36E-5;93,61;99,49;1,18E-4;-4,15E-4
0,807;0,307;0,996;9,37E-5;93,66;99,63;-1,02E-4;1,97E-4
0,808;0,307;0,996;9,36E-5;93,65;99,60;-4,36E-5;7,45E-5
0,809;0,308;0,997;9,37E-5;93,68;99,68;-1,80E-4;4,10E-4
0,810;0,306;0,995;9,36E-5;93,63;99,54;4,00E-5;-2,08E-4
0,811;0,307;0,996;9,36E-5;93,64;99,57;-9,09E-6;-3,73E-5
0,812;0,306;0,996;9,36E-5;93,64;99,59;5,45E-6;3,19E-5
0,813;0,307;0,996;9,36E-5;93,64;99,61;-7,27E-6;1,01E-4
0,814;0,306;0,996;9,36E-5;93,63;99,55;4,73E-5;-1,22E-4
0,815;0,306;0,995;9,36E-5;93,63;99,54;2,73E-5;-2,08E-4
0,816;0,307;0,996;9,36E-5;93,64;99,58;-1,45E-5;-5,32E-6
0,817;0,306;0,995;9,36E-5;93,62;99,51;1,07E-4;-3,25E-4
0,818;0,308;0,997;9,37E-5;93,67;99,69;-1,64E-4;4,47E-4
0,819;0,309;0,998;9,37E-5;93,71;99,83;-3,07E-4;0,00
0,820;0,308;0,997;9,37E-5;93,67;99,69;-1,49E-4;4,68E-4
0,821;0,307;0,997;9,37E-5;93,67;99,69;-1,44E-4;4,84E-4
0,822;0,307;0,996;9,36E-5;93,64;99,59;-2,18E-5;2,66E-5
0,823;0,307;0,996;9,37E-5;93,67;99,63;-1,31E-4;2,18E-4
0,824;0,307;0,996;9,37E-5;93,66;99,62;-1,04E-4;1,76E-4
0,825;0,307;0,996;9,36E-5;93,64;99,56;-1,27E-5;-8,52E-5
0,826;0,308;0,997;9,37E-5;93,68;99,72;-1,94E-4;5,96E-4
0,827;0,308;0,997;9,37E-5;93,67;99,69;-1,65E-4;4,52E-4
0,828;0,307;0,997;9,37E-5;93,67;99,67;-1,44E-4;3,62E-4
0,829;0,308;0,997;9,37E-5;93,68;99,69;-1,93E-4;4,79E-4
0,830;0,307;0,997;9,37E-5;93,66;99,66;-1,07E-4;3,30E-4
0,831;0,307;0,996;9,36E-5;93,65;99,61;-4,36E-5;1,12E-4
0,832;0,307;0,997;9,37E-5;93,67;99,70;-1,27E-4;4,90E-4
0,833;0,307;0,997;9,37E-5;93,66;99,65;-1,16E-4;2,93E-4
0,834;0,306;0,995;9,36E-5;93,63;99,55;4,54E-5;-1,44E-4
0,835;0,307;0,996;9,36E-5;93,64;99,58;-1,64E-5;-2,66E-5
0,836;0,306;0,995;9,36E-5;93,63;99,54;3,09E-5;-1,97E-4
0,837;0,306;0,995;9,36E-5;93,63;99,51;6,18E-5;-3,30E-4
0,838;0,308;0,997;9,37E-5;93,67;99,67;-1,49E-4;3,67E-4
0,839;0,306;0,995;9,36E-5;93,62;99,50;9,81E-5;-3,62E-4
0,840;0,308;0,997;9,37E-5;93,68;99,69;-2,07E-4;4,58E-4
0,841;0,308;0,997;9,37E-5;93,69;99,70;-2,27E-4;5,27E-4
0,842;0,308;0,997;9,37E-5;93,70;99,73;-2,62E-4;6,38E-4
0,843;0,306;0,995;9,36E-5;93,63;99,55;5,09E-5;-1,65E-4
0,844;0,306;0,995;9,36E-5;93,63;99,53;6,54E-5;-2,45E-4
0,845;0,306;0,996;9,36E-5;93,63;99,59;2,54E-5;3,19E-5
0,846;0,308;0,997;9,37E-5;93,69;99,73;-2,36E-4;6,28E-4
0,847;0,307;0,996;9,37E-5;93,65;99,60;-7,09E-5;6,39E-5
0,848;0,308;0,997;9,37E-5;93,69;99,73;-2,23E-4;6,22E-4
0,849;0,308;0,997;9,37E-5;93,69;99,70;-2,20E-4;5,00E-4
0,850;0,307;0,996;9,36E-5;93,64;99,60;-1,45E-5;5,86E-5
0,851;0,307;0,996;9,36E-5;93,64;99,60;-1,45E-5;9,05E-5
0,852;0,307;0,997;9,36E-5;93,65;99,65;-4,54E-5;3,14E-4
0,853;0,307;0,997;9,37E-5;93,67;99,69;-1,44E-4;4,52E-4
0,854;0,306;0,996;9,36E-5;93,63;99,56;3,27E-5;-1,17E-4
0,855;0,308;0,997;9,37E-5;93,69;99,74;-2,43E-4;7,02E-4
0,856;0,307;0,997;9,37E-5;93,67;99,65;-1,44E-4;3,03E-4
0,857;0,307;0,997;9,37E-5;93,66;99,65;-1,14E-4;2,93E-4
0,858;0,308;0,997;9,37E-5;93,68;99,73;-2,00E-4;6,22E-4
0,859;0,308;0,997;9,37E-5;93,67;99,69;-1,54E-4;4,79E-4
0,860;0,307;0,996;9,36E-5;93,64;99,63;-2,18E-5;2,08E-4
0,861;0,307;0,996;9,37E-5;93,67;99,63;-1,20E-4;1,86E-4
0,862;0,307;0,997;9,37E-5;93,67;99,65;-1,38E-4;2,93E-4
0,863;0,307;0,997;9,37E-5;93,67;99,65;-1,36E-4;2,93E-4
0,864;0,307;0,996;9,37E-5;93,66;99,61;-9,81E-5;1,28E-4
0,865;0,308;0,996;9,37E-5;93,68;99,62;-1,73E-4;1,76E-4
0,866;0,308;0,997;9,37E-5;93,69;99,72;-2,47E-4;5,80E-4
0,867;0,307;0,996;9,37E-5;93,66;99,60;-8,18E-5;9,05E-5
0,868;0,307;0,996;9,37E-5;93,65;99,58;-7,09E-5;0,00
0,869;0,309;0,998;9,37E-5;93,72;99,78;-3,65E-4;8,46E-4
0,870;0,308;0,997;9,37E-5;93,68;99,70;-1,80E-4;4,90E-4
0,871;0,307;0,997;9,37E-5;93,67;99,68;-1,44E-4;4,26E-4
0,872;0,307;0,997;9,37E-5;93,67;99,69;-1,40E-4;4,58E-4
0,873;0,307;0,996;9,37E-5;93,67;99,63;-1,33E-4;1,97E-4
0,874;0,306;0,995;9,36E-5;93,63;99,51;6,00E-5;-3,36E-4
0,875;0,307;0,996;9,37E-5;93,67;99,64;-1,44E-4;2,39E-4
0,876;0,307;0,996;9,37E-5;93,66;99,61;-1,11E-4;1,28E-4
0,877;0,307;0,996;9,37E-5;93,67;99,65;-1,36E-4;2,71E-4
0,878;0,308;0,997;9,37E-5;93,67;99,67;-1,53E-4;3,83E-4
0,879;0,307;0,996;9,37E-5;93,66;99,64;-1,13E-4;2,29E-4
0,880;0,308;0,997;9,37E-5;93,69;99,74;-2,54E-4;6,86E-4
0,881;0,309;0,997;9,37E-5;93,71;99,75;-3,11E-4;7,18E-4
0,882;0,310;0,999;9,37E-5;93,74;99,87;-4,69E-4;0,00
0,883;0,307;0,996;9,37E-5;93,66;99,64;-1,16E-4;2,61E-4
0,884;0,307;0,996;9,36E-5;93,64;99,59;-2,18E-5;2,66E-5
0,885;0,307;0,997;9,37E-5;93,67;99,65;-1,20E-4;3,03E-4
0,886;0,307;0,996;9,36E-5;93,65;99,60;-4,54E-5;6,92E-5
0,887;0,307;0,996;9,36E-5;93,64;99,58;-2,00E-5;-3,19E-5
0,888;0,307;0,997;9,37E-5;93,66;99,65;-9,09E-5;3,03E-4
0,889;0,306;0,996;9,36E-5;93,63;99,56;2,91E-5;-1,12E-4
0,890;0,306;0,995;9,36E-5;93,63;99,54;4,73E-5;-1,86E-4
0,891;0,307;0,997;9,37E-5;93,66;99,65;-1,11E-4;2,93E-4
0,892;0,306;0,996;9,36E-5;93,64;99,59;3,63E-6;3,73E-5
0,893;0,308;0,997;9,37E-5;93,68;99,68;-1,87E-4;4,36E-4
0,894;0,307;0,996;9,36E-5;93,64;99,59;-3,63E-6;4,26E-5
0,895;0,307;0,996;9,36E-5;93,64;99,60;-1,45E-5;5,32E-5
0,896;0,307;0,997;9,37E-5;93,67;99,66;-1,31E-4;3,30E-4
0,897;0,308;0,997;9,37E-5;93,68;99,69;-1,87E-4;4,47E-4
0,898;0,307;0,996;9,37E-5;93,66;99,61;-8,54E-5;1,12E-4
0,899;0,307;0,996;9,37E-5;93,65;99,60;-6,91E-5;9,05E-5
0,900;0,307;0,997;9,37E-5;93,66;99,66;-9,09E-5;3,46E-4
0,901;0,307;0,996;9,37E-5;93,65;99,61;-5,82E-5;1,33E-4
0,902;0,307;0,996;9,37E-5;93,66;99,62;-1,11E-4;1,81E-4
0,903;0,308;0,997;9,37E-5;93,68;99,66;-1,78E-4;3,35E-4
0,904;0,307;0,996;9,36E-5;93,65;99,59;-4,18E-5;2,66E-5
0,905;0,307;0,996;9,37E-5;93,65;99,61;-5,82E-5;1,28E-4
0,906;0,308;0,997;9,37E-5;93,67;99,67;-1,60E-4;3,67E-4
0,907;0,307;0,996;9,37E-5;93,66;99,60;-1,05E-4;7,98E-5
0,908;0,307;0,997;9,37E-5;93,67;99,67;-1,22E-4;3,72E-4
0,909;0,308;0,997;9,37E-5;93,68;99,69;-2,00E-4;4,52E-4
0,910;0,306;0,996;9,36E-5;93,63;99,56;2,36E-5;-9,05E-5
0,911;0,307;0,996;9,37E-5;93,66;99,61;-8,18E-5;1,01E-4
0,912;0,306;0,995;9,36E-5;93,62;99,51;7,09E-5;-3,30E-4
0,913;0,306;0,996;9,36E-5;93,64;99,56;3,63E-6;-1,06E-4
0,914;0,306;0,995;9,36E-5;93,62;99,49;1,07E-4;-4,26E-4
0,915;0,308;0,997;9,37E-5;93,67;99,66;-1,47E-4;3,19E-4
0,916;0,307;0,996;9,37E-5;93,67;99,65;-1,27E-4;2,87E-4
0,917;0,308;0,997;9,37E-5;93,67;99,66;-1,60E-4;3,57E-4
0,918;0,307;0,996;9,37E-5;93,67;99,65;-1,34E-4;2,82E-4
0,919;0,307;0,996;9,37E-5;93,66;99,64;-1,04E-4;2,45E-4
0,920;0,308;0,997;9,37E-5;93,68;99,73;-1,93E-4;6,60E-4
0,921;0,308;0,997;9,37E-5;93,67;99,69;-1,58E-4;4,58E-4
0,922;0,308;0,997;9,37E-5;93,68;99,70;-1,85E-4;5,00E-4
0,923;0,307;0,996;9,37E-5;93,66;99,64;-8,54E-5;2,34E-4
0,924;0,308;0,998;9,37E-5;93,70;99,76;-2,89E-4;7,66E-4
0,925;0,308;0,997;9,37E-5;93,69;99,67;-2,22E-4;3,99E-4
0,926;0,308;0,997;9,37E-5;93,68;99,69;-1,93E-4;4,47E-4
0,927;0,308;0,997;9,37E-5;93,69;99,69;-2,18E-4;4,84E-4
0,928;0,306;0,995;9,36E-5;93,64;99,53;1,82E-5;-2,18E-4
0,929;0,307;0,996;9,37E-5;93,66;99,61;-7,63E-5;1,22E-4
0,930;0,308;0,997;9,37E-5;93,69;99,71;-2,27E-4;5,43E-4
0,931;0,308;0,997;9,37E-5;93,69;99,72;-2,58E-4;5,96E-4
0,932;0,308;0,997;9,37E-5;93,68;99,69;-1,74E-4;4,74E-4
0,933;0,307;0,996;9,37E-5;93,65;99,60;-5,27E-5;6,92E-5
0,934;0,308;0,997;9,37E-5;93,67;99,67;-1,54E-4;3,83E-4
0,935;0,307;0,997;9,37E-5;93,66;99,65;-1,05E-4;2,93E-4
0,936;0,307;0,996;9,37E-5;93,67;99,63;-1,24E-4;1,92E-4
0,937;0,307;0,997;9,37E-5;93,67;99,65;-1,20E-4;2,98E-4
0,938;0,308;0,997;9,37E-5;93,70;99,70;-2,69E-4;5,27E-4
0,939;0,308;0,997;9,37E-5;93,69;99,68;-2,40E-4;4,15E-4
0,940;0,308;0,997;9,37E-5;93,69;99,72;-2,40E-4;6,12E-4
0,941;0,308;0,997;9,37E-5;93,68;99,70;-2,00E-4;5,21E-4
0,942;0,308;0,997;9,37E-5;93,69;99,71;-2,27E-4;5,37E-4
0,943;0,307;0,996;9,37E-5;93,66;99,60;-8,00E-5;9,58E-5
0,944;0,307;0,996;9,36E-5;93,64;99,56;-5,45E-6;-1,17E-4
0,945;0,308;0,997;9,37E-5;93,70;99,73;-2,85E-4;6,60E-4
0,946;0,309;0,998;9,37E-5;93,71;99,76;-3,47E-4;7,71E-4
0,947;0,307;0,996;9,37E-5;93,67;99,65;-1,22E-4;2,77E-4
0,948;0,307;0,996;9,37E-5;93,66;99,58;-8,18E-5;5,32E-6
0,949;0,307;0,996;9,37E-5;93,67;99,62;-1,31E-4;1,81E-4
0,950;0,308;0,997;9,37E-5;93,68;99,68;-1,87E-4;4,10E-4
0,951;0,307;0,997;9,37E-5;93,67;99,67;-1,25E-4;3,83E-4
0,952;0,308;0,997;9,37E-5;93,67;99,66;-1,58E-4;3,57E-4
0,953;0,308;0,997;9,37E-5;93,68;99,66;-1,82E-4;3,35E-4
0,954;0,307;0,996;9,37E-5;93,66;99,63;-8,00E-5;1,97E-4
0,955;0,308;0,997;9,37E-5;93,68;99,69;-1,84E-4;4,47E-4
0,956;0,307;0,996;9,37E-5;93,66;99,62;-8,54E-5;1,44E-4
0,957;0,308;0,997;9,37E-5;93,70;99,74;-2,80E-4;6,70E-4
0,958;0,308;0,997;9,37E-5;93,68;99,67;-1,67E-4;3,78E-4
0,959;0,307;0,996;9,37E-5;93,66;99,63;-1,05E-4;1,92E-4
0,960;0,307;0,996;9,37E-5;93,65;99,62;-6,18E-5;1,44E-4
0,961;0,308;0,997;9,37E-5;93,68;99,67;-2,11E-4;3,83E-4
0,962;0,308;0,996;9,37E-5;93,68;99,64;-1,76E-4;2,55E-4
0,963;0,308;0,997;9,37E-5;93,69;99,71;-2,23E-4;5,69E-4
0,964;0,307;0,996;9,36E-5;93,65;99,63;-4,36E-5;2,02E-4
0,965;0,308;0,997;9,37E-5;93,68;99,69;-2,07E-4;4,47E-4
0,966;0,308;0,996;9,37E-5;93,68;99,65;-1,74E-4;2,87E-4
0,967;0,308;0,997;9,37E-5;93,69;99,72;-2,51E-4;5,96E-4
0,968;0,307;0,996;9,37E-5;93,65;99,59;-5,82E-5;2,13E-5
0,969;0,307;0,996;9,37E-5;93,66;99,63;-9,99E-5;2,24E-4
0,970;0,308;0,997;9,37E-5;93,68;99,70;-1,82E-4;4,95E-4
0,971;0,308;0,997;9,37E-5;93,68;99,71;-1,67E-4;5,43E-4
0,972;0,307;0,996;9,37E-5;93,67;99,62;-1,20E-4;1,81E-4
0,973;0,308;0,997;9,37E-5;93,68;99,69;-1,93E-4;4,52E-4
0,974;0,309;0,997;9,37E-5;93,70;99,75;-2,96E-4;7,13E-4
0,975;0,307;0,996;9,36E-5;93,65;99,57;-4,36E-5;-5,86E-5
0,976;0,307;0,996;9,37E-5;93,66;99,60;-7,63E-5;7,98E-5
0,977;0,308;0,997;9,37E-5;93,68;99,71;-1,94E-4;5,43E-4
0,978;0,308;0,996;9,37E-5;93,67;99,64;-1,58E-4;2,61E-4
0,979;0,308;0,997;9,37E-5;93,70;99,71;-2,73E-4;5,75E-4
0,980;0,307;0,996;9,37E-5;93,65;99,60;-7,27E-5;9,05E-5
0,981;0,308;0,996;9,37E-5;93,67;99,63;-1,64E-4;1,97E-4
0,982;0,308;0,997;9,37E-5;93,69;99,71;-2,22E-4;5,53E-4
0,983;0,307;0,997;9,37E-5;93,67;99,66;-1,31E-4;3,25E-4
0,984;0,308;0,997;9,37E-5;93,68;99,68;-2,02E-4;4,15E-4
0,985;0,308;0,997;9,37E-5;93,68;99,66;-1,87E-4;3,30E-4
0,986;0,307;0,996;9,37E-5;93,66;99,60;-1,05E-4;9,58E-5
0,987;0,307;0,996;9,37E-5;93,66;99,63;-1,04E-4;1,86E-4
0,988;0,308;0,997;9,37E-5;93,69;99,71;-2,33E-4;5,37E-4
0,989;0,309;0,998;9,37E-5;93,70;99,75;-2,98E-4;7,39E-4
0,990;0,309;0,998;9,37E-5;93,70;99,78;-2,96E-4;8,56E-4
0,991;0,308;0,997;9,37E-5;93,69;99,70;-2,27E-4;5,16E-4
0,992;0,308;0,997;9,37E-5;93,67;99,67;-1,51E-4;3,72E-4
0,993;0,307;0,997;9,37E-5;93,66;99,66;-8,18E-5;3,25E-4
0,994;0,308;0,997;9,37E-5;93,69;99,71;-2,27E-4;5,48E-4
0,995;0,308;0,997;9,37E-5;93,68;99,68;-1,93E-4;4,04E-4
0,996;0,307;0,996;9,36E-5;93,65;99,58;-4,91E-5;0,00
0,997;0,308;0,997;9,37E-5;93,69;99,72;-2,51E-4;6,01E-4
0,998;0,308;0,997;9,37E-5;93,69;99,70;-2,51E-4;4,90E-4
0,999;0,309;0,998;9,37E-5;93,72;99,83;-3,67E-4;0,00
1,000;0,309;0,997;9,37E-5;93,70;99,71;-2,96E-4;5,75E-4
1,001;0,308;0,996;9,37E-5;93,68;99,63;-1,69E-4;1,97E-4
1,002;0,308;0,997;9,37E-5;93,70;99,72;-2,82E-4;5,80E-4
1,003;0,307;0,996;9,37E-5;93,66;99,56;-8,54E-5;-9,05E-5
1,004;0,308;0,997;9,37E-5;93,69;99,69;-2,27E-4;4,52E-4
1,005;0,307;0,996;9,37E-5;93,66;99,60;-9,09E-5;9,05E-5
1,006;0,306;0,995;9,36E-5;93,64;99,55;1,27E-5;-1,54E-4
1,007;0,306;0,995;9,36E-5;93,64;99,52;9,09E-6;-2,72E-4
1,008;0,307;0,996;9,37E-5;93,66;99,61;-9,45E-5;1,01E-4
1,009;0,306;0,995;9,36E-5;93,63;99,52;3,82E-5;-2,77E-4
1,010;0,308;0,997;9,37E-5;93,69;99,66;-2,13E-4;3,19E-4
1,011;0,307;0,997;9,37E-5;93,67;99,66;-1,44E-4;3,41E-4
1,012;0,307;0,996;9,36E-5;93,65;99,57;-4,36E-5;-7,45E-5
1,013;0,306;0,995;9,36E-5;93,64;99,54;1,64E-5;-1,97E-4
1,014;0,308;0,997;9,37E-5;93,69;99,69;-2,49E-4;4,52E-4
1,015;0,308;0,997;9,37E-5;93,69;99,72;-2,56E-4;6,17E-4
1,016;0,306;0,995;9,36E-5;93,63;99,51;5,09E-5;-3,04E-4
1,017;0,307;0,996;9,37E-5;93,65;99,57;-6,72E-5;-6,92E-5
1,018;0,306;0,995;9,36E-5;93,62;99,49;8,00E-5;-3,99E-4
1,019;0,306;0,995;9,36E-5;93,61;99,48;1,42E-4;-4,63E-4
1,020;0,307;0,995;9,36E-5;93,64;99,55;-3,63E-6;-1,65E-4
1,021;0,308;0,997;9,37E-5;93,67;99,67;-1,58E-4;3,83E-4
1,022;0,307;0,996;9,37E-5;93,66;99,60;-1,09E-4;7,98E-5
1,023;0,307;0,996;9,37E-5;93,66;99,62;-1,07E-4;1,60E-4
1,024;0,307;0,996;9,36E-5;93,65;99,57;-2,73E-5;-5,32E-5
1,025;0,307;0,995;9,36E-5;93,64;99,54;-9,09E-6;-1,86E-4
1,026;0,308;0,997;9,37E-5;93,67;99,66;-1,62E-4;3,41E-4
1,027;0,309;0,998;9,37E-5;93,71;99,82;-3,49E-4;0,00
1,028;0,309;0,998;9,37E-5;93,70;99,75;-2,96E-4;7,39E-4
1,029;0,308;0,997;9,37E-5;93,67;99,65;-1,53E-4;2,98E-4
1,030;0,307;0,996;9,37E-5;93,66;99,61;-1,14E-4;1,38E-4
1,031;0,307;0,996;9,37E-5;93,66;99,64;-1,14E-4;2,34E-4
1,032;0,308;0,996;9,37E-5;93,68;99,64;-1,71E-4;2,66E-4
1,033;0,307;0,996;9,37E-5;93,66;99,63;-9,99E-5;1,92E-4
1,034;0,307;0,996;9,37E-5;93,67;99,63;-1,29E-4;2,02E-4
1,035;0,307;0,996;9,37E-5;93,65;99,61;-7,09E-5;1,12E-4
1,036;0,307;0,996;9,37E-5;93,66;99,61;-9,81E-5;1,38E-4
1,037;0,308;0,996;9,37E-5;93,67;99,62;-1,65E-4;1,65E-4
1,038;0,306;0,996;9,36E-5;93,64;99,56;1,45E-5;-1,06E-4
1,039;0,306;0,995;9,36E-5;93,63;99,51;6,54E-5;-3,14E-4
1,040;0,308;0,997;9,37E-5;93,67;99,66;-1,65E-4;3,51E-4
1,041;0,306;0,995;9,36E-5;93,64;99,54;1,45E-5;-2,08E-4
1,042;0,307;0,996;9,37E-5;93,66;99,59;-1,16E-4;2,13E-5
1,043;0,308;0,997;9,37E-5;93,68;99,65;-1,85E-4;3,09E-4
1,044;0,307;0,996;9,37E-5;93,66;99,56;-1,09E-4;-8,52E-5
1,045;0,307;0,996;9,37E-5;93,66;99,59;-9,09E-5;1,06E-5
1,046;0,307;0,996;9,36E-5;93,64;99,57;-2,36E-5;-5,32E-5
1,047;0,308;0,997;9,37E-5;93,67;99,66;-1,62E-4;3,19E-4
1,048;0,307;0,996;9,36E-5;93,64;99,57;-2,36E-5;-4,26E-5
1,049;0,308;0,997;9,37E-5;93,69;99,69;-2,38E-4;4,63E-4
1,050;0,309;0,998;9,37E-5;93,70;99,77;-3,02E-4;8,35E-4
1,051;0,307;0,996;9,37E-5;93,66;99,62;-1,18E-4;1,49E-4
1,052;0,308;0,997;9,37E-5;93,69;99,71;-2,49E-4;5,48E-4
1,053;0,308;0,997;9,37E-5;93,68;99,69;-2,02E-4;4,74E-4
1,054;0,309;0,998;9,37E-5;93,72;99,77;-3,63E-4;8,30E-4
1,055;0,307;0,996;9,36E-5;93,65;99,56;-3,82E-5;-1,12E-4
1,056;0,307;0,996;9,37E-5;93,66;99,59;-1,18E-4;1,60E-5
1,057;0,308;0,997;9,37E-5;93,68;99,66;-2,00E-4;3,57E-4
1,058;0,308;0,997;9,37E-5;93,69;99,68;-2,18E-4;4,20E-4
1,059;0,308;0,997;9,37E-5;93,68;99,67;-1,67E-4;3,78E-4
1,060;0,307;0,996;9,37E-5;93,66;99,63;-1,05E-4;2,08E-4
1,061;0,307;0,996;9,37E-5;93,65;99,57;-5,82E-5;-5,86E-5
1,062;0,307;0,996;9,37E-5;93,65;99,61;-7,09E-5;1,38E-4
1,063;0,308;0,996;9,37E-5;93,67;99,64;-1,51E-4;2,39E-4
1,064;0,308;0,997;9,37E-5;93,68;99,65;-1,87E-4;2,93E-4
1,065;0,308;0,997;9,37E-5;93,69;99,70;-2,14E-4;5,16E-4
1,066;0,308;0,996;9,37E-5;93,67;99,63;-1,49E-4;2,02E-4
1,067;0,308;0,997;9,37E-5;93,67;99,65;-1,51E-4;3,03E-4
1,068;0,307;0,995;9,36E-5;93,65;99,55;-2,73E-5;-1,54E-4
1,069;0,308;0,996;9,37E-5;93,67;99,65;-1,54E-4;2,71E-4
1,070;0,307;0,996;9,36E-5;93,64;99,55;-1,82E-6;-1,28E-4
1,071;0,307;0,996;9,37E-5;93,66;99,64;-1,13E-4;2,61E-4
1,072;0,309;0,998;9,37E-5;93,72;99,80;-3,76E-4;9,31E-4
1,073;0,308;0,997;9,37E-5;93,69;99,68;-2,16E-4;4,36E-4
1,074;0,308;0,997;9,37E-5;93,69;99,68;-2,54E-4;4,36E-4
1,075;0,308;0,997;9,37E-5;93,69;99,69;-2,51E-4;4,79E-4
1,076;0,307;0,995;9,36E-5;93,65;99,55;-3,09E-5;-1,60E-4
1,077;0,307;0,996;9,37E-5;93,66;99,62;-8,90E-5;1,49E-4
1,078;0,308;0,997;9,37E-5;93,67;99,66;-1,65E-4;3,46E-4
1,079;0,308;0,996;9,37E-5;93,68;99,64;-1,73E-4;2,34E-4
1,080;0,307;0,995;9,37E-5;93,65;99,53;-6,72E-5;-2,24E-4
1,081;0,308;0,996;9,37E-5;93,67;99,58;-1,53E-4;-1,06E-5
1,082;0,309;0,997;9,37E-5;93,71;99,74;-3,23E-4;6,81E-4
1,083;0,309;0,997;9,37E-5;93,71;99,74;-3,34E-4;6,81E-4
1,084;0,307;0,995;9,36E-5;93,65;99,50;-3,45E-5;-3,62E-4
1,085;0,307;0,996;9,37E-5;93,67;99,61;-1,40E-4;1,12E-4
1,086;0,307;0,996;9,37E-5;93,66;99,60;-1,11E-4;7,45E-5
1,087;0,308;0,996;9,37E-5;93,68;99,61;-2,02E-4;1,22E-4
1,088;0,308;0,996;9,37E-5;93,68;99,62;-1,69E-4;1,54E-4
1,089;0,307;0,995;9,36E-5;93,64;99,51;-2,54E-5;-3,14E-4
1,090;0,307;0,996;9,37E-5;93,66;99,57;-1,02E-4;-7,45E-5
1,091;0,307;0,996;9,37E-5;93,66;99,60;-1,16E-4;9,05E-5
1,092;0,307;0,996;9,37E-5;93,67;99,62;-1,36E-4;1,44E-4
1,093;0,308;0,997;9,37E-5;93,70;99,74;-2,92E-4;6,70E-4
1,094;0,307;0,996;9,37E-5;93,67;99,61;-1,29E-4;1,22E-4
1,095;0,308;0,997;9,37E-5;93,68;99,66;-2,02E-4;3,46E-4
1,096;0,307;0,996;9,36E-5;93,65;99,55;-2,73E-5;-1,22E-4
1,097;0,307;0,995;9,36E-5;93,64;99,54;1,82E-6;-1,86E-4
1,098;0,307;0,996;9,37E-5;93,66;99,56;-1,05E-4;-8,52E-5
1,099;0,306;0,995;9,36E-5;93,64;99,51;1,09E-5;-2,98E-4
1,100;0,307;0,995;9,36E-5;93,65;99,50;-4,00E-5;-3,52E-4
1,101;0,307;0,995;9,37E-5;93,65;99,55;-5,45E-5;-1,54E-4
1,102;0,307;0,996;9,37E-5;93,67;99,60;-1,44E-4;5,32E-5
1,103;0,308;0,996;9,37E-5;93,67;99,63;-1,64E-4;2,02E-4
1,104;0,308;0,997;9,37E-5;93,68;99,67;-2,05E-4;3,62E-4
1,105;0,309;0,997;9,37E-5;93,71;99,72;-3,11E-4;5,80E-4
1,106;0,308;0,996;9,37E-5;93,67;99,63;-1,62E-4;2,18E-4
1,107;0,307;0,996;9,36E-5;93,65;99,56;-2,91E-5;-8,52E-5
1,108;0,307;0,996;9,37E-5;93,66;99,57;-8,00E-5;-4,79E-5
1,109;0,308;0,996;9,37E-5;93,69;99,62;-2,25E-4;1,81E-4
1,110;0,307;0,996;9,37E-5;93,67;99,61;-1,44E-4;1,38E-4
1,111;0,307;0,995;9,37E-5;93,65;99,54;-6,91E-5;-1,92E-4
1,112;0,308;0,996;9,37E-5;93,67;99,63;-1,65E-4;2,02E-4
1,113;0,308;0,996;9,37E-5;93,67;99,59;-1,65E-4;4,79E-5
1,114;0,308;0,996;9,37E-5;93,67;99,64;-1,54E-4;2,29E-4
1,115;0,307;0,995;9,36E-5;93,64;99,51;-2,54E-5;-3,09E-4
1,116;0,306;0,995;9,36E-5;93,63;99,50;2,91E-5;-3,41E-4
1,117;0,307;0,995;9,36E-5;93,65;99,53;-2,73E-5;-2,29E-4
1,118;0,306;0,995;9,36E-5;93,64;99,53;3,63E-6;-2,29E-4
1,119;0,309;0,997;9,37E-5;93,70;99,71;-2,98E-4;5,59E-4
1,120;0,307;0,996;9,37E-5;93,66;99,60;-1,11E-4;7,98E-5
1,121;0,308;0,996;9,37E-5;93,68;99,64;-1,98E-4;2,45E-4
1,122;0,308;0,997;9,37E-5;93,70;99,70;-2,62E-4;5,05E-4
1,123;0,308;0,997;9,37E-5;93,69;99,70;-2,51E-4;5,21E-4
1,124;0,308;0,997;9,37E-5;93,68;99,67;-2,02E-4;3,67E-4
1,125;0,308;0,997;9,37E-5;93,68;99,67;-2,03E-4;3,88E-4
1,126;0,308;0,997;9,37E-5;93,70;99,68;-2,69E-4;4,26E-4
1,127;0,307;0,996;9,36E-5;93,65;99,56;-3,82E-5;-9,05E-5
1,128;0,308;0,997;9,37E-5;93,67;99,65;-1,56E-4;3,03E-4
1,129;0,307;0,996;9,37E-5;93,66;99,61;-9,63E-5;1,12E-4
1,130;0,306;0,995;9,36E-5;93,64;99,52;1,27E-5;-2,56E-4
1,131;0,306;0,995;9,36E-5;93,61;99,47;1,25E-4;-4,74E-4
1,132;0,308;0,997;9,37E-5;93,68;99,69;-2,05E-4;4,68E-4
1,133;0,307;0,996;9,37E-5;93,66;99,65;-1,05E-4;2,82E-4
1,134;0,308;0,997;9,37E-5;93,69;99,70;-2,56E-4;5,32E-4
1,135;0,308;0,997;9,37E-5;93,67;99,66;-1,58E-4;3,19E-4
1,136;0,309;0,998;9,37E-5;93,73;99,81;-4,32E-4;1,00E-3
1,137;0,309;0,997;9,37E-5;93,71;99,73;-3,11E-4;6,60E-4
1,138;0,308;0,996;9,37E-5;93,68;99,64;-2,09E-4;2,39E-4
1,139;0,307;0,996;9,37E-5;93,65;99,56;-5,27E-5;-1,17E-4
1,140;0,308;0,997;9,37E-5;93,70;99,69;-2,74E-4;4,58E-4
1,141;0,307;0,996;9,37E-5;93,66;99,60;-8,36E-5;8,52E-5
1,142;0,307;0,996;9,37E-5;93,65;99,58;-7,09E-5;-3,19E-5
1,143;0,306;0,994;9,36E-5;93,61;99,40;1,35E-4;-7,78E-4
1,144;0,307;0,996;9,37E-5;93,67;99,61;-1,40E-4;1,01E-4
1,145;0,306;0,995;9,36E-5;93,63;99,53;2,36E-5;-2,24E-4
1,146;0,307;0,995;9,36E-5;93,64;99,53;-2,00E-5;-2,34E-4
1,147;0,307;0,996;9,37E-5;93,65;99,58;-7,09E-5;-2,13E-5
1,148;0,308;0,997;9,37E-5;93,69;99,66;-2,40E-4;3,51E-4
1,149;0,308;0,996;9,37E-5;93,69;99,64;-2,31E-4;2,61E-4
1,150;0,308;0,997;9,37E-5;93,69;99,66;-2,34E-4;3,41E-4
1,151;0,308;0,996;9,37E-5;93,68;99,63;-1,82E-4;1,92E-4
1,152;0,307;0,995;9,36E-5;93,64;99,52;-1,82E-5;-2,72E-4
1,153;0,307;0,996;9,37E-5;93,65;99,57;-6,54E-5;-5,86E-5
1,154;0,307;0,996;9,37E-5;93,66;99,60;-1,05E-4;5,86E-5
1,155;0,307;0,996;9,36E-5;93,65;99,56;-4,36E-5;-1,06E-4
1,156;0,308;0,997;9,37E-5;93,68;99,67;-1,91E-4;3,67E-4
1,157;0,307;0,995;9,36E-5;93,64;99,55;-2,54E-5;-1,65E-4
1,158;0,307;0,996;9,37E-5;93,65;99,56;-7,09E-5;-9,58E-5
1,159;0,308;0,997;9,37E-5;93,70;99,71;-2,83E-4;5,69E-4
1,160;0,307;0,996;9,37E-5;93,66;99,65;-1,04E-4;2,87E-4
1,161;0,307;0,996;9,37E-5;93,65;99,56;-7,09E-5;-1,01E-4
1,162;0,308;0,997;9,37E-5;93,68;99,67;-1,91E-4;3,88E-4
1,163;0,308;0,996;9,37E-5;93,68;99,63;-1,67E-4;2,24E-4
1,164;0,308;0,997;9,37E-5;93,69;99,67;-2,31E-4;3,99E-4
1,165;0,308;0,997;9,37E-5;93,69;99,69;-2,42E-4;4,74E-4
1,166;0,307;0,996;9,37E-5;93,67;99,64;-1,36E-4;2,29E-4
1,167;0,307;0,996;9,37E-5;93,67;99,59;-1,34E-4;4,79E-5
1,168;0,308;0,997;9,37E-5;93,68;99,68;-2,07E-4;4,36E-4
1,169;0,308;0,996;9,37E-5;93,68;99,64;-1,67E-4;2,61E-4
1,170;0,306;0,995;9,36E-5;93,62;99,46;7,63E-5;-5,17E-4
1,171;0,308;0,997;9,37E-5;93,69;99,70;-2,45E-4;4,95E-4
1,172;0,308;0,997;9,37E-5;93,68;99,65;-1,78E-4;3,14E-4
1,173;0,307;0,996;9,37E-5;93,67;99,61;-1,44E-4;1,22E-4
1,174;0,306;0,995;9,36E-5;93,62;99,46;9,27E-5;-5,33E-4
1,175;0,308;0,997;9,37E-5;93,68;99,66;-1,76E-4;3,41E-4
1,176;0,307;0,996;9,37E-5;93,66;99,61;-1,16E-4;1,06E-4
1,177;0,307;0,996;9,36E-5;93,65;99,57;-4,18E-5;-5,86E-5
1,178;0,307;0,996;9,37E-5;93,65;99,55;-5,63E-5;-1,33E-4
1,179;0,307;0,996;9,37E-5;93,66;99,57;-9,27E-5;-6,92E-5
1,180;0,307;0,996;9,37E-5;93,66;99,59;-9,63E-5;3,73E-5
1,181;0,306;0,995;9,36E-5;93,63;99,50;5,63E-5;-3,73E-4
1,182;0,307;0,996;9,37E-5;93,67;99,65;-1,42E-4;2,82E-4
1,183;0,307;0,996;9,37E-5;93,66;99,60;-9,63E-5;7,45E-5
1,184;0,308;0,997;9,37E-5;93,68;99,66;-2,11E-4;3,46E-4
1,185;0,307;0,995;9,36E-5;93,64;99,49;-1,45E-5;-3,94E-4
1,186;0,307;0,996;9,37E-5;93,67;99,59;-1,29E-4;3,19E-5
1,187;0,307;0,996;9,37E-5;93,67;99,61;-1,24E-4;1,22E-4
1,188;0,306;0,995;9,36E-5;93,63;99,52;2,91E-5;-2,82E-4
1,189;0,308;0,996;9,37E-5;93,68;99,63;-1,69E-4;2,18E-4
1,190;0,308;0,996;9,37E-5;93,68;99,65;-1,93E-4;2,77E-4
1,191;0,309;0,998;9,37E-5;93,71;99,77;-3,36E-4;8,24E-4
1,192;0,308;0,997;9,37E-5;93,67;99,65;-1,51E-4;3,14E-4
1,193;0,307;0,997;9,37E-5;93,66;99,65;-1,18E-4;2,98E-4
1,194;0,306;0,995;9,36E-5;93,63;99,53;5,09E-5;-2,29E-4
1,195;0,308;0,997;9,37E-5;93,69;99,73;-2,47E-4;6,38E-4
1,196;0,308;0,997;9,37E-5;93,70;99,71;-2,87E-4;5,75E-4
1,197;0,307;0,996;9,36E-5;93,64;99,56;-7,27E-6;-1,17E-4
1,198;0,308;0,996;9,37E-5;93,67;99,64;-1,62E-4;2,50E-4
1,199;0,309;0,998;9,37E-5;93,71;99,79;-3,49E-4;8,99E-4
1,200;0,308;0,997;9,37E-5;93,69;99,70;-2,22E-4;5,27E-4
1,201;0,308;0,997;9,37E-5;93,68;99,68;-1,78E-4;4,31E-4
1,202;0,308;0,997;9,37E-5;93,67;99,67;-1,54E-4;3,99E-4
1,203;0,306;0,996;9,36E-5;93,63;99,55;2,00E-5;-1,38E-4
1,204;0,306;0,996;9,36E-5;93,63;99,55;5,09E-5;-1,38E-4
1,205;0,307;0,996;9,37E-5;93,65;99,60;-5,45E-5;8,52E-5
1,206;0,307;0,996;9,37E-5;93,66;99,62;-9,81E-5;1,76E-4
1,207;0,308;0,997;9,37E-5;93,68;99,67;-1,93E-4;3,88E-4
1,208;0,308;0,997;9,37E-5;93,67;99,68;-1,51E-4;4,42E-4
1,209;0,308;0,997;9,37E-5;93,68;99,68;-1,89E-4;4,04E-4
1,210;0,307;0,996;9,37E-5;93,66;99,62;-8,72E-5;1,81E-4
1,211;0,309;0,997;9,37E-5;93,71;99,74;-3,12E-4;7,02E-4
1,212;0,309;0,998;9,37E-5;93,71;99,77;-3,47E-4;8,19E-4
1,213;0,307;0,997;9,37E-5;93,66;99,66;-9,45E-5;3,41E-4
1,214;0,307;0,996;9,37E-5;93,65;99,60;-7,27E-5;5,86E-5
1,215;0,307;0,996;9,37E-5;93,66;99,60;-1,05E-4;5,32E-5
1,216;0,306;0,996;9,36E-5;93,64;99,57;7,27E-6;-7,45E-5
1,217;0,307;0,997;9,37E-5;93,67;99,67;-1,38E-4;3,72E-4
1,218;0,308;0,997;9,37E-5;93,68;99,73;-1,93E-4;6,28E-4
1,219;0,308;0,997;9,37E-5;93,67;99,66;-1,65E-4;3,25E-4
1,220;0,307;0,996;9,36E-5;93,64;99,55;-1,64E-5;-1,28E-4
1,221;0,307;0,996;9,36E-5;93,65;99,58;-2,73E-5;5,32E-6
1,222;0,307;0,996;9,37E-5;93,66;99,64;-1,14E-4;2,61E-4
1,223;0,306;0,995;9,36E-5;93,63;99,54;3,63E-5;-1,76E-4
1,224;0,307;0,996;9,37E-5;93,66;99,60;-8,00E-5;7,45E-5
1,225;0,307;0,997;9,37E-5;93,67;99,67;-1,45E-4;3,72E-4
1,226;0,308;0,997;9,37E-5;93,68;99,68;-2,07E-4;4,26E-4
1,227;0,308;0,997;9,37E-5;93,68;99,66;-1,87E-4;3,41E-4
1,228;0,308;0,997;9,37E-5;93,68;99,68;-1,93E-4;4,36E-4
1,229;0,307;0,996;9,37E-5;93,67;99,62;-1,31E-4;1,65E-4
1,230;0,306;0,995;9,36E-5;93,64;99,55;1,82E-5;-1,44E-4
1,231;0,307;0,996;9,37E-5;93,66;99,56;-7,45E-5;-1,01E-4
1,232;0,306;0,995;9,36E-5;93,63;99,53;2,36E-5;-2,24E-4
1,233;0,307;0,996;9,37E-5;93,65;99,58;-6,72E-5;-2,13E-5
1,234;0,307;0,996;9,37E-5;93,66;99,63;-1,16E-4;1,86E-4
1,235;0,308;0,997;9,37E-5;93,69;99,71;-2,54E-4;5,69E-4
1,236;0,307;0,996;9,37E-5;93,65;99,56;-6,36E-5;-9,05E-5
1,237;0,307;0,995;9,36E-5;93,64;99,55;-2,00E-5;-1,49E-4
1,238;0,306;0,995;9,36E-5;93,63;99,55;4,00E-5;-1,60E-4
1,239;0,307;0,996;9,37E-5;93,66;99,63;-1,07E-4;2,18E-4
1,240;0,307;0,996;9,37E-5;93,66;99,64;-1,11E-4;2,50E-4
1,241;0,308;0,997;9,37E-5;93,69;99,71;-2,58E-4;5,64E-4
1,242;0,307;0,996;9,37E-5;93,66;99,61;-9,81E-5;1,28E-4
1,243;0,307;0,996;9,37E-5;93,67;99,62;-1,33E-4;1,81E-4
1,244;0,307;0,995;9,36E-5;93,64;99,54;0,00;-1,97E-4
1,245;0,307;0,996;9,37E-5;93,67;99,60;-1,36E-4;5,86E-5
1,246;0,308;0,997;9,37E-5;93,67;99,66;-1,64E-4;3,35E-4
1,247;0,307;0,996;9,37E-5;93,67;99,62;-1,36E-4;1,60E-4
1,248;0,306;0,995;9,36E-5;93,62;99,50;9,45E-5;-3,78E-4
1,249;0,307;0,996;9,37E-5;93,66;99,58;-9,27E-5;-2,66E-5
1,250;0,306;0,995;9,36E-5;93,63;99,50;4,00E-5;-3,57E-4
1,251;0,307;0,996;9,36E-5;93,65;99,56;-3,45E-5;-9,05E-5
1,252;0,307;0,996;9,37E-5;93,66;99,56;-1,04E-4;-8,52E-5
1,253;0,308;0,997;9,37E-5;93,70;99,71;-2,62E-4;5,53E-4
1,254;0,308;0,997;9,37E-5;93,68;99,69;-1,82E-4;4,74E-4
1,255;0,309;0,998;9,37E-5;93,71;99,82;-3,47E-4;0,00
1,256;0,307;0,996;9,36E-5;93,65;99,58;-4,72E-5;-1,60E-5
1,257;0,307;0,996;9,37E-5;93,67;99,62;-1,29E-4;1,76E-4
1,258;0,308;0,997;9,37E-5;93,69;99,75;-2,23E-4;7,13E-4
1,259;0,308;0,997;9,37E-5;93,69;99,70;-2,56E-4;5,16E-4
1,260;0,308;0,997;9,37E-5;93,69;99,72;-2,56E-4;5,96E-4
1,261;0,308;0,997;9,37E-5;93,69;99,70;-2,45E-4;5,32E-4
1,262;0,308;0,997;9,37E-5;93,69;99,73;-2,51E-4;6,22E-4
1,263;0,308;0,996;9,37E-5;93,68;99,64;-1,71E-4;2,50E-4
1,264;0,307;0,996;9,37E-5;93,65;99,57;-6,72E-5;-4,26E-5
1,265;0,307;0,996;9,37E-5;93,66;99,61;-7,81E-5;1,12E-4
1,266;0,308;0,997;9,37E-5;93,68;99,69;-1,80E-4;4,52E-4
1,267;0,308;0,996;9,37E-5;93,67;99,63;-1,49E-4;2,08E-4
1,268;0,307;0,996;9,37E-5;93,66;99,63;-8,54E-5;2,08E-4
1,269;0,307;0,996;9,37E-5;93,66;99,62;-7,63E-5;1,54E-4
1,270;0,307;0,996;9,37E-5;93,67;99,62;-1,29E-4;1,44E-4
1,271;0,306;0,995;9,36E-5;93,63;99,51;4,36E-5;-3,14E-4
1,272;0,307;0,996;9,37E-5;93,66;99,60;-1,07E-4;7,45E-5
1,273;0,307;0,996;9,37E-5;93,66;99,63;-1,02E-4;2,08E-4
1,274;0,308;0,997;9,37E-5;93,70;99,71;-2,67E-4;5,48E-4
1,275;0,308;0,997;9,37E-5;93,69;99,69;-2,31E-4;4,68E-4
1,276;0,308;0,997;9,37E-5;93,69;99,69;-2,13E-4;4,63E-4
1,277;0,308;0,997;9,37E-5;93,69;99,70;-2,13E-4;5,16E-4
1,278;0,307;0,996;9,37E-5;93,67;99,61;-1,33E-4;1,38E-4
1,279;0,308;0,996;9,37E-5;93,67;99,60;-1,54E-4;8,52E-5
1,280;0,307;0,996;9,36E-5;93,65;99,56;-3,45E-5;-9,05E-5
1,281;0,306;0,995;9,36E-5;93,63;99,54;3,45E-5;-1,86E-4
1,282;0,307;0,996;9,36E-5;93,65;99,59;-3,45E-5;1,06E-5
1,283;0,307;0,996;9,37E-5;93,65;99,61;-7,27E-5;1,06E-4
1,284;0,307;0,997;9,37E-5;93,67;99,67;-1,27E-4;3,72E-4
1,285;0,307;0,996;9,37E-5;93,65;99,60;-5,27E-5;5,86E-5
1,286;0,307;0,996;9,36E-5;93,64;99,59;-2,18E-5;3,19E-5
1,287;0,309;0,997;9,37E-5;93,71;99,74;-3,32E-4;6,76E-4
1,288;0,308;0,997;9,37E-5;93,70;99,74;-2,87E-4;6,76E-4
1,289;0,307;0,996;9,36E-5;93,65;99,56;-3,27E-5;-9,58E-5
1,290;0,307;0,997;9,37E-5;93,67;99,67;-1,29E-4;3,88E-4
1,291;0,306;0,996;9,36E-5;93,64;99,58;7,27E-6;-3,19E-5
1,292;0,307;0,996;9,37E-5;93,65;99,59;-5,45E-5;2,13E-5
1,293;0,306;0,995;9,36E-5;93,62;99,49;1,02E-4;-3,94E-4
1,294;0,307;0,996;9,36E-5;93,65;99,62;-3,82E-5;1,49E-4
1,295;0,308;0,997;9,37E-5;93,68;99,66;-1,71E-4;3,30E-4
1,296;0,308;0,996;9,37E-5;93,67;99,64;-1,56E-4;2,61E-4
1,297;0,307;0,996;9,36E-5;93,64;99,60;-2,36E-5;7,98E-5
1,298;0,307;0,997;9,37E-5;93,67;99,67;-1,31E-4;3,62E-4
1,299;0,308;0,997;9,37E-5;93,67;99,70;-1,56E-4;5,11E-4
1,300;0,307;0,996;9,37E-5;93,67;99,62;-1,20E-4;1,44E-4
1,301;0,307;0,996;9,37E-5;93,66;99,63;-1,09E-4;2,24E-4
1,302;0,308;0,997;9,37E-5;93,70;99,71;-2,67E-4;5,43E-4
1,303;0,308;0,997;9,37E-5;93,68;99,69;-2,05E-4;4,58E-4
1,304;0,308;0,997;9,37E-5;93,68;99,68;-1,71E-4;4,42E-4
1,305;0,308;0,997;9,37E-5;93,68;99,67;-1,78E-4;3,78E-4
1,306;0,306;0,995;9,36E-5;93,63;99,52;3,82E-5;-2,66E-4
1,307;0,306;0,995;9,36E-5;93,61;99,46;1,44E-4;-5,17E-4
1,308;0,307;0,997;9,37E-5;93,67;99,65;-1,29E-4;2,93E-4
1,309;0,307;0,996;9,36E-5;93,65;99,59;-3,27E-5;2,13E-5
1,310;0,307;0,996;9,37E-5;93,66;99,64;-8,90E-5;2,29E-4
1,311;0,308;0,996;9,37E-5;93,68;99,64;-1,69E-4;2,66E-4
1,312;0,307;0,995;9,36E-5;93,65;99,54;-3,63E-5;-1,81E-4
1,313;0,307;0,997;9,37E-5;93,67;99,66;-1,45E-4;3,19E-4
1,314;0,307;0,997;9,37E-5;93,67;99,65;-1,25E-4;2,98E-4
1,315;0,307;0,996;9,36E-5;93,64;99,56;-5,45E-6;-1,17E-4
1,316;0,307;0,996;9,37E-5;93,67;99,65;-1,29E-4;2,87E-4
1,317;0,308;0,997;9,37E-5;93,68;99,73;-2,11E-4;6,28E-4
1,318;0,307;0,996;9,37E-5;93,65;99,61;-6,18E-5;1,22E-4
1,319;0,307;0,996;9,37E-5;93,66;99,64;-8,18E-5;2,29E-4
1,320;0,307;0,996;9,36E-5;93,65;99,60;-4,00E-5;6,92E-5
1,321;0,307;0,996;9,36E-5;93,64;99,58;-2,00E-5;5,32E-6
1,322;0,307;0,996;9,36E-5;93,64;99,61;-1,82E-5;1,01E-4
1,323;0,307;0,996;9,37E-5;93,66;99,59;-9,81E-5;3,73E-5
1,324;0,307;0,996;9,37E-5;93,67;99,61;-1,25E-4;1,17E-4
1,325;0,307;0,996;9,37E-5;93,66;99,62;-1,04E-4;1,81E-4
1,326;0,308;0,997;9,37E-5;93,68;99,68;-2,00E-4;4,26E-4
1,327;0,307;0,996;9,36E-5;93,65;99,61;-4,91E-5;1,33E-4
1,328;0,308;0,997;9,37E-5;93,70;99,73;-2,63E-4;6,22E-4
1,329;0,308;0,997;9,37E-5;93,68;99,65;-1,71E-4;3,14E-4
1,330;0,307;0,996;9,37E-5;93,65;99,60;-5,82E-5;5,86E-5
1,331;0,308;0,997;9,37E-5;93,69;99,69;-2,20E-4;4,58E-4
1,332;0,308;0,997;9,37E-5;93,68;99,67;-1,94E-4;3,72E-4
1,333;0,308;0,997;9,37E-5;93,69;99,74;-2,20E-4;7,02E-4
1,334;0,307;0,997;9,37E-5;93,67;99,67;-1,33E-4;3,99E-4
1,335;0,308;0,996;9,37E-5;93,67;99,64;-1,56E-4;2,45E-4
1,336;0,308;0,997;9,37E-5;93,69;99,74;-2,29E-4;6,97E-4
1,337;0,307;0,996;9,37E-5;93,65;99,60;-5,27E-5;5,86E-5
1,338;0,307;0,996;9,37E-5;93,66;99,59;-7,81E-5;2,13E-5
1,339;0,307;0,996;9,37E-5;93,66;99,62;-7,63E-5;1,54E-4
1,340;0,308;0,997;9,37E-5;93,67;99,67;-1,56E-4;3,99E-4
1,341;0,307;0,996;9,37E-5;93,66;99,64;-8,54E-5;2,55E-4
1,342;0,306;0,996;9,36E-5;93,63;99,55;6,36E-5;-1,38E-4
1,343;0,308;0,997;9,37E-5;93,68;99,68;-1,74E-4;4,10E-4
1,344;0,308;0,997;9,37E-5;93,69;99,73;-2,49E-4;6,44E-4
1,345;0,307;0,996;9,37E-5;93,65;99,60;-7,09E-5;6,39E-5
1,346;0,306;0,995;9,36E-5;93,62;99,52;6,91E-5;-2,61E-4
1,347;0,306;0,995;9,36E-5;93,63;99,50;6,54E-5;-3,73E-4
1,348;0,307;0,996;9,36E-5;93,64;99,55;-1,27E-5;-1,22E-4
1,349;0,307;0,996;9,37E-5;93,66;99,60;-7,63E-5;6,39E-5
1,350;0,307;0,996;9,37E-5;93,66;99,65;-1,09E-4;2,77E-4
1,351;0,307;0,996;9,37E-5;93,66;99,62;-1,09E-4;1,49E-4
1,352;0,308;0,997;9,37E-5;93,69;99,70;-2,29E-4;5,00E-4
1,353;0,308;0,997;9,37E-5;93,68;99,65;-1,76E-4;2,93E-4
1,354;0,308;0,997;9,37E-5;93,68;99,68;-1,98E-4;4,20E-4
1,355;0,307;0,996;9,36E-5;93,64;99,60;-1,82E-6;5,32E-5
1,356;0,306;0,995;9,36E-5;93,63;99,54;5,09E-5;-1,92E-4
1,357;0,307;0,996;9,37E-5;93,66;99,64;-9,99E-5;2,55E-4
1,358;0,306;0,995;9,36E-5;93,62;99,52;7,82E-5;-2,66E-4
1,359;0,308;0,997;9,37E-5;93,69;99,72;-2,47E-4;6,06E-4
1,360;0,308;0,997;9,37E-5;93,68;99,67;-1,69E-4;3,94E-4
1,361;0,307;0,996;9,37E-5;93,67;99,63;-1,44E-4;2,24E-4
1,362;0,307;0,996;9,37E-5;93,67;99,64;-1,38E-4;2,45E-4
1,363;0,308;0,997;9,37E-5;93,68;99,65;-1,80E-4;3,14E-4
1,364;0,307;0,996;9,37E-5;93,66;99,62;-9,63E-5;1,49E-4
1,365;0,306;0,995;9,36E-5;93,62;99,49;1,07E-4;-3,89E-4
1,366;0,307;0,995;9,36E-5;93,64;99,54;-1,82E-6;-1,92E-4
1,367;0,308;0,997;9,37E-5;93,70;99,74;-2,94E-4;6,81E-4
1,368;0,308;0,997;9,37E-5;93,68;99,67;-1,89E-4;3,94E-4
1,369;0,307;0,996;9,37E-5;93,65;99,62;-6,36E-5;1,76E-4
1,370;0,308;0,997;9,37E-5;93,68;99,71;-1,98E-4;5,43E-4
1,371;0,308;0,997;9,37E-5;93,69;99,69;-2,18E-4;4,63E-4
1,372;0,308;0,997;9,37E-5;93,70;99,75;-2,80E-4;7,23E-4
1,373;0,308;0,997;9,37E-5;93,67;99,66;-1,56E-4;3,46E-4
1,374;0,307;0,996;9,37E-5;93,66;99,59;-8,54E-5;1,06E-5
1,375;0,308;0,997;9,37E-5;93,69;99,69;-2,22E-4;4,58E-4
1,376;0,307;0,996;9,37E-5;93,66;99,60;-8,90E-5;7,98E-5
1,377;0,307;0,996;9,37E-5;93,66;99,62;-9,45E-5;1,70E-4
1,378;0,310;0,998;9,37E-5;93,74;99,85;-4,65E-4;0,00
1,379;0,309;0,998;9,37E-5;93,71;99,78;-3,22E-4;8,78E-4
1,380;0,307;0,996;9,37E-5;93,66;99,65;-1,14E-4;2,77E-4
1,381;0,306;0,995;9,36E-5;93,63;99,50;6,36E-5;-3,62E-4
1,382;0,308;0,997;9,37E-5;93,69;99,70;-2,29E-4;5,11E-4
1,383;0,307;0,996;9,36E-5;93,65;99,59;-3,45E-5;3,19E-5
1,384;0,308;0,997;9,37E-5;93,69;99,69;-2,20E-4;4,68E-4
1,385;0,308;0,997;9,37E-5;93,69;99,72;-2,25E-4;5,85E-4
1,386;0,308;0,997;9,37E-5;93,68;99,72;-2,11E-4;6,17E-4
1,387;0,307;0,996;9,37E-5;93,66;99,64;-1,02E-4;2,45E-4
1,388;0,307;0,996;9,37E-5;93,66;99,59;-1,07E-4;4,26E-5
1,389;0,307;0,996;9,36E-5;93,65;99,56;-4,00E-5;-1,01E-4
1,390;0,308;0,996;9,37E-5;93,67;99,58;-1,58E-4;0,00
1,391;0,307;0,996;9,37E-5;93,67;99,62;-1,40E-4;1,44E-4
1,392;0,308;0,997;9,37E-5;93,70;99,72;-2,78E-4;6,06E-4
1,393;0,307;0,996;9,37E-5;93,66;99,60;-9,27E-5;8,52E-5
1,394;0,307;0,996;9,36E-5;93,64;99,57;-2,00E-5;-5,32E-5
1,395;0,307;0,996;9,36E-5;93,64;99,58;-1,64E-5;-2,66E-5
1,396;0,307;0,996;9,36E-5;93,64;99,57;-3,63E-6;-4,26E-5
1,397;0,307;0,996;9,37E-5;93,66;99,59;-9,09E-5;3,73E-5
1,398;0,307;0,996;9,37E-5;93,65;99,58;-7,09E-5;-5,32E-6
1,399;0,308;0,997;9,37E-5;93,69;99,74;-2,51E-4;6,92E-4
1,400;0,308;0,997;9,37E-5;93,68;99,65;-1,85E-4;2,98E-4
1,401;0,307;0,996;9,37E-5;93,66;99,61;-8,72E-5;1,22E-4
1,402;0,308;0,997;9,37E-5;93,68;99,66;-1,67E-4;3,35E-4
1,403;0,307;0,996;9,37E-5;93,65;99,59;-6,91E-5;2,13E-5
1,404;0,308;0,997;9,37E-5;93,68;99,69;-1,87E-4;4,47E-4
1,405;0,308;0,997;9,37E-5;93,69;99,72;-2,43E-4;6,12E-4
1,406;0,308;0,998;9,37E-5;93,70;99,78;-2,92E-4;8,72E-4
1,407;0,308;0,997;9,37E-5;93,70;99,74;-2,82E-4;6,70E-4
1,408;0,308;0,997;9,37E-5;93,69;99,70;-2,23E-4;5,16E-4
1,409;0,308;0,997;9,37E-5;93,70;99,74;-2,65E-4;6,92E-4
1,410;0,308;0,997;9,37E-5;93,69;99,75;-2,53E-4;7,18E-4
1,411;0,308;0,998;9,37E-5;93,70;99,77;-2,65E-4;8,30E-4
1,412;0,308;0,996;9,37E-5;93,68;99,62;-1,71E-4;1,81E-4
1,413;0,307;0,995;9,37E-5;93,65;99,55;-6,18E-5;-1,54E-4
1,414;0,308;0,997;9,37E-5;93,69;99,68;-2,47E-4;4,15E-4
1,415;0,308;0,997;9,37E-5;93,69;99,70;-2,36E-4;5,16E-4
1,416;0,308;0,997;9,37E-5;93,70;99,75;-2,62E-4;7,07E-4
1,417;0,308;0,996;9,37E-5;93,67;99,65;-1,60E-4;2,87E-4
1,418;0,307;0,996;9,37E-5;93,66;99,65;-1,14E-4;2,87E-4
1,419;0,308;0,997;9,37E-5;93,68;99,70;-1,87E-4;5,27E-4
1,420;0,306;0,995;9,36E-5;93,62;99,49;7,09E-5;-4,26E-4
1,421;0,306;0,996;9,36E-5;93,64;99,56;7,27E-6;-9,58E-5
1,422;0,308;0,997;9,37E-5;93,68;99,68;-1,93E-4;4,15E-4
1,423;0,307;0,996;9,37E-5;93,65;99,60;-6,18E-5;6,39E-5
1,424;0,307;0,996;9,37E-5;93,66;99,62;-9,09E-5;1,54E-4
1,425;0,307;0,996;9,37E-5;93,66;99,56;-8,54E-5;-1,01E-4
1,426;0,307;0,995;9,36E-5;93,64;99,55;-1,27E-5;-1,60E-4
1,427;0,306;0,995;9,36E-5;93,63;99,47;4,00E-5;-4,90E-4
1,428;0,307;0,996;9,37E-5;93,65;99,55;-6,72E-5;-1,38E-4
1,429;0,308;0,997;9,37E-5;93,69;99,68;-2,54E-4;4,10E-4
1,430;0,307;0,995;9,36E-5;93,64;99,53;-1,27E-5;-2,45E-4
1,431;0,307;0,996;9,37E-5;93,66;99,63;-1,05E-4;2,02E-4
1,432;0,309;0,999;9,37E-5;93,73;99,87;-4,09E-4;0,00
1,433;0,307;0,996;9,37E-5;93,66;99,61;-1,07E-4;1,38E-4
1,434;0,307;0,996;9,37E-5;93,66;99,61;-7,63E-5;1,06E-4
1,435;0,308;0,997;9,37E-5;93,70;99,71;-2,74E-4;5,64E-4
1,436;0,308;0,997;9,37E-5;93,69;99,67;-2,16E-4;3,88E-4
1,437;0,308;0,996;9,37E-5;93,68;99,64;-1,73E-4;2,55E-4
1,438;0,308;0,996;9,37E-5;93,67;99,63;-1,53E-4;2,24E-4
1,439;0,307;0,996;9,37E-5;93,66;99,57;-1,09E-4;-4,79E-5
1,440;0,306;0,995;9,36E-5;93,63;99,54;3,45E-5;-2,02E-4
1,441;0,306;0,995;9,36E-5;93,64;99,50;9,09E-6;-3,52E-4
1,442;0,308;0,997;9,37E-5;93,68;99,66;-2,09E-4;3,19E-4
1,443;0,308;0,997;9,37E-5;93,69;99,70;-2,54E-4;5,11E-4
1,444;0,308;0,997;9,37E-5;93,68;99,68;-1,85E-4;4,20E-4
1,445;0,307;0,996;9,37E-5;93,66;99,58;-7,81E-5;-2,13E-5
1,446;0,307;0,996;9,36E-5;93,65;99,59;-4,00E-5;4,26E-5
1,447;0,308;0,996;9,37E-5;93,68;99,64;-1,84E-4;2,39E-4
1,448;0,308;0,997;9,37E-5;93,69;99,71;-2,42E-4;5,43E-4
1,449;0,308;0,997;9,37E-5;93,68;99,67;-2,03E-4;3,62E-4
1,450;0,307;0,996;9,37E-5;93,66;99,61;-8,54E-5;1,01E-4
1,451;0,307;0,996;9,37E-5;93,66;99,60;-1,16E-4;7,98E-5
1,452;0,310;0,998;9,37E-5;93,74;99,81;-4,47E-4;9,78E-4
1,453;0,309;0,998;9,37E-5;93,71;99,76;-3,49E-4;7,87E-4
1,454;0,308;0,997;9,37E-5;93,68;99,65;-1,73E-4;3,03E-4
1,455;0,308;0,997;9,37E-5;93,67;99,67;-1,47E-4;3,72E-4
1,456;0,306;0,995;9,36E-5;93,64;99,51;3,63E-6;-3,14E-4
1,457;0,308;0,996;9,37E-5;93,67;99,59;-1,51E-4;2,66E-5
1,458;0,306;0,995;9,36E-5;93,64;99,50;1,45E-5;-3,67E-4
1,459;0,308;0,997;9,37E-5;93,70;99,72;-2,74E-4;6,17E-4
1,460;0,308;0,997;9,37E-5;93,67;99,66;-1,49E-4;3,30E-4
1,461;0,307;0,996;9,37E-5;93,66;99,59;-1,18E-4;3,73E-5
1,462;0,308;0,996;9,37E-5;93,68;99,64;-2,00E-4;2,29E-4
1,463;0,307;0,996;9,37E-5;93,65;99,59;-5,27E-5;2,13E-5
1,464;0,307;0,996;9,37E-5;93,66;99,58;-7,63E-5;-1,06E-5
1,465;0,308;0,996;9,37E-5;93,68;99,64;-1,93E-4;2,45E-4
1,466;0,307;0,996;9,37E-5;93,67;99,60;-1,36E-4;6,92E-5
1,467;0,307;0,995;9,36E-5;93,65;99,49;-3,63E-5;-3,89E-4
1,468;0,307;0,996;9,37E-5;93,66;99,58;-1,02E-4;-1,06E-5
1,469;0,307;0,996;9,37E-5;93,66;99,59;-8,90E-5;1,06E-5
1,470;0,308;0,996;9,37E-5;93,68;99,64;-1,67E-4;2,66E-4
1,471;0,307;0,995;9,36E-5;93,64;99,53;-5,45E-6;-2,45E-4
1,472;0,306;0,995;9,36E-5;93,64;99,54;7,27E-6;-1,86E-4
1,473;0,307;0,996;9,37E-5;93,67;99,64;-1,29E-4;2,55E-4
1,474;0,306;0,995;9,36E-5;93,63;99,53;2,00E-5;-2,29E-4
1,475;0,307;0,995;9,36E-5;93,65;99,54;-3,82E-5;-1,86E-4
1,476;0,306;0,995;9,36E-5;93,64;99,54;1,64E-5;-1,92E-4
1,477;0,307;0,996;9,36E-5;93,64;99,56;-2,18E-5;-9,05E-5
1,478;0,307;0,996;9,37E-5;93,65;99,58;-6,18E-5;-1,60E-5
1,479;0,306;0,995;9,36E-5;93,63;99,53;4,00E-5;-2,24E-4
1,480;0,307;0,996;9,37E-5;93,66;99,57;-1,16E-4;-5,32E-5
1,481;0,307;0,995;9,36E-5;93,64;99,55;-3,63E-6;-1,54E-4
1,482;0,307;0,996;9,37E-5;93,66;99,62;-1,14E-4;1,49E-4
1,483;0,308;0,997;9,37E-5;93,70;99,75;-2,89E-4;7,18E-4
1,484;0,309;0,997;9,37E-5;93,71;99,74;-3,20E-4;6,65E-4
1,485;0,307;0,996;9,36E-5;93,65;99,55;-4,72E-5;-1,28E-4
1,486;0,309;0,998;9,37E-5;93,71;99,76;-3,47E-4;7,55E-4
1,487;0,308;0,997;9,37E-5;93,70;99,72;-2,73E-4;5,85E-4
1,488;0,307;0,996;9,37E-5;93,67;99,63;-1,22E-4;2,18E-4
1,489;0,307;0,996;9,37E-5;93,66;99,64;-1,18E-4;2,50E-4
1,490;0,307;0,996;9,37E-5;93,66;99,63;-7,81E-5;2,08E-4
1,491;0,308;0,997;9,37E-5;93,68;99,67;-1,73E-4;3,67E-4
1,492;0,307;0,996;9,37E-5;93,65;99,60;-5,82E-5;7,98E-5
1,493;0,307;0,996;9,37E-5;93,66;99,62;-1,02E-4;1,65E-4
1,494;0,308;0,997;9,37E-5;93,70;99,74;-2,62E-4;6,86E-4
1,495;0,308;0,997;9,37E-5;93,70;99,73;-2,82E-4;6,44E-4
1,496;0,309;0,998;9,37E-5;93,71;99,76;-3,12E-4;7,93E-4
1,497;0,307;0,996;9,37E-5;93,65;99,59;-6,54E-5;2,66E-5
1,498;0,307;0,996;9,36E-5;93,65;99,56;-3,09E-5;-1,01E-4
1,499;0,307;0,996;9,37E-5;93,66;99,61;-1,04E-4;1,28E-4
1,500;0,307;0,996;9,37E-5;93,66;99,62;-1,11E-4;1,54E-4
1,501;0,307;0,996;9,37E-5;93,66;99,61;-9,81E-5;1,17E-4
1,502;0,307;0,996;9,37E-5;93,66;99,61;-1,18E-4;1,12E-4
1,503;0,308;0,998;9,37E-5;93,70;99,75;-2,62E-4;7,45E-4
1,504;0,308;0,997;9,37E-5;93,69;99,73;-2,51E-4;6,33E-4
1,505;0,307;0,996;9,37E-5;93,65;99,64;-6,18E-5;2,55E-4
1,506;0,308;0,997;9,37E-5;93,69;99,67;-2,13E-4;3,88E-4
1,507;0,308;0,996;9,37E-5;93,67;99,64;-1,62E-4;2,55E-4
1,508;0,309;0,997;9,37E-5;93,71;99,73;-3,09E-4;6,38E-4
1,509;0,308;0,997;9,37E-5;93,68;99,65;-1,69E-4;3,09E-4
1,510;0,307;0,996;9,37E-5;93,65;99,58;-6,00E-5;-2,13E-5
1,511;0,307;0,996;9,37E-5;93,66;99,57;-1,02E-4;-3,73E-5
1,512;0,307;0,995;9,36E-5;93,65;99,53;-3,63E-5;-2,13E-4
1,513;0,308;0,997;9,37E-5;93,70;99,74;-2,71E-4;6,81E-4
1,514;0,308;0,996;9,37E-5;93,69;99,64;-2,14E-4;2,66E-4
1,515;0,307;0,996;9,36E-5;93,64;99,56;-1,27E-5;-9,58E-5
1,516;0,307;0,996;9,37E-5;93,67;99,61;-1,38E-4;1,06E-4
1,517;0,307;0,996;9,37E-5;93,67;99,63;-1,27E-4;2,18E-4
1,518;0,308;0,997;9,37E-5;93,68;99,69;-1,80E-4;4,47E-4
1,519;0,307;0,996;9,37E-5;93,67;99,65;-1,40E-4;2,71E-4
1,520;0,307;0,996;9,37E-5;93,66;99,59;-1,04E-4;1,06E-5
1,521;0,307;0,996;9,37E-5;93,67;99,62;-1,38E-4;1,70E-4
1,522;0,307;0,996;9,37E-5;93,67;99,61;-1,44E-4;1,06E-4
1,523;0,308;0,996;9,37E-5;93,68;99,64;-1,69E-4;2,29E-4
1,524;0,308;0,997;9,37E-5;93,70;99,73;-2,69E-4;6,33E-4
1,525;0,307;0,996;9,37E-5;93,66;99,64;-9,63E-5;2,66E-4
1,526;0,307;0,996;9,37E-5;93,66;99,59;-7,63E-5;4,26E-5
1,527;0,308;0,997;9,37E-5;93,68;99,66;-2,02E-4;3,30E-4
1,528;0,308;0,997;9,37E-5;93,69;99,68;-2,14E-4;4,20E-4
1,529;0,308;0,997;9,37E-5;93,70;99,71;-2,85E-4;5,43E-4
1,530;0,308;0,997;9,37E-5;93,68;99,66;-1,89E-4;3,35E-4
1,531;0,308;0,997;9,37E-5;93,69;99,69;-2,25E-4;4,58E-4
1,532;0,308;0,997;9,37E-5;93,69;99,69;-2,22E-4;4,47E-4
1,533;0,307;0,996;9,36E-5;93,65;99,58;-4,00E-5;-3,19E-5
1,534;0,307;0,996;9,37E-5;93,66;99,61;-1,14E-4;1,38E-4
1,535;0,307;0,996;9,37E-5;93,65;99,56;-5,09E-5;-1,01E-4
1,536;0,307;0,995;9,36E-5;93,65;99,53;-3,09E-5;-2,50E-4
1,537;0,307;0,995;9,36E-5;93,65;99,54;-3,09E-5;-1,97E-4
1,538;0,307;0,996;9,37E-5;93,65;99,62;-7,09E-5;1,49E-4
1,539;0,307;0,996;9,37E-5;93,66;99,61;-1,07E-4;1,06E-4
1,540;0,307;0,996;9,37E-5;93,66;99,62;-1,07E-4;1,49E-4
1,541;0,307;0,996;9,37E-5;93,66;99,62;-1,16E-4;1,76E-4
1,542;0,307;0,996;9,36E-5;93,64;99,57;-1,82E-5;-6,92E-5
1,543;0,307;0,996;9,37E-5;93,66;99,62;-9,09E-5;1,65E-4
1,544;0,308;0,997;9,37E-5;93,67;99,65;-1,54E-4;3,09E-4
1,545;0,307;0,996;9,37E-5;93,65;99,61;-6,72E-5;1,22E-4
1,546;0,307;0,996;9,37E-5;93,67;99,64;-1,27E-4;2,61E-4
1,547;0,307;0,996;9,37E-5;93,66;99,57;-1,02E-4;-4,79E-5
1,548;0,307;0,996;9,37E-5;93,65;99,57;-6,18E-5;-5,32E-5
1,549;0,308;0,997;9,37E-5;93,69;99,68;-2,16E-4;4,26E-4
1,550;0,307;0,996;9,37E-5;93,66;99,60;-9,27E-5;6,92E-5
1,551;0,307;0,996;9,37E-5;93,65;99,59;-6,54E-5;1,60E-5
1,552;0,307;0,996;9,37E-5;93,67;99,59;-1,36E-4;1,06E-5
1,553;0,308;0,996;9,37E-5;93,68;99,63;-1,76E-4;1,86E-4
1,554;0,308;0,996;9,37E-5;93,67;99,64;-1,62E-4;2,55E-4
1,555;0,309;0,997;9,37E-5;93,70;99,73;-3,00E-4;6,22E-4
1,556;0,308;0,996;9,37E-5;93,67;99,64;-1,56E-4;2,29E-4
1,557;0,307;0,996;9,37E-5;93,67;99,63;-1,45E-4;2,08E-4
1,558;0,308;0,997;9,37E-5;93,69;99,70;-2,18E-4;5,27E-4
1,559;0,309;0,998;9,37E-5;93,70;99,77;-3,02E-4;8,30E-4
1,560;0,308;0,996;9,37E-5;93,68;99,64;-1,80E-4;2,29E-4
1,561;0,307;0,996;9,37E-5;93,66;99,60;-7,45E-5;9,05E-5
1,562;0,307;0,996;9,37E-5;93,67;99,63;-1,36E-4;2,02E-4
1,563;0,307;0,996;9,36E-5;93,65;99,55;-4,72E-5;-1,38E-4
1,564;0,307;0,996;9,37E-5;93,65;99,59;-7,09E-5;4,79E-5
1,565;0,307;0,996;9,37E-5;93,66;99,63;-1,11E-4;2,18E-4
1,566;0,307;0,996;9,37E-5;93,67;99,63;-1,27E-4;2,08E-4
1,567;0,308;0,997;9,37E-5;93,69;99,70;-2,20E-4;4,90E-4
1,568;0,307;0,996;9,37E-5;93,67;99,62;-1,36E-4;1,60E-4
1,569;0,309;0,998;9,37E-5;93,70;99,76;-3,03E-4;7,77E-4
1,570;0,307;0,997;9,37E-5;93,67;99,67;-1,31E-4;3,78E-4
1,571;0,308;0,997;9,37E-5;93,69;99,73;-2,23E-4;6,60E-4
1,572;0,308;0,997;9,37E-5;93,69;99,73;-2,14E-4;6,49E-4
1,573;0,308;0,997;9,37E-5;93,68;99,67;-1,87E-4;3,67E-4
1,574;0,306;0,995;9,36E-5;93,63;99,54;2,18E-5;-2,02E-4
1,575;0,308;0,997;9,37E-5;93,70;99,73;-2,87E-4;6,38E-4
1,576;0,307;0,997;9,37E-5;93,67;99,66;-1,29E-4;3,19E-4
1,577;0,307;0,996;9,37E-5;93,66;99,62;-1,13E-4;1,60E-4
1,578;0,307;0,996;9,37E-5;93,66;99,62;-1,11E-4;1,44E-4
1,579;0,308;0,997;9,37E-5;93,68;99,68;-1,84E-4;4,31E-4
1,580;0,308;0,997;9,37E-5;93,68;99,69;-2,09E-4;4,79E-4
1,581;0,308;0,997;9,37E-5;93,70;99,75;-2,74E-4;7,07E-4
1,582;0,307;0,996;9,37E-5;93,67;99,63;-1,40E-4;1,92E-4
1,583;0,307;0,996;9,36E-5;93,64;99,55;-1,45E-5;-1,28E-4
1,584;0,307;0,996;9,36E-5;93,64;99,56;1,82E-6;-1,12E-4
1,585;0,307;0,996;9,37E-5;93,66;99,60;-1,09E-4;7,98E-5
1,586;0,307;0,995;9,36E-5;93,65;99,54;-3,45E-5;-1,97E-4
1,587;0,307;0,996;9,37E-5;93,67;99,65;-1,36E-4;2,71E-4
1,588;0,306;0,995;9,36E-5;93,63;99,50;3,09E-5;-3,67E-4
1,589;0,307;0,996;9,37E-5;93,66;99,59;-8,00E-5;4,26E-5
1,590;0,308;0,997;9,37E-5;93,67;99,67;-1,47E-4;3,78E-4
1,591;0,308;0,997;9,37E-5;93,67;99,65;-1,65E-4;3,03E-4
1,592;0,307;0,997;9,37E-5;93,67;99,67;-1,40E-4;3,83E-4
1,593;0,307;0,996;9,37E-5;93,67;99,61;-1,38E-4;1,12E-4
1,594;0,307;0,997;9,37E-5;93,67;99,66;-1,27E-4;3,19E-4
1,595;0,308;0,996;9,37E-5;93,67;99,64;-1,51E-4;2,50E-4
1,596;0,306;0,995;9,36E-5;93,63;99,51;6,00E-5;-3,36E-4
1,597;0,306;0,995;9,36E-5;93,63;99,54;4,00E-5;-1,97E-4
1,598;0,307;0,995;9,36E-5;93,64;99,54;-1,82E-6;-1,70E-4
1,599;0,307;0,996;9,37E-5;93,66;99,59;-9,63E-5;3,19E-5
1,600;0,307;0,996;9,37E-5;93,66;99,60;-9,09E-5;5,86E-5
1,601;0,308;0,997;9,37E-5;93,68;99,66;-1,96E-4;3,30E-4
1,602;0,307;0,995;9,37E-5;93,65;99,53;-5,82E-5;-2,45E-4
1,603;0,307;0,996;9,37E-5;93,66;99,59;-1,16E-4;4,79E-5
1,604;0,307;0,996;9,37E-5;93,67;99,60;-1,42E-4;9,58E-5
1,605;0,308;0,997;9,37E-5;93,69;99,70;-2,34E-4;5,00E-4
1,606;0,308;0,996;9,37E-5;93,68;99,63;-1,69E-4;2,13E-4
1,607;0,308;0,997;9,37E-5;93,67;99,65;-1,49E-4;3,14E-4
1,608;0,307;0,995;9,36E-5;93,64;99,55;-2,18E-5;-1,49E-4
1,609;0,306;0,995;9,36E-5;93,64;99,54;1,45E-5;-1,70E-4
1,610;0,307;0,996;9,37E-5;93,66;99,64;-1,16E-4;2,50E-4
1,611;0,307;0,996;9,37E-5;93,65;99,58;-6,18E-5;-3,19E-5
1,612;0,307;0,996;9,37E-5;93,66;99,61;-1,09E-4;1,38E-4
1,613;0,308;0,996;9,37E-5;93,67;99,65;-1,49E-4;2,77E-4
1,614;0,308;0,997;9,37E-5;93,68;99,67;-1,71E-4;3,88E-4
1,615;0,307;0,996;9,37E-5;93,66;99,60;-1,09E-4;7,45E-5
1,616;0,308;0,996;9,37E-5;93,67;99,64;-1,60E-4;2,55E-4
1,617;0,307;0,996;9,37E-5;93,66;99,59;-1,02E-4;4,26E-5
1,618;0,307;0,996;9,37E-5;93,66;99,64;-1,14E-4;2,39E-4
1,619;0,307;0,996;9,37E-5;93,66;99,61;-9,63E-5;1,38E-4
1,620;0,307;0,995;9,36E-5;93,64;99,51;-9,09E-6;-2,98E-4
1,621;0,306;0,995;9,36E-5;93,63;99,49;4,36E-5;-3,94E-4
1,622;0,306;0,995;9,36E-5;93,63;99,50;5,82E-5;-3,67E-4
1,623;0,308;0,997;9,37E-5;93,67;99,68;-1,58E-4;4,42E-4
1,624;0,308;0,997;9,37E-5;93,69;99,68;-2,22E-4;4,26E-4
1,625;0,307;0,996;9,37E-5;93,66;99,61;-1,09E-4;1,17E-4
1,626;0,308;0,997;9,37E-5;93,69;99,71;-2,33E-4;5,43E-4
1,627;0,308;0,996;9,37E-5;93,68;99,65;-1,82E-4;2,82E-4
1,628;0,308;0,997;9,37E-5;93,70;99,69;-2,62E-4;4,84E-4
1,629;0,307;0,997;9,37E-5;93,67;99,66;-1,20E-4;3,25E-4
1,630;0,308;0,997;9,37E-5;93,69;99,70;-2,23E-4;4,95E-4
1,631;0,307;0,996;9,37E-5;93,66;99,62;-1,07E-4;1,65E-4
1,632;0,306;0,995;9,36E-5;93,62;99,51;7,82E-5;-3,25E-4
1,633;0,307;0,996;9,37E-5;93,65;99,60;-6,54E-5;5,86E-5
1,634;0,307;0,996;9,37E-5;93,66;99,61;-8,72E-5;1,01E-4
1,635;0,307;0,996;9,36E-5;93,65;99,56;-4,91E-5;-1,06E-4
1,636;0,308;0,997;9,37E-5;93,70;99,70;-2,74E-4;5,05E-4
1,637;0,307;0,996;9,37E-5;93,66;99,62;-9,81E-5;1,49E-4
1,638;0,307;0,996;9,37E-5;93,66;99,64;-1,18E-4;2,29E-4
1,639;0,308;0,997;9,37E-5;93,67;99,68;-1,47E-4;4,04E-4
1,640;0,308;0,996;9,37E-5;93,68;99,64;-1,71E-4;2,61E-4
1,641;0,308;0,997;9,37E-5;93,68;99,69;-2,02E-4;4,74E-4
1,642;0,308;0,997;9,37E-5;93,69;99,66;-2,13E-4;3,30E-4
1,643;0,308;0,997;9,37E-5;93,67;99,66;-1,65E-4;3,25E-4
1,644;0,309;0,998;9,37E-5;93,71;99,78;-3,20E-4;8,51E-4
1,645;0,308;0,997;9,37E-5;93,69;99,69;-2,16E-4;4,47E-4
1,646;0,307;0,996;9,37E-5;93,66;99,62;-1,07E-4;1,70E-4
1,647;0,307;0,996;9,36E-5;93,65;99,57;-3,09E-5;-4,26E-5
1,648;0,307;0,996;9,37E-5;93,66;99,63;-9,99E-5;2,18E-4
1,649;0,308;0,997;9,37E-5;93,70;99,75;-2,85E-4;7,18E-4
1,650;0,308;0,997;9,37E-5;93,67;99,69;-1,64E-4;4,84E-4
1,651;0,307;0,996;9,36E-5;93,65;99,62;-4,18E-5;1,70E-4
1,652;0,308;0,997;9,37E-5;93,67;99,67;-1,51E-4;3,67E-4
1,653;0,308;0,997;9,37E-5;93,68;99,70;-1,91E-4;5,27E-4
1,654;0,308;0,997;9,37E-5;93,68;99,69;-1,74E-4;4,47E-4
1,655;0,307;0,997;9,37E-5;93,67;99,68;-1,22E-4;4,04E-4
1,656;0,307;0,996;9,37E-5;93,67;99,64;-1,29E-4;2,29E-4
1,657;0,308;0,997;9,37E-5;93,69;99,73;-2,58E-4;6,60E-4
1,658;0,309;0,998;9,37E-5;93,71;99,76;-3,09E-4;7,55E-4
1,659;0,307;0,996;9,37E-5;93,66;99,65;-9,09E-5;2,77E-4
1,660;0,307;0,996;9,37E-5;93,66;99,61;-1,09E-4;1,33E-4
1,661;0,307;0,996;9,37E-5;93,65;99,63;-6,00E-5;1,92E-4
1,662;0,307;0,996;9,37E-5;93,67;99,64;-1,24E-4;2,50E-4
1,663;0,308;0,997;9,37E-5;93,69;99,71;-2,51E-4;5,37E-4
1,664;0,307;0,996;9,37E-5;93,67;99,65;-1,33E-4;2,82E-4
1,665;0,308;0,998;9,37E-5;93,70;99,75;-2,87E-4;7,29E-4
1,666;0,308;0,997;9,37E-5;93,68;99,66;-1,82E-4;3,51E-4
1,667;0,307;0,997;9,37E-5;93,66;99,65;-1,02E-4;3,03E-4
1,668;0,307;0,996;9,37E-5;93,66;99,64;-1,16E-4;2,66E-4
1,669;0,307;0,996;9,36E-5;93,64;99,55;-9,09E-6;-1,28E-4
1,670;0,306;0,995;9,36E-5;93,62;99,52;1,09E-4;-2,93E-4
1,671;0,306;0,995;9,36E-5;93,62;99,49;7,09E-5;-3,94E-4
1,672;0,308;0,997;9,37E-5;93,69;99,71;-2,27E-4;5,37E-4
1,673;0,308;0,997;9,37E-5;93,68;99,69;-1,76E-4;4,79E-4
1,674;0,307;0,996;9,37E-5;93,65;99,58;-6,91E-5;-2,13E-5
1,675;0,307;0,996;9,37E-5;93,65;99,63;-5,82E-5;1,86E-4
1,676;0,308;0,997;9,37E-5;93,69;99,73;-2,13E-4;6,44E-4
1,677;0,307;0,996;9,37E-5;93,66;99,64;-1,02E-4;2,29E-4
1,678;0,308;0,997;9,37E-5;93,68;99,67;-1,71E-4;3,99E-4
1,679;0,307;0,996;9,37E-5;93,67;99,63;-1,24E-4;2,02E-4
1,680;0,308;0,996;9,37E-5;93,67;99,65;-1,49E-4;2,77E-4
1,681;0,307;0,996;9,37E-5;93,65;99,57;-5,45E-5;-5,86E-5
1,682;0,308;0,997;9,37E-5;93,68;99,67;-1,80E-4;3,78E-4
1,683;0,307;0,996;9,37E-5;93,67;99,62;-1,29E-4;1,60E-4
1,684;0,306;0,995;9,36E-5;93,63;99,54;3,27E-5;-1,70E-4
1,685;0,307;0,996;9,36E-5;93,65;99,61;-3,27E-5;1,06E-4
1,686;0,307;0,996;9,37E-5;93,67;99,62;-1,20E-4;1,49E-4
1,687;0,307;0,996;9,37E-5;93,66;99,61;-1,02E-4;1,22E-4
1,688;0,306;0,995;9,36E-5;93,63;99,55;4,18E-5;-1,65E-4
1,689;0,307;0,996;9,36E-5;93,64;99,60;-2,36E-5;8,52E-5
1,690;0,306;0,996;9,36E-5;93,63;99,57;2,18E-5;-6,92E-5
1,691;0,307;0,996;9,37E-5;93,66;99,58;-8,18E-5;-1,60E-5
1,692;0,306;0,995;9,36E-5;93,63;99,54;2,18E-5;-1,76E-4
1,693;0,309;0,998;9,37E-5;93,72;99,78;-3,62E-4;8,72E-4
1,694;0,307;0,996;9,37E-5;93,65;99,56;-5,63E-5;-8,52E-5
1,695;0,307;0,997;9,37E-5;93,67;99,65;-1,22E-4;3,14E-4
1,696;0,307;0,996;9,37E-5;93,67;99,63;-1,31E-4;2,02E-4
1,697;0,307;0,996;9,37E-5;93,66;99,62;-9,27E-5;1,44E-4
1,698;0,307;0,996;9,36E-5;93,64;99,56;-3,63E-6;-1,17E-4
1,699;0,307;0,996;9,37E-5;93,67;99,63;-1,31E-4;2,08E-4
1,700;0,308;0,997;9,37E-5;93,68;99,67;-1,73E-4;3,78E-4
1,701;0,307;0,996;9,36E-5;93,65;99,56;-3,82E-5;-1,01E-4
1,702;0,307;0,996;9,36E-5;93,65;99,58;-4,00E-5;-1,60E-5
1,703;0,307;0,996;9,36E-5;93,65;99,60;-3,09E-5;5,86E-5
1,704;0,307;0,996;9,37E-5;93,67;99,63;-1,20E-4;2,13E-4
1,705;0,307;0,996;9,37E-5;93,67;99,65;-1,20E-4;2,71E-4
1,706;0,307;0,996;9,37E-5;93,66;99,60;-7,63E-5;9,58E-5
1,707;0,307;0,996;9,36E-5;93,65;99,60;-4,72E-5;8,52E-5
1,708;0,307;0,996;9,37E-5;93,67;99,63;-1,22E-4;2,08E-4
1,709;0,307;0,996;9,36E-5;93,64;99,57;-1,82E-6;-6,92E-5
1,710;0,307;0,996;9,37E-5;93,65;99,64;-6,00E-5;2,50E-4
1,711;0,307;0,996;9,36E-5;93,64;99,57;-1,82E-6;-6,92E-5
1,712;0,306;0,995;9,36E-5;93,63;99,52;5,09E-5;-2,66E-4
1,713;0,306;0,995;9,36E-5;93,63;99,49;5,27E-5;-3,83E-4
1,714;0,307;0,996;9,37E-5;93,65;99,61;-5,27E-5;1,22E-4
1,715;0,307;0,996;9,37E-5;93,66;99,62;-1,04E-4;1,81E-4
1,716;0,307;0,996;9,37E-5;93,65;99,58;-6,18E-5;0,00
1,717;0,307;0,996;9,37E-5;93,65;99,57;-6,72E-5;-5,32E-5
1,718;0,307;0,997;9,37E-5;93,67;99,68;-1,31E-4;4,15E-4
1,719;0,307;0,996;9,36E-5;93,65;99,58;-3,09E-5;-2,66E-5
1,720;0,307;0,996;9,36E-5;93,64;99,61;-1,82E-5;1,28E-4
1,721;0,307;0,996;9,36E-5;93,65;99,60;-3,27E-5;5,86E-5
1,722;0,306;0,995;9,36E-5;93,64;99,50;9,09E-6;-3,41E-4
1,723;0,308;0,996;9,37E-5;93,67;99,63;-1,64E-4;2,08E-4
1,724;0,308;0,998;9,37E-5;93,70;99,76;-2,63E-4;7,77E-4
1,725;0,307;0,997;9,37E-5;93,67;99,67;-1,42E-4;3,99E-4
1,726;0,307;0,996;9,37E-5;93,65;99,59;-6,36E-5;2,13E-5
1,727;0,306;0,995;9,36E-5;93,62;99,49;1,07E-4;-4,21E-4
1,728;0,306;0,995;9,36E-5;93,63;99,52;5,27E-5;-2,93E-4
1,729;0,307;0,996;9,36E-5;93,65;99,59;-3,09E-5;1,60E-5
1,730;0,307;0,996;9,36E-5;93,65;99,58;-4,72E-5;-3,19E-5
1,731;0,307;0,997;9,37E-5;93,66;99,66;-1,14E-4;3,57E-4
1,732;0,307;0,997;9,37E-5;93,67;99,67;-1,45E-4;3,78E-4
1,733;0,307;0,996;9,37E-5;93,65;99,62;-5,63E-5;1,54E-4
1,734;0,309;0,998;9,37E-5;93,72;99,82;-3,81E-4;0,00
1,735;0,308;0,997;9,37E-5;93,69;99,73;-2,31E-4;6,44E-4
1,736;0,307;0,996;9,37E-5;93,66;99,62;-8,18E-5;1,60E-4
1,737;0,308;0,997;9,37E-5;93,68;99,68;-2,09E-4;4,20E-4
1,738;0,308;0,997;9,37E-5;93,68;99,71;-1,69E-4;5,53E-4
1,739;0,307;0,996;9,36E-5;93,65;99,59;-4,54E-5;1,60E-5
1,740;0,306;0,995;9,36E-5;93,64;99,55;1,45E-5;-1,54E-4
1,741;0,307;0,996;9,36E-5;93,64;99,57;-1,82E-6;-5,32E-5
1,742;0,307;0,995;9,36E-5;93,64;99,54;-1,09E-5;-1,70E-4
1,743;0,307;0,996;9,37E-5;93,67;99,63;-1,33E-4;1,97E-4
1,744;0,308;0,996;9,37E-5;93,68;99,65;-1,78E-4;2,77E-4
1,745;0,307;0,996;9,37E-5;93,67;99,62;-1,27E-4;1,44E-4
1,746;0,307;0,996;9,37E-5;93,66;99,62;-8,72E-5;1,81E-4
1,747;0,307;0,996;9,36E-5;93,64;99,57;-2,18E-5;-5,86E-5
1,748;0,307;0,996;9,37E-5;93,65;99,64;-6,54E-5;2,45E-4
1,749;0,307;0,996;9,37E-5;93,66;99,61;-1,02E-4;1,12E-4
1,750;0,307;0,996;9,36E-5;93,65;99,58;-4,91E-5;-1,06E-5
1,751;0,307;0,996;9,37E-5;93,66;99,61;-7,63E-5;1,12E-4
1,752;0,307;0,996;9,36E-5;93,64;99,57;-1,45E-5;-4,26E-5
1,753;0,306;0,995;9,36E-5;93,61;99,49;1,44E-4;-3,99E-4
1,754;0,306;0,995;9,36E-5;93,62;99,49;1,05E-4;-3,94E-4
1,755;0,307;0,996;9,37E-5;93,66;99,57;-8,00E-5;-3,73E-5
1,756;0,307;0,996;9,37E-5;93,67;99,63;-1,25E-4;2,08E-4
1,757;0,306;0,995;9,36E-5;93,64;99,55;5,45E-6;-1,49E-4
1,758;0,306;0,995;9,36E-5;93,63;99,53;5,27E-5;-2,13E-4
1,759;0,307;0,996;9,37E-5;93,66;99,61;-1,14E-4;1,33E-4
1,760;0,307;0,996;9,37E-5;93,67;99,64;-1,45E-4;2,50E-4
1,761;0,306;0,995;9,36E-5;93,63;99,53;5,82E-5;-2,34E-4
1,762;0,306;0,995;9,36E-5;93,64;99,53;1,27E-5;-2,34E-4
1,763;0,308;0,997;9,37E-5;93,68;99,65;-2,07E-4;2,93E-4
1,764;0,309;0,998;9,37E-5;93,70;99,75;-3,02E-4;7,29E-4
1,765;0,308;0,997;9,37E-5;93,69;99,73;-2,56E-4;6,44E-4
1,766;0,307;0,997;9,37E-5;93,67;99,65;-1,24E-4;3,09E-4
1,767;0,306;0,996;9,36E-5;93,63;99,58;3,09E-5;-1,06E-5
1,768;0,306;0,995;9,36E-5;93,63;99,48;6,18E-5;-4,58E-4
1,769;0,307;0,995;9,36E-5;93,64;99,55;-2,00E-5;-1,65E-4
1,770;0,307;0,996;9,37E-5;93,66;99,62;-1,14E-4;1,76E-4
1,771;0,309;0,998;9,37E-5;93,70;99,76;-3,02E-4;7,71E-4
1,772;0,308;0,997;9,37E-5;93,69;99,72;-2,23E-4;6,06E-4
1,773;0,309;0,998;9,37E-5;93,72;99,79;-3,76E-4;9,20E-4
1,774;0,308;0,997;9,37E-5;93,69;99,71;-2,38E-4;5,75E-4
1,775;0,307;0,996;9,37E-5;93,66;99,62;-1,13E-4;1,49E-4
1,776;0,308;0,997;9,37E-5;93,69;99,70;-2,18E-4;5,32E-4
1,777;0,307;0,996;9,37E-5;93,65;99,63;-7,27E-5;1,97E-4
1,778;0,306;0,996;9,36E-5;93,64;99,59;9,09E-6;1,60E-5
1,779;0,308;0,997;9,37E-5;93,67;99,67;-1,62E-4;3,99E-4
1,780;0,308;0,997;9,37E-5;93,69;99,71;-2,43E-4;5,69E-4
1,781;0,308;0,997;9,37E-5;93,67;99,65;-1,60E-4;2,93E-4
1,782;0,306;0,996;9,36E-5;93,63;99,55;2,00E-5;-1,28E-4
1,783;0,307;0,996;9,37E-5;93,67;99,63;-1,20E-4;1,97E-4
1,784;0,307;0,996;9,36E-5;93,64;99,59;-1,27E-5;3,73E-5
1,785;0,306;0,995;9,36E-5;93,61;99,47;1,25E-4;-4,74E-4
1,786;0,307;0,996;9,36E-5;93,65;99,61;-3,45E-5;1,33E-4
1,787;0,308;0,996;9,37E-5;93,67;99,64;-1,56E-4;2,61E-4
1,788;0,307;0,997;9,37E-5;93,67;99,66;-1,38E-4;3,51E-4
1,789;0,308;0,997;9,37E-5;93,70;99,73;-2,87E-4;6,28E-4
1,790;0,308;0,997;9,37E-5;93,67;99,72;-1,64E-4;5,85E-4
1,791;0,308;0,997;9,37E-5;93,70;99,73;-2,71E-4;6,44E-4
1,792;0,307;0,996;9,37E-5;93,65;99,63;-6,91E-5;1,97E-4
1,793;0,307;0,996;9,36E-5;93,64;99,59;-2,54E-5;1,06E-5
1,794;0,307;0,996;9,37E-5;93,66;99,61;-1,14E-4;1,38E-4
1,795;0,308;0,997;9,37E-5;93,69;99,69;-2,18E-4;4,79E-4
1,796;0,309;0,998;9,37E-5;93,73;99,83;-4,25E-4;0,00
1,797;0,308;0,997;9,37E-5;93,68;99,68;-1,94E-4;4,42E-4
1,798;0,307;0,996;9,37E-5;93,66;99,61;-9,09E-5;1,17E-4
1,799;0,307;0,996;9,36E-5;93,65;99,59;-3,27E-5;4,26E-5
1,800;0,306;0,996;9,36E-5;93,63;99,56;3,82E-5;-9,05E-5
1,801;0,308;0,997;9,37E-5;93,68;99,70;-1,82E-4;5,11E-4
1,802;0,307;0,996;9,36E-5;93,64;99,58;-5,45E-6;-1,06E-5
1,803;0,307;0,997;9,37E-5;93,67;99,68;-1,44E-4;4,42E-4
1,804;0,307;0,996;9,37E-5;93,67;99,64;-1,25E-4;2,66E-4
1,805;0,308;0,997;9,37E-5;93,68;99,71;-1,69E-4;5,69E-4
1,806;0,308;0,997;9,37E-5;93,68;99,71;-1,80E-4;5,48E-4
1,807;0,306;0,996;9,36E-5;93,64;99,60;5,45E-6;6,92E-5
1,808;0,307;0,997;9,37E-5;93,67;99,70;-1,31E-4;5,05E-4
1,809;0,307;0,996;9,37E-5;93,65;99,62;-6,00E-5;1,54E-4
1,810;0,307;0,997;9,37E-5;93,67;99,66;-1,33E-4;3,51E-4
1,811;0,306;0,996;9,36E-5;93,62;99,57;7,27E-5;-4,26E-5
1,812;0,306;0,995;9,36E-5;93,63;99,54;4,73E-5;-1,81E-4
1,813;0,306;0,996;9,36E-5;93,64;99,60;9,09E-6;7,45E-5
1,814;0,306;0,995;9,36E-5;93,62;99,51;1,04E-4;-3,30E-4
1,815;0,306;0,996;9,36E-5;93,63;99,57;6,36E-5;-5,86E-5
1,816;0,306;0,996;9,36E-5;93,63;99,63;2,73E-5;1,86E-4
1,817;0,307;0,997;9,37E-5;93,67;99,70;-1,25E-4;5,27E-4
1,818;0,307;0,997;9,37E-5;93,66;99,68;-7,45E-5;4,36E-4
1,819;0,306;0,996;9,36E-5;93,64;99,64;9,09E-6;2,55E-4
1,820;0,308;0,998;9,37E-5;93,69;99,80;-2,49E-4;9,47E-4
1,821;0,306;0,996;9,36E-5;93,63;99,63;5,09E-5;2,13E-4
1,822;0,307;0,997;9,37E-5;93,65;99,70;-7,27E-5;5,00E-4
1,823;0,306;0,996;9,36E-5;93,62;99,63;7,27E-5;2,24E-4
1,824;0,306;0,996;9,36E-5;93,62;99,62;7,82E-5;1,54E-4
1,825;0,306;0,997;9,36E-5;93,62;99,66;9,81E-5;3,19E-4
1,826;0,307;0,997;9,37E-5;93,65;99,74;-6,72E-5;7,02E-4
1,827;0,306;0,996;9,36E-5;93,62;99,62;1,09E-4;1,60E-4
1,828;0,306;0,997;9,36E-5;93,64;99,72;9,09E-6;6,17E-4
1,829;0,306;0,997;9,36E-5;93,62;99,65;1,00E-4;3,09E-4
1,830;0,306;0,997;9,36E-5;93,63;99,70;3,82E-5;5,11E-4
1,831;0,306;0,997;9,36E-5;93,61;99,66;1,24E-4;3,19E-4
1,832;0,307;0,998;9,37E-5;93,66;99,79;-9,99E-5;8,99E-4
1,833;0,306;0,997;9,36E-5;93,63;99,70;5,09E-5;4,95E-4
1,834;0,306;0,997;9,36E-5;93,62;99,70;7,09E-5;5,21E-4
1,835;0,307;0,997;9,36E-5;93,64;99,75;-1,09E-5;7,13E-4
1,836;0,305;0,996;9,36E-5;93,58;99,59;2,64E-4;4,26E-5
1,837;0,305;0,996;9,36E-5;93,58;99,60;2,67E-4;5,32E-5
1,838;0,306;0,998;9,36E-5;93,64;99,75;7,27E-6;7,45E-4
1,839;0,306;0,997;9,36E-5;93,62;99,69;9,45E-5;4,68E-4
1,840;0,305;0,996;9,36E-5;93,59;99,62;2,07E-4;1,65E-4
1,841;0,306;0,998;9,36E-5;93,64;99,75;3,63E-6;7,29E-4
1,842;0,307;0,999;9,37E-5;93,67;99,85;-1,36E-4;0,00
1,843;0,307;0,998;9,36E-5;93,65;99,76;-4,54E-5;7,77E-4
1,844;0,306;0,997;9,36E-5;93,63;99,70;6,36E-5;5,16E-4
1,845;0,306;0,997;9,36E-5;93,62;99,73;6,91E-5;6,44E-4
1,846;0,306;0,997;9,36E-5;93,62;99,69;1,11E-4;4,52E-4
1,847;0,305;0,996;9,36E-5;93,60;99,62;1,76E-4;1,44E-4
1,848;0,307;0,998;9,36E-5;93,65;99,81;-3,63E-5;9,78E-4
1,849;0,307;0,998;9,36E-5;93,64;99,81;-1,82E-5;9,84E-4
1,850;0,307;0,997;9,36E-5;93,64;99,74;-9,09E-6;7,02E-4
1,851;0,305;0,997;9,36E-5;93,60;99,66;1,84E-4;3,46E-4
1,852;0,306;0,997;9,36E-5;93,61;99,69;1,22E-4;4,47E-4
1,853;0,307;0,998;9,36E-5;93,65;99,79;-4,91E-5;9,09E-4
1,854;0,306;0,997;9,36E-5;93,62;99,72;8,54E-5;6,06E-4
1,855;0,307;0,998;9,37E-5;93,66;99,81;-8,54E-5;1,00E-3
1,856;0,307;0,998;9,37E-5;93,66;99,81;-8,72E-5;9,78E-4
1,857;0,305;0,997;9,36E-5;93,60;99,67;2,00E-4;3,62E-4
1,858;0,306;0,997;9,36E-5;93,61;99,69;1,18E-4;4,52E-4
1,859;0,305;0,996;9,36E-5;93,57;99,56;2,98E-4;-7,99E-5
1,860;0,306;0,997;9,36E-5;93,62;99,67;8,54E-5;3,72E-4
1,861;0,306;0,997;9,36E-5;93,63;99,70;6,00E-5;5,27E-4
1,862;0,306;0,998;9,36E-5;93,64;99,78;9,09E-6;8,67E-4
1,863;0,305;0,996;9,36E-5;93,60;99,63;2,00E-4;2,18E-4
1,864;0,305;0,996;9,36E-5;93,59;99,63;2,22E-4;2,13E-4
1,865;0,305;0,996;9,36E-5;93,60;99,64;1,89E-4;2,45E-4
1,866;0,306;0,997;9,36E-5;93,61;99,70;1,22E-4;5,00E-4
1,867;0,306;0,997;9,36E-5;93,61;99,70;1,45E-4;5,27E-4
1,868;0,305;0,996;9,36E-5;93,60;99,63;2,02E-4;1,86E-4
1,869;0,306;0,998;9,36E-5;93,63;99,75;4,54E-5;7,29E-4
1,870;0,304;0,996;9,36E-5;93,57;99,56;3,15E-4;-9,05E-5
1,871;0,306;0,997;9,36E-5;93,61;99,69;1,35E-4;4,79E-4
1,872;0,305;0,997;9,36E-5;93,60;99,67;1,98E-4;3,78E-4
1,873;0,306;0,997;9,36E-5;93,62;99,71;8,00E-5;5,48E-4
1,874;0,305;0,997;9,36E-5;93,60;99,66;1,91E-4;3,19E-4
1,875;0,305;0,997;9,36E-5;93,60;99,66;1,93E-4;3,25E-4
1,876;0,306;0,997;9,36E-5;93,61;99,72;1,38E-4;5,80E-4
1,877;0,306;0,997;9,36E-5;93,63;99,74;2,00E-5;6,76E-4
1,878;0,306;0,997;9,36E-5;93,62;99,71;1,07E-4;5,43E-4
1,879;0,306;0,997;9,36E-5;93,61;99,69;1,20E-4;4,84E-4
1,880;0,304;0,996;9,36E-5;93,57;99,60;3,27E-4;6,92E-5
1,881;0,305;0,996;9,36E-5;93,58;99,62;2,60E-4;1,81E-4
1,882;0,305;0,997;9,36E-5;93,60;99,66;1,73E-4;3,51E-4
1,883;0,305;0,996;9,36E-5;93,59;99,62;2,35E-4;1,44E-4
1,884;0,305;0,997;9,36E-5;93,60;99,68;1,95E-4;4,20E-4
1,885;0,305;0,997;9,36E-5;93,60;99,68;1,84E-4;4,31E-4
1,886;0,305;0,996;9,36E-5;93,59;99,65;2,11E-4;2,82E-4
1,887;0,306;0,997;9,36E-5;93,61;99,68;1,36E-4;4,15E-4
1,888;0,305;0,996;9,36E-5;93,59;99,65;2,18E-4;2,82E-4
1,889;0,305;0,996;9,36E-5;93,59;99,63;2,40E-4;2,02E-4
1,890;0,305;0,996;9,36E-5;93,59;99,64;2,27E-4;2,39E-4
1,891;0,306;0,997;9,36E-5;93,63;99,74;4,00E-5;6,92E-4
1,892;0,305;0,996;9,36E-5;93,60;99,62;2,00E-4;1,76E-4
1,893;0,305;0,997;9,36E-5;93,61;99,66;1,53E-4;3,25E-4
1,894;0,306;0,997;9,36E-5;93,61;99,70;1,27E-4;5,00E-4
1,895;0,306;0,997;9,36E-5;93,63;99,74;3,63E-5;6,86E-4
1,896;0,306;0,997;9,36E-5;93,61;99,69;1,24E-4;4,47E-4
1,897;0,306;0,997;9,36E-5;93,63;99,75;4,18E-5;7,13E-4
1,898;0,307;0,998;9,37E-5;93,66;99,82;-9,63E-5;0,00
1,899;0,306;0,997;9,36E-5;93,61;99,69;1,22E-4;4,79E-4
1,900;0,306;0,997;9,36E-5;93,62;99,73;8,18E-5;6,54E-4
1,901;0,305;0,997;9,36E-5;93,60;99,67;1,84E-4;3,99E-4
1,902;0,305;0,996;9,36E-5;93,59;99,62;2,40E-4;1,49E-4
1,903;0,305;0,997;9,36E-5;93,60;99,65;1,60E-4;2,93E-4
1,904;0,306;0,997;9,36E-5;93,62;99,71;7,63E-5;5,59E-4
1,905;0,307;0,997;9,36E-5;93,64;99,75;-9,09E-6;7,23E-4
1,906;0,305;0,997;9,36E-5;93,60;99,67;1,67E-4;3,67E-4
1,907;0,306;0,996;9,36E-5;93,61;99,62;1,49E-4;1,60E-4
1,908;0,306;0,997;9,36E-5;93,61;99,68;1,49E-4;4,26E-4
1,909;0,306;0,997;9,36E-5;93,62;99,69;8,54E-5;4,68E-4
1,910;0,305;0,996;9,36E-5;93,58;99,63;2,56E-4;2,24E-4
1,911;0,305;0,996;9,36E-5;93,59;99,62;2,36E-4;1,44E-4
1,912;0,305;0,996;9,36E-5;93,60;99,64;1,98E-4;2,55E-4
1,913;0,305;0,997;9,36E-5;93,60;99,68;1,87E-4;4,26E-4
1,914;0,306;0,997;9,36E-5;93,62;99,75;8,18E-5;7,18E-4
1,915;0,305;0,997;9,36E-5;93,60;99,70;1,60E-4;4,90E-4
1,916;0,305;0,996;9,36E-5;93,60;99,65;1,80E-4;2,87E-4
1,917;0,305;0,996;9,36E-5;93,60;99,61;1,75E-4;1,01E-4
1,918;0,306;0,998;9,36E-5;93,62;99,75;1,04E-4;7,45E-4
1,919;0,306;0,997;9,36E-5;93,61;99,70;1,24E-4;4,90E-4
1,920;0,305;0,996;9,36E-5;93,60;99,65;1,82E-4;2,77E-4
1,921;0,306;0,997;9,36E-5;93,62;99,72;9,63E-5;6,01E-4
1,922;0,306;0,997;9,36E-5;93,62;99,74;6,72E-5;6,97E-4
1,923;0,305;0,996;9,36E-5;93,60;99,65;1,80E-4;2,87E-4
1,924;0,307;0,998;9,37E-5;93,66;99,82;-1,16E-4;0,00
1,925;0,306;0,997;9,36E-5;93,63;99,74;2,73E-5;6,65E-4
1,926;0,307;0,997;9,36E-5;93,64;99,75;-2,18E-5;7,23E-4
1,927;0,305;0,996;9,36E-5;93,59;99,61;2,24E-4;1,12E-4
1,928;0,306;0,997;9,36E-5;93,61;99,68;1,13E-4;4,04E-4
1,929;0,304;0,995;9,35E-5;93,55;99,50;4,20E-4;-3,73E-4
1,930;0,305;0,996;9,36E-5;93,61;99,64;1,56E-4;2,66E-4
1,931;0,307;0,998;9,37E-5;93,66;99,83;-7,63E-5;0,00
1,932;0,306;0,997;9,36E-5;93,63;99,73;3,09E-5;6,54E-4
1,933;0,306;0,998;9,36E-5;93,64;99,75;1,27E-5;7,45E-4
1,934;0,305;0,997;9,36E-5;93,60;99,65;1,95E-4;2,98E-4
1,935;0,304;0,995;9,36E-5;93,56;99,51;3,76E-4;-3,25E-4
1,936;0,305;0,996;9,36E-5;93,59;99,62;2,16E-4;1,60E-4
1,937;0,305;0,996;9,36E-5;93,58;99,56;2,82E-4;-9,05E-5
1,938;0,305;0,996;9,36E-5;93,59;99,57;2,29E-4;-6,92E-5
1,939;0,307;0,998;9,36E-5;93,64;99,77;-2,54E-5;8,35E-4
1,940;0,307;0,997;9,36E-5;93,64;99,75;-1,64E-5;7,23E-4
1,941;0,306;0,997;9,36E-5;93,63;99,73;4,91E-5;6,60E-4
1,942;0,306;0,997;9,36E-5;93,62;99,72;8,00E-5;6,17E-4
1,943;0,305;0,996;9,36E-5;93,60;99,64;1,82E-4;2,66E-4
1,944;0,305;0,997;9,36E-5;93,60;99,66;1,71E-4;3,51E-4
1,945;0,305;0,997;9,36E-5;93,60;99,65;1,89E-4;3,14E-4
1,946;0,306;0,997;9,36E-5;93,62;99,71;1,00E-4;5,48E-4
1,947;0,305;0,996;9,36E-5;93,58;99,60;2,71E-4;9,05E-5
1,948;0,305;0,996;9,36E-5;93,60;99,65;1,82E-4;2,82E-4
1,949;0,305;0,996;9,36E-5;93,60;99,61;1,95E-4;1,12E-4
1,950;0,306;0,997;9,36E-5;93,61;99,70;1,44E-4;5,00E-4
1,951;0,304;0,996;9,36E-5;93,57;99,58;3,09E-4;-1,60E-5
1,952;0,305;0,996;9,36E-5;93,60;99,65;1,82E-4;2,87E-4
1,953;0,305;0,997;9,36E-5;93,60;99,69;1,89E-4;4,63E-4
1,954;0,306;0,997;9,36E-5;93,61;99,66;1,49E-4;3,57E-4
1,955;0,305;0,996;9,36E-5;93,59;99,63;2,40E-4;2,02E-4
1,956;0,306;0,997;9,36E-5;93,62;99,71;9,63E-5;5,59E-4
1,957;0,306;0,997;9,36E-5;93,61;99,70;1,13E-4;5,05E-4
1,958;0,306;0,997;9,36E-5;93,61;99,66;1,27E-4;3,51E-4
1,959;0,306;0,997;9,36E-5;93,62;99,73;8,36E-5;6,22E-4
1,960;0,306;0,998;9,36E-5;93,63;99,79;2,91E-5;9,15E-4
1,961;0,306;0,997;9,36E-5;93,61;99,70;1,31E-4;5,16E-4
1,962;0,306;0,997;9,36E-5;93,61;99,70;1,44E-4;5,16E-4
1,963;0,306;0,997;9,36E-5;93,63;99,75;4,73E-5;7,13E-4
1,964;0,306;0,997;9,36E-5;93,63;99,73;3,09E-5;6,44E-4
1,965;0,305;0,996;9,36E-5;93,59;99,64;2,18E-4;2,29E-4
1,966;0,305;0,997;9,36E-5;93,60;99,67;1,65E-4;3,88E-4
1,967;0,305;0,997;9,36E-5;93,60;99,65;1,64E-4;3,09E-4
1,968;0,306;0,997;9,36E-5;93,61;99,71;1,16E-4;5,53E-4
1,969;0,305;0,996;9,36E-5;93,59;99,63;2,24E-4;2,02E-4
1,970;0,306;0,997;9,36E-5;93,61;99,73;1,13E-4;6,28E-4
1,971;0,306;0,997;9,36E-5;93,61;99,68;1,35E-4;4,26E-4
1,972;0,305;0,996;9,36E-5;93,59;99,65;2,33E-4;2,82E-4
1,973;0,304;0,996;9,36E-5;93,57;99,58;3,15E-4;-1,60E-5
1,974;0,305;0,996;9,36E-5;93,58;99,62;2,75E-4;1,49E-4
1,975;0,306;0,997;9,36E-5;93,61;99,69;1,47E-4;4,47E-4
1,976;0,306;0,997;9,36E-5;93,62;99,71;8,72E-5;5,69E-4
1,977;0,306;0,997;9,36E-5;93,61;99,67;1,29E-4;3,99E-4
1,978;0,306;0,997;9,36E-5;93,61;99,72;1,27E-4;6,17E-4
1,979;0,304;0,996;9,36E-5;93,57;99,60;3,02E-4;7,45E-5
1,980;0,305;0,996;9,36E-5;93,58;99,59;2,60E-4;1,06E-5
1,981;0,306;0,998;9,36E-5;93,63;99,76;4,54E-5;7,82E-4
1,982;0,307;0,998;9,36E-5;93,64;99,81;-2,18E-5;0,00
1,983;0,306;0,997;9,36E-5;93,61;99,70;1,47E-4;4,95E-4
1,984;0,306;0,998;9,36E-5;93,64;99,79;9,09E-6;9,15E-4
1,985;0,306;0,997;9,36E-5;93,61;99,71;1,25E-4;5,64E-4
1,986;0,305;0,997;9,36E-5;93,60;99,68;2,04E-4;4,31E-4
1,987;0,306;0,998;9,36E-5;93,62;99,75;1,02E-4;7,50E-4
1,988;0,306;0,998;9,36E-5;93,62;99,75;1,05E-4;7,34E-4
1,989;0,305;0,996;9,36E-5;93,58;99,63;2,60E-4;2,02E-4
1,990;0,305;0,997;9,36E-5;93,59;99,72;2,29E-4;6,17E-4
1,991;0,306;0,997;9,36E-5;93,62;99,74;9,45E-5;6,97E-4
1,992;0,305;0,997;9,36E-5;93,59;99,68;2,38E-4;4,20E-4
1,993;0,305;0,997;9,36E-5;93,60;99,72;1,80E-4;5,91E-4
1,994;0,306;0,998;9,36E-5;93,62;99,79;6,91E-5;9,15E-4
1,995;0,304;0,996;9,36E-5;93,57;99,58;3,27E-4;5,32E-6
1,996;0,305;0,996;9,36E-5;93,58;99,59;2,58E-4;1,60E-5
1,997;0,305;0,997;9,36E-5;93,59;99,65;2,18E-4;3,14E-4
1,998;0,305;0,997;9,36E-5;93,60;99,68;1,65E-4;4,04E-4
1,999;0,305;0,996;9,36E-5;93,59;99,61;2,24E-4;1,01E-4
2,000;0,305;0,997;9,36E-5;93,60;99,65;1,87E-4;2,98E-4
2,001;0,306;0,997;9,36E-5;93,61;99,67;1,42E-4;3,94E-4
2,002;0,307;0,998;9,36E-5;93,64;99,78;-9,09E-6;8,78E-4
2,003;0,307;0,998;9,36E-5;93,64;99,78;0,00;8,62E-4
2,004;0,306;0,997;9,36E-5;93,63;99,72;3,09E-5;5,80E-4
2,005;0,306;0,997;9,36E-5;93,62;99,73;8,72E-5;6,22E-4
2,006;0,306;0,997;9,36E-5;93,62;99,75;9,45E-5;7,23E-4
2,007;0,306;0,997;9,36E-5;93,61;99,72;1,27E-4;6,12E-4
2,008;0,306;0,997;9,36E-5;93,62;99,71;9,09E-5;5,64E-4
2,009;0,306;0,997;9,36E-5;93,62;99,73;8,54E-5;6,60E-4
2,010;0,306;0,998;9,36E-5;93,64;99,79;3,63E-6;9,15E-4
2,011;0,306;0,998;9,36E-5;93,62;99,76;1,00E-4;7,66E-4
2,012;0,306;0,998;9,36E-5;93,62;99,76;7,45E-5;7,87E-4
2,013;0,306;0,997;9,36E-5;93,61;99,68;1,35E-4;4,31E-4
2,014;0,306;0,997;9,36E-5;93,61;99,69;1,47E-4;4,74E-4
2,015;0,305;0,997;9,36E-5;93,60;99,67;1,76E-4;3,99E-4
2,016;0,305;0,996;9,36E-5;93,58;99,61;2,71E-4;1,01E-4
2,017;0,306;0,997;9,36E-5;93,62;99,72;1,07E-4;5,85E-4
2,018;0,307;0,998;9,36E-5;93,65;99,78;-4,91E-5;8,46E-4
2,019;0,306;0,997;9,36E-5;93,61;99,69;1,44E-4;4,68E-4
2,020;0,306;0,997;9,36E-5;93,61;99,66;1,51E-4;3,35E-4
2,021;0,307;0,998;9,36E-5;93,64;99,79;-1,27E-5;8,99E-4
2,022;0,305;0,996;9,36E-5;93,58;99,57;2,71E-4;-6,92E-5
2,023;0,307;0,998;9,36E-5;93,64;99,77;-1,82E-6;8,14E-4
2,024;0,306;0,997;9,36E-5;93,61;99,74;1,33E-4;6,86E-4
2,025;0,306;0,997;9,36E-5;93,62;99,72;8,00E-5;5,91E-4
2,026;0,306;0,998;9,36E-5;93,63;99,77;2,91E-5;7,98E-4
2,027;0,307;0,999;9,37E-5;93,66;99,87;-7,45E-5;0,00
2,028;0,307;0,998;9,37E-5;93,66;99,85;-1,02E-4;0,00
2,029;0,307;0,998;9,36E-5;93,65;99,79;-3,45E-5;8,83E-4
2,030;0,306;0,997;9,36E-5;93,63;99,74;2,73E-5;6,81E-4
2,031;0,306;0,997;9,36E-5;93,61;99,69;1,24E-4;4,52E-4
2,032;0,307;0,998;9,37E-5;93,66;99,81;-9,63E-5;9,68E-4
2,033;0,305;0,996;9,36E-5;93,60;99,61;1,64E-4;1,06E-4
2,034;0,305;0,996;9,36E-5;93,58;99,56;2,80E-4;-7,99E-5
2,035;0,305;0,996;9,36E-5;93,60;99,60;1,89E-4;5,32E-5
2,036;0,306;0,996;9,36E-5;93,61;99,62;1,22E-4;1,44E-4
2,037;0,306;0,997;9,36E-5;93,61;99,66;1,20E-4;3,46E-4
2,038;0,305;0,996;9,36E-5;93,60;99,63;1,60E-4;2,24E-4
2,039;0,306;0,996;9,36E-5;93,61;99,61;1,18E-4;1,12E-4
2,040;0,307;0,997;9,36E-5;93,64;99,71;-2,18E-5;5,64E-4
2,041;0,306;0,997;9,36E-5;93,63;99,66;2,73E-5;3,46E-4
2,042;0,305;0,996;9,36E-5;93,60;99,56;1,69E-4;-9,58E-5
2,043;0,307;0,997;9,37E-5;93,66;99,74;-8,18E-5;6,86E-4
2,044;0,308;0,998;9,37E-5;93,69;99,80;-2,14E-4;9,52E-4
2,045;0,307;0,997;9,37E-5;93,66;99,70;-8,36E-5;5,21E-4
2,046;0,307;0,997;9,36E-5;93,64;99,68;-1,45E-5;4,36E-4
2,047;0,307;0,997;9,36E-5;93,64;99,67;-2,18E-5;3,83E-4
2,048;0,307;0,997;9,36E-5;93,64;99,69;-5,45E-6;4,63E-4
2,049;0,307;0,997;9,37E-5;93,65;99,72;-5,63E-5;5,85E-4
2,050;0,307;0,997;9,37E-5;93,66;99,74;-7,81E-5;6,81E-4
2,051;0,307;0,997;9,37E-5;93,65;99,71;-6,91E-5;5,69E-4
2,052;0,306;0,996;9,36E-5;93,62;99,64;7,27E-5;2,66E-4
2,053;0,308;0,998;9,37E-5;93,67;99,79;-1,58E-4;8,83E-4
2,054;0,308;0,998;9,37E-5;93,68;99,79;-2,07E-4;9,09E-4
2,055;0,307;0,997;9,36E-5;93,65;99,70;-3,82E-5;4,95E-4
2,056;0,306;0,996;9,36E-5;93,63;99,63;5,45E-5;2,13E-4
2,057;0,307;0,997;9,37E-5;93,65;99,70;-6,91E-5;5,05E-4
2,058;0,307;0,997;9,36E-5;93,64;99,69;-1,27E-5;4,58E-4
2,059;0,306;0,996;9,36E-5;93,62;99,62;6,72E-5;1,49E-4
2,060;0,307;0,996;9,36E-5;93,64;99,61;-1,27E-5;1,33E-4
2,061;0,306;0,996;9,36E-5;93,62;99,59;7,45E-5;3,19E-5
2,062;0,308;0,996;9,37E-5;93,70;99,60;-2,92E-4;5,32E-5
2,063;0,311;0,995;9,38E-5;93,77;99,45;-6,23E-4;-5,75E-4
2,064;0,313;0,994;9,38E-5;93,85;99,40;-9,55E-4;-7,94E-4
2,065;0,314;0,992;9,39E-5;93,88;99,25;0,00;0,00
2,066;0,317;0,993;9,40E-5;93,98;99,27;0,00;0,00
2,067;0,319;0,991;9,40E-5;94,03;99,12;0,00;0,00
2,068;0,322;0,991;9,41E-5;94,12;99,09;0,00;0,00
2,069;0,325;0,987;9,42E-5;94,23;98,71;0,00;0,00
2,070;0,330;0,985;9,44E-5;94,39;98,54;0,00;0,00
2,071;0,335;0,985;9,46E-5;94,56;98,46;0,00;0,00
2,072;0,339;0,981;9,47E-5;94,67;98,11;0,00;-0,01
2,073;0,346;0,980;9,49E-5;94,92;97,96;-0,01;-0,01
2,074;0,353;0,977;9,51E-5;95,12;97,67;-0,01;-0,01
2,075;0,360;0,973;9,54E-5;95,36;97,32;-0,01;-0,01
2,076;0,367;0,968;9,56E-5;95,58;96,85;-0,01;-0,01
2,077;0,376;0,964;9,59E-5;95,86;96,43;-0,01;-0,01
2,078;0,384;0,960;9,61E-5;96,13;95,97;-0,01;-0,02
2,079;0,396;0,957;9,65E-5;96,51;95,73;-0,01;-0,02
2,080;0,407;0,953;9,69E-5;96,86;95,32;-0,01;-0,02
2,081;0,418;0,949;9,72E-5;97,22;94,91;-0,02;-0,02
2,082;0,430;0,945;9,76E-5;97,59;94,46;-0,02;-0,02
2,083;0,441;0,939;9,79E-5;97,94;93,93;-0,02;-0,03
2,084;0,454;0,936;9,84E-5;98,38;93,63;-0,02;-0,03
2,085;0,466;0,931;9,88E-5;98,76;93,14;-0,02;-0,03
2,086;0,479;0,927;9,92E-5;99,18;92,69;-0,02;-0,03
2,087;0,489;0,921;9,95E-5;99,50;92,07;-0,03;-0,03
2,088;0,501;0,917;9,99E-5;99,89;91,65;-0,03;-0,04
2,089;0,512;0,910;1,00E-4;100,25;91,03;-0,03;-0,04
2,090;0,523;0,905;1,01E-4;100,60;90,46;-0,03;-0,04
2,091;0,536;0,900;1,01E-4;100,99;90,03;-0,03;-0,04
2,092;0,549;0,895;1,01E-4;101,41;89,53;-0,03;-0,05
2,093;0,564;0,891;1,02E-4;101,89;89,05;-0,04;-0,05
2,094;0,578;0,886;1,02E-4;102,36;88,57;-0,04;-0,05
2,095;0,593;0,880;1,03E-4;102,85;88,04;-0,04;-0,05
2,096;0,609;0,875;1,03E-4;103,33;87,51;-0,04;-0,06
2,097;0,623;0,869;1,04E-4;103,78;86,89;-0,04;-0,06
2,098;0,638;0,865;1,04E-4;104,29;86,48;-0,05;-0,06
2,099;0,652;0,860;1,05E-4;104,74;85,95;-0,05;-0,06
2,100;0,667;0,854;1,05E-4;105,20;85,43;-0,05;-0,07
2,101;0,679;0,848;1,06E-4;105,61;84,79;-0,05;-0,07
2,102;0,693;0,842;1,06E-4;106,06;84,24;-0,05;-0,07
2,103;0,707;0,837;1,07E-4;106,50;83,71;-0,06;-0,08
2,104;0,721;0,832;1,07E-4;106,95;83,16;-0,06;-0,08
2,105;0,737;0,828;1,07E-4;107,47;82,76;-0,06;-0,08
2,106;0,752;0,822;1,08E-4;107,93;82,18;-0,06;-0,08
2,107;0,767;0,816;1,08E-4;108,41;81,62;-0,06;-0,09
2,108;0,782;0,811;1,09E-4;108,90;81,06;-0,07;-0,09
2,109;0,798;0,805;1,09E-4;109,43;80,52;-0,07;-0,09
2,110;0,815;0,800;1,10E-4;109,97;80,00;-0,07;-0,10
2,111;0,832;0,794;1,11E-4;110,52;79,40;-0,07;-0,10
2,112;0,852;0,790;1,11E-4;111,14;79,02;-0,07;-0,10
2,113;0,870;0,784;1,12E-4;111,72;78,41;-0,08;-0,10
2,114;0,889;0,779;1,12E-4;112,34;77,89;-0,08;-0,11
2,115;0,907;0,773;1,13E-4;112,93;77,29;-0,08;-0,11
2,116;0,926;0,768;1,14E-4;113,53;76,77;-0,08;-0,11
2,117;0,945;0,762;1,14E-4;114,14;76,24;-0,09;-0,12
2,118;0,963;0,757;1,15E-4;114,71;75,67;-0,09;-0,12
2,119;0,982;0,751;1,15E-4;115,33;75,11;-0,09;-0,12
2,120;1,001;0,745;1,16E-4;115,95;74,53;-0,09;-0,13
2,121;1,021;0,740;1,17E-4;116,58;73,98;-0,10;-0,13
2,122;1,042;0,734;1,17E-4;117,25;73,42;-0,10;-0,13
2,123;1,064;0,729;1,18E-4;117,95;72,95;-0,10;-0,14
2,124;1,085;0,724;1,19E-4;118,64;72,35;-0,10;-0,14
2,125;1,105;0,717;1,19E-4;119,27;71,72;-0,11;-0,14
2,126;1,127;0,713;1,20E-4;119,99;71,28;-0,11;-0,15
2,127;1,150;0,708;1,21E-4;120,70;70,81;-0,11;-0,15
2,128;1,171;0,702;1,21E-4;121,38;70,22;-0,11;-0,15
2,129;1,191;0,695;1,22E-4;122,05;69,50;-0,12;-0,16
2,130;1,214;0,689;1,23E-4;122,76;68,93;-0,12;-0,16
2,131;1,237;0,684;1,24E-4;123,51;68,40;-0,12;-0,16
2,132;1,261;0,680;1,24E-4;124,27;68,00;-0,12;-0,17
2,133;1,283;0,674;1,25E-4;124,99;67,38;-0,13;-0,17
2,134;1,306;0,668;1,26E-4;125,71;66,80;-0,13;-0,17
2,135;1,330;0,663;1,26E-4;126,50;66,33;-0,13;-0,18
2,136;1,353;0,658;1,27E-4;127,24;65,76;-0,13;-0,18
2,137;1,376;0,651;1,28E-4;127,97;65,15;-0,14;-0,18
2,138;1,400;0,647;1,29E-4;128,75;64,68;-0,14;-0,19
2,139;1,425;0,642;1,30E-4;129,54;64,18;-0,14;-0,19
2,140;1,449;0,636;1,30E-4;130,30;63,65;-0,14;-0,19
2,141;1,473;0,632;1,31E-4;131,07;63,16;-0,15;-0,20
2,142;1,497;0,627;1,32E-4;131,87;62,71;-0,15;-0,20
2,143;1,521;0,621;1,33E-4;132,63;62,15;-0,15;-0,20
2,144;1,546;0,617;1,33E-4;133,41;61,67;-0,15;-0,21
2,145;1,570;0,612;1,34E-4;134,20;61,19;-0,16;-0,21
2,146;1,595;0,607;1,35E-4;134,98;60,71;-0,16;-0,21
2,147;1,619;0,602;1,36E-4;135,77;60,15;-0,16;-0,22
2,148;1,644;0,596;1,37E-4;136,59;59,64;-0,16;-0,22
2,149;1,670;0,591;1,37E-4;137,42;59,15;-0,17;-0,23
2,150;1,696;0,587;1,38E-4;138,23;58,65;-0,17;-0,23
2,151;1,721;0,583;1,39E-4;139,06;58,29;-0,17;-0,23
2,152;1,745;0,577;1,40E-4;139,83;57,68;-0,17;-0,24
2,153;1,772;0,574;1,41E-4;140,69;57,41;-0,18;-0,24
2,154;1,798;0,570;1,42E-4;141,52;56,96;-0,18;-0,24
2,155;1,824;0,564;1,42E-4;142,34;56,44;-0,18;-0,25
2,156;1,850;0,559;1,43E-4;143,17;55,94;-0,18;-0,25
2,157;1,876;0,555;1,44E-4;144,01;55,54;-0,19;-0,25
2,158;1,902;0,551;1,45E-4;144,84;55,14;-0,19;-0,26
2,159;1,928;0,547;1,46E-4;145,68;54,68;-0,19;-0,26
2,160;1,955;0,543;1,47E-4;146,54;54,30;-0,19;-0,26
2,161;1,981;0,539;1,47E-4;147,39;53,88;-0,20;-0,27
2,162;2,008;0,535;1,48E-4;148,24;53,46;-0,20;-0,27
2,163;2,035;0,531;1,49E-4;149,11;53,05;-0,20;-0,27
2,164;2,060;0,525;1,50E-4;149,93;52,55;-0,20;-0,28
2,165;2,087;0,521;1,51E-4;150,79;52,10;-0,21;-0,28
2,166;2,114;0,517;1,52E-4;151,66;51,65;-0,21;-0,29
2,167;2,142;0,514;1,53E-4;152,56;51,38;-0,21;-0,29
2,168;2,169;0,510;1,53E-4;153,43;50,99;-0,21;-0,29
2,169;2,197;0,506;1,54E-4;154,31;50,65;-0,22;-0,29
2,170;2,224;0,502;1,55E-4;155,19;50,19;-0,22;-0,30
2,171;2,254;0,499;1,56E-4;156,14;49,85;-0,22;-0,30
2,172;2,284;0,495;1,57E-4;157,11;49,52;-0,22;-0,30
2,173;2,312;0,492;1,58E-4;158,01;49,17;-0,23;-0,31
2,174;2,338;0,486;1,59E-4;158,84;48,63;-0,23;-0,31
2,175;2,365;0,483;1,60E-4;159,72;48,31;-0,23;-0,31
2,176;2,395;0,481;1,61E-4;160,67;48,08;-0,23;-0,32
2,177;2,423;0,476;1,62E-4;161,59;47,62;-0,24;-0,32
2,178;2,452;0,473;1,63E-4;162,52;47,26;-0,24;-0,32
2,179;2,481;0,469;1,63E-4;163,45;46,91;-0,24;-0,33
2,180;2,510;0,465;1,64E-4;164,36;46,54;-0,24;-0,33
2,181;2,539;0,462;1,65E-4;165,29;46,15;-0,25;-0,33
2,182;2,568;0,458;1,66E-4;166,23;45,77;-0,25;-0,34
2,183;2,597;0,454;1,67E-4;167,15;45,40;-0,25;-0,34
2,184;2,627;0,451;1,68E-4;168,12;45,11;-0,25;-0,34
2,185;2,657;0,447;1,69E-4;169,07;44,72;-0,26;-0,35
2,186;2,686;0,443;1,70E-4;170,01;44,33;-0,26;-0,35
2,187;2,716;0,441;1,71E-4;171,00;44,08;-0,26;-0,35
2,188;2,746;0,438;1,72E-4;171,94;43,78;-0,26;-0,36
2,189;2,777;0,436;1,73E-4;172,93;43,56;-0,27;-0,36
2,190;2,807;0,433;1,74E-4;173,91;43,28;-0,27;-0,36
2,191;2,837;0,430;1,75E-4;174,87;43,04;-0,27;-0,36
2,192;2,868;0,428;1,76E-4;175,86;42,78;-0,27;-0,37
2,193;2,899;0,425;1,77E-4;176,84;42,51;-0,28;-0,37
2,194;2,928;0,423;1,78E-4;177,80;42,26;-0,28;-0,37
2,195;2,959;0,421;1,79E-4;178,78;42,05;-0,28;-0,37
2,196;2,989;0,418;1,80E-4;179,74;41,79;-0,28;-0,38
2,197;3,019;0,416;1,81E-4;180,71;41,56;-0,29;-0,38
2,198;3,049;0,413;1,82E-4;181,67;41,28;-0,29;-0,38
2,199;3,078;0,410;1,83E-4;182,62;41,01;-0,29;-0,39
2,200;3,110;0,409;1,84E-4;183,62;40,86;-0,29;-0,39
2,201;3,140;0,407;1,85E-4;184,59;40,66;-0,29;-0,39
2,202;3,169;0,403;1,86E-4;185,54;40,33;-0,30;-0,39
2,203;3,200;0,402;1,87E-4;186,52;40,16;-0,30;-0,39
2,204;3,230;0,399;1,87E-4;187,50;39,93;-0,30;-0,40
2,205;3,260;0,397;1,88E-4;188,44;39,68;-0,30;-0,40
2,206;3,288;0,393;1,89E-4;189,36;39,33;-0,31;-0,40
2,207;3,319;0,392;1,90E-4;190,33;39,16;-0,31;-0,41
2,208;3,349;0,390;1,91E-4;191,30;38,97;-0,31;-0,41
2,209;3,379;0,388;1,92E-4;192,27;38,81;-0,31;-0,41
2,210;3,408;0,386;1,93E-4;193,21;38,55;-0,31;-0,41
2,211;3,437;0,383;1,94E-4;194,14;38,26;-0,32;-0,42
2,212;3,468;0,381;1,95E-4;195,12;38,09;-0,32;-0,42
2,213;3,497;0,378;1,96E-4;196,06;37,84;-0,32;-0,42
2,214;3,526;0,376;1,97E-4;196,97;37,58;-0,32;-0,42
2,215;3,553;0,373;1,98E-4;197,85;37,28;-0,32;-0,43
2,216;3,582;0,372;1,99E-4;198,77;37,17;-0,33;-0,43
2,217;3,609;0,369;2,00E-4;199,64;36,86;-0,33;-0,43
2,218;3,637;0,366;2,01E-4;200,56;36,62;-0,33;-0,43
2,219;3,667;0,365;2,02E-4;201,52;36,52;-0,33;-0,44
2,220;3,696;0,363;2,02E-4;202,45;36,28;-0,33;-0,44
2,221;3,724;0,360;2,03E-4;203,35;35,99;-0,34;-0,44
2,222;3,754;0,359;2,04E-4;204,31;35,86;-0,34;-0,44
2,223;3,782;0,356;2,05E-4;205,19;35,57;-0,34;-0,45
2,224;3,811;0,355;2,06E-4;206,14;35,48;-0,34;-0,45
2,225;3,839;0,353;2,07E-4;207,04;35,27;-0,34;-0,45
2,226;3,867;0,351;2,08E-4;207,93;35,08;-0,35;-0,45
2,227;3,896;0,350;2,09E-4;208,86;34,98;-0,35;-0,45
2,228;3,922;0,346;2,10E-4;209,69;34,60;-0,35;-0,46
2,229;3,950;0,345;2,11E-4;210,60;34,52;-0,35;-0,46
2,230;3,978;0,343;2,12E-4;211,51;34,35;-0,35;-0,46
2,231;4,006;0,341;2,12E-4;212,40;34,15;-0,36;-0,46
2,232;4,034;0,340;2,13E-4;213,28;33,97;-0,36;-0,47
2,233;4,061;0,338;2,14E-4;214,15;33,76;-0,36;-0,47
2,234;4,088;0,336;2,15E-4;215,01;33,56;-0,36;-0,47
2,235;4,115;0,334;2,16E-4;215,89;33,40;-0,36;-0,47
2,236;4,143;0,334;2,17E-4;216,80;33,35;-0,36;-0,48
2,237;4,170;0,332;2,18E-4;217,66;33,16;-0,37;-0,48
2,238;4,197;0,329;2,19E-4;218,53;32,95;-0,37;-0,48
2,239;4,224;0,328;2,19E-4;219,39;32,80;-0,37;-0,48
2,240;4,252;0,327;2,20E-4;220,28;32,70;-0,37;-0,48
2,241;4,278;0,326;2,21E-4;221,14;32,57;-0,37;-0,49
2,242;4,306;0,325;2,22E-4;222,01;32,48;-0,37;-0,49
2,243;4,331;0,323;2,23E-4;222,84;32,28;-0,38;-0,49
2,244;4,357;0,321;2,24E-4;223,65;32,07;-0,38;-0,49
2,245;4,383;0,320;2,24E-4;224,50;31,99;-0,38;-0,49
2,246;4,409;0,318;2,25E-4;225,34;31,85;-0,38;-0,50
2,247;4,435;0,318;2,26E-4;226,17;31,78;-0,38;-0,50
2,248;4,460;0,315;2,27E-4;226,97;31,52;-0,38;-0,50
2,249;4,486;0,314;2,28E-4;227,81;31,45;-0,39;-0,50
2,250;4,511;0,313;2,29E-4;228,61;31,28;-0,39;-0,50
2,251;4,535;0,310;2,29E-4;229,37;31,02;-0,39;-0,51
2,252;4,561;0,310;2,30E-4;230,20;30,97;-0,39;-0,51
2,253;4,574;0,309;2,31E-4;230,64;30,92;-0,39;-0,51
2,254;4,568;0,307;2,30E-4;230,43;30,73;-0,39;-0,51
2,255;4,569;0,309;2,30E-4;230,47;30,94;-0,39;-0,51
2,256;4,566;0,310;2,30E-4;230,38;31,02;-0,39;-0,51
2,257;4,565;0,311;2,30E-4;230,33;31,08;-0,39;-0,51
2,258;4,564;0,310;2,30E-4;230,30;30,99;-0,39;-0,51
2,259;4,564;0,311;2,30E-4;230,31;31,08;-0,39;-0,51
2,260;4,565;0,312;2,30E-4;230,32;31,16;-0,39;-0,50
2,261;4,566;0,313;2,30E-4;230,36;31,28;-0,39;-0,50
2,262;4,566;0,312;2,30E-4;230,38;31,19;-0,39;-0,50
2,263;4,567;0,312;2,30E-4;230,41;31,21;-0,39;-0,50
2,264;4,568;0,312;2,30E-4;230,42;31,25;-0,39;-0,50
2,265;4,568;0,313;2,30E-4;230,42;31,32;-0,39;-0,50
2,266;4,566;0,313;2,30E-4;230,36;31,27;-0,39;-0,50
2,267;4,566;0,313;2,30E-4;230,38;31,32;-0,39;-0,50
2,268;4,565;0,314;2,30E-4;230,35;31,41;-0,39;-0,50
2,269;4,564;0,313;2,30E-4;230,31;31,30;-0,39;-0,50
2,270;4,563;0,312;2,30E-4;230,26;31,22;-0,39;-0,50
2,271;4,563;0,312;2,30E-4;230,27;31,24;-0,39;-0,50
2,272;4,564;0,314;2,30E-4;230,30;31,40;-0,39;-0,50
2,273;4,564;0,314;2,30E-4;230,31;31,37;-0,39;-0,50
2,274;4,564;0,314;2,30E-4;230,30;31,36;-0,39;-0,50
2,275;4,564;0,314;2,30E-4;230,29;31,35;-0,39;-0,50
2,276;4,565;0,314;2,30E-4;230,33;31,44;-0,39;-0,50
2,277;4,566;0,316;2,30E-4;230,38;31,57;-0,39;-0,50
2,278;4,566;0,315;2,30E-4;230,35;31,54;-0,39;-0,50
2,279;4,566;0,316;2,30E-4;230,36;31,57;-0,39;-0,50
2,280;4,565;0,316;2,30E-4;230,35;31,61;-0,39;-0,50
2,281;4,565;0,315;2,30E-4;230,33;31,52;-0,39;-0,50
2,282;4,565;0,316;2,30E-4;230,34;31,58;-0,39;-0,50
2,283;4,565;0,315;2,30E-4;230,33;31,51;-0,39;-0,50
2,284;4,564;0,315;2,30E-4;230,31;31,50;-0,39;-0,50
2,285;4,564;0,315;2,30E-4;230,29;31,50;-0,39;-0,50
2,286;4,563;0,315;2,30E-4;230,27;31,49;-0,39;-0,50
2,287;4,564;0,316;2,30E-4;230,30;31,62;-0,39;-0,50
2,288;4,564;0,316;2,30E-4;230,31;31,62;-0,39;-0,50
2,289;4,564;0,316;2,30E-4;230,31;31,64;-0,39;-0,50
2,290;4,562;0,314;2,30E-4;230,24;31,44;-0,39;-0,50
2,291;4,564;0,317;2,30E-4;230,30;31,65;-0,39;-0,50
2,292;4,564;0,317;2,30E-4;230,29;31,67;-0,39;-0,50
2,293;4,564;0,317;2,30E-4;230,29;31,70;-0,39;-0,50
2,294;4,564;0,318;2,30E-4;230,30;31,76;-0,39;-0,50
2,295;4,563;0,317;2,30E-4;230,26;31,70;-0,39;-0,50
2,296;4,563;0,318;2,30E-4;230,27;31,76;-0,39;-0,50
2,297;4,563;0,318;2,30E-4;230,28;31,82;-0,39;-0,50
2,298;4,563;0,318;2,30E-4;230,27;31,85;-0,39;-0,50
2,299;4,563;0,318;2,30E-4;230,26;31,79;-0,39;-0,50
2,300;4,562;0,318;2,30E-4;230,25;31,79;-0,39;-0,50
2,301;4,562;0,318;2,30E-4;230,24;31,82;-0,39;-0,50
2,302;4,563;0,319;2,30E-4;230,28;31,92;-0,39;-0,49
2,303;4,563;0,319;2,30E-4;230,28;31,90;-0,39;-0,49
2,304;4,564;0,319;2,30E-4;230,31;31,93;-0,39;-0,49
2,305;4,563;0,319;2,30E-4;230,26;31,88;-0,39;-0,49
2,306;4,562;0,319;2,30E-4;230,25;31,91;-0,39;-0,49
2,307;4,561;0,318;2,30E-4;230,20;31,81;-0,39;-0,50
2,308;4,562;0,320;2,30E-4;230,24;31,98;-0,39;-0,49
2,309;4,561;0,319;2,30E-4;230,20;31,93;-0,39;-0,49
2,310;4,561;0,319;2,30E-4;230,21;31,94;-0,39;-0,49
2,311;4,561;0,319;2,30E-4;230,21;31,93;-0,39;-0,49
2,312;4,562;0,320;2,30E-4;230,24;32,05;-0,39;-0,49
2,313;4,562;0,321;2,30E-4;230,24;32,07;-0,39;-0,49
2,314;4,562;0,321;2,30E-4;230,24;32,12;-0,39;-0,49
2,315;4,561;0,320;2,30E-4;230,21;32,00;-0,39;-0,49
2,316;4,560;0,320;2,30E-4;230,16;31,95;-0,39;-0,49
2,317;4,560;0,320;2,30E-4;230,18;31,96;-0,39;-0,49
2,318;4,561;0,321;2,30E-4;230,21;32,12;-0,39;-0,49
2,319;4,561;0,321;2,30E-4;230,21;32,14;-0,39;-0,49
2,320;4,561;0,321;2,30E-4;230,21;32,15;-0,39;-0,49
2,321;4,561;0,321;2,30E-4;230,21;32,12;-0,39;-0,49
2,322;4,560;0,321;2,30E-4;230,18;32,07;-0,39;-0,49
2,323;4,562;0,323;2,30E-4;230,23;32,29;-0,39;-0,49
2,324;4,561;0,322;2,30E-4;230,21;32,23;-0,39;-0,49
2,325;4,560;0,321;2,30E-4;230,17;32,14;-0,39;-0,49
2,326;4,559;0,321;2,30E-4;230,15;32,05;-0,39;-0,49
2,327;4,559;0,321;2,30E-4;230,16;32,13;-0,39;-0,49
2,328;4,560;0,322;2,30E-4;230,19;32,23;-0,39;-0,49
2,329;4,561;0,323;2,30E-4;230,20;32,28;-0,39;-0,49
2,330;4,560;0,322;2,30E-4;230,17;32,24;-0,39;-0,49
2,331;4,561;0,323;2,30E-4;230,20;32,31;-0,39;-0,49
2,332;4,560;0,323;2,30E-4;230,19;32,28;-0,39;-0,49
2,333;4,560;0,323;2,30E-4;230,19;32,33;-0,39;-0,49
2,334;4,561;0,324;2,30E-4;230,21;32,37;-0,39;-0,49
2,335;4,561;0,324;2,30E-4;230,21;32,39;-0,39;-0,49
2,336;4,561;0,324;2,30E-4;230,19;32,37;-0,39;-0,49
2,337;4,559;0,323;2,30E-4;230,16;32,31;-0,39;-0,49
2,338;4,560;0,323;2,30E-4;230,16;32,29;-0,39;-0,49
2,339;4,560;0,323;2,30E-4;230,16;32,31;-0,39;-0,49
2,340;4,559;0,323;2,30E-4;230,15;32,27;-0,39;-0,49
2,341;4,560;0,324;2,30E-4;230,18;32,36;-0,39;-0,49
2,342;4,559;0,323;2,30E-4;230,14;32,26;-0,39;-0,49
2,343;4,560;0,324;2,30E-4;230,18;32,36;-0,39;-0,49
2,344;4,560;0,323;2,30E-4;230,17;32,34;-0,39;-0,49
2,345;4,561;0,324;2,30E-4;230,20;32,44;-0,39;-0,49
2,346;4,560;0,325;2,30E-4;230,19;32,46;-0,39;-0,49
2,347;4,559;0,324;2,30E-4;230,16;32,35;-0,39;-0,49
2,348;4,560;0,324;2,30E-4;230,17;32,37;-0,39;-0,49
2,349;4,561;0,325;2,30E-4;230,21;32,47;-0,39;-0,49
2,350;4,562;0,326;2,30E-4;230,24;32,56;-0,39;-0,49
2,351;4,561;0,325;2,30E-4;230,20;32,51;-0,39;-0,49
2,352;4,561;0,325;2,30E-4;230,19;32,50;-0,39;-0,49
2,353;4,562;0,326;2,30E-4;230,23;32,63;-0,39;-0,48
2,354;4,561;0,325;2,30E-4;230,21;32,55;-0,39;-0,49
2,355;4,561;0,325;2,30E-4;230,21;32,54;-0,39;-0,49
2,356;4,561;0,326;2,30E-4;230,22;32,64;-0,39;-0,48
2,357;4,561;0,326;2,30E-4;230,22;32,63;-0,39;-0,48
2,358;4,562;0,327;2,30E-4;230,24;32,68;-0,39;-0,48
2,359;4,562;0,326;2,30E-4;230,23;32,64;-0,39;-0,48
2,360;4,561;0,326;2,30E-4;230,20;32,56;-0,39;-0,49
2,361;4,560;0,326;2,30E-4;230,19;32,57;-0,39;-0,49
2,362;4,560;0,325;2,30E-4;230,18;32,52;-0,39;-0,49
2,363;4,560;0,325;2,30E-4;230,18;32,55;-0,39;-0,49
2,364;4,561;0,326;2,30E-4;230,20;32,61;-0,39;-0,48
2,365;4,561;0,327;2,30E-4;230,22;32,68;-0,39;-0,48
2,366;4,562;0,327;2,30E-4;230,23;32,69;-0,39;-0,48
2,367;4,561;0,327;2,30E-4;230,20;32,66;-0,39;-0,48
2,368;4,562;0,327;2,30E-4;230,22;32,72;-0,39;-0,48
2,369;4,562;0,328;2,30E-4;230,23;32,80;-0,39;-0,48
2,370;4,560;0,326;2,30E-4;230,19;32,64;-0,39;-0,48
2,371;4,560;0,326;2,30E-4;230,17;32,60;-0,39;-0,48
2,372;4,559;0,326;2,30E-4;230,16;32,62;-0,39;-0,48
2,373;4,560;0,327;2,30E-4;230,18;32,66;-0,39;-0,48
2,374;4,560;0,326;2,30E-4;230,17;32,63;-0,39;-0,48
2,375;4,560;0,327;2,30E-4;230,18;32,67;-0,39;-0,48
2,376;4,560;0,327;2,30E-4;230,19;32,73;-0,39;-0,48
2,377;4,560;0,327;2,30E-4;230,18;32,70;-0,39;-0,48
2,378;4,560;0,327;2,30E-4;230,19;32,75;-0,39;-0,48
2,379;4,561;0,327;2,30E-4;230,20;32,73;-0,39;-0,48
2,380;4,561;0,327;2,30E-4;230,19;32,73;-0,39;-0,48
2,381;4,561;0,328;2,30E-4;230,20;32,76;-0,39;-0,48
2,382;4,561;0,328;2,30E-4;230,21;32,80;-0,39;-0,48
2,383;4,561;0,328;2,30E-4;230,20;32,81;-0,39;-0,48
2,384;4,562;0,329;2,30E-4;230,24;32,93;-0,39;-0,48
2,385;4,561;0,329;2,30E-4;230,21;32,86;-0,39;-0,48
2,386;4,561;0,328;2,30E-4;230,21;32,85;-0,39;-0,48
2,387;4,561;0,329;2,30E-4;230,21;32,88;-0,39;-0,48
2,388;4,560;0,328;2,30E-4;230,19;32,81;-0,39;-0,48
2,389;4,560;0,327;2,30E-4;230,16;32,75;-0,39;-0,48
2,390;4,560;0,329;2,30E-4;230,19;32,86;-0,39;-0,48
2,391;4,561;0,329;2,30E-4;230,21;32,90;-0,39;-0,48
2,392;4,562;0,330;2,30E-4;230,23;32,99;-0,39;-0,48
2,393;4,561;0,329;2,30E-4;230,20;32,90;-0,39;-0,48
2,394;4,560;0,328;2,30E-4;230,17;32,82;-0,39;-0,48
2,395;4,560;0,329;2,30E-4;230,19;32,88;-0,39;-0,48
2,396;4,560;0,329;2,30E-4;230,19;32,91;-0,39;-0,48
2,397;4,561;0,330;2,30E-4;230,20;32,96;-0,39;-0,48
2,398;4,560;0,328;2,30E-4;230,17;32,82;-0,39;-0,48
2,399;4,560;0,328;2,30E-4;230,17;32,84;-0,39;-0,48
2,400;4,560;0,328;2,30E-4;230,17;32,83;-0,39;-0,48
2,401;4,560;0,329;2,30E-4;230,18;32,86;-0,39;-0,48
2,402;4,560;0,328;2,30E-4;230,16;32,83;-0,39;-0,48
2,403;4,561;0,330;2,30E-4;230,21;33,03;-0,39;-0,48
2,404;4,560;0,329;2,30E-4;230,19;32,95;-0,39;-0,48
2,405;4,560;0,330;2,30E-4;230,18;32,98;-0,39;-0,48
2,406;4,560;0,329;2,30E-4;230,18;32,94;-0,39;-0,48
2,407;4,560;0,329;2,30E-4;230,16;32,92;-0,39;-0,48
2,408;4,561;0,331;2,30E-4;230,22;33,06;-0,39;-0,48
2,409;4,561;0,331;2,30E-4;230,22;33,09;-0,39;-0,48
2,410;4,561;0,331;2,30E-4;230,22;33,06;-0,39;-0,48
2,411;4,560;0,330;2,30E-4;230,19;33,03;-0,39;-0,48
2,412;4,560;0,330;2,30E-4;230,19;33,00;-0,39;-0,48
2,413;4,560;0,330;2,30E-4;230,18;32,99;-0,39;-0,48
2,414;4,560;0,330;2,30E-4;230,19;33,04;-0,39;-0,48
2,415;4,561;0,331;2,30E-4;230,20;33,08;-0,39;-0,48
2,416;4,560;0,330;2,30E-4;230,18;33,03;-0,39;-0,48
2,417;4,560;0,331;2,30E-4;230,18;33,08;-0,39;-0,48
2,418;4,560;0,330;2,30E-4;230,16;33,03;-0,39;-0,48
2,419;4,559;0,331;2,30E-4;230,15;33,09;-0,39;-0,48
2,420;4,559;0,331;2,30E-4;230,16;33,12;-0,39;-0,48
2,421;4,558;0,330;2,30E-4;230,12;33,01;-0,39;-0,48
2,422;4,558;0,331;2,30E-4;230,12;33,12;-0,39;-0,48
2,423;4,558;0,332;2,30E-4;230,12;33,17;-0,39;-0,48
2,424;4,558;0,332;2,30E-4;230,11;33,20;-0,39;-0,48
2,425;4,556;0,331;2,30E-4;230,04;33,11;-0,39;-0,48
2,426;4,555;0,332;2,30E-4;230,01;33,19;-0,39;-0,48
2,427;4,553;0,331;2,30E-4;229,97;33,13;-0,39;-0,48
2,428;4,554;0,333;2,30E-4;229,97;33,26;-0,39;-0,48
2,429;4,553;0,332;2,30E-4;229,94;33,20;-0,39;-0,48
2,430;4,552;0,332;2,30E-4;229,92;33,19;-0,39;-0,48
2,431;4,552;0,332;2,30E-4;229,91;33,16;-0,39;-0,48
2,432;4,552;0,333;2,30E-4;229,92;33,26;-0,39;-0,48
2,433;4,553;0,333;2,30E-4;229,94;33,33;-0,39;-0,48
2,434;4,551;0,333;2,30E-4;229,90;33,25;-0,39;-0,48
2,435;4,551;0,333;2,30E-4;229,89;33,32;-0,39;-0,48
2,436;4,549;0,332;2,30E-4;229,83;33,21;-0,39;-0,48
2,437;4,549;0,333;2,30E-4;229,82;33,25;-0,39;-0,48
2,438;4,549;0,333;2,30E-4;229,81;33,26;-0,39;-0,48
2,439;4,548;0,332;2,30E-4;229,79;33,20;-0,39;-0,48
2,440;4,550;0,334;2,30E-4;229,85;33,38;-0,39;-0,47
2,441;4,550;0,334;2,30E-4;229,86;33,39;-0,39;-0,47
2,442;4,550;0,334;2,30E-4;229,87;33,43;-0,39;-0,47
2,443;4,549;0,333;2,30E-4;229,83;33,32;-0,39;-0,48
2,444;4,549;0,333;2,30E-4;229,82;33,29;-0,39;-0,48
2,445;4,549;0,332;2,30E-4;229,81;33,24;-0,39;-0,48
2,446;4,549;0,333;2,30E-4;229,82;33,33;-0,39;-0,48
2,447;4,551;0,335;2,30E-4;229,88;33,47;-0,39;-0,47
2,448;4,550;0,334;2,30E-4;229,86;33,43;-0,39;-0,47
2,449;4,550;0,334;2,30E-4;229,85;33,40;-0,39;-0,47
2,450;4,549;0,334;2,30E-4;229,83;33,35;-0,39;-0,48
2,451;4,549;0,333;2,30E-4;229,83;33,32;-0,39;-0,48
2,452;4,550;0,334;2,30E-4;229,85;33,37;-0,39;-0,47
2,453;4,550;0,334;2,30E-4;229,87;33,45;-0,39;-0,47
2,454;4,551;0,334;2,30E-4;229,88;33,40;-0,39;-0,47
2,455;4,551;0,334;2,30E-4;229,89;33,40;-0,39;-0,47
2,456;4,552;0,335;2,30E-4;229,93;33,48;-0,39;-0,47
2,457;4,552;0,335;2,30E-4;229,93;33,45;-0,39;-0,47
2,458;4,552;0,334;2,30E-4;229,92;33,39;-0,39;-0,47
2,459;4,552;0,334;2,30E-4;229,92;33,38;-0,39;-0,47
2,460;4,553;0,334;2,30E-4;229,94;33,39;-0,39;-0,47
2,461;4,552;0,333;2,30E-4;229,92;33,35;-0,39;-0,48
2,462;4,553;0,334;2,30E-4;229,95;33,39;-0,39;-0,47
2,463;4,555;0,335;2,30E-4;230,01;33,54;-0,39;-0,47
2,464;4,554;0,335;2,30E-4;230,00;33,54;-0,39;-0,47
2,465;4,554;0,335;2,30E-4;230,00;33,53;-0,39;-0,47
2,466;4,555;0,335;2,30E-4;230,00;33,55;-0,39;-0,47
2,467;4,555;0,336;2,30E-4;230,00;33,57;-0,39;-0,47
2,468;4,553;0,335;2,30E-4;229,97;33,46;-0,39;-0,47
2,469;4,553;0,333;2,30E-4;229,94;33,34;-0,39;-0,48
2,470;4,553;0,334;2,30E-4;229,95;33,44;-0,39;-0,47
2,471;4,555;0,336;2,30E-4;230,00;33,59;-0,39;-0,47
2,472;4,553;0,334;2,30E-4;229,97;33,45;-0,39;-0,47
2,473;4,554;0,335;2,30E-4;229,99;33,54;-0,39;-0,47
2,474;4,555;0,336;2,30E-4;230,01;33,55;-0,39;-0,47
2,475;4,555;0,336;2,30E-4;230,02;33,58;-0,39;-0,47
2,476;4,555;0,336;2,30E-4;230,02;33,55;-0,39;-0,47
2,477;4,555;0,335;2,30E-4;230,01;33,51;-0,39;-0,47
2,478;4,555;0,335;2,30E-4;230,02;33,51;-0,39;-0,47
2,479;4,555;0,335;2,30E-4;230,02;33,48;-0,39;-0,47
2,480;4,555;0,335;2,30E-4;230,02;33,54;-0,39;-0,47
2,481;4,555;0,335;2,30E-4;230,02;33,54;-0,39;-0,47
2,482;4,556;0,337;2,30E-4;230,04;33,66;-0,39;-0,47
2,483;4,556;0,337;2,30E-4;230,04;33,70;-0,39;-0,47
2,484;4,555;0,336;2,30E-4;230,02;33,64;-0,39;-0,47
2,485;4,555;0,336;2,30E-4;230,01;33,63;-0,39;-0,47
2,486;4,555;0,337;2,30E-4;230,01;33,70;-0,39;-0,47
2,487;4,555;0,337;2,30E-4;230,01;33,67;-0,39;-0,47
2,488;4,555;0,337;2,30E-4;230,00;33,74;-0,39;-0,47
2,489;4,553;0,336;2,30E-4;229,96;33,63;-0,39;-0,47
2,490;4,553;0,336;2,30E-4;229,95;33,59;-0,39;-0,47
2,491;4,553;0,337;2,30E-4;229,96;33,68;-0,39;-0,47
2,492;4,553;0,336;2,30E-4;229,95;33,65;-0,39;-0,47
2,493;4,553;0,338;2,30E-4;229,96;33,76;-0,39;-0,47
2,494;4,552;0,337;2,30E-4;229,93;33,69;-0,39;-0,47
2,495;4,551;0,336;2,30E-4;229,90;33,63;-0,39;-0,47
2,496;4,551;0,337;2,30E-4;229,90;33,68;-0,39;-0,47
2,497;4,551;0,337;2,30E-4;229,89;33,72;-0,39;-0,47
2,498;4,551;0,338;2,30E-4;229,89;33,81;-0,39;-0,47
2,499;4,550;0,338;2,30E-4;229,84;33,76;-0,39;-0,47
2,500;4,549;0,338;2,30E-4;229,81;33,76;-0,39;-0,47
2,501;4,547;0,337;2,30E-4;229,75;33,68;-0,39;-0,47
2,502;4,547;0,337;2,30E-4;229,74;33,71;-0,39;-0,47
2,503;4,547;0,338;2,30E-4;229,75;33,81;-0,39;-0,47
2,504;4,544;0,337;2,30E-4;229,67;33,66;-0,39;-0,47
2,505;4,544;0,337;2,30E-4;229,66;33,68;-0,39;-0,47
2,506;4,544;0,337;2,30E-4;229,66;33,75;-0,39;-0,47
2,507;4,544;0,339;2,30E-4;229,66;33,87;-0,39;-0,47
2,508;4,543;0,339;2,30E-4;229,63;33,86;-0,39;-0,47
2,509;4,541;0,338;2,30E-4;229,58;33,83;-0,39;-0,47
2,510;4,540;0,338;2,30E-4;229,53;33,82;-0,39;-0,47
2,511;4,539;0,339;2,30E-4;229,51;33,85;-0,39;-0,47
2,512;4,539;0,339;2,29E-4;229,49;33,93;-0,39;-0,47
2,513;4,537;0,339;2,29E-4;229,44;33,88;-0,39;-0,47
2,514;4,537;0,339;2,29E-4;229,43;33,94;-0,39;-0,47
2,515;4,535;0,340;2,29E-4;229,39;33,96;-0,39;-0,47
2,516;4,534;0,339;2,29E-4;229,35;33,94;-0,39;-0,47
2,517;4,533;0,339;2,29E-4;229,31;33,91;-0,39;-0,47
2,518;4,532;0,339;2,29E-4;229,27;33,91;-0,39;-0,47
2,519;4,531;0,339;2,29E-4;229,23;33,95;-0,39;-0,47
2,520;4,529;0,339;2,29E-4;229,17;33,90;-0,39;-0,47
2,521;4,529;0,340;2,29E-4;229,17;33,98;-0,39;-0,47
2,522;4,528;0,340;2,29E-4;229,14;34,01;-0,39;-0,47
2,523;4,525;0,339;2,29E-4;229,05;33,93;-0,39;-0,47
2,524;4,524;0,340;2,29E-4;229,03;33,98;-0,39;-0,47
2,525;4,524;0,340;2,29E-4;229,02;34,04;-0,39;-0,47
2,526;4,523;0,341;2,29E-4;229,00;34,15;-0,39;-0,46
2,527;4,522;0,341;2,29E-4;228,94;34,10;-0,39;-0,47
2,528;4,520;0,340;2,29E-4;228,88;34,02;-0,39;-0,47
2,529;4,518;0,341;2,29E-4;228,83;34,06;-0,39;-0,47
2,530;4,518;0,342;2,29E-4;228,81;34,18;-0,39;-0,46
2,531;4,518;0,343;2,29E-4;228,82;34,35;-0,39;-0,46
2,532;4,516;0,343;2,29E-4;228,76;34,28;-0,39;-0,46
2,533;4,514;0,342;2,29E-4;228,69;34,22;-0,39;-0,46
2,534;4,514;0,343;2,29E-4;228,69;34,30;-0,39;-0,46
2,535;4,512;0,343;2,29E-4;228,64;34,33;-0,39;-0,46
2,536;4,511;0,343;2,29E-4;228,59;34,30;-0,39;-0,46
2,537;4,510;0,344;2,29E-4;228,58;34,38;-0,39;-0,46
2,538;4,508;0,343;2,29E-4;228,52;34,33;-0,39;-0,46
2,539;4,505;0,341;2,28E-4;228,41;34,15;-0,39;-0,46
2,540;4,506;0,344;2,28E-4;228,43;34,36;-0,39;-0,46
2,541;4,503;0,342;2,28E-4;228,34;34,23;-0,39;-0,46
2,542;4,501;0,342;2,28E-4;228,28;34,17;-0,39;-0,46
2,543;4,502;0,344;2,28E-4;228,30;34,41;-0,39;-0,46
2,544;4,498;0,342;2,28E-4;228,19;34,20;-0,39;-0,46
2,545;4,498;0,343;2,28E-4;228,19;34,34;-0,39;-0,46
2,546;4,497;0,344;2,28E-4;228,14;34,38;-0,39;-0,46
2,547;4,495;0,343;2,28E-4;228,09;34,33;-0,39;-0,46
2,548;4,495;0,344;2,28E-4;228,09;34,44;-0,39;-0,46
2,549;4,494;0,345;2,28E-4;228,05;34,50;-0,39;-0,46
2,550;4,492;0,345;2,28E-4;227,99;34,47;-0,39;-0,46
2,551;4,491;0,345;2,28E-4;227,96;34,49;-0,39;-0,46
2,552;4,489;0,345;2,28E-4;227,90;34,45;-0,39;-0,46
2,553;4,486;0,344;2,28E-4;227,81;34,41;-0,39;-0,46
2,554;4,484;0,344;2,28E-4;227,75;34,38;-0,39;-0,46
2,555;4,482;0,343;2,28E-4;227,66;34,35;-0,39;-0,46
2,556;4,482;0,346;2,28E-4;227,68;34,57;-0,39;-0,46
2,557;4,479;0,344;2,28E-4;227,57;34,44;-0,39;-0,46
2,558;4,476;0,344;2,27E-4;227,47;34,38;-0,39;-0,46
2,559;4,475;0,345;2,27E-4;227,44;34,49;-0,39;-0,46
2,560;4,472;0,345;2,27E-4;227,36;34,46;-0,39;-0,46
2,561;4,472;0,347;2,27E-4;227,35;34,70;-0,39;-0,46
2,562;4,468;0,346;2,27E-4;227,24;34,62;-0,39;-0,46
2,563;4,466;0,346;2,27E-4;227,15;34,64;-0,38;-0,46
2,564;4,464;0,347;2,27E-4;227,08;34,67;-0,38;-0,46
2,565;4,460;0,346;2,27E-4;226,97;34,60;-0,38;-0,46
2,566;4,458;0,347;2,27E-4;226,91;34,72;-0,38;-0,46
2,567;4,456;0,348;2,27E-4;226,83;34,76;-0,38;-0,46
2,568;4,452;0,347;2,27E-4;226,71;34,75;-0,38;-0,46
2,569;4,449;0,348;2,27E-4;226,60;34,76;-0,38;-0,46
2,570;4,447;0,349;2,27E-4;226,55;34,94;-0,38;-0,45
2,571;4,443;0,349;2,26E-4;226,41;34,85;-0,38;-0,46
2,572;4,440;0,349;2,26E-4;226,32;34,94;-0,38;-0,45
2,573;4,436;0,349;2,26E-4;226,21;34,91;-0,38;-0,46
2,574;4,433;0,349;2,26E-4;226,09;34,91;-0,38;-0,46
2,575;4,429;0,348;2,26E-4;225,96;34,85;-0,38;-0,46
2,576;4,426;0,350;2,26E-4;225,89;35,00;-0,38;-0,45
2,577;4,423;0,350;2,26E-4;225,79;35,02;-0,38;-0,45
2,578;4,420;0,350;2,26E-4;225,67;35,01;-0,38;-0,45
2,579;4,416;0,350;2,26E-4;225,56;35,02;-0,38;-0,45
2,580;4,413;0,352;2,25E-4;225,47;35,15;-0,38;-0,45
2,581;4,409;0,351;2,25E-4;225,33;35,10;-0,38;-0,45
2,582;4,406;0,351;2,25E-4;225,23;35,13;-0,38;-0,45
2,583;4,402;0,351;2,25E-4;225,11;35,14;-0,38;-0,45
2,584;4,399;0,353;2,25E-4;225,01;35,26;-0,38;-0,45
2,585;4,396;0,353;2,25E-4;224,90;35,29;-0,38;-0,45
2,586;4,391;0,352;2,25E-4;224,74;35,20;-0,38;-0,45
2,587;4,389;0,355;2,25E-4;224,69;35,47;-0,38;-0,45
2,588;4,383;0,353;2,25E-4;224,51;35,30;-0,38;-0,45
2,589;4,380;0,354;2,24E-4;224,39;35,40;-0,38;-0,45
2,590;4,376;0,354;2,24E-4;224,27;35,42;-0,38;-0,45
2,591;4,372;0,354;2,24E-4;224,13;35,37;-0,38;-0,45
2,592;4,368;0,354;2,24E-4;224,02;35,40;-0,38;-0,45
2,593;4,365;0,355;2,24E-4;223,90;35,46;-0,38;-0,45
2,594;4,362;0,356;2,24E-4;223,81;35,58;-0,38;-0,45
2,595;4,357;0,355;2,24E-4;223,66;35,53;-0,38;-0,45
2,596;4,354;0,357;2,24E-4;223,55;35,68;-0,38;-0,45
2,597;4,351;0,357;2,23E-4;223,45;35,73;-0,38;-0,45
2,598;4,346;0,357;2,23E-4;223,31;35,68;-0,38;-0,45
2,599;4,342;0,357;2,23E-4;223,17;35,73;-0,38;-0,45
2,600;4,337;0,357;2,23E-4;223,03;35,73;-0,38;-0,45
2,601;4,333;0,357;2,23E-4;222,89;35,71;-0,38;-0,45
2,602;4,330;0,358;2,23E-4;222,80;35,84;-0,38;-0,44
2,603;4,326;0,359;2,23E-4;222,67;35,86;-0,38;-0,44
2,604;4,323;0,360;2,23E-4;222,58;35,95;-0,38;-0,44
2,605;4,320;0,360;2,22E-4;222,46;36,03;-0,38;-0,44
2,606;4,316;0,360;2,22E-4;222,33;35,99;-0,38;-0,44
2,607;4,312;0,360;2,22E-4;222,23;36,05;-0,38;-0,44
2,608;4,308;0,360;2,22E-4;222,08;36,01;-0,38;-0,44
2,609;4,304;0,360;2,22E-4;221,96;36,04;-0,37;-0,44
2,610;4,301;0,361;2,22E-4;221,86;36,07;-0,37;-0,44
2,611;4,299;0,362;2,22E-4;221,79;36,24;-0,37;-0,44
2,612;4,294;0,361;2,22E-4;221,64;36,13;-0,37;-0,44
2,613;4,291;0,362;2,22E-4;221,54;36,21;-0,37;-0,44
2,614;4,287;0,362;2,21E-4;221,42;36,17;-0,37;-0,44
2,615;4,284;0,362;2,21E-4;221,30;36,18;-0,37;-0,44
2,616;4,281;0,363;2,21E-4;221,23;36,31;-0,37;-0,44
2,617;4,278;0,363;2,21E-4;221,14;36,34;-0,37;-0,44
2,618;4,274;0,363;2,21E-4;221,01;36,27;-0,37;-0,44
2,619;4,271;0,363;2,21E-4;220,91;36,32;-0,37;-0,44
2,620;4,269;0,364;2,21E-4;220,84;36,42;-0,37;-0,44
2,621;4,266;0,364;2,21E-4;220,75;36,45;-0,37;-0,44
2,622;4,263;0,363;2,21E-4;220,63;36,27;-0,37;-0,44
2,623;4,259;0,363;2,21E-4;220,51;36,25;-0,37;-0,44
2,624;4,256;0,363;2,20E-4;220,43;36,32;-0,37;-0,44
2,625;4,254;0,363;2,20E-4;220,34;36,33;-0,37;-0,44
2,626;4,251;0,364;2,20E-4;220,26;36,39;-0,37;-0,44
2,627;4,250;0,365;2,20E-4;220,22;36,54;-0,37;-0,44
2,628;4,248;0,367;2,20E-4;220,16;36,66;-0,37;-0,43
2,629;4,246;0,366;2,20E-4;220,08;36,61;-0,37;-0,43
2,630;4,243;0,366;2,20E-4;219,98;36,60;-0,37;-0,43
2,631;4,240;0,366;2,20E-4;219,92;36,64;-0,37;-0,43
2,632;4,238;0,367;2,20E-4;219,84;36,69;-0,37;-0,43
2,633;4,235;0,366;2,20E-4;219,74;36,62;-0,37;-0,43
2,634;4,232;0,366;2,20E-4;219,65;36,65;-0,37;-0,43
2,635;4,230;0,367;2,20E-4;219,59;36,68;-0,37;-0,43
2,636;4,228;0,367;2,20E-4;219,52;36,68;-0,37;-0,43
2,637;4,227;0,368;2,19E-4;219,47;36,77;-0,37;-0,43
2,638;4,225;0,369;2,19E-4;219,42;36,85;-0,37;-0,43
2,639;4,223;0,369;2,19E-4;219,35;36,86;-0,37;-0,43
2,640;4,221;0,369;2,19E-4;219,28;36,89;-0,37;-0,43
2,641;4,218;0,368;2,19E-4;219,18;36,85;-0,37;-0,43
2,642;4,215;0,368;2,19E-4;219,12;36,85;-0,37;-0,43
2,643;4,213;0,368;2,19E-4;219,03;36,83;-0,37;-0,43
2,644;4,211;0,369;2,19E-4;218,98;36,93;-0,37;-0,43
2,645;4,209;0,370;2,19E-4;218,90;36,95;-0,37;-0,43
2,646;4,207;0,370;2,19E-4;218,86;36,99;-0,37;-0,43
2,647;4,205;0,370;2,19E-4;218,77;37,01;-0,37;-0,43
2,648;4,202;0,369;2,19E-4;218,68;36,91;-0,37;-0,43
2,649;4,200;0,370;2,19E-4;218,61;37,03;-0,37;-0,43
2,650;4,199;0,371;2,19E-4;218,57;37,14;-0,37;-0,43
2,651;4,196;0,371;2,18E-4;218,48;37,08;-0,37;-0,43
2,652;4,193;0,370;2,18E-4;218,38;37,02;-0,37;-0,43
2,653;4,191;0,370;2,18E-4;218,32;37,04;-0,37;-0,43
2,654;4,189;0,370;2,18E-4;218,25;37,04;-0,37;-0,43
2,655;4,186;0,370;2,18E-4;218,18;37,03;-0,37;-0,43
2,656;4,184;0,370;2,18E-4;218,09;37,01;-0,37;-0,43
2,657;4,182;0,371;2,18E-4;218,05;37,13;-0,37;-0,43
2,658;4,181;0,372;2,18E-4;217,99;37,15;-0,37;-0,43
2,659;4,178;0,372;2,18E-4;217,93;37,19;-0,37;-0,43
2,660;4,176;0,372;2,18E-4;217,86;37,22;-0,37;-0,43
2,661;4,176;0,374;2,18E-4;217,85;37,45;-0,37;-0,42
2,662;4,172;0,373;2,18E-4;217,72;37,29;-0,37;-0,43
2,663;4,168;0,372;2,18E-4;217,59;37,19;-0,37;-0,43
2,664;4,166;0,372;2,18E-4;217,54;37,22;-0,37;-0,43
2,665;4,165;0,373;2,17E-4;217,48;37,33;-0,37;-0,43
2,666;4,162;0,373;2,17E-4;217,39;37,28;-0,37;-0,43
2,667;4,160;0,374;2,17E-4;217,34;37,38;-0,37;-0,43
2,668;4,158;0,374;2,17E-4;217,26;37,36;-0,37;-0,43
2,669;4,155;0,373;2,17E-4;217,16;37,33;-0,37;-0,43
2,670;4,153;0,374;2,17E-4;217,11;37,41;-0,37;-0,43
2,671;4,150;0,373;2,17E-4;217,01;37,34;-0,37;-0,43
2,672;4,148;0,374;2,17E-4;216,94;37,41;-0,36;-0,43
2,673;4,145;0,374;2,17E-4;216,84;37,40;-0,36;-0,43
2,674;4,143;0,375;2,17E-4;216,79;37,50;-0,36;-0,42
2,675;4,142;0,376;2,17E-4;216,76;37,64;-0,36;-0,42
2,676;4,139;0,376;2,17E-4;216,67;37,62;-0,36;-0,42
2,677;4,136;0,375;2,17E-4;216,56;37,55;-0,36;-0,42
2,678;4,133;0,376;2,16E-4;216,47;37,56;-0,36;-0,42
2,679;4,132;0,377;2,16E-4;216,43;37,72;-0,36;-0,42
2,680;4,128;0,376;2,16E-4;216,30;37,60;-0,36;-0,42
2,681;4,126;0,377;2,16E-4;216,23;37,68;-0,36;-0,42
2,682;4,123;0,377;2,16E-4;216,15;37,71;-0,36;-0,42
2,683;4,121;0,377;2,16E-4;216,08;37,73;-0,36;-0,42
2,684;4,119;0,378;2,16E-4;216,01;37,77;-0,36;-0,42
2,685;4,116;0,379;2,16E-4;215,93;37,86;-0,36;-0,42
2,686;4,113;0,379;2,16E-4;215,83;37,89;-0,36;-0,42
2,687;4,109;0,377;2,16E-4;215,71;37,75;-0,36;-0,42
2,688;4,106;0,377;2,16E-4;215,61;37,75;-0,36;-0,42
2,689;4,104;0,378;2,16E-4;215,54;37,78;-0,36;-0,42
2,690;4,101;0,378;2,15E-4;215,44;37,78;-0,36;-0,42
2,691;4,098;0,378;2,15E-4;215,36;37,82;-0,36;-0,42
2,692;4,096;0,379;2,15E-4;215,27;37,87;-0,36;-0,42
2,693;4,093;0,379;2,15E-4;215,17;37,87;-0,36;-0,42
2,694;4,091;0,380;2,15E-4;215,12;38,00;-0,36;-0,42
2,695;4,088;0,380;2,15E-4;215,02;38,04;-0,36;-0,42
2,696;4,086;0,381;2,15E-4;214,95;38,11;-0,36;-0,42
2,697;4,082;0,380;2,15E-4;214,83;37,99;-0,36;-0,42
2,698;4,079;0,380;2,15E-4;214,73;38,02;-0,36;-0,42
2,699;4,078;0,382;2,15E-4;214,69;38,23;-0,36;-0,42
2,700;4,074;0,381;2,15E-4;214,56;38,15;-0,36;-0,42
2,701;4,072;0,382;2,14E-4;214,50;38,20;-0,36;-0,42
2,702;4,070;0,383;2,14E-4;214,44;38,26;-0,36;-0,42
2,703;4,066;0,382;2,14E-4;214,32;38,17;-0,36;-0,42
2,704;4,063;0,382;2,14E-4;214,23;38,19;-0,36;-0,42
2,705;4,061;0,383;2,14E-4;214,17;38,28;-0,36;-0,42
2,706;4,058;0,383;2,14E-4;214,07;38,29;-0,36;-0,42
2,707;4,057;0,384;2,14E-4;214,01;38,40;-0,36;-0,41
2,708;4,053;0,384;2,14E-4;213,91;38,42;-0,36;-0,41
2,709;4,050;0,383;2,14E-4;213,80;38,26;-0,36;-0,42
2,710;4,049;0,384;2,14E-4;213,77;38,41;-0,36;-0,41
2,711;4,046;0,384;2,14E-4;213,67;38,42;-0,36;-0,41
2,712;4,043;0,385;2,14E-4;213,59;38,46;-0,36;-0,41
2,713;4,041;0,384;2,14E-4;213,51;38,43;-0,36;-0,41
2,714;4,039;0,385;2,13E-4;213,46;38,51;-0,36;-0,41
2,715;4,036;0,385;2,13E-4;213,37;38,54;-0,36;-0,41
2,716;4,034;0,385;2,13E-4;213,29;38,54;-0,36;-0,41
2,717;4,030;0,383;2,13E-4;213,16;38,34;-0,36;-0,41
2,718;4,029;0,385;2,13E-4;213,12;38,50;-0,36;-0,41
2,719;4,028;0,386;2,13E-4;213,09;38,62;-0,36;-0,41
2,720;4,026;0,387;2,13E-4;213,02;38,69;-0,36;-0,41
2,721;4,022;0,387;2,13E-4;212,91;38,68;-0,36;-0,41
2,722;4,019;0,386;2,13E-4;212,81;38,60;-0,36;-0,41
2,723;4,016;0,385;2,13E-4;212,71;38,54;-0,36;-0,41
2,724;4,013;0,385;2,13E-4;212,63;38,52;-0,36;-0,41
2,725;4,012;0,387;2,13E-4;212,58;38,67;-0,36;-0,41
2,726;4,011;0,388;2,13E-4;212,54;38,83;-0,36;-0,41
2,727;4,008;0,389;2,12E-4;212,46;38,87;-0,36;-0,41
2,728;4,005;0,388;2,12E-4;212,35;38,78;-0,36;-0,41
2,729;4,003;0,389;2,12E-4;212,29;38,85;-0,36;-0,41
2,730;4,001;0,389;2,12E-4;212,22;38,93;-0,36;-0,41
2,731;3,998;0,389;2,12E-4;212,13;38,90;-0,36;-0,41
2,732;3,994;0,388;2,12E-4;212,02;38,82;-0,35;-0,41
2,733;3,992;0,389;2,12E-4;211,94;38,90;-0,35;-0,41
2,734;3,990;0,389;2,12E-4;211,87;38,89;-0,35;-0,41
2,735;3,988;0,390;2,12E-4;211,81;39,03;-0,35;-0,41
2,736;3,985;0,390;2,12E-4;211,72;39,04;-0,35;-0,41
2,737;3,981;0,390;2,12E-4;211,60;38,99;-0,35;-0,41
2,738;3,979;0,389;2,12E-4;211,51;38,93;-0,35;-0,41
2,739;3,978;0,391;2,11E-4;211,49;39,11;-0,35;-0,41
2,740;3,975;0,390;2,11E-4;211,39;39,03;-0,35;-0,41
2,741;3,973;0,391;2,11E-4;211,34;39,11;-0,35;-0,41
2,742;3,971;0,392;2,11E-4;211,27;39,15;-0,35;-0,41
2,743;3,968;0,391;2,11E-4;211,17;39,09;-0,35;-0,41
2,744;3,965;0,390;2,11E-4;211,07;39,05;-0,35;-0,41
2,745;3,963;0,391;2,11E-4;211,03;39,08;-0,35;-0,41
2,746;3,963;0,392;2,11E-4;211,00;39,22;-0,35;-0,40
2,747;3,961;0,393;2,11E-4;210,95;39,29;-0,35;-0,40
2,748;3,959;0,393;2,11E-4;210,88;39,30;-0,35;-0,40
2,749;3,957;0,393;2,11E-4;210,81;39,34;-0,35;-0,40
2,750;3,955;0,393;2,11E-4;210,75;39,32;-0,35;-0,40
2,751;3,951;0,392;2,11E-4;210,64;39,19;-0,35;-0,41
2,752;3,950;0,393;2,11E-4;210,60;39,33;-0,35;-0,40
2,753;3,949;0,394;2,11E-4;210,55;39,38;-0,35;-0,40
2,754;3,946;0,392;2,10E-4;210,45;39,24;-0,35;-0,40
2,755;3,945;0,394;2,10E-4;210,44;39,42;-0,35;-0,40
2,756;3,943;0,394;2,10E-4;210,38;39,36;-0,35;-0,40
2,757;3,941;0,393;2,10E-4;210,31;39,32;-0,35;-0,40
2,758;3,940;0,394;2,10E-4;210,28;39,37;-0,35;-0,40
2,759;3,939;0,394;2,10E-4;210,25;39,43;-0,35;-0,40
2,760;3,940;0,396;2,10E-4;210,27;39,65;-0,35;-0,40
2,761;3,937;0,395;2,10E-4;210,19;39,54;-0,35;-0,40
2,762;3,935;0,395;2,10E-4;210,11;39,46;-0,35;-0,40
2,763;3,934;0,396;2,10E-4;210,09;39,55;-0,35;-0,40
2,764;3,933;0,395;2,10E-4;210,04;39,52;-0,35;-0,40
2,765;3,932;0,395;2,10E-4;210,00;39,55;-0,35;-0,40
2,766;3,932;0,397;2,10E-4;210,02;39,69;-0,35;-0,40
2,767;3,931;0,397;2,10E-4;209,97;39,70;-0,35;-0,40
2,768;3,928;0,396;2,10E-4;209,90;39,60;-0,35;-0,40
2,769;3,926;0,395;2,10E-4;209,84;39,55;-0,35;-0,40
2,770;3,926;0,396;2,10E-4;209,81;39,59;-0,35;-0,40
2,771;3,925;0,396;2,10E-4;209,79;39,61;-0,35;-0,40
2,772;3,924;0,397;2,10E-4;209,77;39,65;-0,35;-0,40
2,773;3,923;0,396;2,10E-4;209,74;39,65;-0,35;-0,40
2,774;3,923;0,397;2,10E-4;209,71;39,71;-0,35;-0,40
2,775;3,921;0,396;2,10E-4;209,67;39,65;-0,35;-0,40
2,776;3,919;0,395;2,10E-4;209,59;39,54;-0,35;-0,40
2,777;3,919;0,397;2,10E-4;209,59;39,68;-0,35;-0,40
2,778;3,916;0,395;2,10E-4;209,51;39,53;-0,35;-0,40
2,779;3,917;0,397;2,10E-4;209,52;39,67;-0,35;-0,40
2,780;3,915;0,397;2,09E-4;209,47;39,67;-0,35;-0,40
2,781;3,914;0,396;2,09E-4;209,43;39,63;-0,35;-0,40
2,782;3,913;0,397;2,09E-4;209,41;39,68;-0,35;-0,40
2,783;3,912;0,397;2,09E-4;209,39;39,72;-0,35;-0,40
2,784;3,911;0,397;2,09E-4;209,34;39,70;-0,35;-0,40
2,785;3,910;0,397;2,09E-4;209,32;39,71;-0,35;-0,40
2,786;3,909;0,397;2,09E-4;209,28;39,71;-0,35;-0,40
2,787;3,908;0,397;2,09E-4;209,25;39,74;-0,35;-0,40
2,788;3,909;0,399;2,09E-4;209,27;39,88;-0,35;-0,40
2,789;3,907;0,399;2,09E-4;209,22;39,86;-0,35;-0,40
2,790;3,906;0,399;2,09E-4;209,19;39,87;-0,35;-0,40
2,791;3,906;0,399;2,09E-4;209,19;39,93;-0,35;-0,40
2,792;3,905;0,400;2,09E-4;209,16;39,96;-0,35;-0,40
2,793;3,903;0,399;2,09E-4;209,10;39,87;-0,35;-0,40
2,794;3,903;0,399;2,09E-4;209,08;39,90;-0,35;-0,40
2,795;3,902;0,399;2,09E-4;209,07;39,93;-0,35;-0,40
2,796;3,901;0,399;2,09E-4;209,03;39,90;-0,35;-0,40
2,797;3,901;0,399;2,09E-4;209,02;39,91;-0,35;-0,40
2,798;3,900;0,399;2,09E-4;208,98;39,88;-0,35;-0,40
2,799;3,898;0,399;2,09E-4;208,94;39,88;-0,35;-0,40
2,800;3,899;0,400;2,09E-4;208,96;39,99;-0,35;-0,40
2,801;3,898;0,399;2,09E-4;208,92;39,91;-0,35;-0,40
2,802;3,898;0,400;2,09E-4;208,92;40,01;-0,35;-0,40
2,803;3,896;0,399;2,09E-4;208,86;39,90;-0,35;-0,40
2,804;3,895;0,399;2,09E-4;208,83;39,91;-0,35;-0,40
2,805;3,895;0,400;2,09E-4;208,83;39,99;-0,35;-0,40
2,806;3,894;0,400;2,09E-4;208,79;39,97;-0,35;-0,40
2,807;3,894;0,401;2,09E-4;208,80;40,07;-0,35;-0,40
2,808;3,893;0,400;2,09E-4;208,75;39,99;-0,35;-0,40
2,809;3,893;0,400;2,09E-4;208,75;40,04;-0,35;-0,40
2,810;3,892;0,401;2,09E-4;208,74;40,08;-0,35;-0,40
2,811;3,891;0,401;2,09E-4;208,70;40,07;-0,35;-0,40
2,812;3,890;0,400;2,09E-4;208,66;40,04;-0,35;-0,40
2,813;3,889;0,401;2,09E-4;208,64;40,10;-0,35;-0,40
2,814;3,888;0,401;2,09E-4;208,61;40,12;-0,35;-0,39
2,815;3,887;0,401;2,09E-4;208,57;40,10;-0,35;-0,40
2,816;3,887;0,402;2,09E-4;208,57;40,18;-0,35;-0,39
2,817;3,885;0,400;2,08E-4;208,49;40,02;-0,35;-0,40
2,818;3,882;0,399;2,08E-4;208,42;39,94;-0,35;-0,40
2,819;3,882;0,400;2,08E-4;208,41;39,99;-0,35;-0,40
2,820;3,881;0,400;2,08E-4;208,39;40,04;-0,35;-0,40
2,821;3,881;0,401;2,08E-4;208,38;40,13;-0,35;-0,39
2,822;3,879;0,401;2,08E-4;208,33;40,06;-0,35;-0,40
2,823;3,879;0,401;2,08E-4;208,33;40,15;-0,35;-0,39
2,824;3,879;0,402;2,08E-4;208,30;40,25;-0,35;-0,39
2,825;3,878;0,403;2,08E-4;208,28;40,26;-0,35;-0,39
2,826;3,875;0,401;2,08E-4;208,20;40,12;-0,35;-0,39
2,827;3,875;0,402;2,08E-4;208,17;40,16;-0,35;-0,39
2,828;3,875;0,403;2,08E-4;208,20;40,31;-0,35;-0,39
2,829;3,874;0,402;2,08E-4;208,16;40,23;-0,35;-0,39
2,830;3,873;0,402;2,08E-4;208,11;40,25;-0,35;-0,39
2,831;3,872;0,402;2,08E-4;208,10;40,25;-0,35;-0,39
2,832;3,871;0,403;2,08E-4;208,07;40,29;-0,35;-0,39
2,833;3,870;0,402;2,08E-4;208,02;40,20;-0,35;-0,39
2,834;3,870;0,403;2,08E-4;208,02;40,28;-0,35;-0,39
2,835;3,869;0,403;2,08E-4;208,00;40,33;-0,35;-0,39
2,836;3,868;0,404;2,08E-4;207,98;40,35;-0,35;-0,39
2,837;3,867;0,403;2,08E-4;207,93;40,27;-0,35;-0,39
2,838;3,867;0,404;2,08E-4;207,92;40,39;-0,35;-0,39
2,839;3,865;0,403;2,08E-4;207,87;40,30;-0,35;-0,39
2,840;3,865;0,404;2,08E-4;207,86;40,36;-0,35;-0,39
2,841;3,863;0,403;2,08E-4;207,81;40,31;-0,35;-0,39
2,842;3,863;0,403;2,08E-4;207,80;40,32;-0,35;-0,39
2,843;3,862;0,403;2,08E-4;207,77;40,29;-0,35;-0,39
2,844;3,861;0,403;2,08E-4;207,73;40,28;-0,35;-0,39
2,845;3,860;0,403;2,08E-4;207,71;40,32;-0,35;-0,39
2,846;3,861;0,404;2,08E-4;207,74;40,44;-0,35;-0,39
2,847;3,859;0,404;2,08E-4;207,69;40,43;-0,35;-0,39
2,848;3,858;0,403;2,08E-4;207,63;40,32;-0,35;-0,39
2,849;3,858;0,404;2,08E-4;207,65;40,38;-0,35;-0,39
2,850;3,858;0,405;2,08E-4;207,63;40,46;-0,35;-0,39
2,851;3,856;0,404;2,08E-4;207,58;40,41;-0,35;-0,39
2,852;3,856;0,404;2,08E-4;207,56;40,42;-0,35;-0,39
2,853;3,856;0,405;2,08E-4;207,58;40,51;-0,35;-0,39
2,854;3,853;0,403;2,07E-4;207,48;40,34;-0,35;-0,39
2,855;3,853;0,404;2,07E-4;207,47;40,37;-0,35;-0,39
2,856;3,853;0,405;2,07E-4;207,48;40,54;-0,35;-0,39
2,857;3,852;0,406;2,07E-4;207,46;40,56;-0,35;-0,39
2,858;3,851;0,405;2,07E-4;207,41;40,49;-0,35;-0,39
2,859;3,849;0,404;2,07E-4;207,35;40,37;-0,35;-0,39
2,860;3,848;0,404;2,07E-4;207,31;40,37;-0,35;-0,39
2,861;3,848;0,404;2,07E-4;207,31;40,41;-0,35;-0,39
2,862;3,847;0,405;2,07E-4;207,28;40,48;-0,35;-0,39
2,863;3,846;0,405;2,07E-4;207,27;40,52;-0,35;-0,39
2,864;3,845;0,405;2,07E-4;207,23;40,50;-0,35;-0,39
2,865;3,844;0,406;2,07E-4;207,20;40,56;-0,34;-0,39
2,866;3,842;0,405;2,07E-4;207,13;40,48;-0,34;-0,39
2,867;3,840;0,404;2,07E-4;207,08;40,43;-0,34;-0,39
2,868;3,840;0,405;2,07E-4;207,07;40,47;-0,34;-0,39
2,869;3,840;0,406;2,07E-4;207,06;40,63;-0,34;-0,39
2,870;3,838;0,405;2,07E-4;207,01;40,54;-0,34;-0,39
2,871;3,838;0,406;2,07E-4;206,99;40,61;-0,34;-0,39
2,872;3,837;0,407;2,07E-4;206,98;40,70;-0,34;-0,39
2,873;3,836;0,406;2,07E-4;206,92;40,63;-0,34;-0,39
2,874;3,834;0,406;2,07E-4;206,87;40,63;-0,34;-0,39
2,875;3,834;0,407;2,07E-4;206,86;40,72;-0,34;-0,39
2,876;3,832;0,407;2,07E-4;206,81;40,71;-0,34;-0,39
2,877;3,831;0,407;2,07E-4;206,76;40,72;-0,34;-0,39
2,878;3,829;0,407;2,07E-4;206,73;40,72;-0,34;-0,39
2,879;3,829;0,408;2,07E-4;206,71;40,83;-0,34;-0,39
2,880;3,827;0,408;2,07E-4;206,66;40,82;-0,34;-0,39
2,881;3,826;0,407;2,07E-4;206,60;40,71;-0,34;-0,39
2,882;3,825;0,408;2,07E-4;206,57;40,78;-0,34;-0,39
2,883;3,824;0,408;2,07E-4;206,54;40,84;-0,34;-0,39
2,884;3,822;0,408;2,06E-4;206,48;40,80;-0,34;-0,39
2,885;3,821;0,409;2,06E-4;206,46;40,85;-0,34;-0,39
2,886;3,821;0,409;2,06E-4;206,44;40,90;-0,34;-0,39
2,887;3,821;0,410;2,06E-4;206,44;41,00;-0,34;-0,39
2,888;3,818;0,409;2,06E-4;206,37;40,90;-0,34;-0,39
2,889;3,817;0,409;2,06E-4;206,33;40,90;-0,34;-0,39
2,890;3,816;0,409;2,06E-4;206,28;40,86;-0,34;-0,39
2,891;3,814;0,408;2,06E-4;206,23;40,80;-0,34;-0,39
2,892;3,813;0,408;2,06E-4;206,19;40,83;-0,34;-0,39
2,893;3,814;0,410;2,06E-4;206,23;41,02;-0,34;-0,39
2,894;3,813;0,410;2,06E-4;206,20;41,01;-0,34;-0,39
2,895;3,811;0,409;2,06E-4;206,12;40,87;-0,34;-0,39
2,896;3,811;0,410;2,06E-4;206,13;41,00;-0,34;-0,39
2,897;3,809;0,409;2,06E-4;206,07;40,85;-0,34;-0,39
2,898;3,809;0,409;2,06E-4;206,07;40,93;-0,34;-0,39
2,899;3,809;0,409;2,06E-4;206,07;40,94;-0,34;-0,39
2,900;3,809;0,410;2,06E-4;206,08;41,03;-0,34;-0,39
2,901;3,808;0,410;2,06E-4;206,04;40,96;-0,34;-0,39
2,902;3,808;0,410;2,06E-4;206,04;41,04;-0,34;-0,38
2,903;3,808;0,410;2,06E-4;206,03;41,00;-0,34;-0,39
2,904;3,807;0,409;2,06E-4;205,99;40,91;-0,34;-0,39
2,905;3,807;0,410;2,06E-4;206,01;40,99;-0,34;-0,39
2,906;3,807;0,411;2,06E-4;206,02;41,06;-0,34;-0,38
2,907;3,807;0,411;2,06E-4;206,01;41,07;-0,34;-0,38
2,908;3,808;0,411;2,06E-4;206,04;41,12;-0,34;-0,38
2,909;3,807;0,411;2,06E-4;206,02;41,09;-0,34;-0,38
2,910;3,805;0,409;2,06E-4;205,95;40,86;-0,34;-0,39
2,911;3,807;0,410;2,06E-4;206,00;41,01;-0,34;-0,39
2,912;3,806;0,410;2,06E-4;205,98;41,00;-0,34;-0,39
2,913;3,806;0,410;2,06E-4;205,98;40,96;-0,34;-0,39
2,914;3,807;0,411;2,06E-4;206,01;41,08;-0,34;-0,38
2,915;3,806;0,410;2,06E-4;205,99;41,01;-0,34;-0,39
2,916;3,806;0,410;2,06E-4;205,98;40,98;-0,34;-0,39
2,917;3,806;0,410;2,06E-4;205,97;40,96;-0,34;-0,39
2,918;3,806;0,410;2,06E-4;205,99;41,00;-0,34;-0,39
2,919;3,806;0,410;2,06E-4;205,99;41,03;-0,34;-0,39
2,920;3,807;0,411;2,06E-4;206,00;41,07;-0,34;-0,38
2,921;3,806;0,410;2,06E-4;205,98;41,05;-0,34;-0,38
2,922;3,807;0,411;2,06E-4;206,02;41,14;-0,34;-0,38
2,923;3,807;0,411;2,06E-4;206,00;41,10;-0,34;-0,38
2,924;3,807;0,410;2,06E-4;205,99;41,03;-0,34;-0,39
2,925;3,807;0,411;2,06E-4;206,00;41,07;-0,34;-0,38
2,926;3,807;0,411;2,06E-4;206,00;41,10;-0,34;-0,38
2,927;3,808;0,411;2,06E-4;206,03;41,14;-0,34;-0,38
2,928;3,807;0,411;2,06E-4;206,01;41,10;-0,34;-0,38
2,929;3,807;0,411;2,06E-4;206,00;41,07;-0,34;-0,38
2,930;3,807;0,411;2,06E-4;206,00;41,06;-0,34;-0,38
2,931;3,807;0,411;2,06E-4;206,02;41,13;-0,34;-0,38
2,932;3,808;0,412;2,06E-4;206,04;41,21;-0,34;-0,38
2,933;3,807;0,411;2,06E-4;206,02;41,09;-0,34;-0,38
2,934;3,808;0,412;2,06E-4;206,03;41,18;-0,34;-0,38
2,935;3,808;0,412;2,06E-4;206,03;41,18;-0,34;-0,38
2,936;3,806;0,410;2,06E-4;205,97;41,01;-0,34;-0,39
2,937;3,806;0,410;2,06E-4;205,98;41,00;-0,34;-0,39
2,938;3,807;0,411;2,06E-4;206,01;41,11;-0,34;-0,38
2,939;3,808;0,412;2,06E-4;206,03;41,17;-0,34;-0,38
2,940;3,807;0,412;2,06E-4;206,02;41,16;-0,34;-0,38
2,941;3,807;0,411;2,06E-4;206,01;41,12;-0,34;-0,38
2,942;3,808;0,412;2,06E-4;206,02;41,16;-0,34;-0,38
2,943;3,807;0,411;2,06E-4;206,00;41,11;-0,34;-0,38
2,944;3,807;0,411;2,06E-4;206,00;41,07;-0,34;-0,38
2,945;3,806;0,411;2,06E-4;205,99;41,08;-0,34;-0,38
2,946;3,807;0,411;2,06E-4;205,99;41,08;-0,34;-0,38
2,947;3,806;0,411;2,06E-4;205,98;41,08;-0,34;-0,38
2,948;3,806;0,411;2,06E-4;205,99;41,12;-0,34;-0,38
2,949;3,806;0,411;2,06E-4;205,99;41,14;-0,34;-0,38
2,950;3,807;0,412;2,06E-4;206,01;41,19;-0,34;-0,38
2,951;3,807;0,412;2,06E-4;206,02;41,21;-0,34;-0,38
2,952;3,807;0,411;2,06E-4;205,99;41,13;-0,34;-0,38
2,953;3,807;0,412;2,06E-4;206,01;41,16;-0,34;-0,38
2,954;3,807;0,411;2,06E-4;206,00;41,12;-0,34;-0,38
2,955;3,806;0,411;2,06E-4;205,97;41,08;-0,34;-0,38
2,956;3,806;0,411;2,06E-4;205,97;41,08;-0,34;-0,38
2,957;3,807;0,412;2,06E-4;206,00;41,23;-0,34;-0,38
2,958;3,807;0,413;2,06E-4;206,01;41,26;-0,34;-0,38
2,959;3,807;0,413;2,06E-4;206,02;41,32;-0,34;-0,38
2,960;3,808;0,414;2,06E-4;206,04;41,35;-0,34;-0,38
2,961;3,806;0,412;2,06E-4;205,98;41,18;-0,34;-0,38
2,962;3,806;0,412;2,06E-4;205,96;41,20;-0,34;-0,38
2,963;3,805;0,411;2,06E-4;205,95;41,13;-0,34;-0,38
2,964;3,804;0,411;2,06E-4;205,92;41,09;-0,34;-0,38
2,965;3,806;0,413;2,06E-4;205,97;41,29;-0,34;-0,38
2,966;3,805;0,412;2,06E-4;205,94;41,19;-0,34;-0,38
2,967;3,805;0,412;2,06E-4;205,94;41,24;-0,34;-0,38
2,968;3,804;0,411;2,06E-4;205,91;41,14;-0,34;-0,38
2,969;3,804;0,412;2,06E-4;205,91;41,19;-0,34;-0,38
2,970;3,806;0,413;2,06E-4;205,96;41,32;-0,34;-0,38
2,971;3,805;0,413;2,06E-4;205,94;41,29;-0,34;-0,38
2,972;3,804;0,412;2,06E-4;205,91;41,16;-0,34;-0,38
2,973;3,804;0,412;2,06E-4;205,92;41,25;-0,34;-0,38
2,974;3,805;0,413;2,06E-4;205,93;41,31;-0,34;-0,38
2,975;3,804;0,413;2,06E-4;205,91;41,26;-0,34;-0,38
2,976;3,804;0,413;2,06E-4;205,92;41,28;-0,34;-0,38
2,977;3,803;0,412;2,06E-4;205,88;41,18;-0,34;-0,38
2,978;3,804;0,413;2,06E-4;205,90;41,28;-0,34;-0,38
2,979;3,806;0,414;2,06E-4;205,96;41,45;-0,34;-0,38
2,980;3,804;0,413;2,06E-4;205,92;41,31;-0,34;-0,38
2,981;3,805;0,414;2,06E-4;205,95;41,41;-0,34;-0,38
2,982;3,804;0,413;2,06E-4;205,90;41,30;-0,34;-0,38
2,983;3,802;0,411;2,06E-4;205,85;41,13;-0,34;-0,38
2,984;3,803;0,413;2,06E-4;205,88;41,26;-0,34;-0,38
2,985;3,804;0,413;2,06E-4;205,91;41,32;-0,34;-0,38
2,986;3,804;0,413;2,06E-4;205,90;41,29;-0,34;-0,38
2,987;3,804;0,413;2,06E-4;205,90;41,30;-0,34;-0,38
2,988;3,805;0,414;2,06E-4;205,93;41,35;-0,34;-0,38
2,989;3,804;0,413;2,06E-4;205,91;41,31;-0,34;-0,38
2,990;3,804;0,414;2,06E-4;205,91;41,35;-0,34;-0,38
2,991;3,802;0,412;2,06E-4;205,86;41,18;-0,34;-0,38
2,992;3,804;0,413;2,06E-4;205,91;41,32;-0,34;-0,38
2,993;3,804;0,413;2,06E-4;205,90;41,33;-0,34;-0,38
2,994;3,804;0,413;2,06E-4;205,89;41,28;-0,34;-0,38
2,995;3,804;0,414;2,06E-4;205,91;41,38;-0,34;-0,38
2,996;3,804;0,414;2,06E-4;205,91;41,38;-0,34;-0,38
2,997;3,804;0,414;2,06E-4;205,91;41,40;-0,34;-0,38
2,998;3,804;0,414;2,06E-4;205,92;41,42;-0,34;-0,38
2,999;3,804;0,413;2,06E-4;205,90;41,34;-0,34;-0,38
3,000;3,803;0,413;2,06E-4;205,88;41,28;-0,34;-0,38
3,001;3,804;0,414;2,06E-4;205,92;41,42;-0,34;-0,38
3,002;3,804;0,414;2,06E-4;205,90;41,38;-0,34;-0,38
3,003;3,804;0,414;2,06E-4;205,90;41,39;-0,34;-0,38
3,004;3,803;0,413;2,06E-4;205,87;41,28;-0,34;-0,38
3,005;3,803;0,413;2,06E-4;205,89;41,34;-0,34;-0,38
3,006;3,803;0,413;2,06E-4;205,88;41,35;-0,34;-0,38
3,007;3,804;0,414;2,06E-4;205,90;41,41;-0,34;-0,38
3,008;3,803;0,414;2,06E-4;205,89;41,37;-0,34;-0,38
3,009;3,803;0,413;2,06E-4;205,88;41,29;-0,34;-0,38
3,010;3,803;0,413;2,06E-4;205,86;41,32;-0,34;-0,38
3,011;3,803;0,413;2,06E-4;205,87;41,33;-0,34;-0,38
3,012;3,803;0,413;2,06E-4;205,88;41,31;-0,34;-0,38
3,013;3,803;0,413;2,06E-4;205,86;41,33;-0,34;-0,38
3,014;3,803;0,414;2,06E-4;205,86;41,36;-0,34;-0,38
3,015;3,803;0,414;2,06E-4;205,87;41,36;-0,34;-0,38
3,016;3,803;0,414;2,06E-4;205,89;41,43;-0,34;-0,38
3,017;3,804;0,415;2,06E-4;205,92;41,55;-0,34;-0,38
3,018;3,803;0,414;2,06E-4;205,88;41,40;-0,34;-0,38
3,019;3,803;0,415;2,06E-4;205,89;41,47;-0,34;-0,38
3,020;3,803;0,414;2,06E-4;205,87;41,43;-0,34;-0,38
3,021;3,803;0,414;2,06E-4;205,87;41,40;-0,34;-0,38
3,022;3,802;0,414;2,06E-4;205,85;41,37;-0,34;-0,38
3,023;3,804;0,416;2,06E-4;205,90;41,58;-0,34;-0,38
3,024;3,805;0,417;2,06E-4;205,93;41,68;-0,34;-0,38
3,025;3,802;0,414;2,06E-4;205,84;41,41;-0,34;-0,38
3,026;3,801;0,413;2,06E-4;205,81;41,34;-0,34;-0,38
3,027;3,802;0,414;2,06E-4;205,83;41,40;-0,34;-0,38
3,028;3,801;0,414;2,06E-4;205,82;41,39;-0,34;-0,38
3,029;3,802;0,415;2,06E-4;205,86;41,49;-0,34;-0,38
3,030;3,802;0,415;2,06E-4;205,84;41,50;-0,34;-0,38
3,031;3,802;0,416;2,06E-4;205,85;41,55;-0,34;-0,38
3,032;3,801;0,415;2,06E-4;205,81;41,47;-0,34;-0,38
3,033;3,801;0,415;2,06E-4;205,82;41,51;-0,34;-0,38
3,034;3,801;0,415;2,06E-4;205,80;41,47;-0,34;-0,38
3,035;3,801;0,415;2,06E-4;205,81;41,50;-0,34;-0,38
3,036;3,801;0,416;2,06E-4;205,82;41,56;-0,34;-0,38
3,037;3,802;0,416;2,06E-4;205,85;41,61;-0,34;-0,38
3,038;3,800;0,415;2,06E-4;205,80;41,48;-0,34;-0,38
3,039;3,800;0,415;2,06E-4;205,80;41,51;-0,34;-0,38
3,040;3,801;0,416;2,06E-4;205,81;41,59;-0,34;-0,38
3,041;3,802;0,417;2,06E-4;205,84;41,71;-0,34;-0,38
3,042;3,801;0,416;2,06E-4;205,80;41,60;-0,34;-0,38
3,043;3,800;0,415;2,06E-4;205,78;41,53;-0,34;-0,38
3,044;3,801;0,417;2,06E-4;205,82;41,65;-0,34;-0,38
3,045;3,801;0,416;2,06E-4;205,81;41,62;-0,34;-0,38
3,046;3,801;0,416;2,06E-4;205,81;41,62;-0,34;-0,38
3,047;3,801;0,417;2,06E-4;205,81;41,65;-0,34;-0,38
3,048;3,801;0,416;2,06E-4;205,80;41,64;-0,34;-0,38
3,049;3,801;0,416;2,06E-4;205,82;41,61;-0,34;-0,38
3,050;3,801;0,416;2,06E-4;205,80;41,60;-0,34;-0,38
3,051;3,801;0,416;2,06E-4;205,80;41,63;-0,34;-0,38
3,052;3,800;0,415;2,06E-4;205,77;41,54;-0,34;-0,38
3,053;3,801;0,416;2,06E-4;205,80;41,62;-0,34;-0,38
3,054;3,800;0,416;2,06E-4;205,80;41,57;-0,34;-0,38
3,055;3,800;0,415;2,06E-4;205,78;41,53;-0,34;-0,38
3,056;3,800;0,416;2,06E-4;205,79;41,58;-0,34;-0,38
3,057;3,801;0,416;2,06E-4;205,82;41,64;-0,34;-0,38
3,058;3,800;0,415;2,06E-4;205,78;41,54;-0,34;-0,38
3,059;3,800;0,415;2,06E-4;205,77;41,53;-0,34;-0,38
3,060;3,800;0,416;2,06E-4;205,79;41,59;-0,34;-0,38
3,061;3,800;0,415;2,06E-4;205,77;41,51;-0,34;-0,38
3,062;3,801;0,417;2,06E-4;205,81;41,68;-0,34;-0,38
3,063;3,802;0,417;2,06E-4;205,83;41,69;-0,34;-0,38
3,064;3,802;0,418;2,06E-4;205,85;41,83;-0,34;-0,38
3,065;3,802;0,417;2,06E-4;205,84;41,75;-0,34;-0,38
3,066;3,802;0,418;2,06E-4;205,84;41,80;-0,34;-0,38
3,067;3,801;0,416;2,06E-4;205,80;41,65;-0,34;-0,38
3,068;3,801;0,417;2,06E-4;205,82;41,73;-0,34;-0,38
3,069;3,802;0,417;2,06E-4;205,83;41,68;-0,34;-0,38
3,070;3,800;0,416;2,06E-4;205,79;41,62;-0,34;-0,38
3,071;3,800;0,416;2,06E-4;205,80;41,63;-0,34;-0,38
3,072;3,800;0,416;2,06E-4;205,77;41,57;-0,34;-0,38
3,073;3,801;0,417;2,06E-4;205,83;41,73;-0,34;-0,38
3,074;3,800;0,416;2,06E-4;205,78;41,59;-0,34;-0,38
3,075;3,800;0,416;2,06E-4;205,78;41,61;-0,34;-0,38
3,076;3,800;0,416;2,06E-4;205,79;41,60;-0,34;-0,38
3,077;3,800;0,416;2,06E-4;205,78;41,62;-0,34;-0,38
3,078;3,801;0,417;2,06E-4;205,81;41,69;-0,34;-0,38
3,079;3,800;0,416;2,06E-4;205,78;41,63;-0,34;-0,38
3,080;3,800;0,416;2,06E-4;205,77;41,57;-0,34;-0,38
3,081;3,800;0,417;2,06E-4;205,79;41,69;-0,34;-0,38
3,082;3,801;0,417;2,06E-4;205,80;41,69;-0,34;-0,38
3,083;3,801;0,417;2,06E-4;205,82;41,75;-0,34;-0,38
3,084;3,800;0,417;2,06E-4;205,78;41,65;-0,34;-0,38
3,085;3,800;0,416;2,06E-4;205,78;41,63;-0,34;-0,38
3,086;3,800;0,417;2,06E-4;205,79;41,66;-0,34;-0,38
3,087;3,801;0,417;2,06E-4;205,81;41,72;-0,34;-0,38
3,088;3,800;0,417;2,06E-4;205,79;41,68;-0,34;-0,38
3,089;3,801;0,417;2,06E-4;205,80;41,72;-0,34;-0,38
3,090;3,800;0,417;2,06E-4;205,79;41,70;-0,34;-0,38
3,091;3,801;0,418;2,06E-4;205,80;41,76;-0,34;-0,38
3,092;3,801;0,418;2,06E-4;205,83;41,83;-0,34;-0,38
3,093;3,800;0,417;2,06E-4;205,79;41,74;-0,34;-0,38
3,094;3,800;0,416;2,06E-4;205,77;41,64;-0,34;-0,38
3,095;3,801;0,418;2,06E-4;205,82;41,78;-0,34;-0,38
3,096;3,801;0,417;2,06E-4;205,80;41,72;-0,34;-0,38
3,097;3,800;0,416;2,06E-4;205,78;41,63;-0,34;-0,38
3,098;3,800;0,417;2,06E-4;205,79;41,70;-0,34;-0,38
3,099;3,800;0,417;2,06E-4;205,79;41,71;-0,34;-0,38
3,100;3,799;0,417;2,06E-4;205,76;41,67;-0,34;-0,38
3,101;3,800;0,417;2,06E-4;205,77;41,72;-0,34;-0,38
3,102;3,799;0,417;2,06E-4;205,75;41,67;-0,34;-0,38
3,103;3,799;0,417;2,06E-4;205,75;41,73;-0,34;-0,38
3,104;3,799;0,417;2,06E-4;205,74;41,69;-0,34;-0,38
3,105;3,799;0,418;2,06E-4;205,76;41,77;-0,34;-0,38
3,106;3,800;0,418;2,06E-4;205,76;41,79;-0,34;-0,38
3,107;3,798;0,417;2,06E-4;205,71;41,69;-0,34;-0,38
3,108;3,798;0,418;2,06E-4;205,72;41,80;-0,34;-0,38
3,109;3,799;0,418;2,06E-4;205,74;41,85;-0,34;-0,38
3,110;3,797;0,417;2,06E-4;205,69;41,70;-0,34;-0,38
3,111;3,797;0,417;2,06E-4;205,68;41,72;-0,34;-0,38
3,112;3,797;0,418;2,06E-4;205,69;41,84;-0,34;-0,38
3,113;3,796;0,418;2,06E-4;205,65;41,79;-0,34;-0,38
3,114;3,795;0,418;2,06E-4;205,62;41,75;-0,34;-0,38
3,115;3,796;0,419;2,06E-4;205,66;41,91;-0,34;-0,38
3,116;3,796;0,419;2,06E-4;205,65;41,88;-0,34;-0,38
3,117;3,794;0,417;2,06E-4;205,58;41,74;-0,34;-0,38
3,118;3,794;0,418;2,06E-4;205,57;41,76;-0,34;-0,38
3,119;3,793;0,418;2,06E-4;205,57;41,83;-0,34;-0,38
3,120;3,792;0,418;2,06E-4;205,53;41,77;-0,34;-0,38
3,121;3,792;0,418;2,06E-4;205,53;41,81;-0,34;-0,38
3,122;3,791;0,418;2,05E-4;205,49;41,77;-0,34;-0,38
3,123;3,790;0,418;2,05E-4;205,46;41,80;-0,34;-0,38
3,124;3,790;0,418;2,05E-4;205,44;41,77;-0,34;-0,38
3,125;3,789;0,418;2,05E-4;205,43;41,82;-0,34;-0,38
3,126;3,789;0,419;2,05E-4;205,43;41,89;-0,34;-0,38
3,127;3,789;0,420;2,05E-4;205,44;41,96;-0,34;-0,38
3,128;3,787;0,418;2,05E-4;205,36;41,81;-0,34;-0,38
3,129;3,787;0,419;2,05E-4;205,35;41,88;-0,34;-0,38
3,130;3,787;0,420;2,05E-4;205,35;41,96;-0,34;-0,38
3,131;3,787;0,421;2,05E-4;205,35;42,05;-0,34;-0,37
3,132;3,785;0,420;2,05E-4;205,31;42,02;-0,34;-0,37
3,133;3,785;0,420;2,05E-4;205,29;42,03;-0,34;-0,37
3,134;3,783;0,420;2,05E-4;205,25;41,99;-0,34;-0,38
3,135;3,783;0,420;2,05E-4;205,24;42,02;-0,34;-0,37
3,136;3,783;0,421;2,05E-4;205,23;42,08;-0,34;-0,37
3,137;3,782;0,421;2,05E-4;205,20;42,08;-0,34;-0,37
3,138;3,781;0,421;2,05E-4;205,18;42,12;-0,34;-0,37
3,139;3,779;0,420;2,05E-4;205,12;41,99;-0,34;-0,38
3,140;3,779;0,421;2,05E-4;205,10;42,07;-0,34;-0,37
3,141;3,777;0,420;2,05E-4;205,06;42,03;-0,34;-0,37
3,142;3,777;0,420;2,05E-4;205,03;42,01;-0,34;-0,37
3,143;3,776;0,421;2,05E-4;205,02;42,12;-0,34;-0,37
3,144;3,775;0,421;2,05E-4;204,99;42,10;-0,34;-0,37
3,145;3,775;0,421;2,05E-4;204,98;42,14;-0,34;-0,37
3,146;3,774;0,421;2,05E-4;204,94;42,12;-0,34;-0,37
3,147;3,773;0,421;2,05E-4;204,91;42,11;-0,34;-0,37
3,148;3,772;0,421;2,05E-4;204,87;42,06;-0,34;-0,37
3,149;3,771;0,420;2,05E-4;204,84;42,05;-0,34;-0,37
3,150;3,770;0,421;2,05E-4;204,82;42,08;-0,34;-0,37
3,151;3,770;0,422;2,05E-4;204,80;42,16;-0,34;-0,37
3,152;3,769;0,421;2,05E-4;204,78;42,14;-0,34;-0,37
3,153;3,769;0,422;2,05E-4;204,77;42,20;-0,34;-0,37
3,154;3,768;0,422;2,05E-4;204,75;42,23;-0,34;-0,37
3,155;3,767;0,422;2,05E-4;204,72;42,23;-0,34;-0,37
3,156;3,766;0,422;2,05E-4;204,69;42,20;-0,34;-0,37
3,157;3,766;0,422;2,05E-4;204,67;42,20;-0,34;-0,37
3,158;3,766;0,423;2,05E-4;204,68;42,32;-0,34;-0,37
3,159;3,765;0,423;2,05E-4;204,64;42,29;-0,34;-0,37
3,160;3,764;0,423;2,05E-4;204,63;42,28;-0,34;-0,37
3,161;3,762;0,422;2,05E-4;204,56;42,18;-0,34;-0,37
3,162;3,763;0,424;2,05E-4;204,58;42,36;-0,34;-0,37
3,163;3,762;0,423;2,05E-4;204,56;42,33;-0,34;-0,37
3,164;3,761;0,424;2,05E-4;204,54;42,38;-0,34;-0,37
3,165;3,761;0,424;2,05E-4;204,54;42,41;-0,34;-0,37
3,166;3,759;0,423;2,04E-4;204,46;42,25;-0,34;-0,37
3,167;3,758;0,422;2,04E-4;204,44;42,23;-0,34;-0,37
3,168;3,758;0,422;2,04E-4;204,42;42,22;-0,34;-0,37
3,169;3,759;0,425;2,04E-4;204,46;42,46;-0,34;-0,37
3,170;3,756;0,423;2,04E-4;204,38;42,32;-0,34;-0,37
3,171;3,756;0,424;2,04E-4;204,38;42,37;-0,34;-0,37
3,172;3,754;0,423;2,04E-4;204,32;42,29;-0,34;-0,37
3,173;3,755;0,424;2,04E-4;204,33;42,40;-0,34;-0,37
3,174;3,754;0,424;2,04E-4;204,30;42,37;-0,34;-0,37
3,175;3,754;0,425;2,04E-4;204,30;42,45;-0,34;-0,37
3,176;3,752;0,424;2,04E-4;204,25;42,38;-0,34;-0,37
3,177;3,752;0,424;2,04E-4;204,24;42,43;-0,34;-0,37
3,178;3,752;0,425;2,04E-4;204,23;42,47;-0,34;-0,37
3,179;3,751;0,425;2,04E-4;204,21;42,47;-0,34;-0,37
3,180;3,750;0,425;2,04E-4;204,18;42,46;-0,34;-0,37
3,181;3,750;0,425;2,04E-4;204,17;42,49;-0,34;-0,37
3,182;3,750;0,426;2,04E-4;204,17;42,57;-0,34;-0,37
3,183;3,749;0,426;2,04E-4;204,15;42,57;-0,34;-0,37
3,184;3,748;0,425;2,04E-4;204,10;42,51;-0,34;-0,37
3,185;3,747;0,425;2,04E-4;204,08;42,53;-0,34;-0,37
3,186;3,746;0,425;2,04E-4;204,04;42,49;-0,34;-0,37
3,187;3,744;0,424;2,04E-4;204,00;42,45;-0,34;-0,37
3,188;3,745;0,426;2,04E-4;204,02;42,61;-0,34;-0,37
3,189;3,744;0,426;2,04E-4;203,99;42,59;-0,34;-0,37
3,190;3,742;0,425;2,04E-4;203,91;42,46;-0,34;-0,37
3,191;3,742;0,426;2,04E-4;203,92;42,63;-0,34;-0,37
3,192;3,742;0,427;2,04E-4;203,92;42,68;-0,34;-0,37
3,193;3,739;0,425;2,04E-4;203,83;42,51;-0,34;-0,37
3,194;3,738;0,425;2,04E-4;203,78;42,46;-0,34;-0,37
3,195;3,739;0,427;2,04E-4;203,82;42,66;-0,34;-0,37
3,196;3,738;0,427;2,04E-4;203,80;42,67;-0,34;-0,37
3,197;3,737;0,427;2,04E-4;203,75;42,66;-0,34;-0,37
3,198;3,736;0,427;2,04E-4;203,74;42,66;-0,34;-0,37
3,199;3,735;0,426;2,04E-4;203,70;42,63;-0,34;-0,37
3,200;3,734;0,426;2,04E-4;203,66;42,57;-0,34;-0,37
3,201;3,733;0,427;2,04E-4;203,64;42,66;-0,34;-0,37
3,202;3,733;0,427;2,04E-4;203,64;42,70;-0,34;-0,37
3,203;3,732;0,427;2,04E-4;203,60;42,67;-0,34;-0,37
3,204;3,730;0,426;2,04E-4;203,55;42,58;-0,34;-0,37
3,205;3,730;0,426;2,04E-4;203,54;42,59;-0,34;-0,37
3,206;3,731;0,427;2,04E-4;203,56;42,71;-0,34;-0,37
3,207;3,729;0,426;2,03E-4;203,50;42,62;-0,34;-0,37
3,208;3,728;0,426;2,03E-4;203,48;42,62;-0,34;-0,37
3,209;3,728;0,427;2,03E-4;203,48;42,69;-0,34;-0,37
3,210;3,727;0,426;2,03E-4;203,44;42,64;-0,34;-0,37
3,211;3,727;0,427;2,03E-4;203,44;42,72;-0,34;-0,37
3,212;3,726;0,427;2,03E-4;203,41;42,67;-0,34;-0,37
3,213;3,726;0,427;2,03E-4;203,39;42,67;-0,34;-0,37
3,214;3,725;0,426;2,03E-4;203,37;42,63;-0,34;-0,37
3,215;3,725;0,427;2,03E-4;203,37;42,70;-0,34;-0,37
3,216;3,725;0,428;2,03E-4;203,38;42,76;-0,34;-0,37
3,217;3,726;0,429;2,03E-4;203,41;42,91;-0,34;-0,37
3,218;3,725;0,428;2,03E-4;203,37;42,79;-0,34;-0,37
3,219;3,724;0,428;2,03E-4;203,35;42,77;-0,34;-0,37
3,220;3,723;0,427;2,03E-4;203,31;42,65;-0,34;-0,37
3,221;3,724;0,428;2,03E-4;203,35;42,81;-0,34;-0,37
3,222;3,724;0,428;2,03E-4;203,35;42,84;-0,34;-0,37
3,223;3,723;0,427;2,03E-4;203,31;42,74;-0,34;-0,37
3,224;3,723;0,428;2,03E-4;203,32;42,81;-0,34;-0,37
3,225;3,723;0,428;2,03E-4;203,32;42,77;-0,34;-0,37
3,226;3,723;0,427;2,03E-4;203,29;42,73;-0,34;-0,37
3,227;3,723;0,428;2,03E-4;203,30;42,78;-0,34;-0,37
3,228;3,723;0,428;2,03E-4;203,31;42,78;-0,34;-0,37
3,229;3,723;0,428;2,03E-4;203,32;42,83;-0,34;-0,37
3,230;3,723;0,428;2,03E-4;203,31;42,79;-0,34;-0,37
3,231;3,723;0,428;2,03E-4;203,31;42,75;-0,34;-0,37
3,232;3,723;0,429;2,03E-4;203,32;42,85;-0,34;-0,37
3,233;3,723;0,428;2,03E-4;203,31;42,84;-0,34;-0,37
3,234;3,724;0,429;2,03E-4;203,35;42,92;-0,34;-0,37
3,235;3,723;0,428;2,03E-4;203,32;42,83;-0,34;-0,37
3,236;3,723;0,429;2,03E-4;203,32;42,86;-0,34;-0,37
3,237;3,722;0,427;2,03E-4;203,29;42,75;-0,34;-0,37
3,238;3,723;0,428;2,03E-4;203,30;42,80;-0,34;-0,37
3,239;3,724;0,428;2,03E-4;203,33;42,84;-0,34;-0,37
3,240;3,723;0,428;2,03E-4;203,32;42,84;-0,34;-0,37
3,241;3,724;0,429;2,03E-4;203,33;42,90;-0,34;-0,37
3,242;3,724;0,429;2,03E-4;203,33;42,88;-0,34;-0,37
3,243;3,724;0,429;2,03E-4;203,33;42,90;-0,34;-0,37
3,244;3,723;0,428;2,03E-4;203,32;42,85;-0,34;-0,37
3,245;3,723;0,429;2,03E-4;203,32;42,86;-0,34;-0,37
3,246;3,722;0,427;2,03E-4;203,28;42,74;-0,34;-0,37
3,247;3,722;0,428;2,03E-4;203,29;42,77;-0,34;-0,37
3,248;3,725;0,430;2,03E-4;203,36;43,03;-0,34;-0,36
3,249;3,724;0,429;2,03E-4;203,33;42,91;-0,34;-0,37
3,250;3,724;0,429;2,03E-4;203,32;42,90;-0,34;-0,37
3,251;3,723;0,428;2,03E-4;203,31;42,85;-0,34;-0,37
3,252;3,723;0,429;2,03E-4;203,31;42,86;-0,34;-0,37
3,253;3,724;0,429;2,03E-4;203,33;42,92;-0,34;-0,37
3,254;3,723;0,429;2,03E-4;203,30;42,85;-0,34;-0,37
3,255;3,724;0,429;2,03E-4;203,33;42,92;-0,34;-0,37
3,256;3,724;0,429;2,03E-4;203,33;42,90;-0,34;-0,37
3,257;3,723;0,429;2,03E-4;203,31;42,89;-0,34;-0,37
3,258;3,724;0,430;2,03E-4;203,33;42,97;-0,34;-0,37
3,259;3,724;0,430;2,03E-4;203,34;42,95;-0,34;-0,37
3,260;3,724;0,429;2,03E-4;203,33;42,95;-0,34;-0,37
3,261;3,724;0,430;2,03E-4;203,35;43,01;-0,34;-0,36
3,262;3,723;0,429;2,03E-4;203,32;42,93;-0,34;-0,37
3,263;3,723;0,429;2,03E-4;203,31;42,89;-0,34;-0,37
3,264;3,724;0,430;2,03E-4;203,34;43,02;-0,34;-0,36
3,265;3,723;0,430;2,03E-4;203,32;42,96;-0,34;-0,37
3,266;3,723;0,429;2,03E-4;203,31;42,94;-0,34;-0,37
3,267;3,723;0,429;2,03E-4;203,31;42,91;-0,34;-0,37
3,268;3,723;0,430;2,03E-4;203,31;42,98;-0,34;-0,36
3,269;3,723;0,430;2,03E-4;203,32;43,00;-0,34;-0,36
3,270;3,724;0,430;2,03E-4;203,33;43,03;-0,34;-0,36
3,271;3,723;0,430;2,03E-4;203,31;43,00;-0,34;-0,36
3,272;3,723;0,431;2,03E-4;203,31;43,05;-0,34;-0,36
3,273;3,722;0,429;2,03E-4;203,27;42,93;-0,34;-0,37
3,274;3,721;0,429;2,03E-4;203,24;42,87;-0,34;-0,37
3,275;3,721;0,430;2,03E-4;203,26;42,97;-0,34;-0,36
3,276;3,721;0,430;2,03E-4;203,25;42,97;-0,34;-0,37
3,277;3,721;0,430;2,03E-4;203,25;43,00;-0,34;-0,36
3,278;3,721;0,430;2,03E-4;203,23;42,97;-0,34;-0,37
3,279;3,720;0,429;2,03E-4;203,21;42,95;-0,34;-0,37
3,280;3,720;0,430;2,03E-4;203,21;42,99;-0,34;-0,36
3,281;3,719;0,429;2,03E-4;203,18;42,94;-0,34;-0,37
3,282;3,720;0,431;2,03E-4;203,22;43,11;-0,34;-0,36
3,283;3,718;0,430;2,03E-4;203,15;42,98;-0,34;-0,36
3,284;3,717;0,430;2,03E-4;203,12;42,97;-0,34;-0,37
3,285;3,718;0,431;2,03E-4;203,15;43,11;-0,34;-0,36
3,286;3,717;0,430;2,03E-4;203,11;43,03;-0,34;-0,36
3,287;3,716;0,430;2,03E-4;203,08;43,00;-0,34;-0,36
3,288;3,717;0,431;2,03E-4;203,10;43,14;-0,34;-0,36
3,289;3,715;0,431;2,03E-4;203,05;43,07;-0,34;-0,36
3,290;3,714;0,431;2,03E-4;203,03;43,07;-0,34;-0,36
3,291;3,714;0,431;2,03E-4;203,01;43,09;-0,34;-0,36
3,292;3,713;0,431;2,03E-4;202,98;43,10;-0,34;-0,36
3,293;3,712;0,431;2,03E-4;202,95;43,08;-0,34;-0,36
3,294;3,712;0,433;2,03E-4;202,97;43,26;-0,34;-0,36
3,295;3,711;0,432;2,03E-4;202,93;43,22;-0,34;-0,36
3,296;3,709;0,432;2,03E-4;202,87;43,18;-0,34;-0,36
3,297;3,708;0,432;2,03E-4;202,84;43,17;-0,34;-0,36
3,298;3,706;0,431;2,03E-4;202,78;43,15;-0,34;-0,36
3,299;3,705;0,431;2,03E-4;202,74;43,14;-0,34;-0,36
3,300;3,705;0,432;2,03E-4;202,73;43,24;-0,34;-0,36
3,301;3,703;0,432;2,03E-4;202,66;43,18;-0,34;-0,36
3,302;3,701;0,432;2,03E-4;202,60;43,16;-0,34;-0,36
3,303;3,701;0,432;2,03E-4;202,59;43,25;-0,34;-0,36
3,304;3,698;0,431;2,03E-4;202,51;43,14;-0,33;-0,36
3,305;3,697;0,432;2,02E-4;202,49;43,21;-0,33;-0,36
3,306;3,696;0,432;2,02E-4;202,43;43,18;-0,33;-0,36
3,307;3,694;0,432;2,02E-4;202,38;43,15;-0,33;-0,36
3,308;3,694;0,433;2,02E-4;202,38;43,35;-0,33;-0,36
3,309;3,691;0,432;2,02E-4;202,28;43,20;-0,33;-0,36
3,310;3,691;0,434;2,02E-4;202,28;43,36;-0,33;-0,36
3,311;3,689;0,433;2,02E-4;202,20;43,29;-0,33;-0,36
3,312;3,686;0,432;2,02E-4;202,11;43,18;-0,33;-0,36
3,313;3,685;0,433;2,02E-4;202,08;43,29;-0,33;-0,36
3,314;3,683;0,433;2,02E-4;202,03;43,28;-0,33;-0,36
3,315;3,683;0,434;2,02E-4;202,02;43,44;-0,33;-0,36
3,316;3,680;0,434;2,02E-4;201,94;43,42;-0,33;-0,36
3,317;3,680;0,436;2,02E-4;201,93;43,59;-0,33;-0,36
3,318;3,677;0,435;2,02E-4;201,83;43,49;-0,33;-0,36
3,319;3,675;0,435;2,02E-4;201,76;43,45;-0,33;-0,36
3,320;3,672;0,435;2,02E-4;201,69;43,45;-0,33;-0,36
3,321;3,671;0,436;2,02E-4;201,64;43,56;-0,33;-0,36
3,322;3,669;0,436;2,02E-4;201,56;43,56;-0,33;-0,36
3,323;3,666;0,436;2,01E-4;201,48;43,57;-0,33;-0,36
3,324;3,664;0,436;2,01E-4;201,41;43,65;-0,33;-0,36
3,325;3,662;0,437;2,01E-4;201,36;43,70;-0,33;-0,36
3,326;3,659;0,436;2,01E-4;201,25;43,61;-0,33;-0,36
3,327;3,657;0,437;2,01E-4;201,19;43,66;-0,33;-0,36
3,328;3,653;0,435;2,01E-4;201,07;43,55;-0,33;-0,36
3,329;3,653;0,438;2,01E-4;201,05;43,75;-0,33;-0,36
3,330;3,649;0,437;2,01E-4;200,95;43,69;-0,33;-0,36
3,331;3,646;0,437;2,01E-4;200,84;43,68;-0,33;-0,36
3,332;3,646;0,439;2,01E-4;200,83;43,94;-0,33;-0,36
3,333;3,643;0,439;2,01E-4;200,74;43,92;-0,33;-0,36
3,334;3,640;0,439;2,01E-4;200,66;43,93;-0,33;-0,36
3,335;3,638;0,440;2,01E-4;200,57;43,96;-0,33;-0,36
3,336;3,636;0,441;2,01E-4;200,50;44,08;-0,33;-0,35
3,337;3,633;0,441;2,00E-4;200,40;44,10;-0,33;-0,35
3,338;3,628;0,440;2,00E-4;200,26;44,00;-0,33;-0,35
3,339;3,624;0,439;2,00E-4;200,15;43,92;-0,33;-0,36
3,340;3,622;0,440;2,00E-4;200,07;44,00;-0,33;-0,35
3,341;3,620;0,441;2,00E-4;200,01;44,10;-0,33;-0,35
3,342;3,617;0,441;2,00E-4;199,92;44,11;-0,33;-0,35
3,343;3,615;0,441;2,00E-4;199,83;44,14;-0,33;-0,35
3,344;3,612;0,442;2,00E-4;199,76;44,24;-0,33;-0,35
3,345;3,608;0,441;2,00E-4;199,63;44,13;-0,33;-0,35
3,346;3,605;0,441;2,00E-4;199,51;44,09;-0,33;-0,35
3,347;3,602;0,442;1,99E-4;199,43;44,16;-0,33;-0,35
3,348;3,600;0,443;1,99E-4;199,37;44,28;-0,33;-0,35
3,349;3,596;0,443;1,99E-4;199,24;44,25;-0,33;-0,35
3,350;3,593;0,443;1,99E-4;199,15;44,29;-0,33;-0,35
3,351;3,592;0,445;1,99E-4;199,10;44,46;-0,33;-0,35
3,352;3,588;0,444;1,99E-4;198,98;44,37;-0,33;-0,35
3,353;3,585;0,444;1,99E-4;198,89;44,40;-0,33;-0,35
3,354;3,583;0,445;1,99E-4;198,82;44,49;-0,33;-0,35
3,355;3,580;0,446;1,99E-4;198,72;44,56;-0,33;-0,35
3,356;3,577;0,445;1,99E-4;198,61;44,55;-0,33;-0,35
3,357;3,573;0,445;1,98E-4;198,49;44,46;-0,33;-0,35
3,358;3,571;0,446;1,98E-4;198,42;44,57;-0,33;-0,35
3,359;3,568;0,446;1,98E-4;198,34;44,61;-0,33;-0,35
3,360;3,565;0,447;1,98E-4;198,25;44,66;-0,33;-0,35
3,361;3,561;0,446;1,98E-4;198,11;44,63;-0,33;-0,35
3,362;3,557;0,446;1,98E-4;197,99;44,56;-0,33;-0,35
3,363;3,556;0,447;1,98E-4;197,94;44,73;-0,33;-0,35
3,364;3,554;0,448;1,98E-4;197,87;44,85;-0,32;-0,35
3,365;3,550;0,448;1,98E-4;197,76;44,81;-0,32;-0,35
3,366;3,547;0,448;1,98E-4;197,65;44,79;-0,32;-0,35
3,367;3,544;0,448;1,98E-4;197,56;44,83;-0,32;-0,35
3,368;3,540;0,447;1,97E-4;197,43;44,72;-0,32;-0,35
3,369;3,540;0,451;1,97E-4;197,43;45,07;-0,32;-0,34
3,370;3,536;0,450;1,97E-4;197,31;45,02;-0,32;-0,34
3,371;3,534;0,451;1,97E-4;197,23;45,08;-0,32;-0,34
3,372;3,529;0,450;1,97E-4;197,08;44,99;-0,32;-0,35
3,373;3,526;0,450;1,97E-4;196,98;45,01;-0,32;-0,34
3,374;3,524;0,452;1,97E-4;196,91;45,18;-0,32;-0,34
3,375;3,520;0,451;1,97E-4;196,78;45,11;-0,32;-0,34
3,376;3,517;0,452;1,97E-4;196,69;45,17;-0,32;-0,34
3,377;3,513;0,452;1,97E-4;196,58;45,18;-0,32;-0,34
3,378;3,511;0,453;1,97E-4;196,51;45,30;-0,32;-0,34
3,379;3,508;0,453;1,96E-4;196,40;45,29;-0,32;-0,34
3,380;3,503;0,453;1,96E-4;196,26;45,29;-0,32;-0,34
3,381;3,498;0,452;1,96E-4;196,10;45,16;-0,32;-0,34
3,382;3,496;0,453;1,96E-4;196,02;45,34;-0,32;-0,34
3,383;3,492;0,454;1,96E-4;195,90;45,40;-0,32;-0,34
3,384;3,489;0,455;1,96E-4;195,78;45,52;-0,32;-0,34
3,385;3,486;0,457;1,96E-4;195,71;45,69;-0,32;-0,34
3,386;3,482;0,457;1,96E-4;195,57;45,67;-0,32;-0,34
3,387;3,477;0,457;1,95E-4;195,42;45,70;-0,32;-0,34
3,388;3,473;0,457;1,95E-4;195,29;45,67;-0,32;-0,34
3,389;3,469;0,457;1,95E-4;195,15;45,73;-0,32;-0,34
3,390;3,464;0,457;1,95E-4;195,00;45,71;-0,32;-0,34
3,391;3,459;0,458;1,95E-4;194,85;45,75;-0,32;-0,34
3,392;3,455;0,458;1,95E-4;194,69;45,80;-0,32;-0,34
3,393;3,451;0,459;1,95E-4;194,57;45,91;-0,32;-0,34
3,394;3,446;0,459;1,94E-4;194,41;45,87;-0,32;-0,34
3,395;3,441;0,459;1,94E-4;194,26;45,89;-0,32;-0,34
3,396;3,438;0,461;1,94E-4;194,16;46,10;-0,32;-0,33
3,397;3,433;0,461;1,94E-4;193,99;46,10;-0,32;-0,33
3,398;3,427;0,460;1,94E-4;193,81;46,04;-0,32;-0,34
3,399;3,423;0,462;1,94E-4;193,69;46,19;-0,32;-0,33
3,400;3,419;0,463;1,94E-4;193,56;46,31;-0,32;-0,33
3,401;3,414;0,464;1,93E-4;193,40;46,36;-0,31;-0,33
3,402;3,410;0,464;1,93E-4;193,25;46,40;-0,31;-0,33
3,403;3,404;0,464;1,93E-4;193,07;46,39;-0,31;-0,33
3,404;3,400;0,465;1,93E-4;192,93;46,46;-0,31;-0,33
3,405;3,395;0,465;1,93E-4;192,76;46,50;-0,31;-0,33
3,406;3,390;0,465;1,93E-4;192,60;46,50;-0,31;-0,33
3,407;3,385;0,466;1,92E-4;192,47;46,64;-0,31;-0,33
3,408;3,380;0,467;1,92E-4;192,30;46,72;-0,31;-0,33
3,409;3,373;0,465;1,92E-4;192,08;46,51;-0,31;-0,33
3,410;3,369;0,466;1,92E-4;191,96;46,65;-0,31;-0,33
3,411;3,365;0,467;1,92E-4;191,81;46,73;-0,31;-0,33
3,412;3,362;0,469;1,92E-4;191,70;46,93;-0,31;-0,33
3,413;3,357;0,471;1,92E-4;191,57;47,05;-0,31;-0,33
3,414;3,351;0,469;1,91E-4;191,36;46,91;-0,31;-0,33
3,415;3,347;0,471;1,91E-4;191,23;47,09;-0,31;-0,33
3,416;3,342;0,471;1,91E-4;191,07;47,11;-0,31;-0,33
3,417;3,337;0,471;1,91E-4;190,91;47,11;-0,31;-0,33
3,418;3,333;0,473;1,91E-4;190,78;47,25;-0,31;-0,32
3,419;3,328;0,474;1,91E-4;190,63;47,36;-0,31;-0,32
3,420;3,323;0,474;1,90E-4;190,48;47,36;-0,31;-0,32
3,421;3,320;0,475;1,90E-4;190,36;47,55;-0,31;-0,32
3,422;3,313;0,475;1,90E-4;190,16;47,45;-0,31;-0,32
3,423;3,307;0,474;1,90E-4;189,97;47,39;-0,31;-0,32
3,424;3,303;0,474;1,90E-4;189,81;47,44;-0,31;-0,32
3,425;3,297;0,475;1,90E-4;189,65;47,47;-0,31;-0,32
3,426;3,294;0,477;1,90E-4;189,53;47,65;-0,31;-0,32
3,427;3,289;0,477;1,89E-4;189,39;47,70;-0,31;-0,32
3,428;3,285;0,478;1,89E-4;189,24;47,77;-0,31;-0,32
3,429;3,280;0,479;1,89E-4;189,10;47,86;-0,31;-0,32
3,430;3,275;0,479;1,89E-4;188,94;47,94;-0,30;-0,32
3,431;3,271;0,480;1,89E-4;188,79;47,96;-0,30;-0,32
3,432;3,266;0,479;1,89E-4;188,62;47,95;-0,30;-0,32
3,433;3,260;0,480;1,88E-4;188,45;47,99;-0,30;-0,32
3,434;3,257;0,482;1,88E-4;188,35;48,19;-0,30;-0,32
3,435;3,251;0,481;1,88E-4;188,17;48,11;-0,30;-0,32
3,436;3,247;0,482;1,88E-4;188,03;48,24;-0,30;-0,31
3,437;3,242;0,482;1,88E-4;187,86;48,24;-0,30;-0,31
3,438;3,237;0,483;1,88E-4;187,71;48,34;-0,30;-0,31
3,439;3,232;0,484;1,88E-4;187,56;48,37;-0,30;-0,31
3,440;3,228;0,484;1,87E-4;187,42;48,42;-0,30;-0,31
3,441;3,224;0,485;1,87E-4;187,28;48,52;-0,30;-0,31
3,442;3,218;0,485;1,87E-4;187,10;48,47;-0,30;-0,31
3,443;3,214;0,486;1,87E-4;186,97;48,59;-0,30;-0,31
3,444;3,210;0,487;1,87E-4;186,83;48,67;-0,30;-0,31
3,445;3,204;0,486;1,87E-4;186,64;48,64;-0,30;-0,31
3,446;3,201;0,488;1,87E-4;186,54;48,81;-0,30;-0,31
3,447;3,196;0,488;1,86E-4;186,38;48,84;-0,30;-0,31
3,448;3,191;0,489;1,86E-4;186,22;48,90;-0,30;-0,31
3,449;3,186;0,489;1,86E-4;186,05;48,88;-0,30;-0,31
3,450;3,182;0,490;1,86E-4;185,94;49,03;-0,30;-0,31
3,451;3,176;0,490;1,86E-4;185,75;48,97;-0,30;-0,31
3,452;3,171;0,491;1,86E-4;185,60;49,07;-0,30;-0,31
3,453;3,167;0,492;1,85E-4;185,47;49,20;-0,30;-0,31
3,454;3,163;0,493;1,85E-4;185,32;49,27;-0,30;-0,31
3,455;3,158;0,494;1,85E-4;185,18;49,41;-0,30;-0,30
3,456;3,153;0,494;1,85E-4;185,01;49,44;-0,30;-0,30
3,457;3,147;0,493;1,85E-4;184,83;49,32;-0,30;-0,31
3,458;3,143;0,495;1,85E-4;184,70;49,49;-0,30;-0,30
3,459;3,138;0,496;1,85E-4;184,54;49,55;-0,29;-0,30
3,460;3,133;0,496;1,84E-4;184,36;49,56;-0,29;-0,30
3,461;3,129;0,497;1,84E-4;184,23;49,66;-0,29;-0,30
3,462;3,125;0,498;1,84E-4;184,10;49,77;-0,29;-0,30
3,463;3,120;0,497;1,84E-4;183,94;49,74;-0,29;-0,30
3,464;3,114;0,497;1,84E-4;183,75;49,72;-0,29;-0,30
3,465;3,109;0,498;1,84E-4;183,61;49,80;-0,29;-0,30
3,466;3,106;0,500;1,83E-4;183,49;49,99;-0,29;-0,30
3,467;3,100;0,499;1,83E-4;183,30;49,93;-0,29;-0,30
3,468;3,095;0,500;1,83E-4;183,16;50,01;-0,29;-0,30
3,469;3,091;0,500;1,83E-4;183,02;50,04;-0,29;-0,30
3,470;3,086;0,501;1,83E-4;182,86;50,07;-0,29;-0,30
3,471;3,082;0,501;1,83E-4;182,72;50,09;-0,29;-0,30
3,472;3,078;0,503;1,83E-4;182,61;50,29;-0,29;-0,30
3,473;3,073;0,503;1,82E-4;182,44;50,32;-0,29;-0,30
3,474;3,068;0,503;1,82E-4;182,28;50,28;-0,29;-0,30
3,475;3,063;0,504;1,82E-4;182,13;50,35;-0,29;-0,30
3,476;3,059;0,504;1,82E-4;181,98;50,40;-0,29;-0,30
3,477;3,054;0,504;1,82E-4;181,83;50,40;-0,29;-0,30
3,478;3,050;0,506;1,82E-4;181,71;50,57;-0,29;-0,29
3,479;3,046;0,506;1,82E-4;181,56;50,62;-0,29;-0,29
3,480;3,042;0,507;1,81E-4;181,43;50,69;-0,29;-0,29
3,481;3,036;0,506;1,81E-4;181,25;50,63;-0,29;-0,29
3,482;3,032;0,508;1,81E-4;181,13;50,77;-0,29;-0,29
3,483;3,027;0,508;1,81E-4;180,97;50,80;-0,29;-0,29
3,484;3,023;0,509;1,81E-4;180,84;50,88;-0,29;-0,29
3,485;3,019;0,510;1,81E-4;180,70;50,95;-0,29;-0,29
3,486;3,015;0,511;1,81E-4;180,58;51,09;-0,29;-0,29
3,487;3,011;0,512;1,80E-4;180,46;51,20;-0,28;-0,29
3,488;3,005;0,512;1,80E-4;180,27;51,16;-0,28;-0,29
3,489;3,001;0,513;1,80E-4;180,14;51,27;-0,28;-0,29
3,490;2,996;0,513;1,80E-4;179,99;51,27;-0,28;-0,29
3,491;2,993;0,514;1,80E-4;179,88;51,42;-0,28;-0,29
3,492;2,988;0,514;1,80E-4;179,70;51,39;-0,28;-0,29
3,493;2,984;0,514;1,80E-4;179,57;51,44;-0,28;-0,29
3,494;2,978;0,514;1,79E-4;179,40;51,38;-0,28;-0,29
3,495;2,974;0,514;1,79E-4;179,28;51,43;-0,28;-0,29
3,496;2,971;0,516;1,79E-4;179,18;51,57;-0,28;-0,29
3,497;2,966;0,515;1,79E-4;179,02;51,51;-0,28;-0,29
3,498;2,963;0,517;1,79E-4;178,90;51,68;-0,28;-0,28
3,499;2,959;0,518;1,79E-4;178,79;51,75;-0,28;-0,28
3,500;2,955;0,517;1,79E-4;178,65;51,73;-0,28;-0,28
3,501;2,951;0,517;1,79E-4;178,51;51,74;-0,28;-0,28
3,502;2,948;0,519;1,78E-4;178,44;51,91;-0,28;-0,28
3,503;2,945;0,519;1,78E-4;178,33;51,92;-0,28;-0,28
3,504;2,940;0,519;1,78E-4;178,19;51,93;-0,28;-0,28
3,505;2,938;0,520;1,78E-4;178,11;52,01;-0,28;-0,28
3,506;2,935;0,521;1,78E-4;178,01;52,08;-0,28;-0,28
3,507;2,930;0,519;1,78E-4;177,85;51,94;-0,28;-0,28
3,508;2,927;0,520;1,78E-4;177,76;52,01;-0,28;-0,28
3,509;2,925;0,522;1,78E-4;177,70;52,17;-0,28;-0,28
3,510;2,922;0,522;1,78E-4;177,61;52,24;-0,28;-0,28
3,511;2,919;0,523;1,77E-4;177,50;52,25;-0,28;-0,28
3,512;2,917;0,523;1,77E-4;177,43;52,34;-0,28;-0,28
3,513;2,914;0,524;1,77E-4;177,35;52,39;-0,28;-0,28
3,514;2,911;0,523;1,77E-4;177,24;52,32;-0,28;-0,28
3,515;2,909;0,524;1,77E-4;177,17;52,43;-0,28;-0,28
3,516;2,906;0,525;1,77E-4;177,08;52,51;-0,28;-0,28
3,517;2,903;0,524;1,77E-4;176,98;52,44;-0,28;-0,28
3,518;2,901;0,525;1,77E-4;176,93;52,52;-0,28;-0,28
3,519;2,898;0,525;1,77E-4;176,82;52,49;-0,28;-0,28
3,520;2,896;0,526;1,77E-4;176,75;52,57;-0,28;-0,28
3,521;2,894;0,526;1,77E-4;176,69;52,63;-0,28;-0,28
3,522;2,891;0,527;1,77E-4;176,59;52,67;-0,28;-0,28
3,523;2,888;0,526;1,77E-4;176,51;52,62;-0,28;-0,28
3,524;2,885;0,526;1,76E-4;176,42;52,57;-0,28;-0,28
3,525;2,883;0,526;1,76E-4;176,35;52,59;-0,27;-0,28
3,526;2,881;0,527;1,76E-4;176,29;52,72;-0,27;-0,28
3,527;2,880;0,528;1,76E-4;176,26;52,81;-0,27;-0,28
3,528;2,878;0,528;1,76E-4;176,18;52,83;-0,27;-0,28
3,529;2,875;0,528;1,76E-4;176,08;52,78;-0,27;-0,28
3,530;2,873;0,528;1,76E-4;176,03;52,84;-0,27;-0,28
3,531;2,872;0,530;1,76E-4;175,98;52,96;-0,27;-0,27
3,532;2,868;0,529;1,76E-4;175,88;52,88;-0,27;-0,27
3,533;2,867;0,529;1,76E-4;175,83;52,92;-0,27;-0,27
3,534;2,865;0,529;1,76E-4;175,76;52,95;-0,27;-0,27
3,535;2,861;0,528;1,76E-4;175,65;52,82;-0,27;-0,28
3,536;2,859;0,528;1,76E-4;175,57;52,82;-0,27;-0,28
3,537;2,858;0,529;1,76E-4;175,53;52,90;-0,27;-0,27
3,538;2,858;0,532;1,76E-4;175,53;53,17;-0,27;-0,27
3,539;2,854;0,531;1,75E-4;175,43;53,09;-0,27;-0,27
3,540;2,852;0,531;1,75E-4;175,36;53,13;-0,27;-0,27
3,541;2,851;0,532;1,75E-4;175,31;53,20;-0,27;-0,27
3,542;2,849;0,532;1,75E-4;175,25;53,20;-0,27;-0,27
3,543;2,848;0,533;1,75E-4;175,21;53,28;-0,27;-0,27
3,544;2,846;0,533;1,75E-4;175,15;53,32;-0,27;-0,27
3,545;2,844;0,533;1,75E-4;175,08;53,30;-0,27;-0,27
3,546;2,840;0,532;1,75E-4;174,97;53,23;-0,27;-0,27
3,547;2,837;0,532;1,75E-4;174,88;53,18;-0,27;-0,27
3,548;2,837;0,533;1,75E-4;174,86;53,34;-0,27;-0,27
3,549;2,835;0,534;1,75E-4;174,81;53,37;-0,27;-0,27
3,550;2,832;0,533;1,75E-4;174,72;53,34;-0,27;-0,27
3,551;2,830;0,534;1,75E-4;174,65;53,35;-0,27;-0,27
3,552;2,828;0,534;1,75E-4;174,58;53,40;-0,27;-0,27
3,553;2,826;0,534;1,75E-4;174,52;53,44;-0,27;-0,27
3,554;2,825;0,535;1,74E-4;174,47;53,49;-0,27;-0,27
3,555;2,821;0,534;1,74E-4;174,36;53,43;-0,27;-0,27
3,556;2,818;0,534;1,74E-4;174,26;53,36;-0,27;-0,27
3,557;2,817;0,535;1,74E-4;174,22;53,48;-0,27;-0,27
3,558;2,815;0,535;1,74E-4;174,15;53,51;-0,27;-0,27
3,559;2,813;0,536;1,74E-4;174,10;53,57;-0,27;-0,27
3,560;2,811;0,536;1,74E-4;174,03;53,59;-0,27;-0,27
3,561;2,809;0,536;1,74E-4;173,95;53,63;-0,27;-0,27
3,562;2,806;0,536;1,74E-4;173,87;53,63;-0,27;-0,27
3,563;2,804;0,537;1,74E-4;173,82;53,74;-0,27;-0,27
3,564;2,803;0,538;1,74E-4;173,76;53,81;-0,27;-0,27
3,565;2,800;0,538;1,74E-4;173,69;53,84;-0,27;-0,27
3,566;2,799;0,539;1,74E-4;173,64;53,95;-0,27;-0,27
3,567;2,796;0,539;1,74E-4;173,56;53,94;-0,27;-0,27
3,568;2,793;0,539;1,73E-4;173,44;53,86;-0,27;-0,27
3,569;2,790;0,539;1,73E-4;173,37;53,87;-0,27;-0,27
3,570;2,789;0,540;1,73E-4;173,33;53,98;-0,27;-0,27
3,571;2,786;0,539;1,73E-4;173,23;53,95;-0,27;-0,27
3,572;2,783;0,539;1,73E-4;173,13;53,92;-0,27;-0,27
3,573;2,781;0,539;1,73E-4;173,07;53,93;-0,27;-0,27
3,574;2,778;0,539;1,73E-4;172,97;53,86;-0,27;-0,27
3,575;2,776;0,539;1,73E-4;172,92;53,92;-0,27;-0,27
3,576;2,775;0,540;1,73E-4;172,88;54,05;-0,27;-0,27
3,577;2,773;0,540;1,73E-4;172,81;54,04;-0,27;-0,27
3,578;2,771;0,541;1,73E-4;172,75;54,08;-0,27;-0,27
3,579;2,770;0,542;1,73E-4;172,71;54,16;-0,27;-0,26
3,580;2,768;0,542;1,73E-4;172,64;54,17;-0,27;-0,26
3,581;2,766;0,542;1,73E-4;172,57;54,18;-0,27;-0,26
3,582;2,764;0,542;1,73E-4;172,51;54,20;-0,27;-0,26
3,583;2,762;0,543;1,72E-4;172,47;54,26;-0,27;-0,26
3,584;2,761;0,544;1,72E-4;172,43;54,36;-0,27;-0,26
3,585;2,760;0,544;1,72E-4;172,39;54,39;-0,27;-0,26
3,586;2,757;0,543;1,72E-4;172,31;54,34;-0,26;-0,26
3,587;2,756;0,544;1,72E-4;172,26;54,40;-0,26;-0,26
3,588;2,755;0,545;1,72E-4;172,22;54,45;-0,26;-0,26
3,589;2,752;0,544;1,72E-4;172,14;54,41;-0,26;-0,26
3,590;2,750;0,544;1,72E-4;172,09;54,43;-0,26;-0,26
3,591;2,748;0,544;1,72E-4;172,01;54,38;-0,26;-0,26
3,592;2,748;0,545;1,72E-4;172,01;54,50;-0,26;-0,26
3,593;2,746;0,546;1,72E-4;171,96;54,56;-0,26;-0,26
3,594;2,743;0,544;1,72E-4;171,85;54,41;-0,26;-0,26
3,595;2,742;0,545;1,72E-4;171,81;54,51;-0,26;-0,26
3,596;2,740;0,545;1,72E-4;171,76;54,47;-0,26;-0,26
3,597;2,738;0,545;1,72E-4;171,71;54,53;-0,26;-0,26
3,598;2,737;0,545;1,72E-4;171,65;54,50;-0,26;-0,26
3,599;2,735;0,546;1,72E-4;171,60;54,56;-0,26;-0,26
3,600;2,734;0,547;1,72E-4;171,57;54,65;-0,26;-0,26
3,601;2,732;0,546;1,72E-4;171,51;54,62;-0,26;-0,26
3,602;2,731;0,547;1,71E-4;171,47;54,69;-0,26;-0,26
3,603;2,730;0,547;1,71E-4;171,42;54,73;-0,26;-0,26
3,604;2,727;0,546;1,71E-4;171,33;54,65;-0,26;-0,26
3,605;2,725;0,547;1,71E-4;171,29;54,70;-0,26;-0,26
3,606;2,723;0,546;1,71E-4;171,21;54,64;-0,26;-0,26
3,607;2,724;0,549;1,71E-4;171,23;54,91;-0,26;-0,26
3,608;2,721;0,548;1,71E-4;171,13;54,82;-0,26;-0,26
3,609;2,717;0,547;1,71E-4;171,02;54,65;-0,26;-0,26
3,610;2,718;0,549;1,71E-4;171,03;54,90;-0,26;-0,26
3,611;2,715;0,549;1,71E-4;170,96;54,91;-0,26;-0,26
3,612;2,713;0,549;1,71E-4;170,90;54,94;-0,26;-0,26
3,613;2,712;0,550;1,71E-4;170,84;54,98;-0,26;-0,26
3,614;2,709;0,549;1,71E-4;170,75;54,90;-0,26;-0,26
3,615;2,708;0,550;1,71E-4;170,71;55,04;-0,26;-0,26
3,616;2,705;0,550;1,71E-4;170,64;55,04;-0,26;-0,26
3,617;2,703;0,550;1,71E-4;170,55;55,01;-0,26;-0,26
3,618;2,701;0,551;1,70E-4;170,49;55,06;-0,26;-0,26
3,619;2,698;0,550;1,70E-4;170,40;55,01;-0,26;-0,26
3,620;2,696;0,551;1,70E-4;170,33;55,07;-0,26;-0,26
3,621;2,693;0,550;1,70E-4;170,23;55,02;-0,26;-0,26
3,622;2,690;0,551;1,70E-4;170,16;55,07;-0,26;-0,26
3,623;2,688;0,551;1,70E-4;170,08;55,10;-0,26;-0,26
3,624;2,686;0,552;1,70E-4;170,02;55,23;-0,26;-0,26
3,625;2,682;0,551;1,70E-4;169,90;55,13;-0,26;-0,26
3,626;2,681;0,553;1,70E-4;169,85;55,28;-0,26;-0,26
3,627;2,677;0,553;1,70E-4;169,75;55,33;-0,26;-0,26
3,628;2,676;0,555;1,70E-4;169,69;55,46;-0,26;-0,25
3,629;2,673;0,555;1,70E-4;169,60;55,51;-0,26;-0,25
3,630;2,669;0,554;1,69E-4;169,46;55,39;-0,26;-0,25
3,631;2,667;0,556;1,69E-4;169,40;55,57;-0,26;-0,25
3,632;2,662;0,554;1,69E-4;169,26;55,41;-0,26;-0,25
3,633;2,660;0,556;1,69E-4;169,19;55,57;-0,26;-0,25
3,634;2,656;0,555;1,69E-4;169,04;55,47;-0,26;-0,25
3,635;2,653;0,556;1,69E-4;168,97;55,61;-0,26;-0,25
3,636;2,650;0,557;1,69E-4;168,86;55,68;-0,26;-0,25
3,637;2,648;0,559;1,69E-4;168,81;55,88;-0,26;-0,25
3,638;2,644;0,559;1,69E-4;168,67;55,88;-0,26;-0,25
3,639;2,640;0,559;1,69E-4;168,55;55,85;-0,26;-0,25
3,640;2,636;0,559;1,68E-4;168,42;55,92;-0,25;-0,25
3,641;2,632;0,559;1,68E-4;168,29;55,88;-0,25;-0,25
3,642;2,628;0,559;1,68E-4;168,16;55,87;-0,25;-0,25
3,643;2,626;0,560;1,68E-4;168,09;56,04;-0,25;-0,25
3,644;2,623;0,562;1,68E-4;167,99;56,19;-0,25;-0,25
3,645;2,619;0,562;1,68E-4;167,86;56,19;-0,25;-0,25
3,646;2,615;0,563;1,68E-4;167,75;56,30;-0,25;-0,25
3,647;2,611;0,563;1,68E-4;167,63;56,34;-0,25;-0,25
3,648;2,606;0,563;1,67E-4;167,45;56,26;-0,25;-0,25
3,649;2,602;0,563;1,67E-4;167,31;56,29;-0,25;-0,25
3,650;2,599;0,565;1,67E-4;167,24;56,50;-0,25;-0,25
3,651;2,596;0,566;1,67E-4;167,13;56,61;-0,25;-0,25
3,652;2,592;0,566;1,67E-4;166,99;56,61;-0,25;-0,25
3,653;2,588;0,567;1,67E-4;166,87;56,72;-0,25;-0,24
3,654;2,584;0,567;1,67E-4;166,73;56,72;-0,25;-0,24
3,655;2,579;0,568;1,67E-4;166,60;56,76;-0,25;-0,24
3,656;2,575;0,568;1,66E-4;166,45;56,75;-0,25;-0,24
3,657;2,571;0,568;1,66E-4;166,32;56,84;-0,25;-0,24
3,658;2,566;0,569;1,66E-4;166,17;56,90;-0,25;-0,24
3,659;2,563;0,570;1,66E-4;166,06;56,95;-0,25;-0,24
3,660;2,558;0,570;1,66E-4;165,93;57,05;-0,25;-0,24
3,661;2,556;0,573;1,66E-4;165,84;57,27;-0,25;-0,24
3,662;2,549;0,571;1,66E-4;165,63;57,09;-0,25;-0,24
3,663;2,544;0,571;1,65E-4;165,47;57,07;-0,25;-0,24
3,664;2,541;0,572;1,65E-4;165,38;57,24;-0,25;-0,24
3,665;2,537;0,574;1,65E-4;165,23;57,38;-0,25;-0,24
3,666;2,533;0,574;1,65E-4;165,11;57,42;-0,25;-0,24
3,667;2,528;0,574;1,65E-4;164,94;57,41;-0,25;-0,24
3,668;2,525;0,576;1,65E-4;164,84;57,58;-0,25;-0,24
3,669;2,520;0,577;1,65E-4;164,71;57,69;-0,25;-0,24
3,670;2,515;0,577;1,65E-4;164,54;57,70;-0,24;-0,24
3,671;2,510;0,577;1,64E-4;164,38;57,68;-0,24;-0,24
3,672;2,506;0,578;1,64E-4;164,25;57,77;-0,24;-0,24
3,673;2,503;0,580;1,64E-4;164,14;57,95;-0,24;-0,24
3,674;2,499;0,580;1,64E-4;164,00;58,04;-0,24;-0,23
3,675;2,494;0,581;1,64E-4;163,86;58,10;-0,24;-0,23
3,676;2,488;0,581;1,64E-4;163,68;58,06;-0,24;-0,23
3,677;2,483;0,580;1,64E-4;163,50;57,98;-0,24;-0,23
3,678;2,480;0,582;1,63E-4;163,42;58,22;-0,24;-0,23
3,679;2,476;0,583;1,63E-4;163,29;58,30;-0,24;-0,23
3,680;2,471;0,583;1,63E-4;163,13;58,30;-0,24;-0,23
3,681;2,467;0,585;1,63E-4;163,00;58,50;-0,24;-0,23
3,682;2,463;0,586;1,63E-4;162,86;58,58;-0,24;-0,23
3,683;2,458;0,586;1,63E-4;162,69;58,62;-0,24;-0,23
3,684;2,454;0,587;1,63E-4;162,57;58,72;-0,24;-0,23
3,685;2,449;0,587;1,62E-4;162,41;58,73;-0,24;-0,23
3,686;2,444;0,587;1,62E-4;162,24;58,71;-0,24;-0,23
3,687;2,439;0,588;1,62E-4;162,08;58,79;-0,24;-0,23
3,688;2,434;0,588;1,62E-4;161,93;58,80;-0,24;-0,23
3,689;2,430;0,589;1,62E-4;161,80;58,92;-0,24;-0,23
3,690;2,425;0,590;1,62E-4;161,64;58,98;-0,24;-0,23
3,691;2,421;0,592;1,62E-4;161,52;59,15;-0,24;-0,23
3,692;2,418;0,593;1,61E-4;161,40;59,31;-0,24;-0,23
3,693;2,413;0,594;1,61E-4;161,26;59,42;-0,24;-0,22
3,694;2,407;0,593;1,61E-4;161,06;59,29;-0,24;-0,23
3,695;2,403;0,594;1,61E-4;160,93;59,44;-0,24;-0,22
3,696;2,398;0,595;1,61E-4;160,78;59,54;-0,23;-0,22
3,697;2,393;0,596;1,61E-4;160,62;59,57;-0,23;-0,22
3,698;2,389;0,596;1,60E-4;160,47;59,65;-0,23;-0,22
3,699;2,385;0,598;1,60E-4;160,35;59,76;-0,23;-0,22
3,700;2,380;0,599;1,60E-4;160,21;59,87;-0,23;-0,22
3,701;2,376;0,599;1,60E-4;160,06;59,91;-0,23;-0,22
3,702;2,370;0,599;1,60E-4;159,88;59,88;-0,23;-0,22
3,703;2,365;0,599;1,60E-4;159,72;59,89;-0,23;-0,22
3,704;2,363;0,601;1,60E-4;159,64;60,14;-0,23;-0,22
3,705;2,358;0,602;1,59E-4;159,48;60,17;-0,23;-0,22
3,706;2,353;0,602;1,59E-4;159,34;60,20;-0,23;-0,22
3,707;2,350;0,603;1,59E-4;159,23;60,31;-0,23;-0,22
3,708;2,345;0,604;1,59E-4;159,07;60,37;-0,23;-0,22
3,709;2,341;0,604;1,59E-4;158,93;60,41;-0,23;-0,22
3,710;2,337;0,606;1,59E-4;158,82;60,61;-0,23;-0,22
3,711;2,333;0,607;1,59E-4;158,70;60,70;-0,23;-0,21
3,712;2,328;0,607;1,59E-4;158,54;60,73;-0,23;-0,21
3,713;2,324;0,608;1,58E-4;158,40;60,83;-0,23;-0,21
3,714;2,320;0,609;1,58E-4;158,27;60,88;-0,23;-0,21
3,715;2,314;0,609;1,58E-4;158,10;60,87;-0,23;-0,21
3,716;2,311;0,610;1,58E-4;157,97;60,96;-0,23;-0,21
3,717;2,305;0,610;1,58E-4;157,80;60,99;-0,23;-0,21
3,718;2,300;0,610;1,58E-4;157,64;60,99;-0,23;-0,21
3,719;2,298;0,613;1,58E-4;157,56;61,28;-0,23;-0,21
3,720;2,292;0,613;1,57E-4;157,39;61,30;-0,23;-0,21
3,721;2,288;0,614;1,57E-4;157,24;61,42;-0,23;-0,21
3,722;2,282;0,614;1,57E-4;157,06;61,43;-0,22;-0,21
3,723;2,278;0,616;1,57E-4;156,93;61,56;-0,22;-0,21
3,724;2,272;0,615;1,57E-4;156,74;61,55;-0,22;-0,21
3,725;2,268;0,617;1,57E-4;156,61;61,72;-0,22;-0,21
3,726;2,262;0,617;1,56E-4;156,42;61,66;-0,22;-0,21
3,727;2,258;0,618;1,56E-4;156,28;61,85;-0,22;-0,21
3,728;2,253;0,619;1,56E-4;156,12;61,93;-0,22;-0,21
3,729;2,246;0,619;1,56E-4;155,91;61,85;-0,22;-0,21
3,730;2,242;0,620;1,56E-4;155,77;62,01;-0,22;-0,21
3,731;2,238;0,622;1,56E-4;155,64;62,17;-0,22;-0,20
3,732;2,233;0,623;1,55E-4;155,48;62,27;-0,22;-0,20
3,733;2,226;0,622;1,55E-4;155,26;62,21;-0,22;-0,20
3,734;2,222;0,622;1,55E-4;155,11;62,24;-0,22;-0,20
3,735;2,218;0,625;1,55E-4;155,01;62,50;-0,22;-0,20
3,736;2,212;0,625;1,55E-4;154,82;62,52;-0,22;-0,20
3,737;2,207;0,626;1,55E-4;154,65;62,59;-0,22;-0,20
3,738;2,202;0,626;1,54E-4;154,50;62,63;-0,22;-0,20
3,739;2,196;0,626;1,54E-4;154,31;62,62;-0,22;-0,20
3,740;2,194;0,629;1,54E-4;154,22;62,87;-0,22;-0,20
3,741;2,188;0,629;1,54E-4;154,05;62,90;-0,22;-0,20
3,742;2,184;0,630;1,54E-4;153,89;62,95;-0,22;-0,20
3,743;2,178;0,630;1,54E-4;153,72;63,04;-0,22;-0,20
3,744;2,173;0,631;1,54E-4;153,55;63,10;-0,21;-0,20
3,745;2,169;0,633;1,53E-4;153,41;63,26;-0,21;-0,20
3,746;2,164;0,634;1,53E-4;153,26;63,39;-0,21;-0,20
3,747;2,158;0,634;1,53E-4;153,08;63,36;-0,21;-0,20
3,748;2,153;0,634;1,53E-4;152,92;63,44;-0,21;-0,20
3,749;2,148;0,635;1,53E-4;152,76;63,54;-0,21;-0,20
3,750;2,142;0,636;1,53E-4;152,57;63,61;-0,21;-0,19
3,751;2,137;0,636;1,52E-4;152,39;63,63;-0,21;-0,19
3,752;2,133;0,639;1,52E-4;152,28;63,87;-0,21;-0,19
3,753;2,129;0,641;1,52E-4;152,15;64,09;-0,21;-0,19
3,754;2,123;0,641;1,52E-4;151,96;64,11;-0,21;-0,19
3,755;2,118;0,642;1,52E-4;151,79;64,16;-0,21;-0,19
3,756;2,112;0,642;1,52E-4;151,60;64,24;-0,21;-0,19
3,757;2,107;0,643;1,51E-4;151,42;64,26;-0,21;-0,19
3,758;2,102;0,644;1,51E-4;151,27;64,43;-0,21;-0,19
3,759;2,096;0,644;1,51E-4;151,09;64,44;-0,21;-0,19
3,760;2,091;0,645;1,51E-4;150,92;64,55;-0,21;-0,19
3,761;2,086;0,647;1,51E-4;150,74;64,67;-0,21;-0,19
3,762;2,081;0,648;1,51E-4;150,58;64,76;-0,21;-0,19
3,763;2,075;0,648;1,50E-4;150,41;64,83;-0,21;-0,19
3,764;2,070;0,650;1,50E-4;150,26;64,99;-0,21;-0,19
3,765;2,065;0,650;1,50E-4;150,07;64,98;-0,20;-0,19
3,766;2,059;0,651;1,50E-4;149,90;65,08;-0,20;-0,18
3,767;2,055;0,653;1,50E-4;149,76;65,27;-0,20;-0,18
3,768;2,050;0,654;1,50E-4;149,60;65,38;-0,20;-0,18
3,769;2,045;0,655;1,49E-4;149,43;65,47;-0,20;-0,18
3,770;2,039;0,655;1,49E-4;149,24;65,53;-0,20;-0,18
3,771;2,033;0,656;1,49E-4;149,06;65,57;-0,20;-0,18
3,772;2,029;0,658;1,49E-4;148,92;65,79;-0,20;-0,18
3,773;2,023;0,658;1,49E-4;148,73;65,82;-0,20;-0,18
3,774;2,019;0,660;1,49E-4;148,60;66,00;-0,20;-0,18
3,775;2,014;0,661;1,48E-4;148,44;66,15;-0,20;-0,18
3,776;2,009;0,662;1,48E-4;148,27;66,25;-0,20;-0,18
3,777;2,001;0,662;1,48E-4;148,05;66,23;-0,20;-0,18
3,778;1,996;0,663;1,48E-4;147,87;66,33;-0,20;-0,18
3,779;1,991;0,665;1,48E-4;147,72;66,48;-0,20;-0,18
3,780;1,986;0,666;1,48E-4;147,55;66,62;-0,20;-0,17
3,781;1,979;0,666;1,47E-4;147,33;66,60;-0,20;-0,17
3,782;1,975;0,668;1,47E-4;147,19;66,83;-0,20;-0,17
3,783;1,969;0,669;1,47E-4;146,99;66,87;-0,20;-0,17
3,784;1,962;0,669;1,47E-4;146,78;66,94;-0,20;-0,17
3,785;1,957;0,672;1,47E-4;146,63;67,16;-0,19;-0,17
3,786;1,951;0,672;1,46E-4;146,44;67,23;-0,19;-0,17
3,787;1,945;0,673;1,46E-4;146,24;67,34;-0,19;-0,17
3,788;1,941;0,676;1,46E-4;146,11;67,56;-0,19;-0,17
3,789;1,933;0,675;1,46E-4;145,86;67,52;-0,19;-0,17
3,790;1,927;0,676;1,46E-4;145,66;67,64;-0,19;-0,17
3,791;1,921;0,677;1,45E-4;145,45;67,68;-0,19;-0,17
3,792;1,915;0,678;1,45E-4;145,27;67,84;-0,19;-0,17
3,793;1,909;0,680;1,45E-4;145,07;68,00;-0,19;-0,17
3,794;1,904;0,681;1,45E-4;144,91;68,09;-0,19;-0,17
3,795;1,898;0,683;1,45E-4;144,71;68,26;-0,19;-0,16
3,796;1,891;0,683;1,44E-4;144,49;68,32;-0,19;-0,16
3,797;1,886;0,685;1,44E-4;144,33;68,53;-0,19;-0,16
3,798;1,879;0,686;1,44E-4;144,10;68,57;-0,19;-0,16
3,799;1,873;0,687;1,44E-4;143,93;68,73;-0,19;-0,16
3,800;1,868;0,689;1,44E-4;143,75;68,88;-0,19;-0,16
3,801;1,860;0,690;1,44E-4;143,52;68,98;-0,19;-0,16
3,802;1,854;0,691;1,43E-4;143,32;69,14;-0,18;-0,16
3,803;1,848;0,692;1,43E-4;143,10;69,15;-0,18;-0,16
3,804;1,842;0,694;1,43E-4;142,94;69,40;-0,18;-0,16
3,805;1,836;0,695;1,43E-4;142,72;69,51;-0,18;-0,16
3,806;1,829;0,697;1,43E-4;142,51;69,66;-0,18;-0,16
3,807;1,822;0,697;1,42E-4;142,29;69,74;-0,18;-0,15
3,808;1,816;0,699;1,42E-4;142,08;69,85;-0,18;-0,15
3,809;1,809;0,700;1,42E-4;141,87;69,97;-0,18;-0,15
3,810;1,805;0,703;1,42E-4;141,73;70,30;-0,18;-0,15
3,811;1,798;0,704;1,42E-4;141,52;70,44;-0,18;-0,15
3,812;1,791;0,705;1,41E-4;141,29;70,53;-0,18;-0,15
3,813;1,784;0,707;1,41E-4;141,08;70,69;-0,18;-0,15
3,814;1,778;0,708;1,41E-4;140,88;70,79;-0,18;-0,15
3,815;1,772;0,709;1,41E-4;140,67;70,92;-0,18;-0,15
3,816;1,765;0,711;1,40E-4;140,46;71,07;-0,18;-0,15
3,817;1,758;0,711;1,40E-4;140,24;71,12;-0,18;-0,15
3,818;1,753;0,714;1,40E-4;140,08;71,36;-0,17;-0,14
3,819;1,747;0,715;1,40E-4;139,87;71,51;-0,17;-0,14
3,820;1,741;0,716;1,40E-4;139,68;71,60;-0,17;-0,14
3,821;1,734;0,717;1,39E-4;139,46;71,67;-0,17;-0,14
3,822;1,729;0,719;1,39E-4;139,29;71,87;-0,17;-0,14
3,823;1,722;0,720;1,39E-4;139,09;71,96;-0,17;-0,14
3,824;1,716;0,720;1,39E-4;138,87;71,99;-0,17;-0,14
3,825;1,710;0,721;1,39E-4;138,68;72,11;-0,17;-0,14
3,826;1,705;0,723;1,39E-4;138,54;72,33;-0,17;-0,14
3,827;1,699;0,724;1,38E-4;138,33;72,40;-0,17;-0,14
3,828;1,694;0,726;1,38E-4;138,17;72,64;-0,17;-0,14
3,829;1,687;0,728;1,38E-4;137,96;72,76;-0,17;-0,14
3,830;1,682;0,729;1,38E-4;137,79;72,89;-0,17;-0,14
3,831;1,675;0,729;1,38E-4;137,55;72,93;-0,17;-0,14
3,832;1,669;0,730;1,37E-4;137,38;73,05;-0,17;-0,13
3,833;1,663;0,732;1,37E-4;137,19;73,19;-0,17;-0,13
3,834;1,658;0,734;1,37E-4;137,02;73,40;-0,17;-0,13
3,835;1,652;0,735;1,37E-4;136,84;73,49;-0,16;-0,13
3,836;1,646;0,736;1,37E-4;136,63;73,61;-0,16;-0,13
3,837;1,640;0,737;1,36E-4;136,43;73,68;-0,16;-0,13
3,838;1,635;0,738;1,36E-4;136,28;73,81;-0,16;-0,13
3,839;1,630;0,740;1,36E-4;136,11;74,05;-0,16;-0,13
3,840;1,624;0,741;1,36E-4;135,94;74,13;-0,16;-0,13
3,841;1,619;0,742;1,36E-4;135,77;74,20;-0,16;-0,13
3,842;1,613;0,743;1,36E-4;135,59;74,30;-0,16;-0,13
3,843;1,607;0,743;1,35E-4;135,37;74,26;-0,16;-0,13
3,844;1,601;0,744;1,35E-4;135,19;74,39;-0,16;-0,13
3,845;1,598;0,746;1,35E-4;135,09;74,65;-0,16;-0,13
3,846;1,593;0,748;1,35E-4;134,94;74,78;-0,16;-0,12
3,847;1,588;0,749;1,35E-4;134,77;74,87;-0,16;-0,12
3,848;1,583;0,750;1,35E-4;134,63;75,02;-0,16;-0,12
3,849;1,579;0,751;1,34E-4;134,48;75,13;-0,16;-0,12
3,850;1,573;0,752;1,34E-4;134,30;75,22;-0,16;-0,12
3,851;1,569;0,753;1,34E-4;134,16;75,34;-0,16;-0,12
3,852;1,564;0,754;1,34E-4;134,00;75,38;-0,16;-0,12
3,853;1,559;0,755;1,34E-4;133,85;75,46;-0,16;-0,12
3,854;1,555;0,756;1,34E-4;133,70;75,57;-0,15;-0,12
3,855;1,549;0,756;1,34E-4;133,54;75,62;-0,15;-0,12
3,856;1,547;0,758;1,33E-4;133,44;75,84;-0,15;-0,12
3,857;1,542;0,760;1,33E-4;133,31;75,98;-0,15;-0,12
3,858;1,538;0,761;1,33E-4;133,17;76,06;-0,15;-0,12
3,859;1,533;0,761;1,33E-4;133,00;76,10;-0,15;-0,12
3,860;1,528;0,762;1,33E-4;132,85;76,17;-0,15;-0,12
3,861;1,524;0,763;1,33E-4;132,72;76,28;-0,15;-0,12
3,862;1,519;0,764;1,33E-4;132,57;76,37;-0,15;-0,12
3,863;1,517;0,766;1,32E-4;132,49;76,57;-0,15;-0,11
3,864;1,512;0,767;1,32E-4;132,35;76,67;-0,15;-0,11
3,865;1,508;0,767;1,32E-4;132,20;76,72;-0,15;-0,11
3,866;1,503;0,767;1,32E-4;132,04;76,74;-0,15;-0,11
3,867;1,500;0,769;1,32E-4;131,93;76,89;-0,15;-0,11
3,868;1,494;0,769;1,32E-4;131,77;76,90;-0,15;-0,11
3,869;1,491;0,771;1,32E-4;131,65;77,05;-0,15;-0,11
3,870;1,488;0,772;1,32E-4;131,55;77,21;-0,15;-0,11
3,871;1,482;0,771;1,31E-4;131,37;77,15;-0,15;-0,11
3,872;1,477;0,772;1,31E-4;131,23;77,18;-0,15;-0,11
3,873;1,475;0,774;1,31E-4;131,15;77,43;-0,15;-0,11
3,874;1,472;0,776;1,31E-4;131,05;77,56;-0,15;-0,11
3,875;1,467;0,776;1,31E-4;130,90;77,64;-0,15;-0,11
3,876;1,465;0,779;1,31E-4;130,82;77,86;-0,15;-0,11
3,877;1,460;0,778;1,31E-4;130,65;77,83;-0,14;-0,11
3,878;1,455;0,779;1,31E-4;130,51;77,85;-0,14;-0,11
3,879;1,451;0,779;1,30E-4;130,39;77,93;-0,14;-0,11
3,880;1,447;0,780;1,30E-4;130,26;77,98;-0,14;-0,11
3,881;1,444;0,781;1,30E-4;130,16;78,13;-0,14;-0,11
3,882;1,441;0,782;1,30E-4;130,05;78,20;-0,14;-0,10
3,883;1,437;0,783;1,30E-4;129,92;78,32;-0,14;-0,10
3,884;1,433;0,784;1,30E-4;129,81;78,44;-0,14;-0,10
3,885;1,429;0,785;1,30E-4;129,68;78,50;-0,14;-0,10
3,886;1,425;0,785;1,30E-4;129,55;78,49;-0,14;-0,10
3,887;1,421;0,786;1,29E-4;129,43;78,61;-0,14;-0,10
3,888;1,419;0,788;1,29E-4;129,36;78,83;-0,14;-0,10
3,889;1,415;0,789;1,29E-4;129,23;78,90;-0,14;-0,10
3,890;1,411;0,790;1,29E-4;129,09;78,95;-0,14;-0,10
3,891;1,408;0,791;1,29E-4;128,99;79,08;-0,14;-0,10
3,892;1,403;0,791;1,29E-4;128,83;79,07;-0,14;-0,10
3,893;1,400;0,793;1,29E-4;128,74;79,28;-0,14;-0,10
3,894;1,396;0,793;1,29E-4;128,60;79,33;-0,14;-0,10
3,895;1,390;0,793;1,28E-4;128,43;79,32;-0,14;-0,10
3,896;1,386;0,794;1,28E-4;128,29;79,37;-0,14;-0,10
3,897;1,383;0,796;1,28E-4;128,20;79,58;-0,14;-0,10
3,898;1,380;0,797;1,28E-4;128,09;79,75;-0,14;-0,10
3,899;1,376;0,798;1,28E-4;127,96;79,81;-0,14;-0,10
3,900;1,372;0,800;1,28E-4;127,85;80,04;-0,14;-0,09
3,901;1,367;0,800;1,28E-4;127,69;80,03;-0,13;-0,09
3,902;1,362;0,800;1,28E-4;127,51;80,01;-0,13;-0,10
3,903;1,357;0,801;1,27E-4;127,37;80,13;-0,13;-0,09
3,904;1,354;0,804;1,27E-4;127,27;80,35;-0,13;-0,09
3,905;1,349;0,804;1,27E-4;127,11;80,41;-0,13;-0,09
3,906;1,344;0,804;1,27E-4;126,94;80,41;-0,13;-0,09
3,907;1,340;0,806;1,27E-4;126,82;80,61;-0,13;-0,09
3,908;1,335;0,807;1,27E-4;126,66;80,68;-0,13;-0,09
3,909;1,331;0,808;1,27E-4;126,52;80,83;-0,13;-0,09
3,910;1,326;0,810;1,26E-4;126,38;81,04;-0,13;-0,09
3,911;1,322;0,812;1,26E-4;126,24;81,18;-0,13;-0,09
3,912;1,317;0,813;1,26E-4;126,07;81,27;-0,13;-0,09
3,913;1,313;0,814;1,26E-4;125,94;81,39;-0,13;-0,09
3,914;1,307;0,814;1,26E-4;125,74;81,40;-0,13;-0,09
3,915;1,301;0,815;1,26E-4;125,57;81,47;-0,13;-0,09
3,916;1,296;0,816;1,25E-4;125,41;81,59;-0,13;-0,09
3,917;1,292;0,818;1,25E-4;125,29;81,83;-0,13;-0,09
3,918;1,288;0,820;1,25E-4;125,15;82,04;-0,13;-0,08
3,919;1,283;0,822;1,25E-4;125,00;82,22;-0,13;-0,08
3,920;1,278;0,823;1,25E-4;124,82;82,33;-0,12;-0,08
3,921;1,273;0,824;1,25E-4;124,66;82,43;-0,12;-0,08
3,922;1,267;0,825;1,24E-4;124,48;82,53;-0,12;-0,08
3,923;1,262;0,827;1,24E-4;124,30;82,66;-0,12;-0,08
3,924;1,257;0,828;1,24E-4;124,14;82,77;-0,12;-0,08
3,925;1,253;0,830;1,24E-4;124,01;82,97;-0,12;-0,08
3,926;1,248;0,832;1,24E-4;123,86;83,23;-0,12;-0,08
3,927;1,243;0,834;1,24E-4;123,69;83,37;-0,12;-0,08
3,928;1,236;0,834;1,23E-4;123,47;83,36;-0,12;-0,08
3,929;1,230;0,835;1,23E-4;123,29;83,49;-0,12;-0,08
3,930;1,226;0,837;1,23E-4;123,14;83,68;-0,12;-0,08
3,931;1,221;0,839;1,23E-4;123,00;83,93;-0,12;-0,07
3,932;1,213;0,839;1,23E-4;122,75;83,87;-0,12;-0,07
3,933;1,209;0,841;1,23E-4;122,60;84,13;-0,12;-0,07
3,934;1,204;0,843;1,22E-4;122,45;84,30;-0,12;-0,07
3,935;1,199;0,845;1,22E-4;122,30;84,50;-0,12;-0,07
3,936;1,194;0,847;1,22E-4;122,12;84,69;-0,12;-0,07
3,937;1,187;0,847;1,22E-4;121,89;84,67;-0,11;-0,07
3,938;1,181;0,849;1,22E-4;121,73;84,87;-0,11;-0,07
3,939;1,175;0,850;1,22E-4;121,51;84,96;-0,11;-0,07
3,940;1,169;0,851;1,21E-4;121,34;85,11;-0,11;-0,07
3,941;1,165;0,853;1,21E-4;121,19;85,32;-0,11;-0,07
3,942;1,159;0,855;1,21E-4;121,01;85,49;-0,11;-0,07
3,943;1,154;0,856;1,21E-4;120,84;85,57;-0,11;-0,07
3,944;1,148;0,857;1,21E-4;120,65;85,70;-0,11;-0,07
3,945;1,143;0,858;1,20E-4;120,48;85,85;-0,11;-0,06
3,946;1,138;0,861;1,20E-4;120,32;86,09;-0,11;-0,06
3,947;1,132;0,862;1,20E-4;120,14;86,16;-0,11;-0,06
3,948;1,127;0,864;1,20E-4;119,99;86,41;-0,11;-0,06
3,949;1,122;0,866;1,20E-4;119,83;86,65;-0,11;-0,06
3,950;1,116;0,867;1,20E-4;119,63;86,71;-0,11;-0,06
3,951;1,112;0,869;1,19E-4;119,49;86,94;-0,11;-0,06
3,952;1,108;0,873;1,19E-4;119,37;87,26;-0,11;-0,06
3,953;1,102;0,873;1,19E-4;119,16;87,28;-0,10;-0,06
3,954;1,096;0,874;1,19E-4;118,99;87,44;-0,10;-0,06
3,955;1,091;0,875;1,19E-4;118,81;87,53;-0,10;-0,06
3,956;1,085;0,877;1,19E-4;118,63;87,69;-0,10;-0,06
3,957;1,082;0,880;1,19E-4;118,52;88,01;-0,10;-0,05
3,958;1,075;0,881;1,18E-4;118,31;88,05;-0,10;-0,05
3,959;1,070;0,882;1,18E-4;118,15;88,23;-0,10;-0,05
3,960;1,064;0,883;1,18E-4;117,94;88,28;-0,10;-0,05
3,961;1,059;0,885;1,18E-4;117,78;88,48;-0,10;-0,05
3,962;1,053;0,886;1,18E-4;117,60;88,61;-0,10;-0,05
3,963;1,047;0,887;1,17E-4;117,42;88,74;-0,10;-0,05
3,964;1,043;0,890;1,17E-4;117,29;89,00;-0,10;-0,05
3,965;1,038;0,892;1,17E-4;117,13;89,22;-0,10;-0,05
3,966;1,034;0,894;1,17E-4;116,98;89,44;-0,10;-0,05
3,967;1,028;0,896;1,17E-4;116,79;89,56;-0,10;-0,05
3,968;1,023;0,898;1,17E-4;116,64;89,78;-0,10;-0,05
3,969;1,016;0,898;1,16E-4;116,43;89,80;-0,09;-0,04
3,970;1,012;0,900;1,16E-4;116,27;89,96;-0,09;-0,04
3,971;1,008;0,902;1,16E-4;116,15;90,21;-0,09;-0,04
3,972;1,002;0,904;1,16E-4;115,98;90,38;-0,09;-0,04
3,973;0,997;0,905;1,16E-4;115,79;90,51;-0,09;-0,04
3,974;0,991;0,905;1,16E-4;115,60;90,49;-0,09;-0,04
3,975;0,986;0,907;1,15E-4;115,46;90,74;-0,09;-0,04
3,976;0,982;0,909;1,15E-4;115,32;90,93;-0,09;-0,04
3,977;0,977;0,911;1,15E-4;115,15;91,06;-0,09;-0,04
3,978;0,972;0,912;1,15E-4;115,00;91,21;-0,09;-0,04
3,979;0,968;0,914;1,15E-4;114,88;91,44;-0,09;-0,04
3,980;0,961;0,914;1,15E-4;114,66;91,45;-0,09;-0,04
3,981;0,956;0,915;1,14E-4;114,50;91,55;-0,09;-0,04
3,982;0,953;0,918;1,14E-4;114,39;91,85;-0,09;-0,04
3,983;0,948;0,919;1,14E-4;114,23;91,91;-0,09;-0,03
3,984;0,944;0,921;1,14E-4;114,11;92,11;-0,09;-0,03
3,985;0,938;0,921;1,14E-4;113,92;92,05;-0,09;-0,03
3,986;0,936;0,923;1,14E-4;113,84;92,33;-0,08;-0,03
3,987;0,931;0,924;1,14E-4;113,70;92,45;-0,08;-0,03
3,988;0,928;0,926;1,14E-4;113,59;92,61;-0,08;-0,03
3,989;0,924;0,927;1,13E-4;113,45;92,70;-0,08;-0,03
3,990;0,921;0,929;1,13E-4;113,36;92,89;-0,08;-0,03
3,991;0,917;0,930;1,13E-4;113,24;92,95;-0,08;-0,03
3,992;0,913;0,930;1,13E-4;113,12;93,04;-0,08;-0,03
3,993;0,910;0,931;1,13E-4;113,02;93,12;-0,08;-0,03
3,994;0,909;0,934;1,13E-4;112,97;93,37;-0,08;-0,03
3,995;0,905;0,934;1,13E-4;112,85;93,40;-0,08;-0,03
3,996;0,900;0,934;1,13E-4;112,70;93,36;-0,08;-0,03
3,997;0,898;0,935;1,13E-4;112,61;93,47;-0,08;-0,03
3,998;0,895;0,935;1,13E-4;112,51;93,54;-0,08;-0,03
3,999;0,892;0,937;1,12E-4;112,44;93,66;-0,08;-0,03
4,000;0,889;0,937;1,12E-4;112,34;93,69;-0,08;-0,03
4,001;0,887;0,938;1,12E-4;112,26;93,85;-0,08;-0,03
4,002;0,884;0,939;1,12E-4;112,16;93,89;-0,08;-0,03
4,003;0,879;0,940;1,12E-4;112,03;94,00;-0,08;-0,03
4,004;0,875;0,942;1,12E-4;111,90;94,17;-0,08;-0,02
4,005;0,871;0,943;1,12E-4;111,76;94,28;-0,08;-0,02
4,006;0,867;0,944;1,12E-4;111,62;94,38;-0,08;-0,02
4,007;0,863;0,946;1,11E-4;111,50;94,59;-0,08;-0,02
4,008;0,859;0,947;1,11E-4;111,38;94,72;-0,08;-0,02
4,009;0,854;0,947;1,11E-4;111,21;94,73;-0,07;-0,02
4,010;0,852;0,950;1,11E-4;111,14;95,01;-0,07;-0,02
4,011;0,847;0,950;1,11E-4;110,98;95,02;-0,07;-0,02
4,012;0,842;0,951;1,11E-4;110,84;95,10;-0,07;-0,02
4,013;0,839;0,953;1,11E-4;110,73;95,27;-0,07;-0,02
4,014;0,835;0,954;1,11E-4;110,60;95,39;-0,07;-0,02
4,015;0,831;0,955;1,10E-4;110,46;95,47;-0,07;-0,02
4,016;0,828;0,957;1,10E-4;110,36;95,69;-0,07;-0,02
4,017;0,824;0,958;1,10E-4;110,24;95,76;-0,07;-0,02
4,018;0,820;0,958;1,10E-4;110,11;95,83;-0,07;-0,02
4,019;0,816;0,960;1,10E-4;109,99;95,95;-0,07;-0,02
4,020;0,812;0,961;1,10E-4;109,88;96,08;-0,07;-0,02
4,021;0,810;0,963;1,10E-4;109,79;96,25;-0,07;-0,01
4,022;0,806;0,963;1,10E-4;109,66;96,29;-0,07;-0,01
4,023;0,803;0,964;1,10E-4;109,58;96,44;-0,07;-0,01
4,024;0,799;0,965;1,09E-4;109,46;96,52;-0,07;-0,01
4,025;0,796;0,966;1,09E-4;109,34;96,61;-0,07;-0,01
4,026;0,792;0,966;1,09E-4;109,23;96,64;-0,07;-0,01
4,027;0,789;0,967;1,09E-4;109,12;96,68;-0,07;-0,01
4,028;0,786;0,968;1,09E-4;109,02;96,80;-0,07;-0,01
4,029;0,784;0,970;1,09E-4;108,95;97,02;-0,07;-0,01
4,030;0,780;0,971;1,09E-4;108,85;97,08;-0,07;-0,01
4,031;0,777;0,972;1,09E-4;108,75;97,18;-0,06;-0,01
4,032;0,775;0,974;1,09E-4;108,69;97,37;-0,06;-0,01
4,033;0,773;0,975;1,09E-4;108,61;97,47;-0,06;-0,01
4,034;0,770;0,976;1,09E-4;108,53;97,56;-0,06;-0,01
4,035;0,767;0,976;1,08E-4;108,44;97,65;-0,06;-0,01
4,036;0,764;0,977;1,08E-4;108,33;97,68;-0,06;-0,01
4,037;0,761;0,977;1,08E-4;108,23;97,72;-0,06;-0,01
4,038;0,759;0,979;1,08E-4;108,17;97,89;-0,06;-0,01
4,039;0,757;0,980;1,08E-4;108,10;97,97;-0,06;-0,01
4,040;0,754;0,980;1,08E-4;107,99;97,99;-0,06;-0,01
4,041;0,753;0,982;1,08E-4;107,97;98,23;-0,06;-0,01
4,042;0,751;0,984;1,08E-4;107,92;98,45;-0,06;0,00
4,043;0,747;0,983;1,08E-4;107,79;98,34;-0,06;-0,01
4,044;0,745;0,985;1,08E-4;107,73;98,48;-0,06;0,00
4,045;0,742;0,984;1,08E-4;107,61;98,40;-0,06;-0,01
4,046;0,739;0,985;1,08E-4;107,54;98,52;-0,06;0,00
4,047;0,738;0,987;1,07E-4;107,48;98,66;-0,06;0,00
4,048;0,735;0,986;1,07E-4;107,39;98,63;-0,06;0,00
4,049;0,733;0,987;1,07E-4;107,32;98,72;-0,06;0,00
4,050;0,729;0,986;1,07E-4;107,21;98,65;-0,06;0,00
4,051;0,727;0,988;1,07E-4;107,15;98,79;-0,06;0,00
4,052;0,726;0,990;1,07E-4;107,10;98,95;-0,06;0,00
4,053;0,723;0,989;1,07E-4;107,00;98,89;-0,06;0,00
4,054;0,721;0,990;1,07E-4;106,96;99,03;-0,06;0,00
4,055;0,720;0,992;1,07E-4;106,92;99,22;-0,06;0,00
4,056;0,718;0,993;1,07E-4;106,85;99,29;-0,06;0,00
4,057;0,716;0,994;1,07E-4;106,79;99,37;-0,06;-9,11E-4
4,058;0,714;0,994;1,07E-4;106,71;99,42;-0,06;-7,19E-4
4,059;0,713;0,996;1,07E-4;106,67;99,58;-0,06;-5,32E-6
4,060;0,710;0,996;1,07E-4;106,60;99,57;-0,06;-5,32E-5
4,061;0,708;0,997;1,07E-4;106,53;99,68;-0,06;4,15E-4
4,062;0,706;0,997;1,06E-4;106,45;99,67;-0,06;3,88E-4
4,063;0,705;0,998;1,06E-4;106,42;99,81;-0,06;9,94E-4
4,064;0,702;0,998;1,06E-4;106,34;99,84;-0,06;0,00
4,065;0,700;0,999;1,06E-4;106,26;99,88;-0,05;0,00
4,066;0,698;1,000;1,06E-4;106,21;99,96;-0,05;0,00
4,067;0,696;1,001;1,06E-4;106,15;100,06;-0,05;0,00
4,068;0,695;1,001;1,06E-4;106,10;100,13;-0,05;0,00
4,069;0,693;1,001;1,06E-4;106,03;100,13;-0,05;0,00
4,070;0,691;1,002;1,06E-4;105,97;100,23;-0,05;0,00
4,071;0,689;1,003;1,06E-4;105,92;100,33;-0,05;0,00
4,072;0,687;1,004;1,06E-4;105,85;100,37;-0,05;0,00
4,073;0,684;1,004;1,06E-4;105,76;100,37;-0,05;0,00
4,074;0,683;1,004;1,06E-4;105,72;100,45;-0,05;0,00
4,075;0,681;1,005;1,06E-4;105,67;100,53;-0,05;0,00
4,076;0,678;1,005;1,06E-4;105,56;100,46;-0,05;0,00
4,077;0,677;1,007;1,06E-4;105,53;100,68;-0,05;0,00
4,078;0,677;1,009;1,06E-4;105,52;100,85;-0,05;0,01
4,079;0,675;1,009;1,05E-4;105,48;100,91;-0,05;0,01
4,080;0,672;1,008;1,05E-4;105,37;100,79;-0,05;0,01
4,081;0,670;1,008;1,05E-4;105,30;100,80;-0,05;0,01
4,082;0,669;1,009;1,05E-4;105,27;100,94;-0,05;0,01
4,083;0,667;1,010;1,05E-4;105,20;100,95;-0,05;0,01
4,084;0,666;1,011;1,05E-4;105,19;101,13;-0,05;0,01
4,085;0,664;1,012;1,05E-4;105,12;101,17;-0,05;0,01
4,086;0,662;1,011;1,05E-4;105,05;101,15;-0,05;0,01
4,087;0,661;1,013;1,05E-4;105,01;101,29;-0,05;0,01
4,088;0,658;1,013;1,05E-4;104,93;101,25;-0,05;0,01
4,089;0,656;1,012;1,05E-4;104,85;101,23;-0,05;0,01
4,090;0,655;1,014;1,05E-4;104,83;101,37;-0,05;0,01
4,091;0,654;1,015;1,05E-4;104,80;101,48;-0,05;0,01
4,092;0,653;1,015;1,05E-4;104,75;101,54;-0,05;0,01
4,093;0,651;1,016;1,05E-4;104,68;101,57;-0,05;0,01
4,094;0,649;1,016;1,05E-4;104,62;101,62;-0,05;0,01
4,095;0,646;1,016;1,05E-4;104,55;101,57;-0,05;0,01
4,096;0,646;1,017;1,05E-4;104,53;101,75;-0,05;0,01
4,097;0,644;1,019;1,04E-4;104,49;101,87;-0,05;0,01
4,098;0,643;1,019;1,04E-4;104,44;101,90;-0,05;0,01
4,099;0,642;1,019;1,04E-4;104,40;101,94;-0,05;0,01
4,100;0,640;1,020;1,04E-4;104,34;101,96;-0,05;0,01
4,101;0,638;1,019;1,04E-4;104,27;101,94;-0,05;0,01
4,102;0,637;1,021;1,04E-4;104,26;102,13;-0,05;0,01
4,103;0,636;1,022;1,04E-4;104,21;102,16;-0,05;0,01
4,104;0,634;1,022;1,04E-4;104,16;102,15;-0,05;0,01
4,105;0,633;1,022;1,04E-4;104,13;102,25;-0,05;0,01
4,106;0,631;1,023;1,04E-4;104,06;102,28;-0,05;0,01
4,107;0,629;1,022;1,04E-4;103,98;102,18;-0,05;0,01
4,108;0,629;1,024;1,04E-4;104,00;102,41;-0,05;0,01
4,109;0,628;1,024;1,04E-4;103,95;102,43;-0,05;0,01
4,110;0,626;1,025;1,04E-4;103,89;102,46;-0,05;0,01
4,111;0,625;1,025;1,04E-4;103,86;102,52;-0,05;0,01
4,112;0,623;1,025;1,04E-4;103,80;102,49;-0,04;0,01
4,113;0,621;1,024;1,04E-4;103,72;102,44;-0,04;0,01
4,114;0,621;1,026;1,04E-4;103,73;102,63;-0,04;0,01
4,115;0,620;1,027;1,04E-4;103,71;102,73;-0,04;0,01
4,116;0,618;1,027;1,04E-4;103,65;102,69;-0,04;0,01
4,117;0,616;1,027;1,04E-4;103,58;102,70;-0,04;0,01
4,118;0,614;1,026;1,04E-4;103,50;102,62;-0,04;0,01
4,119;0,613;1,028;1,03E-4;103,49;102,76;-0,04;0,01
4,120;0,612;1,028;1,03E-4;103,45;102,79;-0,04;0,01
4,121;0,611;1,028;1,03E-4;103,41;102,84;-0,04;0,01
4,122;0,610;1,029;1,03E-4;103,37;102,89;-0,04;0,01
4,123;0,609;1,030;1,03E-4;103,35;102,96;-0,04;0,01
4,124;0,608;1,030;1,03E-4;103,31;103,00;-0,04;0,01
4,125;0,606;1,029;1,03E-4;103,24;102,89;-0,04;0,01
4,126;0,605;1,029;1,03E-4;103,21;102,93;-0,04;0,01
4,127;0,603;1,029;1,03E-4;103,16;102,93;-0,04;0,01
4,128;0,602;1,030;1,03E-4;103,12;102,98;-0,04;0,01
4,129;0,600;1,030;1,03E-4;103,07;102,99;-0,04;0,01
4,130;0,599;1,029;1,03E-4;103,02;102,93;-0,04;0,01
4,131;0,598;1,031;1,03E-4;103,00;103,08;-0,04;0,02
4,132;0,597;1,032;1,03E-4;102,98;103,19;-0,04;0,02
4,133;0,596;1,032;1,03E-4;102,92;103,19;-0,04;0,02
4,134;0,594;1,031;1,03E-4;102,85;103,15;-0,04;0,02
4,135;0,593;1,032;1,03E-4;102,83;103,20;-0,04;0,02
4,136;0,592;1,033;1,03E-4;102,79;103,26;-0,04;0,02
4,137;0,591;1,034;1,03E-4;102,77;103,39;-0,04;0,02
4,138;0,589;1,033;1,03E-4;102,70;103,33;-0,04;0,02
4,139;0,587;1,033;1,03E-4;102,64;103,33;-0,04;0,02
4,140;0,585;1,034;1,03E-4;102,59;103,39;-0,04;0,02
4,141;0,585;1,035;1,03E-4;102,57;103,47;-0,04;0,02
4,142;0,584;1,036;1,03E-4;102,53;103,56;-0,04;0,02
4,143;0,583;1,037;1,03E-4;102,51;103,69;-0,04;0,02
4,144;0,580;1,036;1,02E-4;102,42;103,58;-0,04;0,02
4,145;0,578;1,036;1,02E-4;102,37;103,63;-0,04;0,02
4,146;0,577;1,037;1,02E-4;102,32;103,68;-0,04;0,02
4,147;0,575;1,036;1,02E-4;102,24;103,63;-0,04;0,02
4,148;0,575;1,038;1,02E-4;102,25;103,82;-0,04;0,02
4,149;0,573;1,039;1,02E-4;102,21;103,92;-0,04;0,02
4,150;0,572;1,040;1,02E-4;102,15;103,97;-0,04;0,02
4,151;0,569;1,039;1,02E-4;102,07;103,92;-0,04;0,02
4,152;0,567;1,039;1,02E-4;102,01;103,94;-0,04;0,02
4,153;0,566;1,040;1,02E-4;101,97;103,98;-0,04;0,02
4,154;0,565;1,041;1,02E-4;101,95;104,09;-0,04;0,02
4,155;0,564;1,042;1,02E-4;101,91;104,19;-0,04;0,02
4,156;0,562;1,042;1,02E-4;101,86;104,24;-0,04;0,02
4,157;0,559;1,041;1,02E-4;101,75;104,14;-0,04;0,02
4,158;0,558;1,042;1,02E-4;101,71;104,22;-0,04;0,02
4,159;0,556;1,043;1,02E-4;101,66;104,30;-0,04;0,02
4,160;0,554;1,043;1,02E-4;101,59;104,29;-0,04;0,02
4,161;0,553;1,044;1,02E-4;101,56;104,41;-0,04;0,02
4,162;0,551;1,044;1,01E-4;101,49;104,41;-0,03;0,02
4,163;0,549;1,045;1,01E-4;101,44;104,48;-0,03;0,02
4,164;0,547;1,044;1,01E-4;101,36;104,44;-0,03;0,02
4,165;0,546;1,046;1,01E-4;101,32;104,57;-0,03;0,02
4,166;0,544;1,046;1,01E-4;101,27;104,65;-0,03;0,02
4,167;0,542;1,047;1,01E-4;101,20;104,65;-0,03;0,02
4,168;0,540;1,047;1,01E-4;101,12;104,68;-0,03;0,02
4,169;0,538;1,047;1,01E-4;101,07;104,71;-0,03;0,02
4,170;0,536;1,048;1,01E-4;101,02;104,80;-0,03;0,02
4,171;0,536;1,050;1,01E-4;101,00;104,97;-0,03;0,02
4,172;0,534;1,051;1,01E-4;100,94;105,05;-0,03;0,02
4,173;0,532;1,051;1,01E-4;100,87;105,11;-0,03;0,02
4,174;0,530;1,051;1,01E-4;100,82;105,13;-0,03;0,02
4,175;0,528;1,051;1,01E-4;100,73;105,09;-0,03;0,02
4,176;0,527;1,053;1,01E-4;100,70;105,27;-0,03;0,02
4,177;0,525;1,053;1,01E-4;100,66;105,34;-0,03;0,02
4,178;0,524;1,054;1,01E-4;100,61;105,43;-0,03;0,02
4,179;0,521;1,054;1,01E-4;100,52;105,38;-0,03;0,02
4,180;0,520;1,056;1,00E-4;100,48;105,56;-0,03;0,03
4,181;0,517;1,055;1,00E-4;100,38;105,48;-0,03;0,02
4,182;0,515;1,056;1,00E-4;100,34;105,59;-0,03;0,03
4,183;0,514;1,058;1,00E-4;100,31;105,77;-0,03;0,03
4,184;0,513;1,059;1,00E-4;100,27;105,86;-0,03;0,03
4,185;0,509;1,058;1,00E-4;100,15;105,80;-0,03;0,03
4,186;0,507;1,059;1,00E-4;100,09;105,87;-0,03;0,03
4,187;0,505;1,059;1,00E-4;100,02;105,90;-0,03;0,03
4,188;0,504;1,060;1,00E-4;99,97;106,01;-0,03;0,03
4,189;0,502;1,061;9,99E-5;99,93;106,12;-0,03;0,03
4,190;0,501;1,063;9,99E-5;99,90;106,29;-0,03;0,03
4,191;0,501;1,065;9,99E-5;99,88;106,53;-0,03;0,03
4,192;0,497;1,064;9,98E-5;99,76;106,43;-0,03;0,03
4,193;0,495;1,064;9,97E-5;99,68;106,42;-0,03;0,03
4,194;0,495;1,067;9,97E-5;99,69;106,70;-0,03;0,03
4,195;0,492;1,067;9,96E-5;99,61;106,70;-0,03;0,03
4,196;0,489;1,066;9,95E-5;99,48;106,57;-0,03;0,03
4,197;0,488;1,068;9,95E-5;99,48;106,80;-0,03;0,03
4,198;0,486;1,069;9,94E-5;99,41;106,88;-0,03;0,03
4,199;0,485;1,070;9,94E-5;99,37;106,99;-0,03;0,03
4,200;0,482;1,070;9,93E-5;99,28;106,99;-0,03;0,03
4,201;0,480;1,071;9,92E-5;99,21;107,09;-0,03;0,03
4,202;0,479;1,072;9,92E-5;99,18;107,22;-0,02;0,03
4,203;0,477;1,073;9,91E-5;99,11;107,28;-0,02;0,03
4,204;0,475;1,073;9,90E-5;99,03;107,32;-0,02;0,03
4,205;0,471;1,072;9,89E-5;98,91;107,24;-0,02;0,03
4,206;0,470;1,074;9,89E-5;98,88;107,37;-0,02;0,03
4,207;0,469;1,076;9,88E-5;98,85;107,56;-0,02;0,03
4,208;0,466;1,076;9,88E-5;98,77;107,62;-0,02;0,03
4,209;0,465;1,078;9,87E-5;98,71;107,80;-0,02;0,03
4,210;0,463;1,079;9,86E-5;98,65;107,87;-0,02;0,03
4,211;0,460;1,079;9,86E-5;98,56;107,90;-0,02;0,03
4,212;0,457;1,078;9,85E-5;98,46;107,81;-0,02;0,03
4,213;0,455;1,080;9,84E-5;98,41;107,97;-0,02;0,04
4,214;0,454;1,082;9,84E-5;98,37;108,16;-0,02;0,04
4,215;0,451;1,082;9,83E-5;98,28;108,18;-0,02;0,04
4,216;0,448;1,082;9,82E-5;98,19;108,23;-0,02;0,04
4,217;0,446;1,083;9,81E-5;98,11;108,29;-0,02;0,04
4,218;0,445;1,084;9,81E-5;98,09;108,45;-0,02;0,04
4,219;0,443;1,086;9,80E-5;98,02;108,55;-0,02;0,04
4,220;0,440;1,085;9,79E-5;97,94;108,55;-0,02;0,04
4,221;0,438;1,087;9,79E-5;97,87;108,67;-0,02;0,04
4,222;0,437;1,087;9,78E-5;97,81;108,74;-0,02;0,04
4,223;0,433;1,087;9,77E-5;97,71;108,74;-0,02;0,04
4,224;0,432;1,088;9,77E-5;97,66;108,83;-0,02;0,04
4,225;0,430;1,090;9,76E-5;97,60;109,01;-0,02;0,04
4,226;0,428;1,091;9,75E-5;97,54;109,07;-0,02;0,04
4,227;0,426;1,092;9,75E-5;97,49;109,22;-0,02;0,04
4,228;0,424;1,092;9,74E-5;97,41;109,21;-0,02;0,04
4,229;0,422;1,093;9,74E-5;97,36;109,31;-0,02;0,04
4,230;0,420;1,094;9,73E-5;97,29;109,37;-0,02;0,04
4,231;0,418;1,095;9,72E-5;97,22;109,47;-0,02;0,04
4,232;0,415;1,094;9,71E-5;97,12;109,43;-0,02;0,04
4,233;0,413;1,096;9,71E-5;97,07;109,55;-0,02;0,04
4,234;0,412;1,097;9,70E-5;97,04;109,73;-0,02;0,04
4,235;0,410;1,097;9,69E-5;96,95;109,72;-0,02;0,04
4,236;0,407;1,097;9,69E-5;96,87;109,71;-0,01;0,04
4,237;0,407;1,100;9,69E-5;96,86;109,98;-0,01;0,04
4,238;0,405;1,100;9,68E-5;96,80;110,03;-0,01;0,04
4,239;0,404;1,101;9,68E-5;96,75;110,15;-0,01;0,04
4,240;0,402;1,102;9,67E-5;96,69;110,19;-0,01;0,04
4,241;0,398;1,101;9,66E-5;96,57;110,09;-0,01;0,04
4,242;0,397;1,102;9,65E-5;96,54;110,17;-0,01;0,04
4,243;0,396;1,103;9,65E-5;96,50;110,29;-0,01;0,04
4,244;0,395;1,104;9,65E-5;96,48;110,42;-0,01;0,04
4,245;0,391;1,103;9,63E-5;96,34;110,28;-0,01;0,04
4,246;0,391;1,105;9,63E-5;96,34;110,49;-0,01;0,05
4,247;0,389;1,106;9,63E-5;96,30;110,62;-0,01;0,05
4,248;0,386;1,105;9,62E-5;96,21;110,55;-0,01;0,05
4,249;0,385;1,105;9,61E-5;96,14;110,53;-0,01;0,05
4,250;0,385;1,107;9,61E-5;96,14;110,73;-0,01;0,05
4,251;0,383;1,108;9,61E-5;96,09;110,77;-0,01;0,05
4,252;0,381;1,108;9,60E-5;96,04;110,85;-0,01;0,05
4,253;0,380;1,109;9,60E-5;96,00;110,92;-0,01;0,05
4,254;0,378;1,110;9,59E-5;95,95;110,98;-0,01;0,05
4,255;0,378;1,111;9,59E-5;95,92;111,08;-0,01;0,05
4,256;0,374;1,109;9,58E-5;95,82;110,94;-0,01;0,05
4,257;0,373;1,110;9,58E-5;95,78;111,04;-0,01;0,05
4,258;0,372;1,111;9,57E-5;95,75;111,11;-0,01;0,05
4,259;0,371;1,112;9,57E-5;95,70;111,16;-0,01;0,05
4,260;0,370;1,113;9,57E-5;95,69;111,28;-0,01;0,05
4,261;0,369;1,113;9,56E-5;95,63;111,31;-0,01;0,05
4,262;0,367;1,113;9,56E-5;95,59;111,29;-0,01;0,05
4,263;0,366;1,114;9,56E-5;95,56;111,36;-0,01;0,05
4,264;0,364;1,113;9,55E-5;95,49;111,32;-0,01;0,05
4,265;0,363;1,114;9,55E-5;95,47;111,44;-0,01;0,05
4,266;0,361;1,114;9,54E-5;95,40;111,36;-0,01;0,05
4,267;0,360;1,114;9,54E-5;95,37;111,43;-0,01;0,05
4,268;0,360;1,115;9,53E-5;95,34;111,51;-0,01;0,05
4,269;0,359;1,115;9,53E-5;95,32;111,54;-0,01;0,05
4,270;0,357;1,115;9,52E-5;95,25;111,50;-0,01;0,05
4,271;0,357;1,117;9,53E-5;95,26;111,68;-0,01;0,05
4,272;0,355;1,116;9,52E-5;95,20;111,61;-0,01;0,05
4,273;0,355;1,117;9,52E-5;95,20;111,72;-0,01;0,05
4,274;0,355;1,118;9,52E-5;95,18;111,79;-0,01;0,05
4,275;0,353;1,118;9,51E-5;95,13;111,80;-0,01;0,05
4,276;0,353;1,119;9,51E-5;95,12;111,87;-0,01;0,05
4,277;0,352;1,119;9,51E-5;95,09;111,88;-0,01;0,05
4,278;0,350;1,119;9,50E-5;95,05;111,86;-0,01;0,05
4,279;0,350;1,119;9,50E-5;95,05;111,88;-0,01;0,05
4,280;0,349;1,119;9,50E-5;94,99;111,85;-0,01;0,05
4,281;0,349;1,119;9,50E-5;94,99;111,92;-0,01;0,05
4,282;0,346;1,118;9,49E-5;94,92;111,82;-0,01;0,05
4,283;0,346;1,119;9,49E-5;94,91;111,88;-0,01;0,05
4,284;0,345;1,119;9,49E-5;94,88;111,87;-0,01;0,05
4,285;0,346;1,120;9,49E-5;94,89;111,97;-0,01;0,05
4,286;0,345;1,120;9,49E-5;94,88;112,01;-0,01;0,05
4,287;0,345;1,120;9,49E-5;94,87;112,05;-0,01;0,05
4,288;0,342;1,118;9,48E-5;94,77;111,79;-0,01;0,05
4,289;0,342;1,120;9,48E-5;94,79;111,96;-0,01;0,05
4,290;0,342;1,120;9,48E-5;94,79;111,97;-0,01;0,05
4,291;0,342;1,120;9,48E-5;94,77;112,02;-0,01;0,05
4,292;0,342;1,121;9,48E-5;94,78;112,11;-0,01;0,05
4,293;0,340;1,120;9,47E-5;94,73;111,99;-0,01;0,05
4,294;0,340;1,120;9,47E-5;94,70;111,97;0,00;0,05
4,295;0,339;1,120;9,47E-5;94,69;111,99;0,00;0,05
4,296;0,339;1,120;9,47E-5;94,68;112,04;0,00;0,05
4,297;0,340;1,122;9,47E-5;94,71;112,15;0,00;0,05
4,298;0,339;1,121;9,47E-5;94,68;112,10;0,00;0,05
4,299;0,339;1,121;9,47E-5;94,68;112,15;0,00;0,05
4,300;0,338;1,122;9,47E-5;94,67;112,20;0,00;0,05
4,301;0,336;1,120;9,46E-5;94,59;112,00;0,00;0,05
4,302;0,336;1,120;9,46E-5;94,58;111,99;0,00;0,05
4,303;0,335;1,119;9,46E-5;94,56;111,91;0,00;0,05
4,304;0,335;1,120;9,46E-5;94,56;111,99;0,00;0,05
4,305;0,337;1,121;9,46E-5;94,61;112,14;0,00;0,05
4,306;0,335;1,121;9,46E-5;94,57;112,05;0,00;0,05
4,307;0,335;1,120;9,45E-5;94,55;112,03;0,00;0,05
4,308;0,335;1,121;9,45E-5;94,54;112,07;0,00;0,05
4,309;0,334;1,121;9,45E-5;94,53;112,05;0,00;0,05
4,310;0,334;1,121;9,45E-5;94,53;112,08;0,00;0,05
4,311;0,333;1,120;9,45E-5;94,50;112,03;0,00;0,05
4,312;0,332;1,119;9,45E-5;94,45;111,87;0,00;0,05
4,313;0,332;1,119;9,44E-5;94,45;111,94;0,00;0,05
4,314;0,333;1,121;9,45E-5;94,48;112,07;0,00;0,05
4,315;0,332;1,120;9,45E-5;94,46;112,02;0,00;0,05
4,316;0,332;1,120;9,44E-5;94,44;112,00;0,00;0,05
4,317;0,332;1,120;9,44E-5;94,45;112,01;0,00;0,05
4,318;0,332;1,120;9,44E-5;94,45;112,05;0,00;0,05
4,319;0,330;1,119;9,44E-5;94,40;111,91;0,00;0,05
4,320;0,330;1,119;9,44E-5;94,38;111,88;0,00;0,05
4,321;0,331;1,120;9,44E-5;94,42;111,98;0,00;0,05
4,322;0,330;1,119;9,44E-5;94,39;111,92;0,00;0,05
4,323;0,330;1,119;9,44E-5;94,38;111,89;0,00;0,05
4,324;0,330;1,120;9,44E-5;94,41;111,95;0,00;0,05
4,325;0,329;1,118;9,44E-5;94,37;111,84;0,00;0,05
4,326;0,328;1,118;9,43E-5;94,34;111,81;0,00;0,05
4,327;0,328;1,118;9,43E-5;94,34;111,84;0,00;0,05
4,328;0,328;1,119;9,43E-5;94,33;111,86;0,00;0,05
4,329;0,328;1,118;9,43E-5;94,33;111,82;0,00;0,05
4,330;0,327;1,118;9,43E-5;94,31;111,80;0,00;0,05
4,331;0,327;1,118;9,43E-5;94,31;111,77;0,00;0,05
4,332;0,327;1,118;9,43E-5;94,31;111,81;0,00;0,05
4,333;0,328;1,118;9,43E-5;94,32;111,83;0,00;0,05
4,334;0,327;1,118;9,43E-5;94,29;111,78;0,00;0,05
4,335;0,326;1,117;9,43E-5;94,27;111,72;0,00;0,05
4,336;0,327;1,118;9,43E-5;94,30;111,83;0,00;0,05
4,337;0,327;1,118;9,43E-5;94,29;111,80;0,00;0,05
4,338;0,327;1,118;9,43E-5;94,30;111,84;0,00;0,05
4,339;0,327;1,119;9,43E-5;94,31;111,88;0,00;0,05
4,340;0,326;1,117;9,43E-5;94,26;111,74;0,00;0,05
4,341;0,326;1,118;9,43E-5;94,28;111,83;0,00;0,05
4,342;0,326;1,118;9,43E-5;94,27;111,80;0,00;0,05
4,343;0,324;1,116;9,42E-5;94,20;111,57;0,00;0,05
4,344;0,324;1,116;9,42E-5;94,21;111,64;0,00;0,05
4,345;0,324;1,116;9,42E-5;94,21;111,61;0,00;0,05
4,346;0,325;1,117;9,42E-5;94,23;111,70;0,00;0,05
4,347;0,327;1,119;9,43E-5;94,28;111,87;0,00;0,05
4,348;0,325;1,117;9,42E-5;94,22;111,68;0,00;0,05
4,349;0,324;1,117;9,42E-5;94,19;111,66;0,00;0,05
4,350;0,323;1,116;9,42E-5;94,18;111,63;0,00;0,05
4,351;0,324;1,116;9,42E-5;94,19;111,62;0,00;0,05
4,352;0,322;1,115;9,42E-5;94,15;111,51;0,00;0,05
4,353;0,323;1,115;9,42E-5;94,15;111,53;0,00;0,05
4,354;0,323;1,116;9,42E-5;94,17;111,62;0,00;0,05
4,355;0,324;1,117;9,42E-5;94,20;111,73;0,00;0,05
4,356;0,323;1,117;9,42E-5;94,18;111,67;0,00;0,05
4,357;0,323;1,116;9,42E-5;94,15;111,61;0,00;0,05
4,358;0,322;1,115;9,41E-5;94,13;111,52;0,00;0,05
4,359;0,322;1,116;9,42E-5;94,15;111,58;0,00;0,05
4,360;0,322;1,116;9,41E-5;94,14;111,57;0,00;0,05
4,361;0,322;1,115;9,41E-5;94,13;111,51;0,00;0,05
4,362;0,322;1,116;9,41E-5;94,15;111,62;0,00;0,05
4,363;0,321;1,115;9,41E-5;94,12;111,53;0,00;0,05
4,364;0,321;1,115;9,41E-5;94,10;111,50;0,00;0,05
4,365;0,321;1,115;9,41E-5;94,11;111,52;0,00;0,05
4,366;0,321;1,115;9,41E-5;94,10;111,55;0,00;0,05
4,367;0,320;1,114;9,41E-5;94,08;111,43;0,00;0,05
4,368;0,320;1,115;9,41E-5;94,08;111,47;0,00;0,05
4,369;0,321;1,115;9,41E-5;94,11;111,52;0,00;0,05
4,370;0,319;1,114;9,40E-5;94,05;111,36;0,00;0,05
4,371;0,320;1,114;9,41E-5;94,07;111,41;0,00;0,05
4,372;0,320;1,115;9,41E-5;94,08;111,50;0,00;0,05
4,373;0,320;1,114;9,41E-5;94,06;111,40;0,00;0,05
4,374;0,319;1,114;9,40E-5;94,04;111,36;0,00;0,05
4,375;0,319;1,114;9,40E-5;94,04;111,36;0,00;0,05
4,376;0,320;1,114;9,41E-5;94,06;111,43;0,00;0,05
4,377;0,319;1,114;9,40E-5;94,05;111,42;0,00;0,05
4,378;0,319;1,114;9,40E-5;94,04;111,45;0,00;0,05
4,379;0,319;1,114;9,40E-5;94,03;111,39;0,00;0,05
4,380;0,318;1,114;9,40E-5;94,02;111,43;0,00;0,05
4,381;0,318;1,114;9,40E-5;94,02;111,45;0,00;0,05
4,382;0,318;1,114;9,40E-5;94,01;111,43;0,00;0,05
4,383;0,318;1,114;9,40E-5;94,00;111,42;0,00;0,05
4,384;0,317;1,113;9,40E-5;93,97;111,32;0,00;0,05
4,385;0,317;1,113;9,40E-5;93,96;111,32;0,00;0,05
4,386;0,317;1,114;9,40E-5;93,97;111,36;0,00;0,05
4,387;0,316;1,113;9,40E-5;93,96;111,35;0,00;0,05
4,388;0,317;1,114;9,40E-5;93,99;111,44;0,00;0,05
4,389;0,317;1,115;9,40E-5;93,98;111,45;0,00;0,05
4,390;0,315;1,113;9,39E-5;93,93;111,30;0,00;0,05
4,391;0,315;1,112;9,39E-5;93,90;111,19;0,00;0,05
4,392;0,314;1,111;9,39E-5;93,87;111,11;0,00;0,05
4,393;0,314;1,112;9,39E-5;93,87;111,19;0,00;0,05
4,394;0,315;1,113;9,39E-5;93,90;111,32;0,00;0,05
4,395;0,314;1,113;9,39E-5;93,89;111,31;0,00;0,05
4,396;0,314;1,113;9,39E-5;93,87;111,27;0,00;0,05
4,397;0,314;1,114;9,39E-5;93,88;111,36;0,00;0,05
4,398;0,314;1,114;9,39E-5;93,89;111,41;0,00;0,05
4,399;0,313;1,114;9,38E-5;93,85;111,37;-9,68E-4;0,05
4,400;0,311;1,112;9,38E-5;93,79;111,20;-7,17E-4;0,05
4,401;0,311;1,112;9,38E-5;93,78;111,21;-6,54E-4;0,05
4,402;0,311;1,112;9,38E-5;93,78;111,24;-6,37E-4;0,05
4,403;0,311;1,113;9,38E-5;93,79;111,33;-6,92E-4;0,05
4,404;0,311;1,114;9,38E-5;93,78;111,39;-6,34E-4;0,05
4,405;0,310;1,114;9,38E-5;93,76;111,37;-5,76E-4;0,05
4,406;0,309;1,113;9,37E-5;93,72;111,29;-3,81E-4;0,05
4,407;0,309;1,114;9,37E-5;93,71;111,39;-3,51E-4;0,05
4,408;0,308;1,113;9,37E-5;93,68;111,29;-1,85E-4;0,05
4,409;0,308;1,114;9,37E-5;93,68;111,38;-1,84E-4;0,05
4,410;0,309;1,115;9,37E-5;93,71;111,54;-3,18E-4;0,05
4,411;0,307;1,115;9,36E-5;93,65;111,47;-4,72E-5;0,05
4,412;0,306;1,114;9,36E-5;93,61;111,42;1,35E-4;0,05
4,413;0,305;1,114;9,36E-5;93,58;111,37;2,78E-4;0,05
4,414;0,305;1,115;9,36E-5;93,60;111,54;1,93E-4;0,05
4,415;0,304;1,115;9,36E-5;93,57;111,54;3,16E-4;0,05
4,416;0,303;1,114;9,35E-5;93,51;111,44;5,82E-4;0,05
4,417;0,302;1,114;9,35E-5;93,49;111,44;6,69E-4;0,05
4,418;0,301;1,114;9,35E-5;93,46;111,43;8,50E-4;0,05
4,419;0,301;1,115;9,35E-5;93,45;111,49;8,77E-4;0,05
4,420;0,300;1,115;9,34E-5;93,42;111,52;0,00;0,05
4,421;0,299;1,116;9,34E-5;93,39;111,56;0,00;0,05
4,422;0,299;1,117;9,34E-5;93,41;111,72;0,00;0,05
4,423;0,299;1,117;9,34E-5;93,39;111,73;0,00;0,05
4,424;0,298;1,118;9,34E-5;93,37;111,78;0,00;0,05
4,425;0,297;1,118;9,33E-5;93,34;111,80;0,00;0,05
4,426;0,297;1,118;9,33E-5;93,33;111,80;0,00;0,05
4,427;0,296;1,117;9,33E-5;93,29;111,70;0,00;0,05
4,428;0,296;1,117;9,33E-5;93,30;111,69;0,00;0,05
4,429;0,296;1,117;9,33E-5;93,30;111,68;0,00;0,05
4,430;0,296;1,116;9,33E-5;93,29;111,63;0,00;0,05
4,431;0,296;1,117;9,33E-5;93,31;111,71;0,00;0,05
4,432;0,295;1,116;9,33E-5;93,27;111,56;0,00;0,05
4,433;0,295;1,116;9,33E-5;93,28;111,55;0,00;0,05
4,434;0,295;1,115;9,33E-5;93,28;111,54;0,00;0,05
4,435;0,295;1,115;9,33E-5;93,26;111,46;0,00;0,05
4,436;0,295;1,115;9,33E-5;93,28;111,50;0,00;0,05
4,437;0,294;1,114;9,33E-5;93,25;111,38;0,00;0,05
4,438;0,295;1,114;9,33E-5;93,28;111,42;0,00;0,05
4,439;0,295;1,114;9,33E-5;93,27;111,41;0,00;0,05
4,440;0,295;1,114;9,33E-5;93,27;111,39;0,00;0,05
4,441;0,296;1,115;9,33E-5;93,30;111,46;0,00;0,05
4,442;0,296;1,115;9,33E-5;93,29;111,46;0,00;0,05
4,443;0,295;1,114;9,33E-5;93,28;111,35;0,00;0,05
4,444;0,295;1,113;9,33E-5;93,26;111,27;0,00;0,05
4,445;0,295;1,113;9,33E-5;93,27;111,27;0,00;0,05
4,446;0,295;1,113;9,33E-5;93,26;111,25;0,00;0,05
4,447;0,296;1,113;9,33E-5;93,30;111,34;0,00;0,05
4,448;0,295;1,113;9,33E-5;93,28;111,25;0,00;0,05
4,449;0,293;1,110;9,32E-5;93,22;111,03;0,00;0,05
4,450;0,295;1,112;9,33E-5;93,25;111,16;0,00;0,05
4,451;0,296;1,113;9,33E-5;93,31;111,29;0,00;0,05
4,452;0,296;1,112;9,33E-5;93,30;111,23;0,00;0,05
4,453;0,295;1,111;9,33E-5;93,26;111,12;0,00;0,05
4,454;0,295;1,112;9,33E-5;93,28;111,19;0,00;0,05
4,455;0,297;1,113;9,33E-5;93,34;111,33;0,00;0,05
4,456;0,296;1,112;9,33E-5;93,29;111,18;0,00;0,05
4,457;0,296;1,111;9,33E-5;93,29;111,13;0,00;0,05
4,458;0,296;1,111;9,33E-5;93,30;111,11;0,00;0,05
4,459;0,296;1,111;9,33E-5;93,29;111,11;0,00;0,05
4,460;0,296;1,111;9,33E-5;93,30;111,11;0,00;0,05
4,461;0,295;1,110;9,33E-5;93,27;111,01;0,00;0,05
4,462;0,296;1,111;9,33E-5;93,31;111,09;0,00;0,05
4,463;0,294;1,109;9,33E-5;93,25;110,92;0,00;0,05
4,464;0,294;1,109;9,32E-5;93,24;110,87;0,00;0,05
4,465;0,295;1,109;9,33E-5;93,26;110,91;0,00;0,05
4,466;0,296;1,110;9,33E-5;93,29;110,97;0,00;0,05
4,467;0,295;1,109;9,33E-5;93,28;110,89;0,00;0,05
4,468;0,295;1,108;9,33E-5;93,26;110,83;0,00;0,05
4,469;0,296;1,110;9,33E-5;93,31;110,96;0,00;0,05
4,470;0,295;1,108;9,33E-5;93,28;110,85;0,00;0,05
4,471;0,295;1,109;9,33E-5;93,27;110,85;0,00;0,05
4,472;0,295;1,108;9,33E-5;93,28;110,81;0,00;0,05
4,473;0,296;1,109;9,33E-5;93,31;110,90;0,00;0,05
4,474;0,295;1,107;9,33E-5;93,26;110,68;0,00;0,05
4,475;0,296;1,107;9,33E-5;93,29;110,72;0,00;0,05
4,476;0,296;1,108;9,33E-5;93,29;110,78;0,00;0,05
4,477;0,295;1,107;9,33E-5;93,27;110,65;0,00;0,05
4,478;0,295;1,106;9,33E-5;93,26;110,60;0,00;0,05
4,479;0,295;1,106;9,33E-5;93,27;110,61;0,00;0,05
4,480;0,295;1,106;9,33E-5;93,26;110,62;0,00;0,05
4,481;0,295;1,106;9,33E-5;93,27;110,57;0,00;0,05
4,482;0,296;1,106;9,33E-5;93,29;110,65;0,00;0,05
4,483;0,295;1,106;9,33E-5;93,28;110,64;0,00;0,05
4,484;0,296;1,107;9,33E-5;93,30;110,65;0,00;0,05
4,485;0,296;1,106;9,33E-5;93,29;110,60;0,00;0,05
4,486;0,295;1,105;9,33E-5;93,28;110,53;0,00;0,05
4,487;0,295;1,105;9,33E-5;93,28;110,54;0,00;0,05
4,488;0,295;1,105;9,33E-5;93,28;110,53;0,00;0,05
4,489;0,295;1,104;9,33E-5;93,27;110,44;0,00;0,04
4,490;0,296;1,105;9,33E-5;93,29;110,54;0,00;0,05
4,491;0,294;1,104;9,32E-5;93,23;110,35;0,00;0,04
4,492;0,295;1,104;9,33E-5;93,28;110,45;0,00;0,04
4,493;0,296;1,106;9,33E-5;93,31;110,57;0,00;0,05
4,494;0,296;1,104;9,33E-5;93,29;110,43;0,00;0,04
4,495;0,297;1,105;9,33E-5;93,32;110,54;0,00;0,05
4,496;0,295;1,104;9,33E-5;93,28;110,42;0,00;0,04
4,497;0,295;1,104;9,33E-5;93,28;110,36;0,00;0,04
4,498;0,295;1,103;9,33E-5;93,27;110,29;0,00;0,04
4,499;0,296;1,104;9,33E-5;93,29;110,36;0,00;0,04
4,500;0,295;1,103;9,33E-5;93,26;110,27;0,00;0,04
4,501;0,296;1,104;9,33E-5;93,31;110,37;0,00;0,04
4,502;0,296;1,103;9,33E-5;93,29;110,33;0,00;0,04
4,503;0,294;1,102;9,33E-5;93,25;110,17;0,00;0,04
4,504;0,295;1,102;9,33E-5;93,26;110,17;0,00;0,04
4,505;0,295;1,102;9,33E-5;93,27;110,15;0,00;0,04
4,506;0,294;1,101;9,32E-5;93,24;110,09;0,00;0,04
4,507;0,295;1,101;9,33E-5;93,27;110,13;0,00;0,04
4,508;0,296;1,102;9,33E-5;93,29;110,17;0,00;0,04
4,509;0,296;1,102;9,33E-5;93,30;110,22;0,00;0,04
4,510;0,295;1,101;9,33E-5;93,28;110,13;0,00;0,04
4,511;0,296;1,102;9,33E-5;93,30;110,17;0,00;0,04
4,512;0,296;1,102;9,33E-5;93,29;110,15;0,00;0,04
4,513;0,295;1,100;9,33E-5;93,26;110,03;0,00;0,04
4,514;0,295;1,100;9,33E-5;93,26;110,00;0,00;0,04
4,515;0,296;1,101;9,33E-5;93,29;110,07;0,00;0,04
4,516;0,296;1,101;9,33E-5;93,30;110,11;0,00;0,04
4,517;0,295;1,100;9,33E-5;93,28;110,00;0,00;0,04
4,518;0,295;1,100;9,33E-5;93,26;109,96;0,00;0,04
4,519;0,294;1,098;9,32E-5;93,25;109,84;0,00;0,04
4,520;0,294;1,098;9,32E-5;93,23;109,82;0,00;0,04
4,521;0,295;1,099;9,33E-5;93,27;109,91;0,00;0,04
4,522;0,296;1,100;9,33E-5;93,30;109,97;0,00;0,04
4,523;0,296;1,099;9,33E-5;93,29;109,94;0,00;0,04
4,524;0,295;1,099;9,33E-5;93,28;109,88;0,00;0,04
4,525;0,294;1,098;9,33E-5;93,25;109,81;0,00;0,04
4,526;0,295;1,098;9,33E-5;93,27;109,82;0,00;0,04
4,527;0,295;1,098;9,33E-5;93,26;109,80;0,00;0,04
4,528;0,295;1,098;9,33E-5;93,28;109,85;0,00;0,04
4,529;0,294;1,097;9,32E-5;93,25;109,71;0,00;0,04
4,530;0,294;1,097;9,32E-5;93,24;109,70;0,00;0,04
4,531;0,295;1,098;9,33E-5;93,28;109,77;0,00;0,04
4,532;0,296;1,098;9,33E-5;93,30;109,82;0,00;0,04
4,533;0,296;1,098;9,33E-5;93,29;109,78;0,00;0,04
4,534;0,296;1,098;9,33E-5;93,29;109,79;0,00;0,04
4,535;0,295;1,097;9,33E-5;93,27;109,74;0,00;0,04
4,536;0,296;1,098;9,33E-5;93,29;109,78;0,00;0,04
4,537;0,295;1,097;9,33E-5;93,28;109,75;0,00;0,04
4,538;0,295;1,096;9,33E-5;93,27;109,64;0,00;0,04
4,539;0,295;1,096;9,33E-5;93,26;109,63;0,00;0,04
4,540;0,296;1,097;9,33E-5;93,30;109,69;0,00;0,04
4,541;0,294;1,096;9,32E-5;93,25;109,57;0,00;0,04
4,542;0,295;1,097;9,33E-5;93,27;109,66;0,00;0,04
4,543;0,294;1,096;9,32E-5;93,25;109,55;0,00;0,04
4,544;0,293;1,094;9,32E-5;93,21;109,40;0,00;0,04
4,545;0,294;1,095;9,33E-5;93,25;109,52;0,00;0,04
4,546;0,296;1,097;9,33E-5;93,30;109,65;0,00;0,04
4,547;0,296;1,097;9,33E-5;93,30;109,67;0,00;0,04
4,548;0,294;1,094;9,32E-5;93,24;109,42;0,00;0,04
4,549;0,294;1,094;9,32E-5;93,23;109,43;0,00;0,04
4,550;0,293;1,094;9,32E-5;93,22;109,36;0,00;0,04
4,551;0,294;1,094;9,32E-5;93,24;109,39;0,00;0,04
4,552;0,295;1,095;9,33E-5;93,28;109,48;0,00;0,04
4,553;0,295;1,094;9,33E-5;93,27;109,44;0,00;0,04
4,554;0,295;1,094;9,33E-5;93,25;109,42;0,00;0,04
4,555;0,294;1,093;9,32E-5;93,23;109,34;0,00;0,04
4,556;0,295;1,094;9,33E-5;93,25;109,37;0,00;0,04
4,557;0,295;1,094;9,33E-5;93,28;109,44;0,00;0,04
4,558;0,295;1,094;9,33E-5;93,27;109,39;0,00;0,04
4,559;0,295;1,093;9,33E-5;93,26;109,33;0,00;0,04
4,560;0,295;1,093;9,33E-5;93,26;109,34;0,00;0,04
4,561;0,295;1,093;9,33E-5;93,27;109,33;0,00;0,04
4,562;0,295;1,093;9,33E-5;93,26;109,27;0,00;0,04
4,563;0,296;1,093;9,33E-5;93,29;109,34;0,00;0,04
4,564;0,295;1,093;9,33E-5;93,26;109,27;0,00;0,04
4,565;0,294;1,092;9,32E-5;93,24;109,20;0,00;0,04
4,566;0,295;1,092;9,33E-5;93,27;109,25;0,00;0,04
4,567;0,295;1,093;9,33E-5;93,28;109,26;0,00;0,04
4,568;0,296;1,093;9,33E-5;93,31;109,34;0,00;0,04
4,569;0,294;1,091;9,32E-5;93,25;109,14;0,00;0,04
4,570;0,294;1,091;9,32E-5;93,24;109,13;0,00;0,04
4,571;0,295;1,092;9,33E-5;93,28;109,16;0,00;0,04
4,572;0,294;1,091;9,32E-5;93,25;109,13;0,00;0,04
4,573;0,295;1,092;9,33E-5;93,28;109,21;0,00;0,04
4,574;0,295;1,092;9,33E-5;93,28;109,17;0,00;0,04
4,575;0,295;1,091;9,33E-5;93,28;109,13;0,00;0,04
4,576;0,297;1,093;9,33E-5;93,32;109,25;0,00;0,04
4,577;0,294;1,090;9,32E-5;93,24;108,98;0,00;0,04
4,578;0,294;1,090;9,32E-5;93,23;108,97;0,00;0,04
4,579;0,294;1,089;9,32E-5;93,22;108,91;0,00;0,04
4,580;0,295;1,090;9,33E-5;93,26;108,96;0,00;0,04
4,581;0,294;1,089;9,32E-5;93,25;108,92;0,00;0,04
4,582;0,294;1,089;9,32E-5;93,25;108,92;0,00;0,04
4,583;0,294;1,089;9,32E-5;93,22;108,86;0,00;0,04
4,584;0,294;1,088;9,32E-5;93,22;108,80;0,00;0,04
4,585;0,295;1,090;9,33E-5;93,28;108,97;0,00;0,04
4,586;0,295;1,089;9,33E-5;93,27;108,91;0,00;0,04
4,587;0,294;1,087;9,32E-5;93,22;108,73;0,00;0,04
4,588;0,295;1,089;9,33E-5;93,28;108,93;0,00;0,04
4,589;0,294;1,088;9,33E-5;93,25;108,83;0,00;0,04
4,590;0,296;1,089;9,33E-5;93,30;108,94;0,00;0,04
4,591;0,295;1,089;9,33E-5;93,28;108,91;0,00;0,04
4,592;0,294;1,087;9,32E-5;93,24;108,73;0,00;0,04
4,593;0,295;1,088;9,33E-5;93,28;108,83;0,00;0,04
4,594;0,294;1,088;9,32E-5;93,25;108,76;0,00;0,04
4,595;0,294;1,088;9,32E-5;93,25;108,77;0,00;0,04
4,596;0,295;1,087;9,33E-5;93,26;108,73;0,00;0,04
4,597;0,296;1,088;9,33E-5;93,29;108,83;0,00;0,04
4,598;0,296;1,089;9,33E-5;93,31;108,89;0,00;0,04
4,599;0,296;1,088;9,33E-5;93,30;108,80;0,00;0,04
4,600;0,295;1,088;9,33E-5;93,28;108,79;0,00;0,04
4,601;0,296;1,088;9,33E-5;93,31;108,85;0,00;0,04
4,602;0,295;1,087;9,33E-5;93,28;108,71;0,00;0,04
4,603;0,294;1,086;9,32E-5;93,25;108,62;0,00;0,04
4,604;0,295;1,087;9,33E-5;93,27;108,67;0,00;0,04
4,605;0,295;1,087;9,33E-5;93,27;108,66;0,00;0,04
4,606;0,296;1,088;9,33E-5;93,32;108,75;0,00;0,04
4,607;0,295;1,086;9,33E-5;93,26;108,56;0,00;0,04
4,608;0,295;1,085;9,33E-5;93,26;108,53;0,00;0,04
4,609;0,295;1,086;9,33E-5;93,27;108,61;0,00;0,04
4,610;0,294;1,085;9,33E-5;93,25;108,48;0,00;0,04
4,611;0,296;1,086;9,33E-5;93,29;108,60;0,00;0,04
4,612;0,295;1,085;9,33E-5;93,26;108,53;0,00;0,04
4,613;0,295;1,085;9,33E-5;93,28;108,53;0,00;0,04
4,614;0,296;1,085;9,33E-5;93,29;108,52;0,00;0,04
4,615;0,296;1,085;9,33E-5;93,29;108,52;0,00;0,04
4,616;0,295;1,084;9,33E-5;93,26;108,41;0,00;0,04
4,617;0,296;1,085;9,33E-5;93,30;108,55;0,00;0,04
4,618;0,295;1,085;9,33E-5;93,27;108,47;0,00;0,04
4,619;0,295;1,084;9,33E-5;93,27;108,39;0,00;0,04
4,620;0,294;1,083;9,32E-5;93,23;108,28;0,00;0,04
4,621;0,296;1,085;9,33E-5;93,29;108,47;0,00;0,04
4,622;0,295;1,084;9,33E-5;93,28;108,41;0,00;0,04
4,623;0,296;1,085;9,33E-5;93,30;108,47;0,00;0,04
4,624;0,296;1,084;9,33E-5;93,29;108,41;0,00;0,04
4,625;0,296;1,084;9,33E-5;93,29;108,39;0,00;0,04
4,626;0,295;1,083;9,33E-5;93,26;108,29;0,00;0,04
4,627;0,295;1,082;9,33E-5;93,25;108,21;0,00;0,04
4,628;0,296;1,083;9,33E-5;93,29;108,31;0,00;0,04
4,629;0,296;1,083;9,33E-5;93,29;108,32;0,00;0,04
4,630;0,295;1,083;9,33E-5;93,28;108,28;0,00;0,04
4,631;0,296;1,083;9,33E-5;93,30;108,30;0,00;0,04
4,632;0,296;1,083;9,33E-5;93,29;108,26;0,00;0,04
4,633;0,295;1,082;9,33E-5;93,28;108,25;0,00;0,04
4,634;0,295;1,082;9,33E-5;93,26;108,17;0,00;0,04
4,635;0,296;1,083;9,33E-5;93,29;108,25;0,00;0,04
4,636;0,296;1,083;9,33E-5;93,32;108,33;0,00;0,04
4,637;0,296;1,082;9,33E-5;93,29;108,22;0,00;0,04
4,638;0,295;1,082;9,33E-5;93,28;108,18;0,00;0,04
4,639;0,296;1,082;9,33E-5;93,32;108,21;0,00;0,04
4,640;0,295;1,080;9,33E-5;93,26;108,03;0,00;0,04
4,641;0,295;1,080;9,33E-5;93,26;108,01;0,00;0,04
4,642;0,294;1,080;9,33E-5;93,25;108,03;0,00;0,04
4,643;0,295;1,080;9,33E-5;93,27;108,02;0,00;0,04
4,644;0,295;1,080;9,33E-5;93,26;107,97;0,00;0,04
4,645;0,295;1,080;9,33E-5;93,26;108,00;0,00;0,04
4,646;0,296;1,081;9,33E-5;93,30;108,11;0,00;0,04
4,647;0,294;1,079;9,32E-5;93,23;107,85;0,00;0,03
4,648;0,294;1,078;9,32E-5;93,22;107,82;0,00;0,03
4,649;0,293;1,077;9,32E-5;93,19;107,73;0,00;0,03
4,650;0,294;1,079;9,32E-5;93,24;107,86;0,00;0,03
4,651;0,294;1,079;9,32E-5;93,25;107,91;0,00;0,03
4,652;0,295;1,080;9,33E-5;93,27;107,97;0,00;0,04
4,653;0,295;1,080;9,33E-5;93,28;107,96;0,00;0,04
4,654;0,296;1,080;9,33E-5;93,31;108,00;0,00;0,04
4,655;0,294;1,078;9,33E-5;93,25;107,83;0,00;0,03
4,656;0,294;1,078;9,32E-5;93,25;107,78;0,00;0,03
4,657;0,296;1,080;9,33E-5;93,31;107,95;0,00;0,04
4,658;0,295;1,078;9,33E-5;93,27;107,83;0,00;0,03
4,659;0,295;1,079;9,33E-5;93,28;107,86;0,00;0,03
4,660;0,295;1,078;9,33E-5;93,26;107,76;0,00;0,03
4,661;0,296;1,079;9,33E-5;93,30;107,91;0,00;0,03
4,662;0,295;1,078;9,33E-5;93,28;107,75;0,00;0,03
4,663;0,295;1,078;9,33E-5;93,28;107,79;0,00;0,03
4,664;0,295;1,077;9,33E-5;93,26;107,72;0,00;0,03
4,665;0,295;1,077;9,33E-5;93,26;107,72;0,00;0,03
4,666;0,295;1,077;9,33E-5;93,26;107,67;0,00;0,03
4,667;0,295;1,077;9,33E-5;93,27;107,70;0,00;0,03
4,668;0,295;1,077;9,33E-5;93,27;107,69;0,00;0,03
4,669;0,296;1,078;9,33E-5;93,29;107,77;0,00;0,03
4,670;0,295;1,077;9,33E-5;93,29;107,70;0,00;0,03
4,671;0,295;1,076;9,33E-5;93,27;107,58;0,00;0,03
4,672;0,295;1,077;9,33E-5;93,28;107,68;0,00;0,03
4,673;0,296;1,077;9,33E-5;93,30;107,67;0,00;0,03
4,674;0,295;1,076;9,33E-5;93,28;107,61;0,00;0,03
4,675;0,294;1,074;9,32E-5;93,22;107,42;0,00;0,03
4,676;0,295;1,075;9,33E-5;93,26;107,51;0,00;0,03
4,677;0,296;1,076;9,33E-5;93,30;107,63;0,00;0,03
4,678;0,295;1,075;9,33E-5;93,26;107,47;0,00;0,03
4,679;0,295;1,075;9,33E-5;93,28;107,52;0,00;0,03
4,680;0,294;1,074;9,32E-5;93,24;107,41;0,00;0,03
4,681;0,295;1,075;9,33E-5;93,26;107,48;0,00;0,03
4,682;0,295;1,074;9,33E-5;93,26;107,44;0,00;0,03
4,683;0,296;1,076;9,33E-5;93,30;107,56;0,00;0,03
4,684;0,296;1,075;9,33E-5;93,29;107,48;0,00;0,03
4,685;0,296;1,075;9,33E-5;93,29;107,48;0,00;0,03
4,686;0,295;1,074;9,33E-5;93,27;107,39;0,00;0,03
4,687;0,295;1,074;9,33E-5;93,27;107,40;0,00;0,03
4,688;0,295;1,074;9,33E-5;93,28;107,38;0,00;0,03
4,689;0,296;1,074;9,33E-5;93,29;107,43;0,00;0,03
4,690;0,296;1,074;9,33E-5;93,29;107,43;0,00;0,03
4,691;0,296;1,074;9,33E-5;93,30;107,45;0,00;0,03
4,692;0,295;1,074;9,33E-5;93,28;107,36;0,00;0,03
4,693;0,295;1,073;9,33E-5;93,28;107,34;0,00;0,03
4,694;0,297;1,075;9,33E-5;93,34;107,53;0,00;0,03
4,695;0,297;1,075;9,33E-5;93,33;107,49;0,00;0,03
4,696;0,296;1,074;9,33E-5;93,31;107,36;0,00;0,03
4,697;0,296;1,074;9,33E-5;93,30;107,38;0,00;0,03
4,698;0,297;1,074;9,33E-5;93,32;107,42;0,00;0,03
4,699;0,296;1,073;9,33E-5;93,29;107,34;0,00;0,03
4,700;0,296;1,074;9,33E-5;93,31;107,36;0,00;0,03
4,701;0,296;1,073;9,33E-5;93,29;107,32;0,00;0,03
4,702;0,296;1,073;9,33E-5;93,29;107,34;0,00;0,03
4,703;0,297;1,074;9,33E-5;93,32;107,36;0,00;0,03
4,704;0,296;1,073;9,33E-5;93,30;107,32;0,00;0,03
4,705;0,295;1,072;9,33E-5;93,28;107,23;0,00;0,03
4,706;0,296;1,073;9,33E-5;93,31;107,28;0,00;0,03
4,707;0,297;1,074;9,33E-5;93,33;107,36;0,00;0,03
4,708;0,295;1,072;9,33E-5;93,28;107,19;0,00;0,03
4,709;0,295;1,072;9,33E-5;93,28;107,16;0,00;0,03
4,710;0,295;1,072;9,33E-5;93,28;107,17;0,00;0,03
4,711;0,295;1,071;9,33E-5;93,27;107,12;0,00;0,03
4,712;0,296;1,072;9,33E-5;93,31;107,21;0,00;0,03
4,713;0,297;1,073;9,33E-5;93,33;107,28;0,00;0,03
4,714;0,295;1,071;9,33E-5;93,28;107,06;0,00;0,03
4,715;0,295;1,071;9,33E-5;93,28;107,05;0,00;0,03
4,716;0,295;1,070;9,33E-5;93,26;106,97;0,00;0,03
4,717;0,295;1,070;9,33E-5;93,28;107,03;0,00;0,03
4,718;0,297;1,071;9,33E-5;93,32;107,13;0,00;0,03
4,719;0,297;1,072;9,33E-5;93,34;107,17;0,00;0,03
4,720;0,296;1,070;9,33E-5;93,29;107,03;0,00;0,03
4,721;0,294;1,069;9,32E-5;93,25;106,88;0,00;0,03
4,722;0,296;1,070;9,33E-5;93,30;107,01;0,00;0,03
4,723;0,295;1,070;9,33E-5;93,28;106,96;0,00;0,03
4,724;0,295;1,069;9,33E-5;93,28;106,94;0,00;0,03
4,725;0,295;1,069;9,33E-5;93,27;106,93;0,00;0,03
4,726;0,296;1,069;9,33E-5;93,29;106,95;0,00;0,03
4,727;0,296;1,069;9,33E-5;93,29;106,89;0,00;0,03
4,728;0,295;1,068;9,33E-5;93,26;106,80;0,00;0,03
4,729;0,295;1,068;9,33E-5;93,27;106,85;0,00;0,03
4,730;0,296;1,069;9,33E-5;93,29;106,87;0,00;0,03
4,731;0,296;1,070;9,33E-5;93,31;106,98;0,00;0,03
4,732;0,296;1,069;9,33E-5;93,29;106,89;0,00;0,03
4,733;0,296;1,069;9,33E-5;93,29;106,88;0,00;0,03
4,734;0,295;1,069;9,33E-5;93,28;106,87;0,00;0,03
4,735;0,295;1,067;9,33E-5;93,26;106,73;0,00;0,03
4,736;0,295;1,067;9,33E-5;93,27;106,73;0,00;0,03
4,737;0,295;1,068;9,33E-5;93,28;106,79;0,00;0,03
4,738;0,295;1,068;9,33E-5;93,28;106,78;0,00;0,03
4,739;0,295;1,067;9,33E-5;93,26;106,70;0,00;0,03
4,740;0,296;1,068;9,33E-5;93,30;106,79;0,00;0,03
4,741;0,295;1,067;9,33E-5;93,27;106,68;0,00;0,03
4,742;0,295;1,067;9,33E-5;93,27;106,70;0,00;0,03
4,743;0,297;1,069;9,33E-5;93,33;106,86;0,00;0,03
4,744;0,296;1,067;9,33E-5;93,29;106,71;0,00;0,03
4,745;0,295;1,066;9,33E-5;93,27;106,64;0,00;0,03
4,746;0,295;1,066;9,33E-5;93,26;106,60;0,00;0,03
4,747;0,296;1,067;9,33E-5;93,30;106,69;0,00;0,03
4,748;0,295;1,066;9,33E-5;93,28;106,64;0,00;0,03
4,749;0,295;1,066;9,33E-5;93,28;106,62;0,00;0,03
4,750;0,296;1,067;9,33E-5;93,30;106,66;0,00;0,03
4,751;0,296;1,067;9,33E-5;93,30;106,66;0,00;0,03
4,752;0,295;1,066;9,33E-5;93,27;106,58;0,00;0,03
4,753;0,295;1,066;9,33E-5;93,28;106,65;0,00;0,03
4,754;0,295;1,066;9,33E-5;93,28;106,57;0,00;0,03
4,755;0,295;1,066;9,33E-5;93,28;106,57;0,00;0,03
4,756;0,296;1,066;9,33E-5;93,29;106,56;0,00;0,03
4,757;0,297;1,066;9,33E-5;93,32;106,63;0,00;0,03
4,758;0,295;1,065;9,33E-5;93,27;106,51;0,00;0,03
4,759;0,295;1,065;9,33E-5;93,27;106,49;0,00;0,03
4,760;0,296;1,066;9,33E-5;93,30;106,58;0,00;0,03
4,761;0,296;1,065;9,33E-5;93,29;106,55;0,00;0,03
4,762;0,296;1,065;9,33E-5;93,31;106,55;0,00;0,03
4,763;0,296;1,065;9,33E-5;93,29;106,51;0,00;0,03
4,764;0,295;1,064;9,33E-5;93,28;106,43;0,00;0,03
4,765;0,295;1,064;9,33E-5;93,26;106,39;0,00;0,03
4,766;0,294;1,064;9,32E-5;93,25;106,37;0,00;0,03
4,767;0,295;1,064;9,33E-5;93,27;106,38;0,00;0,03
4,768;0,295;1,064;9,33E-5;93,27;106,38;0,00;0,03
4,769;0,296;1,064;9,33E-5;93,29;106,39;0,00;0,03
4,770;0,296;1,064;9,33E-5;93,30;106,43;0,00;0,03
4,771;0,295;1,064;9,33E-5;93,28;106,39;0,00;0,03
4,772;0,297;1,065;9,33E-5;93,32;106,53;0,00;0,03
4,773;0,296;1,064;9,33E-5;93,30;106,44;0,00;0,03
4,774;0,296;1,064;9,33E-5;93,29;106,37;0,00;0,03
4,775;0,295;1,063;9,33E-5;93,28;106,34;0,00;0,03
4,776;0,295;1,062;9,33E-5;93,25;106,22;0,00;0,03
4,777;0,296;1,064;9,33E-5;93,30;106,38;0,00;0,03
4,778;0,296;1,063;9,33E-5;93,29;106,32;0,00;0,03
4,779;0,295;1,062;9,33E-5;93,27;106,25;0,00;0,03
4,780;0,296;1,064;9,33E-5;93,31;106,37;0,00;0,03
4,781;0,296;1,063;9,33E-5;93,31;106,33;0,00;0,03
4,782;0,296;1,062;9,33E-5;93,29;106,24;0,00;0,03
4,783;0,296;1,062;9,33E-5;93,29;106,23;0,00;0,03
4,784;0,295;1,062;9,33E-5;93,27;106,19;0,00;0,03
4,785;0,296;1,063;9,33E-5;93,32;106,33;0,00;0,03
4,786;0,296;1,062;9,33E-5;93,29;106,23;0,00;0,03
4,787;0,296;1,062;9,33E-5;93,29;106,24;0,00;0,03
4,788;0,295;1,062;9,33E-5;93,28;106,21;0,00;0,03
4,789;0,296;1,062;9,33E-5;93,29;106,20;0,00;0,03
4,790;0,295;1,061;9,33E-5;93,27;106,14;0,00;0,03
4,791;0,296;1,062;9,33E-5;93,29;106,21;0,00;0,03
4,792;0,295;1,062;9,33E-5;93,28;106,19;0,00;0,03
4,793;0,296;1,062;9,33E-5;93,30;106,17;0,00;0,03
4,794;0,296;1,062;9,33E-5;93,30;106,19;0,00;0,03
4,795;0,296;1,062;9,33E-5;93,29;106,17;0,00;0,03
4,796;0,295;1,061;9,33E-5;93,28;106,12;0,00;0,03
4,797;0,296;1,061;9,33E-5;93,29;106,13;0,00;0,03
4,798;0,295;1,060;9,33E-5;93,26;105,99;0,00;0,03
4,799;0,296;1,062;9,33E-5;93,31;106,18;0,00;0,03
4,800;0,297;1,062;9,33E-5;93,33;106,24;0,00;0,03
4,801;0,296;1,061;9,33E-5;93,29;106,14;0,00;0,03
4,802;0,296;1,062;9,33E-5;93,31;106,15;0,00;0,03
4,803;0,295;1,060;9,33E-5;93,27;106,04;0,00;0,03
4,804;0,296;1,061;9,33E-5;93,30;106,11;0,00;0,03
4,805;0,296;1,062;9,33E-5;93,31;106,16;0,00;0,03
4,806;0,297;1,062;9,33E-5;93,33;106,16;0,00;0,03
4,807;0,296;1,061;9,33E-5;93,31;106,10;0,00;0,03
4,808;0,295;1,060;9,33E-5;93,27;105,96;0,00;0,03
4,809;0,296;1,060;9,33E-5;93,30;106,01;0,00;0,03
4,810;0,296;1,060;9,33E-5;93,31;106,01;0,00;0,03
4,811;0,296;1,060;9,33E-5;93,29;105,95;0,00;0,03
4,812;0,296;1,060;9,33E-5;93,30;105,98;0,00;0,03
4,813;0,296;1,060;9,33E-5;93,29;105,99;0,00;0,03
4,814;0,297;1,061;9,33E-5;93,34;106,10;0,00;0,03
4,815;0,295;1,059;9,33E-5;93,28;105,93;0,00;0,03
4,816;0,295;1,058;9,33E-5;93,26;105,83;0,00;0,03
4,817;0,295;1,058;9,33E-5;93,26;105,82;0,00;0,03
4,818;0,296;1,059;9,33E-5;93,29;105,90;0,00;0,03
4,819;0,295;1,059;9,33E-5;93,28;105,86;0,00;0,03
4,820;0,295;1,059;9,33E-5;93,29;105,90;0,00;0,03
4,821;0,296;1,059;9,33E-5;93,30;105,89;0,00;0,03
4,822;0,295;1,059;9,33E-5;93,28;105,87;0,00;0,03
4,823;0,296;1,058;9,33E-5;93,29;105,82;0,00;0,03
4,824;0,296;1,059;9,33E-5;93,29;105,86;0,00;0,03
4,825;0,296;1,058;9,33E-5;93,30;105,83;0,00;0,03
4,826;0,295;1,057;9,33E-5;93,26;105,74;0,00;0,03
4,827;0,295;1,057;9,33E-5;93,27;105,74;0,00;0,03
4,828;0,295;1,058;9,33E-5;93,29;105,80;0,00;0,03
4,829;0,296;1,058;9,33E-5;93,29;105,77;0,00;0,03
4,830;0,295;1,058;9,33E-5;93,28;105,76;0,00;0,03
4,831;0,295;1,057;9,33E-5;93,28;105,72;0,00;0,03
4,832;0,295;1,057;9,33E-5;93,27;105,71;0,00;0,03
4,833;0,295;1,057;9,33E-5;93,28;105,71;0,00;0,03
4,834;0,295;1,057;9,33E-5;93,28;105,72;0,00;0,03
4,835;0,296;1,057;9,33E-5;93,30;105,73;0,00;0,03
4,836;0,296;1,058;9,33E-5;93,31;105,77;0,00;0,03
4,837;0,297;1,058;9,33E-5;93,32;105,79;0,00;0,03
4,838;0,295;1,056;9,33E-5;93,28;105,64;0,00;0,03
4,839;0,295;1,057;9,33E-5;93,28;105,68;0,00;0,03
4,840;0,296;1,057;9,33E-5;93,29;105,66;0,00;0,03
4,841;0,295;1,056;9,33E-5;93,26;105,60;0,00;0,03
4,842;0,295;1,056;9,33E-5;93,28;105,62;0,00;0,03
4,843;0,296;1,057;9,33E-5;93,31;105,69;0,00;0,03
4,844;0,296;1,057;9,33E-5;93,29;105,69;0,00;0,03
4,845;0,294;1,055;9,32E-5;93,24;105,48;0,00;0,02
4,846;0,296;1,056;9,33E-5;93,29;105,61;0,00;0,03
4,847;0,295;1,055;9,33E-5;93,26;105,53;0,00;0,03
4,848;0,296;1,057;9,33E-5;93,30;105,66;0,00;0,03
4,849;0,296;1,057;9,33E-5;93,30;105,66;0,00;0,03
4,850;0,296;1,056;9,33E-5;93,29;105,60;0,00;0,03
4,851;0,295;1,055;9,33E-5;93,27;105,50;0,00;0,03
4,852;0,295;1,056;9,33E-5;93,28;105,59;0,00;0,03
4,853;0,296;1,057;9,33E-5;93,31;105,66;0,00;0,03
4,854;0,295;1,055;9,33E-5;93,27;105,46;0,00;0,02
4,855;0,296;1,055;9,33E-5;93,29;105,52;0,00;0,03
4,856;0,296;1,056;9,33E-5;93,29;105,58;0,00;0,03
4,857;0,296;1,055;9,33E-5;93,29;105,50;0,00;0,03
4,858;0,296;1,055;9,33E-5;93,29;105,52;0,00;0,03
4,859;0,295;1,054;9,33E-5;93,26;105,40;0,00;0,02
4,860;0,296;1,055;9,33E-5;93,29;105,48;0,00;0,02
4,861;0,296;1,055;9,33E-5;93,29;105,51;0,00;0,03
4,862;0,295;1,055;9,33E-5;93,27;105,46;0,00;0,02
4,863;0,295;1,054;9,33E-5;93,27;105,42;0,00;0,02
4,864;0,295;1,055;9,33E-5;93,28;105,46;0,00;0,02
4,865;0,296;1,054;9,33E-5;93,29;105,45;0,00;0,02
4,866;0,296;1,056;9,33E-5;93,31;105,56;0,00;0,03
4,867;0,297;1,056;9,33E-5;93,34;105,57;0,00;0,03
4,868;0,296;1,055;9,33E-5;93,30;105,51;0,00;0,03
4,869;0,296;1,055;9,33E-5;93,30;105,48;0,00;0,02
4,870;0,295;1,053;9,33E-5;93,26;105,35;0,00;0,02
4,871;0,296;1,054;9,33E-5;93,31;105,44;0,00;0,02
4,872;0,295;1,054;9,33E-5;93,27;105,36;0,00;0,02
4,873;0,295;1,054;9,33E-5;93,28;105,36;0,00;0,02
4,874;0,295;1,053;9,33E-5;93,28;105,34;0,00;0,02
4,875;0,297;1,055;9,33E-5;93,33;105,48;0,00;0,02
4,876;0,296;1,054;9,33E-5;93,31;105,42;0,00;0,02
4,877;0,296;1,054;9,33E-5;93,31;105,40;0,00;0,02
4,878;0,296;1,054;9,33E-5;93,30;105,35;0,00;0,02
4,879;0,296;1,054;9,33E-5;93,29;105,36;0,00;0,02
4,880;0,295;1,052;9,33E-5;93,27;105,22;0,00;0,02
4,881;0,295;1,052;9,33E-5;93,28;105,24;0,00;0,02
4,882;0,296;1,053;9,33E-5;93,29;105,32;0,00;0,02
4,883;0,295;1,052;9,33E-5;93,26;105,20;0,00;0,02
4,884;0,296;1,053;9,33E-5;93,31;105,32;0,00;0,02
4,885;0,295;1,053;9,33E-5;93,28;105,26;0,00;0,02
4,886;0,296;1,053;9,33E-5;93,29;105,28;0,00;0,02
4,887;0,296;1,053;9,33E-5;93,31;105,29;0,00;0,02
4,888;0,296;1,053;9,33E-5;93,29;105,25;0,00;0,02
4,889;0,296;1,052;9,33E-5;93,30;105,24;0,00;0,02
4,890;0,296;1,053;9,33E-5;93,32;105,31;0,00;0,02
4,891;0,295;1,052;9,33E-5;93,27;105,17;0,00;0,02
4,892;0,295;1,051;9,33E-5;93,26;105,13;0,00;0,02
4,893;0,294;1,050;9,32E-5;93,24;105,04;0,00;0,02
4,894;0,294;1,051;9,33E-5;93,25;105,08;0,00;0,02
4,895;0,296;1,052;9,33E-5;93,29;105,19;0,00;0,02
4,896;0,294;1,050;9,32E-5;93,23;104,99;0,00;0,02
4,897;0,295;1,051;9,33E-5;93,27;105,11;0,00;0,02
4,898;0,295;1,051;9,33E-5;93,27;105,08;0,00;0,02
4,899;0,295;1,051;9,33E-5;93,27;105,10;0,00;0,02
4,900;0,295;1,051;9,33E-5;93,28;105,15;0,00;0,02
4,901;0,295;1,050;9,33E-5;93,26;105,03;0,00;0,02
4,902;0,295;1,051;9,33E-5;93,28;105,11;0,00;0,02
4,903;0,295;1,051;9,33E-5;93,28;105,07;0,00;0,02
4,904;0,295;1,050;9,33E-5;93,26;105,00;0,00;0,02
4,905;0,296;1,051;9,33E-5;93,29;105,06;0,00;0,02
4,906;0,296;1,051;9,33E-5;93,29;105,08;0,00;0,02
4,907;0,296;1,051;9,33E-5;93,30;105,11;0,00;0,02
4,908;0,296;1,051;9,33E-5;93,32;105,13;0,00;0,02
4,909;0,296;1,051;9,33E-5;93,31;105,11;0,00;0,02
4,910;0,296;1,051;9,33E-5;93,32;105,12;0,00;0,02
4,911;0,295;1,049;9,33E-5;93,27;104,94;0,00;0,02
4,912;0,295;1,050;9,33E-5;93,26;105,00;0,00;0,02
4,913;0,295;1,050;9,33E-5;93,28;105,00;0,00;0,02
4,914;0,295;1,050;9,33E-5;93,28;105,00;0,00;0,02
4,915;0,296;1,050;9,33E-5;93,29;105,03;0,00;0,02
4,916;0,295;1,050;9,33E-5;93,28;105,03;0,00;0,02
4,917;0,296;1,050;9,33E-5;93,30;105,05;0,00;0,02
4,918;0,296;1,050;9,33E-5;93,29;105,03;0,00;0,02
4,919;0,296;1,050;9,33E-5;93,30;105,00;0,00;0,02
4,920;0,296;1,050;9,33E-5;93,30;105,03;0,00;0,02
4,921;0,297;1,051;9,33E-5;93,33;105,12;0,00;0,02
4,922;0,296;1,050;9,33E-5;93,29;104,99;0,00;0,02
4,923;0,296;1,050;9,33E-5;93,30;104,98;0,00;0,02
4,924;0,296;1,050;9,33E-5;93,31;105,05;0,00;0,02
4,925;0,295;1,049;9,33E-5;93,26;104,87;0,00;0,02
4,926;0,296;1,050;9,33E-5;93,30;104,99;0,00;0,02
4,927;0,297;1,051;9,33E-5;93,33;105,06;0,00;0,02
4,928;0,296;1,050;9,33E-5;93,31;104,98;0,00;0,02
4,929;0,295;1,049;9,33E-5;93,28;104,88;0,00;0,02
4,930;0,296;1,049;9,33E-5;93,30;104,95;0,00;0,02
4,931;0,296;1,050;9,33E-5;93,30;104,96;0,00;0,02
4,932;0,295;1,049;9,33E-5;93,27;104,86;0,00;0,02
4,933;0,294;1,047;9,33E-5;93,25;104,72;0,00;0,02
4,934;0,295;1,048;9,33E-5;93,28;104,83;0,00;0,02
4,935;0,294;1,047;9,33E-5;93,25;104,74;0,00;0,02
4,936;0,295;1,048;9,33E-5;93,27;104,80;0,00;0,02
4,937;0,295;1,048;9,33E-5;93,28;104,83;0,00;0,02
4,938;0,296;1,048;9,33E-5;93,29;104,85;0,00;0,02
4,939;0,295;1,047;9,33E-5;93,25;104,74;0,00;0,02
4,940;0,296;1,049;9,33E-5;93,30;104,88;0,00;0,02
4,941;0,297;1,049;9,33E-5;93,33;104,94;0,00;0,02
4,942;0,296;1,049;9,33E-5;93,32;104,91;0,00;0,02
4,943;0,296;1,048;9,33E-5;93,29;104,78;0,00;0,02
4,944;0,296;1,048;9,33E-5;93,29;104,77;0,00;0,02
4,945;0,295;1,047;9,33E-5;93,27;104,72;0,00;0,02
4,946;0,296;1,049;9,33E-5;93,31;104,85;0,00;0,02
4,947;0,296;1,048;9,33E-5;93,30;104,82;0,00;0,02
4,948;0,295;1,047;9,33E-5;93,28;104,72;0,00;0,02
4,949;0,297;1,049;9,33E-5;93,33;104,86;0,00;0,02
4,950;0,297;1,049;9,33E-5;93,33;104,89;0,00;0,02
4,951;0,296;1,048;9,33E-5;93,31;104,80;0,00;0,02
4,952;0,297;1,048;9,33E-5;93,32;104,81;0,00;0,02
4,953;0,296;1,048;9,33E-5;93,30;104,75;0,00;0,02
4,954;0,296;1,048;9,33E-5;93,30;104,76;0,00;0,02
4,955;0,295;1,047;9,33E-5;93,28;104,67;0,00;0,02
4,956;0,295;1,046;9,33E-5;93,27;104,64;0,00;0,02
4,957;0,294;1,046;9,32E-5;93,24;104,55;0,00;0,02
4,958;0,296;1,047;9,33E-5;93,30;104,70;0,00;0,02
4,959;0,296;1,047;9,33E-5;93,31;104,74;0,00;0,02
4,960;0,295;1,046;9,33E-5;93,27;104,58;0,00;0,02
4,961;0,295;1,046;9,33E-5;93,27;104,60;0,00;0,02
4,962;0,296;1,047;9,33E-5;93,30;104,66;0,00;0,02
4,963;0,296;1,047;9,33E-5;93,29;104,66;0,00;0,02
4,964;0,295;1,046;9,33E-5;93,28;104,59;0,00;0,02
4,965;0,295;1,046;9,33E-5;93,28;104,60;0,00;0,02
4,966;0,296;1,046;9,33E-5;93,29;104,63;0,00;0,02
4,967;0,295;1,046;9,33E-5;93,26;104,58;0,00;0,02
4,968;0,296;1,046;9,33E-5;93,29;104,64;0,00;0,02
4,969;0,297;1,047;9,33E-5;93,32;104,67;0,00;0,02
4,970;0,295;1,045;9,33E-5;93,26;104,50;0,00;0,02
4,971;0,295;1,045;9,33E-5;93,27;104,47;0,00;0,02
4,972;0,296;1,045;9,33E-5;93,29;104,54;0,00;0,02
4,973;0,296;1,046;9,33E-5;93,31;104,61;0,00;0,02
4,974;0,296;1,045;9,33E-5;93,30;104,54;0,00;0,02
4,975;0,296;1,046;9,33E-5;93,30;104,58;0,00;0,02
4,976;0,296;1,045;9,33E-5;93,29;104,55;0,00;0,02
4,977;0,296;1,045;9,33E-5;93,29;104,55;0,00;0,02
4,978;0,296;1,046;9,33E-5;93,32;104,64;0,00;0,02
4,979;0,297;1,046;9,33E-5;93,32;104,60;0,00;0,02
4,980;0,296;1,045;9,33E-5;93,30;104,55;0,00;0,02
4,981;0,296;1,045;9,33E-5;93,30;104,55;0,00;0,02
4,982;0,295;1,044;9,33E-5;93,26;104,40;0,00;0,02
4,983;0,295;1,044;9,33E-5;93,26;104,40;0,00;0,02
4,984;0,296;1,045;9,33E-5;93,29;104,52;0,00;0,02
4,985;0,295;1,045;9,33E-5;93,28;104,50;0,00;0,02
4,986;0,296;1,045;9,33E-5;93,30;104,50;0,00;0,02
4,987;0,296;1,045;9,33E-5;93,31;104,49;0,00;0,02
4,988;0,296;1,045;9,33E-5;93,31;104,52;0,00;0,02
4,989;0,296;1,045;9,33E-5;93,31;104,50;0,00;0,02
4,990;0,297;1,046;9,33E-5;93,34;104,58;0,00;0,02
4,991;0,296;1,045;9,33E-5;93,30;104,47;0,00;0,02
4,992;0,296;1,045;9,33E-5;93,29;104,46;0,00;0,02
4,993;0,296;1,045;9,33E-5;93,31;104,46;0,00;0,02
4,994;0,296;1,044;9,33E-5;93,29;104,43;0,00;0,02
4,995;0,295;1,044;9,33E-5;93,28;104,42;0,00;0,02
4,996;0,295;1,044;9,33E-5;93,28;104,40;0,00;0,02
4,997;0,294;1,043;9,32E-5;93,24;104,26;0,00;0,02
4,998;0,295;1,043;9,33E-5;93,27;104,31;0,00;0,02
4,999;0,295;1,043;9,33E-5;93,26;104,30;0,00;0,02
5,000;0,296;1,044;9,33E-5;93,29;104,40;0,00;0,02
5,001;0,296;1,044;9,33E-5;93,30;104,38;0,00;0,02
5,002;0,296;1,044;9,33E-5;93,30;104,39;0,00;0,02
5,003;0,295;1,043;9,33E-5;93,28;104,31;0,00;0,02
5,004;0,295;1,043;9,33E-5;93,27;104,30;0,00;0,02
5,005;0,296;1,044;9,33E-5;93,30;104,36;0,00;0,02
5,006;0,296;1,044;9,33E-5;93,30;104,39;0,00;0,02
5,007;0,296;1,044;9,33E-5;93,30;104,36;0,00;0,02
5,008;0,294;1,041;9,32E-5;93,23;104,14;0,00;0,02
5,009;0,295;1,043;9,33E-5;93,28;104,26;0,00;0,02
5,010;0,295;1,043;9,33E-5;93,28;104,26;0,00;0,02
5,011;0,295;1,043;9,33E-5;93,28;104,25;0,00;0,02
5,012;0,296;1,043;9,33E-5;93,30;104,30;0,00;0,02
5,013;0,296;1,042;9,33E-5;93,29;104,25;0,00;0,02
5,014;0,296;1,043;9,33E-5;93,30;104,30;0,00;0,02
5,015;0,296;1,043;9,33E-5;93,30;104,31;0,00;0,02
5,016;0,295;1,042;9,33E-5;93,28;104,23;0,00;0,02
5,017;0,296;1,042;9,33E-5;93,29;104,22;0,00;0,02
5,018;0,296;1,043;9,33E-5;93,32;104,32;0,00;0,02
5,019;0,296;1,043;9,33E-5;93,30;104,26;0,00;0,02
5,020;0,295;1,042;9,33E-5;93,28;104,22;0,00;0,02
5,021;0,295;1,042;9,33E-5;93,28;104,22;0,00;0,02
5,022;0,297;1,043;9,33E-5;93,32;104,31;0,00;0,02
5,023;0,296;1,042;9,33E-5;93,29;104,23;0,00;0,02
5,024;0,295;1,042;9,33E-5;93,27;104,18;0,00;0,02
5,025;0,296;1,042;9,33E-5;93,29;104,21;0,00;0,02
5,026;0,296;1,042;9,33E-5;93,30;104,21;0,00;0,02
5,027;0,296;1,042;9,33E-5;93,30;104,25;0,00;0,02
5,028;0,295;1,041;9,33E-5;93,27;104,11;0,00;0,02
5,029;0,295;1,041;9,33E-5;93,26;104,08;0,00;0,02
5,030;0,294;1,041;9,32E-5;93,25;104,05;0,00;0,02
5,031;0,296;1,042;9,33E-5;93,30;104,22;0,00;0,02
5,032;0,295;1,041;9,33E-5;93,25;104,06;0,00;0,02
5,033;0,294;1,041;9,32E-5;93,25;104,05;0,00;0,02
5,034;0,296;1,042;9,33E-5;93,30;104,20;0,00;0,02
5,035;0,296;1,042;9,33E-5;93,31;104,24;0,00;0,02
5,036;0,295;1,041;9,33E-5;93,28;104,11;0,00;0,02
5,037;0,295;1,041;9,33E-5;93,28;104,14;0,00;0,02
5,038;0,296;1,041;9,33E-5;93,29;104,13;0,00;0,02
5,039;0,296;1,041;9,33E-5;93,29;104,14;0,00;0,02
5,040;0,296;1,042;9,33E-5;93,30;104,18;0,00;0,02
5,041;0,297;1,042;9,33E-5;93,32;104,20;0,00;0,02
5,042;0,296;1,042;9,33E-5;93,31;104,17;0,00;0,02
5,043;0,295;1,040;9,33E-5;93,26;104,03;0,00;0,02
5,044;0,295;1,041;9,33E-5;93,27;104,07;0,00;0,02
5,045;0,295;1,040;9,33E-5;93,26;104,01;0,00;0,02
5,046;0,296;1,041;9,33E-5;93,29;104,09;0,00;0,02
5,047;0,295;1,040;9,33E-5;93,29;104,03;0,00;0,02
5,048;0,295;1,040;9,33E-5;93,27;103,96;0,00;0,02
5,049;0,296;1,041;9,33E-5;93,32;104,13;0,00;0,02
5,050;0,296;1,041;9,33E-5;93,31;104,13;0,00;0,02
5,051;0,295;1,040;9,33E-5;93,27;104,00;0,00;0,02
5,052;0,296;1,040;9,33E-5;93,29;104,04;0,00;0,02
5,053;0,297;1,042;9,33E-5;93,33;104,19;0,00;0,02
5,054;0,297;1,042;9,33E-5;93,33;104,19;0,00;0,02
5,055;0,296;1,041;9,33E-5;93,31;104,07;0,00;0,02
5,056;0,296;1,041;9,33E-5;93,31;104,07;0,00;0,02
5,057;0,296;1,041;9,33E-5;93,32;104,12;0,00;0,02
5,058;0,297;1,041;9,33E-5;93,34;104,14;0,00;0,02
5,059;0,297;1,041;9,33E-5;93,32;104,08;0,00;0,02
5,060;0,297;1,041;9,33E-5;93,34;104,15;0,00;0,02
5,061;0,297;1,041;9,33E-5;93,34;104,10;0,00;0,02
5,062;0,297;1,040;9,33E-5;93,32;104,03;0,00;0,02
5,063;0,297;1,041;9,33E-5;93,33;104,06;0,00;0,02
5,064;0,296;1,040;9,33E-5;93,31;104,01;0,00;0,02
5,065;0,296;1,040;9,33E-5;93,30;103,96;0,00;0,02
5,066;0,296;1,039;9,33E-5;93,30;103,95;0,00;0,02
5,067;0,295;1,039;9,33E-5;93,27;103,88;0,00;0,02
5,068;0,294;1,038;9,32E-5;93,24;103,78;0,00;0,02
5,069;0,293;1,037;9,32E-5;93,21;103,71;0,00;0,02
5,070;0,295;1,039;9,33E-5;93,26;103,85;0,00;0,02
5,071;0,295;1,039;9,33E-5;93,28;103,90;0,00;0,02
5,072;0,295;1,039;9,33E-5;93,27;103,88;0,00;0,02
5,073;0,295;1,038;9,33E-5;93,26;103,83;0,00;0,02
5,074;0,297;1,040;9,33E-5;93,32;103,99;0,00;0,02
5,075;0,297;1,040;9,33E-5;93,34;104,03;0,00;0,02
5,076;0,297;1,040;9,33E-5;93,32;103,99;0,00;0,02
5,077;0,296;1,039;9,33E-5;93,29;103,92;0,00;0,02
5,078;0,296;1,039;9,33E-5;93,31;103,92;0,00;0,02
5,079;0,295;1,038;9,33E-5;93,27;103,78;0,00;0,02
5,080;0,295;1,038;9,33E-5;93,26;103,79;0,00;0,02
5,081;0,295;1,038;9,33E-5;93,28;103,80;0,00;0,02
5,082;0,296;1,038;9,33E-5;93,29;103,81;0,00;0,02
5,083;0,294;1,037;9,32E-5;93,24;103,68;0,00;0,02
5,084;0,296;1,038;9,33E-5;93,30;103,84;0,00;0,02
5,085;0,296;1,039;9,33E-5;93,31;103,91;0,00;0,02
5,086;0,296;1,039;9,33E-5;93,29;103,86;0,00;0,02
5,087;0,296;1,038;9,33E-5;93,29;103,79;0,00;0,02
5,088;0,296;1,038;9,33E-5;93,29;103,79;0,00;0,02
5,089;0,294;1,036;9,32E-5;93,23;103,63;0,00;0,02
5,090;0,296;1,038;9,33E-5;93,29;103,78;0,00;0,02
5,091;0,296;1,038;9,33E-5;93,29;103,80;0,00;0,02
5,092;0,296;1,038;9,33E-5;93,31;103,80;0,00;0,02
5,093;0,296;1,038;9,33E-5;93,31;103,82;0,00;0,02
5,094;0,297;1,039;9,33E-5;93,32;103,87;0,00;0,02
5,095;0,296;1,037;9,33E-5;93,29;103,73;0,00;0,02
5,096;0,295;1,037;9,33E-5;93,28;103,71;0,00;0,02
5,097;0,295;1,037;9,33E-5;93,28;103,69;0,00;0,02
5,098;0,295;1,037;9,33E-5;93,28;103,71;0,00;0,02
5,099;0,296;1,038;9,33E-5;93,31;103,79;0,00;0,02
5,100;0,295;1,036;9,33E-5;93,26;103,64;0,00;0,02
5,101;0,295;1,036;9,33E-5;93,26;103,58;0,00;0,02
5,102;0,295;1,036;9,33E-5;93,25;103,61;0,00;0,02
5,103;0,295;1,036;9,33E-5;93,26;103,61;0,00;0,02
5,104;0,296;1,037;9,33E-5;93,29;103,67;0,00;0,02
5,105;0,296;1,037;9,33E-5;93,29;103,73;0,00;0,02
5,106;0,295;1,036;9,33E-5;93,26;103,61;0,00;0,02
5,107;0,294;1,035;9,32E-5;93,23;103,48;0,00;0,02
5,108;0,295;1,036;9,33E-5;93,27;103,64;0,00;0,02
5,109;0,295;1,036;9,33E-5;93,28;103,64;0,00;0,02
5,110;0,295;1,036;9,33E-5;93,27;103,63;0,00;0,02
5,111;0,296;1,038;9,33E-5;93,31;103,75;0,00;0,02
5,112;0,297;1,037;9,33E-5;93,32;103,73;0,00;0,02
5,113;0,297;1,038;9,33E-5;93,32;103,78;0,00;0,02
5,114;0,296;1,037;9,33E-5;93,29;103,67;0,00;0,02
5,115;0,297;1,037;9,33E-5;93,32;103,73;0,00;0,02
5,116;0,295;1,036;9,33E-5;93,28;103,62;0,00;0,02
5,117;0,295;1,036;9,33E-5;93,26;103,58;0,00;0,02
5,118;0,296;1,037;9,33E-5;93,31;103,66;0,00;0,02
5,119;0,296;1,037;9,33E-5;93,32;103,69;0,00;0,02
5,120;0,295;1,036;9,33E-5;93,28;103,60;0,00;0,02
5,121;0,296;1,036;9,33E-5;93,30;103,64;0,00;0,02
5,122;0,297;1,037;9,33E-5;93,33;103,73;0,00;0,02
5,123;0,297;1,038;9,33E-5;93,34;103,77;0,00;0,02
5,124;0,296;1,036;9,33E-5;93,30;103,62;0,00;0,02
5,125;0,295;1,036;9,33E-5;93,28;103,58;0,00;0,02
5,126;0,295;1,035;9,33E-5;93,27;103,52;0,00;0,02
5,127;0,295;1,035;9,33E-5;93,25;103,47;0,00;0,02
5,128;0,296;1,036;9,33E-5;93,30;103,65;0,00;0,02
5,129;0,296;1,036;9,33E-5;93,29;103,58;0,00;0,02
5,130;0,296;1,036;9,33E-5;93,32;103,60;0,00;0,02
5,131;0,296;1,036;9,33E-5;93,29;103,56;0,00;0,02
5,132;0,295;1,035;9,33E-5;93,28;103,52;0,00;0,02
5,133;0,296;1,035;9,33E-5;93,29;103,54;0,00;0,02
5,134;0,296;1,035;9,33E-5;93,29;103,51;0,00;0,02
5,135;0,295;1,035;9,33E-5;93,27;103,46;0,00;0,02
5,136;0,295;1,035;9,33E-5;93,28;103,53;0,00;0,02
5,137;0,295;1,034;9,33E-5;93,25;103,43;0,00;0,02
5,138;0,296;1,035;9,33E-5;93,29;103,52;0,00;0,02
5,139;0,296;1,035;9,33E-5;93,30;103,52;0,00;0,02
5,140;0,295;1,035;9,33E-5;93,27;103,46;0,00;0,02
5,141;0,296;1,035;9,33E-5;93,29;103,51;0,00;0,02
5,142;0,296;1,036;9,33E-5;93,32;103,57;0,00;0,02
5,143;0,296;1,035;9,33E-5;93,29;103,49;0,00;0,02
5,144;0,295;1,034;9,33E-5;93,28;103,43;0,00;0,02
5,145;0,297;1,036;9,33E-5;93,32;103,56;0,00;0,02
5,146;0,296;1,036;9,33E-5;93,31;103,56;0,00;0,02
5,147;0,295;1,035;9,33E-5;93,28;103,45;0,00;0,02
5,148;0,295;1,034;9,33E-5;93,27;103,42;0,00;0,02
5,149;0,295;1,035;9,33E-5;93,28;103,47;0,00;0,02
5,150;0,296;1,035;9,33E-5;93,29;103,50;0,00;0,02
5,151;0,295;1,034;9,33E-5;93,28;103,45;0,00;0,02
5,152;0,295;1,034;9,33E-5;93,26;103,41;0,00;0,02
5,153;0,295;1,034;9,33E-5;93,27;103,41;0,00;0,02
5,154;0,297;1,036;9,33E-5;93,32;103,56;0,00;0,02
5,155;0,296;1,035;9,33E-5;93,30;103,49;0,00;0,02
5,156;0,296;1,035;9,33E-5;93,30;103,50;0,00;0,02
5,157;0,296;1,035;9,33E-5;93,30;103,50;0,00;0,02
5,158;0,297;1,035;9,33E-5;93,33;103,54;0,00;0,02
5,159;0,296;1,035;9,33E-5;93,31;103,50;0,00;0,02
5,160;0,296;1,034;9,33E-5;93,29;103,42;0,00;0,02
5,161;0,296;1,034;9,33E-5;93,29;103,44;0,00;0,02
5,162;0,295;1,033;9,33E-5;93,25;103,30;0,00;0,02
5,163;0,294;1,033;9,32E-5;93,25;103,32;0,00;0,02
5,164;0,295;1,034;9,33E-5;93,28;103,40;0,00;0,02
5,165;0,295;1,034;9,33E-5;93,28;103,38;0,00;0,02
5,166;0,295;1,034;9,33E-5;93,27;103,38;0,00;0,02
5,167;0,295;1,034;9,33E-5;93,28;103,36;0,00;0,02
5,168;0,295;1,034;9,33E-5;93,28;103,37;0,00;0,02
5,169;0,295;1,032;9,33E-5;93,26;103,25;0,00;0,02
5,170;0,295;1,033;9,33E-5;93,26;103,30;0,00;0,02
5,171;0,295;1,034;9,33E-5;93,28;103,35;0,00;0,02
5,172;0,296;1,034;9,33E-5;93,29;103,37;0,00;0,02
5,173;0,296;1,034;9,33E-5;93,29;103,35;0,00;0,02
5,174;0,296;1,034;9,33E-5;93,29;103,35;0,00;0,02
5,175;0,297;1,034;9,33E-5;93,32;103,39;0,00;0,02
5,176;0,297;1,034;9,33E-5;93,32;103,42;0,00;0,02
5,177;0,295;1,033;9,33E-5;93,27;103,27;0,00;0,02
5,178;0,294;1,032;9,32E-5;93,25;103,20;0,00;0,02
5,179;0,294;1,032;9,33E-5;93,25;103,21;0,00;0,02
5,180;0,295;1,033;9,33E-5;93,28;103,30;0,00;0,02
5,181;0,296;1,034;9,33E-5;93,31;103,38;0,00;0,02
5,182;0,296;1,033;9,33E-5;93,31;103,33;0,00;0,02
5,183;0,295;1,032;9,33E-5;93,27;103,25;0,00;0,02
5,184;0,295;1,032;9,33E-5;93,28;103,23;0,00;0,02
5,185;0,296;1,033;9,33E-5;93,29;103,27;0,00;0,02
5,186;0,296;1,033;9,33E-5;93,29;103,32;0,00;0,02
5,187;0,296;1,032;9,33E-5;93,29;103,24;0,00;0,02
5,188;0,296;1,033;9,33E-5;93,30;103,27;0,00;0,02
5,189;0,295;1,032;9,33E-5;93,28;103,20;0,00;0,02
5,190;0,295;1,032;9,33E-5;93,25;103,15;0,00;0,02
5,191;0,296;1,033;9,33E-5;93,31;103,30;0,00;0,02
5,192;0,297;1,033;9,33E-5;93,32;103,34;0,00;0,02
5,193;0,296;1,033;9,33E-5;93,30;103,28;0,00;0,02
5,194;0,296;1,033;9,33E-5;93,30;103,30;0,00;0,02
5,195;0,295;1,032;9,33E-5;93,28;103,22;0,00;0,02
5,196;0,296;1,032;9,33E-5;93,29;103,23;0,00;0,02
5,197;0,295;1,032;9,33E-5;93,26;103,16;0,00;0,02
5,198;0,295;1,032;9,33E-5;93,28;103,24;0,00;0,02
5,199;0,296;1,033;9,33E-5;93,31;103,32;0,00;0,02
5,200;0,295;1,032;9,33E-5;93,28;103,23;0,00;0,02
5,201;0,295;1,032;9,33E-5;93,28;103,19;0,00;0,02
5,202;0,294;1,031;9,33E-5;93,25;103,13;0,00;0,02
5,203;0,296;1,032;9,33E-5;93,29;103,19;0,00;0,02
5,204;0,296;1,033;9,33E-5;93,31;103,29;0,00;0,02
5,205;0,296;1,032;9,33E-5;93,31;103,23;0,00;0,02
5,206;0,296;1,032;9,33E-5;93,30;103,23;0,00;0,02
5,207;0,296;1,033;9,33E-5;93,30;103,26;0,00;0,02
5,208;0,296;1,033;9,33E-5;93,31;103,28;0,00;0,02
5,209;0,297;1,033;9,33E-5;93,33;103,32;0,00;0,02
5,210;0,296;1,032;9,33E-5;93,30;103,23;0,00;0,02
5,211;0,296;1,031;9,33E-5;93,29;103,14;0,00;0,02
5,212;0,295;1,031;9,33E-5;93,29;103,12;0,00;0,02
5,213;0,295;1,031;9,33E-5;93,27;103,11;0,00;0,02
5,214;0,296;1,032;9,33E-5;93,30;103,22;0,00;0,02
5,215;0,296;1,032;9,33E-5;93,30;103,20;0,00;0,02
5,216;0,296;1,032;9,33E-5;93,29;103,19;0,00;0,02
5,217;0,295;1,031;9,33E-5;93,26;103,10;0,00;0,02
5,218;0,296;1,031;9,33E-5;93,29;103,12;0,00;0,02
5,219;0,296;1,032;9,33E-5;93,29;103,16;0,00;0,02
5,220;0,297;1,033;9,33E-5;93,33;103,27;0,00;0,02
5,221;0,294;1,030;9,33E-5;93,25;103,02;0,00;0,01
5,222;0,295;1,030;9,33E-5;93,26;103,02;0,00;0,01
5,223;0,296;1,031;9,33E-5;93,29;103,11;0,00;0,02
5,224;0,295;1,031;9,33E-5;93,28;103,10;0,00;0,02
5,225;0,296;1,031;9,33E-5;93,29;103,14;0,00;0,02
5,226;0,295;1,031;9,33E-5;93,28;103,09;0,00;0,02
5,227;0,296;1,032;9,33E-5;93,30;103,16;0,00;0,02
5,228;0,297;1,032;9,33E-5;93,33;103,23;0,00;0,02
5,229;0,297;1,032;9,33E-5;93,32;103,20;0,00;0,02
5,230;0,296;1,031;9,33E-5;93,30;103,14;0,00;0,02
5,231;0,297;1,032;9,33E-5;93,32;103,19;0,00;0,02
5,232;0,295;1,030;9,33E-5;93,28;103,04;0,00;0,01
5,233;0,297;1,032;9,33E-5;93,32;103,16;0,00;0,02
5,234;0,297;1,032;9,33E-5;93,33;103,20;0,00;0,02
5,235;0,297;1,032;9,33E-5;93,33;103,19;0,00;0,02
5,236;0,296;1,031;9,33E-5;93,30;103,14;0,00;0,02
5,237;0,296;1,031;9,33E-5;93,30;103,07;0,00;0,01
5,238;0,295;1,030;9,33E-5;93,26;103,03;0,00;0,01
5,239;0,295;1,030;9,33E-5;93,26;102,99;0,00;0,01
5,240;0,294;1,029;9,32E-5;93,23;102,90;0,00;0,01
5,241;0,295;1,030;9,33E-5;93,28;103,02;0,00;0,01
5,242;0,296;1,031;9,33E-5;93,31;103,11;0,00;0,02
5,243;0,295;1,030;9,33E-5;93,27;103,01;0,00;0,01
5,244;0,295;1,030;9,33E-5;93,26;102,98;0,00;0,01
5,245;0,295;1,030;9,33E-5;93,27;102,99;0,00;0,01
5,246;0,295;1,030;9,33E-5;93,27;102,98;0,00;0,01
5,247;0,295;1,030;9,33E-5;93,28;103,02;0,00;0,01
5,248;0,295;1,029;9,33E-5;93,26;102,92;0,00;0,01
5,249;0,295;1,030;9,33E-5;93,28;102,99;0,00;0,01
5,250;0,295;1,030;9,33E-5;93,28;102,97;0,00;0,01
5,251;0,297;1,032;9,33E-5;93,34;103,15;0,00;0,02
5,252;0,297;1,031;9,33E-5;93,32;103,13;0,00;0,02
5,253;0,297;1,031;9,33E-5;93,32;103,15;0,00;0,02
5,254;0,296;1,031;9,33E-5;93,31;103,05;0,00;0,01
5,255;0,295;1,029;9,33E-5;93,27;102,94;0,00;0,01
5,256;0,296;1,030;9,33E-5;93,30;103,00;0,00;0,01
5,257;0,296;1,030;9,33E-5;93,29;103,04;0,00;0,01
5,258;0,297;1,031;9,33E-5;93,33;103,09;0,00;0,02
5,259;0,296;1,030;9,33E-5;93,31;103,04;0,00;0,01
5,260;0,296;1,030;9,33E-5;93,29;102,98;0,00;0,01
5,261;0,295;1,029;9,33E-5;93,27;102,91;0,00;0,01
5,262;0,295;1,029;9,33E-5;93,28;102,89;0,00;0,01
5,263;0,296;1,029;9,33E-5;93,30;102,94;0,00;0,01
5,264;0,297;1,031;9,33E-5;93,34;103,07;0,00;0,01
5,265;0,295;1,029;9,33E-5;93,27;102,88;0,00;0,01
5,266;0,296;1,029;9,33E-5;93,29;102,93;0,00;0,01
5,267;0,295;1,029;9,33E-5;93,28;102,92;0,00;0,01
5,268;0,296;1,029;9,33E-5;93,29;102,95;0,00;0,01
5,269;0,297;1,030;9,33E-5;93,32;103,02;0,00;0,01
5,270;0,296;1,029;9,33E-5;93,29;102,91;0,00;0,01
5,271;0,296;1,029;9,33E-5;93,29;102,92;0,00;0,01
5,272;0,296;1,030;9,33E-5;93,31;102,98;0,00;0,01
5,273;0,296;1,030;9,33E-5;93,31;102,95;0,00;0,01
5,274;0,294;1,028;9,33E-5;93,25;102,78;0,00;0,01
5,275;0,295;1,028;9,33E-5;93,26;102,79;0,00;0,01
5,276;0,296;1,030;9,33E-5;93,30;102,96;0,00;0,01
5,277;0,296;1,029;9,33E-5;93,30;102,90;0,00;0,01
5,278;0,295;1,028;9,33E-5;93,27;102,83;0,00;0,01
5,279;0,296;1,029;9,33E-5;93,30;102,90;0,00;0,01
5,280;0,296;1,029;9,33E-5;93,29;102,88;0,00;0,01
5,281;0,294;1,027;9,32E-5;93,24;102,74;0,00;0,01
5,282;0,296;1,029;9,33E-5;93,29;102,85;0,00;0,01
5,283;0,296;1,029;9,33E-5;93,30;102,86;0,00;0,01
5,284;0,295;1,028;9,33E-5;93,26;102,77;0,00;0,01
5,285;0,295;1,029;9,33E-5;93,28;102,85;0,00;0,01
5,286;0,296;1,028;9,33E-5;93,30;102,85;0,00;0,01
5,287;0,295;1,028;9,33E-5;93,28;102,82;0,00;0,01
5,288;0,296;1,028;9,33E-5;93,30;102,84;0,00;0,01
5,289;0,295;1,028;9,33E-5;93,28;102,80;0,00;0,01
5,290;0,295;1,028;9,33E-5;93,26;102,76;0,00;0,01
5,291;0,296;1,028;9,33E-5;93,30;102,84;0,00;0,01
5,292;0,297;1,029;9,33E-5;93,33;102,90;0,00;0,01
5,293;0,296;1,028;9,33E-5;93,29;102,81;0,00;0,01
5,294;0,295;1,028;9,33E-5;93,28;102,79;0,00;0,01
5,295;0,295;1,028;9,33E-5;93,28;102,82;0,00;0,01
5,296;0,295;1,028;9,33E-5;93,27;102,80;0,00;0,01
5,297;0,296;1,029;9,33E-5;93,29;102,86;0,00;0,01
5,298;0,296;1,028;9,33E-5;93,29;102,83;0,00;0,01
5,299;0,296;1,028;9,33E-5;93,29;102,83;0,00;0,01
5,300;0,296;1,028;9,33E-5;93,29;102,78;0,00;0,01
5,301;0,295;1,027;9,33E-5;93,27;102,73;0,00;0,01
5,302;0,296;1,028;9,33E-5;93,29;102,76;0,00;0,01
5,303;0,295;1,028;9,33E-5;93,28;102,77;0,00;0,01
5,304;0,296;1,028;9,33E-5;93,30;102,78;0,00;0,01
5,305;0,295;1,027;9,33E-5;93,26;102,68;0,00;0,01
5,306;0,296;1,028;9,33E-5;93,29;102,75;0,00;0,01
5,307;0,295;1,027;9,33E-5;93,27;102,74;0,00;0,01
5,308;0,295;1,027;9,33E-5;93,26;102,68;0,00;0,01
5,309;0,294;1,027;9,32E-5;93,24;102,67;0,00;0,01
5,310;0,295;1,027;9,33E-5;93,26;102,69;0,00;0,01
5,311;0,296;1,028;9,33E-5;93,31;102,80;0,00;0,01
5,312;0,297;1,029;9,33E-5;93,33;102,87;0,00;0,01
5,313;0,295;1,027;9,33E-5;93,28;102,75;0,00;0,01
5,314;0,296;1,028;9,33E-5;93,31;102,79;0,00;0,01
5,315;0,295;1,027;9,33E-5;93,27;102,68;0,00;0,01
5,316;0,295;1,027;9,33E-5;93,28;102,70;0,00;0,01
5,317;0,296;1,027;9,33E-5;93,29;102,75;0,00;0,01
5,318;0,296;1,027;9,33E-5;93,29;102,72;0,00;0,01
5,319;0,295;1,026;9,33E-5;93,25;102,64;0,00;0,01
5,320;0,296;1,028;9,33E-5;93,30;102,77;0,00;0,01
5,321;0,296;1,028;9,33E-5;93,31;102,75;0,00;0,01
5,322;0,296;1,027;9,33E-5;93,29;102,74;0,00;0,01
5,323;0,296;1,027;9,33E-5;93,29;102,74;0,00;0,01
5,324;0,295;1,027;9,33E-5;93,28;102,68;0,00;0,01
5,325;0,296;1,027;9,33E-5;93,30;102,73;0,00;0,01
5,326;0,296;1,027;9,33E-5;93,29;102,70;0,00;0,01
5,327;0,295;1,027;9,33E-5;93,27;102,67;0,00;0,01
5,328;0,295;1,027;9,33E-5;93,27;102,66;0,00;0,01
5,329;0,295;1,027;9,33E-5;93,28;102,69;0,00;0,01
5,330;0,296;1,027;9,33E-5;93,29;102,69;0,00;0,01
5,331;0,296;1,027;9,33E-5;93,29;102,70;0,00;0,01
5,332;0,295;1,026;9,33E-5;93,27;102,61;0,00;0,01
5,333;0,296;1,027;9,33E-5;93,29;102,69;0,00;0,01
5,334;0,296;1,027;9,33E-5;93,30;102,73;0,00;0,01
5,335;0,295;1,026;9,33E-5;93,25;102,60;0,00;0,01
5,336;0,294;1,025;9,32E-5;93,25;102,54;0,00;0,01
5,337;0,296;1,027;9,33E-5;93,29;102,68;0,00;0,01
5,338;0,295;1,027;9,33E-5;93,28;102,65;0,00;0,01
5,339;0,297;1,028;9,33E-5;93,32;102,75;0,00;0,01
5,340;0,296;1,027;9,33E-5;93,30;102,69;0,00;0,01
5,341;0,296;1,028;9,33E-5;93,32;102,76;0,00;0,01
5,342;0,295;1,026;9,33E-5;93,28;102,63;0,00;0,01
5,343;0,295;1,026;9,33E-5;93,27;102,62;0,00;0,01
5,344;0,295;1,026;9,33E-5;93,27;102,55;0,00;0,01
5,345;0,295;1,026;9,33E-5;93,27;102,59;0,00;0,01
5,346;0,295;1,026;9,33E-5;93,27;102,60;0,00;0,01
5,347;0,295;1,026;9,33E-5;93,28;102,62;0,00;0,01
5,348;0,296;1,027;9,33E-5;93,29;102,67;0,00;0,01
5,349;0,296;1,026;9,33E-5;93,29;102,65;0,00;0,01
5,350;0,296;1,026;9,33E-5;93,29;102,61;0,00;0,01
5,351;0,296;1,027;9,33E-5;93,31;102,69;0,00;0,01
5,352;0,296;1,027;9,33E-5;93,31;102,71;0,00;0,01
5,353;0,297;1,027;9,33E-5;93,32;102,71;0,00;0,01
5,354;0,296;1,027;9,33E-5;93,32;102,69;0,00;0,01
5,355;0,296;1,027;9,33E-5;93,31;102,67;0,00;0,01
5,356;0,296;1,026;9,33E-5;93,29;102,62;0,00;0,01
5,357;0,296;1,027;9,33E-5;93,30;102,67;0,00;0,01
5,358;0,296;1,026;9,33E-5;93,30;102,61;0,00;0,01
5,359;0,297;1,027;9,33E-5;93,32;102,68;0,00;0,01
5,360;0,295;1,026;9,33E-5;93,28;102,58;0,00;0,01
5,361;0,295;1,026;9,33E-5;93,28;102,58;0,00;0,01
5,362;0,296;1,026;9,33E-5;93,31;102,63;0,00;0,01
5,363;0,296;1,026;9,33E-5;93,30;102,59;0,00;0,01
5,364;0,295;1,025;9,33E-5;93,28;102,54;0,00;0,01
5,365;0,296;1,026;9,33E-5;93,30;102,59;0,00;0,01
5,366;0,296;1,026;9,33E-5;93,29;102,56;0,00;0,01
5,367;0,296;1,026;9,33E-5;93,31;102,62;0,00;0,01
5,368;0,296;1,026;9,33E-5;93,29;102,56;0,00;0,01
5,369;0,295;1,025;9,33E-5;93,27;102,49;0,00;0,01
5,370;0,296;1,026;9,33E-5;93,29;102,55;0,00;0,01
5,371;0,295;1,025;9,33E-5;93,26;102,47;0,00;0,01
5,372;0,295;1,025;9,33E-5;93,28;102,52;0,00;0,01
5,373;0,295;1,025;9,33E-5;93,28;102,49;0,00;0,01
5,374;0,295;1,026;9,33E-5;93,28;102,55;0,00;0,01
5,375;0,294;1,024;9,32E-5;93,25;102,43;0,00;0,01
5,376;0,294;1,024;9,32E-5;93,24;102,42;0,00;0,01
5,377;0,296;1,025;9,33E-5;93,29;102,47;0,00;0,01
5,378;0,294;1,024;9,33E-5;93,25;102,41;0,00;0,01
5,379;0,295;1,025;9,33E-5;93,28;102,51;0,00;0,01
5,380;0,296;1,025;9,33E-5;93,30;102,52;0,00;0,01
5,381;0,295;1,024;9,33E-5;93,27;102,44;0,00;0,01
5,382;0,295;1,025;9,33E-5;93,28;102,50;0,00;0,01
5,383;0,295;1,024;9,33E-5;93,26;102,43;0,00;0,01
5,384;0,295;1,025;9,33E-5;93,27;102,48;0,00;0,01
5,385;0,295;1,024;9,33E-5;93,26;102,43;0,00;0,01
5,386;0,296;1,025;9,33E-5;93,29;102,48;0,00;0,01
5,387;0,295;1,025;9,33E-5;93,28;102,50;0,00;0,01
5,388;0,295;1,025;9,33E-5;93,28;102,48;0,00;0,01
5,389;0,296;1,026;9,33E-5;93,32;102,60;0,00;0,01
5,390;0,296;1,025;9,33E-5;93,30;102,54;0,00;0,01
5,391;0,296;1,025;9,33E-5;93,30;102,53;0,00;0,01
5,392;0,296;1,025;9,33E-5;93,30;102,52;0,00;0,01
5,393;0,296;1,025;9,33E-5;93,29;102,48;0,00;0,01
5,394;0,294;1,024;9,32E-5;93,23;102,35;0,00;0,01
5,395;0,294;1,024;9,32E-5;93,24;102,38;0,00;0,01
5,396;0,294;1,024;9,33E-5;93,25;102,38;0,00;0,01
5,397;0,294;1,023;9,32E-5;93,23;102,34;0,00;0,01
5,398;0,295;1,025;9,33E-5;93,28;102,45;0,00;0,01
5,399;0,296;1,025;9,33E-5;93,31;102,49;0,00;0,01
5,400;0,296;1,025;9,33E-5;93,29;102,50;0,00;0,01
5,401;0,295;1,024;9,33E-5;93,28;102,41;0,00;0,01
5,402;0,296;1,025;9,33E-5;93,31;102,52;0,00;0,01
5,403;0,296;1,025;9,33E-5;93,30;102,47;0,00;0,01
5,404;0,296;1,025;9,33E-5;93,31;102,54;0,00;0,01
5,405;0,296;1,025;9,33E-5;93,29;102,47;0,00;0,01
5,406;0,296;1,024;9,33E-5;93,29;102,43;0,00;0,01
5,407;0,296;1,025;9,33E-5;93,30;102,46;0,00;0,01
5,408;0,295;1,024;9,33E-5;93,28;102,41;0,00;0,01
5,409;0,295;1,024;9,33E-5;93,28;102,38;0,00;0,01
5,410;0,296;1,024;9,33E-5;93,29;102,42;0,00;0,01
5,411;0,296;1,024;9,33E-5;93,30;102,43;0,00;0,01
5,412;0,296;1,024;9,33E-5;93,29;102,40;0,00;0,01
5,413;0,296;1,025;9,33E-5;93,31;102,48;0,00;0,01
5,414;0,295;1,023;9,33E-5;93,27;102,34;0,00;0,01
5,415;0,296;1,025;9,33E-5;93,31;102,46;0,00;0,01
5,416;0,296;1,024;9,33E-5;93,31;102,45;0,00;0,01
5,417;0,296;1,024;9,33E-5;93,30;102,39;0,00;0,01
5,418;0,296;1,025;9,33E-5;93,31;102,46;0,00;0,01
5,419;0,297;1,025;9,33E-5;93,33;102,51;0,00;0,01
5,420;0,296;1,025;9,33E-5;93,31;102,46;0,00;0,01
5,421;0,297;1,025;9,33E-5;93,33;102,49;0,00;0,01
5,422;0,295;1,023;9,33E-5;93,28;102,34;0,00;0,01
5,423;0,295;1,023;9,33E-5;93,27;102,30;0,00;0,01
5,424;0,296;1,024;9,33E-5;93,30;102,41;0,00;0,01
5,425;0,297;1,025;9,33E-5;93,33;102,46;0,00;0,01
5,426;0,296;1,024;9,33E-5;93,29;102,36;0,00;0,01
5,427;0,296;1,023;9,33E-5;93,29;102,33;0,00;0,01
5,428;0,296;1,024;9,33E-5;93,31;102,40;0,00;0,01
5,429;0,296;1,024;9,33E-5;93,31;102,44;0,00;0,01
5,430;0,296;1,023;9,33E-5;93,30;102,33;0,00;0,01
5,431;0,296;1,023;9,33E-5;93,30;102,35;0,00;0,01
5,432;0,296;1,023;9,33E-5;93,29;102,32;0,00;0,01
5,433;0,294;1,022;9,32E-5;93,25;102,19;0,00;0,01
5,434;0,295;1,022;9,33E-5;93,26;102,24;0,00;0,01
5,435;0,295;1,022;9,33E-5;93,26;102,21;0,00;0,01
5,436;0,295;1,022;9,33E-5;93,27;102,24;0,00;0,01
5,437;0,295;1,022;9,33E-5;93,26;102,23;0,00;0,01
5,438;0,296;1,023;9,33E-5;93,30;102,32;0,00;0,01
5,439;0,295;1,022;9,33E-5;93,27;102,24;0,00;0,01
5,440;0,297;1,024;9,33E-5;93,32;102,39;0,00;0,01
5,441;0,297;1,023;9,33E-5;93,32;102,33;0,00;0,01
5,442;0,297;1,023;9,33E-5;93,32;102,34;0,00;0,01
5,443;0,297;1,024;9,33E-5;93,33;102,42;0,00;0,01
5,444;0,297;1,024;9,33E-5;93,33;102,42;0,00;0,01
5,445;0,296;1,023;9,33E-5;93,30;102,34;0,00;0,01
5,446;0,295;1,022;9,33E-5;93,28;102,22;0,00;0,01
5,447;0,295;1,022;9,33E-5;93,27;102,21;0,00;0,01
5,448;0,294;1,022;9,33E-5;93,25;102,15;0,00;0,01
5,449;0,294;1,021;9,32E-5;93,25;102,13;0,00;0,01
5,450;0,295;1,022;9,33E-5;93,27;102,21;0,00;0,01
5,451;0,295;1,023;9,33E-5;93,28;102,25;0,00;0,01
5,452;0,295;1,022;9,33E-5;93,28;102,23;0,00;0,01
5,453;0,296;1,023;9,33E-5;93,31;102,32;0,00;0,01
5,454;0,296;1,023;9,33E-5;93,29;102,26;0,00;0,01
5,455;0,295;1,022;9,33E-5;93,26;102,17;0,00;0,01
5,456;0,295;1,022;9,33E-5;93,27;102,20;0,00;0,01
5,457;0,295;1,022;9,33E-5;93,27;102,21;0,00;0,01
5,458;0,295;1,022;9,33E-5;93,27;102,23;0,00;0,01
5,459;0,296;1,023;9,33E-5;93,30;102,25;0,00;0,01
5,460;0,295;1,022;9,33E-5;93,28;102,20;0,00;0,01
5,461;0,295;1,022;9,33E-5;93,27;102,18;0,00;0,01
5,462;0,294;1,021;9,32E-5;93,25;102,10;0,00;0,01
5,463;0,295;1,021;9,33E-5;93,26;102,13;0,00;0,01
5,464;0,293;1,020;9,32E-5;93,21;102,01;0,00;0,01
5,465;0,294;1,021;9,32E-5;93,24;102,11;0,00;0,01
5,466;0,295;1,021;9,33E-5;93,26;102,14;0,00;0,01
5,467;0,295;1,022;9,33E-5;93,26;102,15;0,00;0,01
5,468;0,295;1,022;9,33E-5;93,27;102,19;0,00;0,01
5,469;0,296;1,023;9,33E-5;93,30;102,25;0,00;0,01
5,470;0,296;1,023;9,33E-5;93,31;102,30;0,00;0,01
5,471;0,296;1,022;9,33E-5;93,30;102,23;0,00;0,01
5,472;0,296;1,023;9,33E-5;93,30;102,26;0,00;0,01
5,473;0,296;1,022;9,33E-5;93,30;102,23;0,00;0,01
5,474;0,295;1,022;9,33E-5;93,28;102,20;0,00;0,01
5,475;0,294;1,021;9,33E-5;93,25;102,08;0,00;0,01
5,476;0,296;1,023;9,33E-5;93,31;102,26;0,00;0,01
5,477;0,297;1,023;9,33E-5;93,33;102,32;0,00;0,01
5,478;0,296;1,023;9,33E-5;93,31;102,27;0,00;0,01
5,479;0,297;1,024;9,33E-5;93,35;102,38;0,00;0,01
5,480;0,296;1,022;9,33E-5;93,29;102,20;0,00;0,01
5,481;0,295;1,021;9,33E-5;93,28;102,14;0,00;0,01
5,482;0,296;1,022;9,33E-5;93,30;102,21;0,00;0,01
5,483;0,297;1,023;9,33E-5;93,32;102,28;0,00;0,01
5,484;0,297;1,023;9,33E-5;93,32;102,26;0,00;0,01
5,485;0,296;1,022;9,33E-5;93,30;102,22;0,00;0,01
5,486;0,295;1,022;9,33E-5;93,28;102,16;0,00;0,01
5,487;0,295;1,021;9,33E-5;93,26;102,12;0,00;0,01
5,488;0,295;1,021;9,33E-5;93,27;102,10;0,00;0,01
5,489;0,295;1,022;9,33E-5;93,28;102,20;0,00;0,01
5,490;0,296;1,022;9,33E-5;93,30;102,24;0,00;0,01
5,491;0,296;1,022;9,33E-5;93,29;102,16;0,00;0,01
5,492;0,296;1,022;9,33E-5;93,29;102,16;0,00;0,01
5,493;0,296;1,022;9,33E-5;93,29;102,18;0,00;0,01
5,494;0,295;1,021;9,33E-5;93,27;102,10;0,00;0,01
5,495;0,296;1,021;9,33E-5;93,29;102,14;0,00;0,01
5,496;0,296;1,021;9,33E-5;93,30;102,15;0,00;0,01
5,497;0,295;1,021;9,33E-5;93,27;102,07;0,00;0,01
5,498;0,295;1,021;9,33E-5;93,27;102,05;0,00;0,01
5,499;0,295;1,021;9,33E-5;93,28;102,14;0,00;0,01
5,500;0,295;1,021;9,33E-5;93,27;102,10;0,00;0,01
5,501;0,295;1,021;9,33E-5;93,28;102,14;0,00;0,01
5,502;0,296;1,022;9,33E-5;93,30;102,17;0,00;0,01
5,503;0,296;1,022;9,33E-5;93,32;102,23;0,00;0,01
5,504;0,296;1,022;9,33E-5;93,32;102,22;0,00;0,01
5,505;0,296;1,022;9,33E-5;93,30;102,17;0,00;0,01
5,506;0,296;1,022;9,33E-5;93,30;102,15;0,00;0,01
5,507;0,296;1,021;9,33E-5;93,29;102,11;0,00;0,01
5,508;0,295;1,021;9,33E-5;93,26;102,05;0,00;0,01
5,509;0,295;1,021;9,33E-5;93,28;102,11;0,00;0,01
5,510;0,295;1,021;9,33E-5;93,27;102,08;0,00;0,01
5,511;0,295;1,020;9,33E-5;93,27;102,02;0,00;0,01
5,512;0,296;1,022;9,33E-5;93,30;102,15;0,00;0,01
5,513;0,296;1,021;9,33E-5;93,29;102,10;0,00;0,01
5,514;0,296;1,022;9,33E-5;93,31;102,19;0,00;0,01
5,515;0,296;1,022;9,33E-5;93,30;102,17;0,00;0,01
5,516;0,297;1,022;9,33E-5;93,32;102,18;0,00;0,01
5,517;0,295;1,020;9,33E-5;93,26;102,02;0,00;0,01
5,518;0,295;1,020;9,33E-5;93,26;102,01;0,00;0,01
5,519;0,296;1,021;9,33E-5;93,31;102,14;0,00;0,01
5,520;0,295;1,020;9,33E-5;93,27;102,02;0,00;0,01
5,521;0,296;1,021;9,33E-5;93,30;102,12;0,00;0,01
5,522;0,297;1,022;9,33E-5;93,34;102,22;0,00;0,01
5,523;0,297;1,022;9,33E-5;93,33;102,20;0,00;0,01
5,524;0,296;1,021;9,33E-5;93,31;102,14;0,00;0,01
5,525;0,296;1,020;9,33E-5;93,29;102,05;0,00;0,01
5,526;0,297;1,022;9,33E-5;93,32;102,15;0,00;0,01
5,527;0,295;1,020;9,33E-5;93,26;101,99;0,00;0,01
5,528;0,295;1,020;9,33E-5;93,27;102,03;0,00;0,01
5,529;0,295;1,020;9,33E-5;93,28;102,01;0,00;0,01
5,530;0,296;1,021;9,33E-5;93,30;102,10;0,00;0,01
5,531;0,295;1,020;9,33E-5;93,27;102,01;0,00;0,01
5,532;0,296;1,021;9,33E-5;93,31;102,14;0,00;0,01
5,533;0,295;1,020;9,33E-5;93,28;102,05;0,00;0,01
5,534;0,296;1,020;9,33E-5;93,30;102,05;0,00;0,01
5,535;0,296;1,021;9,33E-5;93,31;102,11;0,00;0,01
5,536;0,296;1,021;9,33E-5;93,31;102,06;0,00;0,01
5,537;0,296;1,020;9,33E-5;93,29;102,02;0,00;0,01
5,538;0,295;1,020;9,33E-5;93,28;101,97;0,00;0,01
5,539;0,295;1,020;9,33E-5;93,28;101,97;0,00;0,01
5,540;0,296;1,020;9,33E-5;93,29;102,01;0,00;0,01
5,541;0,296;1,020;9,33E-5;93,29;101,96;0,00;0,01
5,542;0,296;1,020;9,33E-5;93,29;102,02;0,00;0,01
5,543;0,296;1,020;9,33E-5;93,29;102,05;0,00;0,01
5,544;0,296;1,020;9,33E-5;93,31;102,04;0,00;0,01
5,545;0,296;1,020;9,33E-5;93,29;101,96;0,00;0,01
5,546;0,295;1,020;9,33E-5;93,28;102,00;0,00;0,01
5,547;0,296;1,020;9,33E-5;93,31;102,03;0,00;0,01
5,548;0,296;1,020;9,33E-5;93,30;102,03;0,00;0,01
5,549;0,296;1,021;9,33E-5;93,31;102,06;0,00;0,01
5,550;0,296;1,020;9,33E-5;93,30;102,01;0,00;0,01
5,551;0,295;1,019;9,33E-5;93,26;101,92;0,00;0,01
5,552;0,295;1,020;9,33E-5;93,28;101,97;0,00;0,01
5,553;0,296;1,020;9,33E-5;93,30;102,00;0,00;0,01
5,554;0,296;1,020;9,33E-5;93,29;101,98;0,00;0,01
5,555;0,295;1,019;9,33E-5;93,26;101,88;0,00;0,01
5,556;0,294;1,019;9,32E-5;93,24;101,86;0,00;0,01
5,557;0,295;1,019;9,33E-5;93,27;101,92;0,00;0,01
5,558;0,296;1,020;9,33E-5;93,30;101,99;0,00;0,01
5,559;0,295;1,019;9,33E-5;93,28;101,93;0,00;0,01
5,560;0,296;1,020;9,33E-5;93,30;102,01;0,00;0,01
5,561;0,296;1,020;9,33E-5;93,31;102,02;0,00;0,01
5,562;0,296;1,020;9,33E-5;93,30;102,01;0,00;0,01
5,563;0,296;1,020;9,33E-5;93,30;102,03;0,00;0,01
5,564;0,296;1,020;9,33E-5;93,30;102,00;0,00;0,01
5,565;0,296;1,020;9,33E-5;93,31;102,02;0,00;0,01
5,566;0,296;1,020;9,33E-5;93,29;101,96;0,00;0,01
5,567;0,296;1,020;9,33E-5;93,31;102,01;0,00;0,01
5,568;0,297;1,020;9,33E-5;93,32;102,03;0,00;0,01
5,569;0,297;1,020;9,33E-5;93,32;102,02;0,00;0,01
5,570;0,296;1,020;9,33E-5;93,31;102,02;0,00;0,01
5,571;0,295;1,019;9,33E-5;93,29;101,93;0,00;0,01
5,572;0,295;1,019;9,33E-5;93,26;101,87;0,00;0,01
5,573;0,295;1,019;9,33E-5;93,28;101,90;0,00;0,01
5,574;0,295;1,019;9,33E-5;93,26;101,89;0,00;0,01
5,575;0,296;1,020;9,33E-5;93,29;101,98;0,00;0,01
5,576;0,296;1,020;9,33E-5;93,30;101,95;0,00;0,01
5,577;0,296;1,019;9,33E-5;93,29;101,94;0,00;0,01
5,578;0,296;1,019;9,33E-5;93,29;101,94;0,00;0,01
5,579;0,296;1,020;9,33E-5;93,30;101,95;0,00;0,01
5,580;0,295;1,018;9,33E-5;93,26;101,83;0,00;0,01
5,581;0,295;1,019;9,33E-5;93,28;101,89;0,00;0,01
5,582;0,296;1,020;9,33E-5;93,31;102,00;0,00;0,01
5,583;0,297;1,021;9,33E-5;93,33;102,06;0,00;0,01
5,584;0,296;1,019;9,33E-5;93,30;101,94;0,00;0,01
5,585;0,295;1,019;9,33E-5;93,28;101,88;0,00;0,01
5,586;0,296;1,019;9,33E-5;93,30;101,94;0,00;0,01
5,587;0,295;1,019;9,33E-5;93,28;101,88;0,00;0,01
5,588;0,295;1,019;9,33E-5;93,28;101,89;0,00;0,01
5,589;0,296;1,019;9,33E-5;93,30;101,93;0,00;0,01
5,590;0,297;1,020;9,33E-5;93,33;102,03;0,00;0,01
5,591;0,296;1,020;9,33E-5;93,31;101,98;0,00;0,01
5,592;0,296;1,019;9,33E-5;93,30;101,94;0,00;0,01
5,593;0,296;1,020;9,33E-5;93,32;102,00;0,00;0,01
5,594;0,296;1,019;9,33E-5;93,30;101,92;0,00;0,01
5,595;0,295;1,018;9,33E-5;93,27;101,81;0,00;0,01
5,596;0,295;1,018;9,33E-5;93,28;101,84;0,00;0,01
5,597;0,296;1,019;9,33E-5;93,30;101,91;0,00;0,01
5,598;0,295;1,018;9,33E-5;93,27;101,82;0,00;0,01
5,599;0,295;1,018;9,33E-5;93,28;101,81;0,00;0,01
5,600;0,295;1,018;9,33E-5;93,28;101,83;0,00;0,01
5,601;0,295;1,019;9,33E-5;93,28;101,86;0,00;0,01
5,602;0,295;1,018;9,33E-5;93,27;101,81;0,00;0,01
5,603;0,294;1,017;9,32E-5;93,23;101,71;0,00;0,01
5,604;0,296;1,019;9,33E-5;93,29;101,86;0,00;0,01
5,605;0,294;1,017;9,32E-5;93,24;101,72;0,00;0,01
5,606;0,295;1,018;9,33E-5;93,28;101,84;0,00;0,01
5,607;0,296;1,018;9,33E-5;93,30;101,84;0,00;0,01
5,608;0,295;1,018;9,33E-5;93,27;101,77;0,00;0,01
5,609;0,294;1,017;9,32E-5;93,24;101,70;0,00;0,01
5,610;0,295;1,018;9,33E-5;93,27;101,77;0,00;0,01
5,611;0,295;1,018;9,33E-5;93,27;101,80;0,00;0,01
5,612;0,295;1,018;9,33E-5;93,27;101,77;0,00;0,01
5,613;0,296;1,019;9,33E-5;93,30;101,90;0,00;0,01
5,614;0,296;1,019;9,33E-5;93,31;101,89;0,00;0,01
5,615;0,296;1,018;9,33E-5;93,30;101,85;0,00;0,01
5,616;0,296;1,019;9,33E-5;93,31;101,91;0,00;0,01
5,617;0,296;1,018;9,33E-5;93,29;101,81;0,00;0,01
5,618;0,295;1,018;9,33E-5;93,27;101,78;0,00;0,01
5,619;0,296;1,018;9,33E-5;93,29;101,82;0,00;0,01
5,620;0,295;1,018;9,33E-5;93,27;101,76;0,00;0,01
5,621;0,296;1,018;9,33E-5;93,29;101,80;0,00;0,01
5,622;0,296;1,018;9,33E-5;93,30;101,83;0,00;0,01
5,623;0,296;1,019;9,33E-5;93,30;101,86;0,00;0,01
5,624;0,296;1,018;9,33E-5;93,29;101,82;0,00;0,01
5,625;0,296;1,018;9,33E-5;93,29;101,82;0,00;0,01
5,626;0,294;1,017;9,32E-5;93,24;101,66;0,00;0,01
5,627;0,295;1,018;9,33E-5;93,26;101,77;0,00;0,01
5,628;0,295;1,018;9,33E-5;93,28;101,77;0,00;0,01
5,629;0,296;1,018;9,33E-5;93,29;101,84;0,00;0,01
5,630;0,295;1,017;9,33E-5;93,27;101,75;0,00;0,01
5,631;0,296;1,019;9,33E-5;93,31;101,87;0,00;0,01
5,632;0,295;1,018;9,33E-5;93,29;101,76;0,00;0,01
5,633;0,297;1,019;9,33E-5;93,33;101,94;0,00;0,01
5,634;0,296;1,019;9,33E-5;93,32;101,88;0,00;0,01
5,635;0,296;1,018;9,33E-5;93,30;101,84;0,00;0,01
5,636;0,295;1,017;9,33E-5;93,28;101,75;0,00;0,01
5,637;0,294;1,016;9,32E-5;93,25;101,65;0,00;0,01
5,638;0,297;1,019;9,33E-5;93,32;101,89;0,00;0,01
5,639;0,297;1,019;9,33E-5;93,32;101,89;0,00;0,01
5,640;0,296;1,018;9,33E-5;93,29;101,80;0,00;0,01
5,641;0,296;1,018;9,33E-5;93,29;101,82;0,00;0,01
5,642;0,295;1,017;9,33E-5;93,28;101,74;0,00;0,01
5,643;0,296;1,018;9,33E-5;93,29;101,79;0,00;0,01
5,644;0,296;1,018;9,33E-5;93,31;101,83;0,00;0,01
5,645;0,295;1,017;9,33E-5;93,28;101,74;0,00;0,01
5,646;0,295;1,017;9,33E-5;93,28;101,75;0,00;0,01
5,647;0,296;1,018;9,33E-5;93,30;101,80;0,00;0,01
5,648;0,296;1,018;9,33E-5;93,30;101,78;0,00;0,01
5,649;0,296;1,018;9,33E-5;93,29;101,76;0,00;0,01
5,650;0,295;1,017;9,33E-5;93,28;101,75;0,00;0,01
5,651;0,296;1,018;9,33E-5;93,30;101,81;0,00;0,01
5,652;0,297;1,018;9,33E-5;93,32;101,84;0,00;0,01
5,653;0,297;1,018;9,33E-5;93,32;101,80;0,00;0,01
5,654;0,295;1,017;9,33E-5;93,28;101,74;0,00;0,01
5,655;0,296;1,017;9,33E-5;93,29;101,75;0,00;0,01
5,656;0,295;1,017;9,33E-5;93,26;101,68;0,00;0,01
5,657;0,295;1,017;9,33E-5;93,27;101,70;0,00;0,01
5,658;0,296;1,018;9,33E-5;93,30;101,79;0,00;0,01
5,659;0,295;1,017;9,33E-5;93,26;101,66;0,00;0,01
5,660;0,295;1,017;9,33E-5;93,27;101,67;0,00;0,01
5,661;0,296;1,018;9,33E-5;93,29;101,75;0,00;0,01
5,662;0,295;1,017;9,33E-5;93,27;101,70;0,00;0,01
5,663;0,295;1,016;9,33E-5;93,26;101,63;0,00;0,01
5,664;0,295;1,017;9,33E-5;93,28;101,70;0,00;0,01
5,665;0,296;1,018;9,33E-5;93,31;101,84;0,00;0,01
5,666;0,296;1,018;9,33E-5;93,29;101,75;0,00;0,01
5,667;0,296;1,018;9,33E-5;93,31;101,81;0,00;0,01
5,668;0,296;1,018;9,33E-5;93,29;101,75;0,00;0,01
5,669;0,295;1,017;9,33E-5;93,27;101,66;0,00;0,01
5,670;0,295;1,016;9,33E-5;93,26;101,63;0,00;0,01
5,671;0,297;1,018;9,33E-5;93,32;101,82;0,00;0,01
5,672;0,296;1,018;9,33E-5;93,31;101,79;0,00;0,01
5,673;0,296;1,017;9,33E-5;93,29;101,74;0,00;0,01
5,674;0,297;1,018;9,33E-5;93,32;101,84;0,00;0,01
5,675;0,297;1,019;9,33E-5;93,32;101,87;0,00;0,01
5,676;0,295;1,017;9,33E-5;93,28;101,71;0,00;0,01
5,677;0,295;1,016;9,33E-5;93,26;101,59;0,00;0,01
5,678;0,296;1,018;9,33E-5;93,31;101,80;0,00;0,01
5,679;0,296;1,018;9,33E-5;93,31;101,77;0,00;0,01
5,680;0,296;1,018;9,33E-5;93,31;101,81;0,00;0,01
5,681;0,297;1,018;9,33E-5;93,33;101,82;0,00;0,01
5,682;0,296;1,018;9,33E-5;93,30;101,75;0,00;0,01
5,683;0,295;1,017;9,33E-5;93,28;101,72;0,00;0,01
5,684;0,295;1,017;9,33E-5;93,27;101,70;0,00;0,01
5,685;0,296;1,018;9,33E-5;93,31;101,79;0,00;0,01
5,686;0,296;1,017;9,33E-5;93,31;101,75;0,00;0,01
5,687;0,296;1,018;9,33E-5;93,31;101,81;0,00;0,01
5,688;0,295;1,017;9,33E-5;93,28;101,70;0,00;0,01
5,689;0,294;1,016;9,32E-5;93,25;101,58;0,00;0,01
5,690;0,295;1,017;9,33E-5;93,27;101,66;0,00;0,01
5,691;0,295;1,016;9,33E-5;93,26;101,56;0,00;0,01
5,692;0,295;1,017;9,33E-5;93,28;101,68;0,00;0,01
5,693;0,295;1,016;9,33E-5;93,27;101,63;0,00;0,01
5,694;0,295;1,016;9,33E-5;93,27;101,62;0,00;0,01
5,695;0,294;1,016;9,32E-5;93,25;101,56;0,00;0,01
5,696;0,293;1,015;9,32E-5;93,21;101,46;0,00;0,01
5,697;0,295;1,016;9,33E-5;93,26;101,59;0,00;0,01
5,698;0,295;1,016;9,33E-5;93,27;101,64;0,00;0,01
5,699;0,296;1,017;9,33E-5;93,30;101,72;0,00;0,01
5,700;0,296;1,017;9,33E-5;93,31;101,74;0,00;0,01
5,701;0,296;1,017;9,33E-5;93,31;101,72;0,00;0,01
5,702;0,295;1,016;9,33E-5;93,28;101,63;0,00;0,01
5,703;0,296;1,017;9,33E-5;93,31;101,70;0,00;0,01
5,704;0,295;1,016;9,33E-5;93,26;101,56;0,00;0,01
5,705;0,296;1,017;9,33E-5;93,30;101,70;0,00;0,01
5,706;0,296;1,017;9,33E-5;93,31;101,69;0,00;0,01
5,707;0,295;1,016;9,33E-5;93,29;101,61;0,00;0,01
5,708;0,296;1,017;9,33E-5;93,30;101,69;0,00;0,01
5,709;0,297;1,018;9,33E-5;93,33;101,78;0,00;0,01
5,710;0,297;1,018;9,33E-5;93,33;101,78;0,00;0,01
5,711;0,295;1,017;9,33E-5;93,28;101,65;0,00;0,01
5,712;0,296;1,017;9,33E-5;93,32;101,75;0,00;0,01
5,713;0,297;1,018;9,33E-5;93,35;101,83;0,00;0,01
5,714;0,296;1,017;9,33E-5;93,32;101,69;0,00;0,01
5,715;0,296;1,016;9,33E-5;93,30;101,64;0,00;0,01
5,716;0,295;1,015;9,33E-5;93,26;101,55;0,00;0,01
5,717;0,294;1,015;9,32E-5;93,23;101,47;0,00;0,01
5,718;0,294;1,015;9,32E-5;93,25;101,50;0,00;0,01
5,719;0,295;1,016;9,33E-5;93,26;101,58;0,00;0,01
5,720;0,296;1,017;9,33E-5;93,29;101,66;0,00;0,01
5,721;0,296;1,017;9,33E-5;93,30;101,68;0,00;0,01
5,722;0,295;1,016;9,33E-5;93,28;101,58;0,00;0,01
5,723;0,295;1,016;9,33E-5;93,28;101,62;0,00;0,01
5,724;0,296;1,017;9,33E-5;93,30;101,69;0,00;0,01
5,725;0,294;1,015;9,33E-5;93,25;101,54;0,00;0,01
5,726;0,296;1,016;9,33E-5;93,29;101,64;0,00;0,01
5,727;0,296;1,016;9,33E-5;93,29;101,63;0,00;0,01
5,728;0,295;1,016;9,33E-5;93,27;101,55;0,00;0,01
5,729;0,296;1,017;9,33E-5;93,30;101,66;0,00;0,01
5,730;0,295;1,016;9,33E-5;93,28;101,58;0,00;0,01
5,731;0,295;1,016;9,33E-5;93,27;101,57;0,00;0,01
5,732;0,296;1,016;9,33E-5;93,30;101,64;0,00;0,01
5,733;0,296;1,017;9,33E-5;93,31;101,67;0,00;0,01
5,734;0,295;1,016;9,33E-5;93,27;101,59;0,00;0,01
5,735;0,297;1,017;9,33E-5;93,33;101,71;0,00;0,01
5,736;0,296;1,016;9,33E-5;93,29;101,60;0,00;0,01
5,737;0,296;1,016;9,33E-5;93,29;101,60;0,00;0,01
5,738;0,296;1,017;9,33E-5;93,31;101,66;0,00;0,01
5,739;0,296;1,017;9,33E-5;93,31;101,66;0,00;0,01
5,740;0,296;1,017;9,33E-5;93,31;101,66;0,00;0,01
5,741;0,296;1,016;9,33E-5;93,31;101,63;0,00;0,01
5,742;0,295;1,016;9,33E-5;93,28;101,57;0,00;0,01
5,743;0,296;1,016;9,33E-5;93,31;101,62;0,00;0,01
5,744;0,296;1,016;9,33E-5;93,32;101,64;0,00;0,01
5,745;0,295;1,015;9,33E-5;93,27;101,52;0,00;0,01
5,746;0,296;1,016;9,33E-5;93,29;101,56;0,00;0,01
5,747;0,295;1,015;9,33E-5;93,28;101,53;0,00;0,01
5,748;0,296;1,016;9,33E-5;93,30;101,58;0,00;0,01
5,749;0,296;1,016;9,33E-5;93,30;101,58;0,00;0,01
5,750;0,295;1,015;9,33E-5;93,27;101,53;0,00;0,01
5,751;0,295;1,015;9,33E-5;93,28;101,53;0,00;0,01
5,752;0,296;1,016;9,33E-5;93,29;101,57;0,00;0,01
5,753;0,295;1,015;9,33E-5;93,26;101,49;0,00;0,01
5,754;0,296;1,016;9,33E-5;93,29;101,56;0,00;0,01
5,755;0,296;1,016;9,33E-5;93,30;101,59;0,00;0,01
5,756;0,296;1,016;9,33E-5;93,30;101,61;0,00;0,01
5,757;0,296;1,016;9,33E-5;93,30;101,62;0,00;0,01
5,758;0,294;1,015;9,33E-5;93,25;101,46;0,00;0,01
5,759;0,295;1,015;9,33E-5;93,27;101,51;0,00;0,01
5,760;0,296;1,016;9,33E-5;93,31;101,61;0,00;0,01
5,761;0,296;1,016;9,33E-5;93,31;101,57;0,00;0,01
5,762;0,296;1,016;9,33E-5;93,32;101,61;0,00;0,01
5,763;0,296;1,016;9,33E-5;93,30;101,60;0,00;0,01
5,764;0,295;1,015;9,33E-5;93,28;101,52;0,00;0,01
5,765;0,295;1,014;9,33E-5;93,25;101,42;0,00;0,01
5,766;0,294;1,014;9,33E-5;93,25;101,41;0,00;0,01
5,767;0,295;1,015;9,33E-5;93,26;101,46;0,00;0,01
5,768;0,295;1,014;9,33E-5;93,26;101,44;0,00;0,01
5,769;0,295;1,015;9,33E-5;93,28;101,51;0,00;0,01
5,770;0,295;1,015;9,33E-5;93,27;101,47;0,00;0,01
5,771;0,295;1,014;9,33E-5;93,25;101,42;0,00;0,01
5,772;0,294;1,014;9,33E-5;93,25;101,41;0,00;0,01
5,773;0,295;1,015;9,33E-5;93,27;101,48;0,00;0,01
5,774;0,296;1,016;9,33E-5;93,30;101,60;0,00;0,01
5,775;0,295;1,014;9,33E-5;93,26;101,41;0,00;0,01
5,776;0,296;1,015;9,33E-5;93,29;101,53;0,00;0,01
5,777;0,295;1,015;9,33E-5;93,28;101,49;0,00;0,01
5,778;0,296;1,016;9,33E-5;93,30;101,56;0,00;0,01
5,779;0,295;1,015;9,33E-5;93,28;101,48;0,00;0,01
5,780;0,295;1,015;9,33E-5;93,26;101,50;0,00;0,01
5,781;0,295;1,015;9,33E-5;93,28;101,47;0,00;0,01
5,782;0,295;1,015;9,33E-5;93,27;101,45;0,00;0,01
5,783;0,296;1,015;9,33E-5;93,29;101,52;0,00;0,01
5,784;0,297;1,016;9,33E-5;93,32;101,61;0,00;0,01
5,785;0,297;1,016;9,33E-5;93,33;101,64;0,00;0,01
5,786;0,296;1,015;9,33E-5;93,30;101,53;0,00;0,01
5,787;0,296;1,015;9,33E-5;93,29;101,48;0,00;0,01
5,788;0,295;1,014;9,33E-5;93,26;101,42;0,00;0,01
5,789;0,296;1,015;9,33E-5;93,29;101,50;0,00;0,01
5,790;0,296;1,015;9,33E-5;93,30;101,55;0,00;0,01
5,791;0,296;1,016;9,33E-5;93,30;101,56;0,00;0,01
5,792;0,295;1,015;9,33E-5;93,28;101,49;0,00;0,01
5,793;0,294;1,014;9,32E-5;93,24;101,37;0,00;0,01
5,794;0,294;1,014;9,33E-5;93,25;101,37;0,00;0,01
5,795;0,295;1,014;9,33E-5;93,27;101,44;0,00;0,01
5,796;0,295;1,015;9,33E-5;93,28;101,51;0,00;0,01
5,797;0,295;1,015;9,33E-5;93,28;101,48;0,00;0,01
5,798;0,295;1,014;9,33E-5;93,26;101,44;0,00;0,01
5,799;0,295;1,014;9,33E-5;93,25;101,42;0,00;0,01
5,800;0,295;1,014;9,33E-5;93,27;101,42;0,00;0,01
5,801;0,295;1,014;9,33E-5;93,29;101,41;0,00;0,01
5,802;0,295;1,015;9,33E-5;93,28;101,46;0,00;0,01
5,803;0,295;1,014;9,33E-5;93,25;101,38;0,00;0,01
5,804;0,294;1,013;9,32E-5;93,25;101,31;0,00;0,01
5,805;0,294;1,013;9,32E-5;93,24;101,28;0,00;0,01
5,806;0,297;1,015;9,33E-5;93,32;101,54;0,00;0,01
5,807;0,296;1,016;9,33E-5;93,32;101,56;0,00;0,01
5,808;0,296;1,016;9,33E-5;93,32;101,56;0,00;0,01
5,809;0,297;1,016;9,33E-5;93,34;101,64;0,00;0,01
5,810;0,297;1,016;9,33E-5;93,32;101,61;0,00;0,01
5,811;0,296;1,016;9,33E-5;93,31;101,55;0,00;0,01
5,812;0,296;1,015;9,33E-5;93,30;101,49;0,00;0,01
5,813;0,296;1,015;9,33E-5;93,30;101,49;0,00;0,01
5,814;0,294;1,014;9,32E-5;93,25;101,37;0,00;0,01
5,815;0,296;1,014;9,33E-5;93,29;101,45;0,00;0,01
5,816;0,296;1,015;9,33E-5;93,31;101,54;0,00;0,01
5,817;0,295;1,014;9,33E-5;93,28;101,40;0,00;0,01
5,818;0,296;1,014;9,33E-5;93,29;101,45;0,00;0,01
5,819;0,297;1,015;9,33E-5;93,32;101,54;0,00;0,01
5,820;0,296;1,015;9,33E-5;93,30;101,48;0,00;0,01
5,821;0,296;1,015;9,33E-5;93,30;101,51;0,00;0,01
5,822;0,296;1,015;9,33E-5;93,30;101,52;0,00;0,01
5,823;0,295;1,014;9,33E-5;93,26;101,36;0,00;0,01
5,824;0,294;1,013;9,32E-5;93,23;101,28;0,00;0,01
5,825;0,295;1,014;9,33E-5;93,28;101,43;0,00;0,01
5,826;0,295;1,015;9,33E-5;93,28;101,45;0,00;0,01
5,827;0,295;1,015;9,33E-5;93,27;101,46;0,00;0,01
5,828;0,294;1,014;9,32E-5;93,25;101,37;0,00;0,01
5,829;0,295;1,014;9,33E-5;93,26;101,39;0,00;0,01
5,830;0,296;1,015;9,33E-5;93,30;101,45;0,00;0,01
5,831;0,296;1,015;9,33E-5;93,31;101,52;0,00;0,01
5,832;0,296;1,015;9,33E-5;93,30;101,52;0,00;0,01
5,833;0,295;1,014;9,33E-5;93,28;101,39;0,00;0,01
5,834;0,294;1,013;9,32E-5;93,25;101,30;0,00;0,01
5,835;0,295;1,014;9,33E-5;93,28;101,40;0,00;0,01
5,836;0,296;1,015;9,33E-5;93,31;101,47;0,00;0,01
5,837;0,295;1,014;9,33E-5;93,27;101,38;0,00;0,01
5,838;0,295;1,013;9,33E-5;93,25;101,34;0,00;0,01
5,839;0,295;1,013;9,33E-5;93,28;101,34;0,00;0,01
5,840;0,294;1,013;9,32E-5;93,24;101,31;0,00;0,01
5,841;0,296;1,014;9,33E-5;93,29;101,44;0,00;0,01
5,842;0,296;1,015;9,33E-5;93,31;101,49;0,00;0,01
5,843;0,297;1,015;9,33E-5;93,32;101,54;0,00;0,01
5,844;0,296;1,015;9,33E-5;93,32;101,50;0,00;0,01
5,845;0,296;1,014;9,33E-5;93,30;101,45;0,00;0,01
5,846;0,295;1,014;9,33E-5;93,28;101,38;0,00;0,01
5,847;0,294;1,013;9,32E-5;93,25;101,29;0,00;0,01
5,848;0,295;1,014;9,33E-5;93,28;101,39;0,00;0,01
5,849;0,295;1,014;9,33E-5;93,28;101,40;0,00;0,01
5,850;0,297;1,015;9,33E-5;93,33;101,53;0,00;0,01
5,851;0,296;1,014;9,33E-5;93,29;101,45;0,00;0,01
5,852;0,296;1,014;9,33E-5;93,30;101,41;0,00;0,01
5,853;0,296;1,015;9,33E-5;93,31;101,48;0,00;0,01
5,854;0,295;1,013;9,33E-5;93,28;101,35;0,00;0,01
5,855;0,295;1,014;9,33E-5;93,27;101,40;0,00;0,01
5,856;0,296;1,014;9,33E-5;93,29;101,41;0,00;0,01
5,857;0,295;1,014;9,33E-5;93,26;101,35;0,00;0,01
5,858;0,296;1,014;9,33E-5;93,30;101,41;0,00;0,01
5,859;0,295;1,013;9,33E-5;93,27;101,34;0,00;0,01
5,860;0,295;1,013;9,33E-5;93,26;101,33;0,00;0,01
5,861;0,296;1,014;9,33E-5;93,30;101,42;0,00;0,01
5,862;0,296;1,014;9,33E-5;93,32;101,44;0,00;0,01
5,863;0,296;1,014;9,33E-5;93,30;101,44;0,00;0,01
5,864;0,295;1,013;9,33E-5;93,27;101,34;0,00;0,01
5,865;0,296;1,014;9,33E-5;93,29;101,43;0,00;0,01
5,866;0,297;1,015;9,33E-5;93,33;101,52;0,00;0,01
5,867;0,296;1,014;9,33E-5;93,31;101,43;0,00;0,01
5,868;0,296;1,014;9,33E-5;93,31;101,42;0,00;0,01
5,869;0,297;1,015;9,33E-5;93,32;101,48;0,00;0,01
5,870;0,295;1,013;9,33E-5;93,27;101,33;0,00;0,01
5,871;0,295;1,013;9,33E-5;93,27;101,31;0,00;0,01
5,872;0,295;1,013;9,33E-5;93,27;101,31;0,00;0,01
5,873;0,296;1,014;9,33E-5;93,30;101,38;0,00;0,01
5,874;0,295;1,013;9,33E-5;93,27;101,35;0,00;0,01
5,875;0,295;1,013;9,33E-5;93,27;101,32;0,00;0,01
5,876;0,295;1,013;9,33E-5;93,26;101,27;0,00;0,01
5,877;0,295;1,013;9,33E-5;93,26;101,26;0,00;0,01
5,878;0,295;1,013;9,33E-5;93,26;101,27;0,00;0,01
5,879;0,297;1,014;9,33E-5;93,32;101,44;0,00;0,01
5,880;0,296;1,014;9,33E-5;93,31;101,43;0,00;0,01
5,881;0,296;1,014;9,33E-5;93,30;101,37;0,00;0,01
5,882;0,297;1,015;9,33E-5;93,33;101,52;0,00;0,01
5,883;0,297;1,015;9,33E-5;93,32;101,48;0,00;0,01
5,884;0,295;1,014;9,33E-5;93,28;101,39;0,00;0,01
5,885;0,296;1,014;9,33E-5;93,30;101,41;0,00;0,01
5,886;0,295;1,013;9,33E-5;93,28;101,29;0,00;0,01
5,887;0,295;1,013;9,33E-5;93,27;101,28;0,00;0,01
5,888;0,294;1,012;9,32E-5;93,25;101,19;0,00;0,01
5,889;0,295;1,013;9,33E-5;93,28;101,31;0,00;0,01
5,890;0,296;1,013;9,33E-5;93,29;101,30;0,00;0,01
5,891;0,295;1,013;9,33E-5;93,27;101,27;0,00;0,01
5,892;0,295;1,013;9,33E-5;93,27;101,29;0,00;0,01
5,893;0,295;1,013;9,33E-5;93,27;101,27;0,00;0,01
5,894;0,296;1,014;9,33E-5;93,30;101,35;0,00;0,01
5,895;0,296;1,014;9,33E-5;93,31;101,36;0,00;0,01
5,896;0,295;1,013;9,33E-5;93,28;101,32;0,00;0,01
5,897;0,296;1,014;9,33E-5;93,32;101,42;0,00;0,01
5,898;0,296;1,014;9,33E-5;93,31;101,41;0,00;0,01
5,899;0,296;1,013;9,33E-5;93,29;101,34;0,00;0,01
5,900;0,295;1,013;9,33E-5;93,28;101,29;0,00;0,01
5,901;0,296;1,013;9,33E-5;93,29;101,29;0,00;0,01
5,902;0,295;1,013;9,33E-5;93,27;101,30;0,00;0,01
5,903;0,296;1,014;9,33E-5;93,30;101,36;0,00;0,01
5,904;0,295;1,013;9,33E-5;93,27;101,26;0,00;0,01
5,905;0,296;1,013;9,33E-5;93,29;101,30;0,00;0,01
5,906;0,296;1,014;9,33E-5;93,31;101,36;0,00;0,01
5,907;0,295;1,012;9,33E-5;93,28;101,23;0,00;0,01
5,908;0,295;1,012;9,33E-5;93,27;101,24;0,00;0,01
5,909;0,295;1,013;9,33E-5;93,27;101,25;0,00;0,01
5,910;0,296;1,014;9,33E-5;93,31;101,35;0,00;0,01
5,911;0,297;1,014;9,33E-5;93,32;101,42;0,00;0,01
5,912;0,296;1,013;9,33E-5;93,29;101,35;0,00;0,01
5,913;0,296;1,013;9,33E-5;93,30;101,30;0,00;0,01
5,914;0,296;1,013;9,33E-5;93,31;101,34;0,00;0,01
5,915;0,296;1,013;9,33E-5;93,29;101,29;0,00;0,01
5,916;0,294;1,012;9,32E-5;93,25;101,18;0,00;0,01
5,917;0,296;1,013;9,33E-5;93,30;101,31;0,00;0,01
5,918;0,295;1,012;9,33E-5;93,28;101,25;0,00;0,01
5,919;0,296;1,013;9,33E-5;93,29;101,30;0,00;0,01
5,920;0,295;1,013;9,33E-5;93,28;101,28;0,00;0,01
5,921;0,296;1,013;9,33E-5;93,29;101,30;0,00;0,01
5,922;0,295;1,013;9,33E-5;93,28;101,26;0,00;0,01
5,923;0,296;1,013;9,33E-5;93,31;101,34;0,00;0,01
5,924;0,295;1,013;9,33E-5;93,28;101,26;0,00;0,01
5,925;0,296;1,013;9,33E-5;93,30;101,32;0,00;0,01
5,926;0,296;1,013;9,33E-5;93,29;101,27;0,00;0,01
5,927;0,295;1,012;9,33E-5;93,26;101,20;0,00;0,01
5,928;0,295;1,013;9,33E-5;93,28;101,25;0,00;0,01
5,929;0,295;1,013;9,33E-5;93,28;101,26;0,00;0,01
5,930;0,295;1,012;9,33E-5;93,28;101,22;0,00;0,01
5,931;0,296;1,013;9,33E-5;93,29;101,28;0,00;0,01
5,932;0,296;1,013;9,33E-5;93,29;101,30;0,00;0,01
5,933;0,295;1,013;9,33E-5;93,28;101,25;0,00;0,01
5,934;0,295;1,012;9,33E-5;93,28;101,25;0,00;0,01
5,935;0,295;1,012;9,33E-5;93,27;101,22;0,00;0,01
5,936;0,296;1,013;9,33E-5;93,30;101,28;0,00;0,01
5,937;0,296;1,013;9,33E-5;93,29;101,30;0,00;0,01
5,938;0,295;1,012;9,33E-5;93,27;101,19;0,00;0,01
5,939;0,296;1,013;9,33E-5;93,29;101,29;0,00;0,01
5,940;0,296;1,013;9,33E-5;93,29;101,27;0,00;0,01
5,941;0,295;1,013;9,33E-5;93,28;101,26;0,00;0,01
5,942;0,294;1,011;9,32E-5;93,24;101,14;0,00;0,01
5,943;0,295;1,012;9,33E-5;93,27;101,21;0,00;0,01
5,944;0,295;1,012;9,33E-5;93,28;101,25;0,00;0,01
5,945;0,295;1,012;9,33E-5;93,27;101,17;0,00;0,01
5,946;0,295;1,012;9,33E-5;93,28;101,24;0,00;0,01
5,947;0,297;1,014;9,33E-5;93,32;101,37;0,00;0,01
5,948;0,295;1,012;9,33E-5;93,27;101,20;0,00;0,01
5,949;0,295;1,012;9,33E-5;93,28;101,23;0,00;0,01
5,950;0,296;1,013;9,33E-5;93,30;101,34;0,00;0,01
5,951;0,297;1,014;9,33E-5;93,33;101,39;0,00;0,01
5,952;0,296;1,013;9,33E-5;93,30;101,30;0,00;0,01
5,953;0,296;1,013;9,33E-5;93,29;101,25;0,00;0,01
5,954;0,296;1,013;9,33E-5;93,30;101,28;0,00;0,01
5,955;0,295;1,012;9,33E-5;93,28;101,20;0,00;0,01
5,956;0,297;1,014;9,33E-5;93,33;101,38;0,00;0,01
5,957;0,297;1,013;9,33E-5;93,32;101,33;0,00;0,01
5,958;0,295;1,012;9,33E-5;93,27;101,20;0,00;0,01
5,959;0,296;1,013;9,33E-5;93,30;101,29;0,00;0,01
5,960;0,296;1,012;9,33E-5;93,29;101,21;0,00;0,01
5,961;0,295;1,013;9,33E-5;93,28;101,26;0,00;0,01
5,962;0,295;1,012;9,33E-5;93,28;101,23;0,00;0,01
5,963;0,296;1,012;9,33E-5;93,29;101,24;0,00;0,01
5,964;0,295;1,012;9,33E-5;93,27;101,15;0,00;0,01
5,965;0,296;1,012;9,33E-5;93,29;101,21;0,00;0,01
5,966;0,295;1,012;9,33E-5;93,28;101,21;0,00;0,01
5,967;0,295;1,011;9,33E-5;93,26;101,14;0,00;0,01
5,968;0,295;1,011;9,33E-5;93,26;101,12;0,00;0,01
5,969;0,296;1,013;9,33E-5;93,31;101,26;0,00;0,01
5,970;0,296;1,013;9,33E-5;93,32;101,33;0,00;0,01
5,971;0,294;1,011;9,33E-5;93,25;101,12;0,00;0,01
5,972;0,294;1,011;9,33E-5;93,25;101,12;0,00;0,01
5,973;0,297;1,014;9,33E-5;93,33;101,36;0,00;0,01
5,974;0,296;1,013;9,33E-5;93,29;101,25;0,00;0,01
5,975;0,295;1,012;9,33E-5;93,29;101,21;0,00;0,01
5,976;0,295;1,011;9,33E-5;93,26;101,11;0,00;0,01
5,977;0,295;1,012;9,33E-5;93,28;101,20;0,00;0,01
5,978;0,295;1,011;9,33E-5;93,27;101,14;0,00;0,01
5,979;0,296;1,013;9,33E-5;93,31;101,27;0,00;0,01
5,980;0,296;1,013;9,33E-5;93,30;101,26;0,00;0,01
5,981;0,295;1,012;9,33E-5;93,27;101,16;0,00;0,01
5,982;0,296;1,012;9,33E-5;93,29;101,18;0,00;0,01
5,983;0,297;1,014;9,33E-5;93,33;101,37;0,00;0,01
5,984;0,297;1,013;9,33E-5;93,32;101,34;0,00;0,01
5,985;0,297;1,013;9,33E-5;93,32;101,32;0,00;0,01
5,986;0,296;1,012;9,33E-5;93,30;101,18;0,00;0,01
5,987;0,296;1,012;9,33E-5;93,29;101,19;0,00;0,01
5,988;0,296;1,012;9,33E-5;93,29;101,19;0,00;0,01
5,989;0,296;1,012;9,33E-5;93,29;101,20;0,00;0,01
5,990;0,295;1,012;9,33E-5;93,28;101,22;0,00;0,01
5,991;0,296;1,012;9,33E-5;93,29;101,23;0,00;0,01
5,992;0,296;1,012;9,33E-5;93,29;101,18;0,00;0,01
5,993;0,296;1,012;9,33E-5;93,31;101,24;0,00;0,01
5,994;0,296;1,012;9,33E-5;93,29;101,20;0,00;0,01
5,995;0,296;1,013;9,33E-5;93,31;101,26;0,00;0,01
5,996;0,297;1,013;9,33E-5;93,33;101,32;0,00;0,01
5,997;0,295;1,011;9,33E-5;93,27;101,14;0,00;0,01
5,998;0,295;1,011;9,33E-5;93,27;101,14;0,00;0,01
5,999;0,295;1,011;9,33E-5;93,28;101,15;0,00;0,01
6,000;0,296;1,012;9,33E-5;93,29;101,17;0,00;0,01
6,001;0,296;1,012;9,33E-5;93,29;101,15;0,00;0,01
6,002;0,295;1,011;9,33E-5;93,28;101,13;0,00;0,01
6,003;0,295;1,011;9,33E-5;93,27;101,10;0,00;0,01
6,004;0,296;1,012;9,33E-5;93,30;101,20;0,00;0,01
6,005;0,295;1,011;9,33E-5;93,28;101,11;0,00;0,01
6,006;0,295;1,011;9,33E-5;93,27;101,13;0,00;0,01
6,007;0,296;1,012;9,33E-5;93,29;101,17;0,00;0,01
6,008;0,296;1,012;9,33E-5;93,30;101,16;0,00;0,01
6,009;0,295;1,012;9,33E-5;93,28;101,17;0,00;0,01
6,010;0,295;1,012;9,33E-5;93,28;101,15;0,00;0,01
6,011;0,296;1,012;9,33E-5;93,31;101,20;0,00;0,01
6,012;0,296;1,012;9,33E-5;93,32;101,22;0,00;0,01
6,013;0,296;1,012;9,33E-5;93,30;101,16;0,00;0,01
6,014;0,295;1,011;9,33E-5;93,28;101,08;0,00;0,01
6,015;0,296;1,012;9,33E-5;93,30;101,16;0,00;0,01
6,016;0,295;1,011;9,33E-5;93,25;101,05;0,00;0,01
6,017;0,295;1,011;9,33E-5;93,27;101,08;0,00;0,01
6,018;0,295;1,011;9,33E-5;93,28;101,14;0,00;0,01
6,019;0,295;1,011;9,33E-5;93,26;101,08;0,00;0,01
6,020;0,295;1,011;9,33E-5;93,28;101,11;0,00;0,01
6,021;0,295;1,012;9,33E-5;93,28;101,18;0,00;0,01
6,022;0,295;1,012;9,33E-5;93,28;101,16;0,00;0,01
6,023;0,296;1,012;9,33E-5;93,29;101,18;0,00;0,01
6,024;0,296;1,012;9,33E-5;93,30;101,21;0,00;0,01
6,025;0,295;1,011;9,33E-5;93,28;101,12;0,00;0,01
6,026;0,295;1,010;9,33E-5;93,26;101,04;0,00;0,01
6,027;0,295;1,011;9,33E-5;93,26;101,07;0,00;0,01
6,028;0,296;1,011;9,33E-5;93,29;101,12;0,00;0,01
6,029;0,296;1,012;9,33E-5;93,30;101,15;0,00;0,01
6,030;0,295;1,012;9,33E-5;93,28;101,16;0,00;0,01
6,031;0,297;1,013;9,33E-5;93,33;101,26;0,00;0,01
6,032;0,297;1,013;9,33E-5;93,34;101,34;0,00;0,01
6,033;0,295;1,011;9,33E-5;93,28;101,12;0,00;0,01
6,034;0,296;1,012;9,33E-5;93,29;101,17;0,00;0,01
6,035;0,296;1,011;9,33E-5;93,29;101,12;0,00;0,01
6,036;0,295;1,011;9,33E-5;93,27;101,07;0,00;0,01
6,037;0,294;1,010;9,32E-5;93,25;101,01;0,00;0,01
6,038;0,295;1,011;9,33E-5;93,27;101,09;0,00;0,01
6,039;0,294;1,010;9,33E-5;93,25;101,01;0,00;0,01
6,040;0,296;1,012;9,33E-5;93,30;101,17;0,00;0,01
6,041;0,295;1,011;9,33E-5;93,28;101,13;0,00;0,01
6,042;0,296;1,012;9,33E-5;93,31;101,21;0,00;0,01
6,043;0,296;1,012;9,33E-5;93,30;101,20;0,00;0,01
6,044;0,296;1,012;9,33E-5;93,32;101,23;0,00;0,01
6,045;0,296;1,012;9,33E-5;93,29;101,16;0,00;0,01
6,046;0,295;1,011;9,33E-5;93,27;101,06;0,00;0,01
6,047;0,296;1,011;9,33E-5;93,30;101,15;0,00;0,01
6,048;0,294;1,010;9,33E-5;93,25;100,98;0,00;0,01
6,049;0,295;1,010;9,33E-5;93,26;101,00;0,00;0,01
6,050;0,296;1,012;9,33E-5;93,32;101,18;0,00;0,01
6,051;0,295;1,010;9,33E-5;93,28;101,05;0,00;0,01
6,052;0,296;1,011;9,33E-5;93,29;101,10;0,00;0,01
6,053;0,295;1,010;9,33E-5;93,27;101,03;0,00;0,01
6,054;0,294;1,010;9,32E-5;93,24;101,00;0,00;0,01
6,055;0,294;1,010;9,33E-5;93,25;100,99;0,00;0,01
6,056;0,295;1,010;9,33E-5;93,28;101,05;0,00;0,01
6,057;0,296;1,012;9,33E-5;93,32;101,16;0,00;0,01
6,058;0,295;1,011;9,33E-5;93,27;101,08;0,00;0,01
6,059;0,294;1,009;9,32E-5;93,24;100,95;0,00;0,01
6,060;0,295;1,010;9,33E-5;93,27;100,99;0,00;0,01
6,061;0,295;1,011;9,33E-5;93,28;101,06;0,00;0,01
6,062;0,294;1,009;9,32E-5;93,24;100,93;0,00;0,01
6,063;0,295;1,010;9,33E-5;93,28;101,05;0,00;0,01
6,064;0,296;1,012;9,33E-5;93,30;101,17;0,00;0,01
6,065;0,296;1,011;9,33E-5;93,31;101,13;0,00;0,01
6,066;0,297;1,012;9,33E-5;93,33;101,24;0,00;0,01
6,067;0,295;1,012;9,33E-5;93,28;101,15;0,00;0,01
6,068;0,296;1,012;9,33E-5;93,30;101,15;0,00;0,01
6,069;0,297;1,012;9,33E-5;93,32;101,17;0,00;0,01
6,070;0,296;1,011;9,33E-5;93,29;101,10;0,00;0,01
6,071;0,296;1,011;9,33E-5;93,30;101,11;0,00;0,01
6,072;0,295;1,011;9,33E-5;93,28;101,05;0,00;0,01
6,073;0,296;1,011;9,33E-5;93,30;101,11;0,00;0,01
6,074;0,296;1,011;9,33E-5;93,30;101,12;0,00;0,01
6,075;0,296;1,011;9,33E-5;93,29;101,06;0,00;0,01
6,076;0,295;1,010;9,33E-5;93,26;101,02;0,00;0,01
6,077;0,295;1,010;9,33E-5;93,25;100,98;0,00;0,01
6,078;0,295;1,010;9,33E-5;93,27;101,05;0,00;0,01
6,079;0,295;1,011;9,33E-5;93,28;101,05;0,00;0,01
6,080;0,296;1,011;9,33E-5;93,29;101,07;0,00;0,01
6,081;0,295;1,010;9,33E-5;93,28;101,03;0,00;0,01
6,082;0,295;1,010;9,33E-5;93,28;101,03;0,00;0,01
6,083;0,294;1,009;9,32E-5;93,24;100,91;0,00;0,01
6,084;0,296;1,011;9,33E-5;93,31;101,08;0,00;0,01
6,085;0,297;1,012;9,33E-5;93,33;101,18;0,00;0,01
6,086;0,296;1,011;9,33E-5;93,30;101,08;0,00;0,01
6,087;0,295;1,010;9,33E-5;93,28;101,03;0,00;0,01
6,088;0,295;1,010;9,33E-5;93,28;101,02;0,00;0,01
6,089;0,296;1,011;9,33E-5;93,29;101,06;0,00;0,01
6,090;0,295;1,010;9,33E-5;93,27;101,00;0,00;0,01
6,091;0,295;1,011;9,33E-5;93,28;101,06;0,00;0,01
6,092;0,296;1,011;9,33E-5;93,31;101,13;0,00;0,01
6,093;0,296;1,011;9,33E-5;93,29;101,12;0,00;0,01
6,094;0,296;1,012;9,33E-5;93,31;101,15;0,00;0,01
6,095;0,296;1,011;9,33E-5;93,31;101,13;0,00;0,01
6,096;0,296;1,011;9,33E-5;93,30;101,12;0,00;0,01
6,097;0,296;1,011;9,33E-5;93,30;101,13;0,00;0,01
6,098;0,295;1,010;9,33E-5;93,27;101,04;0,00;0,01
6,099;0,295;1,010;9,33E-5;93,26;101,00;0,00;0,01
6,100;0,296;1,011;9,33E-5;93,30;101,07;0,00;0,01
6,101;0,295;1,010;9,33E-5;93,27;101,00;0,00;0,01
6,102;0,294;1,009;9,32E-5;93,25;100,94;0,00;0,01
6,103;0,296;1,011;9,33E-5;93,30;101,09;0,00;0,01
6,104;0,295;1,010;9,33E-5;93,27;101,00;0,00;0,01
6,105;0,296;1,010;9,33E-5;93,29;101,02;0,00;0,01
6,106;0,296;1,010;9,33E-5;93,29;101,03;0,00;0,01
6,107;0,296;1,011;9,33E-5;93,30;101,08;0,00;0,01
6,108;0,297;1,012;9,33E-5;93,33;101,17;0,00;0,01
6,109;0,296;1,011;9,33E-5;93,31;101,13;0,00;0,01
6,110;0,297;1,012;9,33E-5;93,34;101,18;0,00;0,01
6,111;0,296;1,011;9,33E-5;93,32;101,09;0,00;0,01
6,112;0,296;1,011;9,33E-5;93,29;101,06;0,00;0,01
6,113;0,296;1,010;9,33E-5;93,29;101,05;0,00;0,01
6,114;0,296;1,010;9,33E-5;93,29;101,02;0,00;0,01
6,115;0,296;1,011;9,33E-5;93,31;101,10;0,00;0,01
6,116;0,296;1,011;9,33E-5;93,29;101,06;0,00;0,01
6,117;0,296;1,010;9,33E-5;93,29;101,03;0,00;0,01
6,118;0,296;1,010;9,33E-5;93,29;101,01;0,00;0,01
6,119;0,297;1,011;9,33E-5;93,33;101,14;0,00;0,01
6,120;0,296;1,011;9,33E-5;93,31;101,11;0,00;0,01
6,121;0,296;1,011;9,33E-5;93,30;101,06;0,00;0,01
6,122;0,296;1,011;9,33E-5;93,30;101,06;0,00;0,01
6,123;0,297;1,012;9,33E-5;93,35;101,19;0,00;0,01
6,124;0,296;1,010;9,33E-5;93,30;101,04;0,00;0,01
6,125;0,296;1,010;9,33E-5;93,29;101,05;0,00;0,01
6,126;0,295;1,010;9,33E-5;93,27;100,96;0,00;0,01
6,127;0,295;1,009;9,33E-5;93,26;100,93;0,00;0,01
6,128;0,295;1,009;9,33E-5;93,26;100,95;0,00;0,01
6,129;0,294;1,009;9,32E-5;93,25;100,86;0,00;0,01
6,130;0,296;1,010;9,33E-5;93,29;100,98;0,00;0,01
6,131;0,295;1,009;9,33E-5;93,27;100,95;0,00;0,01
6,132;0,295;1,009;9,33E-5;93,27;100,95;0,00;0,01
6,133;0,296;1,010;9,33E-5;93,30;101,02;0,00;0,01
6,134;0,296;1,010;9,33E-5;93,29;101,01;0,00;0,01
6,135;0,296;1,010;9,33E-5;93,29;100,99;0,00;0,01
6,136;0,296;1,011;9,33E-5;93,31;101,10;0,00;0,01
6,137;0,296;1,010;9,33E-5;93,29;101,00;0,00;0,01
6,138;0,296;1,011;9,33E-5;93,31;101,06;0,00;0,01
6,139;0,296;1,010;9,33E-5;93,30;101,03;0,00;0,01
6,140;0,296;1,010;9,33E-5;93,31;101,02;0,00;0,01
6,141;0,296;1,010;9,33E-5;93,31;101,04;0,00;0,01
6,142;0,296;1,010;9,33E-5;93,29;100,97;0,00;0,01
6,143;0,296;1,010;9,33E-5;93,29;100,98;0,00;0,01
6,144;0,296;1,010;9,33E-5;93,29;101,00;0,00;0,01
6,145;0,295;1,009;9,33E-5;93,28;100,95;0,00;0,01
6,146;0,295;1,010;9,33E-5;93,28;100,96;0,00;0,01
6,147;0,296;1,011;9,33E-5;93,31;101,06;0,00;0,01
6,148;0,297;1,011;9,33E-5;93,33;101,09;0,00;0,01
6,149;0,296;1,010;9,33E-5;93,29;100,96;0,00;0,01
6,150;0,295;1,009;9,33E-5;93,26;100,86;0,00;0,01
6,151;0,295;1,009;9,33E-5;93,26;100,92;0,00;0,01
6,152;0,295;1,009;9,33E-5;93,27;100,93;0,00;0,01
6,153;0,296;1,010;9,33E-5;93,31;101,01;0,00;0,01
6,154;0,295;1,009;9,33E-5;93,27;100,90;0,00;0,01
6,155;0,296;1,010;9,33E-5;93,31;101,03;0,00;0,01
6,156;0,295;1,009;9,33E-5;93,29;100,95;0,00;0,01
6,157;0,296;1,010;9,33E-5;93,29;100,99;0,00;0,01
6,158;0,296;1,010;9,33E-5;93,29;101,00;0,00;0,01
6,159;0,296;1,010;9,33E-5;93,31;101,04;0,00;0,01
6,160;0,295;1,009;9,33E-5;93,28;100,92;0,00;0,01
6,161;0,296;1,010;9,33E-5;93,29;100,97;0,00;0,01
6,162;0,295;1,009;9,33E-5;93,27;100,90;0,00;0,01
6,163;0,295;1,009;9,33E-5;93,28;100,95;0,00;0,01
6,164;0,295;1,010;9,33E-5;93,28;100,96;0,00;0,01
6,165;0,294;1,008;9,32E-5;93,25;100,81;0,00;0,01
6,166;0,296;1,010;9,33E-5;93,31;101,03;0,00;0,01
6,167;0,295;1,010;9,33E-5;93,28;100,96;0,00;0,01
6,168;0,295;1,009;9,33E-5;93,28;100,91;0,00;0,01
6,169;0,296;1,010;9,33E-5;93,30;100,98;0,00;0,01
6,170;0,296;1,010;9,33E-5;93,30;100,98;0,00;0,01
6,171;0,296;1,010;9,33E-5;93,31;101,00;0,00;0,01
6,172;0,296;1,010;9,33E-5;93,31;101,02;0,00;0,01
6,173;0,296;1,010;9,33E-5;93,29;100,95;0,00;0,01
6,174;0,295;1,009;9,33E-5;93,27;100,89;0,00;0,01
6,175;0,295;1,009;9,33E-5;93,27;100,90;0,00;0,01
6,176;0,294;1,008;9,32E-5;93,24;100,82;0,00;0,01
6,177;0,294;1,008;9,32E-5;93,24;100,82;0,00;0,01
6,178;0,296;1,010;9,33E-5;93,29;100,95;0,00;0,01
6,179;0,294;1,008;9,32E-5;93,25;100,76;0,00;0,01
6,180;0,294;1,007;9,32E-5;93,23;100,72;0,00;0,00
6,181;0,296;1,010;9,33E-5;93,29;100,99;0,00;0,01
6,182;0,296;1,009;9,33E-5;93,29;100,94;0,00;0,01
6,183;0,295;1,009;9,33E-5;93,26;100,87;0,00;0,01
6,184;0,296;1,010;9,33E-5;93,31;101,01;0,00;0,01
6,185;0,296;1,010;9,33E-5;93,30;101,01;0,00;0,01
6,186;0,296;1,010;9,33E-5;93,30;100,97;0,00;0,01
6,187;0,295;1,009;9,33E-5;93,28;100,95;0,00;0,01
6,188;0,296;1,010;9,33E-5;93,30;100,96;0,00;0,01
6,189;0,295;1,009;9,33E-5;93,28;100,94;0,00;0,01
6,190;0,295;1,009;9,33E-5;93,27;100,92;0,00;0,01
6,191;0,297;1,010;9,33E-5;93,32;101,03;0,00;0,01
6,192;0,295;1,009;9,33E-5;93,28;100,91;0,00;0,01
6,193;0,295;1,009;9,33E-5;93,28;100,88;0,00;0,01
6,194;0,295;1,009;9,33E-5;93,26;100,87;0,00;0,01
6,195;0,296;1,010;9,33E-5;93,30;100,98;0,00;0,01
6,196;0,296;1,010;9,33E-5;93,29;100,96;0,00;0,01
6,197;0,296;1,009;9,33E-5;93,29;100,94;0,00;0,01
6,198;0,297;1,011;9,33E-5;93,33;101,07;0,00;0,01
6,199;0,296;1,010;9,33E-5;93,31;101,03;0,00;0,01
6,200;0,295;1,009;9,33E-5;93,28;100,93;0,00;0,01
6,201;0,295;1,009;9,33E-5;93,26;100,85;0,00;0,01
6,202;0,295;1,009;9,33E-5;93,27;100,89;0,00;0,01
6,203;0,294;1,008;9,32E-5;93,23;100,79;0,00;0,01
6,204;0,296;1,009;9,33E-5;93,30;100,92;0,00;0,01
6,205;0,295;1,009;9,33E-5;93,27;100,87;0,00;0,01
6,206;0,295;1,009;9,33E-5;93,27;100,89;0,00;0,01
6,207;0,296;1,010;9,33E-5;93,30;100,95;0,00;0,01
6,208;0,295;1,009;9,33E-5;93,28;100,89;0,00;0,01
6,209;0,294;1,008;9,32E-5;93,24;100,82;0,00;0,01
6,210;0,295;1,009;9,33E-5;93,28;100,92;0,00;0,01
6,211;0,296;1,010;9,33E-5;93,31;100,98;0,00;0,01
6,212;0,296;1,009;9,33E-5;93,30;100,94;0,00;0,01
6,213;0,295;1,009;9,33E-5;93,28;100,85;0,00;0,01
6,214;0,296;1,010;9,33E-5;93,29;100,96;0,00;0,01
6,215;0,296;1,010;9,33E-5;93,31;100,98;0,00;0,01
6,216;0,295;1,009;9,33E-5;93,26;100,85;0,00;0,01
6,217;0,296;1,010;9,33E-5;93,30;100,96;0,00;0,01
6,218;0,296;1,010;9,33E-5;93,30;100,98;0,00;0,01
6,219;0,296;1,009;9,33E-5;93,29;100,91;0,00;0,01
6,220;0,295;1,009;9,33E-5;93,27;100,89;0,00;0,01
6,221;0,294;1,008;9,32E-5;93,24;100,78;0,00;0,01
6,222;0,296;1,009;9,33E-5;93,30;100,95;0,00;0,01
6,223;0,297;1,010;9,33E-5;93,33;101,00;0,00;0,01
6,224;0,296;1,010;9,33E-5;93,31;100,97;0,00;0,01
6,225;0,296;1,010;9,33E-5;93,31;100,96;0,00;0,01
6,226;0,296;1,009;9,33E-5;93,29;100,94;0,00;0,01
6,227;0,296;1,010;9,33E-5;93,31;100,99;0,00;0,01
6,228;0,294;1,008;9,32E-5;93,24;100,77;0,00;0,01
6,229;0,295;1,009;9,33E-5;93,27;100,86;0,00;0,01
6,230;0,296;1,010;9,33E-5;93,30;100,97;0,00;0,01
6,231;0,298;1,012;9,34E-5;93,37;101,17;0,00;0,01
6,232;0,297;1,010;9,33E-5;93,32;100,98;0,00;0,01
6,233;0,294;1,008;9,32E-5;93,24;100,80;0,00;0,01
6,234;0,295;1,008;9,33E-5;93,26;100,81;0,00;0,01
6,235;0,296;1,010;9,33E-5;93,32;100,96;0,00;0,01
6,236;0,296;1,010;9,33E-5;93,31;100,98;0,00;0,01
6,237;0,296;1,009;9,33E-5;93,29;100,91;0,00;0,01
6,238;0,296;1,010;9,33E-5;93,30;100,95;0,00;0,01
6,239;0,297;1,010;9,33E-5;93,34;101,02;0,00;0,01
6,240;0,296;1,009;9,33E-5;93,30;100,91;0,00;0,01
6,241;0,295;1,009;9,33E-5;93,28;100,89;0,00;0,01
6,242;0,296;1,010;9,33E-5;93,31;100,97;0,00;0,01
6,243;0,296;1,010;9,33E-5;93,30;100,96;0,00;0,01
6,244;0,296;1,009;9,33E-5;93,29;100,89;0,00;0,01
6,245;0,295;1,009;9,33E-5;93,28;100,88;0,00;0,01
6,246;0,296;1,009;9,33E-5;93,29;100,88;0,00;0,01
6,247;0,295;1,009;9,33E-5;93,28;100,86;0,00;0,01
6,248;0,295;1,008;9,33E-5;93,28;100,83;0,00;0,01
6,249;0,296;1,009;9,33E-5;93,30;100,93;0,00;0,01
6,250;0,295;1,008;9,33E-5;93,26;100,83;0,00;0,01
6,251;0,295;1,009;9,33E-5;93,28;100,89;0,00;0,01
6,252;0,295;1,009;9,33E-5;93,27;100,87;0,00;0,01
6,253;0,297;1,010;9,33E-5;93,34;101,04;0,00;0,01
6,254;0,295;1,008;9,33E-5;93,27;100,81;0,00;0,01
6,255;0,295;1,008;9,33E-5;93,26;100,82;0,00;0,01
6,256;0,295;1,008;9,33E-5;93,27;100,85;0,00;0,01
6,257;0,295;1,009;9,33E-5;93,28;100,86;0,00;0,01
6,258;0,295;1,009;9,33E-5;93,28;100,88;0,00;0,01
6,259;0,295;1,008;9,33E-5;93,27;100,82;0,00;0,01
6,260;0,296;1,009;9,33E-5;93,31;100,92;0,00;0,01
6,261;0,295;1,008;9,33E-5;93,26;100,82;0,00;0,01
6,262;0,297;1,010;9,33E-5;93,32;100,96;0,00;0,01
6,263;0,296;1,009;9,33E-5;93,31;100,93;0,00;0,01
6,264;0,296;1,009;9,33E-5;93,29;100,88;0,00;0,01
6,265;0,294;1,008;9,32E-5;93,24;100,76;0,00;0,01
6,266;0,296;1,009;9,33E-5;93,30;100,90;0,00;0,01
6,267;0,295;1,009;9,33E-5;93,28;100,89;0,00;0,01
6,268;0,295;1,009;9,33E-5;93,28;100,87;0,00;0,01
6,269;0,295;1,009;9,33E-5;93,28;100,89;0,00;0,01
6,270;0,297;1,010;9,33E-5;93,33;101,02;0,00;0,01
6,271;0,296;1,010;9,33E-5;93,31;100,96;0,00;0,01
6,272;0,295;1,009;9,33E-5;93,28;100,87;0,00;0,01
6,273;0,295;1,008;9,33E-5;93,27;100,81;0,00;0,01
6,274;0,296;1,009;9,33E-5;93,29;100,90;0,00;0,01
6,275;0,296;1,009;9,33E-5;93,30;100,93;0,00;0,01
6,276;0,297;1,010;9,33E-5;93,33;100,99;0,00;0,01
6,277;0,297;1,010;9,33E-5;93,32;100,97;0,00;0,01
6,278;0,295;1,009;9,33E-5;93,28;100,88;0,00;0,01
6,279;0,296;1,009;9,33E-5;93,30;100,92;0,00;0,01
6,280;0,296;1,009;9,33E-5;93,30;100,88;0,00;0,01
6,281;0,295;1,008;9,33E-5;93,28;100,77;0,00;0,01
6,282;0,296;1,009;9,33E-5;93,30;100,89;0,00;0,01
6,283;0,296;1,009;9,33E-5;93,29;100,90;0,00;0,01
6,284;0,297;1,010;9,33E-5;93,32;100,97;0,00;0,01
6,285;0,296;1,009;9,33E-5;93,30;100,89;0,00;0,01
6,286;0,295;1,008;9,33E-5;93,28;100,83;0,00;0,01
6,287;0,296;1,009;9,33E-5;93,29;100,87;0,00;0,01
6,288;0,296;1,009;9,33E-5;93,30;100,88;0,00;0,01
6,289;0,296;1,009;9,33E-5;93,31;100,90;0,00;0,01
6,290;0,296;1,009;9,33E-5;93,31;100,93;0,00;0,01
6,291;0,295;1,008;9,33E-5;93,28;100,84;0,00;0,01
6,292;0,296;1,009;9,33E-5;93,30;100,90;0,00;0,01
6,293;0,295;1,008;9,33E-5;93,27;100,80;0,00;0,01
6,294;0,294;1,007;9,32E-5;93,24;100,68;0,00;0,00
6,295;0,296;1,008;9,33E-5;93,29;100,81;0,00;0,01
6,296;0,297;1,010;9,33E-5;93,32;100,96;0,00;0,01
6,297;0,297;1,010;9,33E-5;93,34;100,99;0,00;0,01
6,298;0,296;1,009;9,33E-5;93,31;100,90;0,00;0,01
6,299;0,295;1,008;9,33E-5;93,27;100,78;0,00;0,01
6,300;0,296;1,009;9,33E-5;93,30;100,90;0,00;0,01
6,301;0,296;1,008;9,33E-5;93,29;100,82;0,00;0,01
6,302;0,294;1,007;9,32E-5;93,24;100,71;0,00;0,00
6,303;0,296;1,009;9,33E-5;93,30;100,86;0,00;0,01
6,304;0,295;1,008;9,33E-5;93,27;100,79;0,00;0,01
6,305;0,296;1,009;9,33E-5;93,31;100,89;0,00;0,01
6,306;0,295;1,008;9,33E-5;93,28;100,81;0,00;0,01
6,307;0,294;1,007;9,32E-5;93,24;100,69;0,00;0,00
6,308;0,295;1,007;9,33E-5;93,26;100,74;0,00;0,01
6,309;0,294;1,006;9,32E-5;93,23;100,61;0,00;0,00
6,310;0,295;1,008;9,33E-5;93,27;100,79;0,00;0,01
6,311;0,297;1,010;9,33E-5;93,32;100,95;0,00;0,01
6,312;0,296;1,009;9,33E-5;93,32;100,93;0,00;0,01
6,313;0,296;1,009;9,33E-5;93,29;100,85;0,00;0,01
6,314;0,295;1,008;9,33E-5;93,27;100,77;0,00;0,01
6,315;0,296;1,009;9,33E-5;93,30;100,87;0,00;0,01
6,316;0,296;1,009;9,33E-5;93,32;100,90;0,00;0,01
6,317;0,295;1,008;9,33E-5;93,28;100,80;0,00;0,01
6,318;0,296;1,008;9,33E-5;93,29;100,83;0,00;0,01
6,319;0,296;1,009;9,33E-5;93,31;100,88;0,00;0,01
6,320;0,296;1,008;9,33E-5;93,29;100,80;0,00;0,01
6,321;0,295;1,008;9,33E-5;93,28;100,77;0,00;0,01
6,322;0,296;1,008;9,33E-5;93,30;100,85;0,00;0,01
6,323;0,296;1,009;9,33E-5;93,31;100,87;0,00;0,01
6,324;0,296;1,008;9,33E-5;93,29;100,81;0,00;0,01
6,325;0,296;1,009;9,33E-5;93,31;100,90;0,00;0,01
6,326;0,296;1,009;9,33E-5;93,30;100,85;0,00;0,01
6,327;0,294;1,007;9,32E-5;93,24;100,65;0,00;0,00
6,328;0,295;1,007;9,33E-5;93,26;100,70;0,00;0,00
6,329;0,294;1,007;9,32E-5;93,24;100,67;0,00;0,00
6,330;0,295;1,008;9,33E-5;93,28;100,78;0,00;0,01
6,331;0,295;1,008;9,33E-5;93,28;100,77;0,00;0,01
6,332;0,295;1,007;9,33E-5;93,27;100,72;0,00;0,00
6,333;0,296;1,009;9,33E-5;93,30;100,88;0,00;0,01
6,334;0,296;1,008;9,33E-5;93,29;100,85;0,00;0,01
6,335;0,295;1,008;9,33E-5;93,28;100,76;0,00;0,01
6,336;0,295;1,007;9,33E-5;93,26;100,72;0,00;0,00
6,337;0,295;1,007;9,33E-5;93,26;100,72;0,00;0,00
6,338;0,296;1,008;9,33E-5;93,30;100,84;0,00;0,01
6,339;0,295;1,008;9,33E-5;93,28;100,77;0,00;0,01
6,340;0,296;1,008;9,33E-5;93,29;100,82;0,00;0,01
6,341;0,296;1,008;9,33E-5;93,30;100,81;0,00;0,01
6,342;0,296;1,008;9,33E-5;93,30;100,83;0,00;0,01
6,343;0,295;1,008;9,33E-5;93,27;100,76;0,00;0,01
6,344;0,296;1,008;9,33E-5;93,31;100,84;0,00;0,01
6,345;0,295;1,008;9,33E-5;93,28;100,78;0,00;0,01
6,346;0,296;1,008;9,33E-5;93,30;100,82;0,00;0,01
6,347;0,296;1,009;9,33E-5;93,31;100,88;0,00;0,01
6,348;0,295;1,008;9,33E-5;93,29;100,79;0,00;0,01
6,349;0,295;1,007;9,33E-5;93,26;100,71;0,00;0,00
6,350;0,296;1,009;9,33E-5;93,29;100,85;0,00;0,01
6,351;0,297;1,009;9,33E-5;93,33;100,95;0,00;0,01
6,352;0,296;1,009;9,33E-5;93,30;100,86;0,00;0,01
6,353;0,296;1,009;9,33E-5;93,30;100,89;0,00;0,01
6,354;0,296;1,009;9,33E-5;93,31;100,88;0,00;0,01
6,355;0,295;1,008;9,33E-5;93,28;100,80;0,00;0,01
6,356;0,295;1,008;9,33E-5;93,27;100,75;0,00;0,01
6,357;0,296;1,009;9,33E-5;93,30;100,87;0,00;0,01
6,358;0,295;1,008;9,33E-5;93,28;100,77;0,00;0,01
6,359;0,296;1,008;9,33E-5;93,30;100,84;0,00;0,01
6,360;0,295;1,008;9,33E-5;93,28;100,79;0,00;0,01
6,361;0,296;1,008;9,33E-5;93,29;100,82;0,00;0,01
6,362;0,296;1,008;9,33E-5;93,29;100,78;0,00;0,01
6,363;0,295;1,007;9,33E-5;93,28;100,74;0,00;0,01
6,364;0,296;1,008;9,33E-5;93,29;100,76;0,00;0,01
6,365;0,296;1,009;9,33E-5;93,32;100,89;0,00;0,01
6,366;0,294;1,007;9,32E-5;93,25;100,65;0,00;0,00
6,367;0,296;1,008;9,33E-5;93,29;100,79;0,00;0,01
6,368;0,296;1,008;9,33E-5;93,29;100,82;0,00;0,01
6,369;0,295;1,007;9,33E-5;93,27;100,74;0,00;0,01
6,370;0,294;1,006;9,32E-5;93,23;100,60;0,00;0,00
6,371;0,294;1,007;9,32E-5;93,25;100,69;0,00;0,00
6,372;0,294;1,007;9,33E-5;93,25;100,68;0,00;0,00
6,373;0,295;1,007;9,33E-5;93,27;100,74;0,00;0,00
6,374;0,296;1,008;9,33E-5;93,30;100,85;0,00;0,01
6,375;0,295;1,007;9,33E-5;93,27;100,72;0,00;0,00
6,376;0,295;1,008;9,33E-5;93,28;100,76;0,00;0,01
6,377;0,295;1,007;9,33E-5;93,25;100,67;0,00;0,00
6,378;0,295;1,007;9,33E-5;93,28;100,74;0,00;0,01
6,379;0,295;1,007;9,33E-5;93,28;100,72;0,00;0,00
6,380;0,295;1,007;9,33E-5;93,26;100,72;0,00;0,00
6,381;0,296;1,008;9,33E-5;93,29;100,79;0,00;0,01
6,382;0,295;1,008;9,33E-5;93,28;100,75;0,00;0,01
6,383;0,295;1,007;9,33E-5;93,28;100,74;0,00;0,01
6,384;0,295;1,008;9,33E-5;93,28;100,77;0,00;0,01
6,385;0,295;1,007;9,33E-5;93,28;100,74;0,00;0,01
6,386;0,294;1,007;9,33E-5;93,25;100,66;0,00;0,00
6,387;0,295;1,007;9,33E-5;93,28;100,74;0,00;0,01
6,388;0,295;1,007;9,33E-5;93,27;100,75;0,00;0,01
6,389;0,296;1,008;9,33E-5;93,30;100,84;0,00;0,01
6,390;0,295;1,007;9,33E-5;93,27;100,74;0,00;0,01
6,391;0,296;1,008;9,33E-5;93,30;100,80;0,00;0,01
6,392;0,296;1,008;9,33E-5;93,29;100,80;0,00;0,01
6,393;0,296;1,007;9,33E-5;93,29;100,75;0,00;0,01
6,394;0,296;1,008;9,33E-5;93,29;100,78;0,00;0,01
6,395;0,296;1,008;9,33E-5;93,30;100,80;0,00;0,01
6,396;0,296;1,008;9,33E-5;93,29;100,80;0,00;0,01
6,397;0,295;1,007;9,33E-5;93,28;100,71;0,00;0,00
6,398;0,295;1,008;9,33E-5;93,28;100,75;0,00;0,01
6,399;0,295;1,007;9,33E-5;93,28;100,71;0,00;0,00
6,400;0,295;1,007;9,33E-5;93,26;100,66;0,00;0,00
6,401;0,294;1,006;9,32E-5;93,24;100,58;0,00;0,00
6,402;0,296;1,007;9,33E-5;93,29;100,74;0,00;0,01
6,403;0,295;1,008;9,33E-5;93,28;100,76;0,00;0,01
6,404;0,295;1,007;9,33E-5;93,28;100,73;0,00;0,00
6,405;0,295;1,007;9,33E-5;93,27;100,73;0,00;0,00
6,406;0,295;1,007;9,33E-5;93,28;100,74;0,00;0,00
6,407;0,296;1,007;9,33E-5;93,29;100,72;0,00;0,00
6,408;0,294;1,007;9,33E-5;93,25;100,66;0,00;0,00
6,409;0,294;1,006;9,33E-5;93,25;100,64;0,00;0,00
6,410;0,296;1,008;9,33E-5;93,30;100,76;0,00;0,01
6,411;0,296;1,007;9,33E-5;93,29;100,72;0,00;0,00
6,412;0,295;1,007;9,33E-5;93,28;100,71;0,00;0,00
6,413;0,295;1,007;9,33E-5;93,27;100,65;0,00;0,00
6,414;0,296;1,008;9,33E-5;93,31;100,78;0,00;0,01
6,415;0,296;1,008;9,33E-5;93,31;100,80;0,00;0,01
6,416;0,297;1,009;9,33E-5;93,33;100,89;0,00;0,01
6,417;0,297;1,009;9,33E-5;93,33;100,92;0,00;0,01
6,418;0,296;1,008;9,33E-5;93,30;100,76;0,00;0,01
6,419;0,296;1,008;9,33E-5;93,32;100,83;0,00;0,01
6,420;0,295;1,007;9,33E-5;93,27;100,67;0,00;0,00
6,421;0,295;1,007;9,33E-5;93,27;100,69;0,00;0,00
6,422;0,296;1,008;9,33E-5;93,31;100,80;0,00;0,01
6,423;0,295;1,007;9,33E-5;93,28;100,71;0,00;0,00
6,424;0,296;1,007;9,33E-5;93,29;100,72;0,00;0,00
6,425;0,295;1,007;9,33E-5;93,26;100,66;0,00;0,00
6,426;0,295;1,007;9,33E-5;93,28;100,68;0,00;0,00
6,427;0,294;1,006;9,32E-5;93,24;100,58;0,00;0,00
6,428;0,295;1,007;9,33E-5;93,26;100,65;0,00;0,00
6,429;0,295;1,007;9,33E-5;93,28;100,71;0,00;0,00
6,430;0,296;1,007;9,33E-5;93,29;100,72;0,00;0,00
6,431;0,295;1,007;9,33E-5;93,28;100,72;0,00;0,00
6,432;0,296;1,008;9,33E-5;93,30;100,78;0,00;0,01
6,433;0,294;1,006;9,33E-5;93,25;100,62;0,00;0,00
6,434;0,297;1,009;9,33E-5;93,33;100,91;0,00;0,01
6,435;0,297;1,009;9,33E-5;93,33;100,87;0,00;0,01
6,436;0,296;1,008;9,33E-5;93,30;100,79;0,00;0,01
6,437;0,296;1,008;9,33E-5;93,30;100,76;0,00;0,01
6,438;0,295;1,007;9,33E-5;93,28;100,73;0,00;0,00
6,439;0,296;1,007;9,33E-5;93,29;100,67;0,00;0,00
6,440;0,294;1,006;9,32E-5;93,25;100,57;0,00;0,00
6,441;0,297;1,008;9,33E-5;93,32;100,80;0,00;0,01
6,442;0,296;1,007;9,33E-5;93,29;100,71;0,00;0,00
6,443;0,295;1,007;9,33E-5;93,28;100,66;0,00;0,00
6,444;0,296;1,007;9,33E-5;93,30;100,74;0,00;0,01
6,445;0,296;1,008;9,33E-5;93,31;100,76;0,00;0,01
6,446;0,295;1,007;9,33E-5;93,27;100,66;0,00;0,00
6,447;0,296;1,008;9,33E-5;93,31;100,77;0,00;0,01
6,448;0,296;1,008;9,33E-5;93,30;100,76;0,00;0,01
6,449;0,296;1,008;9,33E-5;93,31;100,78;0,00;0,01
6,450;0,297;1,008;9,33E-5;93,33;100,85;0,00;0,01
6,451;0,295;1,006;9,33E-5;93,26;100,60;0,00;0,00
6,452;0,297;1,008;9,33E-5;93,32;100,80;0,00;0,01
6,453;0,295;1,007;9,33E-5;93,27;100,69;0,00;0,00
6,454;0,295;1,007;9,33E-5;93,28;100,67;0,00;0,00
6,455;0,294;1,006;9,32E-5;93,24;100,57;0,00;0,00
6,456;0,294;1,005;9,32E-5;93,25;100,54;0,00;0,00
6,457;0,296;1,008;9,33E-5;93,30;100,78;0,00;0,01
6,458;0,294;1,006;9,32E-5;93,25;100,57;0,00;0,00
6,459;0,295;1,007;9,33E-5;93,28;100,65;0,00;0,00
6,460;0,296;1,007;9,33E-5;93,29;100,70;0,00;0,00
6,461;0,295;1,007;9,33E-5;93,28;100,67;0,00;0,00
6,462;0,295;1,006;9,33E-5;93,26;100,61;0,00;0,00
6,463;0,296;1,007;9,33E-5;93,30;100,70;0,00;0,00
6,464;0,296;1,007;9,33E-5;93,30;100,74;0,00;0,01
6,465;0,297;1,008;9,33E-5;93,33;100,79;0,00;0,01
6,466;0,296;1,007;9,33E-5;93,30;100,72;0,00;0,00
6,467;0,296;1,007;9,33E-5;93,29;100,70;0,00;0,00
6,468;0,296;1,007;9,33E-5;93,29;100,69;0,00;0,00
6,469;0,294;1,006;9,32E-5;93,25;100,60;0,00;0,00
6,470;0,294;1,006;9,32E-5;93,25;100,57;0,00;0,00
6,471;0,295;1,007;9,33E-5;93,27;100,66;0,00;0,00
6,472;0,296;1,007;9,33E-5;93,31;100,71;0,00;0,00
6,473;0,298;1,009;9,34E-5;93,36;100,89;0,00;0,01
6,474;0,296;1,007;9,33E-5;93,30;100,72;0,00;0,00
6,475;0,296;1,007;9,33E-5;93,30;100,71;0,00;0,00
6,476;0,295;1,007;9,33E-5;93,28;100,71;0,00;0,00
6,477;0,296;1,007;9,33E-5;93,30;100,74;0,00;0,01
6,478;0,295;1,006;9,33E-5;93,26;100,60;0,00;0,00
6,479;0,294;1,005;9,32E-5;93,25;100,54;0,00;0,00
6,480;0,294;1,005;9,32E-5;93,24;100,54;0,00;0,00
6,481;0,295;1,007;9,33E-5;93,27;100,67;0,00;0,00
6,482;0,294;1,006;9,33E-5;93,25;100,58;0,00;0,00
6,483;0,295;1,007;9,33E-5;93,28;100,65;0,00;0,00
6,484;0,296;1,007;9,33E-5;93,29;100,67;0,00;0,00
6,485;0,295;1,007;9,33E-5;93,27;100,66;0,00;0,00
6,486;0,296;1,007;9,33E-5;93,30;100,74;0,00;0,01
6,487;0,296;1,007;9,33E-5;93,30;100,68;0,00;0,00
6,488;0,296;1,007;9,33E-5;93,29;100,69;0,00;0,00
6,489;0,296;1,007;9,33E-5;93,30;100,73;0,00;0,00
6,490;0,295;1,006;9,33E-5;93,26;100,61;0,00;0,00
6,491;0,295;1,007;9,33E-5;93,28;100,67;0,00;0,00
6,492;0,295;1,006;9,33E-5;93,26;100,60;0,00;0,00
6,493;0,296;1,007;9,33E-5;93,31;100,74;0,00;0,01
6,494;0,296;1,007;9,33E-5;93,29;100,70;0,00;0,00
6,495;0,295;1,006;9,33E-5;93,28;100,65;0,00;0,00
6,496;0,296;1,007;9,33E-5;93,30;100,70;0,00;0,00
6,497;0,296;1,007;9,33E-5;93,30;100,71;0,00;0,00
6,498;0,296;1,007;9,33E-5;93,31;100,74;0,00;0,01
6,499;0,296;1,008;9,33E-5;93,31;100,75;0,00;0,01
6,500;0,295;1,006;9,33E-5;93,28;100,62;0,00;0,00
6,501;0,295;1,007;9,33E-5;93,28;100,69;0,00;0,00
6,502;0,296;1,007;9,33E-5;93,29;100,70;0,00;0,00
6,503;0,295;1,006;9,33E-5;93,28;100,64;0,00;0,00
6,504;0,295;1,006;9,33E-5;93,27;100,60;0,00;0,00
6,505;0,293;1,005;9,32E-5;93,22;100,49;0,00;0,00
6,506;0,295;1,006;9,33E-5;93,27;100,64;0,00;0,00
6,507;0,296;1,007;9,33E-5;93,29;100,71;0,00;0,00
6,508;0,296;1,007;9,33E-5;93,31;100,75;0,00;0,01
6,509;0,296;1,007;9,33E-5;93,29;100,70;0,00;0,00
6,510;0,296;1,007;9,33E-5;93,30;100,69;0,00;0,00
6,511;0,296;1,008;9,33E-5;93,32;100,75;0,00;0,01
6,512;0,296;1,007;9,33E-5;93,30;100,69;0,00;0,00
6,513;0,295;1,006;9,33E-5;93,27;100,61;0,00;0,00
6,514;0,296;1,006;9,33E-5;93,29;100,65;0,00;0,00
6,515;0,296;1,007;9,33E-5;93,30;100,70;0,00;0,00
6,516;0,295;1,006;9,33E-5;93,28;100,63;0,00;0,00
6,517;0,296;1,007;9,33E-5;93,31;100,74;0,00;0,01
6,518;0,296;1,008;9,33E-5;93,32;100,75;0,00;0,01
6,519;0,295;1,006;9,33E-5;93,27;100,57;0,00;0,00
6,520;0,295;1,006;9,33E-5;93,26;100,57;0,00;0,00
6,521;0,296;1,007;9,33E-5;93,29;100,65;0,00;0,00
6,522;0,296;1,007;9,33E-5;93,30;100,71;0,00;0,00
6,523;0,295;1,006;9,33E-5;93,25;100,56;0,00;0,00
6,524;0,297;1,008;9,33E-5;93,34;100,83;0,00;0,01
6,525;0,296;1,007;9,33E-5;93,30;100,66;0,00;0,00
6,526;0,297;1,007;9,33E-5;93,32;100,74;0,00;0,01
6,527;0,296;1,007;9,33E-5;93,30;100,67;0,00;0,00
6,528;0,296;1,007;9,33E-5;93,29;100,71;0,00;0,00
6,529;0,295;1,006;9,33E-5;93,27;100,62;0,00;0,00
6,530;0,296;1,007;9,33E-5;93,30;100,68;0,00;0,00
6,531;0,295;1,006;9,33E-5;93,27;100,64;0,00;0,00
6,532;0,295;1,006;9,33E-5;93,27;100,59;0,00;0,00
6,533;0,296;1,007;9,33E-5;93,32;100,70;0,00;0,00
6,534;0,296;1,006;9,33E-5;93,30;100,65;0,00;0,00
6,535;0,294;1,005;9,33E-5;93,25;100,47;0,00;0,00
6,536;0,296;1,006;9,33E-5;93,30;100,63;0,00;0,00
6,537;0,296;1,007;9,33E-5;93,31;100,70;0,00;0,00
6,538;0,296;1,006;9,33E-5;93,29;100,62;0,00;0,00
6,539;0,296;1,007;9,33E-5;93,30;100,66;0,00;0,00
6,540;0,296;1,007;9,33E-5;93,30;100,71;0,00;0,00
6,541;0,295;1,006;9,33E-5;93,28;100,59;0,00;0,00
6,542;0,295;1,006;9,33E-5;93,28;100,60;0,00;0,00
6,543;0,296;1,007;9,33E-5;93,30;100,66;0,00;0,00
6,544;0,296;1,007;9,33E-5;93,30;100,69;0,00;0,00
6,545;0,295;1,006;9,33E-5;93,27;100,61;0,00;0,00
6,546;0,295;1,006;9,33E-5;93,26;100,56;0,00;0,00
6,547;0,294;1,005;9,32E-5;93,25;100,50;0,00;0,00
6,548;0,295;1,005;9,33E-5;93,26;100,53;0,00;0,00
6,549;0,295;1,006;9,33E-5;93,28;100,62;0,00;0,00
6,550;0,295;1,005;9,33E-5;93,26;100,54;0,00;0,00
6,551;0,295;1,005;9,33E-5;93,26;100,55;0,00;0,00
6,552;0,294;1,005;9,32E-5;93,24;100,48;0,00;0,00
6,553;0,295;1,006;9,33E-5;93,27;100,58;0,00;0,00
6,554;0,295;1,005;9,33E-5;93,25;100,54;0,00;0,00
6,555;0,295;1,006;9,33E-5;93,28;100,63;0,00;0,00
6,556;0,296;1,007;9,33E-5;93,30;100,68;0,00;0,00
6,557;0,295;1,006;9,33E-5;93,28;100,64;0,00;0,00
6,558;0,296;1,007;9,33E-5;93,30;100,67;0,00;0,00
6,559;0,295;1,006;9,33E-5;93,28;100,59;0,00;0,00
6,560;0,295;1,006;9,33E-5;93,27;100,58;0,00;0,00
6,561;0,296;1,007;9,33E-5;93,31;100,70;0,00;0,00
6,562;0,296;1,006;9,33E-5;93,29;100,64;0,00;0,00
6,563;0,295;1,005;9,33E-5;93,27;100,54;0,00;0,00
6,564;0,295;1,006;9,33E-5;93,27;100,59;0,00;0,00
6,565;0,295;1,006;9,33E-5;93,27;100,59;0,00;0,00
6,566;0,296;1,007;9,33E-5;93,31;100,70;0,00;0,00
6,567;0,296;1,007;9,33E-5;93,30;100,66;0,00;0,00
6,568;0,296;1,007;9,33E-5;93,29;100,67;0,00;0,00
6,569;0,296;1,006;9,33E-5;93,29;100,64;0,00;0,00
6,570;0,296;1,007;9,33E-5;93,30;100,69;0,00;0,00
6,571;0,296;1,007;9,33E-5;93,30;100,65;0,00;0,00
6,572;0,294;1,005;9,33E-5;93,25;100,52;0,00;0,00
6,573;0,294;1,005;9,32E-5;93,25;100,51;0,00;0,00
6,574;0,295;1,005;9,33E-5;93,27;100,55;0,00;0,00
6,575;0,296;1,006;9,33E-5;93,30;100,65;0,00;0,00
6,576;0,295;1,006;9,33E-5;93,28;100,61;0,00;0,00
6,577;0,296;1,006;9,33E-5;93,30;100,64;0,00;0,00
6,578;0,295;1,006;9,33E-5;93,28;100,61;0,00;0,00
6,579;0,295;1,006;9,33E-5;93,28;100,59;0,00;0,00
6,580;0,295;1,006;9,33E-5;93,29;100,60;0,00;0,00
6,581;0,296;1,007;9,33E-5;93,31;100,69;0,00;0,00
6,582;0,296;1,007;9,33E-5;93,31;100,67;0,00;0,00
6,583;0,295;1,005;9,33E-5;93,26;100,52;0,00;0,00
6,584;0,295;1,005;9,33E-5;93,26;100,53;0,00;0,00
6,585;0,296;1,007;9,33E-5;93,31;100,66;0,00;0,00
6,586;0,296;1,007;9,33E-5;93,30;100,67;0,00;0,00
6,587;0,295;1,006;9,33E-5;93,27;100,56;0,00;0,00
6,588;0,295;1,006;9,33E-5;93,27;100,56;0,00;0,00
6,589;0,295;1,006;9,33E-5;93,27;100,60;0,00;0,00
6,590;0,296;1,006;9,33E-5;93,30;100,63;0,00;0,00
6,591;0,296;1,006;9,33E-5;93,29;100,62;0,00;0,00
6,592;0,295;1,006;9,33E-5;93,28;100,60;0,00;0,00
6,593;0,295;1,006;9,33E-5;93,27;100,57;0,00;0,00
6,594;0,296;1,006;9,33E-5;93,29;100,60;0,00;0,00
6,595;0,294;1,004;9,32E-5;93,24;100,40;0,00;0,00
6,596;0,295;1,005;9,33E-5;93,26;100,51;0,00;0,00
6,597;0,296;1,006;9,33E-5;93,30;100,59;0,00;0,00
6,598;0,296;1,007;9,33E-5;93,31;100,71;0,00;0,00
6,599;0,296;1,007;9,33E-5;93,30;100,67;0,00;0,00
6,600;0,297;1,007;9,33E-5;93,32;100,71;0,00;0,00
6,601;0,297;1,007;9,33E-5;93,32;100,68;0,00;0,00
6,602;0,296;1,006;9,33E-5;93,31;100,65;0,00;0,00
6,603;0,295;1,005;9,33E-5;93,27;100,53;0,00;0,00
6,604;0,295;1,005;9,33E-5;93,27;100,53;0,00;0,00
6,605;0,295;1,006;9,33E-5;93,27;100,56;0,00;0,00
6,606;0,296;1,007;9,33E-5;93,31;100,65;0,00;0,00
6,607;0,296;1,007;9,33E-5;93,31;100,68;0,00;0,00
6,608;0,295;1,006;9,33E-5;93,27;100,55;0,00;0,00
6,609;0,295;1,006;9,33E-5;93,28;100,59;0,00;0,00
6,610;0,295;1,005;9,33E-5;93,26;100,54;0,00;0,00
6,611;0,296;1,006;9,33E-5;93,29;100,59;0,00;0,00
6,612;0,295;1,005;9,33E-5;93,27;100,51;0,00;0,00
6,613;0,295;1,005;9,33E-5;93,26;100,53;0,00;0,00
6,614;0,295;1,006;9,33E-5;93,28;100,56;0,00;0,00
6,615;0,295;1,006;9,33E-5;93,28;100,56;0,00;0,00
6,616;0,296;1,006;9,33E-5;93,30;100,62;0,00;0,00
6,617;0,296;1,007;9,33E-5;93,29;100,65;0,00;0,00
6,618;0,297;1,007;9,33E-5;93,32;100,71;0,00;0,00
6,619;0,295;1,005;9,33E-5;93,27;100,55;0,00;0,00
6,620;0,296;1,006;9,33E-5;93,30;100,64;0,00;0,00
6,621;0,295;1,006;9,33E-5;93,28;100,59;0,00;0,00
6,622;0,296;1,007;9,33E-5;93,30;100,65;0,00;0,00
6,623;0,296;1,006;9,33E-5;93,31;100,62;0,00;0,00
6,624;0,295;1,006;9,33E-5;93,28;100,56;0,00;0,00
6,625;0,295;1,006;9,33E-5;93,28;100,56;0,00;0,00
6,626;0,296;1,006;9,33E-5;93,29;100,58;0,00;0,00
6,627;0,295;1,005;9,33E-5;93,27;100,52;0,00;0,00
6,628;0,295;1,005;9,33E-5;93,27;100,53;0,00;0,00
6,629;0,295;1,006;9,33E-5;93,28;100,56;0,00;0,00
6,630;0,296;1,007;9,33E-5;93,31;100,67;0,00;0,00
6,631;0,297;1,007;9,33E-5;93,32;100,68;0,00;0,00
6,632;0,296;1,007;9,33E-5;93,31;100,69;0,00;0,00
6,633;0,295;1,006;9,33E-5;93,28;100,60;0,00;0,00
6,634;0,295;1,005;9,33E-5;93,26;100,49;0,00;0,00
6,635;0,295;1,005;9,33E-5;93,27;100,53;0,00;0,00
6,636;0,296;1,006;9,33E-5;93,29;100,57;0,00;0,00
6,637;0,296;1,006;9,33E-5;93,30;100,56;0,00;0,00
6,638;0,296;1,006;9,33E-5;93,31;100,60;0,00;0,00
6,639;0,296;1,006;9,33E-5;93,29;100,59;0,00;0,00
6,640;0,296;1,006;9,33E-5;93,31;100,63;0,00;0,00
6,641;0,295;1,005;9,33E-5;93,28;100,50;0,00;0,00
6,642;0,295;1,005;9,33E-5;93,28;100,52;0,00;0,00
6,643;0,296;1,006;9,33E-5;93,30;100,58;0,00;0,00
6,644;0,295;1,006;9,33E-5;93,28;100,56;0,00;0,00
6,645;0,295;1,006;9,33E-5;93,28;100,58;0,00;0,00
6,646;0,295;1,005;9,33E-5;93,28;100,54;0,00;0,00
6,647;0,297;1,007;9,33E-5;93,32;100,65;0,00;0,00
6,648;0,296;1,005;9,33E-5;93,29;100,53;0,00;0,00
6,649;0,296;1,006;9,33E-5;93,29;100,57;0,00;0,00
6,650;0,294;1,004;9,33E-5;93,25;100,40;0,00;0,00
6,651;0,295;1,006;9,33E-5;93,28;100,56;0,00;0,00
6,652;0,296;1,006;9,33E-5;93,30;100,60;0,00;0,00
6,653;0,295;1,005;9,33E-5;93,27;100,54;0,00;0,00
6,654;0,295;1,005;9,33E-5;93,27;100,52;0,00;0,00
6,655;0,295;1,005;9,33E-5;93,26;100,51;0,00;0,00
6,656;0,295;1,005;9,33E-5;93,27;100,54;0,00;0,00
6,657;0,295;1,005;9,33E-5;93,28;100,53;0,00;0,00
6,658;0,296;1,006;9,33E-5;93,29;100,58;0,00;0,00
6,659;0,295;1,006;9,33E-5;93,27;100,56;0,00;0,00
6,660;0,295;1,006;9,33E-5;93,28;100,56;0,00;0,00
6,661;0,295;1,006;9,33E-5;93,27;100,56;0,00;0,00
6,662;0,296;1,006;9,33E-5;93,30;100,62;0,00;0,00
6,663;0,296;1,007;9,33E-5;93,30;100,66;0,00;0,00
6,664;0,295;1,006;9,33E-5;93,28;100,57;0,00;0,00
6,665;0,295;1,005;9,33E-5;93,27;100,53;0,00;0,00
6,666;0,295;1,006;9,33E-5;93,28;100,55;0,00;0,00
6,667;0,295;1,006;9,33E-5;93,28;100,56;0,00;0,00
6,668;0,296;1,006;9,33E-5;93,30;100,62;0,00;0,00
6,669;0,296;1,007;9,33E-5;93,32;100,65;0,00;0,00
6,670;0,296;1,007;9,33E-5;93,31;100,66;0,00;0,00
6,671;0,297;1,008;9,33E-5;93,35;100,77;0,00;0,01
6,672;0,296;1,006;9,33E-5;93,31;100,63;0,00;0,00
6,673;0,295;1,005;9,33E-5;93,26;100,47;0,00;0,00
6,674;0,294;1,004;9,32E-5;93,24;100,43;0,00;0,00
6,675;0,295;1,005;9,33E-5;93,27;100,53;0,00;0,00
6,676;0,296;1,007;9,33E-5;93,32;100,68;0,00;0,00
6,677;0,296;1,006;9,33E-5;93,30;100,59;0,00;0,00
6,678;0,295;1,005;9,33E-5;93,28;100,54;0,00;0,00
6,679;0,296;1,006;9,33E-5;93,29;100,60;0,00;0,00
6,680;0,296;1,007;9,33E-5;93,31;100,67;0,00;0,00
6,681;0,296;1,006;9,33E-5;93,29;100,57;0,00;0,00
6,682;0,295;1,005;9,33E-5;93,29;100,53;0,00;0,00
6,683;0,296;1,006;9,33E-5;93,29;100,61;0,00;0,00
6,684;0,296;1,006;9,33E-5;93,31;100,64;0,00;0,00
6,685;0,295;1,006;9,33E-5;93,28;100,59;0,00;0,00
6,686;0,296;1,006;9,33E-5;93,31;100,62;0,00;0,00
6,687;0,296;1,006;9,33E-5;93,31;100,60;0,00;0,00
6,688;0,296;1,006;9,33E-5;93,31;100,58;0,00;0,00
6,689;0,295;1,005;9,33E-5;93,28;100,50;0,00;0,00
6,690;0,295;1,005;9,33E-5;93,27;100,51;0,00;0,00
6,691;0,296;1,006;9,33E-5;93,31;100,63;0,00;0,00
6,692;0,296;1,005;9,33E-5;93,29;100,54;0,00;0,00
6,693;0,296;1,006;9,33E-5;93,31;100,59;0,00;0,00
6,694;0,296;1,006;9,33E-5;93,32;100,62;0,00;0,00
6,695;0,295;1,006;9,33E-5;93,28;100,55;0,00;0,00
6,696;0,296;1,007;9,33E-5;93,32;100,69;0,00;0,00
6,697;0,295;1,006;9,33E-5;93,28;100,56;0,00;0,00
6,698;0,296;1,007;9,33E-5;93,32;100,68;0,00;0,00
6,699;0,297;1,008;9,33E-5;93,34;100,75;0,00;0,01
6,700;0,296;1,007;9,33E-5;93,31;100,67;0,00;0,00
6,701;0,297;1,006;9,33E-5;93,32;100,64;0,00;0,00
6,702;0,295;1,006;9,33E-5;93,28;100,55;0,00;0,00
6,703;0,295;1,005;9,33E-5;93,28;100,55;0,00;0,00
6,704;0,295;1,006;9,33E-5;93,28;100,56;0,00;0,00
6,705;0,296;1,006;9,33E-5;93,30;100,59;0,00;0,00
6,706;0,296;1,006;9,33E-5;93,30;100,61;0,00;0,00
6,707;0,296;1,006;9,33E-5;93,31;100,60;0,00;0,00
6,708;0,296;1,006;9,33E-5;93,29;100,55;0,00;0,00
6,709;0,295;1,005;9,33E-5;93,28;100,50;0,00;0,00
6,710;0,295;1,004;9,33E-5;93,26;100,45;0,00;0,00
6,711;0,296;1,005;9,33E-5;93,30;100,54;0,00;0,00
6,712;0,296;1,006;9,33E-5;93,29;100,57;0,00;0,00
6,713;0,296;1,006;9,33E-5;93,29;100,59;0,00;0,00
6,714;0,295;1,006;9,33E-5;93,28;100,55;0,00;0,00
6,715;0,296;1,006;9,33E-5;93,30;100,62;0,00;0,00
6,716;0,296;1,006;9,33E-5;93,29;100,62;0,00;0,00
6,717;0,297;1,007;9,33E-5;93,32;100,67;0,00;0,00
6,718;0,296;1,006;9,33E-5;93,29;100,57;0,00;0,00
6,719;0,296;1,006;9,33E-5;93,29;100,56;0,00;0,00
6,720;0,296;1,006;9,33E-5;93,30;100,61;0,00;0,00
6,721;0,295;1,005;9,33E-5;93,28;100,55;0,00;0,00
6,722;0,296;1,006;9,33E-5;93,29;100,59;0,00;0,00
6,723;0,296;1,006;9,33E-5;93,30;100,60;0,00;0,00
6,724;0,296;1,006;9,33E-5;93,31;100,62;0,00;0,00
6,725;0,296;1,006;9,33E-5;93,30;100,59;0,00;0,00
6,726;0,296;1,006;9,33E-5;93,31;100,60;0,00;0,00
6,727;0,296;1,005;9,33E-5;93,29;100,53;0,00;0,00
6,728;0,295;1,005;9,33E-5;93,28;100,50;0,00;0,00
6,729;0,295;1,005;9,33E-5;93,27;100,50;0,00;0,00
6,730;0,295;1,005;9,33E-5;93,28;100,53;0,00;0,00
6,731;0,296;1,005;9,33E-5;93,29;100,54;0,00;0,00
6,732;0,296;1,006;9,33E-5;93,30;100,58;0,00;0,00
6,733;0,295;1,005;9,33E-5;93,26;100,48;0,00;0,00
6,734;0,296;1,006;9,33E-5;93,31;100,60;0,00;0,00
6,735;0,296;1,006;9,33E-5;93,30;100,56;0,00;0,00
6,736;0,297;1,006;9,33E-5;93,33;100,62;0,00;0,00
6,737;0,295;1,005;9,33E-5;93,28;100,49;0,00;0,00
6,738;0,296;1,006;9,33E-5;93,31;100,61;0,00;0,00
6,739;0,296;1,006;9,33E-5;93,30;100,56;0,00;0,00
6,740;0,294;1,004;9,33E-5;93,25;100,40;0,00;0,00
6,741;0,296;1,006;9,33E-5;93,30;100,58;0,00;0,00
6,742;0,295;1,004;9,33E-5;93,26;100,43;0,00;0,00
6,743;0,296;1,005;9,33E-5;93,29;100,53;0,00;0,00
6,744;0,296;1,005;9,33E-5;93,29;100,52;0,00;0,00
6,745;0,295;1,005;9,33E-5;93,27;100,46;0,00;0,00
6,746;0,296;1,005;9,33E-5;93,29;100,53;0,00;0,00
6,747;0,295;1,005;9,33E-5;93,28;100,49;0,00;0,00
6,748;0,296;1,006;9,33E-5;93,29;100,55;0,00;0,00
6,749;0,297;1,007;9,33E-5;93,33;100,66;0,00;0,00
6,750;0,297;1,006;9,33E-5;93,33;100,64;0,00;0,00
6,751;0,295;1,005;9,33E-5;93,28;100,51;0,00;0,00
6,752;0,297;1,006;9,33E-5;93,32;100,62;0,00;0,00
6,753;0,296;1,005;9,33E-5;93,29;100,53;0,00;0,00
6,754;0,296;1,005;9,33E-5;93,30;100,54;0,00;0,00
6,755;0,297;1,007;9,33E-5;93,33;100,65;0,00;0,00
6,756;0,295;1,005;9,33E-5;93,28;100,47;0,00;0,00
6,757;0,295;1,005;9,33E-5;93,27;100,46;0,00;0,00
6,758;0,295;1,005;9,33E-5;93,28;100,50;0,00;0,00
6,759;0,296;1,005;9,33E-5;93,29;100,53;0,00;0,00
6,760;0,295;1,005;9,33E-5;93,28;100,49;0,00;0,00
6,761;0,295;1,005;9,33E-5;93,27;100,48;0,00;0,00
6,762;0,294;1,004;9,32E-5;93,25;100,38;0,00;0,00
6,763;0,295;1,005;9,33E-5;93,28;100,50;0,00;0,00
6,764;0,297;1,006;9,33E-5;93,34;100,64;0,00;0,00
6,765;0,297;1,006;9,33E-5;93,32;100,62;0,00;0,00
6,766;0,296;1,006;9,33E-5;93,31;100,56;0,00;0,00
6,767;0,295;1,005;9,33E-5;93,29;100,51;0,00;0,00
6,768;0,296;1,005;9,33E-5;93,29;100,53;0,00;0,00
6,769;0,295;1,005;9,33E-5;93,28;100,51;0,00;0,00
6,770;0,295;1,005;9,33E-5;93,28;100,49;0,00;0,00
6,771;0,297;1,006;9,33E-5;93,32;100,60;0,00;0,00
6,772;0,296;1,006;9,33E-5;93,31;100,57;0,00;0,00
6,773;0,295;1,005;9,33E-5;93,28;100,46;0,00;0,00
6,774;0,295;1,005;9,33E-5;93,28;100,49;0,00;0,00
6,775;0,295;1,004;9,33E-5;93,26;100,42;0,00;0,00
6,776;0,296;1,005;9,33E-5;93,30;100,55;0,00;0,00
6,777;0,297;1,006;9,33E-5;93,32;100,61;0,00;0,00
6,778;0,296;1,006;9,33E-5;93,31;100,58;0,00;0,00
6,779;0,295;1,005;9,33E-5;93,28;100,49;0,00;0,00
6,780;0,296;1,005;9,33E-5;93,29;100,46;0,00;0,00
6,781;0,295;1,004;9,33E-5;93,27;100,40;0,00;0,00
6,782;0,295;1,005;9,33E-5;93,27;100,45;0,00;0,00
6,783;0,296;1,006;9,33E-5;93,30;100,56;0,00;0,00
6,784;0,295;1,005;9,33E-5;93,27;100,46;0,00;0,00
6,785;0,296;1,005;9,33E-5;93,29;100,54;0,00;0,00
6,786;0,296;1,005;9,33E-5;93,29;100,54;0,00;0,00
6,787;0,295;1,005;9,33E-5;93,28;100,50;0,00;0,00
6,788;0,296;1,005;9,33E-5;93,29;100,50;0,00;0,00
6,789;0,296;1,006;9,33E-5;93,31;100,61;0,00;0,00
6,790;0,296;1,006;9,33E-5;93,30;100,55;0,00;0,00
6,791;0,296;1,005;9,33E-5;93,30;100,54;0,00;0,00
6,792;0,296;1,005;9,33E-5;93,30;100,52;0,00;0,00
6,793;0,296;1,005;9,33E-5;93,29;100,51;0,00;0,00
6,794;0,295;1,004;9,33E-5;93,27;100,44;0,00;0,00
6,795;0,297;1,006;9,33E-5;93,32;100,60;0,00;0,00
6,796;0,296;1,005;9,33E-5;93,29;100,52;0,00;0,00
6,797;0,295;1,005;9,33E-5;93,28;100,49;0,00;0,00
6,798;0,295;1,005;9,33E-5;93,28;100,49;0,00;0,00
6,799;0,296;1,006;9,33E-5;93,30;100,56;0,00;0,00
6,800;0,295;1,004;9,33E-5;93,27;100,43;0,00;0,00
6,801;0,295;1,004;9,33E-5;93,26;100,41;0,00;0,00
6,802;0,295;1,004;9,33E-5;93,27;100,44;0,00;0,00
6,803;0,295;1,004;9,33E-5;93,27;100,45;0,00;0,00
6,804;0,295;1,005;9,33E-5;93,28;100,47;0,00;0,00
6,805;0,296;1,006;9,33E-5;93,30;100,56;0,00;0,00
6,806;0,296;1,006;9,33E-5;93,31;100,59;0,00;0,00
6,807;0,297;1,006;9,33E-5;93,33;100,60;0,00;0,00
6,808;0,295;1,004;9,33E-5;93,27;100,43;0,00;0,00
6,809;0,294;1,003;9,32E-5;93,23;100,35;0,00;0,00
6,810;0,295;1,004;9,33E-5;93,27;100,44;0,00;0,00
6,811;0,295;1,004;9,33E-5;93,27;100,44;0,00;0,00
6,812;0,296;1,005;9,33E-5;93,29;100,49;0,00;0,00
6,813;0,295;1,004;9,33E-5;93,27;100,43;0,00;0,00
6,814;0,294;1,004;9,33E-5;93,25;100,38;0,00;0,00
6,815;0,296;1,005;9,33E-5;93,29;100,52;0,00;0,00
6,816;0,296;1,006;9,33E-5;93,32;100,57;0,00;0,00
6,817;0,296;1,006;9,33E-5;93,30;100,55;0,00;0,00
6,818;0,296;1,005;9,33E-5;93,29;100,51;0,00;0,00
6,819;0,296;1,005;9,33E-5;93,29;100,52;0,00;0,00
6,820;0,296;1,005;9,33E-5;93,30;100,52;0,00;0,00
6,821;0,297;1,007;9,33E-5;93,35;100,66;0,00;0,00
6,822;0,296;1,006;9,33E-5;93,31;100,57;0,00;0,00
6,823;0,296;1,006;9,33E-5;93,30;100,56;0,00;0,00
6,824;0,296;1,006;9,33E-5;93,32;100,58;0,00;0,00
6,825;0,296;1,005;9,33E-5;93,30;100,49;0,00;0,00
6,826;0,296;1,006;9,33E-5;93,32;100,56;0,00;0,00
6,827;0,296;1,005;9,33E-5;93,30;100,54;0,00;0,00
6,828;0,296;1,005;9,33E-5;93,29;100,49;0,00;0,00
6,829;0,295;1,005;9,33E-5;93,28;100,48;0,00;0,00
6,830;0,296;1,006;9,33E-5;93,31;100,55;0,00;0,00
6,831;0,295;1,005;9,33E-5;93,28;100,47;0,00;0,00
6,832;0,296;1,005;9,33E-5;93,32;100,55;0,00;0,00
6,833;0,296;1,005;9,33E-5;93,31;100,50;0,00;0,00
6,834;0,296;1,005;9,33E-5;93,31;100,55;0,00;0,00
6,835;0,297;1,006;9,33E-5;93,33;100,63;0,00;0,00
6,836;0,297;1,006;9,33E-5;93,32;100,56;0,00;0,00
6,837;0,296;1,005;9,33E-5;93,29;100,46;0,00;0,00
6,838;0,296;1,005;9,33E-5;93,30;100,52;0,00;0,00
6,839;0,295;1,004;9,33E-5;93,27;100,38;0,00;0,00
6,840;0,294;1,004;9,32E-5;93,24;100,35;0,00;0,00
6,841;0,295;1,004;9,33E-5;93,27;100,42;0,00;0,00
6,842;0,296;1,005;9,33E-5;93,29;100,50;0,00;0,00
6,843;0,297;1,005;9,33E-5;93,32;100,54;0,00;0,00
6,844;0,296;1,005;9,33E-5;93,32;100,54;0,00;0,00
6,845;0,295;1,004;9,33E-5;93,26;100,38;0,00;0,00
6,846;0,295;1,004;9,33E-5;93,26;100,41;0,00;0,00
6,847;0,295;1,005;9,33E-5;93,28;100,45;0,00;0,00
6,848;0,295;1,005;9,33E-5;93,28;100,48;0,00;0,00
6,849;0,297;1,006;9,33E-5;93,33;100,62;0,00;0,00
6,850;0,297;1,006;9,33E-5;93,32;100,59;0,00;0,00
6,851;0,297;1,006;9,33E-5;93,32;100,56;0,00;0,00
6,852;0,296;1,005;9,33E-5;93,29;100,48;0,00;0,00
6,853;0,296;1,005;9,33E-5;93,30;100,51;0,00;0,00
6,854;0,295;1,004;9,33E-5;93,27;100,44;0,00;0,00
6,855;0,295;1,004;9,33E-5;93,28;100,43;0,00;0,00
6,856;0,296;1,005;9,33E-5;93,30;100,49;0,00;0,00
6,857;0,295;1,005;9,33E-5;93,28;100,46;0,00;0,00
6,858;0,295;1,004;9,33E-5;93,27;100,41;0,00;0,00
6,859;0,296;1,005;9,33E-5;93,31;100,49;0,00;0,00
6,860;0,296;1,005;9,33E-5;93,30;100,49;0,00;0,00
6,861;0,295;1,004;9,33E-5;93,26;100,41;0,00;0,00
6,862;0,295;1,004;9,33E-5;93,28;100,45;0,00;0,00
6,863;0,296;1,005;9,33E-5;93,29;100,49;0,00;0,00
6,864;0,295;1,004;9,33E-5;93,27;100,41;0,00;0,00
6,865;0,294;1,003;9,32E-5;93,25;100,31;0,00;0,00
6,866;0,295;1,004;9,33E-5;93,26;100,37;0,00;0,00
6,867;0,295;1,004;9,33E-5;93,26;100,40;0,00;0,00
6,868;0,295;1,005;9,33E-5;93,28;100,47;0,00;0,00
6,869;0,295;1,004;9,33E-5;93,28;100,43;0,00;0,00
6,870;0,295;1,004;9,33E-5;93,26;100,38;0,00;0,00
6,871;0,295;1,004;9,33E-5;93,28;100,43;0,00;0,00
6,872;0,295;1,004;9,33E-5;93,28;100,44;0,00;0,00
6,873;0,295;1,004;9,33E-5;93,27;100,40;0,00;0,00
6,874;0,296;1,005;9,33E-5;93,31;100,53;0,00;0,00
6,875;0,296;1,005;9,33E-5;93,30;100,51;0,00;0,00
6,876;0,296;1,005;9,33E-5;93,31;100,51;0,00;0,00
6,877;0,297;1,006;9,33E-5;93,32;100,61;0,00;0,00
6,878;0,296;1,005;9,33E-5;93,29;100,49;0,00;0,00
6,879;0,296;1,004;9,33E-5;93,29;100,44;0,00;0,00
6,880;0,295;1,003;9,33E-5;93,26;100,34;0,00;0,00
6,881;0,295;1,004;9,33E-5;93,28;100,42;0,00;0,00
6,882;0,295;1,004;9,33E-5;93,28;100,43;0,00;0,00
6,883;0,296;1,005;9,33E-5;93,31;100,54;0,00;0,00
6,884;0,296;1,005;9,33E-5;93,31;100,52;0,00;0,00
6,885;0,295;1,005;9,33E-5;93,28;100,46;0,00;0,00
6,886;0,296;1,005;9,33E-5;93,29;100,47;0,00;0,00
6,887;0,296;1,005;9,33E-5;93,30;100,49;0,00;0,00
6,888;0,295;1,004;9,33E-5;93,27;100,38;0,00;0,00
6,889;0,295;1,004;9,33E-5;93,28;100,42;0,00;0,00
6,890;0,296;1,005;9,33E-5;93,30;100,52;0,00;0,00
6,891;0,297;1,006;9,33E-5;93,33;100,56;0,00;0,00
6,892;0,296;1,005;9,33E-5;93,30;100,46;0,00;0,00
6,893;0,296;1,005;9,33E-5;93,29;100,48;0,00;0,00
6,894;0,294;1,004;9,33E-5;93,25;100,37;0,00;0,00
6,895;0,296;1,005;9,33E-5;93,30;100,50;0,00;0,00
6,896;0,294;1,004;9,32E-5;93,25;100,35;0,00;0,00
6,897;0,295;1,004;9,33E-5;93,27;100,41;0,00;0,00
6,898;0,296;1,005;9,33E-5;93,29;100,45;0,00;0,00
6,899;0,296;1,005;9,33E-5;93,31;100,54;0,00;0,00
6,900;0,295;1,004;9,33E-5;93,27;100,40;0,00;0,00
6,901;0,295;1,004;9,33E-5;93,28;100,41;0,00;0,00
6,902;0,296;1,005;9,33E-5;93,29;100,48;0,00;0,00
6,903;0,296;1,005;9,33E-5;93,30;100,52;0,00;0,00
6,904;0,295;1,004;9,33E-5;93,28;100,43;0,00;0,00
6,905;0,295;1,004;9,33E-5;93,27;100,42;0,00;0,00
6,906;0,295;1,004;9,33E-5;93,26;100,40;0,00;0,00
6,907;0,295;1,004;9,33E-5;93,27;100,42;0,00;0,00
6,908;0,297;1,006;9,33E-5;93,34;100,61;0,00;0,00
6,909;0,295;1,005;9,33E-5;93,28;100,45;0,00;0,00
6,910;0,296;1,005;9,33E-5;93,30;100,49;0,00;0,00
6,911;0,295;1,005;9,33E-5;93,28;100,48;0,00;0,00
6,912;0,296;1,005;9,33E-5;93,29;100,47;0,00;0,00
6,913;0,295;1,004;9,33E-5;93,28;100,41;0,00;0,00
6,914;0,295;1,004;9,33E-5;93,28;100,44;0,00;0,00
6,915;0,295;1,005;9,33E-5;93,28;100,45;0,00;0,00
6,916;0,295;1,004;9,33E-5;93,27;100,44;0,00;0,00
6,917;0,295;1,005;9,33E-5;93,28;100,45;0,00;0,00
6,918;0,296;1,004;9,33E-5;93,29;100,45;0,00;0,00
6,919;0,295;1,004;9,33E-5;93,26;100,38;0,00;0,00
6,920;0,296;1,005;9,33E-5;93,30;100,47;0,00;0,00
6,921;0,297;1,006;9,33E-5;93,33;100,59;0,00;0,00
6,922;0,296;1,005;9,33E-5;93,31;100,52;0,00;0,00
6,923;0,296;1,005;9,33E-5;93,29;100,47;0,00;0,00
6,924;0,295;1,004;9,33E-5;93,28;100,42;0,00;0,00
6,925;0,295;1,004;9,33E-5;93,28;100,41;0,00;0,00
6,926;0,294;1,003;9,32E-5;93,25;100,30;0,00;0,00
6,927;0,296;1,004;9,33E-5;93,29;100,42;0,00;0,00
6,928;0,295;1,004;9,33E-5;93,28;100,40;0,00;0,00
6,929;0,295;1,003;9,33E-5;93,25;100,32;0,00;0,00
6,930;0,296;1,005;9,33E-5;93,31;100,48;0,00;0,00
6,931;0,296;1,005;9,33E-5;93,30;100,46;0,00;0,00
6,932;0,295;1,004;9,33E-5;93,28;100,43;0,00;0,00
6,933;0,295;1,004;9,33E-5;93,27;100,40;0,00;0,00
6,934;0,295;1,004;9,33E-5;93,27;100,40;0,00;0,00
6,935;0,296;1,004;9,33E-5;93,29;100,44;0,00;0,00
6,936;0,296;1,005;9,33E-5;93,30;100,48;0,00;0,00
6,937;0,296;1,004;9,33E-5;93,29;100,45;0,00;0,00
6,938;0,295;1,004;9,33E-5;93,27;100,40;0,00;0,00
6,939;0,296;1,004;9,33E-5;93,29;100,41;0,00;0,00
6,940;0,295;1,004;9,33E-5;93,28;100,38;0,00;0,00
6,941;0,296;1,005;9,33E-5;93,31;100,48;0,00;0,00
6,942;0,295;1,004;9,33E-5;93,28;100,42;0,00;0,00
6,943;0,297;1,006;9,33E-5;93,34;100,58;0,00;0,00
6,944;0,296;1,005;9,33E-5;93,30;100,48;0,00;0,00
6,945;0,297;1,005;9,33E-5;93,33;100,55;0,00;0,00
6,946;0,295;1,004;9,33E-5;93,28;100,41;0,00;0,00
6,947;0,296;1,005;9,33E-5;93,31;100,49;0,00;0,00
6,948;0,296;1,005;9,33E-5;93,30;100,47;0,00;0,00
6,949;0,296;1,005;9,33E-5;93,31;100,50;0,00;0,00
6,950;0,296;1,004;9,33E-5;93,29;100,45;0,00;0,00
6,951;0,296;1,005;9,33E-5;93,31;100,47;0,00;0,00
6,952;0,296;1,004;9,33E-5;93,29;100,38;0,00;0,00
6,953;0,296;1,004;9,33E-5;93,29;100,40;0,00;0,00
6,954;0,296;1,005;9,33E-5;93,30;100,49;0,00;0,00
6,955;0,295;1,004;9,33E-5;93,28;100,41;0,00;0,00
6,956;0,296;1,004;9,33E-5;93,29;100,38;0,00;0,00
6,957;0,296;1,005;9,33E-5;93,29;100,45;0,00;0,00
6,958;0,295;1,004;9,33E-5;93,28;100,42;0,00;0,00
6,959;0,295;1,004;9,33E-5;93,28;100,43;0,00;0,00
6,960;0,295;1,004;9,33E-5;93,28;100,40;0,00;0,00
6,961;0,296;1,005;9,33E-5;93,31;100,51;0,00;0,00
6,962;0,295;1,004;9,33E-5;93,26;100,39;0,00;0,00
6,963;0,296;1,005;9,33E-5;93,32;100,53;0,00;0,00
6,964;0,296;1,005;9,33E-5;93,31;100,50;0,00;0,00
6,965;0,295;1,003;9,33E-5;93,27;100,33;0,00;0,00
6,966;0,295;1,004;9,33E-5;93,27;100,39;0,00;0,00
6,967;0,296;1,005;9,33E-5;93,31;100,49;0,00;0,00
6,968;0,295;1,004;9,33E-5;93,28;100,43;0,00;0,00
6,969;0,296;1,005;9,33E-5;93,31;100,47;0,00;0,00
6,970;0,296;1,005;9,33E-5;93,31;100,50;0,00;0,00
6,971;0,296;1,005;9,33E-5;93,32;100,49;0,00;0,00
6,972;0,295;1,004;9,33E-5;93,28;100,42;0,00;0,00
6,973;0,294;1,003;9,33E-5;93,25;100,32;0,00;0,00
6,974;0,295;1,004;9,33E-5;93,28;100,42;0,00;0,00
6,975;0,294;1,003;9,32E-5;93,23;100,27;0,00;0,00
6,976;0,294;1,003;9,32E-5;93,25;100,31;0,00;0,00
6,977;0,296;1,004;9,33E-5;93,29;100,43;0,00;0,00
6,978;0,296;1,004;9,33E-5;93,29;100,42;0,00;0,00
6,979;0,294;1,003;9,32E-5;93,25;100,30;0,00;0,00
6,980;0,295;1,004;9,33E-5;93,28;100,40;0,00;0,00
6,981;0,296;1,004;9,33E-5;93,30;100,44;0,00;0,00
6,982;0,296;1,005;9,33E-5;93,32;100,49;0,00;0,00
6,983;0,295;1,004;9,33E-5;93,28;100,39;0,00;0,00
6,984;0,295;1,003;9,33E-5;93,26;100,35;0,00;0,00
6,985;0,295;1,004;9,33E-5;93,27;100,40;0,00;0,00
6,986;0,296;1,005;9,33E-5;93,30;100,51;0,00;0,00
6,987;0,296;1,005;9,33E-5;93,30;100,47;0,00;0,00
6,988;0,295;1,004;9,33E-5;93,28;100,41;0,00;0,00
6,989;0,296;1,005;9,33E-5;93,30;100,47;0,00;0,00
6,990;0,296;1,004;9,33E-5;93,29;100,45;0,00;0,00
6,991;0,296;1,005;9,33E-5;93,30;100,47;0,00;0,00
6,992;0,296;1,004;9,33E-5;93,29;100,44;0,00;0,00
6,993;0,296;1,005;9,33E-5;93,29;100,45;0,00;0,00
6,994;0,296;1,005;9,33E-5;93,30;100,48;0,00;0,00
6,995;0,297;1,006;9,33E-5;93,34;100,59;0,00;0,00
6,996;0,296;1,004;9,33E-5;93,29;100,45;0,00;0,00
6,997;0,293;1,002;9,32E-5;93,22;100,20;0,00;0,00
6,998;0,295;1,003;9,33E-5;93,27;100,33;0,00;0,00
6,999;0,296;1,004;9,33E-5;93,29;100,39;0,00;0,00
7,000;0,295;1,004;9,33E-5;93,28;100,37;0,00;0,00
7,001;0,296;1,005;9,33E-5;93,30;100,47;0,00;0,00
7,002;0,296;1,005;9,33E-5;93,30;100,47;0,00;0,00
7,003;0,296;1,004;9,33E-5;93,29;100,43;0,00;0,00
7,004;0,295;1,003;9,33E-5;93,26;100,33;0,00;0,00
7,005;0,296;1,004;9,33E-5;93,29;100,42;0,00;0,00
7,006;0,295;1,004;9,33E-5;93,28;100,39;0,00;0,00
7,007;0,297;1,005;9,33E-5;93,32;100,51;0,00;0,00
7,008;0,296;1,005;9,33E-5;93,31;100,50;0,00;0,00
7,009;0,296;1,004;9,33E-5;93,29;100,39;0,00;0,00
7,010;0,295;1,004;9,33E-5;93,28;100,38;0,00;0,00
7,011;0,295;1,004;9,33E-5;93,27;100,36;0,00;0,00
7,012;0,295;1,003;9,33E-5;93,26;100,31;0,00;0,00
7,013;0,295;1,003;9,33E-5;93,26;100,31;0,00;0,00
7,014;0,296;1,004;9,33E-5;93,30;100,42;0,00;0,00
7,015;0,297;1,005;9,33E-5;93,33;100,55;0,00;0,00
7,016;0,295;1,003;9,33E-5;93,27;100,30;0,00;0,00
7,017;0,295;1,004;9,33E-5;93,28;100,40;0,00;0,00
7,018;0,296;1,004;9,33E-5;93,30;100,44;0,00;0,00
7,019;0,295;1,004;9,33E-5;93,28;100,37;0,00;0,00
7,020;0,295;1,004;9,33E-5;93,27;100,39;0,00;0,00
7,021;0,294;1,003;9,32E-5;93,25;100,31;0,00;0,00
7,022;0,294;1,003;9,32E-5;93,25;100,28;0,00;0,00
7,023;0,296;1,005;9,33E-5;93,31;100,50;0,00;0,00
7,024;0,296;1,004;9,33E-5;93,30;100,43;0,00;0,00
7,025;0,295;1,003;9,33E-5;93,26;100,31;0,00;0,00
7,026;0,296;1,005;9,33E-5;93,29;100,46;0,00;0,00
7,027;0,296;1,004;9,33E-5;93,30;100,41;0,00;0,00
7,028;0,296;1,004;9,33E-5;93,30;100,43;0,00;0,00
7,029;0,295;1,004;9,33E-5;93,28;100,37;0,00;0,00
7,030;0,296;1,004;9,33E-5;93,29;100,36;0,00;0,00
7,031;0,295;1,004;9,33E-5;93,28;100,36;0,00;0,00
7,032;0,296;1,004;9,33E-5;93,30;100,42;0,00;0,00
7,033;0,296;1,005;9,33E-5;93,30;100,49;0,00;0,00
7,034;0,297;1,006;9,33E-5;93,34;100,60;0,00;0,00
7,035;0,297;1,006;9,33E-5;93,34;100,59;0,00;0,00
7,036;0,297;1,006;9,33E-5;93,35;100,59;0,00;0,00
7,037;0,296;1,005;9,33E-5;93,31;100,48;0,00;0,00
7,038;0,296;1,004;9,33E-5;93,29;100,44;0,00;0,00
7,039;0,296;1,004;9,33E-5;93,29;100,43;0,00;0,00
7,040;0,297;1,005;9,33E-5;93,32;100,52;0,00;0,00
7,041;0,296;1,004;9,33E-5;93,31;100,43;0,00;0,00
7,042;0,295;1,004;9,33E-5;93,28;100,35;0,00;0,00
7,043;0,295;1,004;9,33E-5;93,27;100,36;0,00;0,00
7,044;0,294;1,003;9,33E-5;93,25;100,27;0,00;0,00
7,045;0,295;1,003;9,33E-5;93,27;100,32;0,00;0,00
7,046;0,295;1,004;9,33E-5;93,28;100,37;0,00;0,00
7,047;0,296;1,004;9,33E-5;93,29;100,36;0,00;0,00
7,048;0,296;1,004;9,33E-5;93,30;100,38;0,00;0,00
7,049;0,295;1,004;9,33E-5;93,28;100,37;0,00;0,00
7,050;0,295;1,002;9,33E-5;93,25;100,25;0,00;0,00
7,051;0,295;1,003;9,33E-5;93,26;100,33;0,00;0,00
7,052;0,295;1,004;9,33E-5;93,27;100,38;0,00;0,00
7,053;0,294;1,003;9,32E-5;93,24;100,29;0,00;0,00
7,054;0,294;1,003;9,32E-5;93,23;100,26;0,00;0,00
7,055;0,295;1,003;9,33E-5;93,27;100,35;0,00;0,00
7,056;0,296;1,004;9,33E-5;93,30;100,44;0,00;0,00
7,057;0,295;1,003;9,33E-5;93,26;100,29;0,00;0,00
7,058;0,295;1,003;9,33E-5;93,27;100,31;0,00;0,00
7,059;0,295;1,004;9,33E-5;93,27;100,37;0,00;0,00
7,060;0,296;1,005;9,33E-5;93,31;100,46;0,00;0,00
7,061;0,296;1,005;9,33E-5;93,31;100,49;0,00;0,00
7,062;0,296;1,005;9,33E-5;93,31;100,49;0,00;0,00
7,063;0,294;1,003;9,33E-5;93,25;100,26;0,00;0,00
7,064;0,296;1,005;9,33E-5;93,31;100,49;0,00;0,00
7,065;0,296;1,004;9,33E-5;93,30;100,44;0,00;0,00
7,066;0,297;1,005;9,33E-5;93,33;100,55;0,00;0,00
7,067;0,296;1,004;9,33E-5;93,29;100,41;0,00;0,00
7,068;0,297;1,006;9,33E-5;93,34;100,56;0,00;0,00
7,069;0,296;1,005;9,33E-5;93,32;100,48;0,00;0,00
7,070;0,294;1,003;9,32E-5;93,25;100,27;0,00;0,00
7,071;0,295;1,003;9,33E-5;93,26;100,31;0,00;0,00
7,072;0,295;1,004;9,33E-5;93,28;100,39;0,00;0,00
7,073;0,295;1,003;9,33E-5;93,27;100,33;0,00;0,00
7,074;0,296;1,004;9,33E-5;93,29;100,38;0,00;0,00
7,075;0,297;1,006;9,33E-5;93,34;100,55;0,00;0,00
7,076;0,296;1,004;9,33E-5;93,30;100,42;0,00;0,00
7,077;0,296;1,004;9,33E-5;93,31;100,43;0,00;0,00
7,078;0,296;1,004;9,33E-5;93,29;100,42;0,00;0,00
7,079;0,295;1,003;9,33E-5;93,27;100,31;0,00;0,00
7,080;0,296;1,005;9,33E-5;93,31;100,46;0,00;0,00
7,081;0,296;1,005;9,33E-5;93,32;100,47;0,00;0,00
7,082;0,296;1,004;9,33E-5;93,29;100,37;0,00;0,00
7,083;0,296;1,004;9,33E-5;93,30;100,40;0,00;0,00
7,084;0,295;1,003;9,33E-5;93,28;100,35;0,00;0,00
7,085;0,296;1,004;9,33E-5;93,31;100,44;0,00;0,00
7,086;0,295;1,004;9,33E-5;93,29;100,37;0,00;0,00
7,087;0,296;1,004;9,33E-5;93,30;100,41;0,00;0,00
7,088;0,297;1,005;9,33E-5;93,33;100,53;0,00;0,00
7,089;0,294;1,003;9,32E-5;93,25;100,27;0,00;0,00
7,090;0,296;1,004;9,33E-5;93,29;100,38;0,00;0,00
7,091;0,297;1,005;9,33E-5;93,32;100,52;0,00;0,00
7,092;0,297;1,006;9,33E-5;93,33;100,57;0,00;0,00
7,093;0,296;1,004;9,33E-5;93,29;100,37;0,00;0,00
7,094;0,297;1,005;9,33E-5;93,33;100,51;0,00;0,00
7,095;0,296;1,005;9,33E-5;93,32;100,47;0,00;0,00
7,096;0,296;1,004;9,33E-5;93,30;100,44;0,00;0,00
7,097;0,296;1,004;9,33E-5;93,29;100,41;0,00;0,00
7,098;0,296;1,005;9,33E-5;93,30;100,46;0,00;0,00
7,099;0,296;1,004;9,33E-5;93,30;100,38;0,00;0,00
7,100;0,295;1,003;9,33E-5;93,27;100,31;0,00;0,00
7,101;0,295;1,003;9,33E-5;93,26;100,27;0,00;0,00
7,102;0,294;1,003;9,33E-5;93,25;100,26;0,00;0,00
7,103;0,296;1,004;9,33E-5;93,30;100,37;0,00;0,00
7,104;0,296;1,005;9,33E-5;93,31;100,45;0,00;0,00
7,105;0,296;1,004;9,33E-5;93,31;100,42;0,00;0,00
7,106;0,296;1,004;9,33E-5;93,30;100,38;0,00;0,00
7,107;0,295;1,003;9,33E-5;93,28;100,29;0,00;0,00
7,108;0,295;1,003;9,33E-5;93,28;100,35;0,00;0,00
7,109;0,296;1,004;9,33E-5;93,30;100,37;0,00;0,00
7,110;0,295;1,003;9,33E-5;93,26;100,31;0,00;0,00
7,111;0,295;1,003;9,33E-5;93,27;100,30;0,00;0,00
7,112;0,296;1,004;9,33E-5;93,29;100,39;0,00;0,00
7,113;0,294;1,002;9,32E-5;93,25;100,24;0,00;0,00
7,114;0,294;1,002;9,32E-5;93,24;100,22;0,00;0,00
7,115;0,295;1,003;9,33E-5;93,27;100,31;0,00;0,00
7,116;0,296;1,004;9,33E-5;93,29;100,40;0,00;0,00
7,117;0,296;1,004;9,33E-5;93,30;100,43;0,00;0,00
7,118;0,296;1,004;9,33E-5;93,30;100,44;0,00;0,00
7,119;0,296;1,004;9,33E-5;93,30;100,44;0,00;0,00
7,120;0,296;1,004;9,33E-5;93,29;100,39;0,00;0,00
7,121;0,296;1,004;9,33E-5;93,29;100,38;0,00;0,00
7,122;0,297;1,006;9,33E-5;93,35;100,57;0,00;0,00
7,123;0,297;1,005;9,33E-5;93,34;100,49;0,00;0,00
7,124;0,297;1,005;9,33E-5;93,33;100,51;0,00;0,00
7,125;0,297;1,005;9,33E-5;93,34;100,54;0,00;0,00
7,126;0,297;1,005;9,33E-5;93,33;100,52;0,00;0,00
7,127;0,294;1,003;9,33E-5;93,25;100,30;0,00;0,00
7,128;0,295;1,003;9,33E-5;93,28;100,35;0,00;0,00
7,129;0,296;1,004;9,33E-5;93,29;100,38;0,00;0,00
7,130;0,297;1,005;9,33E-5;93,32;100,48;0,00;0,00
7,131;0,297;1,005;9,33E-5;93,32;100,49;0,00;0,00
7,132;0,296;1,004;9,33E-5;93,29;100,38;0,00;0,00
7,133;0,295;1,003;9,33E-5;93,26;100,28;0,00;0,00
7,134;0,296;1,004;9,33E-5;93,30;100,43;0,00;0,00
7,135;0,296;1,004;9,33E-5;93,29;100,35;0,00;0,00
7,136;0,295;1,003;9,33E-5;93,27;100,34;0,00;0,00
7,137;0,295;1,004;9,33E-5;93,28;100,36;0,00;0,00
7,138;0,297;1,005;9,33E-5;93,32;100,49;0,00;0,00
7,139;0,296;1,004;9,33E-5;93,29;100,38;0,00;0,00
7,140;0,295;1,003;9,33E-5;93,28;100,35;0,00;0,00
7,141;0,296;1,004;9,33E-5;93,31;100,44;0,00;0,00
7,142;0,297;1,005;9,33E-5;93,32;100,49;0,00;0,00
7,143;0,297;1,005;9,33E-5;93,33;100,54;0,00;0,00
7,144;0,296;1,005;9,33E-5;93,32;100,48;0,00;0,00
7,145;0,296;1,004;9,33E-5;93,30;100,41;0,00;0,00
7,146;0,295;1,004;9,33E-5;93,28;100,39;0,00;0,00
7,147;0,295;1,004;9,33E-5;93,28;100,37;0,00;0,00
7,148;0,295;1,003;9,33E-5;93,27;100,31;0,00;0,00
7,149;0,296;1,004;9,33E-5;93,29;100,40;0,00;0,00
7,150;0,295;1,004;9,33E-5;93,28;100,37;0,00;0,00
7,151;0,297;1,005;9,33E-5;93,33;100,50;0,00;0,00
7,152;0,296;1,004;9,33E-5;93,29;100,38;0,00;0,00
7,153;0,296;1,004;9,33E-5;93,29;100,39;0,00;0,00
7,154;0,295;1,004;9,33E-5;93,28;100,37;0,00;0,00
7,155;0,296;1,004;9,33E-5;93,29;100,41;0,00;0,00
7,156;0,295;1,004;9,33E-5;93,28;100,35;0,00;0,00
7,157;0,296;1,004;9,33E-5;93,31;100,43;0,00;0,00
7,158;0,295;1,003;9,33E-5;93,26;100,28;0,00;0,00
7,159;0,296;1,003;9,33E-5;93,29;100,35;0,00;0,00
7,160;0,296;1,005;9,33E-5;93,31;100,47;0,00;0,00
7,161;0,296;1,004;9,33E-5;93,29;100,35;0,00;0,00
7,162;0,295;1,003;9,33E-5;93,26;100,28;0,00;0,00
7,163;0,295;1,003;9,33E-5;93,27;100,27;0,00;0,00
7,164;0,296;1,004;9,33E-5;93,31;100,43;0,00;0,00
7,165;0,296;1,003;9,33E-5;93,29;100,34;0,00;0,00
7,166;0,295;1,003;9,33E-5;93,26;100,33;0,00;0,00
7,167;0,296;1,003;9,33E-5;93,29;100,35;0,00;0,00
7,168;0,295;1,003;9,33E-5;93,26;100,25;0,00;0,00
7,169;0,295;1,003;9,33E-5;93,26;100,26;0,00;0,00
7,170;0,295;1,002;9,33E-5;93,26;100,23;0,00;0,00
7,171;0,295;1,003;9,33E-5;93,27;100,30;0,00;0,00
7,172;0,294;1,002;9,32E-5;93,24;100,23;0,00;0,00
7,173;0,295;1,003;9,33E-5;93,27;100,33;0,00;0,00
7,174;0,296;1,004;9,33E-5;93,30;100,41;0,00;0,00
7,175;0,297;1,005;9,33E-5;93,32;100,45;0,00;0,00
7,176;0,295;1,003;9,33E-5;93,27;100,27;0,00;0,00
7,177;0,296;1,004;9,33E-5;93,30;100,37;0,00;0,00
7,178;0,297;1,005;9,33E-5;93,32;100,48;0,00;0,00
7,179;0,296;1,004;9,33E-5;93,30;100,40;0,00;0,00
7,180;0,295;1,003;9,33E-5;93,27;100,31;0,00;0,00
7,181;0,296;1,004;9,33E-5;93,29;100,37;0,00;0,00
7,182;0,296;1,004;9,33E-5;93,30;100,38;0,00;0,00
7,183;0,296;1,004;9,33E-5;93,29;100,36;0,00;0,00
7,184;0,297;1,004;9,33E-5;93,33;100,45;0,00;0,00
7,185;0,296;1,004;9,33E-5;93,31;100,43;0,00;0,00
7,186;0,295;1,003;9,33E-5;93,27;100,30;0,00;0,00
7,187;0,295;1,003;9,33E-5;93,26;100,32;0,00;0,00
7,188;0,295;1,003;9,33E-5;93,28;100,33;0,00;0,00
7,189;0,296;1,004;9,33E-5;93,29;100,39;0,00;0,00
7,190;0,296;1,004;9,33E-5;93,31;100,41;0,00;0,00
7,191;0,295;1,003;9,33E-5;93,28;100,34;0,00;0,00
7,192;0,295;1,003;9,33E-5;93,27;100,34;0,00;0,00
7,193;0,295;1,003;9,33E-5;93,27;100,28;0,00;0,00
7,194;0,294;1,002;9,32E-5;93,24;100,17;0,00;0,00
7,195;0,295;1,003;9,33E-5;93,27;100,29;0,00;0,00
7,196;0,297;1,005;9,33E-5;93,32;100,48;0,00;0,00
7,197;0,295;1,004;9,33E-5;93,29;100,37;0,00;0,00
7,198;0,295;1,003;9,33E-5;93,26;100,26;0,00;0,00
7,199;0,295;1,003;9,33E-5;93,27;100,29;0,00;0,00
7,200;0,295;1,003;9,33E-5;93,28;100,34;0,00;0,00
7,201;0,295;1,003;9,33E-5;93,28;100,34;0,00;0,00
7,202;0,296;1,004;9,33E-5;93,30;100,39;0,00;0,00
7,203;0,296;1,004;9,33E-5;93,30;100,38;0,00;0,00
7,204;0,296;1,003;9,33E-5;93,29;100,31;0,00;0,00
7,205;0,296;1,004;9,33E-5;93,29;100,37;0,00;0,00
7,206;0,296;1,004;9,33E-5;93,30;100,38;0,00;0,00
7,207;0,296;1,004;9,33E-5;93,30;100,40;0,00;0,00
7,208;0,295;1,003;9,33E-5;93,28;100,32;0,00;0,00
7,209;0,295;1,003;9,33E-5;93,28;100,32;0,00;0,00
7,210;0,295;1,003;9,33E-5;93,28;100,30;0,00;0,00
7,211;0,296;1,003;9,33E-5;93,29;100,33;0,00;0,00
7,212;0,296;1,003;9,33E-5;93,29;100,32;0,00;0,00
7,213;0,296;1,004;9,33E-5;93,29;100,36;0,00;0,00
7,214;0,296;1,004;9,33E-5;93,30;100,38;0,00;0,00
7,215;0,295;1,003;9,33E-5;93,28;100,33;0,00;0,00
7,216;0,296;1,004;9,33E-5;93,32;100,42;0,00;0,00
7,217;0,296;1,004;9,33E-5;93,31;100,42;0,00;0,00
7,218;0,297;1,005;9,33E-5;93,33;100,49;0,00;0,00
7,219;0,297;1,005;9,33E-5;93,35;100,54;0,00;0,00
7,220;0,296;1,003;9,33E-5;93,30;100,33;0,00;0,00
7,221;0,296;1,003;9,33E-5;93,29;100,33;0,00;0,00
7,222;0,296;1,004;9,33E-5;93,31;100,42;0,00;0,00
7,223;0,295;1,003;9,33E-5;93,28;100,32;0,00;0,00
7,224;0,295;1,003;9,33E-5;93,28;100,28;0,00;0,00
7,225;0,296;1,004;9,33E-5;93,30;100,37;0,00;0,00
7,226;0,295;1,004;9,33E-5;93,28;100,36;0,00;0,00
7,227;0,295;1,002;9,33E-5;93,26;100,22;0,00;0,00
7,228;0,295;1,003;9,33E-5;93,28;100,27;0,00;0,00
7,229;0,296;1,003;9,33E-5;93,29;100,33;0,00;0,00
7,230;0,296;1,004;9,33E-5;93,29;100,36;0,00;0,00
7,231;0,295;1,003;9,33E-5;93,27;100,31;0,00;0,00
7,232;0,296;1,003;9,33E-5;93,29;100,34;0,00;0,00
7,233;0,294;1,002;9,32E-5;93,24;100,19;0,00;0,00
7,234;0,295;1,003;9,33E-5;93,26;100,25;0,00;0,00
7,235;0,296;1,004;9,33E-5;93,29;100,36;0,00;0,00
7,236;0,296;1,004;9,33E-5;93,30;100,41;0,00;0,00
7,237;0,296;1,003;9,33E-5;93,30;100,35;0,00;0,00
7,238;0,295;1,003;9,33E-5;93,26;100,30;0,00;0,00
7,239;0,296;1,004;9,33E-5;93,29;100,37;0,00;0,00
7,240;0,295;1,003;9,33E-5;93,28;100,35;0,00;0,00
7,241;0,295;1,003;9,33E-5;93,27;100,31;0,00;0,00
7,242;0,296;1,004;9,33E-5;93,30;100,39;0,00;0,00
7,243;0,296;1,004;9,33E-5;93,30;100,37;0,00;0,00
7,244;0,296;1,004;9,33E-5;93,31;100,39;0,00;0,00
7,245;0,297;1,005;9,33E-5;93,34;100,47;0,00;0,00
7,246;0,296;1,003;9,33E-5;93,29;100,35;0,00;0,00
7,247;0,295;1,003;9,33E-5;93,27;100,30;0,00;0,00
7,248;0,295;1,003;9,33E-5;93,28;100,31;0,00;0,00
7,249;0,296;1,003;9,33E-5;93,29;100,33;0,00;0,00
7,250;0,296;1,004;9,33E-5;93,32;100,43;0,00;0,00
7,251;0,295;1,003;9,33E-5;93,26;100,27;0,00;0,00
7,252;0,296;1,004;9,33E-5;93,29;100,37;0,00;0,00
7,253;0,296;1,004;9,33E-5;93,29;100,40;0,00;0,00
7,254;0,295;1,003;9,33E-5;93,27;100,28;0,00;0,00
7,255;0,296;1,004;9,33E-5;93,29;100,36;0,00;0,00
7,256;0,296;1,004;9,33E-5;93,30;100,39;0,00;0,00
7,257;0,295;1,003;9,33E-5;93,28;100,30;0,00;0,00
7,258;0,296;1,003;9,33E-5;93,29;100,33;0,00;0,00
7,259;0,296;1,004;9,33E-5;93,29;100,35;0,00;0,00
7,260;0,295;1,003;9,33E-5;93,27;100,28;0,00;0,00
7,261;0,295;1,003;9,33E-5;93,28;100,31;0,00;0,00
7,262;0,296;1,004;9,33E-5;93,30;100,37;0,00;0,00
7,263;0,295;1,004;9,33E-5;93,28;100,36;0,00;0,00
7,264;0,296;1,003;9,33E-5;93,29;100,32;0,00;0,00
7,265;0,296;1,004;9,33E-5;93,30;100,38;0,00;0,00
7,266;0,295;1,003;9,33E-5;93,27;100,29;0,00;0,00
7,267;0,295;1,003;9,33E-5;93,26;100,28;0,00;0,00
7,268;0,296;1,003;9,33E-5;93,29;100,32;0,00;0,00
7,269;0,296;1,003;9,33E-5;93,29;100,35;0,00;0,00
7,270;0,296;1,004;9,33E-5;93,32;100,44;0,00;0,00
7,271;0,296;1,004;9,33E-5;93,30;100,40;0,00;0,00
7,272;0,296;1,003;9,33E-5;93,29;100,30;0,00;0,00
7,273;0,296;1,004;9,33E-5;93,30;100,38;0,00;0,00
7,274;0,296;1,004;9,33E-5;93,30;100,38;0,00;0,00
7,275;0,295;1,003;9,33E-5;93,26;100,25;0,00;0,00
7,276;0,294;1,003;9,32E-5;93,25;100,26;0,00;0,00
7,277;0,295;1,003;9,33E-5;93,28;100,30;0,00;0,00
7,278;0,296;1,004;9,33E-5;93,30;100,38;0,00;0,00
7,279;0,296;1,005;9,33E-5;93,32;100,46;0,00;0,00
7,280;0,296;1,004;9,33E-5;93,29;100,36;0,00;0,00
7,281;0,294;1,002;9,33E-5;93,25;100,24;0,00;0,00
7,282;0,295;1,003;9,33E-5;93,27;100,31;0,00;0,00
7,283;0,295;1,003;9,33E-5;93,27;100,31;0,00;0,00
7,284;0,295;1,003;9,33E-5;93,27;100,31;0,00;0,00
7,285;0,295;1,002;9,33E-5;93,25;100,25;0,00;0,00
7,286;0,295;1,003;9,33E-5;93,28;100,31;0,00;0,00
7,287;0,295;1,003;9,33E-5;93,27;100,28;0,00;0,00
7,288;0,295;1,003;9,33E-5;93,28;100,34;0,00;0,00
7,289;0,297;1,004;9,33E-5;93,32;100,44;0,00;0,00
7,290;0,296;1,004;9,33E-5;93,30;100,41;0,00;0,00
7,291;0,295;1,004;9,33E-5;93,28;100,35;0,00;0,00
7,292;0,295;1,004;9,33E-5;93,29;100,37;0,00;0,00
7,293;0,295;1,003;9,33E-5;93,27;100,32;0,00;0,00
7,294;0,296;1,003;9,33E-5;93,29;100,34;0,00;0,00
7,295;0,296;1,005;9,33E-5;93,32;100,46;0,00;0,00
7,296;0,297;1,004;9,33E-5;93,32;100,45;0,00;0,00
7,297;0,297;1,005;9,33E-5;93,34;100,53;0,00;0,00
7,298;0,295;1,003;9,33E-5;93,28;100,31;0,00;0,00
7,299;0,295;1,003;9,33E-5;93,27;100,29;0,00;0,00
7,300;0,295;1,003;9,33E-5;93,28;100,34;0,00;0,00
7,301;0,296;1,004;9,33E-5;93,29;100,40;0,00;0,00
7,302;0,295;1,002;9,33E-5;93,26;100,22;0,00;0,00
7,303;0,295;1,003;9,33E-5;93,27;100,30;0,00;0,00
7,304;0,295;1,003;9,33E-5;93,28;100,32;0,00;0,00
7,305;0,294;1,002;9,32E-5;93,23;100,22;0,00;0,00
7,306;0,295;1,002;9,33E-5;93,26;100,24;0,00;0,00
7,307;0,296;1,004;9,33E-5;93,29;100,37;0,00;0,00
7,308;0,294;1,002;9,32E-5;93,25;100,23;0,00;0,00
7,309;0,295;1,003;9,33E-5;93,26;100,27;0,00;0,00
7,310;0,295;1,003;9,33E-5;93,28;100,34;0,00;0,00
7,311;0,295;1,003;9,33E-5;93,27;100,25;0,00;0,00
7,312;0,296;1,004;9,33E-5;93,30;100,39;0,00;0,00
7,313;0,296;1,004;9,33E-5;93,29;100,39;0,00;0,00
7,314;0,295;1,004;9,33E-5;93,28;100,37;0,00;0,00
7,315;0,296;1,005;9,33E-5;93,31;100,48;0,00;0,00
7,316;0,296;1,004;9,33E-5;93,31;100,45;0,00;0,00
7,317;0,295;1,003;9,33E-5;93,28;100,33;0,00;0,00
7,318;0,296;1,004;9,33E-5;93,29;100,39;0,00;0,00
7,319;0,296;1,004;9,33E-5;93,29;100,40;0,00;0,00
7,320;0,295;1,004;9,33E-5;93,28;100,37;0,00;0,00
7,321;0,296;1,004;9,33E-5;93,32;100,43;0,00;0,00
7,322;0,296;1,004;9,33E-5;93,29;100,36;0,00;0,00
7,323;0,297;1,005;9,33E-5;93,32;100,46;0,00;0,00
7,324;0,296;1,004;9,33E-5;93,31;100,42;0,00;0,00
7,325;0,296;1,004;9,33E-5;93,32;100,43;0,00;0,00
7,326;0,296;1,004;9,33E-5;93,30;100,39;0,00;0,00
7,327;0,296;1,004;9,33E-5;93,31;100,38;0,00;0,00
7,328;0,297;1,004;9,33E-5;93,32;100,41;0,00;0,00
7,329;0,296;1,003;9,33E-5;93,29;100,34;0,00;0,00
7,330;0,297;1,005;9,33E-5;93,33;100,46;0,00;0,00
7,331;0,296;1,004;9,33E-5;93,31;100,38;0,00;0,00
7,332;0,295;1,003;9,33E-5;93,27;100,32;0,00;0,00
7,333;0,295;1,002;9,33E-5;93,26;100,24;0,00;0,00
7,334;0,296;1,004;9,33E-5;93,31;100,42;0,00;0,00
7,335;0,296;1,004;9,33E-5;93,31;100,38;0,00;0,00
7,336;0,296;1,004;9,33E-5;93,31;100,36;0,00;0,00
7,337;0,295;1,003;9,33E-5;93,27;100,31;0,00;0,00
7,338;0,295;1,002;9,33E-5;93,25;100,21;0,00;0,00
7,339;0,296;1,004;9,33E-5;93,30;100,38;0,00;0,00
7,340;0,296;1,004;9,33E-5;93,29;100,36;0,00;0,00
7,341;0,296;1,004;9,33E-5;93,30;100,40;0,00;0,00
7,342;0,295;1,003;9,33E-5;93,28;100,33;0,00;0,00
7,343;0,295;1,003;9,33E-5;93,27;100,29;0,00;0,00
7,344;0,296;1,004;9,33E-5;93,31;100,43;0,00;0,00
7,345;0,295;1,003;9,33E-5;93,27;100,28;0,00;0,00
7,346;0,295;1,003;9,33E-5;93,28;100,27;0,00;0,00
7,347;0,296;1,004;9,33E-5;93,31;100,37;0,00;0,00
7,348;0,296;1,004;9,33E-5;93,30;100,38;0,00;0,00
7,349;0,297;1,004;9,33E-5;93,34;100,45;0,00;0,00
7,350;0,296;1,003;9,33E-5;93,29;100,32;0,00;0,00
7,351;0,296;1,004;9,33E-5;93,30;100,36;0,00;0,00
7,352;0,295;1,003;9,33E-5;93,28;100,28;0,00;0,00
7,353;0,295;1,002;9,33E-5;93,27;100,24;0,00;0,00
7,354;0,296;1,003;9,33E-5;93,31;100,33;0,00;0,00
7,355;0,295;1,003;9,33E-5;93,28;100,28;0,00;0,00
7,356;0,295;1,002;9,33E-5;93,27;100,22;0,00;0,00
7,357;0,296;1,004;9,33E-5;93,32;100,45;0,00;0,00
7,358;0,297;1,004;9,33E-5;93,33;100,44;0,00;0,00
7,359;0,297;1,004;9,33E-5;93,32;100,42;0,00;0,00
7,360;0,296;1,004;9,33E-5;93,31;100,41;0,00;0,00
7,361;0,296;1,004;9,33E-5;93,31;100,38;0,00;0,00
7,362;0,295;1,003;9,33E-5;93,28;100,28;0,00;0,00
7,363;0,295;1,003;9,33E-5;93,28;100,27;0,00;0,00
7,364;0,296;1,004;9,33E-5;93,32;100,37;0,00;0,00
7,365;0,296;1,004;9,33E-5;93,32;100,40;0,00;0,00
7,366;0,297;1,004;9,33E-5;93,33;100,43;0,00;0,00
7,367;0,296;1,004;9,33E-5;93,30;100,36;0,00;0,00
7,368;0,296;1,003;9,33E-5;93,30;100,31;0,00;0,00
7,369;0,297;1,005;9,33E-5;93,34;100,46;0,00;0,00
7,370;0,297;1,004;9,33E-5;93,33;100,43;0,00;0,00
7,371;0,295;1,003;9,33E-5;93,28;100,31;0,00;0,00
7,372;0,294;1,002;9,33E-5;93,25;100,20;0,00;0,00
7,373;0,295;1,003;9,33E-5;93,26;100,27;0,00;0,00
7,374;0,295;1,003;9,33E-5;93,28;100,28;0,00;0,00
7,375;0,296;1,004;9,33E-5;93,30;100,36;0,00;0,00
7,376;0,295;1,003;9,33E-5;93,28;100,29;0,00;0,00
7,377;0,297;1,004;9,33E-5;93,32;100,42;0,00;0,00
7,378;0,297;1,005;9,33E-5;93,35;100,50;0,00;0,00
7,379;0,296;1,004;9,33E-5;93,30;100,35;0,00;0,00
7,380;0,296;1,003;9,33E-5;93,29;100,30;0,00;0,00
7,381;0,295;1,003;9,33E-5;93,28;100,28;0,00;0,00
7,382;0,296;1,004;9,33E-5;93,31;100,36;0,00;0,00
7,383;0,295;1,002;9,33E-5;93,27;100,24;0,00;0,00
7,384;0,295;1,002;9,33E-5;93,27;100,20;0,00;0,00
7,385;0,296;1,003;9,33E-5;93,29;100,31;0,00;0,00
7,386;0,295;1,003;9,33E-5;93,26;100,26;0,00;0,00
7,387;0,294;1,001;9,32E-5;93,22;100,08;0,00;0,00
7,388;0,294;1,001;9,32E-5;93,23;100,13;0,00;0,00
7,389;0,294;1,002;9,33E-5;93,25;100,19;0,00;0,00
7,390;0,294;1,001;9,32E-5;93,25;100,14;0,00;0,00
7,391;0,295;1,002;9,33E-5;93,26;100,19;0,00;0,00
7,392;0,296;1,003;9,33E-5;93,29;100,28;0,00;0,00
7,393;0,295;1,003;9,33E-5;93,28;100,28;0,00;0,00
7,394;0,295;1,003;9,33E-5;93,27;100,28;0,00;0,00
7,395;0,296;1,004;9,33E-5;93,29;100,36;0,00;0,00
7,396;0,296;1,003;9,33E-5;93,30;100,33;0,00;0,00
7,397;0,295;1,003;9,33E-5;93,28;100,30;0,00;0,00
7,398;0,295;1,002;9,33E-5;93,26;100,23;0,00;0,00
7,399;0,295;1,003;9,33E-5;93,26;100,27;0,00;0,00
7,400;0,295;1,003;9,33E-5;93,26;100,26;0,00;0,00
7,401;0,295;1,002;9,33E-5;93,26;100,24;0,00;0,00
7,402;0,295;1,002;9,33E-5;93,26;100,21;0,00;0,00
7,403;0,294;1,002;9,32E-5;93,24;100,16;0,00;0,00
7,404;0,294;1,002;9,33E-5;93,25;100,22;0,00;0,00
7,405;0,295;1,003;9,33E-5;93,27;100,27;0,00;0,00
7,406;0,295;1,003;9,33E-5;93,27;100,27;0,00;0,00
7,407;0,295;1,002;9,33E-5;93,26;100,20;0,00;0,00
7,408;0,296;1,003;9,33E-5;93,29;100,31;0,00;0,00
7,409;0,296;1,003;9,33E-5;93,30;100,32;0,00;0,00
7,410;0,296;1,003;9,33E-5;93,29;100,31;0,00;0,00
7,411;0,295;1,002;9,33E-5;93,27;100,25;0,00;0,00
7,412;0,296;1,003;9,33E-5;93,30;100,32;0,00;0,00
7,413;0,296;1,003;9,33E-5;93,29;100,31;0,00;0,00
7,414;0,297;1,004;9,33E-5;93,33;100,42;0,00;0,00
7,415;0,295;1,002;9,33E-5;93,26;100,18;0,00;0,00
7,416;0,295;1,003;9,33E-5;93,28;100,26;0,00;0,00
7,417;0,295;1,002;9,33E-5;93,27;100,24;0,00;0,00
7,418;0,294;1,001;9,32E-5;93,23;100,12;0,00;0,00
7,419;0,296;1,003;9,33E-5;93,29;100,29;0,00;0,00
7,420;0,296;1,003;9,33E-5;93,30;100,31;0,00;0,00
7,421;0,296;1,003;9,33E-5;93,29;100,28;0,00;0,00
7,422;0,296;1,003;9,33E-5;93,30;100,32;0,00;0,00
7,423;0,295;1,002;9,33E-5;93,28;100,25;0,00;0,00
7,424;0,296;1,004;9,33E-5;93,31;100,37;0,00;0,00
7,425;0,296;1,004;9,33E-5;93,32;100,38;0,00;0,00
7,426;0,295;1,002;9,33E-5;93,27;100,23;0,00;0,00
7,427;0,295;1,002;9,33E-5;93,26;100,20;0,00;0,00
7,428;0,295;1,002;9,33E-5;93,28;100,23;0,00;0,00
7,429;0,297;1,004;9,33E-5;93,33;100,37;0,00;0,00
7,430;0,297;1,004;9,33E-5;93,34;100,44;0,00;0,00
7,431;0,294;1,002;9,33E-5;93,25;100,17;0,00;0,00
7,432;0,295;1,002;9,33E-5;93,27;100,24;0,00;0,00
7,433;0,296;1,003;9,33E-5;93,31;100,34;0,00;0,00
7,434;0,295;1,002;9,33E-5;93,26;100,23;0,00;0,00
7,435;0,296;1,004;9,33E-5;93,31;100,36;0,00;0,00
7,436;0,296;1,003;9,33E-5;93,29;100,31;0,00;0,00
7,437;0,295;1,003;9,33E-5;93,28;100,28;0,00;0,00
7,438;0,295;1,003;9,33E-5;93,28;100,27;0,00;0,00
7,439;0,295;1,002;9,33E-5;93,27;100,24;0,00;0,00
7,440;0,296;1,003;9,33E-5;93,30;100,35;0,00;0,00
7,441;0,295;1,003;9,33E-5;93,29;100,30;0,00;0,00
7,442;0,293;1,001;9,32E-5;93,22;100,07;0,00;0,00
7,443;0,296;1,003;9,33E-5;93,29;100,29;0,00;0,00
7,444;0,296;1,003;9,33E-5;93,30;100,28;0,00;0,00
7,445;0,294;1,002;9,33E-5;93,25;100,17;0,00;0,00
7,446;0,296;1,004;9,33E-5;93,31;100,38;0,00;0,00
7,447;0,295;1,002;9,33E-5;93,26;100,20;0,00;0,00
7,448;0,294;1,002;9,33E-5;93,25;100,20;0,00;0,00
7,449;0,296;1,003;9,33E-5;93,30;100,32;0,00;0,00
7,450;0,296;1,003;9,33E-5;93,32;100,34;0,00;0,00
7,451;0,296;1,003;9,33E-5;93,30;100,31;0,00;0,00
7,452;0,296;1,003;9,33E-5;93,29;100,33;0,00;0,00
7,453;0,295;1,003;9,33E-5;93,28;100,29;0,00;0,00
7,454;0,296;1,003;9,33E-5;93,29;100,31;0,00;0,00
7,455;0,296;1,003;9,33E-5;93,30;100,34;0,00;0,00
7,456;0,295;1,003;9,33E-5;93,27;100,26;0,00;0,00
7,457;0,296;1,003;9,33E-5;93,30;100,31;0,00;0,00
7,458;0,296;1,003;9,33E-5;93,29;100,31;0,00;0,00
7,459;0,294;1,001;9,32E-5;93,22;100,06;0,00;0,00
7,460;0,294;1,002;9,33E-5;93,25;100,17;0,00;0,00
7,461;0,295;1,003;9,33E-5;93,28;100,27;0,00;0,00
7,462;0,296;1,003;9,33E-5;93,29;100,30;0,00;0,00
7,463;0,294;1,001;9,32E-5;93,23;100,07;0,00;0,00
7,464;0,295;1,003;9,33E-5;93,28;100,26;0,00;0,00
7,465;0,295;1,002;9,33E-5;93,26;100,23;0,00;0,00
7,466;0,296;1,003;9,33E-5;93,30;100,33;0,00;0,00
7,467;0,295;1,003;9,33E-5;93,27;100,27;0,00;0,00
7,468;0,295;1,002;9,33E-5;93,26;100,21;0,00;0,00
7,469;0,296;1,003;9,33E-5;93,29;100,28;0,00;0,00
7,470;0,295;1,002;9,33E-5;93,28;100,24;0,00;0,00
7,471;0,296;1,003;9,33E-5;93,29;100,31;0,00;0,00
7,472;0,294;1,002;9,32E-5;93,24;100,16;0,00;0,00
7,473;0,295;1,003;9,33E-5;93,28;100,29;0,00;0,00
7,474;0,296;1,003;9,33E-5;93,29;100,30;0,00;0,00
7,475;0,295;1,003;9,33E-5;93,28;100,28;0,00;0,00
7,476;0,296;1,004;9,33E-5;93,30;100,36;0,00;0,00
7,477;0,295;1,003;9,33E-5;93,28;100,29;0,00;0,00
7,478;0,295;1,002;9,33E-5;93,26;100,21;0,00;0,00
7,479;0,295;1,003;9,33E-5;93,28;100,26;0,00;0,00
7,480;0,296;1,004;9,33E-5;93,31;100,35;0,00;0,00
7,481;0,296;1,003;9,33E-5;93,30;100,31;0,00;0,00
7,482;0,295;1,003;9,33E-5;93,28;100,28;0,00;0,00
7,483;0,295;1,003;9,33E-5;93,28;100,26;0,00;0,00
7,484;0,296;1,004;9,33E-5;93,32;100,36;0,00;0,00
7,485;0,296;1,003;9,33E-5;93,30;100,31;0,00;0,00
7,486;0,296;1,004;9,33E-5;93,31;100,36;0,00;0,00
7,487;0,295;1,002;9,33E-5;93,28;100,25;0,00;0,00
7,488;0,295;1,002;9,33E-5;93,26;100,21;0,00;0,00
7,489;0,295;1,002;9,33E-5;93,26;100,16;0,00;0,00
7,490;0,295;1,003;9,33E-5;93,28;100,29;0,00;0,00
7,491;0,296;1,004;9,33E-5;93,31;100,36;0,00;0,00
7,492;0,295;1,002;9,33E-5;93,28;100,25;0,00;0,00
7,493;0,294;1,001;9,32E-5;93,23;100,12;0,00;0,00
7,494;0,295;1,002;9,33E-5;93,26;100,16;0,00;0,00
7,495;0,294;1,002;9,32E-5;93,25;100,17;0,00;0,00
7,496;0,294;1,001;9,32E-5;93,23;100,11;0,00;0,00
7,497;0,294;1,001;9,32E-5;93,23;100,12;0,00;0,00
7,498;0,294;1,002;9,32E-5;93,25;100,16;0,00;0,00
7,499;0,296;1,003;9,33E-5;93,29;100,30;0,00;0,00
7,500;0,295;1,003;9,33E-5;93,28;100,28;0,00;0,00
7,501;0,295;1,003;9,33E-5;93,28;100,28;0,00;0,00
7,502;0,297;1,004;9,33E-5;93,33;100,37;0,00;0,00
7,503;0,296;1,003;9,33E-5;93,29;100,34;0,00;0,00
7,504;0,296;1,003;9,33E-5;93,30;100,32;0,00;0,00
7,505;0,296;1,003;9,33E-5;93,29;100,26;0,00;0,00
7,506;0,295;1,003;9,33E-5;93,28;100,28;0,00;0,00
7,507;0,296;1,003;9,33E-5;93,30;100,32;0,00;0,00
7,508;0,296;1,003;9,33E-5;93,30;100,32;0,00;0,00
7,509;0,296;1,003;9,33E-5;93,29;100,29;0,00;0,00
7,510;0,295;1,002;9,33E-5;93,27;100,22;0,00;0,00
7,511;0,295;1,003;9,33E-5;93,28;100,26;0,00;0,00
7,512;0,294;1,002;9,32E-5;93,24;100,19;0,00;0,00
7,513;0,295;1,003;9,33E-5;93,28;100,27;0,00;0,00
7,514;0,296;1,003;9,33E-5;93,29;100,31;0,00;0,00
7,515;0,296;1,003;9,33E-5;93,29;100,30;0,00;0,00
7,516;0,295;1,002;9,33E-5;93,26;100,22;0,00;0,00
7,517;0,295;1,003;9,33E-5;93,28;100,27;0,00;0,00
7,518;0,296;1,003;9,33E-5;93,29;100,30;0,00;0,00
7,519;0,296;1,003;9,33E-5;93,29;100,29;0,00;0,00
7,520;0,295;1,002;9,33E-5;93,26;100,21;0,00;0,00
7,521;0,295;1,003;9,33E-5;93,28;100,29;0,00;0,00
7,522;0,295;1,003;9,33E-5;93,27;100,25;0,00;0,00
7,523;0,295;1,002;9,33E-5;93,26;100,25;0,00;0,00
7,524;0,296;1,003;9,33E-5;93,30;100,30;0,00;0,00
7,525;0,296;1,003;9,33E-5;93,30;100,33;0,00;0,00
7,526;0,297;1,004;9,33E-5;93,32;100,39;0,00;0,00
7,527;0,296;1,004;9,33E-5;93,32;100,38;0,00;0,00
7,528;0,295;1,002;9,33E-5;93,27;100,22;0,00;0,00
7,529;0,295;1,002;9,33E-5;93,26;100,22;0,00;0,00
7,530;0,296;1,003;9,33E-5;93,30;100,31;0,00;0,00
7,531;0,296;1,003;9,33E-5;93,30;100,34;0,00;0,00
7,532;0,295;1,002;9,33E-5;93,27;100,24;0,00;0,00
7,533;0,295;1,002;9,33E-5;93,26;100,19;0,00;0,00
7,534;0,294;1,001;9,32E-5;93,25;100,13;0,00;0,00
7,535;0,296;1,004;9,33E-5;93,31;100,37;0,00;0,00
7,536;0,296;1,003;9,33E-5;93,30;100,34;0,00;0,00
7,537;0,295;1,002;9,33E-5;93,27;100,22;0,00;0,00
7,538;0,295;1,002;9,33E-5;93,26;100,21;0,00;0,00
7,539;0,296;1,004;9,33E-5;93,31;100,37;0,00;0,00
7,540;0,295;1,003;9,33E-5;93,28;100,26;0,00;0,00
7,541;0,296;1,004;9,33E-5;93,31;100,36;0,00;0,00
7,542;0,296;1,004;9,33E-5;93,32;100,36;0,00;0,00
7,543;0,297;1,004;9,33E-5;93,33;100,42;0,00;0,00
7,544;0,298;1,005;9,34E-5;93,36;100,48;0,00;0,00
7,545;0,297;1,004;9,33E-5;93,34;100,41;0,00;0,00
7,546;0,295;1,003;9,33E-5;93,28;100,29;0,00;0,00
7,547;0,295;1,002;9,33E-5;93,27;100,23;0,00;0,00
7,548;0,295;1,003;9,33E-5;93,28;100,27;0,00;0,00
7,549;0,296;1,004;9,33E-5;93,31;100,37;0,00;0,00
7,550;0,295;1,003;9,33E-5;93,28;100,26;0,00;0,00
7,551;0,296;1,003;9,33E-5;93,30;100,30;0,00;0,00
7,552;0,296;1,003;9,33E-5;93,29;100,28;0,00;0,00
7,553;0,296;1,003;9,33E-5;93,30;100,30;0,00;0,00
7,554;0,296;1,003;9,33E-5;93,30;100,31;0,00;0,00
7,555;0,297;1,004;9,33E-5;93,33;100,44;0,00;0,00
7,556;0,296;1,003;9,33E-5;93,30;100,29;0,00;0,00
7,557;0,296;1,003;9,33E-5;93,29;100,26;0,00;0,00
7,558;0,296;1,003;9,33E-5;93,31;100,29;0,00;0,00
7,559;0,296;1,003;9,33E-5;93,29;100,26;0,00;0,00
7,560;0,296;1,003;9,33E-5;93,31;100,27;0,00;0,00
7,561;0,296;1,003;9,33E-5;93,30;100,29;0,00;0,00
7,562;0,296;1,003;9,33E-5;93,30;100,32;0,00;0,00
7,563;0,296;1,004;9,33E-5;93,31;100,36;0,00;0,00
7,564;0,295;1,003;9,33E-5;93,28;100,27;0,00;0,00
7,565;0,296;1,003;9,33E-5;93,29;100,30;0,00;0,00
7,566;0,296;1,004;9,33E-5;93,31;100,37;0,00;0,00
7,567;0,296;1,003;9,33E-5;93,30;100,33;0,00;0,00
7,568;0,296;1,003;9,33E-5;93,30;100,32;0,00;0,00
7,569;0,294;1,002;9,33E-5;93,25;100,18;0,00;0,00
7,570;0,294;1,001;9,32E-5;93,24;100,14;0,00;0,00
7,571;0,296;1,003;9,33E-5;93,29;100,28;0,00;0,00
7,572;0,296;1,003;9,33E-5;93,29;100,29;0,00;0,00
7,573;0,296;1,003;9,33E-5;93,31;100,33;0,00;0,00
7,574;0,296;1,003;9,33E-5;93,30;100,30;0,00;0,00
7,575;0,296;1,004;9,33E-5;93,31;100,37;0,00;0,00
7,576;0,296;1,003;9,33E-5;93,29;100,28;0,00;0,00
7,577;0,296;1,004;9,33E-5;93,31;100,36;0,00;0,00
7,578;0,295;1,003;9,33E-5;93,28;100,27;0,00;0,00
7,579;0,295;1,003;9,33E-5;93,28;100,27;0,00;0,00
7,580;0,296;1,002;9,33E-5;93,29;100,25;0,00;0,00
7,581;0,295;1,002;9,33E-5;93,27;100,19;0,00;0,00
7,582;0,295;1,002;9,33E-5;93,28;100,22;0,00;0,00
7,583;0,296;1,003;9,33E-5;93,29;100,28;0,00;0,00
7,584;0,297;1,004;9,33E-5;93,32;100,35;0,00;0,00
7,585;0,296;1,003;9,33E-5;93,30;100,31;0,00;0,00
7,586;0,296;1,004;9,33E-5;93,31;100,36;0,00;0,00
7,587;0,295;1,002;9,33E-5;93,27;100,18;0,00;0,00
7,588;0,296;1,003;9,33E-5;93,29;100,26;0,00;0,00
7,589;0,296;1,003;9,33E-5;93,30;100,26;0,00;0,00
7,590;0,295;1,002;9,33E-5;93,27;100,21;0,00;0,00
7,591;0,295;1,002;9,33E-5;93,28;100,24;0,00;0,00
7,592;0,295;1,002;9,33E-5;93,27;100,23;0,00;0,00
7,593;0,296;1,003;9,33E-5;93,30;100,29;0,00;0,00
7,594;0,295;1,002;9,33E-5;93,27;100,23;0,00;0,00
7,595;0,295;1,003;9,33E-5;93,28;100,26;0,00;0,00
7,596;0,295;1,002;9,33E-5;93,27;100,19;0,00;0,00
7,597;0,297;1,004;9,33E-5;93,33;100,39;0,00;0,00
7,598;0,295;1,003;9,33E-5;93,28;100,26;0,00;0,00
7,599;0,296;1,003;9,33E-5;93,31;100,35;0,00;0,00
7,600;0,296;1,004;9,33E-5;93,32;100,39;0,00;0,00
7,601;0,297;1,004;9,33E-5;93,33;100,36;0,00;0,00
7,602;0,296;1,003;9,33E-5;93,31;100,33;0,00;0,00
7,603;0,296;1,003;9,33E-5;93,30;100,30;0,00;0,00
7,604;0,295;1,002;9,33E-5;93,27;100,23;0,00;0,00
7,605;0,296;1,003;9,33E-5;93,30;100,33;0,00;0,00
7,606;0,296;1,003;9,33E-5;93,30;100,29;0,00;0,00
7,607;0,295;1,002;9,33E-5;93,28;100,21;0,00;0,00
7,608;0,295;1,002;9,33E-5;93,26;100,16;0,00;0,00
7,609;0,295;1,002;9,33E-5;93,28;100,22;0,00;0,00
7,610;0,296;1,003;9,33E-5;93,30;100,29;0,00;0,00
7,611;0,296;1,003;9,33E-5;93,30;100,28;0,00;0,00
7,612;0,295;1,002;9,33E-5;93,26;100,18;0,00;0,00
7,613;0,295;1,003;9,33E-5;93,28;100,26;0,00;0,00
7,614;0,295;1,002;9,33E-5;93,26;100,17;0,00;0,00
7,615;0,295;1,002;9,33E-5;93,27;100,19;0,00;0,00
7,616;0,297;1,004;9,33E-5;93,34;100,43;0,00;0,00
7,617;0,296;1,004;9,33E-5;93,31;100,36;0,00;0,00
7,618;0,296;1,003;9,33E-5;93,29;100,30;0,00;0,00
7,619;0,295;1,002;9,33E-5;93,27;100,22;0,00;0,00
7,620;0,295;1,003;9,33E-5;93,28;100,25;0,00;0,00
7,621;0,296;1,003;9,33E-5;93,29;100,30;0,00;0,00
7,622;0,295;1,002;9,33E-5;93,27;100,24;0,00;0,00
7,623;0,296;1,003;9,33E-5;93,29;100,29;0,00;0,00
7,624;0,295;1,002;9,33E-5;93,27;100,22;0,00;0,00
7,625;0,295;1,002;9,33E-5;93,28;100,24;0,00;0,00
7,626;0,296;1,002;9,33E-5;93,29;100,24;0,00;0,00
7,627;0,295;1,002;9,33E-5;93,27;100,25;0,00;0,00
7,628;0,296;1,003;9,33E-5;93,29;100,30;0,00;0,00
7,629;0,295;1,002;9,33E-5;93,27;100,24;0,00;0,00
7,630;0,295;1,002;9,33E-5;93,27;100,23;0,00;0,00
7,631;0,295;1,002;9,33E-5;93,26;100,19;0,00;0,00
7,632;0,296;1,003;9,33E-5;93,29;100,28;0,00;0,00
7,633;0,295;1,002;9,33E-5;93,28;100,21;0,00;0,00
7,634;0,296;1,003;9,33E-5;93,29;100,28;0,00;0,00
7,635;0,295;1,002;9,33E-5;93,27;100,23;0,00;0,00
7,636;0,295;1,002;9,33E-5;93,26;100,18;0,00;0,00
7,637;0,295;1,002;9,33E-5;93,26;100,19;0,00;0,00
7,638;0,295;1,002;9,33E-5;93,25;100,17;0,00;0,00
7,639;0,295;1,002;9,33E-5;93,27;100,19;0,00;0,00
7,640;0,295;1,003;9,33E-5;93,28;100,27;0,00;0,00
7,641;0,295;1,003;9,33E-5;93,28;100,28;0,00;0,00
7,642;0,295;1,003;9,33E-5;93,27;100,25;0,00;0,00
7,643;0,295;1,003;9,33E-5;93,29;100,26;0,00;0,00
7,644;0,296;1,003;9,33E-5;93,30;100,27;0,00;0,00
7,645;0,296;1,003;9,33E-5;93,30;100,30;0,00;0,00
7,646;0,294;1,001;9,32E-5;93,25;100,11;0,00;0,00
7,647;0,295;1,002;9,33E-5;93,27;100,19;0,00;0,00
7,648;0,295;1,003;9,33E-5;93,28;100,28;0,00;0,00
7,649;0,296;1,003;9,33E-5;93,30;100,30;0,00;0,00
7,650;0,295;1,002;9,33E-5;93,26;100,20;0,00;0,00
7,651;0,295;1,002;9,33E-5;93,27;100,19;0,00;0,00
7,652;0,296;1,003;9,33E-5;93,32;100,34;0,00;0,00
7,653;0,295;1,003;9,33E-5;93,28;100,26;0,00;0,00
7,654;0,296;1,003;9,33E-5;93,30;100,30;0,00;0,00
7,655;0,296;1,003;9,33E-5;93,31;100,32;0,00;0,00
7,656;0,296;1,003;9,33E-5;93,30;100,35;0,00;0,00
7,657;0,296;1,003;9,33E-5;93,30;100,33;0,00;0,00
7,658;0,296;1,003;9,33E-5;93,29;100,31;0,00;0,00
7,659;0,295;1,003;9,33E-5;93,28;100,28;0,00;0,00
7,660;0,294;1,001;9,32E-5;93,25;100,13;0,00;0,00
7,661;0,295;1,002;9,33E-5;93,27;100,23;0,00;0,00
7,662;0,295;1,002;9,33E-5;93,27;100,20;0,00;0,00
7,663;0,296;1,004;9,33E-5;93,31;100,39;0,00;0,00
7,664;0,295;1,002;9,33E-5;93,27;100,23;0,00;0,00
7,665;0,296;1,003;9,33E-5;93,30;100,33;0,00;0,00
7,666;0,296;1,003;9,33E-5;93,29;100,27;0,00;0,00
7,667;0,295;1,002;9,33E-5;93,28;100,24;0,00;0,00
7,668;0,296;1,002;9,33E-5;93,29;100,24;0,00;0,00
7,669;0,297;1,004;9,33E-5;93,33;100,40;0,00;0,00
7,670;0,296;1,003;9,33E-5;93,29;100,27;0,00;0,00
7,671;0,295;1,003;9,33E-5;93,28;100,26;0,00;0,00
7,672;0,296;1,003;9,33E-5;93,30;100,31;0,00;0,00
7,673;0,294;1,002;9,33E-5;93,25;100,15;0,00;0,00
7,674;0,295;1,002;9,33E-5;93,25;100,20;0,00;0,00
7,675;0,296;1,003;9,33E-5;93,29;100,27;0,00;0,00
7,676;0,296;1,003;9,33E-5;93,30;100,28;0,00;0,00
7,677;0,295;1,002;9,33E-5;93,26;100,17;0,00;0,00
7,678;0,295;1,002;9,33E-5;93,25;100,15;0,00;0,00
7,679;0,296;1,003;9,33E-5;93,31;100,32;0,00;0,00
7,680;0,296;1,003;9,33E-5;93,31;100,30;0,00;0,00
7,681;0,297;1,004;9,33E-5;93,32;100,38;0,00;0,00
7,682;0,297;1,004;9,33E-5;93,33;100,39;0,00;0,00
7,683;0,297;1,003;9,33E-5;93,32;100,34;0,00;0,00
7,684;0,296;1,003;9,33E-5;93,30;100,26;0,00;0,00
7,685;0,297;1,003;9,33E-5;93,32;100,34;0,00;0,00
7,686;0,296;1,003;9,33E-5;93,30;100,27;0,00;0,00
7,687;0,296;1,003;9,33E-5;93,29;100,26;0,00;0,00
7,688;0,297;1,004;9,33E-5;93,32;100,37;0,00;0,00
7,689;0,296;1,003;9,33E-5;93,30;100,27;0,00;0,00
7,690;0,295;1,002;9,33E-5;93,27;100,17;0,00;0,00
7,691;0,296;1,003;9,33E-5;93,30;100,30;0,00;0,00
7,692;0,296;1,003;9,33E-5;93,30;100,30;0,00;0,00
7,693;0,296;1,003;9,33E-5;93,31;100,33;0,00;0,00
7,694;0,295;1,002;9,33E-5;93,28;100,20;0,00;0,00
7,695;0,296;1,002;9,33E-5;93,29;100,24;0,00;0,00
7,696;0,295;1,002;9,33E-5;93,28;100,23;0,00;0,00
7,697;0,294;1,001;9,32E-5;93,23;100,11;0,00;0,00
7,698;0,294;1,001;9,32E-5;93,24;100,10;0,00;0,00
7,699;0,296;1,003;9,33E-5;93,29;100,25;0,00;0,00
7,700;0,294;1,002;9,33E-5;93,25;100,16;0,00;0,00
7,701;0,296;1,003;9,33E-5;93,30;100,29;0,00;0,00
7,702;0,295;1,002;9,33E-5;93,27;100,23;0,00;0,00
7,703;0,295;1,003;9,33E-5;93,28;100,26;0,00;0,00
7,704;0,295;1,002;9,33E-5;93,28;100,24;0,00;0,00
7,705;0,295;1,001;9,33E-5;93,26;100,15;0,00;0,00
7,706;0,296;1,003;9,33E-5;93,30;100,26;0,00;0,00
7,707;0,295;1,001;9,33E-5;93,26;100,15;0,00;0,00
7,708;0,296;1,003;9,33E-5;93,29;100,26;0,00;0,00
7,709;0,296;1,003;9,33E-5;93,29;100,26;0,00;0,00
7,710;0,296;1,003;9,33E-5;93,30;100,28;0,00;0,00
7,711;0,295;1,002;9,33E-5;93,27;100,21;0,00;0,00
7,712;0,296;1,002;9,33E-5;93,29;100,24;0,00;0,00
7,713;0,296;1,003;9,33E-5;93,29;100,28;0,00;0,00
7,714;0,295;1,002;9,33E-5;93,28;100,22;0,00;0,00
7,715;0,296;1,003;9,33E-5;93,31;100,33;0,00;0,00
7,716;0,295;1,002;9,33E-5;93,26;100,17;0,00;0,00
7,717;0,295;1,002;9,33E-5;93,26;100,17;0,00;0,00
7,718;0,296;1,003;9,33E-5;93,30;100,27;0,00;0,00
7,719;0,296;1,002;9,33E-5;93,30;100,24;0,00;0,00
7,720;0,295;1,002;9,33E-5;93,25;100,18;0,00;0,00
7,721;0,295;1,002;9,33E-5;93,28;100,20;0,00;0,00
7,722;0,296;1,002;9,33E-5;93,29;100,24;0,00;0,00
7,723;0,294;1,001;9,33E-5;93,25;100,12;0,00;0,00
7,724;0,294;1,001;9,33E-5;93,25;100,12;0,00;0,00
7,725;0,295;1,001;9,33E-5;93,27;100,14;0,00;0,00
7,726;0,295;1,002;9,33E-5;93,27;100,18;0,00;0,00
7,727;0,295;1,002;9,33E-5;93,27;100,19;0,00;0,00
7,728;0,296;1,002;9,33E-5;93,29;100,24;0,00;0,00
7,729;0,295;1,002;9,33E-5;93,28;100,22;0,00;0,00
7,730;0,296;1,003;9,33E-5;93,31;100,31;0,00;0,00
7,731;0,296;1,003;9,33E-5;93,30;100,26;0,00;0,00
7,732;0,296;1,003;9,33E-5;93,29;100,27;0,00;0,00
7,733;0,294;1,001;9,32E-5;93,24;100,06;0,00;0,00
7,734;0,294;1,001;9,32E-5;93,24;100,11;0,00;0,00
7,735;0,294;1,001;9,33E-5;93,25;100,13;0,00;0,00
7,736;0,295;1,002;9,33E-5;93,28;100,21;0,00;0,00
7,737;0,295;1,002;9,33E-5;93,28;100,22;0,00;0,00
7,738;0,295;1,002;9,33E-5;93,28;100,21;0,00;0,00
7,739;0,295;1,002;9,33E-5;93,28;100,18;0,00;0,00
7,740;0,295;1,002;9,33E-5;93,26;100,15;0,00;0,00
7,741;0,295;1,002;9,33E-5;93,28;100,22;0,00;0,00
7,742;0,296;1,003;9,33E-5;93,31;100,31;0,00;0,00
7,743;0,296;1,003;9,33E-5;93,29;100,25;0,00;0,00
7,744;0,296;1,003;9,33E-5;93,31;100,32;0,00;0,00
7,745;0,295;1,002;9,33E-5;93,28;100,20;0,00;0,00
7,746;0,295;1,002;9,33E-5;93,27;100,19;0,00;0,00
7,747;0,295;1,002;9,33E-5;93,28;100,19;0,00;0,00
7,748;0,295;1,001;9,33E-5;93,25;100,13;0,00;0,00
7,749;0,296;1,002;9,33E-5;93,29;100,25;0,00;0,00
7,750;0,294;1,001;9,32E-5;93,25;100,15;0,00;0,00
7,751;0,296;1,002;9,33E-5;93,29;100,25;0,00;0,00
7,752;0,295;1,002;9,33E-5;93,25;100,15;0,00;0,00
7,753;0,296;1,003;9,33E-5;93,30;100,28;0,00;0,00
7,754;0,297;1,003;9,33E-5;93,32;100,28;0,00;0,00
7,755;0,295;1,002;9,33E-5;93,28;100,20;0,00;0,00
7,756;0,295;1,002;9,33E-5;93,27;100,17;0,00;0,00
7,757;0,296;1,003;9,33E-5;93,29;100,26;0,00;0,00
7,758;0,295;1,002;9,33E-5;93,28;100,21;0,00;0,00
7,759;0,295;1,002;9,33E-5;93,28;100,20;0,00;0,00
7,760;0,295;1,002;9,33E-5;93,26;100,16;0,00;0,00
7,761;0,296;1,003;9,33E-5;93,30;100,27;0,00;0,00
7,762;0,297;1,003;9,33E-5;93,32;100,35;0,00;0,00
7,763;0,296;1,002;9,33E-5;93,29;100,23;0,00;0,00
7,764;0,296;1,003;9,33E-5;93,29;100,26;0,00;0,00
7,765;0,295;1,002;9,33E-5;93,28;100,22;0,00;0,00
7,766;0,295;1,002;9,33E-5;93,27;100,17;0,00;0,00
7,767;0,295;1,002;9,33E-5;93,28;100,24;0,00;0,00
7,768;0,296;1,002;9,33E-5;93,31;100,25;0,00;0,00
7,769;0,295;1,002;9,33E-5;93,28;100,22;0,00;0,00
7,770;0,295;1,002;9,33E-5;93,27;100,20;0,00;0,00
7,771;0,295;1,002;9,33E-5;93,28;100,21;0,00;0,00
7,772;0,296;1,003;9,33E-5;93,32;100,29;0,00;0,00
7,773;0,297;1,004;9,33E-5;93,33;100,36;0,00;0,00
7,774;0,296;1,002;9,33E-5;93,30;100,25;0,00;0,00
7,775;0,296;1,002;9,33E-5;93,29;100,23;0,00;0,00
7,776;0,295;1,002;9,33E-5;93,28;100,19;0,00;0,00
7,777;0,295;1,001;9,33E-5;93,26;100,15;0,00;0,00
7,778;0,296;1,002;9,33E-5;93,29;100,23;0,00;0,00
7,779;0,295;1,002;9,33E-5;93,28;100,21;0,00;0,00
7,780;0,296;1,002;9,33E-5;93,30;100,24;0,00;0,00
7,781;0,296;1,002;9,33E-5;93,29;100,21;0,00;0,00
7,782;0,293;1,000;9,32E-5;93,22;100,03;0,00;0,00
7,783;0,296;1,002;9,33E-5;93,29;100,22;0,00;0,00
7,784;0,295;1,001;9,33E-5;93,27;100,14;0,00;0,00
7,785;0,295;1,001;9,33E-5;93,27;100,11;0,00;0,00
7,786;0,294;1,001;9,32E-5;93,24;100,07;0,00;0,00
7,787;0,295;1,002;9,33E-5;93,28;100,18;0,00;0,00
7,788;0,295;1,002;9,33E-5;93,28;100,16;0,00;0,00
7,789;0,296;1,003;9,33E-5;93,30;100,26;0,00;0,00
7,790;0,296;1,003;9,33E-5;93,30;100,25;0,00;0,00
7,791;0,297;1,003;9,33E-5;93,32;100,32;0,00;0,00
7,792;0,296;1,003;9,33E-5;93,31;100,31;0,00;0,00
7,793;0,296;1,003;9,33E-5;93,31;100,28;0,00;0,00
7,794;0,295;1,002;9,33E-5;93,28;100,25;0,00;0,00
7,795;0,294;1,001;9,32E-5;93,25;100,11;0,00;0,00
7,796;0,297;1,003;9,33E-5;93,32;100,34;0,00;0,00
7,797;0,295;1,002;9,33E-5;93,28;100,24;0,00;0,00
7,798;0,295;1,002;9,33E-5;93,26;100,19;0,00;0,00
7,799;0,296;1,003;9,33E-5;93,31;100,29;0,00;0,00
7,800;0,295;1,002;9,33E-5;93,28;100,25;0,00;0,00
7,801;0,296;1,003;9,33E-5;93,29;100,25;0,00;0,00
7,802;0,296;1,004;9,33E-5;93,31;100,36;0,00;0,00
7,803;0,297;1,004;9,33E-5;93,33;100,35;0,00;0,00
7,804;0,295;1,002;9,33E-5;93,28;100,23;0,00;0,00
7,805;0,295;1,002;9,33E-5;93,27;100,18;0,00;0,00
7,806;0,296;1,002;9,33E-5;93,31;100,25;0,00;0,00
7,807;0,295;1,002;9,33E-5;93,27;100,17;0,00;0,00
7,808;0,296;1,002;9,33E-5;93,29;100,20;0,00;0,00
7,809;0,296;1,003;9,33E-5;93,30;100,29;0,00;0,00
7,810;0,295;1,002;9,33E-5;93,28;100,21;0,00;0,00
7,811;0,294;1,002;9,33E-5;93,25;100,15;0,00;0,00
7,812;0,295;1,002;9,33E-5;93,28;100,20;0,00;0,00
7,813;0,297;1,004;9,33E-5;93,34;100,35;0,00;0,00
7,814;0,297;1,003;9,33E-5;93,32;100,34;0,00;0,00
7,815;0,295;1,002;9,33E-5;93,27;100,22;0,00;0,00
7,816;0,295;1,002;9,33E-5;93,27;100,15;0,00;0,00
7,817;0,294;1,001;9,32E-5;93,24;100,06;0,00;0,00
7,818;0,294;1,001;9,32E-5;93,25;100,06;0,00;0,00
7,819;0,295;1,002;9,33E-5;93,29;100,22;0,00;0,00
7,820;0,296;1,003;9,33E-5;93,30;100,27;0,00;0,00
7,821;0,294;1,001;9,33E-5;93,25;100,12;0,00;0,00
7,822;0,296;1,002;9,33E-5;93,29;100,18;0,00;0,00
7,823;0,296;1,003;9,33E-5;93,32;100,29;0,00;0,00
7,824;0,296;1,003;9,33E-5;93,31;100,30;0,00;0,00
7,825;0,296;1,003;9,33E-5;93,29;100,26;0,00;0,00
7,826;0,295;1,002;9,33E-5;93,26;100,17;0,00;0,00
7,827;0,295;1,002;9,33E-5;93,26;100,17;0,00;0,00
7,828;0,296;1,003;9,33E-5;93,30;100,30;0,00;0,00
7,829;0,296;1,003;9,33E-5;93,29;100,26;0,00;0,00
7,830;0,296;1,003;9,33E-5;93,31;100,33;0,00;0,00
7,831;0,295;1,002;9,33E-5;93,28;100,22;0,00;0,00
7,832;0,295;1,001;9,33E-5;93,27;100,15;0,00;0,00
7,833;0,296;1,002;9,33E-5;93,29;100,22;0,00;0,00
7,834;0,296;1,003;9,33E-5;93,31;100,30;0,00;0,00
7,835;0,296;1,002;9,33E-5;93,29;100,23;0,00;0,00
7,836;0,295;1,002;9,33E-5;93,28;100,21;0,00;0,00
7,837;0,296;1,003;9,33E-5;93,30;100,28;0,00;0,00
7,838;0,295;1,002;9,33E-5;93,28;100,19;0,00;0,00
7,839;0,296;1,003;9,33E-5;93,29;100,27;0,00;0,00
7,840;0,297;1,004;9,33E-5;93,33;100,36;0,00;0,00
7,841;0,296;1,003;9,33E-5;93,32;100,32;0,00;0,00
7,842;0,297;1,004;9,33E-5;93,34;100,35;0,00;0,00
7,843;0,296;1,003;9,33E-5;93,31;100,31;0,00;0,00
7,844;0,296;1,003;9,33E-5;93,32;100,32;0,00;0,00
7,845;0,297;1,003;9,33E-5;93,33;100,35;0,00;0,00
7,846;0,295;1,001;9,33E-5;93,27;100,12;0,00;0,00
7,847;0,296;1,002;9,33E-5;93,31;100,24;0,00;0,00
7,848;0,296;1,002;9,33E-5;93,29;100,22;0,00;0,00
7,849;0,296;1,003;9,33E-5;93,31;100,29;0,00;0,00
7,850;0,297;1,003;9,33E-5;93,32;100,27;0,00;0,00
7,851;0,296;1,003;9,33E-5;93,31;100,26;0,00;0,00
7,852;0,296;1,003;9,33E-5;93,30;100,26;0,00;0,00
7,853;0,295;1,002;9,33E-5;93,28;100,21;0,00;0,00
7,854;0,295;1,002;9,33E-5;93,28;100,16;0,00;0,00
7,855;0,295;1,002;9,33E-5;93,28;100,20;0,00;0,00
7,856;0,296;1,002;9,33E-5;93,29;100,20;0,00;0,00
7,857;0,295;1,001;9,33E-5;93,26;100,14;0,00;0,00
7,858;0,295;1,001;9,33E-5;93,25;100,10;0,00;0,00
7,859;0,295;1,001;9,33E-5;93,27;100,14;0,00;0,00
7,860;0,296;1,002;9,33E-5;93,30;100,22;0,00;0,00
7,861;0,295;1,002;9,33E-5;93,28;100,16;0,00;0,00
7,862;0,297;1,003;9,33E-5;93,33;100,34;0,00;0,00
7,863;0,296;1,002;9,33E-5;93,30;100,25;0,00;0,00
7,864;0,295;1,002;9,33E-5;93,28;100,17;0,00;0,00
7,865;0,294;1,001;9,32E-5;93,24;100,06;0,00;0,00
7,866;0,294;1,001;9,33E-5;93,25;100,09;0,00;0,00
7,867;0,295;1,002;9,33E-5;93,28;100,20;0,00;0,00
7,868;0,296;1,003;9,33E-5;93,31;100,27;0,00;0,00
7,869;0,296;1,003;9,33E-5;93,30;100,25;0,00;0,00
7,870;0,297;1,004;9,33E-5;93,32;100,35;0,00;0,00
7,871;0,296;1,003;9,33E-5;93,31;100,29;0,00;0,00
7,872;0,295;1,002;9,33E-5;93,28;100,20;0,00;0,00
7,873;0,295;1,002;9,33E-5;93,27;100,20;0,00;0,00
7,874;0,296;1,003;9,33E-5;93,30;100,29;0,00;0,00
7,875;0,295;1,002;9,33E-5;93,28;100,24;0,00;0,00
7,876;0,296;1,002;9,33E-5;93,29;100,25;0,00;0,00
7,877;0,294;1,001;9,33E-5;93,25;100,09;0,00;0,00
7,878;0,295;1,001;9,33E-5;93,26;100,09;0,00;0,00
7,879;0,296;1,003;9,33E-5;93,31;100,26;0,00;0,00
7,880;0,295;1,002;9,33E-5;93,27;100,17;0,00;0,00
7,881;0,294;1,001;9,32E-5;93,23;100,06;0,00;0,00
7,882;0,294;1,001;9,32E-5;93,25;100,11;0,00;0,00
7,883;0,296;1,003;9,33E-5;93,30;100,27;0,00;0,00
7,884;0,295;1,001;9,33E-5;93,26;100,14;0,00;0,00
7,885;0,295;1,002;9,33E-5;93,28;100,22;0,00;0,00
7,886;0,296;1,002;9,33E-5;93,29;100,21;0,00;0,00
7,887;0,295;1,001;9,33E-5;93,27;100,15;0,00;0,00
7,888;0,296;1,003;9,33E-5;93,31;100,26;0,00;0,00
7,889;0,295;1,002;9,33E-5;93,28;100,19;0,00;0,00
7,890;0,296;1,003;9,33E-5;93,29;100,27;0,00;0,00
7,891;0,297;1,003;9,33E-5;93,33;100,34;0,00;0,00
7,892;0,296;1,002;9,33E-5;93,29;100,25;0,00;0,00
7,893;0,296;1,003;9,33E-5;93,31;100,31;0,00;0,00
7,894;0,295;1,002;9,33E-5;93,28;100,21;0,00;0,00
7,895;0,294;1,001;9,32E-5;93,25;100,07;0,00;0,00
7,896;0,295;1,002;9,33E-5;93,27;100,16;0,00;0,00
7,897;0,295;1,002;9,33E-5;93,26;100,16;0,00;0,00
7,898;0,296;1,002;9,33E-5;93,29;100,22;0,00;0,00
7,899;0,297;1,004;9,33E-5;93,32;100,36;0,00;0,00
7,900;0,296;1,003;9,33E-5;93,31;100,29;0,00;0,00
7,901;0,296;1,003;9,33E-5;93,29;100,27;0,00;0,00
7,902;0,296;1,003;9,33E-5;93,31;100,30;0,00;0,00
7,903;0,295;1,001;9,33E-5;93,26;100,11;0,00;0,00
7,904;0,296;1,003;9,33E-5;93,31;100,30;0,00;0,00
7,905;0,295;1,002;9,33E-5;93,28;100,18;0,00;0,00
7,906;0,295;1,002;9,33E-5;93,26;100,15;0,00;0,00
7,907;0,296;1,003;9,33E-5;93,29;100,25;0,00;0,00
7,908;0,296;1,003;9,33E-5;93,31;100,29;0,00;0,00
7,909;0,296;1,002;9,33E-5;93,29;100,22;0,00;0,00
7,910;0,296;1,002;9,33E-5;93,29;100,22;0,00;0,00
7,911;0,296;1,003;9,33E-5;93,31;100,26;0,00;0,00
7,912;0,295;1,001;9,33E-5;93,27;100,13;0,00;0,00
7,913;0,296;1,002;9,33E-5;93,29;100,23;0,00;0,00
7,914;0,295;1,001;9,33E-5;93,26;100,14;0,00;0,00
7,915;0,295;1,001;9,33E-5;93,25;100,13;0,00;0,00
7,916;0,295;1,002;9,33E-5;93,28;100,21;0,00;0,00
7,917;0,296;1,003;9,33E-5;93,31;100,26;0,00;0,00
7,918;0,296;1,002;9,33E-5;93,29;100,19;0,00;0,00
7,919;0,296;1,002;9,33E-5;93,29;100,22;0,00;0,00
7,920;0,296;1,003;9,33E-5;93,30;100,27;0,00;0,00
7,921;0,294;1,001;9,32E-5;93,25;100,07;0,00;0,00
7,922;0,295;1,002;9,33E-5;93,27;100,18;0,00;0,00
7,923;0,294;1,001;9,33E-5;93,25;100,13;0,00;0,00
7,924;0,296;1,003;9,33E-5;93,30;100,29;0,00;0,00
7,925;0,296;1,003;9,33E-5;93,30;100,26;0,00;0,00
7,926;0,295;1,001;9,33E-5;93,26;100,14;0,00;0,00
7,927;0,295;1,001;9,33E-5;93,27;100,13;0,00;0,00
7,928;0,296;1,003;9,33E-5;93,31;100,29;0,00;0,00
7,929;0,296;1,003;9,33E-5;93,31;100,29;0,00;0,00
7,930;0,296;1,003;9,33E-5;93,30;100,28;0,00;0,00
7,931;0,295;1,002;9,33E-5;93,28;100,19;0,00;0,00
7,932;0,295;1,002;9,33E-5;93,28;100,18;0,00;0,00
7,933;0,296;1,003;9,33E-5;93,31;100,26;0,00;0,00
7,934;0,295;1,002;9,33E-5;93,28;100,23;0,00;0,00
7,935;0,295;1,002;9,33E-5;93,27;100,18;0,00;0,00
7,936;0,295;1,002;9,33E-5;93,28;100,25;0,00;0,00
7,937;0,295;1,001;9,33E-5;93,27;100,14;0,00;0,00
7,938;0,296;1,003;9,33E-5;93,30;100,27;0,00;0,00
7,939;0,297;1,003;9,33E-5;93,32;100,32;0,00;0,00
7,940;0,296;1,002;9,33E-5;93,29;100,21;0,00;0,00
7,941;0,295;1,002;9,33E-5;93,28;100,16;0,00;0,00
7,942;0,297;1,003;9,33E-5;93,33;100,31;0,00;0,00
7,943;0,295;1,002;9,33E-5;93,28;100,20;0,00;0,00
7,944;0,295;1,001;9,33E-5;93,26;100,11;0,00;0,00
7,945;0,294;1,001;9,32E-5;93,25;100,10;0,00;0,00
7,946;0,295;1,001;9,33E-5;93,26;100,12;0,00;0,00
7,947;0,296;1,002;9,33E-5;93,30;100,24;0,00;0,00
7,948;0,296;1,002;9,33E-5;93,31;100,25;0,00;0,00
7,949;0,296;1,001;9,33E-5;93,29;100,14;0,00;0,00
7,950;0,296;1,002;9,33E-5;93,29;100,21;0,00;0,00
7,951;0,296;1,002;9,33E-5;93,31;100,23;0,00;0,00
7,952;0,294;1,001;9,32E-5;93,25;100,12;0,00;0,00
7,953;0,295;1,001;9,33E-5;93,26;100,12;0,00;0,00
7,954;0,296;1,002;9,33E-5;93,30;100,25;0,00;0,00
7,955;0,295;1,001;9,33E-5;93,26;100,14;0,00;0,00
7,956;0,295;1,002;9,33E-5;93,28;100,17;0,00;0,00
7,957;0,296;1,002;9,33E-5;93,29;100,23;0,00;0,00
7,958;0,296;1,002;9,33E-5;93,29;100,25;0,00;0,00
7,959;0,295;1,001;9,33E-5;93,26;100,12;0,00;0,00
7,960;0,295;1,002;9,33E-5;93,27;100,17;0,00;0,00
7,961;0,296;1,002;9,33E-5;93,30;100,21;0,00;0,00
7,962;0,296;1,002;9,33E-5;93,30;100,20;0,00;0,00
7,963;0,296;1,002;9,33E-5;93,30;100,21;0,00;0,00
7,964;0,296;1,002;9,33E-5;93,30;100,20;0,00;0,00
7,965;0,295;1,001;9,33E-5;93,26;100,11;0,00;0,00
7,966;0,296;1,002;9,33E-5;93,30;100,19;0,00;0,00
7,967;0,295;1,001;9,33E-5;93,28;100,13;0,00;0,00
7,968;0,296;1,002;9,33E-5;93,29;100,20;0,00;0,00
7,969;0,296;1,002;9,33E-5;93,29;100,19;0,00;0,00
7,970;0,296;1,002;9,33E-5;93,30;100,22;0,00;0,00
7,971;0,294;1,001;9,32E-5;93,24;100,06;0,00;0,00
7,972;0,295;1,002;9,33E-5;93,26;100,16;0,00;0,00
7,973;0,296;1,002;9,33E-5;93,29;100,20;0,00;0,00
7,974;0,296;1,002;9,33E-5;93,31;100,24;0,00;0,00
7,975;0,295;1,001;9,33E-5;93,28;100,13;0,00;0,00
7,976;0,296;1,003;9,33E-5;93,31;100,27;0,00;0,00
7,977;0,296;1,002;9,33E-5;93,30;100,23;0,00;0,00
7,978;0,296;1,002;9,33E-5;93,31;100,23;0,00;0,00
7,979;0,295;1,002;9,33E-5;93,28;100,17;0,00;0,00
7,980;0,295;1,001;9,33E-5;93,28;100,12;0,00;0,00
7,981;0,295;1,002;9,33E-5;93,28;100,16;0,00;0,00
7,982;0,295;1,002;9,33E-5;93,28;100,15;0,00;0,00
7,983;0,296;1,002;9,33E-5;93,29;100,23;0,00;0,00
7,984;0,297;1,003;9,33E-5;93,32;100,30;0,00;0,00
7,985;0,296;1,002;9,33E-5;93,29;100,17;0,00;0,00
7,986;0,296;1,002;9,33E-5;93,30;100,22;0,00;0,00
7,987;0,296;1,002;9,33E-5;93,31;100,21;0,00;0,00
7,988;0,296;1,001;9,33E-5;93,29;100,15;0,00;0,00
7,989;0,294;1,000;9,32E-5;93,25;100,03;0,00;0,00
7,990;0,295;1,001;9,33E-5;93,26;100,07;0,00;0,00
7,991;0,295;1,002;9,33E-5;93,28;100,16;0,00;0,00
7,992;0,296;1,002;9,33E-5;93,29;100,19;0,00;0,00
7,993;0,296;1,002;9,33E-5;93,30;100,20;0,00;0,00
7,994;0,296;1,002;9,33E-5;93,30;100,21;0,00;0,00
7,995;0,295;1,001;9,33E-5;93,28;100,12;0,00;0,00
7,996;0,295;1,001;9,33E-5;93,27;100,10;0,00;0,00
7,997;0,295;1,001;9,33E-5;93,28;100,14;0,00;0,00
7,998;0,296;1,002;9,33E-5;93,29;100,20;0,00;0,00
7,999;0,295;1,002;9,33E-5;93,28;100,16;0,00;0,00
8,000;0,295;1,001;9,33E-5;93,26;100,08;0,00;0,00
8,001;0,296;1,002;9,33E-5;93,29;100,20;0,00;0,00
8,002;0,296;1,002;9,33E-5;93,29;100,18;0,00;0,00
8,003;0,294;1,000;9,33E-5;93,25;100,05;0,00;0,00
8,004;0,296;1,002;9,33E-5;93,29;100,17;0,00;0,00
8,005;0,295;1,001;9,33E-5;93,26;100,08;0,00;0,00
8,006;0,296;1,002;9,33E-5;93,30;100,21;0,00;0,00
8,007;0,296;1,002;9,33E-5;93,29;100,18;0,00;0,00
8,008;0,297;1,003;9,33E-5;93,32;100,26;0,00;0,00
8,009;0,296;1,002;9,33E-5;93,30;100,19;0,00;0,00
8,010;0,296;1,002;9,33E-5;93,29;100,17;0,00;0,00
8,011;0,295;1,001;9,33E-5;93,27;100,12;0,00;0,00
8,012;0,295;1,001;9,33E-5;93,27;100,11;0,00;0,00
8,013;0,296;1,002;9,33E-5;93,29;100,16;0,00;0,00
8,014;0,295;1,002;9,33E-5;93,28;100,17;0,00;0,00
8,015;0,296;1,002;9,33E-5;93,30;100,24;0,00;0,00
8,016;0,294;1,001;9,33E-5;93,25;100,10;0,00;0,00
8,017;0,295;1,002;9,33E-5;93,28;100,20;0,00;0,00
8,018;0,296;1,002;9,33E-5;93,29;100,18;0,00;0,00
8,019;0,295;1,002;9,33E-5;93,28;100,16;0,00;0,00
8,020;0,296;1,002;9,33E-5;93,30;100,23;0,00;0,00
8,021;0,296;1,003;9,33E-5;93,31;100,26;0,00;0,00
8,022;0,296;1,002;9,33E-5;93,29;100,18;0,00;0,00
8,023;0,295;1,001;9,33E-5;93,28;100,12;0,00;0,00
8,024;0,296;1,002;9,33E-5;93,29;100,17;0,00;0,00
8,025;0,295;1,002;9,33E-5;93,28;100,19;0,00;0,00
8,026;0,295;1,001;9,33E-5;93,26;100,08;0,00;0,00
8,027;0,295;1,001;9,33E-5;93,26;100,08;0,00;0,00
8,028;0,295;1,001;9,33E-5;93,26;100,08;0,00;0,00
8,029;0,295;1,001;9,33E-5;93,25;100,07;0,00;0,00
8,030;0,295;1,001;9,33E-5;93,26;100,12;0,00;0,00
8,031;0,295;1,001;9,33E-5;93,26;100,11;0,00;0,00
8,032;0,296;1,002;9,33E-5;93,30;100,25;0,00;0,00
8,033;0,296;1,002;9,33E-5;93,31;100,24;0,00;0,00
8,034;0,297;1,003;9,33E-5;93,32;100,34;0,00;0,00
8,035;0,296;1,003;9,33E-5;93,32;100,30;0,00;0,00
8,036;0,295;1,001;9,33E-5;93,25;100,11;0,00;0,00
8,037;0,295;1,001;9,33E-5;93,26;100,10;0,00;0,00
8,038;0,296;1,002;9,33E-5;93,29;100,20;0,00;0,00
8,039;0,296;1,003;9,33E-5;93,32;100,27;0,00;0,00
8,040;0,295;1,001;9,33E-5;93,26;100,12;0,00;0,00
8,041;0,295;1,002;9,33E-5;93,27;100,15;0,00;0,00
8,042;0,296;1,003;9,33E-5;93,31;100,30;0,00;0,00
8,043;0,296;1,003;9,33E-5;93,31;100,28;0,00;0,00
8,044;0,296;1,003;9,33E-5;93,31;100,26;0,00;0,00
8,045;0,295;1,002;9,33E-5;93,27;100,16;0,00;0,00
8,046;0,296;1,003;9,33E-5;93,31;100,27;0,00;0,00
8,047;0,296;1,003;9,33E-5;93,30;100,27;0,00;0,00
8,048;0,295;1,002;9,33E-5;93,26;100,16;0,00;0,00
8,049;0,296;1,002;9,33E-5;93,29;100,20;0,00;0,00
8,050;0,295;1,002;9,33E-5;93,28;100,18;0,00;0,00
8,051;0,296;1,002;9,33E-5;93,29;100,17;0,00;0,00
8,052;0,297;1,003;9,33E-5;93,33;100,33;0,00;0,00
8,053;0,295;1,001;9,33E-5;93,26;100,11;0,00;0,00
8,054;0,296;1,003;9,33E-5;93,31;100,25;0,00;0,00
8,055;0,295;1,002;9,33E-5;93,28;100,17;0,00;0,00
8,056;0,296;1,002;9,33E-5;93,30;100,23;0,00;0,00
8,057;0,296;1,002;9,33E-5;93,30;100,21;0,00;0,00
8,058;0,297;1,003;9,33E-5;93,33;100,28;0,00;0,00
8,059;0,296;1,002;9,33E-5;93,30;100,22;0,00;0,00
8,060;0,296;1,002;9,33E-5;93,30;100,19;0,00;0,00
8,061;0,295;1,001;9,33E-5;93,28;100,14;0,00;0,00
8,062;0,296;1,002;9,33E-5;93,29;100,17;0,00;0,00
8,063;0,294;1,000;9,32E-5;93,24;100,04;0,00;0,00
8,064;0,295;1,002;9,33E-5;93,28;100,18;0,00;0,00
8,065;0,295;1,001;9,33E-5;93,27;100,15;0,00;0,00
8,066;0,296;1,002;9,33E-5;93,30;100,22;0,00;0,00
8,067;0,296;1,002;9,33E-5;93,30;100,20;0,00;0,00
8,068;0,295;1,002;9,33E-5;93,28;100,17;0,00;0,00
8,069;0,295;1,002;9,33E-5;93,28;100,17;0,00;0,00
8,070;0,296;1,002;9,33E-5;93,29;100,18;0,00;0,00
8,071;0,295;1,002;9,33E-5;93,28;100,16;0,00;0,00
8,072;0,295;1,002;9,33E-5;93,28;100,16;0,00;0,00
8,073;0,296;1,002;9,33E-5;93,29;100,16;0,00;0,00
8,074;0,296;1,002;9,33E-5;93,30;100,21;0,00;0,00
8,075;0,295;1,001;9,33E-5;93,27;100,12;0,00;0,00
8,076;0,294;1,001;9,32E-5;93,25;100,08;0,00;0,00
8,077;0,295;1,002;9,33E-5;93,28;100,18;0,00;0,00
8,078;0,297;1,003;9,33E-5;93,32;100,32;0,00;0,00
8,079;0,295;1,002;9,33E-5;93,28;100,18;0,00;0,00
8,080;0,295;1,001;9,33E-5;93,26;100,12;0,00;0,00
8,081;0,296;1,002;9,33E-5;93,31;100,24;0,00;0,00
8,082;0,296;1,002;9,33E-5;93,30;100,21;0,00;0,00
8,083;0,295;1,002;9,33E-5;93,28;100,19;0,00;0,00
8,084;0,295;1,001;9,33E-5;93,27;100,15;0,00;0,00
8,085;0,296;1,002;9,33E-5;93,29;100,20;0,00;0,00
8,086;0,296;1,002;9,33E-5;93,30;100,23;0,00;0,00
8,087;0,296;1,003;9,33E-5;93,31;100,27;0,00;0,00
8,088;0,296;1,002;9,33E-5;93,30;100,24;0,00;0,00
8,089;0,296;1,003;9,33E-5;93,31;100,27;0,00;0,00
8,090;0,295;1,001;9,33E-5;93,26;100,13;0,00;0,00
8,091;0,295;1,002;9,33E-5;93,28;100,19;0,00;0,00
8,092;0,297;1,004;9,33E-5;93,33;100,36;0,00;0,00
8,093;0,296;1,003;9,33E-5;93,32;100,32;0,00;0,00
8,094;0,295;1,001;9,33E-5;93,26;100,10;0,00;0,00
8,095;0,294;1,001;9,32E-5;93,23;100,06;0,00;0,00
8,096;0,295;1,002;9,33E-5;93,28;100,19;0,00;0,00
8,097;0,296;1,003;9,33E-5;93,32;100,27;0,00;0,00
