"Time (s) Run #1";"Voltage, Ch A (V) Run #1";"Voltage, Ch B (V) Run #1";"V₀ (m³) Run #1";"V (cm³) Run #1";"XV (units) Run #1";"T (K) Run #1";"YT (units) Run #1"
0,000;0,302;0,991;9,35E-5;93,51;0,00;286,68;0,00
0,001;0,302;0,991;9,35E-5;93,51;-1,09E-5;286,70;3,45E-5
0,002;0,303;0,991;9,35E-5;93,52;-7,10E-5;286,76;1,21E-4
0,003;0,302;0,990;9,35E-5;93,51;-1,09E-5;286,67;-1,51E-5
0,004;0,303;0,991;9,35E-5;93,52;-6,73E-5;286,73;8,85E-5
0,005;0,303;0,991;9,35E-5;93,52;-4,19E-5;286,75;1,12E-4
0,006;0,302;0,991;9,35E-5;93,51;-1,09E-5;286,70;4,10E-5
0,007;0,302;0,991;9,35E-5;93,49;5,82E-5;286,70;3,02E-5
0,008;0,303;0,991;9,35E-5;93,53;-9,46E-5;286,76;1,25E-4
0,009;0,304;0,992;9,36E-5;93,56;-2,35E-4;286,86;2,83E-4
0,010;0,304;0,992;9,35E-5;93,55;-1,91E-4;286,81;2,07E-4
0,011;0,302;0,991;9,35E-5;93,51;-1,09E-5;286,69;1,94E-5
0,012;0,303;0,991;9,35E-5;93,53;-1,13E-4;286,77;1,42E-4
0,013;0,303;0,992;9,35E-5;93,54;-1,46E-4;286,80;1,83E-4
0,014;0,303;0,992;9,35E-5;93,53;-1,13E-4;286,78;1,64E-4
0,015;0,303;0,991;9,35E-5;93,52;-6,73E-5;286,74;9,07E-5
0,016;0,303;0,991;9,35E-5;93,52;-4,37E-5;286,71;4,96E-5
0,017;0,304;0,992;9,35E-5;93,54;-1,76E-4;286,81;1,99E-4
0,018;0,303;0,991;9,35E-5;93,52;-6,73E-5;286,73;8,20E-5
0,019;0,303;0,992;9,35E-5;93,54;-1,55E-4;286,80;1,86E-4
0,020;0,303;0,991;9,35E-5;93,53;-9,83E-5;286,74;9,28E-5
0,021;0,303;0,992;9,35E-5;93,53;-1,22E-4;286,81;1,96E-4
0,022;0,304;0,992;9,36E-5;93,56;-2,31E-4;286,85;2,65E-4
0,023;0,302;0,991;9,35E-5;93,50;7,28E-6;286,69;1,94E-5
0,024;0,303;0,991;9,35E-5;93,53;-1,26E-4;286,76;1,32E-4
0,025;0,303;0,991;9,35E-5;93,52;-6,73E-5;286,77;1,49E-4
0,026;0,304;0,992;9,36E-5;93,56;-2,49E-4;286,84;2,50E-4
0,027;0,303;0,991;9,35E-5;93,54;-1,53E-4;286,77;1,36E-4
0,028;0,303;0,991;9,35E-5;93,53;-1,27E-4;286,78;1,55E-4
0,029;0,303;0,991;9,35E-5;93,52;-4,91E-5;286,72;6,91E-5
0,030;0,303;0,992;9,35E-5;93,53;-1,20E-4;286,78;1,64E-4
0,031;0,303;0,992;9,35E-5;93,54;-1,42E-4;286,79;1,70E-4
0,032;0,303;0,991;9,35E-5;93,54;-1,44E-4;286,73;8,85E-5
0,033;0,302;0,991;9,35E-5;93,51;0,00;286,70;3,89E-5
0,034;0,303;0,991;9,35E-5;93,52;-6,73E-5;286,75;1,08E-4
0,035;0,303;0,991;9,35E-5;93,52;-5,10E-5;286,75;1,10E-4
0,036;0,302;0,990;9,35E-5;93,50;3,64E-5;286,66;-2,81E-5
0,037;0,302;0,991;9,35E-5;93,51;-5,46E-6;286,69;1,94E-5
0,038;0,301;0,990;9,35E-5;93,47;1,62E-4;286,58;-1,42E-4
0,039;0,304;0,992;9,35E-5;93,54;-1,69E-4;286,79;1,73E-4
0,040;0,303;0,991;9,35E-5;93,52;-8,37E-5;286,75;1,19E-4
0,041;0,304;0,992;9,35E-5;93,54;-1,76E-4;286,78;1,64E-4
0,042;0,303;0,991;9,35E-5;93,53;-1,20E-4;286,74;1,04E-4
0,043;0,304;0,992;9,35E-5;93,54;-1,78E-4;286,83;2,35E-4
0,044;0,303;0,992;9,35E-5;93,53;-1,16E-4;286,82;2,22E-4
0,045;0,303;0,992;9,35E-5;93,54;-1,53E-4;286,80;1,92E-4
0,046;0,303;0,991;9,35E-5;93,52;-6,73E-5;286,76;1,25E-4
0,047;0,302;0,991;9,35E-5;93,51;-1,82E-5;286,71;5,40E-5
0,048;0,302;0,990;9,35E-5;93,49;5,64E-5;286,66;-2,59E-5
0,049;0,302;0,991;9,35E-5;93,50;1,64E-5;286,67;-1,08E-5
0,050;0,303;0,990;9,35E-5;93,51;-3,28E-5;286,65;-4,32E-5
0,051;0,303;0,991;9,35E-5;93,53;-9,46E-5;286,75;1,06E-4
0,052;0,302;0,990;9,35E-5;93,50;1,64E-5;286,64;-6,26E-5
0,053;0,303;0,991;9,35E-5;93,51;-3,09E-5;286,73;7,55E-5
0,054;0,303;0,992;9,35E-5;93,54;-1,62E-4;286,80;1,81E-4
0,055;0,304;0,992;9,35E-5;93,55;-1,93E-4;286,81;2,07E-4
0,056;0,302;0,991;9,35E-5;93,51;-1,27E-5;286,70;3,02E-5
0,057;0,303;0,991;9,35E-5;93,54;-1,36E-4;286,78;1,58E-4
0,058;0,304;0,992;9,36E-5;93,56;-2,58E-4;286,87;2,96E-4
0,059;0,303;0,992;9,35E-5;93,53;-1,20E-4;286,79;1,75E-4
0,060;0,304;0,993;9,36E-5;93,57;-2,78E-4;286,90;3,43E-4
0,061;0,303;0,991;9,35E-5;93,52;-7,46E-5;286,75;1,06E-4
0,062;0,302;0,990;9,35E-5;93,49;7,83E-5;286,59;-1,27E-4
0,063;0,302;0,990;9,35E-5;93,49;9,28E-5;286,58;-1,53E-4
0,064;0,303;0,991;9,35E-5;93,53;-8,92E-5;286,73;7,55E-5
0,065;0,302;0,990;9,35E-5;93,50;2,00E-5;286,65;-4,32E-5
0,066;0,303;0,991;9,35E-5;93,51;-2,37E-5;286,68;1,30E-5
0,067;0,303;0,991;9,35E-5;93,52;-4,91E-5;286,75;1,19E-4
0,068;0,302;0,991;9,35E-5;93,50;7,28E-6;286,69;1,73E-5
0,069;0,303;0,992;9,35E-5;93,53;-1,33E-4;286,80;1,83E-4
0,070;0,303;0,991;9,35E-5;93,52;-5,28E-5;286,72;6,04E-5
0,071;0,302;0,990;9,35E-5;93,49;8,01E-5;286,64;-5,83E-5
0,072;0,303;0,991;9,35E-5;93,51;-2,37E-5;286,75;1,17E-4
0,073;0,303;0,992;9,35E-5;93,53;-1,33E-4;286,82;2,24E-4
0,074;0,303;0,991;9,35E-5;93,53;-1,07E-4;286,77;1,47E-4
0,075;0,303;0,991;9,35E-5;93,52;-6,92E-5;286,72;6,04E-5
0,076;0,303;0,991;9,35E-5;93,53;-1,00E-4;286,72;6,26E-5
0,077;0,304;0,992;9,35E-5;93,54;-1,75E-4;286,80;1,90E-4
0,078;0,304;0,992;9,36E-5;93,56;-2,69E-4;286,88;3,11E-4
0,079;0,303;0,991;9,35E-5;93,53;-1,29E-4;286,78;1,62E-4
0,080;0,303;0,991;9,35E-5;93,53;-8,73E-5;286,71;5,40E-5
0,081;0,304;0,992;9,36E-5;93,55;-2,06E-4;286,81;2,09E-4
0,082;0,303;0,991;9,35E-5;93,53;-1,29E-4;286,78;1,58E-4
0,083;0,303;0,991;9,35E-5;93,54;-1,53E-4;286,77;1,40E-4
0,084;0,304;0,993;9,36E-5;93,57;-3,09E-4;286,94;4,06E-4
0,085;0,304;0,992;9,35E-5;93,55;-1,89E-4;286,84;2,50E-4
0,086;0,304;0,992;9,35E-5;93,55;-2,02E-4;286,84;2,42E-4
0,087;0,304;0,992;9,36E-5;93,56;-2,33E-4;286,87;3,00E-4
0,088;0,302;0,990;9,35E-5;93,49;5,28E-5;286,63;-6,91E-5
0,089;0,303;0,991;9,35E-5;93,52;-7,46E-5;286,77;1,36E-4
0,090;0,303;0,991;9,35E-5;93,52;-4,19E-5;286,73;7,99E-5
0,091;0,303;0,991;9,35E-5;93,52;-6,19E-5;286,75;1,14E-4
0,092;0,303;0,992;9,35E-5;93,53;-1,33E-4;286,81;1,96E-4
0,093;0,304;0,993;9,36E-5;93,56;-2,67E-4;286,90;3,41E-4
0,094;0,302;0,991;9,35E-5;93,51;-1,64E-5;286,67;-1,30E-5
0,095;0,303;0,991;9,35E-5;93,52;-6,01E-5;286,69;2,59E-5
0,096;0,303;0,991;9,35E-5;93,53;-1,16E-4;286,75;1,14E-4
0,097;0,303;0,991;9,35E-5;93,54;-1,42E-4;286,77;1,49E-4
0,098;0,302;0,990;9,35E-5;93,48;1,13E-4;286,57;-1,58E-4
0,099;0,301;0,990;9,35E-5;93,48;1,38E-4;286,61;-1,08E-4
0,100;0,303;0,991;9,35E-5;93,53;-9,46E-5;286,71;4,96E-5
0,101;0,303;0,991;9,35E-5;93,52;-4,55E-5;286,73;7,55E-5
0,102;0,304;0,991;9,35E-5;93,54;-1,71E-4;286,78;1,51E-4
0,103;0,303;0,991;9,35E-5;93,52;-8,37E-5;286,75;1,14E-4
0,104;0,303;0,991;9,35E-5;93,52;-7,28E-5;286,70;3,24E-5
0,105;0,303;0,992;9,35E-5;93,54;-1,60E-4;286,79;1,79E-4
0,106;0,304;0,993;9,36E-5;93,57;-2,97E-4;286,91;3,56E-4
0,107;0,303;0,992;9,35E-5;93,53;-1,27E-4;286,79;1,70E-4
0,108;0,302;0,990;9,35E-5;93,50;2,37E-5;286,61;-1,01E-4
0,109;0,303;0,991;9,35E-5;93,52;-8,19E-5;286,73;8,20E-5
0,110;0,302;0,991;9,35E-5;93,50;1,27E-5;286,69;2,59E-5
0,111;0,303;0,991;9,35E-5;93,53;-1,31E-4;286,77;1,40E-4
0,112;0,303;0,992;9,35E-5;93,54;-1,35E-4;286,81;2,01E-4
0,113;0,303;0,991;9,35E-5;93,53;-9,10E-5;286,75;1,08E-4
0,114;0,303;0,991;9,35E-5;93,52;-7,10E-5;286,71;5,40E-5
0,115;0,302;0,990;9,35E-5;93,50;3,64E-5;286,63;-7,56E-5
0,116;0,303;0,991;9,35E-5;93,51;-2,91E-5;286,70;4,10E-5
0,117;0,303;0,991;9,35E-5;93,51;-4,00E-5;286,73;7,99E-5
0,118;0,303;0,992;9,35E-5;93,53;-9,64E-5;286,78;1,64E-4
0,119;0,303;0,991;9,35E-5;93,53;-9,83E-5;286,72;6,26E-5
0,120;0,302;0,990;9,35E-5;93,49;6,55E-5;286,65;-4,32E-5
0,121;0,303;0,991;9,35E-5;93,52;-4,91E-5;286,72;6,91E-5
0,122;0,305;0,992;9,36E-5;93,58;-3,20E-4;286,90;3,39E-4
0,123;0,304;0,992;9,35E-5;93,55;-1,95E-4;286,80;1,83E-4
0,124;0,303;0,991;9,35E-5;93,53;-1,13E-4;286,75;1,06E-4
0,125;0,304;0,992;9,36E-5;93,56;-2,27E-4;286,84;2,48E-4
0,126;0,304;0,992;9,36E-5;93,56;-2,29E-4;286,85;2,70E-4
0,127;0,304;0,992;9,36E-5;93,57;-3,00E-4;286,85;2,68E-4
0,128;0,302;0,991;9,35E-5;93,50;1,64E-5;286,68;2,16E-6
0,129;0,303;0,991;9,35E-5;93,52;-5,82E-5;286,73;8,42E-5
0,130;0,303;0,992;9,35E-5;93,54;-1,55E-4;286,79;1,77E-4
0,131;0,303;0,990;9,35E-5;93,51;-3,82E-5;286,66;-1,73E-5
0,132;0,303;0,991;9,35E-5;93,53;-1,13E-4;286,77;1,45E-4
0,133;0,302;0,990;9,35E-5;93,49;9,10E-5;286,63;-7,34E-5
0,134;0,303;0,991;9,35E-5;93,53;-1,02E-4;286,74;1,04E-4
0,135;0,302;0,990;9,35E-5;93,51;-1,82E-6;286,65;-3,89E-5
0,136;0,303;0,991;9,35E-5;93,54;-1,36E-4;286,74;9,07E-5
0,137;0,302;0,990;9,35E-5;93,50;4,37E-5;286,63;-7,77E-5
0,138;0,302;0,991;9,35E-5;93,50;7,28E-6;286,67;-1,30E-5
0,139;0,303;0,991;9,35E-5;93,54;-1,55E-4;286,78;1,62E-4
0,140;0,303;0,991;9,35E-5;93,53;-1,29E-4;286,77;1,45E-4
0,141;0,303;0,991;9,35E-5;93,54;-1,38E-4;286,76;1,23E-4
0,142;0,303;0,991;9,35E-5;93,52;-6,37E-5;286,74;9,28E-5
0,143;0,303;0,991;9,35E-5;93,53;-9,28E-5;286,72;6,69E-5
0,144;0,304;0,992;9,35E-5;93,54;-1,75E-4;286,80;1,90E-4
0,145;0,302;0,991;9,35E-5;93,51;-7,28E-6;286,68;0,00
0,146;0,303;0,991;9,35E-5;93,53;-9,28E-5;286,75;1,12E-4
0,147;0,303;0,992;9,35E-5;93,53;-1,31E-4;286,79;1,77E-4
0,148;0,303;0,991;9,35E-5;93,53;-1,04E-4;286,77;1,36E-4
0,149;0,304;0,992;9,35E-5;93,54;-1,76E-4;286,82;2,20E-4
0,150;0,303;0,991;9,35E-5;93,54;-1,46E-4;286,76;1,25E-4
0,151;0,304;0,992;9,35E-5;93,55;-1,82E-4;286,81;2,05E-4
0,152;0,303;0,991;9,35E-5;93,54;-1,42E-4;286,77;1,45E-4
0,153;0,303;0,991;9,35E-5;93,53;-9,10E-5;286,76;1,25E-4
0,154;0,301;0,990;9,35E-5;93,47;1,46E-4;286,55;-1,86E-4
0,155;0,302;0,990;9,35E-5;93,50;1,46E-5;286,66;-3,02E-5
0,156;0,302;0,990;9,35E-5;93,50;3,46E-5;286,65;-4,32E-5
0,157;0,304;0,992;9,35E-5;93,54;-1,67E-4;286,80;1,88E-4
0,158;0,303;0,992;9,35E-5;93,53;-1,02E-4;286,79;1,68E-4
0,159;0,304;0,992;9,36E-5;93,56;-2,42E-4;286,86;2,76E-4
0,160;0,304;0,992;9,35E-5;93,54;-1,67E-4;286,79;1,77E-4
0,161;0,303;0,991;9,35E-5;93,53;-8,92E-5;286,77;1,42E-4
0,162;0,303;0,991;9,35E-5;93,53;-1,20E-4;286,75;1,08E-4
0,163;0,303;0,991;9,35E-5;93,51;-3,28E-5;286,72;7,34E-5
0,164;0,303;0,991;9,35E-5;93,51;-4,00E-5;286,71;5,40E-5
0,165;0,302;0,991;9,35E-5;93,50;1,46E-5;286,67;-4,32E-6
0,166;0,303;0,991;9,35E-5;93,53;-9,46E-5;286,77;1,47E-4
0,167;0,304;0,992;9,35E-5;93,55;-1,89E-4;286,85;2,63E-4
0,168;0,304;0,992;9,35E-5;93,55;-2,00E-4;286,83;2,40E-4
0,169;0,304;0,992;9,36E-5;93,56;-2,44E-4;286,86;2,72E-4
0,170;0,303;0,992;9,35E-5;93,54;-1,46E-4;286,81;2,09E-4
0,171;0,303;0,991;9,35E-5;93,52;-6,01E-5;286,71;5,83E-5
0,172;0,303;0,992;9,35E-5;93,53;-1,16E-4;286,80;1,88E-4
0,173;0,302;0,990;9,35E-5;93,49;5,46E-5;286,62;-8,85E-5
0,174;0,301;0,989;9,35E-5;93,47;1,62E-4;286,54;-2,05E-4
0,175;0,303;0,991;9,35E-5;93,53;-1,20E-4;286,77;1,38E-4
0,176;0,303;0,992;9,35E-5;93,54;-1,46E-4;286,81;2,07E-4
0,177;0,302;0,990;9,35E-5;93,51;5,46E-6;286,63;-6,91E-5
0,178;0,302;0,990;9,35E-5;93,49;6,01E-5;286,65;-4,53E-5
0,179;0,303;0,991;9,35E-5;93,53;-1,11E-4;286,77;1,36E-4
0,180;0,304;0,993;9,36E-5;93,57;-2,80E-4;286,93;3,78E-4
0,181;0,303;0,992;9,35E-5;93,54;-1,53E-4;286,78;1,64E-4
0,182;0,303;0,992;9,35E-5;93,54;-1,60E-4;286,82;2,22E-4
0,183;0,304;0,992;9,35E-5;93,54;-1,73E-4;286,80;1,94E-4
0,184;0,304;0,992;9,35E-5;93,54;-1,75E-4;286,81;1,99E-4
0,185;0,303;0,991;9,35E-5;93,52;-8,55E-5;286,76;1,29E-4
0,186;0,302;0,991;9,35E-5;93,50;1,82E-5;286,69;2,16E-5
0,187;0,303;0,991;9,35E-5;93,53;-9,64E-5;286,76;1,21E-4
0,188;0,303;0,991;9,35E-5;93,52;-8,19E-5;286,75;1,12E-4
0,189;0,303;0,991;9,35E-5;93,51;-2,00E-5;286,71;4,75E-5
0,190;0,304;0,991;9,35E-5;93,55;-1,84E-4;286,78;1,55E-4
0,191;0,304;0,991;9,35E-5;93,54;-1,76E-4;286,76;1,34E-4
0,192;0,303;0,992;9,35E-5;93,54;-1,47E-4;286,79;1,66E-4
0,193;0,303;0,991;9,35E-5;93,54;-1,49E-4;286,78;1,51E-4
0,194;0,303;0,992;9,35E-5;93,54;-1,55E-4;286,83;2,35E-4
0,195;0,303;0,991;9,35E-5;93,52;-5,28E-5;286,71;5,61E-5
0,196;0,303;0,992;9,35E-5;93,53;-1,11E-4;286,79;1,77E-4
0,197;0,302;0,991;9,35E-5;93,50;2,91E-5;286,67;-1,30E-5
0,198;0,303;0,992;9,35E-5;93,54;-1,60E-4;286,80;1,81E-4
0,199;0,303;0,991;9,35E-5;93,53;-1,24E-4;286,78;1,53E-4
0,200;0,303;0,991;9,35E-5;93,53;-1,15E-4;286,77;1,47E-4
0,201;0,303;0,991;9,35E-5;93,51;-2,00E-5;286,73;8,63E-5
0,202;0,303;0,991;9,35E-5;93,51;-2,73E-5;286,71;5,61E-5
0,203;0,303;0,991;9,35E-5;93,52;-7,64E-5;286,77;1,42E-4
0,204;0,302;0,991;9,35E-5;93,51;5,46E-6;286,68;4,32E-6
0,205;0,303;0,992;9,35E-5;93,54;-1,36E-4;286,85;2,59E-4
0,206;0,301;0,990;9,35E-5;93,48;1,40E-4;286,56;-1,71E-4
0,207;0,303;0,991;9,35E-5;93,53;-8,73E-5;286,78;1,51E-4
0,208;0,303;0,991;9,35E-5;93,52;-5,46E-5;286,77;1,36E-4
0,209;0,303;0,991;9,35E-5;93,52;-6,37E-5;286,77;1,49E-4
0,210;0,303;0,992;9,35E-5;93,54;-1,56E-4;286,82;2,11E-4
0,211;0,303;0,992;9,35E-5;93,53;-9,64E-5;286,79;1,73E-4
0,212;0,303;0,992;9,35E-5;93,53;-1,31E-4;286,80;1,92E-4
0,213;0,303;0,992;9,35E-5;93,53;-1,07E-4;286,80;1,88E-4
0,214;0,303;0,991;9,35E-5;93,53;-9,10E-5;286,78;1,62E-4
0,215;0,303;0,991;9,35E-5;93,53;-1,06E-4;286,77;1,40E-4
0,216;0,303;0,992;9,35E-5;93,53;-1,27E-4;286,79;1,79E-4
0,217;0,303;0,991;9,35E-5;93,52;-4,73E-5;286,73;7,77E-5
0,218;0,303;0,992;9,35E-5;93,53;-1,09E-4;286,78;1,64E-4
0,219;0,303;0,992;9,35E-5;93,52;-8,37E-5;286,80;1,86E-4
0,220;0,302;0,991;9,35E-5;93,51;3,64E-6;286,70;3,89E-5
0,221;0,304;0,992;9,36E-5;93,55;-2,09E-4;286,86;2,83E-4
0,222;0,304;0,992;9,35E-5;93,54;-1,78E-4;286,84;2,50E-4
0,223;0,304;0,993;9,36E-5;93,57;-2,73E-4;286,94;3,97E-4
0,224;0,304;0,993;9,36E-5;93,57;-2,80E-4;286,91;3,56E-4
0,225;0,303;0,992;9,35E-5;93,53;-9,28E-5;286,80;1,86E-4
0,226;0,303;0,992;9,35E-5;93,54;-1,62E-4;286,82;2,22E-4
0,227;0,304;0,992;9,36E-5;93,56;-2,69E-4;286,90;3,34E-4
0,228;0,303;0,991;9,35E-5;93,52;-5,10E-5;286,76;1,27E-4
0,229;0,302;0,991;9,35E-5;93,50;1,82E-5;286,72;6,04E-5
0,230;0,303;0,992;9,35E-5;93,53;-1,33E-4;286,83;2,33E-4
0,231;0,303;0,991;9,35E-5;93,53;-1,06E-4;286,77;1,49E-4
0,232;0,303;0,992;9,35E-5;93,52;-6,19E-5;286,79;1,75E-4
0,233;0,303;0,991;9,35E-5;93,52;-5,64E-5;286,74;9,07E-5
0,234;0,303;0,991;9,35E-5;93,53;-9,28E-5;286,76;1,27E-4
0,235;0,303;0,991;9,35E-5;93,53;-9,10E-5;286,74;9,50E-5
0,236;0,303;0,991;9,35E-5;93,53;-1,26E-4;286,78;1,51E-4
0,237;0,304;0,992;9,36E-5;93,55;-2,24E-4;286,87;2,93E-4
0,238;0,303;0,992;9,35E-5;93,54;-1,58E-4;286,82;2,11E-4
0,239;0,303;0,991;9,35E-5;93,52;-5,82E-5;286,72;6,04E-5
0,240;0,303;0,991;9,35E-5;93,52;-6,73E-5;286,73;8,42E-5
0,241;0,302;0,991;9,35E-5;93,50;1,64E-5;286,69;1,51E-5
0,242;0,302;0,991;9,35E-5;93,50;4,00E-5;286,72;6,69E-5
0,243;0,303;0,992;9,35E-5;93,54;-1,47E-4;286,84;2,44E-4
0,244;0,303;0,991;9,35E-5;93,53;-1,00E-4;286,78;1,60E-4
0,245;0,303;0,992;9,35E-5;93,52;-4,91E-5;286,79;1,79E-4
0,246;0,303;0,992;9,35E-5;93,54;-1,35E-4;286,79;1,70E-4
0,247;0,302;0,991;9,35E-5;93,51;-5,46E-6;286,67;-6,48E-6
0,248;0,302;0,990;9,35E-5;93,49;6,37E-5;286,62;-8,42E-5
0,249;0,302;0,991;9,35E-5;93,50;7,28E-6;286,69;1,94E-5
0,250;0,303;0,991;9,35E-5;93,53;-1,02E-4;286,77;1,42E-4
0,251;0,303;0,991;9,35E-5;93,52;-6,55E-5;286,74;9,07E-5
0,252;0,304;0,992;9,35E-5;93,54;-1,71E-4;286,84;2,50E-4
0,253;0,302;0,991;9,35E-5;93,51;-1,46E-5;286,69;1,94E-5
0,254;0,303;0,991;9,35E-5;93,52;-6,37E-5;286,72;6,69E-5
0,255;0,303;0,991;9,35E-5;93,51;-3,28E-5;286,74;9,28E-5
0,256;0,303;0,991;9,35E-5;93,52;-7,46E-5;286,74;1,01E-4
0,257;0,303;0,991;9,35E-5;93,51;-2,91E-5;286,71;4,53E-5
0,258;0,302;0,991;9,35E-5;93,51;-9,10E-6;286,72;7,34E-5
0,259;0,303;0,991;9,35E-5;93,51;-3,09E-5;286,76;1,21E-4
0,260;0,303;0,992;9,35E-5;93,53;-1,02E-4;286,79;1,68E-4
0,261;0,302;0,990;9,35E-5;93,49;9,10E-5;286,65;-4,10E-5
0,262;0,303;0,991;9,35E-5;93,52;-7,10E-5;286,72;6,26E-5
0,263;0,302;0,991;9,35E-5;93,50;1,09E-5;286,67;-1,08E-5
0,264;0,303;0,992;9,35E-5;93,54;-1,35E-4;286,79;1,66E-4
0,265;0,302;0,991;9,35E-5;93,51;5,46E-6;286,68;1,30E-5
0,266;0,302;0,990;9,35E-5;93,48;1,22E-4;286,59;-1,25E-4
0,267;0,302;0,991;9,35E-5;93,51;-1,82E-6;286,68;8,63E-6
0,268;0,303;0,991;9,35E-5;93,53;-9,28E-5;286,78;1,53E-4
0,269;0,302;0,991;9,35E-5;93,50;9,10E-6;286,70;3,45E-5
0,270;0,304;0,993;9,36E-5;93,57;-3,06E-4;286,91;3,50E-4
0,271;0,303;0,991;9,35E-5;93,52;-7,28E-5;286,72;7,34E-5
0,272;0,303;0,992;9,35E-5;93,54;-1,47E-4;286,80;1,81E-4
0,273;0,303;0,992;9,35E-5;93,54;-1,64E-4;286,81;2,05E-4
0,274;0,303;0,991;9,35E-5;93,52;-4,37E-5;286,74;1,01E-4
0,275;0,302;0,990;9,35E-5;93,50;4,00E-5;286,65;-4,32E-5
0,276;0,304;0,992;9,35E-5;93,55;-1,84E-4;286,83;2,35E-4
0,277;0,304;0,992;9,35E-5;93,55;-1,98E-4;286,84;2,52E-4
0,278;0,304;0,992;9,36E-5;93,56;-2,37E-4;286,87;2,98E-4
0,279;0,304;0,993;9,36E-5;93,56;-2,46E-4;286,90;3,43E-4
0,280;0,303;0,992;9,35E-5;93,54;-1,36E-4;286,83;2,29E-4
0,281;0,303;0,992;9,35E-5;93,53;-1,11E-4;286,79;1,79E-4
0,282;0,304;0,992;9,36E-5;93,55;-2,13E-4;286,89;3,28E-4
0,283;0,304;0,992;9,35E-5;93,54;-1,78E-4;286,82;2,24E-4
0,284;0,304;0,992;9,35E-5;93,55;-1,82E-4;286,83;2,31E-4
0,285;0,303;0,992;9,35E-5;93,54;-1,66E-4;286,78;1,64E-4
0,286;0,303;0,991;9,35E-5;93,52;-6,19E-5;286,75;1,19E-4
0,287;0,303;0,991;9,35E-5;93,52;-6,37E-5;286,74;1,01E-4
0,288;0,304;0,992;9,36E-5;93,56;-2,46E-4;286,86;2,78E-4
0,289;0,303;0,991;9,35E-5;93,53;-1,27E-4;286,78;1,53E-4
0,290;0,303;0,991;9,35E-5;93,51;-2,37E-5;286,69;2,81E-5
0,291;0,303;0,991;9,35E-5;93,54;-1,53E-4;286,77;1,36E-4
0,292;0,302;0,991;9,35E-5;93,51;-1,46E-5;286,69;1,94E-5
0,293;0,301;0,990;9,35E-5;93,48;1,31E-4;286,62;-9,28E-5
0,294;0,301;0,989;9,35E-5;93,48;1,44E-4;286,55;-1,92E-4
0,295;0,303;0,991;9,35E-5;93,52;-4,37E-5;286,70;4,32E-5
0,296;0,303;0,991;9,35E-5;93,52;-7,28E-5;286,70;4,10E-5
0,297;0,304;0,992;9,36E-5;93,56;-2,40E-4;286,87;2,91E-4
0,298;0,303;0,991;9,35E-5;93,52;-4,91E-5;286,75;1,06E-4
0,299;0,304;0,992;9,35E-5;93,55;-1,87E-4;286,83;2,40E-4
0,300;0,304;0,992;9,36E-5;93,55;-2,13E-4;286,84;2,42E-4
0,301;0,303;0,991;9,35E-5;93,53;-1,33E-4;286,77;1,49E-4
0,302;0,303;0,991;9,35E-5;93,52;-7,10E-5;286,70;3,02E-5
0,303;0,303;0,991;9,35E-5;93,53;-9,46E-5;286,73;8,42E-5
0,304;0,304;0,993;9,36E-5;93,57;-3,09E-4;286,92;3,65E-4
0,305;0,304;0,992;9,36E-5;93,56;-2,33E-4;286,87;3,00E-4
0,306;0,303;0,991;9,35E-5;93,51;-2,00E-5;286,70;3,89E-5
0,307;0,303;0,991;9,35E-5;93,51;-2,91E-5;286,69;2,59E-5
0,308;0,302;0,990;9,35E-5;93,49;9,10E-5;286,60;-1,14E-4
0,309;0,303;0,991;9,35E-5;93,52;-7,28E-5;286,76;1,27E-4
0,310;0,303;0,991;9,35E-5;93,54;-1,40E-4;286,78;1,51E-4
0,311;0,303;0,991;9,35E-5;93,52;-8,55E-5;286,73;8,63E-5
0,312;0,304;0,992;9,36E-5;93,56;-2,31E-4;286,86;2,83E-4
0,313;0,303;0,991;9,35E-5;93,53;-9,64E-5;286,75;1,14E-4
0,314;0,303;0,991;9,35E-5;93,52;-6,73E-5;286,76;1,23E-4
0,315;0,304;0,992;9,35E-5;93,55;-1,93E-4;286,82;2,18E-4
0,316;0,304;0,992;9,36E-5;93,56;-2,37E-4;286,87;2,93E-4
0,317;0,303;0,992;9,35E-5;93,54;-1,35E-4;286,81;2,01E-4
0,318;0,302;0,990;9,35E-5;93,50;4,73E-5;286,63;-7,77E-5
0,319;0,302;0,990;9,35E-5;93,50;3,46E-5;286,63;-7,56E-5
0,320;0,303;0,991;9,35E-5;93,52;-6,73E-5;286,73;8,20E-5
0,321;0,303;0,991;9,35E-5;93,52;-6,55E-5;286,72;6,48E-5
0,322;0,303;0,991;9,35E-5;93,53;-9,64E-5;286,74;9,28E-5
0,323;0,303;0,991;9,35E-5;93,51;-3,64E-5;286,70;3,67E-5
0,324;0,303;0,991;9,35E-5;93,53;-9,10E-5;286,76;1,27E-4
0,325;0,303;0,992;9,35E-5;93,53;-1,29E-4;286,79;1,66E-4
0,326;0,303;0,991;9,35E-5;93,52;-6,55E-5;286,76;1,32E-4
0,327;0,303;0,991;9,35E-5;93,53;-9,64E-5;286,76;1,23E-4
0,328;0,302;0,991;9,35E-5;93,50;1,27E-5;286,69;2,37E-5
0,329;0,303;0,991;9,35E-5;93,53;-9,83E-5;286,78;1,60E-4
0,330;0,304;0,992;9,36E-5;93,56;-2,40E-4;286,88;3,06E-4
0,331;0,304;0,992;9,35E-5;93,54;-1,67E-4;286,84;2,50E-4
0,332;0,304;0,993;9,36E-5;93,57;-2,77E-4;286,91;3,52E-4
0,333;0,304;0,992;9,36E-5;93,55;-2,17E-4;286,85;2,65E-4
0,334;0,304;0,992;9,35E-5;93,55;-1,95E-4;286,83;2,35E-4
0,335;0,304;0,992;9,36E-5;93,55;-2,09E-4;286,86;2,81E-4
0,336;0,304;0,993;9,36E-5;93,57;-2,98E-4;286,93;3,84E-4
0,337;0,303;0,991;9,35E-5;93,52;-8,55E-5;286,78;1,58E-4
0,338;0,302;0,990;9,35E-5;93,50;2,55E-5;286,65;-4,32E-5
0,339;0,303;0,991;9,35E-5;93,51;-2,55E-5;286,71;4,96E-5
0,340;0,303;0,991;9,35E-5;93,52;-8,37E-5;286,75;1,08E-4
0,341;0,304;0,992;9,35E-5;93,55;-1,86E-4;286,82;2,22E-4
0,342;0,302;0,990;9,35E-5;93,49;8,92E-5;286,62;-7,99E-5
0,343;0,302;0,990;9,35E-5;93,50;4,91E-5;286,63;-6,48E-5
0,344;0,303;0,991;9,35E-5;93,52;-5,64E-5;286,77;1,47E-4
0,345;0,304;0,993;9,36E-5;93,57;-2,95E-4;286,92;3,62E-4
0,346;0,303;0,992;9,35E-5;93,53;-1,15E-4;286,81;1,99E-4
0,347;0,303;0,991;9,35E-5;93,52;-6,19E-5;286,72;7,12E-5
0,348;0,302;0,991;9,35E-5;93,51;5,46E-6;286,67;-2,16E-6
0,349;0,302;0,990;9,35E-5;93,49;8,74E-5;286,63;-7,77E-5
0,350;0,303;0,991;9,35E-5;93,54;-1,53E-4;286,78;1,58E-4
0,351;0,305;0,993;9,36E-5;93,57;-3,18E-4;286,94;3,99E-4
0,352;0,303;0,992;9,35E-5;93,53;-8,73E-5;286,78;1,64E-4
0,353;0,303;0,992;9,35E-5;93,54;-1,66E-4;286,85;2,68E-4
0,354;0,304;0,991;9,35E-5;93,55;-1,86E-4;286,76;1,29E-4
0,355;0,303;0,991;9,35E-5;93,54;-1,47E-4;286,76;1,21E-4
0,356;0,303;0,991;9,35E-5;93,53;-1,24E-4;286,78;1,51E-4
0,357;0,305;0,993;9,36E-5;93,58;-3,57E-4;286,94;3,95E-4
0,358;0,303;0,992;9,35E-5;93,54;-1,46E-4;286,82;2,11E-4
0,359;0,304;0,992;9,35E-5;93,54;-1,71E-4;286,83;2,37E-4
0,360;0,304;0,992;9,36E-5;93,55;-2,20E-4;286,85;2,63E-4
0,361;0,303;0,992;9,35E-5;93,54;-1,36E-4;286,81;1,96E-4
0,362;0,303;0,991;9,35E-5;93,54;-1,38E-4;286,77;1,47E-4
0,363;0,304;0,992;9,36E-5;93,55;-2,17E-4;286,88;3,06E-4
0,364;0,304;0,992;9,36E-5;93,55;-2,18E-4;286,85;2,68E-4
0,365;0,303;0,991;9,35E-5;93,52;-7,83E-5;286,78;1,60E-4
0,366;0,303;0,992;9,35E-5;93,53;-1,07E-4;286,78;1,64E-4
0,367;0,303;0,991;9,35E-5;93,51;-3,46E-5;286,71;5,83E-5
0,368;0,303;0,991;9,35E-5;93,52;-6,01E-5;286,75;1,08E-4
0,369;0,303;0,992;9,35E-5;93,54;-1,42E-4;286,82;2,22E-4
0,370;0,302;0,991;9,35E-5;93,51;-7,28E-6;286,72;6,91E-5
0,371;0,304;0,993;9,36E-5;93,57;-2,97E-4;286,93;3,88E-4
0,372;0,304;0,993;9,36E-5;93,56;-2,69E-4;286,93;3,80E-4
0,373;0,304;0,992;9,36E-5;93,57;-2,84E-4;286,90;3,39E-4
0,374;0,303;0,991;9,35E-5;93,53;-9,83E-5;286,71;5,61E-5
0,375;0,302;0,991;9,35E-5;93,50;3,09E-5;286,68;0,00
0,376;0,302;0,990;9,35E-5;93,49;6,55E-5;286,61;-1,04E-4
0,377;0,302;0,990;9,35E-5;93,50;4,55E-5;286,64;-5,18E-5
0,378;0,303;0,991;9,35E-5;93,52;-4,19E-5;286,72;7,34E-5
0,379;0,303;0,991;9,35E-5;93,52;-4,19E-5;286,75;1,19E-4
0,380;0,304;0,992;9,35E-5;93,54;-1,69E-4;286,80;1,88E-4
0,381;0,304;0,992;9,35E-5;93,54;-1,73E-4;286,83;2,31E-4
0,382;0,303;0,991;9,35E-5;93,53;-1,07E-4;286,77;1,49E-4
0,383;0,303;0,991;9,35E-5;93,52;-7,10E-5;286,77;1,40E-4
0,384;0,302;0,990;9,35E-5;93,48;1,04E-4;286,63;-6,48E-5
0,385;0,302;0,990;9,35E-5;93,48;1,26E-4;286,62;-8,64E-5
0,386;0,302;0,991;9,35E-5;93,50;1,09E-5;286,72;6,04E-5
0,387;0,302;0,991;9,35E-5;93,51;1,82E-6;286,71;5,40E-5
0,388;0,303;0,991;9,35E-5;93,52;-6,19E-5;286,74;9,93E-5
0,389;0,303;0,991;9,35E-5;93,53;-1,15E-4;286,76;1,29E-4
0,390;0,304;0,992;9,35E-5;93,54;-1,75E-4;286,80;1,94E-4
0,391;0,302;0,991;9,35E-5;93,51;-1,27E-5;286,70;3,02E-5
0,392;0,303;0,992;9,35E-5;93,53;-8,92E-5;286,79;1,66E-4
0,393;0,302;0,990;9,35E-5;93,49;6,73E-5;286,62;-9,07E-5
0,394;0,301;0,990;9,35E-5;93,47;1,46E-4;286,58;-1,45E-4
0,395;0,303;0,991;9,35E-5;93,51;-2,91E-5;286,70;4,32E-5
0,396;0,302;0,990;9,35E-5;93,48;1,24E-4;286,58;-1,42E-4
0,397;0,303;0,992;9,35E-5;93,53;-1,31E-4;286,83;2,29E-4
0,398;0,303;0,992;9,35E-5;93,54;-1,58E-4;286,85;2,57E-4
0,399;0,304;0,992;9,36E-5;93,55;-2,20E-4;286,84;2,52E-4
0,400;0,303;0,992;9,35E-5;93,54;-1,56E-4;286,83;2,35E-4
0,401;0,303;0,991;9,35E-5;93,53;-9,64E-5;286,78;1,62E-4
0,402;0,303;0,991;9,35E-5;93,51;-2,91E-5;286,71;4,75E-5
0,403;0,303;0,991;9,35E-5;93,52;-4,91E-5;286,74;9,07E-5
0,404;0,303;0,991;9,35E-5;93,53;-1,33E-4;286,77;1,49E-4
0,405;0,303;0,991;9,35E-5;93,53;-1,26E-4;286,77;1,38E-4
0,406;0,304;0,992;9,35E-5;93,54;-1,76E-4;286,84;2,42E-4
0,407;0,303;0,992;9,35E-5;93,53;-1,27E-4;286,81;1,99E-4
0,408;0,302;0,991;9,35E-5;93,50;9,10E-6;286,67;-1,30E-5
0,409;0,304;0,992;9,35E-5;93,55;-1,86E-4;286,83;2,33E-4
0,410;0,304;0,992;9,35E-5;93,55;-2,02E-4;286,85;2,70E-4
0,411;0,304;0,992;9,36E-5;93,55;-2,18E-4;286,87;2,87E-4
0,412;0,304;0,992;9,35E-5;93,54;-1,71E-4;286,84;2,46E-4
0,413;0,304;0,992;9,36E-5;93,55;-2,24E-4;286,86;2,78E-4
0,414;0,303;0,991;9,35E-5;93,52;-5,64E-5;286,72;6,48E-5
0,415;0,303;0,991;9,35E-5;93,53;-1,06E-4;286,75;1,17E-4
0,416;0,304;0,992;9,35E-5;93,55;-1,91E-4;286,82;2,20E-4
0,417;0,302;0,991;9,35E-5;93,51;-9,10E-6;286,72;6,26E-5
0,418;0,303;0,991;9,35E-5;93,52;-4,55E-5;286,71;4,96E-5
0,419;0,303;0,991;9,35E-5;93,54;-1,38E-4;286,78;1,58E-4
0,420;0,303;0,991;9,35E-5;93,54;-1,46E-4;286,77;1,38E-4
0,421;0,303;0,991;9,35E-5;93,52;-4,73E-5;286,73;7,55E-5
0,422;0,302;0,991;9,35E-5;93,51;-5,46E-6;286,67;-4,32E-6
0,423;0,303;0,991;9,35E-5;93,52;-7,46E-5;286,74;9,07E-5
0,424;0,302;0,991;9,35E-5;93,51;3,64E-6;286,68;1,08E-5
0,425;0,303;0,991;9,35E-5;93,51;-2,18E-5;286,73;8,42E-5
0,426;0,303;0,991;9,35E-5;93,52;-6,19E-5;286,70;3,02E-5
0,427;0,302;0,990;9,35E-5;93,49;8,01E-5;286,65;-4,32E-5
0,428;0,303;0,991;9,35E-5;93,53;-1,04E-4;286,73;8,85E-5
0,429;0,303;0,991;9,35E-5;93,51;-2,37E-5;286,71;5,83E-5
0,430;0,303;0,991;9,35E-5;93,53;-1,11E-4;286,75;1,08E-4
0,431;0,302;0,991;9,35E-5;93,50;2,18E-5;286,71;4,75E-5
0,432;0,302;0,991;9,35E-5;93,51;-3,64E-6;286,68;8,63E-6
0,433;0,302;0,990;9,35E-5;93,49;5,64E-5;286,64;-6,04E-5
0,434;0,304;0,992;9,36E-5;93,56;-2,57E-4;286,90;3,34E-4
0,435;0,304;0,991;9,35E-5;93,55;-1,80E-4;286,78;1,62E-4
0,436;0,305;0,992;9,36E-5;93,58;-3,22E-4;286,89;3,30E-4
0,437;0,302;0,990;9,35E-5;93,49;5,82E-5;286,65;-4,10E-5
0,438;0,304;0,992;9,35E-5;93,54;-1,71E-4;286,80;1,88E-4
0,439;0,303;0,991;9,35E-5;93,53;-1,22E-4;286,78;1,62E-4
0,440;0,304;0,992;9,36E-5;93,56;-2,40E-4;286,86;2,81E-4
0,441;0,303;0,991;9,35E-5;93,52;-6,01E-5;286,75;1,12E-4
0,442;0,304;0,992;9,36E-5;93,55;-2,11E-4;286,80;1,92E-4
0,443;0,303;0,991;9,35E-5;93,53;-9,28E-5;286,76;1,25E-4
0,444;0,304;0,992;9,36E-5;93,56;-2,51E-4;286,89;3,17E-4
0,445;0,303;0,991;9,35E-5;93,53;-1,15E-4;286,76;1,34E-4
0,446;0,304;0,992;9,36E-5;93,55;-2,24E-4;286,88;3,13E-4
0,447;0,303;0,991;9,35E-5;93,53;-1,11E-4;286,75;1,10E-4
0,448;0,304;0,992;9,36E-5;93,56;-2,51E-4;286,88;3,15E-4
0,449;0,302;0,991;9,35E-5;93,51;-1,82E-6;286,69;1,51E-5
0,450;0,301;0,989;9,35E-5;93,46;2,04E-4;286,53;-2,20E-4
0,451;0,301;0,990;9,35E-5;93,47;1,60E-4;286,58;-1,53E-4
0,452;0,303;0,991;9,35E-5;93,52;-7,64E-5;286,71;5,18E-5
0,453;0,304;0,992;9,35E-5;93,55;-1,89E-4;286,85;2,57E-4
0,454;0,303;0,991;9,35E-5;93,51;-3,82E-5;286,70;3,89E-5
0,455;0,303;0,991;9,35E-5;93,51;-2,55E-5;286,67;-2,16E-6
0,456;0,303;0,991;9,35E-5;93,53;-1,20E-4;286,78;1,60E-4
0,457;0,302;0,990;9,35E-5;93,49;5,46E-5;286,65;-3,67E-5
0,458;0,303;0,991;9,35E-5;93,54;-1,58E-4;286,77;1,36E-4
0,459;0,303;0,991;9,35E-5;93,52;-8,55E-5;286,77;1,42E-4
0,460;0,302;0,990;9,35E-5;93,48;1,00E-4;286,61;-1,01E-4
0,461;0,303;0,991;9,35E-5;93,52;-4,19E-5;286,71;4,75E-5
0,462;0,303;0,991;9,35E-5;93,51;-3,64E-5;286,76;1,21E-4
0,463;0,303;0,991;9,35E-5;93,54;-1,44E-4;286,78;1,55E-4
0,464;0,302;0,991;9,35E-5;93,51;-9,10E-6;286,72;6,48E-5
0,465;0,303;0,992;9,35E-5;93,52;-5,10E-5;286,79;1,70E-4
0,466;0,303;0,992;9,35E-5;93,54;-1,56E-4;286,79;1,77E-4
0,467;0,303;0,991;9,35E-5;93,52;-6,19E-5;286,75;1,06E-4
0,468;0,303;0,992;9,35E-5;93,53;-1,26E-4;286,81;2,09E-4
0,469;0,303;0,991;9,35E-5;93,53;-9,83E-5;286,75;1,12E-4
0,470;0,304;0,992;9,35E-5;93,55;-1,98E-4;286,87;2,87E-4
0,471;0,303;0,991;9,35E-5;93,52;-7,28E-5;286,75;1,17E-4
0,472;0,303;0,991;9,35E-5;93,53;-1,26E-4;286,77;1,36E-4
0,473;0,303;0,991;9,35E-5;93,52;-7,83E-5;286,75;1,12E-4
0,474;0,305;0,993;9,36E-5;93,58;-3,42E-4;286,96;4,34E-4
0,475;0,304;0,992;9,35E-5;93,54;-1,71E-4;286,80;1,90E-4
0,476;0,303;0,991;9,35E-5;93,53;-1,13E-4;286,74;1,01E-4
0,477;0,302;0,991;9,35E-5;93,51;-7,28E-6;286,70;3,45E-5
0,478;0,303;0,991;9,35E-5;93,51;-4,00E-5;286,73;8,20E-5
0,479;0,304;0,993;9,36E-5;93,57;-3,00E-4;286,91;3,47E-4
0,480;0,303;0,991;9,35E-5;93,51;-3,82E-5;286,72;7,34E-5
0,481;0,303;0,991;9,35E-5;93,53;-1,07E-4;286,77;1,38E-4
0,482;0,304;0,993;9,36E-5;93,56;-2,40E-4;286,91;3,50E-4
0,483;0,303;0,991;9,35E-5;93,52;-4,37E-5;286,73;8,20E-5
0,484;0,302;0,990;9,35E-5;93,49;6,73E-5;286,64;-4,97E-5
0,485;0,304;0,992;9,36E-5;93,55;-2,07E-4;286,80;1,86E-4
0,486;0,303;0,991;9,35E-5;93,52;-6,37E-5;286,73;7,99E-5
0,487;0,304;0,992;9,35E-5;93,54;-1,69E-4;286,84;2,52E-4
0,488;0,303;0,992;9,35E-5;93,53;-1,33E-4;286,82;2,14E-4
0,489;0,302;0,990;9,35E-5;93,50;3,46E-5;286,66;-1,73E-5
0,490;0,303;0,991;9,35E-5;93,52;-4,37E-5;286,76;1,25E-4
0,491;0,303;0,991;9,35E-5;93,51;-3,09E-5;286,71;5,40E-5
0,492;0,303;0,991;9,35E-5;93,52;-5,64E-5;286,72;7,12E-5
0,493;0,304;0,992;9,36E-5;93,55;-2,15E-4;286,85;2,65E-4
0,494;0,304;0,992;9,36E-5;93,57;-2,77E-4;286,86;2,76E-4
0,495;0,304;0,992;9,36E-5;93,56;-2,64E-4;286,88;3,11E-4
0,496;0,303;0,992;9,35E-5;93,53;-1,04E-4;286,79;1,79E-4
0,497;0,303;0,992;9,35E-5;93,54;-1,64E-4;286,80;1,86E-4
0,498;0,303;0,992;9,35E-5;93,53;-1,15E-4;286,80;1,86E-4
0,499;0,302;0,991;9,35E-5;93,51;-1,82E-5;286,71;5,18E-5
0,500;0,303;0,991;9,35E-5;93,53;-8,73E-5;286,78;1,51E-4
0,501;0,302;0,990;9,35E-5;93,48;1,11E-4;286,59;-1,27E-4
0,502;0,303;0,991;9,35E-5;93,52;-5,82E-5;286,78;1,58E-4
0,503;0,303;0,991;9,35E-5;93,52;-6,19E-5;286,72;6,69E-5
0,504;0,303;0,991;9,35E-5;93,52;-8,19E-5;286,77;1,47E-4
0,505;0,303;0,992;9,35E-5;93,53;-8,73E-5;286,81;2,01E-4
0,506;0,303;0,992;9,35E-5;93,54;-1,42E-4;286,80;1,88E-4
0,507;0,304;0,992;9,36E-5;93,56;-2,46E-4;286,86;2,76E-4
0,508;0,303;0,991;9,35E-5;93,52;-5,64E-5;286,74;9,93E-5
0,509;0,302;0,990;9,35E-5;93,50;4,55E-5;286,64;-5,40E-5
0,510;0,303;0,991;9,35E-5;93,51;-3,64E-5;286,74;9,07E-5
0,511;0,303;0,991;9,35E-5;93,53;-1,18E-4;286,73;8,63E-5
0,512;0,303;0,991;9,35E-5;93,53;-1,11E-4;286,78;1,60E-4
0,513;0,302;0,991;9,35E-5;93,50;3,46E-5;286,67;-8,63E-6
0,514;0,302;0,991;9,35E-5;93,51;-1,82E-6;286,68;8,63E-6
0,515;0,303;0,991;9,35E-5;93,52;-5,64E-5;286,71;4,96E-5
0,516;0,303;0,992;9,35E-5;93,53;-1,00E-4;286,79;1,70E-4
0,517;0,302;0,991;9,35E-5;93,50;1,27E-5;286,67;-8,63E-6
0,518;0,303;0,991;9,35E-5;93,53;-8,73E-5;286,78;1,60E-4
0,519;0,303;0,991;9,35E-5;93,53;-1,07E-4;286,75;1,12E-4
0,520;0,303;0,992;9,35E-5;93,54;-1,58E-4;286,80;1,94E-4
0,521;0,303;0,991;9,35E-5;93,52;-6,92E-5;286,70;4,10E-5
0,522;0,304;0,992;9,35E-5;93,54;-1,73E-4;286,82;2,24E-4
0,523;0,303;0,991;9,35E-5;93,53;-1,00E-4;286,76;1,21E-4
0,524;0,303;0,991;9,35E-5;93,52;-5,82E-5;286,76;1,32E-4
0,525;0,302;0,991;9,35E-5;93,51;-1,82E-5;286,70;3,02E-5
0,526;0,304;0,992;9,35E-5;93,54;-1,73E-4;286,83;2,37E-4
0,527;0,305;0,992;9,36E-5;93,58;-3,24E-4;286,90;3,37E-4
0,528;0,304;0,992;9,35E-5;93,55;-1,97E-4;286,83;2,33E-4
0,529;0,303;0,991;9,35E-5;93,53;-9,64E-5;286,78;1,58E-4
0,530;0,303;0,991;9,35E-5;93,52;-4,91E-5;286,72;6,26E-5
0,531;0,302;0,991;9,35E-5;93,50;1,64E-5;286,69;2,59E-5
0,532;0,302;0,990;9,35E-5;93,49;9,46E-5;286,60;-1,19E-4
0,533;0,303;0,991;9,35E-5;93,52;-7,28E-5;286,77;1,36E-4
0,534;0,302;0,991;9,35E-5;93,51;5,46E-6;286,71;4,53E-5
0,535;0,303;0,991;9,35E-5;93,53;-1,22E-4;286,77;1,38E-4
0,536;0,303;0,992;9,35E-5;93,53;-1,27E-4;286,81;2,05E-4
0,537;0,304;0,992;9,36E-5;93,55;-2,06E-4;286,83;2,40E-4
0,538;0,303;0,991;9,35E-5;93,52;-8,37E-5;286,75;1,06E-4
0,539;0,302;0,991;9,35E-5;93,50;7,28E-6;286,73;7,77E-5
0,540;0,302;0,990;9,35E-5;93,50;1,27E-5;286,66;-2,59E-5
0,541;0,303;0,991;9,35E-5;93,53;-1,26E-4;286,77;1,36E-4
0,542;0,302;0,991;9,35E-5;93,51;-1,27E-5;286,67;-4,32E-6
0,543;0,303;0,992;9,35E-5;93,53;-1,04E-4;286,79;1,66E-4
0,544;0,304;0,992;9,36E-5;93,55;-2,09E-4;286,87;2,87E-4
0,545;0,303;0,992;9,35E-5;93,54;-1,64E-4;286,84;2,42E-4
0,546;0,303;0,991;9,35E-5;93,53;-8,73E-5;286,74;9,93E-5
0,547;0,303;0,991;9,35E-5;93,52;-5,64E-5;286,75;1,17E-4
0,548;0,303;0,991;9,35E-5;93,52;-4,91E-5;286,69;2,81E-5
0,549;0,303;0,991;9,35E-5;93,52;-4,91E-5;286,72;7,12E-5
0,550;0,303;0,991;9,35E-5;93,51;-2,37E-5;286,75;1,14E-4
0,551;0,304;0,992;9,35E-5;93,54;-1,67E-4;286,81;2,05E-4
0,552;0,304;0,993;9,36E-5;93,56;-2,38E-4;286,91;3,54E-4
0,553;0,303;0,991;9,35E-5;93,53;-1,07E-4;286,75;1,10E-4
0,554;0,303;0,991;9,35E-5;93,53;-1,20E-4;286,77;1,40E-4
0,555;0,303;0,991;9,35E-5;93,52;-8,55E-5;286,76;1,32E-4
0,556;0,303;0,992;9,35E-5;93,54;-1,44E-4;286,79;1,68E-4
0,557;0,302;0,991;9,35E-5;93,51;-1,82E-5;286,73;8,20E-5
0,558;0,302;0,990;9,35E-5;93,50;3,82E-5;286,66;-1,94E-5
0,559;0,303;0,991;9,35E-5;93,54;-1,51E-4;286,78;1,53E-4
0,560;0,303;0,991;9,35E-5;93,53;-1,15E-4;286,73;7,77E-5
0,561;0,303;0,991;9,35E-5;93,53;-1,00E-4;286,75;1,19E-4
0,562;0,303;0,991;9,35E-5;93,51;-4,00E-5;286,72;7,12E-5
0,563;0,303;0,992;9,35E-5;93,54;-1,38E-4;286,80;1,90E-4
0,564;0,304;0,992;9,36E-5;93,55;-2,06E-4;286,89;3,19E-4
0,565;0,302;0,990;9,35E-5;93,50;3,46E-5;286,66;-2,37E-5
0,566;0,303;0,992;9,35E-5;93,53;-1,29E-4;286,79;1,70E-4
0,567;0,304;0,992;9,36E-5;93,55;-2,22E-4;286,85;2,68E-4
0,568;0,305;0,993;9,36E-5;93,57;-3,17E-4;286,96;4,27E-4
0,569;0,304;0,993;9,36E-5;93,57;-2,98E-4;286,92;3,65E-4
0,570;0,302;0,990;9,35E-5;93,50;2,37E-5;286,66;-2,37E-5
0,571;0,303;0,991;9,35E-5;93,54;-1,56E-4;286,76;1,32E-4
0,572;0,303;0,991;9,35E-5;93,53;-1,15E-4;286,77;1,47E-4
0,573;0,303;0,991;9,35E-5;93,52;-7,46E-5;286,73;7,55E-5
0,574;0,304;0,993;9,36E-5;93,56;-2,71E-4;286,92;3,71E-4
0,575;0,303;0,991;9,35E-5;93,52;-5,82E-5;286,75;1,19E-4
0,576;0,303;0,992;9,35E-5;93,53;-1,29E-4;286,81;2,03E-4
0,577;0,303;0,991;9,35E-5;93,52;-4,73E-5;286,70;3,24E-5
0,578;0,302;0,991;9,35E-5;93,50;9,10E-6;286,67;-1,08E-5
0,579;0,302;0,991;9,35E-5;93,50;3,09E-5;286,68;0,00
0,580;0,302;0,991;9,35E-5;93,50;2,55E-5;286,67;-4,32E-6
0,581;0,304;0,992;9,35E-5;93,55;-1,93E-4;286,81;2,07E-4
0,582;0,303;0,991;9,35E-5;93,53;-1,15E-4;286,78;1,58E-4
0,583;0,303;0,991;9,35E-5;93,53;-1,22E-4;286,73;8,20E-5
0,584;0,302;0,990;9,35E-5;93,48;1,02E-4;286,57;-1,62E-4
0,585;0,302;0,990;9,35E-5;93,50;2,00E-5;286,61;-9,50E-5
0,586;0,303;0,991;9,35E-5;93,54;-1,38E-4;286,77;1,42E-4
0,587;0,302;0,991;9,35E-5;93,51;-1,46E-5;286,73;7,55E-5
0,588;0,302;0,991;9,35E-5;93,51;-7,28E-6;286,68;1,08E-5
0,589;0,304;0,992;9,36E-5;93,55;-2,17E-4;286,86;2,85E-4
0,590;0,303;0,991;9,35E-5;93,52;-6,73E-5;286,78;1,51E-4
0,591;0,304;0,992;9,36E-5;93,56;-2,44E-4;286,89;3,19E-4
0,592;0,304;0,992;9,36E-5;93,55;-2,22E-4;286,84;2,48E-4
0,593;0,304;0,992;9,36E-5;93,56;-2,53E-4;286,88;3,06E-4
0,594;0,303;0,991;9,35E-5;93,52;-7,83E-5;286,76;1,29E-4
0,595;0,303;0,991;9,35E-5;93,53;-1,33E-4;286,78;1,55E-4
0,596;0,303;0,991;9,35E-5;93,53;-1,24E-4;286,76;1,32E-4
0,597;0,303;0,992;9,35E-5;93,53;-1,33E-4;286,79;1,66E-4
0,598;0,304;0,992;9,36E-5;93,56;-2,44E-4;286,86;2,83E-4
0,599;0,303;0,991;9,35E-5;93,52;-8,55E-5;286,73;8,63E-5
0,600;0,302;0,990;9,35E-5;93,50;5,10E-5;286,66;-2,37E-5
0,601;0,303;0,991;9,35E-5;93,51;-2,18E-5;286,70;3,45E-5
0,602;0,303;0,991;9,35E-5;93,52;-5,46E-5;286,70;3,67E-5
0,603;0,303;0,992;9,35E-5;93,54;-1,56E-4;286,82;2,20E-4
0,604;0,305;0,993;9,36E-5;93,59;-3,75E-4;286,95;4,19E-4
0,605;0,304;0,992;9,36E-5;93,56;-2,31E-4;286,83;2,33E-4
0,606;0,303;0,991;9,35E-5;93,53;-9,46E-5;286,77;1,47E-4
0,607;0,302;0,991;9,35E-5;93,49;5,82E-5;286,68;1,08E-5
0,608;0,304;0,992;9,35E-5;93,54;-1,73E-4;286,81;1,99E-4
0,609;0,303;0,991;9,35E-5;93,54;-1,36E-4;286,75;1,14E-4
0,610;0,304;0,992;9,35E-5;93,54;-1,67E-4;286,79;1,79E-4
0,611;0,304;0,992;9,35E-5;93,54;-1,78E-4;286,85;2,65E-4
0,612;0,302;0,991;9,35E-5;93,51;5,46E-6;286,69;1,73E-5
0,613;0,302;0,990;9,35E-5;93,50;2,55E-5;286,64;-6,04E-5
0,614;0,302;0,991;9,35E-5;93,50;7,28E-6;286,70;3,02E-5
0,615;0,302;0,990;9,35E-5;93,48;1,13E-4;286,62;-8,85E-5
0,616;0,303;0,992;9,35E-5;93,53;-1,11E-4;286,80;1,83E-4
0,617;0,304;0,992;9,36E-5;93,55;-2,04E-4;286,83;2,37E-4
0,618;0,304;0,992;9,36E-5;93,56;-2,31E-4;286,89;3,26E-4
0,619;0,304;0,992;9,36E-5;93,56;-2,31E-4;286,86;2,74E-4
0,620;0,304;0,992;9,36E-5;93,55;-2,06E-4;286,83;2,27E-4
0,621;0,303;0,992;9,35E-5;93,54;-1,47E-4;286,84;2,42E-4
0,622;0,303;0,991;9,35E-5;93,54;-1,56E-4;286,78;1,55E-4
0,623;0,303;0,992;9,35E-5;93,54;-1,36E-4;286,83;2,29E-4
0,624;0,303;0,991;9,35E-5;93,52;-6,92E-5;286,73;7,55E-5
0,625;0,303;0,991;9,35E-5;93,51;-2,37E-5;286,69;1,73E-5
0,626;0,303;0,992;9,35E-5;93,54;-1,53E-4;286,82;2,24E-4
0,627;0,303;0,992;9,35E-5;93,53;-1,33E-4;286,82;2,20E-4
0,628;0,302;0,991;9,35E-5;93,51;5,46E-6;286,67;-1,08E-5
0,629;0,302;0,991;9,35E-5;93,51;-1,27E-5;286,67;-8,63E-6
0,630;0,302;0,990;9,35E-5;93,49;7,28E-5;286,60;-1,21E-4
0,631;0,301;0,990;9,35E-5;93,48;1,40E-4;286,60;-1,21E-4
0,632;0,301;0,989;9,35E-5;93,45;2,49E-4;286,48;-2,94E-4
0,633;0,302;0,990;9,35E-5;93,49;8,74E-5;286,65;-4,53E-5
0,634;0,303;0,992;9,35E-5;93,54;-1,46E-4;286,81;2,01E-4
0,635;0,303;0,992;9,35E-5;93,54;-1,66E-4;286,80;1,83E-4
0,636;0,304;0,992;9,35E-5;93,55;-1,82E-4;286,81;2,01E-4
0,637;0,303;0,991;9,35E-5;93,52;-6,73E-5;286,71;5,61E-5
0,638;0,303;0,991;9,35E-5;93,52;-4,19E-5;286,71;5,18E-5
0,639;0,304;0,991;9,35E-5;93,54;-1,67E-4;286,78;1,53E-4
0,640;0,303;0,991;9,35E-5;93,52;-8,55E-5;286,76;1,34E-4
0,641;0,303;0,991;9,35E-5;93,51;-3,09E-5;286,74;9,50E-5
0,642;0,301;0,990;9,35E-5;93,47;1,66E-4;286,56;-1,81E-4
0,643;0,302;0,990;9,35E-5;93,50;4,91E-5;286,62;-9,07E-5
0,644;0,304;0,992;9,35E-5;93,54;-1,78E-4;286,84;2,46E-4
0,645;0,304;0,992;9,36E-5;93,56;-2,47E-4;286,88;3,06E-4
0,646;0,303;0,991;9,35E-5;93,53;-1,11E-4;286,78;1,62E-4
0,647;0,303;0,992;9,35E-5;93,53;-1,26E-4;286,80;1,92E-4
0,648;0,304;0,992;9,35E-5;93,54;-1,78E-4;286,88;3,13E-4
0,649;0,304;0,992;9,35E-5;93,55;-2,02E-4;286,84;2,46E-4
0,650;0,304;0,992;9,35E-5;93,54;-1,73E-4;286,87;2,98E-4
0,651;0,304;0,992;9,35E-5;93,55;-1,97E-4;286,84;2,46E-4
0,652;0,302;0,991;9,35E-5;93,50;2,37E-5;286,68;6,48E-6
0,653;0,304;0,993;9,36E-5;93,57;-3,11E-4;286,93;3,86E-4
0,654;0,303;0,992;9,35E-5;93,54;-1,36E-4;286,79;1,79E-4
0,655;0,303;0,991;9,35E-5;93,51;-2,18E-5;286,75;1,08E-4
0,656;0,303;0,991;9,35E-5;93,52;-4,37E-5;286,72;6,04E-5
0,657;0,302;0,991;9,35E-5;93,51;-1,64E-5;286,69;2,59E-5
0,658;0,303;0,991;9,35E-5;93,52;-5,82E-5;286,74;9,07E-5
0,659;0,302;0,990;9,35E-5;93,50;2,37E-5;286,66;-2,81E-5
0,660;0,302;0,990;9,35E-5;93,49;7,83E-5;286,61;-1,06E-4
0,661;0,303;0,991;9,35E-5;93,53;-1,33E-4;286,78;1,58E-4
0,662;0,303;0,992;9,35E-5;93,53;-1,31E-4;286,81;1,96E-4
0,663;0,302;0,991;9,35E-5;93,51;-1,82E-5;286,74;9,28E-5
0,664;0,303;0,991;9,35E-5;93,52;-5,46E-5;286,75;1,17E-4
0,665;0,303;0,991;9,35E-5;93,51;-3,82E-5;286,71;4,75E-5
0,666;0,303;0,992;9,35E-5;93,54;-1,64E-4;286,82;2,24E-4
0,667;0,302;0,990;9,35E-5;93,48;1,27E-4;286,61;-1,08E-4
0,668;0,303;0,991;9,35E-5;93,52;-4,55E-5;286,70;3,24E-5
0,669;0,303;0,991;9,35E-5;93,52;-7,10E-5;286,76;1,21E-4
0,670;0,304;0,992;9,35E-5;93,55;-1,97E-4;286,82;2,24E-4
0,671;0,304;0,992;9,36E-5;93,55;-2,17E-4;286,86;2,78E-4
0,672;0,304;0,992;9,35E-5;93,55;-1,91E-4;286,82;2,16E-4
0,673;0,303;0,992;9,35E-5;93,53;-1,18E-4;286,81;1,96E-4
0,674;0,302;0,991;9,35E-5;93,50;2,91E-5;286,69;1,73E-5
0,675;0,303;0,992;9,35E-5;93,53;-8,73E-5;286,79;1,68E-4
0,676;0,303;0,991;9,35E-5;93,52;-6,92E-5;286,75;1,08E-4
0,677;0,304;0,992;9,36E-5;93,56;-2,49E-4;286,87;2,89E-4
0,678;0,304;0,992;9,35E-5;93,55;-1,97E-4;286,83;2,31E-4
0,679;0,304;0,992;9,36E-5;93,57;-2,75E-4;286,89;3,17E-4
0,680;0,304;0,992;9,35E-5;93,55;-1,89E-4;286,86;2,81E-4
0,681;0,303;0,991;9,35E-5;93,52;-6,55E-5;286,76;1,23E-4
0,682;0,303;0,991;9,35E-5;93,52;-6,01E-5;286,72;6,48E-5
0,683;0,304;0,992;9,35E-5;93,55;-1,93E-4;286,86;2,72E-4
0,684;0,304;0,993;9,36E-5;93,56;-2,44E-4;286,91;3,60E-4
0,685;0,302;0,991;9,35E-5;93,50;1,09E-5;286,68;0,00
0,686;0,304;0,992;9,35E-5;93,54;-1,75E-4;286,84;2,44E-4
0,687;0,303;0,992;9,35E-5;93,53;-1,16E-4;286,82;2,20E-4
0,688;0,302;0,991;9,35E-5;93,51;-1,27E-5;286,71;5,61E-5
0,689;0,302;0,991;9,35E-5;93,50;9,10E-6;286,68;1,08E-5
0,690;0,303;0,992;9,35E-5;93,54;-1,46E-4;286,80;1,88E-4
0,691;0,303;0,992;9,35E-5;93,53;-1,20E-4;286,81;1,99E-4
0,692;0,303;0,991;9,35E-5;93,54;-1,38E-4;286,76;1,29E-4
0,693;0,303;0,991;9,35E-5;93,51;-3,64E-5;286,71;4,96E-5
0,694;0,303;0,991;9,35E-5;93,52;-4,55E-5;286,73;8,20E-5
0,695;0,303;0,991;9,35E-5;93,52;-5,82E-5;286,74;9,71E-5
0,696;0,303;0,992;9,35E-5;93,53;-1,20E-4;286,79;1,73E-4
0,697;0,303;0,991;9,35E-5;93,52;-6,01E-5;286,76;1,34E-4
0,698;0,303;0,991;9,35E-5;93,53;-1,16E-4;286,76;1,27E-4
0,699;0,304;0,992;9,36E-5;93,56;-2,51E-4;286,89;3,24E-4
0,700;0,302;0,991;9,35E-5;93,50;1,64E-5;286,71;4,96E-5
0,701;0,302;0,990;9,35E-5;93,48;1,20E-4;286,59;-1,25E-4
0,702;0,302;0,990;9,35E-5;93,50;4,55E-5;286,66;-1,73E-5
0,703;0,302;0,990;9,35E-5;93,50;2,73E-5;286,65;-3,67E-5
0,704;0,303;0,992;9,35E-5;93,54;-1,38E-4;286,81;2,03E-4
0,705;0,302;0,990;9,35E-5;93,49;8,37E-5;286,63;-7,34E-5
0,706;0,302;0,991;9,35E-5;93,50;2,73E-5;286,67;-1,08E-5
0,707;0,302;0,990;9,35E-5;93,49;6,92E-5;286,62;-9,28E-5
0,708;0,303;0,991;9,35E-5;93,51;-3,09E-5;286,74;9,71E-5
0,709;0,302;0,991;9,35E-5;93,50;3,82E-5;286,68;1,08E-5
0,710;0,303;0,991;9,35E-5;93,52;-5,46E-5;286,76;1,23E-4
0,711;0,302;0,990;9,35E-5;93,49;7,10E-5;286,65;-4,75E-5
0,712;0,302;0,990;9,35E-5;93,50;4,19E-5;286,66;-3,24E-5
0,713;0,303;0,991;9,35E-5;93,53;-9,10E-5;286,78;1,53E-4
0,714;0,303;0,991;9,35E-5;93,53;-1,07E-4;286,76;1,34E-4
0,715;0,303;0,992;9,35E-5;93,54;-1,42E-4;286,79;1,75E-4
0,716;0,303;0,991;9,35E-5;93,53;-9,46E-5;286,77;1,49E-4
0,717;0,304;0,992;9,36E-5;93,57;-2,82E-4;286,88;3,15E-4
0,718;0,303;0,991;9,35E-5;93,53;-1,16E-4;286,76;1,27E-4
0,719;0,303;0,992;9,35E-5;93,53;-1,00E-4;286,80;1,81E-4
0,720;0,303;0,991;9,35E-5;93,52;-5,82E-5;286,71;5,61E-5
0,721;0,303;0,992;9,35E-5;93,54;-1,47E-4;286,78;1,64E-4
0,722;0,303;0,992;9,35E-5;93,53;-1,15E-4;286,78;1,64E-4
0,723;0,303;0,991;9,35E-5;93,53;-9,10E-5;286,77;1,38E-4
0,724;0,303;0,991;9,35E-5;93,53;-8,73E-5;286,76;1,29E-4
0,725;0,303;0,992;9,35E-5;93,53;-1,27E-4;286,82;2,22E-4
0,726;0,304;0,992;9,36E-5;93,55;-2,20E-4;286,87;2,89E-4
0,727;0,302;0,991;9,35E-5;93,51;-9,10E-6;286,70;3,67E-5
0,728;0,302;0,990;9,35E-5;93,50;3,46E-5;286,66;-2,81E-5
0,729;0,302;0,990;9,35E-5;93,49;7,28E-5;286,63;-7,12E-5
0,730;0,303;0,991;9,35E-5;93,52;-4,73E-5;286,70;4,10E-5
0,731;0,303;0,991;9,35E-5;93,52;-8,19E-5;286,73;7,77E-5
0,732;0,303;0,992;9,35E-5;93,53;-1,24E-4;286,79;1,79E-4
0,733;0,304;0,992;9,36E-5;93,57;-2,73E-4;286,89;3,30E-4
0,734;0,304;0,992;9,36E-5;93,56;-2,55E-4;286,88;3,11E-4
0,735;0,303;0,991;9,35E-5;93,52;-7,28E-5;286,74;9,71E-5
0,736;0,303;0,991;9,35E-5;93,52;-5,46E-5;286,72;6,91E-5
0,737;0,302;0,991;9,35E-5;93,51;1,82E-6;286,68;4,32E-6
0,738;0,303;0,991;9,35E-5;93,52;-8,37E-5;286,75;1,14E-4
0,739;0,303;0,992;9,35E-5;93,54;-1,66E-4;286,85;2,61E-4
0,740;0,303;0,992;9,35E-5;93,54;-1,58E-4;286,85;2,68E-4
0,741;0,303;0,992;9,35E-5;93,53;-1,00E-4;286,79;1,73E-4
0,742;0,303;0,992;9,35E-5;93,53;-1,24E-4;286,80;1,86E-4
0,743;0,303;0,992;9,35E-5;93,54;-1,36E-4;286,79;1,75E-4
0,744;0,303;0,991;9,35E-5;93,51;-3,09E-5;286,70;4,10E-5
0,745;0,301;0,990;9,35E-5;93,48;1,40E-4;286,59;-1,27E-4
0,746;0,303;0,992;9,35E-5;93,52;-7,83E-5;286,79;1,73E-4
0,747;0,303;0,991;9,35E-5;93,52;-8,55E-5;286,74;9,28E-5
0,748;0,302;0,991;9,35E-5;93,51;0,00;286,68;8,63E-6
0,749;0,303;0,991;9,35E-5;93,53;-1,13E-4;286,75;1,19E-4
0,750;0,303;0,992;9,35E-5;93,53;-1,27E-4;286,79;1,77E-4
0,751;0,303;0,992;9,35E-5;93,53;-1,20E-4;286,79;1,68E-4
0,752;0,302;0,991;9,35E-5;93,50;3,28E-5;286,68;2,16E-6
0,753;0,302;0,991;9,35E-5;93,51;-1,46E-5;286,72;6,69E-5
0,754;0,303;0,991;9,35E-5;93,52;-6,73E-5;286,71;5,40E-5
0,755;0,302;0,991;9,35E-5;93,50;1,82E-5;286,67;-1,08E-5
0,756;0,303;0,991;9,35E-5;93,52;-7,46E-5;286,74;9,28E-5
0,757;0,303;0,991;9,35E-5;93,52;-6,01E-5;286,73;7,99E-5
0,758;0,303;0,991;9,35E-5;93,52;-6,73E-5;286,74;9,50E-5
0,759;0,303;0,991;9,35E-5;93,52;-6,55E-5;286,72;7,12E-5
0,760;0,304;0,992;9,35E-5;93,55;-1,97E-4;286,85;2,63E-4
0,761;0,303;0,991;9,35E-5;93,53;-9,83E-5;286,77;1,42E-4
0,762;0,302;0,990;9,35E-5;93,49;9,83E-5;286,62;-7,99E-5
0,763;0,303;0,991;9,35E-5;93,51;-3,46E-5;286,74;9,07E-5
0,764;0,303;0,992;9,35E-5;93,52;-6,37E-5;286,79;1,73E-4
0,765;0,302;0,991;9,35E-5;93,49;6,01E-5;286,70;3,45E-5
0,766;0,303;0,992;9,35E-5;93,54;-1,56E-4;286,80;1,88E-4
0,767;0,304;0,992;9,36E-5;93,57;-2,89E-4;286,89;3,22E-4
0,768;0,305;0,993;9,36E-5;93,59;-3,91E-4;286,97;4,44E-4
0,769;0,303;0,991;9,35E-5;93,53;-9,83E-5;286,77;1,38E-4
0,770;0,303;0,991;9,35E-5;93,53;-1,11E-4;286,77;1,47E-4
0,771;0,302;0,991;9,35E-5;93,50;1,09E-5;286,70;3,02E-5
0,772;0,304;0,992;9,35E-5;93,55;-1,86E-4;286,81;2,07E-4
0,773;0,304;0,992;9,35E-5;93,54;-1,73E-4;286,80;1,92E-4
0,774;0,303;0,991;9,35E-5;93,51;-3,64E-5;286,71;5,83E-5
0,775;0,303;0,992;9,35E-5;93,54;-1,35E-4;286,79;1,66E-4
0,776;0,304;0,992;9,35E-5;93,54;-1,75E-4;286,84;2,44E-4
0,777;0,303;0,991;9,35E-5;93,53;-9,10E-5;286,73;7,99E-5
0,778;0,302;0,991;9,35E-5;93,51;0,00;286,71;5,83E-5
0,779;0,303;0,991;9,35E-5;93,52;-7,64E-5;286,73;8,42E-5
0,780;0,304;0,992;9,35E-5;93,55;-1,86E-4;286,83;2,31E-4
0,781;0,304;0,993;9,36E-5;93,57;-3,09E-4;286,96;4,25E-4
0,782;0,303;0,991;9,35E-5;93,52;-7,28E-5;286,76;1,32E-4
0,783;0,303;0,991;9,35E-5;93,51;-2,91E-5;286,71;5,83E-5
0,784;0,302;0,991;9,35E-5;93,51;-1,27E-5;286,72;7,34E-5
0,785;0,303;0,991;9,35E-5;93,52;-5,64E-5;286,77;1,36E-4
0,786;0,302;0,991;9,35E-5;93,50;5,10E-5;286,69;2,59E-5
0,787;0,303;0,991;9,35E-5;93,54;-1,36E-4;286,76;1,29E-4
0,788;0,303;0,991;9,35E-5;93,52;-5,28E-5;286,77;1,42E-4
0,789;0,303;0,992;9,35E-5;93,54;-1,55E-4;286,78;1,64E-4
0,790;0,303;0,992;9,35E-5;93,54;-1,36E-4;286,80;1,94E-4
0,791;0,303;0,991;9,35E-5;93,54;-1,38E-4;286,78;1,58E-4
0,792;0,302;0,990;9,35E-5;93,50;4,73E-5;286,65;-4,75E-5
0,793;0,302;0,991;9,35E-5;93,51;3,64E-6;286,69;2,37E-5
0,794;0,303;0,991;9,35E-5;93,53;-8,73E-5;286,70;4,10E-5
0,795;0,303;0,992;9,35E-5;93,53;-1,18E-4;286,80;1,88E-4
0,796;0,303;0,991;9,35E-5;93,52;-4,37E-5;286,76;1,25E-4
0,797;0,303;0,991;9,35E-5;93,53;-1,09E-4;286,77;1,47E-4
0,798;0,303;0,991;9,35E-5;93,54;-1,46E-4;286,76;1,34E-4
0,799;0,303;0,992;9,35E-5;93,53;-1,27E-4;286,80;1,90E-4
0,800;0,303;0,991;9,35E-5;93,51;-2,18E-5;286,67;-4,32E-6
0,801;0,303;0,991;9,35E-5;93,53;-1,13E-4;286,78;1,51E-4
0,802;0,303;0,991;9,35E-5;93,54;-1,55E-4;286,77;1,42E-4
0,803;0,304;0,992;9,36E-5;93,55;-2,04E-4;286,85;2,61E-4
0,804;0,303;0,992;9,35E-5;93,53;-1,31E-4;286,80;1,81E-4
0,805;0,303;0,991;9,35E-5;93,52;-8,01E-5;286,75;1,06E-4
0,806;0,303;0,991;9,35E-5;93,53;-9,83E-5;286,77;1,38E-4
0,807;0,302;0,990;9,35E-5;93,49;9,83E-5;286,63;-6,48E-5
0,808;0,303;0,992;9,35E-5;93,54;-1,64E-4;286,83;2,31E-4
0,809;0,302;0,991;9,35E-5;93,51;-1,82E-5;286,75;1,19E-4
0,810;0,302;0,991;9,35E-5;93,50;3,46E-5;286,69;1,94E-5
0,811;0,303;0,991;9,35E-5;93,54;-1,36E-4;286,77;1,36E-4
0,812;0,303;0,991;9,35E-5;93,52;-8,19E-5;286,72;6,26E-5
0,813;0,302;0,990;9,35E-5;93,49;8,92E-5;286,59;-1,27E-4
0,814;0,303;0,991;9,35E-5;93,51;-3,82E-5;286,73;8,20E-5
0,815;0,303;0,991;9,35E-5;93,52;-8,19E-5;286,71;4,96E-5
0,816;0,303;0,991;9,35E-5;93,52;-5,82E-5;286,73;8,42E-5
0,817;0,304;0,992;9,36E-5;93,55;-2,07E-4;286,81;2,03E-4
0,818;0,304;0,992;9,36E-5;93,55;-2,24E-4;286,90;3,32E-4
0,819;0,303;0,991;9,35E-5;93,52;-8,01E-5;286,73;8,42E-5
0,820;0,303;0,991;9,35E-5;93,52;-7,64E-5;286,75;1,10E-4
0,821;0,302;0,990;9,35E-5;93,48;1,09E-4;286,61;-1,01E-4
0,822;0,303;0,991;9,35E-5;93,51;-3,09E-5;286,73;7,99E-5
0,823;0,302;0,990;9,35E-5;93,50;3,82E-5;286,64;-5,40E-5
0,824;0,303;0,991;9,35E-5;93,52;-5,82E-5;286,73;7,99E-5
0,825;0,303;0,991;9,35E-5;93,53;-1,31E-4;286,77;1,36E-4
0,826;0,303;0,992;9,35E-5;93,54;-1,51E-4;286,80;1,86E-4
0,827;0,303;0,991;9,35E-5;93,52;-5,10E-5;286,76;1,29E-4
0,828;0,303;0,991;9,35E-5;93,54;-1,40E-4;286,76;1,21E-4
0,829;0,303;0,991;9,35E-5;93,53;-8,73E-5;286,75;1,06E-4
0,830;0,302;0,990;9,35E-5;93,49;5,28E-5;286,63;-6,69E-5
0,831;0,303;0,991;9,35E-5;93,53;-1,22E-4;286,77;1,42E-4
0,832;0,302;0,991;9,35E-5;93,51;-1,82E-6;286,73;7,55E-5
0,833;0,303;0,991;9,35E-5;93,52;-7,83E-5;286,75;1,08E-4
0,834;0,303;0,992;9,35E-5;93,54;-1,60E-4;286,81;2,01E-4
0,835;0,304;0,992;9,36E-5;93,57;-2,75E-4;286,89;3,28E-4
0,836;0,304;0,993;9,36E-5;93,57;-2,87E-4;286,93;3,91E-4
0,837;0,304;0,992;9,36E-5;93,55;-2,04E-4;286,82;2,14E-4
0,838;0,303;0,991;9,35E-5;93,53;-1,15E-4;286,78;1,51E-4
0,839;0,303;0,991;9,35E-5;93,52;-7,10E-5;286,71;4,53E-5
0,840;0,303;0,991;9,35E-5;93,51;-2,37E-5;286,72;6,69E-5
0,841;0,302;0,991;9,35E-5;93,51;-1,82E-5;286,69;1,94E-5
0,842;0,302;0,990;9,35E-5;93,48;1,00E-4;286,61;-1,01E-4
0,843;0,302;0,990;9,35E-5;93,50;4,73E-5;286,64;-5,83E-5
0,844;0,302;0,990;9,35E-5;93,50;2,91E-5;286,66;-2,16E-5
0,845;0,302;0,991;9,35E-5;93,50;7,28E-6;286,67;-8,63E-6
0,846;0,302;0,990;9,35E-5;93,49;6,55E-5;286,62;-9,28E-5
0,847;0,302;0,990;9,35E-5;93,50;2,00E-5;286,66;-2,81E-5
0,848;0,302;0,990;9,35E-5;93,49;6,37E-5;286,64;-4,97E-5
0,849;0,303;0,991;9,35E-5;93,52;-6,37E-5;286,72;7,34E-5
0,850;0,302;0,991;9,35E-5;93,50;4,00E-5;286,67;-2,16E-6
0,851;0,304;0,992;9,35E-5;93,54;-1,76E-4;286,79;1,75E-4
0,852;0,303;0,991;9,35E-5;93,53;-9,46E-5;286,75;1,14E-4
0,853;0,304;0,992;9,35E-5;93,55;-1,91E-4;286,82;2,18E-4
0,854;0,303;0,991;9,35E-5;93,52;-5,10E-5;286,73;8,42E-5
0,855;0,303;0,991;9,35E-5;93,52;-4,91E-5;286,71;4,75E-5
0,856;0,303;0,991;9,35E-5;93,53;-1,09E-4;286,72;6,91E-5
0,857;0,303;0,991;9,35E-5;93,52;-6,01E-5;286,72;6,69E-5
0,858;0,302;0,990;9,35E-5;93,49;8,01E-5;286,63;-7,56E-5
0,859;0,302;0,990;9,35E-5;93,50;4,37E-5;286,66;-3,24E-5
0,860;0,303;0,991;9,35E-5;93,52;-5,64E-5;286,70;4,10E-5
0,861;0,302;0,990;9,35E-5;93,50;1,27E-5;286,66;-2,37E-5
0,862;0,303;0,992;9,35E-5;93,53;-9,83E-5;286,80;1,83E-4
0,863;0,302;0,991;9,35E-5;93,51;1,82E-6;286,69;2,16E-5
0,864;0,303;0,992;9,35E-5;93,54;-1,35E-4;286,80;1,86E-4
0,865;0,303;0,991;9,35E-5;93,52;-6,19E-5;286,73;8,85E-5
0,866;0,304;0,992;9,36E-5;93,55;-2,15E-4;286,87;2,96E-4
0,867;0,302;0,990;9,35E-5;93,49;5,28E-5;286,64;-5,40E-5
0,868;0,302;0,990;9,35E-5;93,49;7,46E-5;286,61;-9,50E-5
0,869;0,303;0,992;9,35E-5;93,53;-9,46E-5;286,78;1,64E-4
0,870;0,303;0,991;9,35E-5;93,53;-1,04E-4;286,72;6,91E-5
0,871;0,302;0,991;9,35E-5;93,51;-5,46E-6;286,72;6,48E-5
0,872;0,302;0,990;9,35E-5;93,49;5,82E-5;286,63;-7,12E-5
0,873;0,303;0,991;9,35E-5;93,53;-1,00E-4;286,73;8,85E-5
0,874;0,304;0,991;9,35E-5;93,55;-2,02E-4;286,77;1,49E-4
0,875;0,303;0,991;9,35E-5;93,53;-8,73E-5;286,76;1,21E-4
0,876;0,304;0,992;9,36E-5;93,56;-2,44E-4;286,87;2,96E-4
0,877;0,304;0,992;9,36E-5;93,55;-2,13E-4;286,83;2,37E-4
0,878;0,303;0,992;9,35E-5;93,53;-9,28E-5;286,79;1,79E-4
0,879;0,303;0,991;9,35E-5;93,52;-8,55E-5;286,73;8,63E-5
0,880;0,303;0,991;9,35E-5;93,51;-4,00E-5;286,69;1,94E-5
0,881;0,304;0,993;9,36E-5;93,56;-2,62E-4;286,92;3,75E-4
0,882;0,303;0,992;9,35E-5;93,53;-1,18E-4;286,79;1,77E-4
0,883;0,304;0,992;9,35E-5;93,55;-1,98E-4;286,84;2,44E-4
0,884;0,303;0,991;9,35E-5;93,52;-8,37E-5;286,77;1,47E-4
0,885;0,303;0,992;9,35E-5;93,54;-1,49E-4;286,80;1,92E-4
0,886;0,303;0,991;9,35E-5;93,52;-6,01E-5;286,78;1,51E-4
0,887;0,302;0,991;9,35E-5;93,51;-1,46E-5;286,68;4,32E-6
0,888;0,302;0,991;9,35E-5;93,50;3,09E-5;286,70;4,32E-5
0,889;0,303;0,991;9,35E-5;93,52;-4,73E-5;286,74;9,50E-5
0,890;0,303;0,992;9,35E-5;93,53;-8,92E-5;286,79;1,77E-4
0,891;0,302;0,991;9,35E-5;93,51;1,82E-6;286,72;6,69E-5
0,892;0,303;0,991;9,35E-5;93,53;-1,06E-4;286,78;1,58E-4
0,893;0,304;0,992;9,35E-5;93,54;-1,71E-4;286,80;1,94E-4
0,894;0,303;0,991;9,35E-5;93,53;-8,73E-5;286,78;1,58E-4
0,895;0,303;0,991;9,35E-5;93,52;-6,19E-5;286,76;1,25E-4
0,896;0,303;0,991;9,35E-5;93,51;-3,09E-5;286,74;9,07E-5
0,897;0,302;0,990;9,35E-5;93,50;2,18E-5;286,66;-2,59E-5
0,898;0,303;0,991;9,35E-5;93,52;-6,73E-5;286,74;1,01E-4
0,899;0,304;0,992;9,35E-5;93,55;-1,91E-4;286,85;2,70E-4
0,900;0,304;0,992;9,35E-5;93,55;-1,93E-4;286,83;2,27E-4
0,901;0,303;0,991;9,35E-5;93,53;-8,92E-5;286,73;8,85E-5
0,902;0,303;0,991;9,35E-5;93,52;-5,10E-5;286,68;4,32E-6
0,903;0,303;0,991;9,35E-5;93,52;-4,55E-5;286,72;6,26E-5
0,904;0,303;0,991;9,35E-5;93,51;-3,64E-5;286,73;7,55E-5
0,905;0,304;0,992;9,35E-5;93,55;-1,95E-4;286,87;2,91E-4
0,906;0,303;0,992;9,35E-5;93,53;-1,29E-4;286,80;1,81E-4
0,907;0,303;0,992;9,35E-5;93,53;-1,31E-4;286,79;1,73E-4
0,908;0,304;0,993;9,36E-5;93,57;-2,75E-4;286,94;4,01E-4
0,909;0,303;0,992;9,35E-5;93,53;-1,13E-4;286,83;2,29E-4
0,910;0,304;0,993;9,36E-5;93,56;-2,55E-4;286,93;3,86E-4
0,911;0,302;0,991;9,35E-5;93,49;6,01E-5;286,67;-8,63E-6
0,912;0,302;0,991;9,35E-5;93,51;-5,46E-6;286,71;5,18E-5
0,913;0,303;0,991;9,35E-5;93,53;-1,22E-4;286,76;1,25E-4
0,914;0,304;0,993;9,36E-5;93,57;-2,95E-4;286,90;3,41E-4
0,915;0,304;0,992;9,36E-5;93,55;-2,09E-4;286,84;2,48E-4
0,916;0,302;0,990;9,35E-5;93,50;4,91E-5;286,64;-5,18E-5
0,917;0,303;0,991;9,35E-5;93,52;-4,19E-5;286,69;2,16E-5
0,918;0,303;0,991;9,35E-5;93,52;-7,83E-5;286,76;1,21E-4
0,919;0,302;0,990;9,35E-5;93,50;5,10E-5;286,65;-4,10E-5
0,920;0,304;0,992;9,36E-5;93,55;-2,13E-4;286,86;2,72E-4
0,921;0,305;0,993;9,36E-5;93,59;-4,09E-4;286,98;4,55E-4
0,922;0,304;0,992;9,36E-5;93,56;-2,66E-4;286,87;2,87E-4
0,923;0,303;0,991;9,35E-5;93,52;-7,46E-5;286,70;3,24E-5
0,924;0,301;0,989;9,35E-5;93,46;2,24E-4;286,48;-2,96E-4
0,925;0,303;0,991;9,35E-5;93,52;-8,01E-5;286,75;1,12E-4
0,926;0,302;0,991;9,35E-5;93,50;4,55E-5;286,68;1,30E-5
0,927;0,302;0,990;9,35E-5;93,48;1,26E-4;286,62;-9,28E-5
0,928;0,303;0,991;9,35E-5;93,53;-9,46E-5;286,75;1,19E-4
0,929;0,303;0,991;9,35E-5;93,52;-6,37E-5;286,77;1,38E-4
0,930;0,302;0,991;9,35E-5;93,50;1,46E-5;286,68;6,48E-6
0,931;0,303;0,992;9,35E-5;93,54;-1,64E-4;286,83;2,29E-4
0,932;0,304;0,992;9,35E-5;93,55;-1,98E-4;286,86;2,85E-4
0,933;0,303;0,992;9,35E-5;93,54;-1,53E-4;286,80;1,94E-4
0,934;0,302;0,990;9,35E-5;93,48;1,18E-4;286,58;-1,42E-4
0,935;0,303;0,991;9,35E-5;93,52;-7,10E-5;286,77;1,49E-4
0,936;0,304;0,992;9,36E-5;93,57;-2,78E-4;286,86;2,85E-4
0,937;0,303;0,991;9,35E-5;93,52;-4,55E-5;286,71;5,40E-5
0,938;0,303;0,992;9,35E-5;93,53;-1,33E-4;286,80;1,86E-4
0,939;0,303;0,992;9,35E-5;93,53;-1,31E-4;286,79;1,75E-4
0,940;0,302;0,990;9,35E-5;93,50;2,00E-5;286,64;-6,04E-5
0,941;0,302;0,991;9,35E-5;93,50;1,09E-5;286,72;6,48E-5
0,942;0,303;0,991;9,35E-5;93,52;-4,73E-5;286,69;2,81E-5
0,943;0,303;0,991;9,35E-5;93,53;-1,15E-4;286,78;1,60E-4
0,944;0,303;0,991;9,35E-5;93,53;-1,07E-4;286,77;1,49E-4
0,945;0,301;0,990;9,35E-5;93,48;1,40E-4;286,56;-1,71E-4
0,946;0,301;0,990;9,35E-5;93,48;1,42E-4;286,59;-1,38E-4
0,947;0,302;0,990;9,35E-5;93,49;8,55E-5;286,61;-1,01E-4
0,948;0,304;0,992;9,35E-5;93,54;-1,78E-4;286,85;2,61E-4
0,949;0,303;0,991;9,35E-5;93,53;-9,28E-5;286,78;1,51E-4
0,950;0,304;0,993;9,36E-5;93,56;-2,53E-4;286,90;3,41E-4
0,951;0,304;0,992;9,36E-5;93,57;-2,89E-4;286,89;3,26E-4
0,952;0,303;0,992;9,35E-5;93,54;-1,49E-4;286,79;1,79E-4
0,953;0,302;0,991;9,35E-5;93,51;-1,82E-6;286,70;3,45E-5
0,954;0,304;0,992;9,35E-5;93,55;-1,95E-4;286,80;1,90E-4
0,955;0,304;0,992;9,36E-5;93,55;-2,26E-4;286,86;2,72E-4
0,956;0,303;0,991;9,35E-5;93,53;-8,92E-5;286,77;1,40E-4
0,957;0,303;0,991;9,35E-5;93,51;-3,28E-5;286,67;-1,30E-5
0,958;0,303;0,991;9,35E-5;93,51;-3,09E-5;286,73;7,99E-5
0,959;0,302;0,990;9,35E-5;93,50;2,18E-5;286,67;-1,51E-5
0,960;0,303;0,991;9,35E-5;93,52;-5,10E-5;286,74;9,93E-5
0,961;0,303;0,991;9,35E-5;93,53;-1,11E-4;286,75;1,14E-4
0,962;0,302;0,990;9,35E-5;93,51;-3,64E-6;286,66;-1,94E-5
0,963;0,303;0,992;9,35E-5;93,54;-1,53E-4;286,81;2,07E-4
0,964;0,303;0,991;9,35E-5;93,53;-1,00E-4;286,77;1,42E-4
0,965;0,303;0,991;9,35E-5;93,52;-4,19E-5;286,74;9,07E-5
0,966;0,304;0,992;9,35E-5;93,55;-1,82E-4;286,82;2,11E-4
0,967;0,302;0,990;9,35E-5;93,49;7,46E-5;286,64;-5,18E-5
0,968;0,302;0,990;9,35E-5;93,50;4,55E-5;286,64;-5,83E-5
0,969;0,303;0,991;9,35E-5;93,53;-9,64E-5;286,77;1,49E-4
0,970;0,302;0,990;9,35E-5;93,49;9,10E-5;286,63;-7,34E-5
0,971;0,301;0,990;9,35E-5;93,47;1,64E-4;286,59;-1,38E-4
0,972;0,303;0,991;9,35E-5;93,52;-4,19E-5;286,73;8,20E-5
0,973;0,303;0,991;9,35E-5;93,51;-2,18E-5;286,73;7,55E-5
0,974;0,303;0,991;9,35E-5;93,53;-9,28E-5;286,78;1,62E-4
0,975;0,303;0,992;9,35E-5;93,54;-1,40E-4;286,81;1,99E-4
0,976;0,302;0,991;9,35E-5;93,51;5,46E-6;286,68;8,63E-6
0,977;0,303;0,991;9,35E-5;93,52;-4,91E-5;286,75;1,19E-4
0,978;0,302;0,990;9,35E-5;93,50;5,10E-5;286,66;-2,37E-5
0,979;0,303;0,991;9,35E-5;93,52;-6,55E-5;286,75;1,10E-4
0,980;0,302;0,991;9,35E-5;93,51;-1,46E-5;286,72;7,34E-5
0,981;0,303;0,992;9,35E-5;93,54;-1,60E-4;286,80;1,92E-4
0,982;0,303;0,992;9,35E-5;93,53;-1,27E-4;286,80;1,90E-4
0,983;0,303;0,991;9,35E-5;93,52;-4,19E-5;286,71;4,96E-5
0,984;0,304;0,992;9,35E-5;93,55;-1,80E-4;286,79;1,70E-4
0,985;0,302;0,990;9,35E-5;93,50;4,91E-5;286,63;-6,91E-5
0,986;0,302;0,990;9,35E-5;93,49;7,64E-5;286,66;-3,24E-5
0,987;0,303;0,991;9,35E-5;93,53;-1,13E-4;286,76;1,23E-4
0,988;0,303;0,991;9,35E-5;93,53;-8,92E-5;286,76;1,27E-4
0,989;0,303;0,991;9,35E-5;93,52;-6,92E-5;286,73;8,63E-5
0,990;0,303;0,991;9,35E-5;93,53;-1,07E-4;286,76;1,27E-4
0,991;0,303;0,991;9,35E-5;93,53;-9,83E-5;286,76;1,27E-4
0,992;0,303;0,992;9,35E-5;93,54;-1,62E-4;286,84;2,50E-4
0,993;0,303;0,992;9,35E-5;93,53;-1,06E-4;286,79;1,66E-4
0,994;0,304;0,992;9,35E-5;93,55;-1,98E-4;286,79;1,70E-4
0,995;0,303;0,991;9,35E-5;93,51;-3,28E-5;286,71;4,53E-5
0,996;0,303;0,992;9,35E-5;93,53;-1,24E-4;286,83;2,33E-4
0,997;0,304;0,992;9,36E-5;93,55;-2,15E-4;286,85;2,57E-4
0,998;0,304;0,992;9,36E-5;93,56;-2,33E-4;286,86;2,76E-4
0,999;0,303;0,991;9,35E-5;93,53;-9,83E-5;286,76;1,23E-4
1,000;0,302;0,991;9,35E-5;93,50;4,19E-5;286,67;-2,16E-6
1,001;0,302;0,991;9,35E-5;93,51;0,00;286,67;-6,48E-6
1,002;0,302;0,991;9,35E-5;93,50;2,55E-5;286,71;4,53E-5
1,003;0,304;0,992;9,35E-5;93,55;-1,89E-4;286,82;2,16E-4
1,004;0,303;0,992;9,35E-5;93,54;-1,64E-4;286,79;1,79E-4
1,005;0,303;0,991;9,35E-5;93,52;-5,82E-5;286,74;1,01E-4
1,006;0,303;0,991;9,35E-5;93,51;-3,09E-5;286,72;7,12E-5
1,007;0,303;0,992;9,35E-5;93,53;-8,73E-5;286,78;1,64E-4
1,008;0,303;0,991;9,35E-5;93,51;-2,91E-5;286,73;7,55E-5
1,009;0,303;0,992;9,35E-5;93,54;-1,56E-4;286,81;2,05E-4
1,010;0,304;0,992;9,35E-5;93,55;-1,91E-4;286,83;2,29E-4
1,011;0,304;0,992;9,35E-5;93,55;-1,87E-4;286,83;2,33E-4
1,012;0,303;0,991;9,35E-5;93,53;-1,07E-4;286,78;1,53E-4
1,013;0,302;0,990;9,35E-5;93,50;1,46E-5;286,66;-2,59E-5
1,014;0,303;0,991;9,35E-5;93,52;-7,64E-5;286,77;1,45E-4
1,015;0,302;0,991;9,35E-5;93,50;1,27E-5;286,72;6,04E-5
1,016;0,303;0,992;9,35E-5;93,53;-1,27E-4;286,82;2,24E-4
1,017;0,303;0,991;9,35E-5;93,53;-1,11E-4;286,78;1,51E-4
1,018;0,303;0,991;9,35E-5;93,53;-1,31E-4;286,77;1,45E-4
1,019;0,302;0,991;9,35E-5;93,51;-5,46E-6;286,73;8,20E-5
1,020;0,304;0,993;9,36E-5;93,56;-2,69E-4;286,93;3,78E-4
1,021;0,304;0,992;9,36E-5;93,55;-2,22E-4;286,83;2,27E-4
1,022;0,303;0,992;9,35E-5;93,54;-1,58E-4;286,84;2,42E-4
1,023;0,304;0,993;9,36E-5;93,57;-3,11E-4;286,92;3,75E-4
1,024;0,304;0,992;9,36E-5;93,57;-3,06E-4;286,89;3,28E-4
1,025;0,304;0,993;9,36E-5;93,57;-2,73E-4;286,93;3,84E-4
1,026;0,303;0,992;9,35E-5;93,53;-1,27E-4;286,81;2,03E-4
1,027;0,304;0,992;9,35E-5;93,55;-1,91E-4;286,83;2,27E-4
1,028;0,304;0,993;9,36E-5;93,56;-2,57E-4;286,92;3,73E-4
1,029;0,303;0,992;9,35E-5;93,54;-1,46E-4;286,84;2,55E-4
1,030;0,303;0,991;9,35E-5;93,54;-1,53E-4;286,78;1,53E-4
1,031;0,302;0,990;9,35E-5;93,49;6,37E-5;286,66;-2,81E-5
1,032;0,303;0,991;9,35E-5;93,52;-5,82E-5;286,73;8,63E-5
1,033;0,304;0,992;9,35E-5;93,54;-1,67E-4;286,80;1,94E-4
1,034;0,303;0,992;9,35E-5;93,53;-1,31E-4;286,82;2,16E-4
1,035;0,305;0,993;9,36E-5;93,58;-3,33E-4;286,98;4,62E-4
1,036;0,303;0,991;9,35E-5;93,53;-1,24E-4;286,77;1,42E-4
1,037;0,303;0,991;9,35E-5;93,53;-9,46E-5;286,75;1,14E-4
1,038;0,303;0,991;9,35E-5;93,53;-8,73E-5;286,73;7,77E-5
1,039;0,304;0,993;9,36E-5;93,56;-2,64E-4;286,91;3,52E-4
1,040;0,303;0,991;9,35E-5;93,53;-1,16E-4;286,78;1,60E-4
1,041;0,304;0,992;9,36E-5;93,55;-2,20E-4;286,85;2,68E-4
1,042;0,303;0,992;9,35E-5;93,53;-1,31E-4;286,79;1,79E-4
1,043;0,304;0,992;9,35E-5;93,55;-1,97E-4;286,86;2,85E-4
1,044;0,304;0,992;9,35E-5;93,54;-1,67E-4;286,83;2,31E-4
1,045;0,303;0,991;9,35E-5;93,52;-7,10E-5;286,73;8,85E-5
1,046;0,302;0,990;9,35E-5;93,50;5,10E-5;286,67;-1,51E-5
1,047;0,304;0,992;9,35E-5;93,54;-1,73E-4;286,85;2,57E-4
1,048;0,303;0,992;9,35E-5;93,52;-8,19E-5;286,79;1,70E-4
1,049;0,303;0,991;9,35E-5;93,53;-9,10E-5;286,76;1,32E-4
1,050;0,303;0,992;9,35E-5;93,53;-1,16E-4;286,79;1,79E-4
1,051;0,302;0,991;9,35E-5;93,50;2,37E-5;286,68;0,00
1,052;0,302;0,990;9,35E-5;93,49;8,55E-5;286,62;-8,64E-5
1,053;0,302;0,991;9,35E-5;93,51;3,64E-6;286,68;8,63E-6
1,054;0,303;0,991;9,35E-5;93,51;-3,28E-5;286,72;6,69E-5
1,055;0,304;0,992;9,35E-5;93,55;-1,93E-4;286,84;2,55E-4
1,056;0,303;0,991;9,35E-5;93,53;-1,06E-4;286,78;1,55E-4
1,057;0,303;0,992;9,35E-5;93,54;-1,44E-4;286,80;1,90E-4
1,058;0,304;0,992;9,36E-5;93,55;-2,22E-4;286,88;3,13E-4
1,059;0,303;0,992;9,35E-5;93,54;-1,46E-4;286,81;2,09E-4
1,060;0,303;0,992;9,35E-5;93,53;-1,02E-4;286,80;1,90E-4
1,061;0,303;0,991;9,35E-5;93,51;-3,46E-5;286,70;3,24E-5
1,062;0,303;0,992;9,35E-5;93,53;-1,06E-4;286,82;2,16E-4
1,063;0,303;0,992;9,35E-5;93,53;-1,20E-4;286,80;1,88E-4
1,064;0,303;0,992;9,35E-5;93,54;-1,44E-4;286,85;2,61E-4
1,065;0,303;0,992;9,35E-5;93,53;-1,29E-4;286,84;2,42E-4
1,066;0,303;0,991;9,35E-5;93,52;-7,10E-5;286,76;1,34E-4
1,067;0,303;0,991;9,35E-5;93,52;-4,37E-5;286,72;7,34E-5
1,068;0,303;0,991;9,35E-5;93,52;-5,46E-5;286,74;9,93E-5
1,069;0,303;0,992;9,35E-5;93,53;-1,02E-4;286,79;1,77E-4
1,070;0,303;0,992;9,35E-5;93,53;-1,31E-4;286,83;2,29E-4
1,071;0,303;0,992;9,35E-5;93,53;-1,13E-4;286,81;2,09E-4
1,072;0,303;0,991;9,35E-5;93,52;-4,37E-5;286,74;9,93E-5
1,073;0,304;0,992;9,36E-5;93,55;-2,04E-4;286,87;2,91E-4
1,074;0,304;0,992;9,36E-5;93,55;-2,18E-4;286,87;3,00E-4
1,075;0,303;0,991;9,35E-5;93,52;-7,46E-5;286,76;1,23E-4
1,076;0,302;0,990;9,35E-5;93,50;2,73E-5;286,66;-2,37E-5
1,077;0,303;0,991;9,35E-5;93,53;-9,64E-5;286,74;1,04E-4
1,078;0,303;0,991;9,35E-5;93,52;-6,73E-5;286,75;1,08E-4
1,079;0,303;0,992;9,35E-5;93,54;-1,53E-4;286,80;1,94E-4
1,080;0,302;0,991;9,35E-5;93,51;-7,28E-6;286,69;1,73E-5
1,081;0,302;0,991;9,35E-5;93,51;-1,09E-5;286,70;4,10E-5
1,082;0,303;0,992;9,35E-5;93,54;-1,62E-4;286,81;2,03E-4
1,083;0,302;0,991;9,35E-5;93,51;0,00;286,69;2,81E-5
1,084;0,304;0,992;9,36E-5;93,55;-2,26E-4;286,85;2,68E-4
1,085;0,303;0,991;9,35E-5;93,52;-8,19E-5;286,72;6,04E-5
1,086;0,302;0,990;9,35E-5;93,50;2,37E-5;286,65;-3,67E-5
1,087;0,302;0,991;9,35E-5;93,50;7,28E-6;286,72;6,26E-5
1,088;0,302;0,990;9,35E-5;93,49;7,83E-5;286,66;-2,59E-5
1,089;0,302;0,991;9,35E-5;93,50;1,27E-5;286,68;2,16E-6
1,090;0,304;0,992;9,35E-5;93,54;-1,73E-4;286,80;1,86E-4
1,091;0,303;0,991;9,35E-5;93,53;-8,92E-5;286,76;1,23E-4
1,092;0,303;0,991;9,35E-5;93,52;-5,28E-5;286,77;1,36E-4
1,093;0,302;0,990;9,35E-5;93,48;1,06E-4;286,64;-6,04E-5
1,094;0,302;0,990;9,35E-5;93,49;6,01E-5;286,64;-4,97E-5
1,095;0,302;0,991;9,35E-5;93,50;2,18E-5;286,67;-2,16E-6
1,096;0,303;0,991;9,35E-5;93,53;-1,29E-4;286,78;1,53E-4
1,097;0,302;0,990;9,35E-5;93,48;1,24E-4;286,58;-1,40E-4
1,098;0,302;0,990;9,35E-5;93,48;1,29E-4;286,59;-1,30E-4
1,099;0,302;0,990;9,35E-5;93,49;6,19E-5;286,63;-6,48E-5
1,100;0,302;0,990;9,35E-5;93,49;6,19E-5;286,65;-4,75E-5
1,101;0,303;0,991;9,35E-5;93,52;-4,91E-5;286,72;7,12E-5
1,102;0,303;0,991;9,35E-5;93,53;-8,92E-5;286,74;9,93E-5
1,103;0,303;0,991;9,35E-5;93,52;-4,55E-5;286,73;7,77E-5
1,104;0,304;0,993;9,36E-5;93,57;-2,75E-4;286,93;3,86E-4
1,105;0,304;0,992;9,35E-5;93,55;-1,84E-4;286,83;2,27E-4
1,106;0,302;0,991;9,35E-5;93,51;-1,64E-5;286,72;6,48E-5
1,107;0,303;0,991;9,35E-5;93,52;-7,46E-5;286,77;1,45E-4
1,108;0,303;0,992;9,35E-5;93,53;-1,09E-4;286,80;1,81E-4
1,109;0,303;0,992;9,35E-5;93,54;-1,35E-4;286,81;1,99E-4
1,110;0,302;0,991;9,35E-5;93,50;9,10E-6;286,72;7,34E-5
1,111;0,303;0,991;9,35E-5;93,52;-6,92E-5;286,75;1,08E-4
1,112;0,303;0,991;9,35E-5;93,52;-6,01E-5;286,76;1,21E-4
1,113;0,302;0,991;9,35E-5;93,50;3,82E-5;286,68;1,08E-5
1,114;0,304;0,992;9,35E-5;93,55;-1,82E-4;286,84;2,52E-4
1,115;0,303;0,992;9,35E-5;93,54;-1,64E-4;286,84;2,46E-4
1,116;0,303;0,991;9,35E-5;93,52;-4,73E-5;286,72;7,34E-5
1,117;0,303;0,991;9,35E-5;93,53;-8,73E-5;286,72;6,48E-5
1,118;0,302;0,991;9,35E-5;93,50;2,55E-5;286,71;5,18E-5
1,119;0,303;0,991;9,35E-5;93,51;-4,00E-5;286,71;5,40E-5
1,120;0,303;0,992;9,35E-5;93,54;-1,47E-4;286,81;1,96E-4
1,121;0,302;0,991;9,35E-5;93,50;1,27E-5;286,69;2,81E-5
1,122;0,303;0,992;9,35E-5;93,52;-8,37E-5;286,80;1,86E-4
1,123;0,303;0,992;9,35E-5;93,53;-1,22E-4;286,83;2,37E-4
1,124;0,303;0,992;9,35E-5;93,54;-1,44E-4;286,83;2,35E-4
1,125;0,303;0,991;9,35E-5;93,52;-6,19E-5;286,75;1,08E-4
1,126;0,302;0,991;9,35E-5;93,51;1,82E-6;286,73;8,20E-5
1,127;0,303;0,991;9,35E-5;93,52;-5,64E-5;286,75;1,08E-4
1,128;0,303;0,992;9,35E-5;93,53;-1,26E-4;286,82;2,16E-4
1,129;0,303;0,991;9,35E-5;93,53;-9,28E-5;286,77;1,40E-4
1,130;0,303;0,992;9,35E-5;93,53;-9,46E-5;286,84;2,44E-4
1,131;0,304;0,993;9,36E-5;93,55;-2,17E-4;286,92;3,75E-4
1,132;0,303;0,992;9,35E-5;93,52;-7,46E-5;286,80;1,81E-4
1,133;0,303;0,992;9,35E-5;93,53;-1,29E-4;286,81;2,07E-4
1,134;0,304;0,993;9,36E-5;93,55;-2,15E-4;286,92;3,71E-4
1,135;0,303;0,991;9,35E-5;93,51;-3,46E-5;286,76;1,25E-4
1,136;0,302;0,991;9,35E-5;93,51;0,00;286,73;7,77E-5
1,137;0,302;0,990;9,35E-5;93,48;1,24E-4;286,60;-1,17E-4
1,138;0,302;0,990;9,35E-5;93,48;1,22E-4;286,59;-1,25E-4
1,139;0,301;0,990;9,35E-5;93,48;1,35E-4;286,63;-6,91E-5
1,140;0,304;0,993;9,36E-5;93,57;-2,75E-4;286,95;4,10E-4
1,141;0,303;0,992;9,35E-5;93,54;-1,35E-4;286,80;1,86E-4
1,142;0,303;0,992;9,35E-5;93,53;-1,06E-4;286,81;2,03E-4
1,143;0,303;0,991;9,35E-5;93,51;-2,00E-5;286,73;8,85E-5
1,144;0,304;0,992;9,36E-5;93,56;-2,51E-4;286,89;3,24E-4
1,145;0,304;0,993;9,36E-5;93,57;-3,11E-4;286,97;4,44E-4
1,146;0,302;0,991;9,35E-5;93,51;-1,82E-6;286,71;5,61E-5
1,147;0,303;0,991;9,35E-5;93,52;-4,37E-5;286,73;8,20E-5
1,148;0,304;0,992;9,35E-5;93,55;-1,87E-4;286,84;2,46E-4
1,149;0,304;0,993;9,36E-5;93,57;-3,15E-4;286,99;4,72E-4
1,150;0,303;0,992;9,35E-5;93,52;-7,83E-5;286,80;1,92E-4
1,151;0,302;0,991;9,35E-5;93,49;5,64E-5;286,69;2,59E-5
1,152;0,304;0,992;9,36E-5;93,57;-2,73E-4;286,89;3,19E-4
1,153;0,304;0,992;9,36E-5;93,56;-2,29E-4;286,86;2,78E-4
1,154;0,303;0,992;9,35E-5;93,54;-1,55E-4;286,83;2,29E-4
1,155;0,304;0,993;9,36E-5;93,57;-2,87E-4;286,94;3,99E-4
1,156;0,304;0,992;9,35E-5;93,55;-1,86E-4;286,82;2,22E-4
1,157;0,303;0,992;9,35E-5;93,52;-7,64E-5;286,83;2,27E-4
1,158;0,303;0,992;9,35E-5;93,54;-1,38E-4;286,82;2,24E-4
1,159;0,303;0,991;9,35E-5;93,52;-4,91E-5;286,75;1,14E-4
1,160;0,303;0,991;9,35E-5;93,51;-2,91E-5;286,70;3,24E-5
1,161;0,303;0,991;9,35E-5;93,52;-7,28E-5;286,78;1,51E-4
1,162;0,304;0,993;9,36E-5;93,57;-2,80E-4;286,93;3,78E-4
1,163;0,304;0,993;9,36E-5;93,57;-2,84E-4;286,92;3,75E-4
1,164;0,303;0,992;9,35E-5;93,53;-1,31E-4;286,81;2,05E-4
1,165;0,302;0,991;9,35E-5;93,50;7,28E-6;286,74;9,28E-5
1,166;0,303;0,992;9,35E-5;93,53;-1,11E-4;286,83;2,37E-4
1,167;0,304;0,992;9,36E-5;93,56;-2,51E-4;286,90;3,39E-4
1,168;0,304;0,992;9,35E-5;93,55;-2,00E-4;286,87;3,00E-4
1,169;0,303;0,991;9,35E-5;93,52;-6,19E-5;286,77;1,40E-4
1,170;0,303;0,992;9,35E-5;93,54;-1,55E-4;286,84;2,46E-4
1,171;0,304;0,992;9,35E-5;93,55;-1,80E-4;286,83;2,29E-4
1,172;0,303;0,992;9,35E-5;93,51;-2,37E-5;286,80;1,86E-4
1,173;0,302;0,991;9,35E-5;93,51;-7,28E-6;286,77;1,40E-4
1,174;0,303;0,991;9,35E-5;93,52;-7,10E-5;286,75;1,10E-4
1,175;0,303;0,991;9,35E-5;93,52;-4,37E-5;286,74;1,04E-4
1,176;0,303;0,992;9,35E-5;93,54;-1,46E-4;286,79;1,79E-4
1,177;0,303;0,992;9,35E-5;93,54;-1,47E-4;286,78;1,64E-4
1,178;0,302;0,990;9,35E-5;93,49;7,83E-5;286,65;-4,75E-5
1,179;0,302;0,991;9,35E-5;93,50;3,64E-5;286,69;2,81E-5
1,180;0,302;0,991;9,35E-5;93,50;4,00E-5;286,71;4,75E-5
1,181;0,303;0,992;9,35E-5;93,53;-1,27E-4;286,80;1,92E-4
1,182;0,303;0,991;9,35E-5;93,52;-5,46E-5;286,76;1,21E-4
1,183;0,302;0,990;9,35E-5;93,49;7,64E-5;286,66;-3,02E-5
1,184;0,304;0,992;9,35E-5;93,55;-2,00E-4;286,85;2,68E-4
1,185;0,304;0,992;9,35E-5;93,55;-1,93E-4;286,89;3,26E-4
1,186;0,302;0,991;9,35E-5;93,51;3,64E-6;286,70;3,02E-5
1,187;0,302;0,991;9,35E-5;93,50;2,73E-5;286,67;-8,63E-6
1,188;0,302;0,990;9,35E-5;93,48;1,20E-4;286,64;-6,26E-5
1,189;0,302;0,991;9,35E-5;93,51;-1,82E-6;286,72;6,91E-5
1,190;0,303;0,992;9,35E-5;93,53;-1,04E-4;286,84;2,55E-4
1,191;0,304;0,993;9,36E-5;93,56;-2,60E-4;286,93;3,80E-4
1,192;0,304;0,993;9,35E-5;93,55;-2,00E-4;286,90;3,41E-4
1,193;0,304;0,993;9,36E-5;93,57;-3,06E-4;286,94;4,01E-4
1,194;0,304;0,993;9,36E-5;93,55;-2,24E-4;286,91;3,60E-4
1,195;0,303;0,992;9,35E-5;93,53;-1,33E-4;286,84;2,42E-4
1,196;0,303;0,991;9,35E-5;93,52;-6,37E-5;286,78;1,53E-4
1,197;0,303;0,992;9,35E-5;93,54;-1,47E-4;286,83;2,37E-4
1,198;0,303;0,992;9,35E-5;93,53;-1,27E-4;286,82;2,16E-4
1,199;0,303;0,991;9,35E-5;93,51;-3,82E-5;286,72;6,91E-5
1,200;0,303;0,991;9,35E-5;93,53;-1,07E-4;286,78;1,53E-4
1,201;0,303;0,991;9,35E-5;93,52;-8,19E-5;286,78;1,60E-4
1,202;0,304;0,992;9,36E-5;93,56;-2,27E-4;286,86;2,81E-4
1,203;0,304;0,992;9,35E-5;93,54;-1,73E-4;286,83;2,29E-4
1,204;0,303;0,992;9,35E-5;93,53;-1,11E-4;286,80;1,83E-4
1,205;0,303;0,991;9,35E-5;93,53;-9,64E-5;286,77;1,36E-4
1,206;0,302;0,991;9,35E-5;93,49;7,83E-5;286,68;1,08E-5
1,207;0,303;0,991;9,35E-5;93,52;-7,28E-5;286,78;1,60E-4
1,208;0,303;0,992;9,35E-5;93,54;-1,35E-4;286,82;2,16E-4
1,209;0,303;0,992;9,35E-5;93,54;-1,60E-4;286,86;2,74E-4
1,210;0,304;0,992;9,35E-5;93,55;-1,80E-4;286,85;2,57E-4
1,211;0,303;0,992;9,35E-5;93,54;-1,38E-4;286,82;2,14E-4
1,212;0,304;0,992;9,35E-5;93,54;-1,67E-4;286,85;2,61E-4
1,213;0,303;0,991;9,35E-5;93,52;-7,46E-5;286,77;1,36E-4
1,214;0,303;0,991;9,35E-5;93,51;-2,00E-5;286,70;4,32E-5
1,215;0,303;0,991;9,35E-5;93,51;-2,55E-5;286,76;1,25E-4
1,216;0,303;0,991;9,35E-5;93,52;-8,37E-5;286,78;1,55E-4
1,217;0,303;0,992;9,35E-5;93,54;-1,42E-4;286,81;1,99E-4
1,218;0,304;0,993;9,36E-5;93,57;-2,84E-4;286,90;3,41E-4
1,219;0,303;0,992;9,35E-5;93,54;-1,55E-4;286,86;2,78E-4
1,220;0,302;0,991;9,35E-5;93,50;2,00E-5;286,70;4,10E-5
1,221;0,302;0,991;9,35E-5;93,51;-5,46E-6;286,72;6,04E-5
1,222;0,302;0,991;9,35E-5;93,50;2,00E-5;286,73;7,99E-5
1,223;0,302;0,991;9,35E-5;93,51;-1,46E-5;286,71;4,96E-5
1,224;0,303;0,991;9,35E-5;93,52;-4,55E-5;286,75;1,08E-4
1,225;0,302;0,991;9,35E-5;93,51;-1,09E-5;286,75;1,12E-4
1,226;0,302;0,991;9,35E-5;93,50;3,28E-5;286,68;2,16E-6
1,227;0,302;0,991;9,35E-5;93,50;3,09E-5;286,69;1,73E-5
1,228;0,303;0,991;9,35E-5;93,52;-4,19E-5;286,76;1,25E-4
1,229;0,303;0,992;9,35E-5;93,54;-1,35E-4;286,81;2,07E-4
1,230;0,304;0,992;9,36E-5;93,57;-2,73E-4;286,88;3,06E-4
1,231;0,304;0,992;9,36E-5;93,55;-2,26E-4;286,90;3,37E-4
1,232;0,304;0,992;9,35E-5;93,55;-1,97E-4;286,86;2,81E-4
1,233;0,304;0,992;9,36E-5;93,56;-2,47E-4;286,90;3,32E-4
1,234;0,305;0,993;9,36E-5;93,58;-3,26E-4;286,98;4,66E-4
1,235;0,303;0,992;9,35E-5;93,53;-1,09E-4;286,82;2,14E-4
1,236;0,302;0,991;9,35E-5;93,51;0,00;286,72;6,69E-5
1,237;0,302;0,991;9,35E-5;93,51;-7,28E-6;286,72;6,69E-5
1,238;0,303;0,991;9,35E-5;93,51;-2,73E-5;286,72;6,26E-5
1,239;0,303;0,991;9,35E-5;93,51;-3,09E-5;286,72;6,91E-5
1,240;0,303;0,991;9,35E-5;93,51;-3,09E-5;286,74;9,28E-5
1,241;0,303;0,992;9,35E-5;93,54;-1,42E-4;286,82;2,20E-4
1,242;0,302;0,991;9,35E-5;93,51;0,00;286,70;3,02E-5
1,243;0,303;0,991;9,35E-5;93,53;-1,13E-4;286,78;1,55E-4
1,244;0,303;0,991;9,35E-5;93,52;-6,01E-5;286,76;1,32E-4
1,245;0,302;0,990;9,35E-5;93,49;9,46E-5;286,66;-3,24E-5
1,246;0,302;0,991;9,35E-5;93,51;-1,82E-6;286,76;1,34E-4
1,247;0,303;0,991;9,35E-5;93,52;-4,37E-5;286,72;6,48E-5
1,248;0,304;0,992;9,35E-5;93,54;-1,78E-4;286,87;2,98E-4
1,249;0,302;0,991;9,35E-5;93,50;3,28E-5;286,67;-4,32E-6
1,250;0,302;0,991;9,35E-5;93,51;0,00;286,71;5,40E-5
1,251;0,303;0,991;9,35E-5;93,52;-4,19E-5;286,76;1,25E-4
1,252;0,303;0,992;9,35E-5;93,53;-9,83E-5;286,80;1,92E-4
1,253;0,303;0,991;9,35E-5;93,53;-9,83E-5;286,78;1,51E-4
1,254;0,303;0,991;9,35E-5;93,52;-6,92E-5;286,75;1,17E-4
1,255;0,303;0,991;9,35E-5;93,53;-1,15E-4;286,78;1,58E-4
1,256;0,303;0,992;9,35E-5;93,54;-1,51E-4;286,84;2,44E-4
1,257;0,304;0,992;9,35E-5;93,55;-1,89E-4;286,83;2,33E-4
1,258;0,303;0,992;9,35E-5;93,54;-1,46E-4;286,85;2,59E-4
1,259;0,303;0,991;9,35E-5;93,52;-6,01E-5;286,74;9,93E-5
1,260;0,303;0,992;9,35E-5;93,52;-7,83E-5;286,80;1,88E-4
1,261;0,303;0,992;9,35E-5;93,53;-1,00E-4;286,80;1,90E-4
1,262;0,303;0,991;9,35E-5;93,52;-5,10E-5;286,71;5,61E-5
1,263;0,303;0,991;9,35E-5;93,51;-2,91E-5;286,70;3,67E-5
1,264;0,303;0,991;9,35E-5;93,51;-3,64E-5;286,71;4,96E-5
1,265;0,303;0,991;9,35E-5;93,52;-5,46E-5;286,77;1,38E-4
1,266;0,303;0,992;9,35E-5;93,54;-1,60E-4;286,83;2,31E-4
1,267;0,303;0,992;9,35E-5;93,54;-1,36E-4;286,82;2,20E-4
1,268;0,302;0,990;9,35E-5;93,49;8,37E-5;286,66;-3,24E-5
1,269;0,302;0,991;9,35E-5;93,51;-7,28E-6;286,72;7,34E-5
1,270;0,302;0,991;9,35E-5;93,49;6,73E-5;286,69;2,37E-5
1,271;0,302;0,991;9,35E-5;93,51;-1,46E-5;286,74;9,07E-5
1,272;0,302;0,991;9,35E-5;93,50;3,09E-5;286,67;-2,16E-6
1,273;0,303;0,991;9,35E-5;93,53;-1,13E-4;286,78;1,60E-4
1,274;0,302;0,991;9,35E-5;93,50;1,09E-5;286,70;3,02E-5
1,275;0,304;0,992;9,35E-5;93,55;-1,86E-4;286,82;2,24E-4
1,276;0,304;0,992;9,36E-5;93,55;-2,24E-4;286,87;2,96E-4
1,277;0,302;0,990;9,35E-5;93,48;1,22E-4;286,63;-6,69E-5
1,278;0,302;0,990;9,35E-5;93,48;1,06E-4;286,61;-1,08E-4
1,279;0,302;0,991;9,35E-5;93,51;3,64E-6;286,69;1,94E-5
1,280;0,302;0,991;9,35E-5;93,51;1,82E-6;286,68;6,48E-6
1,281;0,303;0,991;9,35E-5;93,52;-5,64E-5;286,74;9,07E-5
1,282;0,304;0,992;9,36E-5;93,55;-2,20E-4;286,83;2,35E-4
1,283;0,304;0,993;9,36E-5;93,56;-2,58E-4;286,91;3,58E-4
1,284;0,303;0,992;9,35E-5;93,54;-1,58E-4;286,82;2,14E-4
1,285;0,303;0,992;9,35E-5;93,54;-1,51E-4;286,80;1,92E-4
1,286;0,303;0,992;9,35E-5;93,54;-1,44E-4;286,79;1,68E-4
1,287;0,302;0,991;9,35E-5;93,50;2,91E-5;286,72;6,48E-5
1,288;0,303;0,991;9,35E-5;93,52;-4,73E-5;286,76;1,25E-4
1,289;0,302;0,990;9,35E-5;93,48;1,27E-4;286,60;-1,10E-4
1,290;0,303;0,991;9,35E-5;93,51;-4,00E-5;286,70;4,10E-5
1,291;0,302;0,991;9,35E-5;93,51;-3,64E-6;286,72;7,12E-5
1,292;0,304;0,992;9,35E-5;93,55;-1,95E-4;286,82;2,20E-4
1,293;0,303;0,992;9,35E-5;93,53;-1,13E-4;286,80;1,86E-4
1,294;0,303;0,991;9,35E-5;93,52;-6,01E-5;286,73;8,20E-5
1,295;0,302;0,990;9,35E-5;93,48;1,13E-4;286,64;-5,83E-5
1,296;0,302;0,990;9,35E-5;93,48;1,13E-4;286,61;-1,01E-4
1,297;0,303;0,991;9,35E-5;93,52;-6,55E-5;286,75;1,06E-4
1,298;0,303;0,992;9,35E-5;93,54;-1,40E-4;286,82;2,11E-4
1,299;0,302;0,991;9,35E-5;93,50;9,10E-6;286,67;-8,63E-6
1,300;0,303;0,991;9,35E-5;93,53;-9,28E-5;286,76;1,27E-4
1,301;0,302;0,991;9,35E-5;93,50;4,37E-5;286,67;-4,32E-6
1,302;0,303;0,992;9,35E-5;93,54;-1,36E-4;286,81;2,05E-4
1,303;0,303;0,991;9,35E-5;93,53;-1,13E-4;286,76;1,34E-4
1,304;0,303;0,992;9,35E-5;93,54;-1,38E-4;286,86;2,76E-4
1,305;0,304;0,992;9,35E-5;93,54;-1,76E-4;286,84;2,44E-4
1,306;0,304;0,993;9,36E-5;93,56;-2,57E-4;286,92;3,62E-4
1,307;0,304;0,992;9,35E-5;93,54;-1,71E-4;286,83;2,40E-4
1,308;0,303;0,992;9,35E-5;93,54;-1,36E-4;286,80;1,83E-4
1,309;0,303;0,992;9,35E-5;93,54;-1,56E-4;286,82;2,22E-4
1,310;0,304;0,992;9,36E-5;93,55;-2,13E-4;286,87;2,87E-4
1,311;0,303;0,992;9,35E-5;93,52;-8,01E-5;286,79;1,75E-4
1,312;0,303;0,992;9,35E-5;93,53;-8,92E-5;286,80;1,88E-4
1,313;0,303;0,991;9,35E-5;93,52;-8,19E-5;286,74;9,07E-5
1,314;0,303;0,991;9,35E-5;93,52;-4,73E-5;286,72;6,26E-5
1,315;0,304;0,993;9,36E-5;93,57;-2,95E-4;286,94;3,93E-4
1,316;0,304;0,992;9,36E-5;93,55;-2,07E-4;286,89;3,28E-4
1,317;0,304;0,992;9,36E-5;93,55;-2,06E-4;286,85;2,70E-4
1,318;0,302;0,991;9,35E-5;93,51;-1,82E-5;286,72;6,69E-5
1,319;0,303;0,991;9,35E-5;93,53;-1,04E-4;286,75;1,10E-4
1,320;0,301;0,989;9,35E-5;93,47;1,60E-4;286,54;-2,05E-4
1,321;0,302;0,991;9,35E-5;93,51;-1,82E-5;286,74;9,28E-5
1,322;0,302;0,990;9,35E-5;93,48;1,00E-4;286,62;-8,20E-5
1,323;0,302;0,991;9,35E-5;93,50;1,46E-5;286,71;4,96E-5
1,324;0,303;0,991;9,35E-5;93,52;-4,37E-5;286,71;4,53E-5
1,325;0,304;0,992;9,35E-5;93,55;-1,82E-4;286,86;2,78E-4
1,326;0,303;0,991;9,35E-5;93,52;-4,37E-5;286,75;1,10E-4
1,327;0,303;0,991;9,35E-5;93,52;-5,28E-5;286,78;1,51E-4
1,328;0,304;0,992;9,36E-5;93,55;-2,07E-4;286,88;3,06E-4
1,329;0,302;0,991;9,35E-5;93,51;-1,09E-5;286,72;6,26E-5
1,330;0,302;0,990;9,35E-5;93,48;1,13E-4;286,62;-8,64E-5
1,331;0,303;0,991;9,35E-5;93,52;-5,28E-5;286,73;8,85E-5
1,332;0,304;0,993;9,36E-5;93,57;-2,78E-4;286,96;4,27E-4
1,333;0,304;0,992;9,35E-5;93,54;-1,73E-4;286,87;2,87E-4
1,334;0,302;0,990;9,35E-5;93,50;4,00E-5;286,64;-5,18E-5
1,335;0,303;0,991;9,35E-5;93,53;-9,83E-5;286,75;1,19E-4
1,336;0,303;0,991;9,35E-5;93,52;-6,55E-5;286,73;8,63E-5
1,337;0,303;0,991;9,35E-5;93,52;-4,19E-5;286,72;6,26E-5
1,338;0,302;0,991;9,35E-5;93,49;5,28E-5;286,69;2,37E-5
1,339;0,304;0,993;9,36E-5;93,57;-2,75E-4;286,92;3,65E-4
1,340;0,303;0,992;9,35E-5;93,53;-1,09E-4;286,80;1,83E-4
1,341;0,303;0,992;9,35E-5;93,53;-1,02E-4;286,80;1,83E-4
1,342;0,302;0,990;9,35E-5;93,49;7,28E-5;286,66;-2,59E-5
1,343;0,303;0,991;9,35E-5;93,52;-8,19E-5;286,76;1,32E-4
1,344;0,303;0,992;9,35E-5;93,54;-1,58E-4;286,81;1,99E-4
1,345;0,302;0,990;9,35E-5;93,49;6,73E-5;286,65;-4,10E-5
1,346;0,302;0,990;9,35E-5;93,50;3,46E-5;286,66;-3,02E-5
1,347;0,303;0,991;9,35E-5;93,52;-6,55E-5;286,75;1,08E-4
1,348;0,303;0,991;9,35E-5;93,52;-4,73E-5;286,77;1,36E-4
1,349;0,302;0,991;9,35E-5;93,50;3,09E-5;286,69;1,51E-5
1,350;0,303;0,992;9,35E-5;93,54;-1,40E-4;286,83;2,40E-4
1,351;0,303;0,991;9,35E-5;93,51;-3,09E-5;286,75;1,14E-4
1,352;0,303;0,991;9,35E-5;93,52;-6,92E-5;286,76;1,29E-4
1,353;0,304;0,993;9,36E-5;93,56;-2,47E-4;286,92;3,75E-4
1,354;0,304;0,993;9,36E-5;93,56;-2,35E-4;286,93;3,80E-4
1,355;0,303;0,992;9,35E-5;93,54;-1,49E-4;286,81;2,01E-4
1,356;0,302;0,991;9,35E-5;93,51;-3,64E-6;286,71;4,96E-5
1,357;0,303;0,991;9,35E-5;93,52;-4,91E-5;286,70;3,45E-5
1,358;0,303;0,991;9,35E-5;93,51;-3,46E-5;286,73;8,20E-5
1,359;0,304;0,992;9,35E-5;93,55;-2,02E-4;286,84;2,50E-4
1,360;0,303;0,991;9,35E-5;93,52;-4,55E-5;286,75;1,19E-4
1,361;0,302;0,991;9,35E-5;93,51;3,64E-6;286,67;-4,32E-6
1,362;0,304;0,992;9,35E-5;93,55;-1,80E-4;286,86;2,76E-4
1,363;0,303;0,991;9,35E-5;93,52;-6,01E-5;286,73;7,77E-5
1,364;0,303;0,991;9,35E-5;93,53;-9,10E-5;286,78;1,51E-4
1,365;0,303;0,992;9,35E-5;93,54;-1,66E-4;286,84;2,52E-4
1,366;0,302;0,991;9,35E-5;93,50;1,82E-5;286,69;2,37E-5
1,367;0,304;0,992;9,35E-5;93,54;-1,75E-4;286,85;2,63E-4
1,368;0,304;0,992;9,36E-5;93,55;-2,04E-4;286,85;2,65E-4
1,369;0,304;0,992;9,35E-5;93,54;-1,69E-4;286,83;2,31E-4
1,370;0,303;0,991;9,35E-5;93,52;-5,46E-5;286,76;1,21E-4
1,371;0,303;0,991;9,35E-5;93,53;-1,07E-4;286,77;1,42E-4
1,372;0,302;0,991;9,35E-5;93,51;-3,64E-6;286,68;6,48E-6
1,373;0,303;0,991;9,35E-5;93,52;-5,10E-5;286,71;5,83E-5
1,374;0,304;0,992;9,35E-5;93,55;-1,98E-4;286,85;2,70E-4
1,375;0,302;0,991;9,35E-5;93,51;3,64E-6;286,71;4,53E-5
1,376;0,302;0,990;9,35E-5;93,49;8,37E-5;286,65;-4,53E-5
1,377;0,303;0,991;9,35E-5;93,53;-1,00E-4;286,74;9,71E-5
1,378;0,303;0,991;9,35E-5;93,53;-1,02E-4;286,77;1,38E-4
1,379;0,304;0,993;9,36E-5;93,57;-2,87E-4;286,95;4,12E-4
1,380;0,304;0,992;9,36E-5;93,56;-2,58E-4;286,86;2,74E-4
1,381;0,304;0,992;9,36E-5;93,57;-2,78E-4;286,89;3,26E-4
1,382;0,305;0,993;9,36E-5;93,58;-3,26E-4;286,94;3,95E-4
1,383;0,304;0,992;9,36E-5;93,55;-2,26E-4;286,87;3,00E-4
1,384;0,304;0,992;9,36E-5;93,57;-2,77E-4;286,88;3,13E-4
1,385;0,303;0,992;9,35E-5;93,54;-1,35E-4;286,86;2,85E-4
1,386;0,302;0,990;9,35E-5;93,50;4,37E-5;286,67;-1,51E-5
1,387;0,302;0,990;9,35E-5;93,49;5,82E-5;286,66;-3,24E-5
1,388;0,302;0,991;9,35E-5;93,49;6,92E-5;286,68;1,08E-5
1,389;0,303;0,991;9,35E-5;93,53;-1,00E-4;286,78;1,51E-4
1,390;0,303;0,991;9,35E-5;93,52;-6,19E-5;286,73;7,55E-5
1,391;0,304;0,993;9,36E-5;93,57;-2,82E-4;286,91;3,60E-4
1,392;0,304;0,992;9,36E-5;93,56;-2,37E-4;286,88;3,15E-4
1,393;0,304;0,992;9,36E-5;93,56;-2,71E-4;286,88;3,15E-4
1,394;0,304;0,993;9,36E-5;93,56;-2,29E-4;286,91;3,54E-4
1,395;0,305;0,993;9,36E-5;93,57;-3,17E-4;286,92;3,73E-4
1,396;0,304;0,992;9,35E-5;93,55;-2,02E-4;286,85;2,63E-4
1,397;0,303;0,991;9,35E-5;93,52;-4,37E-5;286,73;7,55E-5
1,398;0,304;0,992;9,36E-5;93,55;-2,17E-4;286,86;2,81E-4
1,399;0,303;0,991;9,35E-5;93,52;-7,28E-5;286,74;9,50E-5
1,400;0,302;0,990;9,35E-5;93,49;6,37E-5;286,62;-8,20E-5
1,401;0,302;0,990;9,35E-5;93,49;8,92E-5;286,58;-1,42E-4
1,402;0,303;0,991;9,35E-5;93,52;-7,83E-5;286,72;6,69E-5
1,403;0,302;0,991;9,35E-5;93,51;-1,27E-5;286,74;1,04E-4
1,404;0,301;0,990;9,35E-5;93,48;1,33E-4;286,59;-1,27E-4
1,405;0,301;0,990;9,35E-5;93,47;1,86E-4;286,55;-1,88E-4
1,406;0,302;0,991;9,35E-5;93,49;6,19E-5;286,68;0,00
1,407;0,303;0,991;9,35E-5;93,51;-3,28E-5;286,76;1,27E-4
1,408;0,305;0,993;9,36E-5;93,58;-3,22E-4;286,97;4,47E-4
1,409;0,303;0,992;9,35E-5;93,54;-1,44E-4;286,81;1,99E-4
1,410;0,303;0,991;9,35E-5;93,52;-5,64E-5;286,77;1,36E-4
1,411;0,302;0,990;9,35E-5;93,49;6,92E-5;286,65;-4,75E-5
1,412;0,303;0,992;9,35E-5;93,54;-1,40E-4;286,84;2,46E-4
1,413;0,302;0,991;9,35E-5;93,51;-3,64E-6;286,71;4,75E-5
1,414;0,303;0,991;9,35E-5;93,53;-9,10E-5;286,75;1,06E-4
1,415;0,303;0,992;9,35E-5;93,54;-1,60E-4;286,80;1,94E-4
1,416;0,303;0,992;9,35E-5;93,54;-1,53E-4;286,82;2,20E-4
1,417;0,303;0,992;9,35E-5;93,53;-1,31E-4;286,82;2,11E-4
1,418;0,303;0,992;9,35E-5;93,53;-1,26E-4;286,81;2,07E-4
1,419;0,303;0,992;9,35E-5;93,53;-1,16E-4;286,82;2,16E-4
1,420;0,303;0,991;9,35E-5;93,52;-8,19E-5;286,75;1,10E-4
1,421;0,303;0,991;9,35E-5;93,52;-7,28E-5;286,76;1,34E-4
1,422;0,303;0,992;9,35E-5;93,53;-1,09E-4;286,80;1,88E-4
1,423;0,304;0,993;9,36E-5;93,56;-2,58E-4;286,90;3,41E-4
1,424;0,303;0,992;9,35E-5;93,54;-1,40E-4;286,80;1,88E-4
1,425;0,303;0,992;9,35E-5;93,54;-1,64E-4;286,85;2,61E-4
1,426;0,303;0,992;9,35E-5;93,53;-9,64E-5;286,83;2,29E-4
1,427;0,303;0,992;9,35E-5;93,53;-1,20E-4;286,79;1,77E-4
1,428;0,302;0,991;9,35E-5;93,50;3,09E-5;286,67;-8,63E-6
1,429;0,302;0,991;9,35E-5;93,49;7,64E-5;286,68;6,48E-6
1,430;0,302;0,991;9,35E-5;93,50;4,00E-5;286,68;1,08E-5
1,431;0,302;0,991;9,35E-5;93,50;7,28E-6;286,74;9,50E-5
1,432;0,302;0,991;9,35E-5;93,50;1,09E-5;286,70;3,67E-5
1,433;0,302;0,991;9,35E-5;93,51;3,64E-6;286,73;7,77E-5
1,434;0,303;0,991;9,35E-5;93,51;-4,00E-5;286,71;5,18E-5
1,435;0,303;0,991;9,35E-5;93,53;-9,64E-5;286,75;1,19E-4
1,436;0,303;0,992;9,35E-5;93,54;-1,49E-4;286,85;2,68E-4
1,437;0,304;0,993;9,36E-5;93,57;-2,75E-4;286,92;3,75E-4
1,438;0,304;0,993;9,36E-5;93,56;-2,33E-4;286,90;3,43E-4
1,439;0,303;0,992;9,35E-5;93,54;-1,58E-4;286,80;1,81E-4
1,440;0,304;0,992;9,35E-5;93,54;-1,73E-4;286,84;2,44E-4
1,441;0,304;0,992;9,36E-5;93,55;-2,13E-4;286,88;3,11E-4
1,442;0,303;0,992;9,35E-5;93,54;-1,58E-4;286,84;2,42E-4
1,443;0,303;0,991;9,35E-5;93,52;-6,92E-5;286,73;8,63E-5
1,444;0,302;0,991;9,35E-5;93,51;-1,82E-5;286,75;1,08E-4
1,445;0,303;0,991;9,35E-5;93,51;-2,91E-5;286,73;7,77E-5
1,446;0,303;0,991;9,35E-5;93,52;-5,82E-5;286,76;1,34E-4
1,447;0,303;0,992;9,35E-5;93,53;-1,24E-4;286,82;2,24E-4
1,448;0,302;0,991;9,35E-5;93,51;5,46E-6;286,70;4,32E-5
1,449;0,303;0,991;9,35E-5;93,53;-1,06E-4;286,78;1,62E-4
1,450;0,304;0,992;9,36E-5;93,55;-2,26E-4;286,90;3,39E-4
1,451;0,303;0,992;9,35E-5;93,54;-1,62E-4;286,84;2,46E-4
1,452;0,302;0,991;9,35E-5;93,50;2,37E-5;286,69;1,51E-5
1,453;0,302;0,991;9,35E-5;93,50;1,09E-5;286,70;3,45E-5
1,454;0,303;0,992;9,35E-5;93,53;-9,64E-5;286,83;2,27E-4
1,455;0,303;0,991;9,35E-5;93,51;-2,37E-5;286,73;8,85E-5
1,456;0,304;0,992;9,35E-5;93,54;-1,75E-4;286,86;2,78E-4
1,457;0,303;0,992;9,35E-5;93,52;-6,01E-5;286,79;1,77E-4
1,458;0,304;0,992;9,35E-5;93,55;-1,95E-4;286,87;3,00E-4
1,459;0,304;0,992;9,36E-5;93,56;-2,35E-4;286,87;2,89E-4
1,460;0,303;0,991;9,35E-5;93,52;-6,55E-5;286,78;1,55E-4
1,461;0,302;0,990;9,35E-5;93,49;5,46E-5;286,61;-9,50E-5
1,462;0,302;0,990;9,35E-5;93,50;4,19E-5;286,64;-5,83E-5
1,463;0,302;0,991;9,35E-5;93,49;5,82E-5;286,68;0,00
1,464;0,302;0,990;9,35E-5;93,49;9,83E-5;286,66;-1,73E-5
1,465;0,303;0,992;9,35E-5;93,53;-1,20E-4;286,78;1,64E-4
1,466;0,303;0,991;9,35E-5;93,53;-1,16E-4;286,76;1,29E-4
1,467;0,302;0,991;9,35E-5;93,50;2,55E-5;286,67;-2,16E-6
1,468;0,302;0,990;9,35E-5;93,49;7,83E-5;286,65;-3,89E-5
1,469;0,303;0,991;9,35E-5;93,51;-3,28E-5;286,73;8,85E-5
1,470;0,303;0,992;9,35E-5;93,53;-1,27E-4;286,81;2,07E-4
1,471;0,302;0,991;9,35E-5;93,50;3,28E-5;286,69;2,37E-5
1,472;0,303;0,992;9,35E-5;93,53;-1,33E-4;286,82;2,14E-4
1,473;0,303;0,991;9,35E-5;93,52;-7,28E-5;286,75;1,08E-4
1,474;0,303;0,991;9,35E-5;93,53;-8,92E-5;286,77;1,42E-4
1,475;0,303;0,992;9,35E-5;93,54;-1,62E-4;286,83;2,31E-4
1,476;0,302;0,991;9,35E-5;93,51;-3,64E-6;286,68;0,00
1,477;0,302;0,991;9,35E-5;93,50;4,55E-5;286,68;1,30E-5
1,478;0,302;0,991;9,35E-5;93,51;-1,46E-5;286,71;4,53E-5
1,479;0,302;0,991;9,35E-5;93,50;1,82E-5;286,69;2,59E-5
1,480;0,303;0,992;9,35E-5;93,53;-9,10E-5;286,79;1,79E-4
1,481;0,303;0,991;9,35E-5;93,53;-1,26E-4;286,77;1,36E-4
1,482;0,303;0,992;9,35E-5;93,52;-7,83E-5;286,79;1,75E-4
1,483;0,303;0,991;9,35E-5;93,53;-1,18E-4;286,76;1,27E-4
1,484;0,302;0,991;9,35E-5;93,50;9,10E-6;286,73;8,20E-5
1,485;0,303;0,992;9,35E-5;93,54;-1,55E-4;286,83;2,31E-4
1,486;0,304;0,993;9,36E-5;93,57;-2,98E-4;286,95;4,19E-4
1,487;0,304;0,993;9,36E-5;93,57;-2,98E-4;286,94;4,01E-4
1,488;0,304;0,993;9,36E-5;93,57;-2,93E-4;286,93;3,88E-4
1,489;0,303;0,991;9,35E-5;93,52;-5,82E-5;286,74;9,28E-5
1,490;0,303;0,992;9,35E-5;93,53;-1,20E-4;286,82;2,24E-4
1,491;0,302;0,991;9,35E-5;93,51;-1,27E-5;286,74;9,71E-5
1,492;0,304;0,992;9,35E-5;93,55;-1,91E-4;286,86;2,85E-4
1,493;0,303;0,992;9,35E-5;93,54;-1,40E-4;286,81;2,09E-4
1,494;0,303;0,992;9,35E-5;93,54;-1,53E-4;286,82;2,14E-4
1,495;0,303;0,991;9,35E-5;93,51;-3,09E-5;286,74;1,04E-4
1,496;0,302;0,991;9,35E-5;93,51;-1,27E-5;286,72;6,69E-5
1,497;0,302;0,990;9,35E-5;93,50;5,10E-5;286,66;-3,02E-5
1,498;0,303;0,992;9,35E-5;93,54;-1,53E-4;286,82;2,16E-4
1,499;0,303;0,991;9,35E-5;93,53;-1,06E-4;286,78;1,53E-4
1,500;0,303;0,991;9,35E-5;93,52;-6,37E-5;286,75;1,06E-4
1,501;0,303;0,991;9,35E-5;93,52;-6,01E-5;286,72;6,04E-5
1,502;0,303;0,992;9,35E-5;93,53;-1,20E-4;286,81;2,03E-4
1,503;0,303;0,992;9,35E-5;93,54;-1,62E-4;286,85;2,59E-4
1,504;0,303;0,991;9,35E-5;93,52;-5,28E-5;286,76;1,27E-4
1,505;0,302;0,990;9,35E-5;93,49;8,92E-5;286,63;-7,12E-5
1,506;0,303;0,992;9,35E-5;93,54;-1,62E-4;286,85;2,70E-4
1,507;0,303;0,992;9,35E-5;93,53;-1,13E-4;286,79;1,79E-4
1,508;0,303;0,992;9,35E-5;93,53;-1,04E-4;286,81;1,99E-4
1,509;0,304;0,992;9,36E-5;93,55;-2,06E-4;286,84;2,55E-4
1,510;0,303;0,992;9,35E-5;93,54;-1,53E-4;286,81;2,09E-4
1,511;0,304;0,993;9,36E-5;93,57;-2,77E-4;286,94;4,06E-4
1,512;0,303;0,992;9,35E-5;93,52;-7,10E-5;286,82;2,18E-4
1,513;0,303;0,991;9,35E-5;93,53;-9,10E-5;286,77;1,47E-4
1,514;0,302;0,990;9,35E-5;93,50;4,73E-5;286,66;-1,94E-5
1,515;0,303;0,992;9,35E-5;93,53;-1,13E-4;286,78;1,64E-4
1,516;0,303;0,991;9,35E-5;93,51;-3,46E-5;286,70;4,32E-5
1,517;0,302;0,991;9,35E-5;93,51;-1,64E-5;286,71;4,96E-5
1,518;0,303;0,992;9,35E-5;93,54;-1,36E-4;286,81;2,05E-4
1,519;0,304;0,992;9,35E-5;93,55;-1,97E-4;286,83;2,37E-4
1,520;0,302;0,991;9,35E-5;93,51;5,46E-6;286,71;5,18E-5
1,521;0,304;0,992;9,35E-5;93,54;-1,76E-4;286,85;2,59E-4
1,522;0,301;0,990;9,35E-5;93,47;1,58E-4;286,61;-1,06E-4
1,523;0,303;0,992;9,35E-5;93,54;-1,35E-4;286,79;1,68E-4
1,524;0,303;0,992;9,35E-5;93,53;-1,27E-4;286,80;1,94E-4
1,525;0,303;0,992;9,35E-5;93,53;-1,04E-4;286,79;1,77E-4
1,526;0,303;0,991;9,35E-5;93,51;-2,00E-5;286,73;8,20E-5
1,527;0,303;0,991;9,35E-5;93,52;-6,19E-5;286,75;1,10E-4
1,528;0,303;0,992;9,35E-5;93,53;-1,22E-4;286,81;2,07E-4
1,529;0,302;0,991;9,35E-5;93,50;4,55E-5;286,68;1,30E-5
1,530;0,303;0,991;9,35E-5;93,53;-1,22E-4;286,78;1,51E-4
1,531;0,302;0,990;9,35E-5;93,49;6,37E-5;286,66;-1,73E-5
1,532;0,303;0,991;9,35E-5;93,52;-6,19E-5;286,76;1,23E-4
1,533;0,303;0,991;9,35E-5;93,52;-7,83E-5;286,77;1,38E-4
1,534;0,304;0,992;9,35E-5;93,55;-1,84E-4;286,89;3,24E-4
1,535;0,303;0,992;9,35E-5;93,53;-1,06E-4;286,79;1,70E-4
1,536;0,304;0,992;9,35E-5;93,54;-1,76E-4;286,84;2,42E-4
1,537;0,302;0,991;9,35E-5;93,50;4,37E-5;286,70;3,89E-5
1,538;0,302;0,990;9,35E-5;93,49;9,65E-5;286,64;-6,04E-5
1,539;0,303;0,992;9,35E-5;93,54;-1,40E-4;286,80;1,86E-4
1,540;0,304;0,992;9,36E-5;93,55;-2,04E-4;286,87;2,91E-4
1,541;0,302;0,991;9,35E-5;93,50;1,46E-5;286,68;6,48E-6
1,542;0,303;0,992;9,35E-5;93,52;-7,46E-5;286,79;1,73E-4
1,543;0,303;0,991;9,35E-5;93,53;-9,28E-5;286,75;1,10E-4
1,544;0,303;0,991;9,35E-5;93,52;-4,19E-5;286,74;9,93E-5
1,545;0,302;0,991;9,35E-5;93,50;2,91E-5;286,68;1,30E-5
1,546;0,302;0,991;9,35E-5;93,51;-3,64E-6;286,72;6,48E-5
1,547;0,304;0,992;9,36E-5;93,55;-2,07E-4;286,87;2,87E-4
1,548;0,304;0,992;9,35E-5;93,55;-1,89E-4;286,85;2,63E-4
1,549;0,304;0,992;9,36E-5;93,55;-2,24E-4;286,89;3,17E-4
1,550;0,303;0,992;9,35E-5;93,53;-1,13E-4;286,79;1,77E-4
1,551;0,302;0,991;9,35E-5;93,51;-5,46E-6;286,72;7,12E-5
1,552;0,304;0,993;9,36E-5;93,56;-2,62E-4;286,91;3,50E-4
1,553;0,303;0,992;9,35E-5;93,52;-7,83E-5;286,80;1,81E-4
1,554;0,302;0,991;9,35E-5;93,49;6,01E-5;286,67;-1,08E-5
1,555;0,303;0,991;9,35E-5;93,51;-3,82E-5;286,76;1,27E-4
1,556;0,304;0,993;9,36E-5;93,57;-2,86E-4;286,94;3,93E-4
1,557;0,305;0,993;9,36E-5;93,58;-3,46E-4;286,99;4,79E-4
1,558;0,303;0,991;9,35E-5;93,52;-5,28E-5;286,76;1,32E-4
1,559;0,303;0,991;9,35E-5;93,52;-4,37E-5;286,74;9,28E-5
1,560;0,303;0,991;9,35E-5;93,52;-7,28E-5;286,73;8,85E-5
1,561;0,303;0,991;9,35E-5;93,53;-1,16E-4;286,77;1,49E-4
1,562;0,303;0,992;9,35E-5;93,54;-1,47E-4;286,81;2,05E-4
1,563;0,304;0,992;9,36E-5;93,55;-2,07E-4;286,89;3,19E-4
1,564;0,303;0,991;9,35E-5;93,51;-4,00E-5;286,77;1,49E-4
1,565;0,303;0,992;9,35E-5;93,53;-1,29E-4;286,84;2,55E-4
1,566;0,303;0,991;9,35E-5;93,52;-7,46E-5;286,75;1,12E-4
1,567;0,302;0,991;9,35E-5;93,50;3,82E-5;286,70;3,45E-5
1,568;0,302;0,990;9,35E-5;93,49;9,46E-5;286,65;-3,67E-5
1,569;0,302;0,991;9,35E-5;93,50;4,91E-5;286,70;4,10E-5
1,570;0,303;0,991;9,35E-5;93,52;-8,01E-5;286,78;1,51E-4
1,571;0,303;0,992;9,35E-5;93,54;-1,51E-4;286,84;2,48E-4
1,572;0,304;0,992;9,35E-5;93,55;-1,86E-4;286,90;3,37E-4
1,573;0,303;0,991;9,35E-5;93,52;-5,28E-5;286,75;1,06E-4
1,574;0,302;0,991;9,35E-5;93,50;2,91E-5;286,70;3,67E-5
1,575;0,304;0,992;9,35E-5;93,55;-1,93E-4;286,86;2,78E-4
1,576;0,302;0,991;9,35E-5;93,50;9,10E-6;286,72;6,69E-5
1,577;0,303;0,991;9,35E-5;93,53;-1,16E-4;286,77;1,47E-4
1,578;0,303;0,991;9,35E-5;93,52;-5,10E-5;286,76;1,27E-4
1,579;0,304;0,992;9,36E-5;93,56;-2,42E-4;286,86;2,78E-4
1,580;0,303;0,991;9,35E-5;93,52;-4,37E-5;286,77;1,47E-4
1,581;0,304;0,992;9,35E-5;93,54;-1,69E-4;286,82;2,11E-4
1,582;0,303;0,992;9,35E-5;93,54;-1,58E-4;286,82;2,20E-4
1,583;0,303;0,992;9,35E-5;93,53;-1,29E-4;286,80;1,81E-4
1,584;0,302;0,991;9,35E-5;93,49;5,82E-5;286,68;6,48E-6
1,585;0,302;0,990;9,35E-5;93,49;7,28E-5;286,63;-7,56E-5
1,586;0,302;0,991;9,35E-5;93,50;3,28E-5;286,69;1,94E-5
1,587;0,303;0,992;9,35E-5;93,53;-1,07E-4;286,81;1,96E-4
1,588;0,303;0,991;9,35E-5;93,51;-3,09E-5;286,72;6,69E-5
1,589;0,303;0,991;9,35E-5;93,53;-9,28E-5;286,72;7,34E-5
1,590;0,303;0,992;9,35E-5;93,53;-1,13E-4;286,79;1,70E-4
1,591;0,303;0,992;9,35E-5;93,53;-1,09E-4;286,80;1,83E-4
1,592;0,303;0,991;9,35E-5;93,53;-9,28E-5;286,77;1,38E-4
1,593;0,303;0,992;9,35E-5;93,53;-1,11E-4;286,82;2,14E-4
1,594;0,302;0,990;9,35E-5;93,48;1,09E-4;286,63;-7,56E-5
1,595;0,303;0,991;9,35E-5;93,52;-5,10E-5;286,75;1,19E-4
1,596;0,303;0,991;9,35E-5;93,52;-4,91E-5;286,72;6,48E-5
1,597;0,303;0,991;9,35E-5;93,53;-8,73E-5;286,78;1,53E-4
1,598;0,303;0,992;9,35E-5;93,53;-1,27E-4;286,83;2,31E-4
1,599;0,302;0,991;9,35E-5;93,50;2,37E-5;286,70;4,10E-5
1,600;0,303;0,992;9,35E-5;93,53;-1,24E-4;286,80;1,92E-4
1,601;0,302;0,990;9,35E-5;93,49;9,28E-5;286,64;-5,40E-5
1,602;0,302;0,991;9,35E-5;93,50;2,18E-5;286,67;-8,63E-6
1,603;0,302;0,991;9,35E-5;93,50;4,19E-5;286,68;2,16E-6
1,604;0,302;0,990;9,35E-5;93,49;5,28E-5;286,66;-2,81E-5
1,605;0,303;0,992;9,35E-5;93,53;-1,16E-4;286,82;2,24E-4
1,606;0,303;0,992;9,35E-5;93,54;-1,38E-4;286,82;2,14E-4
1,607;0,302;0,991;9,35E-5;93,51;-9,10E-6;286,77;1,40E-4
1,608;0,304;0,992;9,35E-5;93,55;-1,86E-4;286,83;2,33E-4
1,609;0,304;0,992;9,35E-5;93,55;-1,95E-4;286,81;2,01E-4
1,610;0,303;0,992;9,35E-5;93,53;-1,18E-4;286,80;1,94E-4
1,611;0,302;0,991;9,35E-5;93,51;-9,10E-6;286,71;5,61E-5
1,612;0,301;0,990;9,35E-5;93,47;1,57E-4;286,59;-1,36E-4
1,613;0,302;0,991;9,35E-5;93,51;5,46E-6;286,72;6,48E-5
1,614;0,303;0,992;9,35E-5;93,53;-1,29E-4;286,83;2,27E-4
1,615;0,303;0,991;9,35E-5;93,53;-9,83E-5;286,76;1,29E-4
1,616;0,303;0,991;9,35E-5;93,52;-5,10E-5;286,77;1,36E-4
1,617;0,303;0,991;9,35E-5;93,52;-6,55E-5;286,75;1,06E-4
1,618;0,302;0,991;9,35E-5;93,50;4,37E-5;286,68;4,32E-6
1,619;0,302;0,990;9,35E-5;93,49;6,19E-5;286,66;-2,16E-5
1,620;0,303;0,991;9,35E-5;93,51;-2,37E-5;286,72;6,91E-5
1,621;0,302;0,991;9,35E-5;93,50;4,73E-5;286,68;2,16E-6
1,622;0,303;0,991;9,35E-5;93,52;-6,01E-5;286,75;1,12E-4
1,623;0,302;0,991;9,35E-5;93,50;4,00E-5;286,71;4,96E-5
1,624;0,304;0,992;9,35E-5;93,54;-1,73E-4;286,85;2,68E-4
1,625;0,303;0,992;9,35E-5;93,54;-1,36E-4;286,84;2,46E-4
1,626;0,303;0,991;9,35E-5;93,52;-7,28E-5;286,74;1,01E-4
1,627;0,302;0,991;9,35E-5;93,49;6,19E-5;286,69;1,73E-5
1,628;0,303;0,992;9,35E-5;93,53;-1,26E-4;286,80;1,83E-4
1,629;0,303;0,991;9,35E-5;93,52;-8,37E-5;286,77;1,47E-4
1,630;0,303;0,991;9,35E-5;93,52;-6,37E-5;286,74;9,71E-5
1,631;0,302;0,991;9,35E-5;93,50;2,55E-5;286,70;3,45E-5
1,632;0,304;0,992;9,35E-5;93,54;-1,75E-4;286,84;2,55E-4
1,633;0,302;0,991;9,35E-5;93,50;2,00E-5;286,70;3,89E-5
1,634;0,302;0,991;9,35E-5;93,51;-1,64E-5;286,72;7,34E-5
1,635;0,302;0,991;9,35E-5;93,50;7,28E-6;286,74;9,93E-5
1,636;0,304;0,992;9,35E-5;93,55;-1,95E-4;286,88;3,06E-4
1,637;0,302;0,990;9,35E-5;93,48;1,02E-4;286,64;-4,97E-5
1,638;0,302;0,991;9,35E-5;93,50;2,91E-5;286,72;6,48E-5
1,639;0,304;0,992;9,35E-5;93,55;-1,82E-4;286,81;2,03E-4
1,640;0,303;0,992;9,35E-5;93,54;-1,46E-4;286,79;1,70E-4
1,641;0,304;0,992;9,35E-5;93,54;-1,75E-4;286,85;2,57E-4
1,642;0,303;0,991;9,35E-5;93,52;-7,10E-5;286,78;1,60E-4
1,643;0,304;0,992;9,36E-5;93,55;-2,15E-4;286,89;3,22E-4
1,644;0,304;0,992;9,35E-5;93,55;-1,91E-4;286,89;3,22E-4
1,645;0,302;0,991;9,35E-5;93,51;-1,27E-5;286,74;9,07E-5
1,646;0,303;0,991;9,35E-5;93,52;-4,37E-5;286,73;7,77E-5
1,647;0,303;0,992;9,35E-5;93,53;-9,64E-5;286,79;1,79E-4
1,648;0,304;0,992;9,35E-5;93,54;-1,76E-4;286,85;2,59E-4
1,649;0,302;0,991;9,35E-5;93,51;1,82E-6;286,71;5,61E-5
1,650;0,302;0,991;9,35E-5;93,51;-1,09E-5;286,75;1,19E-4
1,651;0,303;0,991;9,35E-5;93,53;-1,11E-4;286,75;1,19E-4
1,652;0,304;0,993;9,36E-5;93,57;-3,15E-4;286,95;4,21E-4
1,653;0,303;0,992;9,35E-5;93,53;-1,16E-4;286,82;2,11E-4
1,654;0,303;0,992;9,35E-5;93,54;-1,55E-4;286,87;2,96E-4
1,655;0,303;0,991;9,35E-5;93,52;-4,73E-5;286,75;1,06E-4
1,656;0,303;0,992;9,35E-5;93,54;-1,36E-4;286,85;2,63E-4
1,657;0,303;0,992;9,35E-5;93,54;-1,56E-4;286,83;2,37E-4
1,658;0,303;0,991;9,35E-5;93,52;-7,10E-5;286,76;1,25E-4
1,659;0,302;0,991;9,35E-5;93,50;2,91E-5;286,70;4,32E-5
1,660;0,302;0,990;9,35E-5;93,49;7,28E-5;286,65;-3,67E-5
1,661;0,302;0,990;9,35E-5;93,48;1,02E-4;286,62;-8,42E-5
1,662;0,302;0,991;9,35E-5;93,51;-1,82E-5;286,74;1,01E-4
1,663;0,303;0,991;9,35E-5;93,51;-4,00E-5;286,72;7,12E-5
1,664;0,302;0,990;9,35E-5;93,49;9,83E-5;286,65;-3,89E-5
1,665;0,302;0,991;9,35E-5;93,49;9,46E-5;286,68;0,00
1,666;0,303;0,992;9,35E-5;93,52;-7,64E-5;286,79;1,70E-4
1,667;0,303;0,991;9,35E-5;93,51;-4,00E-5;286,78;1,60E-4
1,668;0,302;0,991;9,35E-5;93,50;1,82E-5;286,69;2,81E-5
1,669;0,303;0,991;9,35E-5;93,51;-3,82E-5;286,76;1,27E-4
1,670;0,302;0,991;9,35E-5;93,51;-1,46E-5;286,70;4,10E-5
1,671;0,302;0,990;9,35E-5;93,49;9,28E-5;286,66;-3,02E-5
1,672;0,302;0,991;9,35E-5;93,51;3,64E-6;286,72;6,91E-5
1,673;0,303;0,992;9,35E-5;93,53;-1,18E-4;286,83;2,35E-4
1,674;0,303;0,992;9,35E-5;93,53;-1,24E-4;286,84;2,52E-4
1,675;0,303;0,992;9,35E-5;93,53;-9,46E-5;286,79;1,66E-4
1,676;0,303;0,991;9,35E-5;93,52;-7,10E-5;286,74;9,50E-5
1,677;0,302;0,990;9,35E-5;93,49;8,19E-5;286,66;-2,37E-5
1,678;0,303;0,991;9,35E-5;93,53;-9,28E-5;286,78;1,60E-4
1,679;0,304;0,993;9,36E-5;93,56;-2,38E-4;286,94;3,95E-4
1,680;0,303;0,992;9,35E-5;93,54;-1,47E-4;286,83;2,35E-4
1,681;0,304;0,992;9,35E-5;93,54;-1,75E-4;286,85;2,63E-4
1,682;0,304;0,993;9,36E-5;93,56;-2,57E-4;286,92;3,65E-4
1,683;0,303;0,992;9,35E-5;93,54;-1,44E-4;286,81;2,03E-4
1,684;0,302;0,991;9,35E-5;93,51;-1,64E-5;286,74;9,93E-5
1,685;0,303;0,991;9,35E-5;93,52;-4,37E-5;286,72;6,04E-5
1,686;0,302;0,991;9,35E-5;93,50;2,91E-5;286,71;5,61E-5
1,687;0,304;0,992;9,35E-5;93,55;-1,80E-4;286,83;2,31E-4
1,688;0,302;0,991;9,35E-5;93,50;3,46E-5;286,68;1,30E-5
1,689;0,303;0,991;9,35E-5;93,53;-1,16E-4;286,78;1,58E-4
1,690;0,303;0,991;9,35E-5;93,52;-6,19E-5;286,76;1,25E-4
1,691;0,302;0,991;9,35E-5;93,50;1,82E-5;286,69;2,16E-5
1,692;0,302;0,991;9,35E-5;93,51;-1,82E-6;286,73;7,77E-5
1,693;0,303;0,992;9,35E-5;93,53;-1,15E-4;286,79;1,68E-4
1,694;0,303;0,991;9,35E-5;93,51;-3,64E-5;286,74;9,50E-5
1,695;0,304;0,992;9,36E-5;93,55;-2,07E-4;286,84;2,52E-4
1,696;0,303;0,992;9,35E-5;93,53;-1,33E-4;286,80;1,94E-4
1,697;0,302;0,991;9,35E-5;93,50;9,10E-6;286,72;7,12E-5
1,698;0,303;0,991;9,35E-5;93,51;-2,91E-5;286,73;7,55E-5
1,699;0,303;0,991;9,35E-5;93,51;-4,00E-5;286,72;6,26E-5
1,700;0,303;0,991;9,35E-5;93,52;-8,01E-5;286,76;1,34E-4
1,701;0,303;0,991;9,35E-5;93,52;-6,19E-5;286,75;1,06E-4
1,702;0,303;0,991;9,35E-5;93,51;-3,64E-5;286,76;1,23E-4
1,703;0,302;0,991;9,35E-5;93,50;1,27E-5;286,74;9,07E-5
1,704;0,302;0,991;9,35E-5;93,50;2,91E-5;286,71;4,75E-5
1,705;0,303;0,991;9,35E-5;93,51;-3,09E-5;286,71;4,96E-5
1,706;0,303;0,992;9,35E-5;93,53;-1,29E-4;286,80;1,92E-4
1,707;0,303;0,991;9,35E-5;93,52;-4,37E-5;286,75;1,19E-4
1,708;0,302;0,991;9,35E-5;93,50;2,37E-5;286,71;5,40E-5
1,709;0,302;0,991;9,35E-5;93,50;1,46E-5;286,71;5,40E-5
1,710;0,302;0,991;9,35E-5;93,51;1,82E-6;286,73;8,85E-5
1,711;0,302;0,991;9,35E-5;93,50;4,37E-5;286,69;1,51E-5
1,712;0,303;0,991;9,35E-5;93,51;-3,46E-5;286,75;1,10E-4
1,713;0,302;0,991;9,35E-5;93,51;-1,46E-5;286,74;9,50E-5
1,714;0,302;0,991;9,35E-5;93,50;4,91E-5;286,68;1,30E-5
1,715;0,302;0,991;9,35E-5;93,49;8,01E-5;286,69;1,73E-5
1,716;0,302;0,991;9,35E-5;93,50;2,00E-5;286,71;5,83E-5
1,717;0,303;0,991;9,35E-5;93,53;-1,07E-4;286,77;1,47E-4
1,718;0,303;0,992;9,35E-5;93,53;-1,27E-4;286,83;2,29E-4
1,719;0,303;0,992;9,35E-5;93,53;-1,33E-4;286,79;1,75E-4
1,720;0,303;0,992;9,35E-5;93,53;-1,26E-4;286,86;2,72E-4
1,721;0,303;0,992;9,35E-5;93,53;-1,04E-4;286,81;1,99E-4
1,722;0,303;0,991;9,35E-5;93,51;-3,82E-5;286,78;1,60E-4
1,723;0,303;0,992;9,35E-5;93,53;-1,27E-4;286,85;2,63E-4
1,724;0,303;0,992;9,35E-5;93,53;-1,29E-4;286,82;2,24E-4
1,725;0,303;0,991;9,35E-5;93,51;-3,46E-5;286,77;1,38E-4
1,726;0,303;0,991;9,35E-5;93,51;-3,28E-5;286,75;1,12E-4
1,727;0,303;0,992;9,35E-5;93,53;-1,04E-4;286,80;1,88E-4
1,728;0,303;0,992;9,35E-5;93,53;-9,28E-5;286,80;1,86E-4
1,729;0,303;0,992;9,35E-5;93,53;-1,07E-4;286,81;2,03E-4
1,730;0,303;0,992;9,35E-5;93,52;-5,64E-5;286,80;1,81E-4
1,731;0,304;0,993;9,36E-5;93,57;-2,82E-4;286,94;3,97E-4
1,732;0,304;0,992;9,35E-5;93,54;-1,73E-4;286,87;2,91E-4
1,733;0,303;0,991;9,35E-5;93,52;-7,28E-5;286,78;1,53E-4
1,734;0,303;0,992;9,35E-5;93,54;-1,58E-4;286,81;1,96E-4
1,735;0,303;0,992;9,35E-5;93,54;-1,66E-4;286,83;2,35E-4
1,736;0,301;0,990;9,35E-5;93,47;1,47E-4;286,57;-1,62E-4
1,737;0,302;0,991;9,35E-5;93,50;5,10E-5;286,70;3,89E-5
1,738;0,303;0,991;9,35E-5;93,53;-1,02E-4;286,75;1,19E-4
1,739;0,303;0,991;9,35E-5;93,51;-2,18E-5;286,71;5,40E-5
1,740;0,304;0,992;9,36E-5;93,56;-2,47E-4;286,90;3,34E-4
1,741;0,303;0,991;9,35E-5;93,51;-3,46E-5;286,77;1,47E-4
1,742;0,302;0,991;9,35E-5;93,49;6,01E-5;286,67;-1,30E-5
1,743;0,302;0,991;9,35E-5;93,50;7,28E-6;286,71;4,53E-5
1,744;0,302;0,991;9,35E-5;93,50;3,64E-5;286,69;1,51E-5
1,745;0,303;0,991;9,35E-5;93,52;-5,82E-5;286,77;1,36E-4
1,746;0,304;0,992;9,35E-5;93,54;-1,78E-4;286,89;3,22E-4
1,747;0,303;0,991;9,35E-5;93,52;-4,73E-5;286,76;1,21E-4
1,748;0,303;0,991;9,35E-5;93,53;-8,73E-5;286,75;1,17E-4
1,749;0,302;0,991;9,35E-5;93,51;-1,82E-6;286,73;8,42E-5
1,750;0,304;0,992;9,35E-5;93,54;-1,67E-4;286,84;2,52E-4
1,751;0,304;0,992;9,35E-5;93,55;-1,87E-4;286,87;2,98E-4
1,752;0,304;0,992;9,36E-5;93,55;-2,09E-4;286,86;2,81E-4
1,753;0,303;0,991;9,35E-5;93,51;-2,91E-5;286,78;1,60E-4
1,754;0,303;0,992;9,35E-5;93,54;-1,66E-4;286,82;2,11E-4
1,755;0,303;0,992;9,35E-5;93,52;-6,73E-5;286,79;1,70E-4
1,756;0,302;0,990;9,35E-5;93,49;8,55E-5;286,60;-1,23E-4
1,757;0,302;0,991;9,35E-5;93,49;5,82E-5;286,67;-1,30E-5
1,758;0,302;0,991;9,35E-5;93,51;-1,64E-5;286,72;6,26E-5
1,759;0,303;0,992;9,35E-5;93,53;-1,22E-4;286,80;1,88E-4
1,760;0,302;0,991;9,35E-5;93,51;3,64E-6;286,69;2,16E-5
1,761;0,302;0,991;9,35E-5;93,51;-1,09E-5;286,72;6,91E-5
1,762;0,303;0,991;9,35E-5;93,52;-4,55E-5;286,71;5,61E-5
1,763;0,301;0,990;9,35E-5;93,48;1,31E-4;286,59;-1,27E-4
1,764;0,302;0,991;9,35E-5;93,50;2,00E-5;286,70;4,10E-5
1,765;0,302;0,990;9,35E-5;93,48;1,27E-4;286,65;-4,10E-5
1,766;0,302;0,991;9,35E-5;93,50;2,55E-5;286,68;6,48E-6
1,767;0,303;0,991;9,35E-5;93,52;-6,01E-5;286,76;1,29E-4
1,768;0,304;0,992;9,36E-5;93,55;-2,04E-4;286,86;2,85E-4
1,769;0,303;0,992;9,35E-5;93,53;-1,27E-4;286,85;2,57E-4
1,770;0,303;0,991;9,35E-5;93,52;-5,46E-5;286,76;1,32E-4
1,771;0,303;0,991;9,35E-5;93,51;-4,00E-5;286,78;1,55E-4
1,772;0,304;0,992;9,36E-5;93,55;-2,04E-4;286,84;2,48E-4
1,773;0,304;0,993;9,36E-5;93,56;-2,62E-4;286,94;3,93E-4
1,774;0,303;0,991;9,35E-5;93,51;-3,82E-5;286,78;1,51E-4
1,775;0,304;0,993;9,36E-5;93,56;-2,57E-4;286,91;3,54E-4
1,776;0,303;0,991;9,35E-5;93,53;-1,31E-4;286,75;1,12E-4
1,777;0,303;0,991;9,35E-5;93,52;-8,55E-5;286,77;1,40E-4
1,778;0,304;0,992;9,35E-5;93,55;-1,84E-4;286,86;2,74E-4
1,779;0,302;0,990;9,35E-5;93,48;1,07E-4;286,66;-2,59E-5
1,780;0,303;0,992;9,35E-5;93,54;-1,53E-4;286,87;2,98E-4
1,781;0,303;0,991;9,35E-5;93,52;-4,73E-5;286,74;1,04E-4
1,782;0,303;0,991;9,35E-5;93,52;-4,91E-5;286,78;1,51E-4
1,783;0,304;0,993;9,36E-5;93,55;-2,18E-4;286,92;3,69E-4
1,784;0,304;0,992;9,36E-5;93,55;-2,24E-4;286,88;3,09E-4
1,785;0,302;0,991;9,35E-5;93,50;3,82E-5;286,72;6,69E-5
1,786;0,303;0,992;9,35E-5;93,54;-1,44E-4;286,84;2,46E-4
1,787;0,302;0,991;9,35E-5;93,51;-7,28E-6;286,76;1,29E-4
1,788;0,303;0,992;9,35E-5;93,54;-1,58E-4;286,87;2,91E-4
1,789;0,302;0,990;9,35E-5;93,49;8,55E-5;286,65;-3,89E-5
1,790;0,303;0,991;9,35E-5;93,52;-5,10E-5;286,75;1,12E-4
1,791;0,302;0,991;9,35E-5;93,50;2,00E-5;286,70;4,10E-5
1,792;0,303;0,991;9,35E-5;93,52;-5,82E-5;286,74;1,01E-4
1,793;0,302;0,991;9,35E-5;93,49;6,73E-5;286,68;1,30E-5
1,794;0,303;0,991;9,35E-5;93,51;-2,55E-5;286,69;2,16E-5
1,795;0,303;0,991;9,35E-5;93,51;-3,82E-5;286,72;6,04E-5
1,796;0,304;0,992;9,35E-5;93,54;-1,78E-4;286,84;2,44E-4
1,797;0,303;0,991;9,35E-5;93,53;-9,46E-5;286,76;1,23E-4
1,798;0,302;0,991;9,35E-5;93,51;-5,46E-6;286,70;3,45E-5
1,799;0,302;0,991;9,35E-5;93,51;5,46E-6;286,72;7,34E-5
1,800;0,303;0,991;9,35E-5;93,53;-1,00E-4;286,76;1,34E-4
1,801;0,303;0,992;9,35E-5;93,53;-1,20E-4;286,81;2,09E-4
1,802;0,303;0,992;9,35E-5;93,53;-1,00E-4;286,80;1,90E-4
1,803;0,303;0,992;9,35E-5;93,53;-9,83E-5;286,79;1,75E-4
1,804;0,303;0,991;9,35E-5;93,52;-7,64E-5;286,76;1,21E-4
1,805;0,303;0,991;9,35E-5;93,52;-7,10E-5;286,76;1,23E-4
1,806;0,303;0,991;9,35E-5;93,51;-3,09E-5;286,76;1,34E-4
1,807;0,303;0,991;9,35E-5;93,52;-6,37E-5;286,73;8,85E-5
1,808;0,303;0,992;9,35E-5;93,53;-1,07E-4;286,79;1,68E-4
1,809;0,304;0,992;9,36E-5;93,56;-2,31E-4;286,88;3,06E-4
1,810;0,302;0,991;9,35E-5;93,51;-9,10E-6;286,72;6,04E-5
1,811;0,303;0,991;9,35E-5;93,52;-4,55E-5;286,77;1,42E-4
1,812;0,302;0,991;9,35E-5;93,51;-1,46E-5;286,72;6,48E-5
1,813;0,303;0,991;9,35E-5;93,51;-3,28E-5;286,73;7,77E-5
1,814;0,303;0,991;9,35E-5;93,53;-8,92E-5;286,78;1,53E-4
1,815;0,304;0,992;9,36E-5;93,55;-2,09E-4;286,85;2,61E-4
1,816;0,303;0,992;9,35E-5;93,51;-2,18E-5;286,79;1,79E-4
1,817;0,302;0,991;9,35E-5;93,51;-1,46E-5;286,73;7,55E-5
1,818;0,302;0,991;9,35E-5;93,50;3,82E-5;286,68;2,16E-6
1,819;0,302;0,991;9,35E-5;93,51;-1,82E-6;286,72;7,34E-5
1,820;0,303;0,991;9,35E-5;93,51;-3,09E-5;286,75;1,10E-4
1,821;0,303;0,991;9,35E-5;93,51;-2,73E-5;286,77;1,38E-4
1,822;0,302;0,991;9,35E-5;93,51;-1,27E-5;286,72;7,12E-5
1,823;0,303;0,992;9,35E-5;93,53;-1,29E-4;286,82;2,11E-4
1,824;0,304;0,993;9,36E-5;93,57;-2,80E-4;286,92;3,75E-4
1,825;0,302;0,991;9,35E-5;93,51;-5,46E-6;286,77;1,42E-4
1,826;0,303;0,992;9,35E-5;93,53;-1,13E-4;286,80;1,92E-4
1,827;0,303;0,992;9,35E-5;93,53;-1,18E-4;286,79;1,77E-4
1,828;0,304;0,992;9,35E-5;93,55;-1,98E-4;286,85;2,61E-4
1,829;0,302;0,991;9,35E-5;93,49;5,28E-5;286,68;6,48E-6
1,830;0,303;0,992;9,35E-5;93,54;-1,62E-4;286,84;2,52E-4
1,831;0,303;0,992;9,35E-5;93,53;-1,09E-4;286,79;1,75E-4
1,832;0,304;0,993;9,36E-5;93,57;-2,80E-4;286,92;3,75E-4
1,833;0,303;0,991;9,35E-5;93,53;-9,46E-5;286,77;1,38E-4
1,834;0,303;0,991;9,35E-5;93,51;-3,09E-5;286,75;1,17E-4
1,835;0,302;0,991;9,35E-5;93,50;3,64E-5;286,67;-2,16E-6
1,836;0,303;0,991;9,35E-5;93,52;-7,28E-5;286,73;8,20E-5
1,837;0,303;0,992;9,35E-5;93,54;-1,53E-4;286,86;2,81E-4
1,838;0,304;0,992;9,35E-5;93,55;-1,86E-4;286,88;3,13E-4
1,839;0,303;0,992;9,35E-5;93,54;-1,62E-4;286,83;2,35E-4
1,840;0,303;0,991;9,35E-5;93,52;-4,91E-5;286,74;1,01E-4
1,841;0,304;0,992;9,35E-5;93,55;-2,00E-4;286,87;2,93E-4
1,842;0,304;0,992;9,35E-5;93,54;-1,67E-4;286,80;1,86E-4
1,843;0,304;0,992;9,35E-5;93,55;-1,95E-4;286,85;2,59E-4
1,844;0,303;0,992;9,35E-5;93,54;-1,46E-4;286,85;2,63E-4
1,845;0,305;0,993;9,36E-5;93,59;-3,86E-4;287,00;4,85E-4
1,846;0,303;0,992;9,35E-5;93,53;-1,26E-4;286,81;1,99E-4
1,847;0,302;0,991;9,35E-5;93,50;2,37E-5;286,70;3,45E-5
1,848;0,302;0,991;9,35E-5;93,50;3,46E-5;286,69;2,37E-5
1,849;0,303;0,991;9,35E-5;93,51;-2,73E-5;286,73;7,55E-5
1,850;0,303;0,992;9,35E-5;93,54;-1,66E-4;286,83;2,40E-4
1,851;0,302;0,990;9,35E-5;93,48;1,27E-4;286,64;-5,83E-5
1,852;0,302;0,991;9,35E-5;93,49;9,10E-5;286,72;6,48E-5
1,853;0,302;0,991;9,35E-5;93,49;5,64E-5;286,67;-4,32E-6
1,854;0,301;0,990;9,35E-5;93,47;1,46E-4;286,62;-8,85E-5
1,855;0,303;0,992;9,35E-5;93,52;-7,28E-5;286,79;1,68E-4
1,856;0,303;0,992;9,35E-5;93,54;-1,38E-4;286,82;2,24E-4
1,857;0,303;0,991;9,35E-5;93,53;-1,06E-4;286,76;1,27E-4
1,858;0,302;0,991;9,35E-5;93,50;4,55E-5;286,67;-6,48E-6
1,859;0,302;0,990;9,35E-5;93,49;6,19E-5;286,66;-3,02E-5
1,860;0,302;0,991;9,35E-5;93,50;1,46E-5;286,70;4,32E-5
1,861;0,304;0,992;9,35E-5;93,55;-1,80E-4;286,82;2,24E-4
1,862;0,302;0,991;9,35E-5;93,50;2,91E-5;286,73;7,55E-5
1,863;0,303;0,991;9,35E-5;93,53;-1,26E-4;286,77;1,49E-4
1,864;0,303;0,991;9,35E-5;93,52;-6,73E-5;286,75;1,10E-4
1,865;0,303;0,992;9,35E-5;93,53;-1,06E-4;286,79;1,68E-4
1,866;0,302;0,991;9,35E-5;93,51;-1,09E-5;286,73;7,77E-5
1,867;0,303;0,991;9,35E-5;93,52;-4,91E-5;286,75;1,12E-4
1,868;0,302;0,990;9,35E-5;93,50;4,37E-5;286,66;-2,37E-5
1,869;0,303;0,991;9,35E-5;93,52;-7,64E-5;286,73;8,63E-5
1,870;0,303;0,991;9,35E-5;93,51;-4,00E-5;286,73;8,42E-5
1,871;0,303;0,992;9,35E-5;93,53;-1,24E-4;286,83;2,35E-4
1,872;0,305;0,993;9,36E-5;93,57;-3,17E-4;286,97;4,51E-4
1,873;0,303;0,991;9,35E-5;93,52;-7,64E-5;286,73;8,63E-5
1,874;0,303;0,991;9,35E-5;93,52;-5,10E-5;286,72;6,04E-5
1,875;0,303;0,991;9,35E-5;93,51;-3,28E-5;286,74;1,01E-4
1,876;0,303;0,991;9,35E-5;93,51;-4,00E-5;286,77;1,47E-4
1,877;0,302;0,991;9,35E-5;93,51;-1,82E-5;286,73;8,20E-5
1,878;0,302;0,990;9,35E-5;93,50;3,64E-5;286,66;-3,02E-5
1,879;0,303;0,992;9,35E-5;93,53;-1,20E-4;286,79;1,66E-4
1,880;0,302;0,991;9,35E-5;93,50;2,37E-5;286,72;7,34E-5
1,881;0,303;0,992;9,35E-5;93,53;-1,27E-4;286,83;2,33E-4
1,882;0,302;0,991;9,35E-5;93,51;-1,82E-6;286,72;6,26E-5
1,883;0,302;0,991;9,35E-5;93,50;7,28E-6;286,72;6,48E-5
1,884;0,303;0,991;9,35E-5;93,52;-7,46E-5;286,76;1,34E-4
1,885;0,303;0,991;9,35E-5;93,54;-1,38E-4;286,77;1,40E-4
1,886;0,303;0,992;9,35E-5;93,54;-1,46E-4;286,83;2,33E-4
1,887;0,303;0,991;9,35E-5;93,53;-9,64E-5;286,78;1,55E-4
1,888;0,303;0,992;9,35E-5;93,53;-1,07E-4;286,79;1,68E-4
1,889;0,302;0,990;9,35E-5;93,49;7,46E-5;286,64;-6,26E-5
1,890;0,303;0,991;9,35E-5;93,52;-7,46E-5;286,77;1,38E-4
1,891;0,303;0,991;9,35E-5;93,53;-1,15E-4;286,78;1,58E-4
1,892;0,303;0,991;9,35E-5;93,52;-6,01E-5;286,77;1,45E-4
1,893;0,303;0,992;9,35E-5;93,54;-1,64E-4;286,81;1,99E-4
1,894;0,302;0,991;9,35E-5;93,51;1,82E-6;286,72;6,91E-5
1,895;0,304;0,992;9,35E-5;93,54;-1,69E-4;286,84;2,55E-4
1,896;0,302;0,991;9,35E-5;93,51;-3,64E-6;286,73;8,63E-5
1,897;0,302;0,991;9,35E-5;93,51;-5,46E-6;286,73;7,99E-5
1,898;0,302;0,991;9,35E-5;93,51;-3,64E-6;286,70;4,10E-5
1,899;0,303;0,992;9,35E-5;93,53;-1,27E-4;286,80;1,94E-4
1,900;0,303;0,992;9,35E-5;93,54;-1,51E-4;286,84;2,52E-4
1,901;0,303;0,991;9,35E-5;93,51;-2,18E-5;286,74;9,28E-5
1,902;0,303;0,992;9,35E-5;93,53;-1,24E-4;286,79;1,79E-4
1,903;0,303;0,991;9,35E-5;93,51;-3,46E-5;286,70;4,10E-5
1,904;0,303;0,992;9,35E-5;93,54;-1,56E-4;286,83;2,27E-4
1,905;0,303;0,991;9,35E-5;93,52;-7,10E-5;286,74;9,50E-5
1,906;0,303;0,992;9,35E-5;93,54;-1,60E-4;286,84;2,55E-4
1,907;0,302;0,990;9,35E-5;93,48;1,29E-4;286,63;-7,12E-5
1,908;0,303;0,992;9,35E-5;93,54;-1,42E-4;286,84;2,46E-4
1,909;0,302;0,991;9,35E-5;93,50;2,91E-5;286,71;4,53E-5
1,910;0,303;0,991;9,35E-5;93,53;-1,18E-4;286,76;1,21E-4
1,911;0,303;0,991;9,35E-5;93,52;-6,55E-5;286,75;1,19E-4
1,912;0,302;0,991;9,35E-5;93,51;-1,82E-6;286,74;1,01E-4
1,913;0,302;0,990;9,35E-5;93,49;7,64E-5;286,63;-7,12E-5
1,914;0,304;0,993;9,36E-5;93,56;-2,53E-4;286,93;3,78E-4
1,915;0,303;0,992;9,35E-5;93,53;-1,06E-4;286,81;2,09E-4
1,916;0,303;0,991;9,35E-5;93,51;-2,18E-5;286,72;7,12E-5
1,917;0,302;0,990;9,35E-5;93,50;3,82E-5;286,66;-2,16E-5
1,918;0,304;0,992;9,36E-5;93,56;-2,47E-4;286,87;2,98E-4
1,919;0,303;0,991;9,35E-5;93,53;-1,00E-4;286,76;1,23E-4
1,920;0,303;0,991;9,35E-5;93,51;-3,09E-5;286,71;4,53E-5
1,921;0,302;0,991;9,35E-5;93,51;5,46E-6;286,71;5,83E-5
1,922;0,304;0,992;9,36E-5;93,56;-2,62E-4;286,90;3,37E-4
1,923;0,303;0,991;9,35E-5;93,51;-2,91E-5;286,70;3,45E-5
1,924;0,302;0,990;9,35E-5;93,49;9,46E-5;286,63;-7,12E-5
1,925;0,304;0,992;9,36E-5;93,56;-2,31E-4;286,89;3,30E-4
1,926;0,303;0,991;9,35E-5;93,51;-2,00E-5;286,73;8,42E-5
1,927;0,303;0,991;9,35E-5;93,51;-2,18E-5;286,73;7,55E-5
1,928;0,303;0,992;9,35E-5;93,53;-1,20E-4;286,80;1,92E-4
1,929;0,303;0,991;9,35E-5;93,52;-7,64E-5;286,78;1,58E-4
1,930;0,304;0,992;9,35E-5;93,54;-1,76E-4;286,85;2,63E-4
1,931;0,304;0,992;9,35E-5;93,55;-2,00E-4;286,85;2,68E-4
1,932;0,303;0,991;9,35E-5;93,53;-9,83E-5;286,76;1,32E-4
1,933;0,303;0,991;9,35E-5;93,53;-1,06E-4;286,78;1,62E-4
1,934;0,303;0,991;9,35E-5;93,52;-8,01E-5;286,76;1,29E-4
1,935;0,302;0,991;9,35E-5;93,50;2,73E-5;286,69;1,73E-5
1,936;0,302;0,991;9,35E-5;93,51;-7,28E-6;286,70;3,45E-5
1,937;0,303;0,991;9,35E-5;93,52;-8,01E-5;286,75;1,06E-4
1,938;0,303;0,991;9,35E-5;93,51;-4,00E-5;286,77;1,38E-4
1,939;0,303;0,991;9,35E-5;93,52;-5,82E-5;286,74;9,07E-5
1,940;0,304;0,992;9,36E-5;93,56;-2,57E-4;286,90;3,39E-4
1,941;0,305;0,993;9,36E-5;93,58;-3,42E-4;286,95;4,16E-4
1,942;0,303;0,992;9,35E-5;93,53;-9,10E-5;286,79;1,75E-4
1,943;0,302;0,991;9,35E-5;93,51;1,82E-6;286,71;5,83E-5
1,944;0,302;0,991;9,35E-5;93,50;9,10E-6;286,68;1,08E-5
1,945;0,303;0,991;9,35E-5;93,53;-1,06E-4;286,78;1,55E-4
1,946;0,303;0,992;9,35E-5;93,53;-1,06E-4;286,84;2,46E-4
1,947;0,303;0,991;9,35E-5;93,52;-7,83E-5;286,78;1,55E-4
1,948;0,302;0,990;9,35E-5;93,48;1,09E-4;286,63;-6,69E-5
1,949;0,302;0,991;9,35E-5;93,50;4,55E-5;286,68;4,32E-6
1,950;0,302;0,990;9,35E-5;93,48;1,15E-4;286,63;-6,69E-5
1,951;0,303;0,991;9,35E-5;93,53;-1,06E-4;286,75;1,19E-4
1,952;0,303;0,992;9,35E-5;93,54;-1,40E-4;286,81;2,03E-4
1,953;0,304;0,992;9,35E-5;93,55;-1,95E-4;286,83;2,33E-4
1,954;0,302;0,991;9,35E-5;93,51;5,46E-6;286,74;9,28E-5
1,955;0,304;0,993;9,36E-5;93,57;-3,15E-4;286,95;4,19E-4
1,956;0,304;0,992;9,35E-5;93,55;-1,86E-4;286,83;2,27E-4
1,957;0,303;0,992;9,35E-5;93,54;-1,46E-4;286,81;1,99E-4
1,958;0,303;0,992;9,35E-5;93,53;-1,24E-4;286,79;1,68E-4
1,959;0,303;0,992;9,35E-5;93,53;-1,20E-4;286,79;1,68E-4
1,960;0,304;0,992;9,36E-5;93,56;-2,42E-4;286,87;2,93E-4
1,961;0,303;0,992;9,35E-5;93,54;-1,64E-4;286,82;2,16E-4
1,962;0,303;0,992;9,35E-5;93,53;-1,18E-4;286,80;1,90E-4
1,963;0,303;0,992;9,35E-5;93,53;-9,28E-5;286,80;1,83E-4
1,964;0,303;0,992;9,35E-5;93,53;-1,15E-4;286,83;2,27E-4
1,965;0,302;0,991;9,35E-5;93,51;-1,64E-5;286,73;7,77E-5
1,966;0,303;0,992;9,35E-5;93,54;-1,35E-4;286,81;2,03E-4
1,967;0,302;0,990;9,35E-5;93,49;8,92E-5;286,66;-3,02E-5
1,968;0,303;0,991;9,35E-5;93,52;-6,55E-5;286,77;1,45E-4
1,969;0,305;0,993;9,36E-5;93,58;-3,24E-4;286,95;4,16E-4
1,970;0,303;0,992;9,35E-5;93,54;-1,60E-4;286,86;2,85E-4
1,971;0,303;0,992;9,35E-5;93,52;-6,92E-5;286,81;2,09E-4
1,972;0,303;0,991;9,35E-5;93,51;-3,82E-5;286,71;5,83E-5
1,973;0,302;0,991;9,35E-5;93,51;-1,64E-5;286,76;1,23E-4
1,974;0,302;0,991;9,35E-5;93,50;4,19E-5;286,70;3,67E-5
1,975;0,303;0,992;9,35E-5;93,54;-1,47E-4;286,85;2,59E-4
1,976;0,303;0,992;9,35E-5;93,54;-1,42E-4;286,83;2,37E-4
1,977;0,303;0,992;9,35E-5;93,54;-1,62E-4;286,82;2,11E-4
1,978;0,303;0,992;9,35E-5;93,53;-1,20E-4;286,84;2,44E-4
1,979;0,302;0,991;9,35E-5;93,51;-1,46E-5;286,72;6,91E-5
1,980;0,304;0,993;9,36E-5;93,56;-2,64E-4;286,95;4,10E-4
1,981;0,304;0,992;9,35E-5;93,55;-1,86E-4;286,85;2,70E-4
1,982;0,303;0,992;9,35E-5;93,53;-1,02E-4;286,81;1,99E-4
1,983;0,302;0,991;9,35E-5;93,51;-5,46E-6;286,71;4,53E-5
1,984;0,303;0,992;9,35E-5;93,53;-1,04E-4;286,81;2,01E-4
1,985;0,304;0,993;9,36E-5;93,56;-2,58E-4;286,93;3,88E-4
1,986;0,302;0,991;9,35E-5;93,49;9,10E-5;286,68;8,63E-6
1,987;0,303;0,992;9,35E-5;93,54;-1,42E-4;286,83;2,40E-4
1,988;0,303;0,992;9,35E-5;93,53;-1,26E-4;286,82;2,14E-4
1,989;0,303;0,991;9,35E-5;93,52;-6,37E-5;286,77;1,40E-4
1,990;0,303;0,992;9,35E-5;93,52;-5,46E-5;286,79;1,70E-4
1,991;0,303;0,991;9,35E-5;93,53;-8,73E-5;286,78;1,53E-4
1,992;0,303;0,991;9,35E-5;93,53;-8,73E-5;286,77;1,36E-4
1,993;0,303;0,992;9,35E-5;93,53;-1,31E-4;286,81;1,99E-4
1,994;0,303;0,992;9,35E-5;93,54;-1,64E-4;286,82;2,11E-4
1,995;0,304;0,992;9,35E-5;93,55;-1,98E-4;286,88;3,06E-4
1,996;0,304;0,992;9,35E-5;93,54;-1,73E-4;286,83;2,40E-4
1,997;0,303;0,992;9,35E-5;93,53;-1,31E-4;286,84;2,46E-4
1,998;0,304;0,992;9,36E-5;93,55;-2,15E-4;286,85;2,65E-4
1,999;0,303;0,991;9,35E-5;93,51;-2,18E-5;286,73;7,77E-5
2,000;0,302;0,991;9,35E-5;93,51;-9,10E-6;286,73;8,85E-5
2,001;0,302;0,991;9,35E-5;93,50;1,27E-5;286,72;6,26E-5
2,002;0,302;0,991;9,35E-5;93,51;-3,64E-6;286,75;1,14E-4
2,003;0,303;0,992;9,35E-5;93,54;-1,47E-4;286,83;2,37E-4
2,004;0,304;0,992;9,35E-5;93,54;-1,73E-4;286,84;2,42E-4
2,005;0,302;0,991;9,35E-5;93,50;2,91E-5;286,70;3,24E-5
2,006;0,303;0,992;9,35E-5;93,54;-1,35E-4;286,80;1,94E-4
2,007;0,303;0,992;9,35E-5;93,53;-1,04E-4;286,80;1,81E-4
2,008;0,303;0,991;9,35E-5;93,51;-3,09E-5;286,72;7,12E-5
2,009;0,302;0,990;9,35E-5;93,48;1,27E-4;286,63;-6,91E-5
2,010;0,303;0,991;9,35E-5;93,52;-5,64E-5;286,76;1,29E-4
2,011;0,303;0,992;9,35E-5;93,52;-6,01E-5;286,79;1,68E-4
2,012;0,304;0,992;9,36E-5;93,56;-2,29E-4;286,90;3,34E-4
2,013;0,303;0,992;9,35E-5;93,54;-1,42E-4;286,82;2,24E-4
2,014;0,303;0,991;9,35E-5;93,52;-4,73E-5;286,75;1,17E-4
2,015;0,303;0,991;9,35E-5;93,53;-9,46E-5;286,78;1,62E-4
2,016;0,304;0,993;9,36E-5;93,55;-2,26E-4;286,90;3,43E-4
2,017;0,303;0,991;9,35E-5;93,51;-3,46E-5;286,74;1,01E-4
2,018;0,303;0,991;9,35E-5;93,52;-7,28E-5;286,76;1,34E-4
2,019;0,302;0,990;9,35E-5;93,48;1,16E-4;286,61;-9,93E-5
2,020;0,303;0,991;9,35E-5;93,53;-8,73E-5;286,78;1,58E-4
2,021;0,302;0,991;9,35E-5;93,51;3,64E-6;286,72;6,26E-5
2,022;0,303;0,991;9,35E-5;93,52;-4,55E-5;286,74;1,01E-4
2,023;0,303;0,991;9,35E-5;93,52;-7,28E-5;286,76;1,29E-4
2,024;0,303;0,992;9,35E-5;93,53;-8,92E-5;286,79;1,77E-4
2,025;0,303;0,992;9,35E-5;93,53;-9,10E-5;286,78;1,64E-4
2,026;0,303;0,991;9,35E-5;93,51;-2,18E-5;286,72;6,69E-5
2,027;0,303;0,992;9,35E-5;93,54;-1,62E-4;286,83;2,27E-4
2,028;0,302;0,991;9,35E-5;93,50;9,10E-6;286,69;2,81E-5
2,029;0,303;0,992;9,35E-5;93,53;-1,15E-4;286,81;1,96E-4
2,030;0,302;0,991;9,35E-5;93,51;-7,28E-6;286,69;2,59E-5
2,031;0,303;0,991;9,35E-5;93,53;-1,00E-4;286,74;1,01E-4
2,032;0,303;0,992;9,35E-5;93,52;-4,37E-5;286,79;1,70E-4
2,033;0,303;0,992;9,35E-5;93,53;-9,10E-5;286,79;1,66E-4
2,034;0,304;0,992;9,36E-5;93,55;-2,09E-4;286,86;2,72E-4
2,035;0,302;0,991;9,35E-5;93,50;9,10E-6;286,69;1,51E-5
2,036;0,303;0,991;9,35E-5;93,51;-3,09E-5;286,70;4,10E-5
2,037;0,303;0,992;9,35E-5;93,53;-1,11E-4;286,79;1,75E-4
2,038;0,303;0,991;9,35E-5;93,52;-5,82E-5;286,74;9,93E-5
2,039;0,303;0,992;9,35E-5;93,53;-8,92E-5;286,79;1,79E-4
2,040;0,302;0,991;9,35E-5;93,49;8,01E-5;286,68;6,48E-6
2,041;0,301;0,990;9,35E-5;93,46;1,95E-4;286,56;-1,79E-4
2,042;0,301;0,990;9,35E-5;93,47;1,51E-4;286,58;-1,42E-4
2,043;0,303;0,991;9,35E-5;93,53;-9,10E-5;286,77;1,42E-4
2,044;0,303;0,992;9,35E-5;93,54;-1,56E-4;286,86;2,72E-4
2,045;0,303;0,992;9,35E-5;93,53;-1,20E-4;286,83;2,27E-4
2,046;0,303;0,992;9,35E-5;93,53;-1,26E-4;286,81;2,07E-4
2,047;0,303;0,991;9,35E-5;93,52;-6,19E-5;286,77;1,49E-4
2,048;0,302;0,991;9,35E-5;93,49;6,01E-5;286,70;3,24E-5
2,049;0,303;0,992;9,35E-5;93,54;-1,49E-4;286,83;2,35E-4
2,050;0,303;0,991;9,35E-5;93,52;-6,37E-5;286,74;1,01E-4
2,051;0,302;0,991;9,35E-5;93,51;-1,64E-5;286,74;9,50E-5
2,052;0,303;0,991;9,35E-5;93,51;-4,00E-5;286,71;5,83E-5
2,053;0,303;0,991;9,35E-5;93,52;-4,91E-5;286,77;1,40E-4
2,054;0,303;0,991;9,35E-5;93,53;-8,73E-5;286,76;1,23E-4
2,055;0,303;0,991;9,35E-5;93,53;-1,00E-4;286,76;1,29E-4
2,056;0,304;0,992;9,36E-5;93,56;-2,60E-4;286,88;3,15E-4
2,057;0,304;0,992;9,35E-5;93,55;-1,84E-4;286,86;2,76E-4
2,058;0,303;0,992;9,35E-5;93,53;-9,64E-5;286,79;1,75E-4
2,059;0,302;0,991;9,35E-5;93,51;-5,46E-6;286,72;7,12E-5
2,060;0,302;0,990;9,35E-5;93,49;7,28E-5;286,66;-3,02E-5
2,061;0,304;0,992;9,36E-5;93,55;-2,09E-4;286,86;2,72E-4
2,062;0,304;0,992;9,35E-5;93,55;-1,89E-4;286,86;2,72E-4
2,063;0,303;0,992;9,35E-5;93,54;-1,56E-4;286,81;2,01E-4
2,064;0,303;0,992;9,35E-5;93,53;-9,28E-5;286,80;1,81E-4
2,065;0,303;0,992;9,35E-5;93,54;-1,35E-4;286,82;2,18E-4
2,066;0,302;0,991;9,35E-5;93,50;4,00E-5;286,73;7,55E-5
2,067;0,303;0,991;9,35E-5;93,51;-3,09E-5;286,77;1,49E-4
2,068;0,303;0,992;9,35E-5;93,53;-1,29E-4;286,83;2,27E-4
2,069;0,302;0,991;9,35E-5;93,51;1,82E-6;286,73;7,55E-5
2,070;0,304;0,993;9,36E-5;93,56;-2,38E-4;286,91;3,58E-4
2,071;0,305;0,994;9,36E-5;93,60;-4,51E-4;287,06;5,87E-4
2,072;0,303;0,991;9,35E-5;93,51;-4,00E-5;286,74;1,04E-4
2,073;0,302;0,991;9,35E-5;93,51;-1,82E-6;286,68;8,63E-6
2,074;0,303;0,991;9,35E-5;93,51;-3,28E-5;286,72;6,26E-5
2,075;0,303;0,992;9,35E-5;93,54;-1,42E-4;286,84;2,55E-4
2,076;0,303;0,991;9,35E-5;93,52;-4,55E-5;286,77;1,45E-4
2,077;0,303;0,991;9,35E-5;93,53;-8,92E-5;286,76;1,27E-4
2,078;0,303;0,991;9,35E-5;93,51;-3,46E-5;286,75;1,10E-4
2,079;0,303;0,991;9,35E-5;93,51;-2,18E-5;286,72;6,69E-5
2,080;0,302;0,991;9,35E-5;93,50;1,09E-5;286,69;2,81E-5
2,081;0,303;0,991;9,35E-5;93,52;-8,37E-5;286,77;1,45E-4
2,082;0,304;0,992;9,35E-5;93,54;-1,76E-4;286,84;2,42E-4
2,083;0,303;0,992;9,35E-5;93,53;-1,00E-4;286,82;2,11E-4
2,084;0,302;0,991;9,35E-5;93,49;5,28E-5;286,67;-4,32E-6
2,085;0,303;0,992;9,35E-5;93,54;-1,40E-4;286,81;2,01E-4
2,086;0,303;0,992;9,35E-5;93,53;-1,11E-4;286,84;2,46E-4
2,087;0,304;0,993;9,36E-5;93,55;-2,26E-4;286,91;3,58E-4
2,088;0,303;0,991;9,35E-5;93,53;-9,83E-5;286,77;1,42E-4
2,089;0,303;0,992;9,35E-5;93,53;-8,73E-5;286,79;1,73E-4
2,090;0,303;0,991;9,35E-5;93,51;-3,28E-5;286,75;1,06E-4
2,091;0,303;0,992;9,35E-5;93,52;-6,01E-5;286,79;1,66E-4
2,092;0,303;0,992;9,35E-5;93,52;-6,92E-5;286,81;1,96E-4
2,093;0,301;0,990;9,35E-5;93,47;1,89E-4;286,60;-1,17E-4
2,094;0,302;0,990;9,35E-5;93,49;7,64E-5;286,67;-1,51E-5
2,095;0,303;0,992;9,35E-5;93,53;-1,11E-4;286,81;2,09E-4
2,096;0,304;0,993;9,36E-5;93,57;-2,77E-4;286,92;3,67E-4
2,097;0,304;0,993;9,36E-5;93,57;-2,84E-4;286,94;4,06E-4
2,098;0,304;0,993;9,36E-5;93,56;-2,69E-4;286,93;3,86E-4
2,099;0,303;0,992;9,35E-5;93,53;-1,22E-4;286,80;1,86E-4
2,100;0,303;0,991;9,35E-5;93,51;-2,37E-5;286,72;6,48E-5
2,101;0,303;0,991;9,35E-5;93,51;-2,55E-5;286,75;1,06E-4
2,102;0,303;0,992;9,35E-5;93,53;-1,02E-4;286,79;1,77E-4
2,103;0,302;0,991;9,35E-5;93,50;7,28E-6;286,73;7,77E-5
2,104;0,304;0,992;9,35E-5;93,54;-1,75E-4;286,84;2,46E-4
2,105;0,303;0,992;9,35E-5;93,53;-1,18E-4;286,80;1,92E-4
2,106;0,303;0,992;9,35E-5;93,53;-8,92E-5;286,79;1,73E-4
2,107;0,303;0,992;9,35E-5;93,53;-1,24E-4;286,81;2,07E-4
2,108;0,303;0,992;9,35E-5;93,53;-1,06E-4;286,79;1,73E-4
2,109;0,303;0,992;9,35E-5;93,53;-1,04E-4;286,82;2,20E-4
2,110;0,304;0,992;9,35E-5;93,55;-1,86E-4;286,85;2,61E-4
2,111;0,303;0,992;9,35E-5;93,54;-1,62E-4;286,85;2,70E-4
2,112;0,303;0,992;9,35E-5;93,54;-1,35E-4;286,83;2,31E-4
2,113;0,301;0,989;9,35E-5;93,47;1,78E-4;286,54;-2,07E-4
2,114;0,302;0,991;9,35E-5;93,51;-5,46E-6;286,71;5,40E-5
2,115;0,303;0,992;9,35E-5;93,53;-1,27E-4;286,83;2,33E-4
2,116;0,302;0,991;9,35E-5;93,50;5,10E-5;286,68;1,30E-5
2,117;0,303;0,991;9,35E-5;93,52;-7,28E-5;286,78;1,60E-4
2,118;0,303;0,992;9,35E-5;93,54;-1,53E-4;286,85;2,57E-4
2,119;0,303;0,991;9,35E-5;93,51;-3,09E-5;286,75;1,17E-4
2,120;0,304;0,992;9,35E-5;93,55;-1,84E-4;286,83;2,31E-4
2,121;0,303;0,992;9,35E-5;93,53;-1,24E-4;286,81;2,01E-4
2,122;0,302;0,991;9,35E-5;93,51;5,46E-6;286,74;9,93E-5
2,123;0,303;0,991;9,35E-5;93,51;-2,55E-5;286,73;7,77E-5
2,124;0,303;0,991;9,35E-5;93,52;-5,82E-5;286,78;1,55E-4
2,125;0,303;0,991;9,35E-5;93,51;-2,18E-5;286,78;1,53E-4
2,126;0,303;0,991;9,35E-5;93,51;-2,55E-5;286,74;9,93E-5
2,127;0,303;0,991;9,35E-5;93,52;-5,64E-5;286,78;1,53E-4
2,128;0,303;0,992;9,35E-5;93,53;-1,26E-4;286,83;2,35E-4
2,129;0,303;0,992;9,35E-5;93,53;-1,09E-4;286,81;2,09E-4
2,130;0,303;0,992;9,35E-5;93,53;-1,16E-4;286,80;1,94E-4
2,131;0,302;0,990;9,35E-5;93,49;9,65E-5;286,65;-4,10E-5
2,132;0,304;0,992;9,35E-5;93,54;-1,71E-4;286,87;2,98E-4
2,133;0,302;0,990;9,35E-5;93,49;8,37E-5;286,66;-3,24E-5
2,134;0,303;0,991;9,35E-5;93,52;-6,19E-5;286,75;1,08E-4
2,135;0,303;0,992;9,35E-5;93,53;-1,29E-4;286,85;2,59E-4
2,136;0,303;0,992;9,35E-5;93,54;-1,55E-4;286,87;3,00E-4
2,137;0,303;0,991;9,35E-5;93,52;-7,83E-5;286,77;1,36E-4
2,138;0,304;0,993;9,36E-5;93,56;-2,37E-4;286,93;3,88E-4
2,139;0,304;0,992;9,35E-5;93,55;-2,00E-4;286,90;3,32E-4
2,140;0,303;0,991;9,35E-5;93,51;-2,18E-5;286,73;7,99E-5
2,141;0,302;0,990;9,35E-5;93,49;9,65E-5;286,67;-1,51E-5
2,142;0,304;0,992;9,35E-5;93,55;-1,82E-4;286,81;2,07E-4
2,143;0,302;0,991;9,35E-5;93,50;2,18E-5;286,72;6,69E-5
2,144;0,303;0,992;9,35E-5;93,53;-1,18E-4;286,81;2,05E-4
2,145;0,304;0,992;9,35E-5;93,55;-1,87E-4;286,86;2,76E-4
2,146;0,303;0,991;9,35E-5;93,52;-4,19E-5;286,77;1,40E-4
2,147;0,302;0,991;9,35E-5;93,51;-1,27E-5;286,69;2,81E-5
2,148;0,303;0,991;9,35E-5;93,52;-8,01E-5;286,75;1,17E-4
2,149;0,302;0,991;9,35E-5;93,51;1,82E-6;286,73;7,77E-5
2,150;0,304;0,992;9,36E-5;93,56;-2,51E-4;286,87;2,87E-4
2,151;0,303;0,991;9,35E-5;93,52;-5,64E-5;286,78;1,53E-4
2,152;0,302;0,991;9,35E-5;93,49;7,64E-5;286,69;2,16E-5
2,153;0,303;0,992;9,35E-5;93,52;-6,19E-5;286,80;1,94E-4
2,154;0,302;0,991;9,35E-5;93,50;3,09E-5;286,68;8,63E-6
2,155;0,302;0,991;9,35E-5;93,51;5,46E-6;286,75;1,10E-4
2,156;0,303;0,992;9,35E-5;93,53;-1,02E-4;286,82;2,24E-4
2,157;0,301;0,990;9,35E-5;93,47;1,86E-4;286,59;-1,27E-4
2,158;0,304;0,992;9,35E-5;93,54;-1,76E-4;286,84;2,46E-4
2,159;0,302;0,991;9,35E-5;93,51;-3,64E-6;286,73;7,55E-5
2,160;0,302;0,991;9,35E-5;93,50;4,91E-5;286,69;1,94E-5
2,161;0,303;0,991;9,35E-5;93,52;-5,28E-5;286,76;1,32E-4
2,162;0,304;0,992;9,36E-5;93,55;-2,06E-4;286,87;2,98E-4
2,163;0,303;0,992;9,35E-5;93,54;-1,44E-4;286,84;2,48E-4
2,164;0,303;0,991;9,35E-5;93,52;-5,82E-5;286,75;1,14E-4
2,165;0,302;0,991;9,35E-5;93,49;5,82E-5;286,68;0,00
2,166;0,302;0,990;9,35E-5;93,49;9,65E-5;286,64;-5,61E-5
2,167;0,301;0,990;9,35E-5;93,47;1,53E-4;286,62;-9,28E-5
2,168;0,303;0,991;9,35E-5;93,52;-4,19E-5;286,75;1,12E-4
2,169;0,302;0,990;9,35E-5;93,49;9,46E-5;286,66;-3,02E-5
2,170;0,302;0,991;9,35E-5;93,50;1,46E-5;286,71;5,61E-5
2,171;0,302;0,991;9,35E-5;93,49;5,64E-5;286,68;1,30E-5
2,172;0,302;0,990;9,35E-5;93,49;7,64E-5;286,64;-6,26E-5
2,173;0,303;0,992;9,35E-5;93,54;-1,44E-4;286,84;2,52E-4
2,174;0,302;0,991;9,35E-5;93,51;-5,46E-6;286,72;6,48E-5
2,175;0,302;0,990;9,35E-5;93,48;1,27E-4;286,63;-6,48E-5
2,176;0,301;0,990;9,35E-5;93,46;2,00E-4;286,56;-1,77E-4
2,177;0,302;0,990;9,35E-5;93,49;8,55E-5;286,65;-3,45E-5
2,178;0,304;0,992;9,35E-5;93,55;-1,95E-4;286,84;2,50E-4
2,179;0,303;0,992;9,35E-5;93,54;-1,56E-4;286,82;2,14E-4
2,180;0,302;0,991;9,35E-5;93,50;1,46E-5;286,71;5,18E-5
2,181;0,303;0,992;9,35E-5;93,53;-1,09E-4;286,80;1,83E-4
2,182;0,302;0,991;9,35E-5;93,51;-1,82E-6;286,76;1,27E-4
2,183;0,303;0,992;9,35E-5;93,53;-1,00E-4;286,81;2,07E-4
2,184;0,302;0,991;9,35E-5;93,49;5,82E-5;286,69;1,94E-5
2,185;0,303;0,992;9,35E-5;93,53;-1,00E-4;286,79;1,75E-4
2,186;0,303;0,992;9,35E-5;93,53;-1,06E-4;286,79;1,75E-4
2,187;0,302;0,990;9,35E-5;93,49;6,37E-5;286,67;-1,51E-5
2,188;0,303;0,991;9,35E-5;93,51;-2,91E-5;286,75;1,06E-4
2,189;0,304;0,992;9,36E-5;93,56;-2,49E-4;286,90;3,39E-4
2,190;0,304;0,993;9,36E-5;93,56;-2,31E-4;286,91;3,50E-4
2,191;0,303;0,991;9,35E-5;93,51;-3,09E-5;286,73;8,85E-5
2,192;0,304;0,992;9,36E-5;93,56;-2,27E-4;286,83;2,33E-4
2,193;0,302;0,991;9,35E-5;93,50;3,46E-5;286,69;2,16E-5
2,194;0,303;0,991;9,35E-5;93,52;-5,82E-5;286,75;1,12E-4
2,195;0,303;0,992;9,35E-5;93,52;-6,55E-5;286,80;1,86E-4
2,196;0,303;0,992;9,35E-5;93,53;-8,92E-5;286,79;1,70E-4
2,197;0,303;0,992;9,35E-5;93,54;-1,35E-4;286,80;1,83E-4
2,198;0,304;0,993;9,36E-5;93,56;-2,46E-4;286,93;3,86E-4
2,199;0,303;0,992;9,35E-5;93,53;-9,28E-5;286,82;2,11E-4
2,200;0,303;0,992;9,35E-5;93,54;-1,35E-4;286,80;1,88E-4
2,201;0,304;0,993;9,36E-5;93,56;-2,49E-4;286,91;3,47E-4
2,202;0,303;0,992;9,35E-5;93,53;-1,09E-4;286,80;1,83E-4
2,203;0,302;0,991;9,35E-5;93,50;4,37E-5;286,68;4,32E-6
2,204;0,303;0,992;9,35E-5;93,53;-8,73E-5;286,79;1,68E-4
2,205;0,303;0,992;9,35E-5;93,52;-7,83E-5;286,81;2,03E-4
2,206;0,303;0,992;9,35E-5;93,53;-1,33E-4;286,81;2,05E-4
2,207;0,303;0,992;9,35E-5;93,53;-1,00E-4;286,81;1,99E-4
2,208;0,303;0,992;9,35E-5;93,52;-7,10E-5;286,79;1,73E-4
2,209;0,304;0,993;9,36E-5;93,56;-2,69E-4;286,94;3,93E-4
2,210;0,302;0,991;9,35E-5;93,50;4,55E-5;286,70;3,02E-5
2,211;0,303;0,992;9,35E-5;93,53;-1,04E-4;286,81;1,96E-4
2,212;0,302;0,991;9,35E-5;93,51;-1,64E-5;286,71;5,40E-5
2,213;0,303;0,992;9,35E-5;93,54;-1,55E-4;286,83;2,31E-4
2,214;0,305;0,993;9,36E-5;93,58;-3,44E-4;286,98;4,62E-4
2,215;0,304;0,992;9,35E-5;93,55;-1,84E-4;286,89;3,28E-4
2,216;0,304;0,992;9,35E-5;93,54;-1,69E-4;286,85;2,63E-4
2,217;0,302;0,990;9,35E-5;93,49;9,65E-5;286,63;-6,91E-5
2,218;0,302;0,990;9,35E-5;93,48;1,18E-4;286,63;-6,48E-5
2,219;0,303;0,991;9,35E-5;93,51;-2,55E-5;286,78;1,55E-4
2,220;0,302;0,990;9,35E-5;93,49;6,19E-5;286,62;-8,64E-5
2,221;0,302;0,991;9,35E-5;93,51;-1,82E-6;286,72;7,34E-5
2,222;0,303;0,991;9,35E-5;93,52;-4,91E-5;286,74;9,50E-5
2,223;0,302;0,990;9,35E-5;93,48;1,27E-4;286,61;-1,08E-4
2,224;0,302;0,991;9,35E-5;93,51;3,64E-6;286,71;4,75E-5
2,225;0,304;0,992;9,35E-5;93,54;-1,78E-4;286,85;2,65E-4
2,226;0,304;0,992;9,36E-5;93,56;-2,37E-4;286,88;3,11E-4
2,227;0,304;0,992;9,35E-5;93,55;-1,93E-4;286,87;3,00E-4
2,228;0,303;0,992;9,35E-5;93,53;-1,11E-4;286,80;1,86E-4
2,229;0,303;0,992;9,35E-5;93,54;-1,49E-4;286,86;2,85E-4
2,230;0,303;0,992;9,35E-5;93,53;-1,24E-4;286,82;2,11E-4
2,231;0,302;0,991;9,35E-5;93,49;6,37E-5;286,69;2,37E-5
2,232;0,305;0,993;9,36E-5;93,59;-3,80E-4;286,98;4,62E-4
2,233;0,303;0,991;9,35E-5;93,52;-8,55E-5;286,76;1,29E-4
2,234;0,303;0,991;9,35E-5;93,52;-4,55E-5;286,76;1,27E-4
2,235;0,303;0,991;9,35E-5;93,53;-1,26E-4;286,78;1,55E-4
2,236;0,303;0,991;9,35E-5;93,51;-2,18E-5;286,74;1,04E-4
2,237;0,303;0,992;9,35E-5;93,53;-1,31E-4;286,84;2,44E-4
2,238;0,303;0,991;9,35E-5;93,52;-6,01E-5;286,78;1,58E-4
2,239;0,304;0,992;9,35E-5;93,55;-1,82E-4;286,84;2,42E-4
2,240;0,304;0,992;9,36E-5;93,56;-2,31E-4;286,88;3,13E-4
2,241;0,304;0,992;9,36E-5;93,56;-2,44E-4;286,87;2,98E-4
2,242;0,304;0,993;9,36E-5;93,56;-2,40E-4;286,93;3,80E-4
2,243;0,303;0,991;9,35E-5;93,53;-1,15E-4;286,76;1,34E-4
2,244;0,303;0,991;9,35E-5;93,52;-5,64E-5;286,77;1,47E-4
2,245;0,304;0,992;9,35E-5;93,54;-1,78E-4;286,87;3,00E-4
2,246;0,304;0,992;9,36E-5;93,55;-2,15E-4;286,85;2,57E-4
2,247;0,302;0,991;9,35E-5;93,51;-9,10E-6;286,70;3,02E-5
2,248;0,304;0,992;9,35E-5;93,55;-1,89E-4;286,85;2,57E-4
2,249;0,303;0,992;9,35E-5;93,53;-1,24E-4;286,80;1,88E-4
2,250;0,304;0,992;9,35E-5;93,55;-1,97E-4;286,85;2,68E-4
2,251;0,302;0,990;9,35E-5;93,49;9,28E-5;286,64;-4,97E-5
2,252;0,303;0,991;9,35E-5;93,51;-2,18E-5;286,72;7,12E-5
2,253;0,303;0,992;9,35E-5;93,52;-7,64E-5;286,80;1,86E-4
2,254;0,304;0,993;9,36E-5;93,56;-2,42E-4;286,92;3,73E-4
2,255;0,304;0,992;9,36E-5;93,56;-2,33E-4;286,90;3,37E-4
2,256;0,302;0,991;9,35E-5;93,51;-3,64E-6;286,70;3,89E-5
2,257;0,303;0,992;9,35E-5;93,53;-9,46E-5;286,79;1,75E-4
2,258;0,303;0,991;9,35E-5;93,52;-4,19E-5;286,77;1,42E-4
2,259;0,303;0,992;9,35E-5;93,54;-1,36E-4;286,82;2,20E-4
2,260;0,302;0,991;9,35E-5;93,51;-7,28E-6;286,70;4,10E-5
2,261;0,304;0,992;9,35E-5;93,55;-1,82E-4;286,85;2,59E-4
2,262;0,303;0,992;9,35E-5;93,54;-1,60E-4;286,79;1,73E-4
2,263;0,303;0,992;9,35E-5;93,53;-1,29E-4;286,81;1,99E-4
2,264;0,304;0,992;9,36E-5;93,56;-2,49E-4;286,86;2,85E-4
2,265;0,303;0,992;9,35E-5;93,54;-1,40E-4;286,80;1,81E-4
2,266;0,303;0,992;9,35E-5;93,53;-1,13E-4;286,83;2,37E-4
2,267;0,304;0,992;9,35E-5;93,55;-1,84E-4;286,87;2,96E-4
2,268;0,304;0,992;9,35E-5;93,54;-1,75E-4;286,87;2,98E-4
2,269;0,302;0,991;9,35E-5;93,51;-9,10E-6;286,69;2,37E-5
2,270;0,303;0,992;9,35E-5;93,52;-5,46E-5;286,81;2,07E-4
2,271;0,303;0,991;9,35E-5;93,51;-2,18E-5;286,72;6,69E-5
2,272;0,302;0,991;9,35E-5;93,50;2,00E-5;286,72;6,26E-5
2,273;0,304;0,993;9,36E-5;93,57;-3,07E-4;286,96;4,34E-4
2,274;0,304;0,992;9,35E-5;93,55;-1,91E-4;286,88;3,15E-4
2,275;0,304;0,993;9,36E-5;93,57;-2,78E-4;286,96;4,36E-4
2,276;0,304;0,992;9,35E-5;93,54;-1,73E-4;286,86;2,72E-4
2,277;0,303;0,991;9,35E-5;93,53;-1,15E-4;286,78;1,55E-4
2,278;0,304;0,992;9,36E-5;93,56;-2,51E-4;286,89;3,17E-4
2,279;0,303;0,992;9,35E-5;93,53;-1,24E-4;286,82;2,22E-4
2,280;0,304;0,993;9,36E-5;93,56;-2,64E-4;286,92;3,73E-4
2,281;0,303;0,991;9,35E-5;93,52;-8,19E-5;286,76;1,23E-4
2,282;0,303;0,991;9,35E-5;93,51;-4,00E-5;286,75;1,19E-4
2,283;0,303;0,991;9,35E-5;93,53;-8,73E-5;286,78;1,62E-4
2,284;0,301;0,989;9,35E-5;93,47;1,78E-4;286,55;-1,92E-4
2,285;0,301;0,990;9,35E-5;93,47;1,51E-4;286,61;-1,06E-4
2,286;0,303;0,992;9,35E-5;93,53;-1,15E-4;286,81;1,99E-4
2,287;0,303;0,992;9,35E-5;93,54;-1,64E-4;286,80;1,90E-4
2,288;0,303;0,992;9,35E-5;93,54;-1,55E-4;286,81;2,01E-4
2,289;0,303;0,991;9,35E-5;93,53;-1,18E-4;286,78;1,62E-4
2,290;0,302;0,990;9,35E-5;93,49;9,28E-5;286,63;-6,48E-5
2,291;0,303;0,992;9,35E-5;93,53;-1,16E-4;286,82;2,11E-4
2,292;0,303;0,991;9,35E-5;93,53;-9,10E-5;286,77;1,49E-4
2,293;0,303;0,992;9,35E-5;93,53;-1,26E-4;286,82;2,22E-4
2,294;0,303;0,991;9,35E-5;93,52;-6,01E-5;286,74;9,50E-5
2,295;0,302;0,991;9,35E-5;93,49;6,92E-5;286,68;1,30E-5
2,296;0,302;0,991;9,35E-5;93,51;-1,82E-6;286,69;2,37E-5
2,297;0,303;0,992;9,35E-5;93,54;-1,46E-4;286,86;2,81E-4
2,298;0,303;0,992;9,35E-5;93,52;-7,28E-5;286,79;1,79E-4
2,299;0,304;0,992;9,36E-5;93,56;-2,29E-4;286,88;3,09E-4
2,300;0,303;0,991;9,35E-5;93,52;-7,64E-5;286,74;1,04E-4
2,301;0,303;0,992;9,35E-5;93,54;-1,51E-4;286,83;2,27E-4
2,302;0,303;0,992;9,35E-5;93,53;-1,16E-4;286,79;1,66E-4
2,303;0,303;0,991;9,35E-5;93,52;-6,37E-5;286,77;1,45E-4
2,304;0,303;0,991;9,35E-5;93,51;-3,64E-5;286,77;1,40E-4
2,305;0,302;0,990;9,35E-5;93,49;8,37E-5;286,63;-6,48E-5
2,306;0,303;0,991;9,35E-5;93,51;-4,00E-5;286,74;9,93E-5
2,307;0,302;0,991;9,35E-5;93,50;4,55E-5;286,70;3,02E-5
2,308;0,304;0,992;9,36E-5;93,56;-2,31E-4;286,90;3,32E-4
2,309;0,304;0,993;9,36E-5;93,57;-2,93E-4;286,96;4,25E-4
2,310;0,304;0,992;9,35E-5;93,54;-1,73E-4;286,82;2,11E-4
2,311;0,302;0,991;9,35E-5;93,49;5,46E-5;286,68;2,16E-6
2,312;0,303;0,992;9,35E-5;93,53;-1,27E-4;286,81;1,99E-4
2,313;0,304;0,993;9,36E-5;93,56;-2,49E-4;286,94;4,06E-4
2,314;0,302;0,991;9,35E-5;93,50;1,46E-5;286,67;-8,63E-6
2,315;0,303;0,991;9,35E-5;93,51;-2,00E-5;286,73;8,42E-5
2,316;0,302;0,990;9,35E-5;93,49;8,37E-5;286,64;-5,83E-5
2,317;0,302;0,991;9,35E-5;93,51;-1,27E-5;286,68;1,30E-5
2,318;0,303;0,991;9,35E-5;93,52;-5,10E-5;286,69;2,59E-5
2,319;0,303;0,992;9,35E-5;93,54;-1,44E-4;286,79;1,68E-4
2,320;0,302;0,991;9,35E-5;93,50;1,09E-5;286,73;8,63E-5
2,321;0,302;0,991;9,35E-5;93,50;9,10E-6;286,71;4,96E-5
2,322;0,303;0,992;9,35E-5;93,53;-1,18E-4;286,81;2,03E-4
2,323;0,304;0,992;9,36E-5;93,55;-2,07E-4;286,84;2,44E-4
2,324;0,303;0,991;9,35E-5;93,51;-2,37E-5;286,72;7,12E-5
2,325;0,302;0,990;9,35E-5;93,48;1,02E-4;286,66;-2,37E-5
2,326;0,303;0,991;9,35E-5;93,51;-3,64E-5;286,77;1,45E-4
2,327;0,303;0,992;9,35E-5;93,54;-1,51E-4;286,82;2,16E-4
2,328;0,303;0,991;9,35E-5;93,53;-9,83E-5;286,76;1,32E-4
2,329;0,303;0,992;9,35E-5;93,53;-9,64E-5;286,80;1,90E-4
2,330;0,303;0,991;9,35E-5;93,52;-5,64E-5;286,75;1,10E-4
2,331;0,303;0,992;9,35E-5;93,53;-1,09E-4;286,80;1,92E-4
2,332;0,303;0,991;9,35E-5;93,52;-5,10E-5;286,77;1,38E-4
2,333;0,303;0,992;9,35E-5;93,54;-1,36E-4;286,83;2,31E-4
2,334;0,302;0,990;9,35E-5;93,48;1,18E-4;286,66;-2,16E-5
2,335;0,303;0,992;9,35E-5;93,53;-1,22E-4;286,81;2,03E-4
2,336;0,303;0,991;9,35E-5;93,52;-6,01E-5;286,78;1,60E-4
2,337;0,304;0,992;9,36E-5;93,55;-2,17E-4;286,85;2,70E-4
2,338;0,303;0,992;9,35E-5;93,54;-1,36E-4;286,80;1,86E-4
2,339;0,304;0,992;9,35E-5;93,54;-1,76E-4;286,84;2,52E-4
2,340;0,304;0,992;9,36E-5;93,56;-2,35E-4;286,89;3,24E-4
2,341;0,303;0,992;9,35E-5;93,52;-7,64E-5;286,79;1,79E-4
2,342;0,302;0,991;9,35E-5;93,51;5,46E-6;286,69;2,37E-5
2,343;0,304;0,992;9,36E-5;93,56;-2,44E-4;286,88;3,13E-4
2,344;0,304;0,992;9,36E-5;93,56;-2,38E-4;286,88;3,11E-4
2,345;0,303;0,992;9,35E-5;93,54;-1,53E-4;286,86;2,85E-4
2,346;0,304;0,993;9,36E-5;93,56;-2,62E-4;286,92;3,73E-4
2,347;0,303;0,991;9,35E-5;93,52;-6,73E-5;286,78;1,51E-4
2,348;0,303;0,991;9,35E-5;93,53;-1,15E-4;286,78;1,51E-4
2,349;0,303;0,991;9,35E-5;93,52;-6,01E-5;286,76;1,32E-4
2,350;0,302;0,991;9,35E-5;93,51;-1,64E-5;286,75;1,10E-4
2,351;0,303;0,992;9,35E-5;93,52;-5,82E-5;286,79;1,73E-4
2,352;0,302;0,991;9,35E-5;93,50;3,46E-5;286,72;6,48E-5
2,353;0,303;0,992;9,35E-5;93,53;-1,26E-4;286,82;2,18E-4
2,354;0,303;0,991;9,35E-5;93,53;-9,46E-5;286,78;1,55E-4
2,355;0,303;0,991;9,35E-5;93,51;-3,28E-5;286,74;9,71E-5
2,356;0,303;0,992;9,35E-5;93,54;-1,40E-4;286,84;2,44E-4
2,357;0,304;0,993;9,36E-5;93,56;-2,42E-4;286,91;3,54E-4
2,358;0,302;0,990;9,35E-5;93,49;6,73E-5;286,66;-2,37E-5
2,359;0,303;0,991;9,35E-5;93,52;-8,37E-5;286,78;1,53E-4
2,360;0,303;0,992;9,35E-5;93,53;-1,09E-4;286,79;1,79E-4
2,361;0,302;0,991;9,35E-5;93,51;-1,82E-5;286,69;1,51E-5
2,362;0,304;0,992;9,35E-5;93,55;-1,89E-4;286,87;2,89E-4
2,363;0,304;0,992;9,35E-5;93,55;-1,91E-4;286,87;2,87E-4
2,364;0,303;0,991;9,35E-5;93,51;-2,73E-5;286,72;6,69E-5
2,365;0,303;0,992;9,35E-5;93,53;-1,16E-4;286,82;2,16E-4
2,366;0,303;0,992;9,35E-5;93,52;-8,19E-5;286,79;1,77E-4
2,367;0,303;0,992;9,35E-5;93,53;-1,27E-4;286,80;1,88E-4
2,368;0,303;0,991;9,35E-5;93,51;-3,82E-5;286,74;9,93E-5
2,369;0,303;0,991;9,35E-5;93,52;-4,19E-5;286,75;1,10E-4
2,370;0,302;0,991;9,35E-5;93,50;2,55E-5;286,69;2,37E-5
2,371;0,302;0,991;9,35E-5;93,50;2,55E-5;286,69;2,59E-5
2,372;0,302;0,991;9,35E-5;93,50;2,00E-5;286,72;6,04E-5
2,373;0,303;0,991;9,35E-5;93,52;-5,82E-5;286,75;1,19E-4
2,374;0,303;0,992;9,35E-5;93,53;-1,09E-4;286,79;1,68E-4
2,375;0,304;0,992;9,35E-5;93,55;-1,91E-4;286,86;2,78E-4
2,376;0,302;0,991;9,35E-5;93,51;-1,46E-5;286,70;3,67E-5
2,377;0,303;0,992;9,35E-5;93,52;-6,73E-5;286,78;1,64E-4
2,378;0,303;0,992;9,35E-5;93,54;-1,38E-4;286,83;2,37E-4
2,379;0,303;0,992;9,35E-5;93,53;-1,15E-4;286,81;1,99E-4
2,380;0,303;0,991;9,35E-5;93,52;-6,73E-5;286,75;1,19E-4
2,381;0,302;0,991;9,35E-5;93,50;1,09E-5;286,68;1,08E-5
2,382;0,303;0,991;9,35E-5;93,52;-6,19E-5;286,77;1,36E-4
2,383;0,302;0,991;9,35E-5;93,49;9,28E-5;286,67;-4,32E-6
2,384;0,304;0,992;9,35E-5;93,54;-1,71E-4;286,83;2,35E-4
2,385;0,304;0,992;9,35E-5;93,54;-1,75E-4;286,86;2,76E-4
2,386;0,304;0,992;9,36E-5;93,55;-2,06E-4;286,87;2,87E-4
2,387;0,303;0,991;9,35E-5;93,53;-9,28E-5;286,77;1,36E-4
2,388;0,302;0,991;9,35E-5;93,50;4,55E-5;286,71;5,83E-5
2,389;0,303;0,991;9,35E-5;93,52;-5,10E-5;286,73;8,85E-5
2,390;0,302;0,991;9,35E-5;93,51;-1,09E-5;286,72;6,26E-5
2,391;0,304;0,992;9,35E-5;93,55;-1,84E-4;286,85;2,65E-4
2,392;0,302;0,990;9,35E-5;93,49;5,64E-5;286,66;-1,73E-5
2,393;0,303;0,992;9,35E-5;93,54;-1,55E-4;286,85;2,61E-4
2,394;0,304;0,992;9,35E-5;93,54;-1,71E-4;286,83;2,40E-4
2,395;0,303;0,991;9,35E-5;93,53;-1,20E-4;286,78;1,60E-4
2,396;0,302;0,991;9,35E-5;93,51;5,46E-6;286,69;1,73E-5
2,397;0,303;0,991;9,35E-5;93,52;-7,28E-5;286,77;1,45E-4
2,398;0,302;0,991;9,35E-5;93,51;-1,09E-5;286,69;1,73E-5
2,399;0,302;0,991;9,35E-5;93,50;1,64E-5;286,70;3,02E-5
2,400;0,304;0,992;9,35E-5;93,55;-1,84E-4;286,87;2,87E-4
2,401;0,303;0,992;9,35E-5;93,52;-8,37E-5;286,79;1,68E-4
2,402;0,303;0,992;9,35E-5;93,54;-1,64E-4;286,82;2,16E-4
2,403;0,303;0,992;9,35E-5;93,52;-6,73E-5;286,79;1,68E-4
2,404;0,303;0,991;9,35E-5;93,52;-8,37E-5;286,78;1,58E-4
2,405;0,303;0,991;9,35E-5;93,51;-3,28E-5;286,71;5,61E-5
2,406;0,304;0,992;9,35E-5;93,54;-1,67E-4;286,83;2,35E-4
2,407;0,303;0,992;9,35E-5;93,54;-1,51E-4;286,80;1,81E-4
2,408;0,304;0,993;9,36E-5;93,57;-2,80E-4;286,93;3,86E-4
2,409;0,304;0,992;9,36E-5;93,55;-2,26E-4;286,85;2,57E-4
2,410;0,302;0,990;9,35E-5;93,49;8,74E-5;286,60;-1,17E-4
2,411;0,303;0,991;9,35E-5;93,52;-4,55E-5;286,71;5,83E-5
2,412;0,303;0,991;9,35E-5;93,53;-9,64E-5;286,78;1,51E-4
2,413;0,303;0,992;9,35E-5;93,54;-1,38E-4;286,85;2,70E-4
2,414;0,302;0,991;9,35E-5;93,51;-1,82E-6;286,73;8,42E-5
2,415;0,303;0,991;9,35E-5;93,51;-2,18E-5;286,72;7,12E-5
2,416;0,304;0,992;9,36E-5;93,55;-2,04E-4;286,86;2,81E-4
2,417;0,303;0,992;9,35E-5;93,54;-1,44E-4;286,79;1,77E-4
2,418;0,303;0,991;9,35E-5;93,52;-7,28E-5;286,75;1,06E-4
2,419;0,305;0,993;9,36E-5;93,59;-4,00E-4;287,00;4,94E-4
2,420;0,304;0,992;9,36E-5;93,56;-2,44E-4;286,88;3,11E-4
2,421;0,303;0,991;9,35E-5;93,52;-4,73E-5;286,71;4,75E-5
2,422;0,302;0,991;9,35E-5;93,50;3,09E-5;286,68;8,63E-6
2,423;0,304;0,992;9,35E-5;93,55;-1,91E-4;286,87;2,89E-4
2,424;0,303;0,992;9,35E-5;93,54;-1,46E-4;286,80;1,81E-4
2,425;0,304;0,993;9,36E-5;93,57;-2,93E-4;286,92;3,75E-4
2,426;0,302;0,991;9,35E-5;93,50;3,28E-5;286,68;1,08E-5
2,427;0,302;0,991;9,35E-5;93,49;7,64E-5;286,68;1,30E-5
2,428;0,302;0,991;9,35E-5;93,50;4,00E-5;286,68;4,32E-6
2,429;0,303;0,992;9,35E-5;93,54;-1,53E-4;286,85;2,59E-4
2,430;0,302;0,991;9,35E-5;93,51;-5,46E-6;286,71;5,18E-5
2,431;0,303;0,992;9,35E-5;93,53;-1,20E-4;286,82;2,24E-4
2,432;0,304;0,992;9,36E-5;93,56;-2,38E-4;286,89;3,19E-4
2,433;0,303;0,991;9,35E-5;93,51;-2,55E-5;286,74;9,28E-5
2,434;0,302;0,990;9,35E-5;93,49;9,46E-5;286,64;-4,97E-5
2,435;0,302;0,990;9,35E-5;93,49;6,55E-5;286,63;-6,48E-5
2,436;0,303;0,991;9,35E-5;93,53;-9,46E-5;286,77;1,45E-4
2,437;0,302;0,991;9,35E-5;93,50;4,73E-5;286,70;4,32E-5
2,438;0,302;0,990;9,35E-5;93,49;9,10E-5;286,63;-6,91E-5
2,439;0,303;0,992;9,35E-5;93,52;-7,28E-5;286,79;1,70E-4
2,440;0,303;0,992;9,35E-5;93,53;-1,29E-4;286,80;1,90E-4
2,441;0,302;0,991;9,35E-5;93,51;-9,10E-6;286,69;2,37E-5
2,442;0,303;0,991;9,35E-5;93,52;-5,82E-5;286,75;1,17E-4
2,443;0,302;0,991;9,35E-5;93,51;-9,10E-6;286,73;7,77E-5
2,444;0,303;0,991;9,35E-5;93,52;-7,83E-5;286,75;1,19E-4
2,445;0,303;0,991;9,35E-5;93,52;-6,55E-5;286,78;1,51E-4
2,446;0,304;0,992;9,35E-5;93,55;-2,00E-4;286,85;2,65E-4
2,447;0,304;0,992;9,36E-5;93,56;-2,35E-4;286,88;3,09E-4
2,448;0,304;0,992;9,36E-5;93,55;-2,13E-4;286,83;2,31E-4
2,449;0,302;0,991;9,35E-5;93,51;-1,82E-6;286,69;2,59E-5
2,450;0,303;0,992;9,35E-5;93,53;-1,15E-4;286,82;2,16E-4
2,451;0,303;0,992;9,35E-5;93,54;-1,40E-4;286,86;2,72E-4
2,452;0,302;0,991;9,35E-5;93,50;4,37E-5;286,67;-1,08E-5
2,453;0,302;0,991;9,35E-5;93,51;-1,46E-5;286,70;4,32E-5
2,454;0,301;0,990;9,35E-5;93,48;1,31E-4;286,62;-8,64E-5
2,455;0,301;0,990;9,35E-5;93,47;1,49E-4;286,60;-1,21E-4
2,456;0,302;0,991;9,35E-5;93,51;-1,46E-5;286,72;6,48E-5
2,457;0,303;0,992;9,35E-5;93,54;-1,36E-4;286,84;2,55E-4
2,458;0,303;0,992;9,35E-5;93,54;-1,62E-4;286,84;2,42E-4
2,459;0,303;0,992;9,35E-5;93,53;-1,24E-4;286,79;1,68E-4
2,460;0,304;0,992;9,36E-5;93,56;-2,38E-4;286,90;3,37E-4
2,461;0,303;0,991;9,35E-5;93,52;-8,55E-5;286,77;1,47E-4
2,462;0,302;0,991;9,35E-5;93,51;-1,82E-5;286,71;4,96E-5
2,463;0,302;0,991;9,35E-5;93,50;3,46E-5;286,68;0,00
2,464;0,303;0,991;9,35E-5;93,52;-5,64E-5;286,78;1,53E-4
2,465;0,302;0,991;9,35E-5;93,51;3,64E-6;286,68;1,30E-5
2,466;0,303;0,991;9,35E-5;93,53;-1,16E-4;286,78;1,51E-4
2,467;0,302;0,990;9,35E-5;93,49;7,83E-5;286,66;-3,24E-5
2,468;0,302;0,991;9,35E-5;93,51;-5,46E-6;286,74;9,07E-5
2,469;0,302;0,991;9,35E-5;93,51;-3,64E-6;286,70;4,10E-5
2,470;0,302;0,991;9,35E-5;93,51;-1,09E-5;286,72;7,12E-5
2,471;0,303;0,991;9,35E-5;93,51;-2,73E-5;286,72;6,26E-5
2,472;0,303;0,991;9,35E-5;93,52;-6,92E-5;286,77;1,40E-4
2,473;0,304;0,993;9,36E-5;93,57;-3,00E-4;286,96;4,36E-4
2,474;0,305;0,993;9,36E-5;93,57;-3,17E-4;286,97;4,40E-4
2,475;0,305;0,994;9,36E-5;93,58;-3,62E-4;287,03;5,33E-4
2,476;0,303;0,991;9,35E-5;93,51;-2,73E-5;286,74;9,28E-5
2,477;0,303;0,992;9,35E-5;93,54;-1,44E-4;286,83;2,40E-4
2,478;0,304;0,992;9,36E-5;93,55;-2,11E-4;286,88;3,15E-4
2,479;0,303;0,992;9,35E-5;93,52;-7,10E-5;286,79;1,79E-4
2,480;0,303;0,992;9,35E-5;93,54;-1,53E-4;286,81;2,05E-4
2,481;0,302;0,990;9,35E-5;93,49;6,19E-5;286,66;-1,94E-5
2,482;0,302;0,991;9,35E-5;93,50;1,46E-5;286,70;3,24E-5
2,483;0,303;0,991;9,35E-5;93,52;-4,55E-5;286,78;1,51E-4
2,484;0,303;0,992;9,35E-5;93,53;-9,28E-5;286,81;1,99E-4
2,485;0,302;0,991;9,35E-5;93,49;7,28E-5;286,68;0,00
2,486;0,301;0,990;9,35E-5;93,48;1,40E-4;286,62;-9,07E-5
2,487;0,302;0,991;9,35E-5;93,51;-1,09E-5;286,72;6,69E-5
2,488;0,303;0,992;9,35E-5;93,51;-3,64E-5;286,79;1,70E-4
2,489;0,303;0,991;9,35E-5;93,51;-2,91E-5;286,75;1,08E-4
2,490;0,302;0,991;9,35E-5;93,51;0,00;286,73;7,99E-5
2,491;0,303;0,992;9,35E-5;93,53;-1,33E-4;286,80;1,94E-4
2,492;0,304;0,993;9,36E-5;93,57;-2,73E-4;286,92;3,71E-4
2,493;0,304;0,993;9,35E-5;93,55;-2,00E-4;286,91;3,54E-4
2,494;0,303;0,992;9,35E-5;93,54;-1,58E-4;286,87;2,93E-4
2,495;0,303;0,991;9,35E-5;93,52;-4,37E-5;286,77;1,42E-4
2,496;0,304;0,992;9,35E-5;93,55;-1,87E-4;286,87;2,91E-4
2,497;0,304;0,992;9,35E-5;93,55;-1,87E-4;286,86;2,85E-4
2,498;0,302;0,991;9,35E-5;93,50;4,55E-5;286,71;4,53E-5
2,499;0,302;0,991;9,35E-5;93,50;2,55E-5;286,71;4,53E-5
2,500;0,303;0,992;9,35E-5;93,53;-1,31E-4;286,82;2,24E-4
2,501;0,304;0,992;9,35E-5;93,54;-1,73E-4;286,85;2,65E-4
2,502;0,303;0,991;9,35E-5;93,51;-4,00E-5;286,75;1,19E-4
2,503;0,303;0,991;9,35E-5;93,52;-8,55E-5;286,78;1,55E-4
2,504;0,304;0,992;9,35E-5;93,55;-1,86E-4;286,83;2,29E-4
2,505;0,303;0,991;9,35E-5;93,52;-6,19E-5;286,78;1,60E-4
2,506;0,303;0,991;9,35E-5;93,52;-5,64E-5;286,76;1,32E-4
2,507;0,303;0,991;9,35E-5;93,52;-4,19E-5;286,72;6,04E-5
2,508;0,303;0,991;9,35E-5;93,52;-8,55E-5;286,78;1,55E-4
2,509;0,303;0,992;9,35E-5;93,54;-1,56E-4;286,82;2,16E-4
2,510;0,303;0,992;9,35E-5;93,52;-6,37E-5;286,80;1,94E-4
2,511;0,304;0,992;9,36E-5;93,55;-2,06E-4;286,87;2,87E-4
2,512;0,303;0,991;9,35E-5;93,51;-3,28E-5;286,73;7,55E-5
2,513;0,303;0,992;9,35E-5;93,53;-1,18E-4;286,80;1,81E-4
2,514;0,304;0,992;9,36E-5;93,56;-2,42E-4;286,89;3,17E-4
2,515;0,303;0,992;9,35E-5;93,54;-1,38E-4;286,80;1,83E-4
2,516;0,302;0,990;9,35E-5;93,50;4,91E-5;286,64;-5,61E-5
2,517;0,302;0,991;9,35E-5;93,51;-1,27E-5;286,69;2,81E-5
2,518;0,304;0,992;9,35E-5;93,55;-1,95E-4;286,85;2,70E-4
2,519;0,304;0,992;9,35E-5;93,54;-1,76E-4;286,86;2,76E-4
2,520;0,302;0,991;9,35E-5;93,50;7,28E-6;286,71;5,40E-5
2,521;0,303;0,991;9,35E-5;93,51;-2,00E-5;286,76;1,23E-4
2,522;0,303;0,991;9,35E-5;93,52;-6,37E-5;286,72;7,12E-5
2,523;0,303;0,992;9,35E-5;93,54;-1,58E-4;286,84;2,44E-4
2,524;0,302;0,990;9,35E-5;93,49;8,19E-5;286,61;-9,50E-5
2,525;0,303;0,991;9,35E-5;93,52;-4,37E-5;286,78;1,55E-4
2,526;0,303;0,991;9,35E-5;93,52;-4,91E-5;286,72;7,34E-5
2,527;0,302;0,991;9,35E-5;93,50;7,28E-6;286,74;9,28E-5
2,528;0,303;0,992;9,35E-5;93,53;-1,15E-4;286,81;1,96E-4
2,529;0,303;0,992;9,35E-5;93,52;-8,01E-5;286,79;1,68E-4
2,530;0,303;0,992;9,35E-5;93,54;-1,42E-4;286,80;1,81E-4
2,531;0,303;0,992;9,35E-5;93,54;-1,60E-4;286,84;2,46E-4
2,532;0,304;0,992;9,36E-5;93,55;-2,17E-4;286,87;2,87E-4
2,533;0,304;0,993;9,36E-5;93,56;-2,42E-4;286,91;3,54E-4
2,534;0,303;0,991;9,35E-5;93,52;-6,92E-5;286,78;1,58E-4
2,535;0,303;0,992;9,35E-5;93,52;-8,19E-5;286,82;2,24E-4
2,536;0,305;0,993;9,36E-5;93,57;-3,18E-4;286,96;4,27E-4
2,537;0,303;0,991;9,35E-5;93,52;-7,64E-5;286,77;1,40E-4
2,538;0,302;0,991;9,35E-5;93,50;2,18E-5;286,73;7,55E-5
2,539;0,304;0,992;9,36E-5;93,56;-2,29E-4;286,87;2,98E-4
2,540;0,303;0,991;9,35E-5;93,53;-1,02E-4;286,78;1,51E-4
2,541;0,302;0,991;9,35E-5;93,51;-9,10E-6;286,71;4,96E-5
2,542;0,303;0,991;9,35E-5;93,52;-4,91E-5;286,73;7,99E-5
2,543;0,302;0,991;9,35E-5;93,50;4,19E-5;286,70;4,10E-5
2,544;0,304;0,993;9,36E-5;93,56;-2,40E-4;286,93;3,78E-4
2,545;0,304;0,993;9,36E-5;93,56;-2,62E-4;286,92;3,69E-4
2,546;0,304;0,992;9,35E-5;93,55;-1,86E-4;286,85;2,68E-4
2,547;0,304;0,992;9,36E-5;93,55;-2,11E-4;286,86;2,81E-4
2,548;0,303;0,991;9,35E-5;93,51;-4,00E-5;286,73;8,85E-5
2,549;0,302;0,990;9,35E-5;93,49;8,01E-5;286,65;-4,75E-5
2,550;0,301;0,990;9,35E-5;93,46;2,13E-4;286,56;-1,77E-4
2,551;0,301;0,990;9,35E-5;93,46;1,93E-4;286,57;-1,64E-4
2,552;0,301;0,990;9,35E-5;93,48;1,42E-4;286,64;-5,40E-5
2,553;0,302;0,991;9,35E-5;93,51;-1,09E-5;286,75;1,17E-4
2,554;0,303;0,991;9,35E-5;93,52;-5,28E-5;286,75;1,17E-4
2,555;0,303;0,991;9,35E-5;93,52;-4,37E-5;286,75;1,17E-4
2,556;0,303;0,992;9,35E-5;93,54;-1,42E-4;286,81;1,99E-4
2,557;0,301;0,990;9,35E-5;93,47;1,60E-4;286,59;-1,34E-4
2,558;0,302;0,990;9,35E-5;93,50;4,19E-5;286,64;-5,61E-5
2,559;0,303;0,991;9,35E-5;93,51;-2,55E-5;286,75;1,12E-4
2,560;0,303;0,991;9,35E-5;93,52;-6,19E-5;286,78;1,55E-4
2,561;0,305;0,993;9,36E-5;93,58;-3,22E-4;286,96;4,32E-4
2,562;0,302;0,990;9,35E-5;93,48;1,02E-4;286,66;-2,37E-5
2,563;0,303;0,991;9,35E-5;93,52;-7,10E-5;286,77;1,38E-4
2,564;0,302;0,991;9,35E-5;93,50;2,55E-5;286,75;1,14E-4
2,565;0,302;0,990;9,35E-5;93,49;7,83E-5;286,63;-6,91E-5
2,566;0,302;0,991;9,35E-5;93,50;2,91E-5;286,69;1,94E-5
2,567;0,303;0,992;9,35E-5;93,54;-1,64E-4;286,82;2,11E-4
2,568;0,303;0,992;9,35E-5;93,54;-1,55E-4;286,85;2,59E-4
2,569;0,304;0,993;9,36E-5;93,57;-2,89E-4;286,94;3,99E-4
2,570;0,303;0,992;9,35E-5;93,54;-1,62E-4;286,86;2,72E-4
2,571;0,303;0,992;9,35E-5;93,52;-5,28E-5;286,80;1,94E-4
2,572;0,303;0,991;9,35E-5;93,52;-6,55E-5;286,77;1,40E-4
2,573;0,303;0,992;9,35E-5;93,53;-1,22E-4;286,81;2,03E-4
2,574;0,304;0,992;9,35E-5;93,55;-1,84E-4;286,86;2,81E-4
2,575;0,302;0,991;9,35E-5;93,51;-3,64E-6;286,76;1,34E-4
2,576;0,302;0,991;9,35E-5;93,50;1,09E-5;286,70;3,89E-5
2,577;0,302;0,991;9,35E-5;93,49;5,64E-5;286,71;5,61E-5
2,578;0,303;0,992;9,35E-5;93,53;-9,46E-5;286,80;1,90E-4
2,579;0,303;0,992;9,35E-5;93,53;-1,27E-4;286,81;2,05E-4
2,580;0,303;0,992;9,35E-5;93,53;-1,00E-4;286,79;1,79E-4
2,581;0,303;0,991;9,35E-5;93,53;-1,11E-4;286,78;1,51E-4
2,582;0,303;0,992;9,35E-5;93,54;-1,49E-4;286,84;2,44E-4
2,583;0,304;0,993;9,36E-5;93,56;-2,58E-4;286,91;3,52E-4
2,584;0,304;0,993;9,36E-5;93,56;-2,71E-4;286,95;4,14E-4
2,585;0,304;0,992;9,35E-5;93,54;-1,76E-4;286,84;2,44E-4
2,586;0,303;0,992;9,35E-5;93,53;-1,20E-4;286,83;2,37E-4
2,587;0,303;0,992;9,35E-5;93,54;-1,51E-4;286,85;2,61E-4
2,588;0,303;0,991;9,35E-5;93,51;-3,64E-5;286,71;5,61E-5
2,589;0,303;0,992;9,35E-5;93,53;-1,02E-4;286,79;1,68E-4
2,590;0,303;0,991;9,35E-5;93,51;-3,09E-5;286,74;9,07E-5
2,591;0,302;0,991;9,35E-5;93,50;4,19E-5;286,70;4,10E-5
2,592;0,303;0,991;9,35E-5;93,53;-8,73E-5;286,77;1,40E-4
2,593;0,302;0,991;9,35E-5;93,50;2,37E-5;286,72;6,91E-5
2,594;0,302;0,991;9,35E-5;93,50;1,09E-5;286,67;-4,32E-6
2,595;0,303;0,991;9,35E-5;93,53;-9,10E-5;286,78;1,55E-4
2,596;0,303;0,991;9,35E-5;93,52;-4,19E-5;286,75;1,08E-4
2,597;0,301;0,989;9,34E-5;93,45;2,66E-4;286,54;-2,12E-4
2,598;0,303;0,991;9,35E-5;93,51;-3,09E-5;286,75;1,17E-4
2,599;0,303;0,992;9,35E-5;93,52;-6,01E-5;286,79;1,73E-4
2,600;0,302;0,991;9,35E-5;93,50;3,09E-5;286,71;5,83E-5
2,601;0,303;0,991;9,35E-5;93,51;-2,00E-5;286,70;3,45E-5
2,602;0,303;0,991;9,35E-5;93,53;-9,10E-5;286,78;1,55E-4
2,603;0,303;0,991;9,35E-5;93,52;-4,19E-5;286,75;1,12E-4
2,604;0,303;0,992;9,35E-5;93,53;-1,27E-4;286,80;1,90E-4
2,605;0,302;0,991;9,35E-5;93,51;-1,27E-5;286,72;6,48E-5
2,606;0,302;0,991;9,35E-5;93,50;2,37E-5;286,67;-4,32E-6
2,607;0,302;0,991;9,35E-5;93,50;1,27E-5;286,72;7,12E-5
2,608;0,302;0,990;9,35E-5;93,50;3,64E-5;286,66;-2,16E-5
2,609;0,303;0,991;9,35E-5;93,52;-8,37E-5;286,78;1,58E-4
2,610;0,302;0,991;9,35E-5;93,50;3,09E-5;286,71;5,40E-5
2,611;0,302;0,990;9,35E-5;93,48;1,24E-4;286,61;-1,01E-4
2,612;0,302;0,990;9,35E-5;93,49;6,37E-5;286,66;-1,73E-5
2,613;0,302;0,991;9,35E-5;93,51;-7,28E-6;286,72;7,34E-5
2,614;0,302;0,991;9,35E-5;93,51;-1,09E-5;286,74;9,93E-5
2,615;0,303;0,992;9,35E-5;93,53;-1,22E-4;286,80;1,81E-4
2,616;0,303;0,991;9,35E-5;93,52;-5,10E-5;286,73;8,63E-5
2,617;0,303;0,991;9,35E-5;93,51;-2,37E-5;286,74;9,07E-5
2,618;0,302;0,991;9,35E-5;93,51;-1,27E-5;286,74;9,07E-5
2,619;0,303;0,992;9,35E-5;93,52;-7,10E-5;286,79;1,70E-4
2,620;0,303;0,991;9,35E-5;93,52;-4,19E-5;286,74;9,50E-5
2,621;0,303;0,991;9,35E-5;93,51;-3,28E-5;286,76;1,21E-4
2,622;0,303;0,992;9,35E-5;93,51;-3,28E-5;286,79;1,75E-4
2,623;0,302;0,991;9,35E-5;93,50;9,10E-6;286,71;4,53E-5
2,624;0,302;0,990;9,35E-5;93,49;8,19E-5;286,66;-2,37E-5
2,625;0,303;0,991;9,35E-5;93,52;-5,64E-5;286,72;6,69E-5
2,626;0,303;0,992;9,35E-5;93,53;-1,33E-4;286,81;2,07E-4
2,627;0,302;0,990;9,35E-5;93,49;9,10E-5;286,65;-3,45E-5
2,628;0,301;0,990;9,35E-5;93,48;1,42E-4;286,63;-7,12E-5
2,629;0,303;0,992;9,35E-5;93,54;-1,42E-4;286,84;2,44E-4
2,630;0,304;0,992;9,35E-5;93,55;-1,84E-4;286,90;3,37E-4
2,631;0,304;0,992;9,36E-5;93,56;-2,49E-4;286,88;3,02E-4
2,632;0,304;0,992;9,35E-5;93,55;-1,93E-4;286,87;2,89E-4
2,633;0,303;0,991;9,35E-5;93,51;-4,00E-5;286,78;1,62E-4
2,634;0,303;0,992;9,35E-5;93,51;-2,37E-5;286,79;1,73E-4
2,635;0,302;0,991;9,35E-5;93,51;-1,64E-5;286,74;9,71E-5
2,636;0,304;0,993;9,36E-5;93,55;-2,15E-4;286,90;3,41E-4
2,637;0,303;0,991;9,35E-5;93,51;-3,09E-5;286,73;8,20E-5
2,638;0,302;0,991;9,35E-5;93,49;5,46E-5;286,70;4,32E-5
2,639;0,303;0,992;9,35E-5;93,53;-1,00E-4;286,82;2,18E-4
2,640;0,302;0,991;9,35E-5;93,50;2,18E-5;286,70;3,02E-5
2,641;0,303;0,992;9,35E-5;93,53;-1,22E-4;286,83;2,33E-4
2,642;0,302;0,991;9,35E-5;93,51;1,82E-6;286,71;5,61E-5
2,643;0,302;0,991;9,35E-5;93,50;4,37E-5;286,68;4,32E-6
2,644;0,303;0,992;9,35E-5;93,54;-1,40E-4;286,87;2,87E-4
2,645;0,304;0,993;9,36E-5;93,55;-2,24E-4;286,93;3,84E-4
2,646;0,302;0,991;9,35E-5;93,51;-5,46E-6;286,72;6,26E-5
2,647;0,304;0,992;9,35E-5;93,55;-1,82E-4;286,88;3,04E-4
2,648;0,304;0,992;9,36E-5;93,55;-2,22E-4;286,85;2,65E-4
2,649;0,303;0,992;9,35E-5;93,52;-6,73E-5;286,79;1,70E-4
2,650;0,303;0,992;9,35E-5;93,54;-1,46E-4;286,83;2,37E-4
2,651;0,304;0,992;9,36E-5;93,55;-2,09E-4;286,87;2,98E-4
2,652;0,304;0,992;9,35E-5;93,55;-2,00E-4;286,84;2,55E-4
2,653;0,303;0,991;9,35E-5;93,53;-9,46E-5;286,77;1,40E-4
2,654;0,304;0,992;9,36E-5;93,56;-2,42E-4;286,89;3,30E-4
2,655;0,303;0,991;9,35E-5;93,52;-4,91E-5;286,73;7,99E-5
2,656;0,303;0,991;9,35E-5;93,52;-8,37E-5;286,77;1,42E-4
2,657;0,304;0,993;9,36E-5;93,57;-3,00E-4;286,92;3,69E-4
2,658;0,303;0,992;9,35E-5;93,54;-1,51E-4;286,87;2,93E-4
2,659;0,303;0,991;9,35E-5;93,52;-5,82E-5;286,76;1,32E-4
2,660;0,303;0,992;9,35E-5;93,52;-7,64E-5;286,80;1,94E-4
2,661;0,303;0,991;9,35E-5;93,52;-7,46E-5;286,78;1,62E-4
2,662;0,303;0,991;9,35E-5;93,51;-2,73E-5;286,69;2,81E-5
2,663;0,302;0,991;9,35E-5;93,51;-7,28E-6;286,71;5,40E-5
2,664;0,302;0,991;9,35E-5;93,51;5,46E-6;286,70;4,32E-5
2,665;0,304;0,992;9,35E-5;93,54;-1,69E-4;286,87;2,93E-4
2,666;0,303;0,992;9,35E-5;93,53;-1,02E-4;286,79;1,75E-4
2,667;0,305;0,993;9,36E-5;93,57;-3,18E-4;287,01;5,03E-4
2,668;0,304;0,992;9,36E-5;93,55;-2,06E-4;286,85;2,70E-4
2,669;0,303;0,991;9,35E-5;93,53;-9,28E-5;286,77;1,40E-4
2,670;0,303;0,991;9,35E-5;93,52;-8,01E-5;286,77;1,38E-4
2,671;0,304;0,992;9,35E-5;93,55;-1,95E-4;286,90;3,34E-4
2,672;0,304;0,992;9,36E-5;93,55;-2,15E-4;286,87;2,93E-4
2,673;0,304;0,993;9,36E-5;93,56;-2,69E-4;286,95;4,16E-4
2,674;0,305;0,993;9,36E-5;93,58;-3,60E-4;286,96;4,34E-4
2,675;0,303;0,991;9,35E-5;93,52;-7,64E-5;286,77;1,36E-4
2,676;0,303;0,992;9,35E-5;93,54;-1,55E-4;286,87;2,98E-4
2,677;0,303;0,992;9,35E-5;93,53;-1,15E-4;286,79;1,73E-4
2,678;0,302;0,990;9,35E-5;93,48;1,16E-4;286,65;-4,75E-5
2,679;0,304;0,992;9,35E-5;93,54;-1,71E-4;286,84;2,48E-4
2,680;0,304;0,993;9,36E-5;93,55;-2,20E-4;286,91;3,47E-4
2,681;0,303;0,991;9,35E-5;93,51;-3,46E-5;286,71;5,61E-5
2,682;0,303;0,992;9,35E-5;93,53;-9,46E-5;286,81;2,07E-4
2,683;0,303;0,992;9,35E-5;93,53;-1,09E-4;286,81;1,96E-4
2,684;0,304;0,992;9,36E-5;93,55;-2,22E-4;286,87;2,96E-4
2,685;0,303;0,992;9,35E-5;93,53;-1,02E-4;286,81;1,96E-4
2,686;0,304;0,992;9,35E-5;93,54;-1,78E-4;286,87;2,93E-4
2,687;0,303;0,991;9,35E-5;93,51;-3,82E-5;286,76;1,23E-4
2,688;0,302;0,991;9,35E-5;93,51;-5,46E-6;286,68;1,08E-5
2,689;0,301;0,990;9,35E-5;93,48;1,42E-4;286,59;-1,25E-4
2,690;0,302;0,990;9,35E-5;93,48;1,24E-4;286,66;-2,81E-5
2,691;0,302;0,991;9,35E-5;93,50;3,82E-5;286,68;4,32E-6
2,692;0,303;0,991;9,35E-5;93,52;-7,28E-5;286,73;8,85E-5
2,693;0,304;0,992;9,35E-5;93,55;-2,00E-4;286,86;2,74E-4
2,694;0,303;0,991;9,35E-5;93,53;-1,16E-4;286,77;1,45E-4
2,695;0,302;0,990;9,35E-5;93,50;3,09E-5;286,67;-1,51E-5
2,696;0,303;0,992;9,35E-5;93,53;-9,46E-5;286,81;2,03E-4
2,697;0,302;0,990;9,35E-5;93,49;6,19E-5;286,66;-3,02E-5
2,698;0,302;0,991;9,35E-5;93,50;2,37E-5;286,69;1,94E-5
2,699;0,303;0,992;9,35E-5;93,53;-1,33E-4;286,84;2,48E-4
2,700;0,303;0,991;9,35E-5;93,53;-1,02E-4;286,77;1,47E-4
2,701;0,303;0,991;9,35E-5;93,52;-5,82E-5;286,70;3,89E-5
2,702;0,302;0,991;9,35E-5;93,51;-1,27E-5;286,70;3,45E-5
2,703;0,303;0,992;9,35E-5;93,53;-1,18E-4;286,78;1,64E-4
2,704;0,304;0,992;9,36E-5;93,56;-2,60E-4;286,89;3,28E-4
2,705;0,304;0,992;9,36E-5;93,55;-2,22E-4;286,87;2,93E-4
2,706;0,304;0,992;9,36E-5;93,55;-2,04E-4;286,85;2,57E-4
2,707;0,303;0,992;9,35E-5;93,54;-1,55E-4;286,82;2,16E-4
2,708;0,302;0,990;9,35E-5;93,49;8,19E-5;286,63;-6,48E-5
2,709;0,303;0,992;9,35E-5;93,53;-8,73E-5;286,80;1,90E-4
2,710;0,304;0,992;9,36E-5;93,55;-2,18E-4;286,84;2,52E-4
2,711;0,302;0,991;9,35E-5;93,51;3,64E-6;286,69;2,59E-5
2,712;0,302;0,991;9,35E-5;93,50;1,64E-5;286,73;7,77E-5
2,713;0,303;0,991;9,35E-5;93,51;-2,18E-5;286,72;6,48E-5
2,714;0,302;0,990;9,35E-5;93,49;9,83E-5;286,64;-6,26E-5
2,715;0,303;0,991;9,35E-5;93,51;-3,64E-5;286,73;8,85E-5
2,716;0,303;0,992;9,35E-5;93,53;-1,09E-4;286,79;1,79E-4
2,717;0,302;0,990;9,35E-5;93,48;1,02E-4;286,64;-5,40E-5
2,718;0,302;0,990;9,35E-5;93,49;5,28E-5;286,65;-3,45E-5
2,719;0,302;0,990;9,35E-5;93,49;9,65E-5;286,65;-4,75E-5
2,720;0,304;0,992;9,36E-5;93,56;-2,58E-4;286,88;3,09E-4
2,721;0,302;0,991;9,35E-5;93,50;1,09E-5;286,70;3,45E-5
2,722;0,302;0,990;9,35E-5;93,49;9,65E-5;286,64;-5,18E-5
2,723;0,304;0,992;9,35E-5;93,54;-1,78E-4;286,83;2,40E-4
2,724;0,302;0,991;9,35E-5;93,51;-1,82E-6;286,73;7,77E-5
2,725;0,302;0,991;9,35E-5;93,51;3,64E-6;286,72;6,69E-5
2,726;0,302;0,991;9,35E-5;93,51;5,46E-6;286,68;2,16E-6
2,727;0,303;0,992;9,35E-5;93,53;-1,15E-4;286,80;1,92E-4
2,728;0,304;0,993;9,35E-5;93,55;-2,00E-4;286,92;3,62E-4
2,729;0,302;0,991;9,35E-5;93,49;6,55E-5;286,68;2,16E-6
2,730;0,303;0,991;9,35E-5;93,51;-3,82E-5;286,72;6,91E-5
2,731;0,304;0,992;9,35E-5;93,54;-1,67E-4;286,84;2,48E-4
2,732;0,303;0,991;9,35E-5;93,51;-3,28E-5;286,75;1,10E-4
2,733;0,302;0,991;9,35E-5;93,50;3,28E-5;286,68;2,16E-6
2,734;0,303;0,992;9,35E-5;93,54;-1,35E-4;286,80;1,88E-4
2,735;0,302;0,991;9,35E-5;93,51;0,00;286,69;1,51E-5
2,736;0,302;0,991;9,35E-5;93,51;-3,64E-6;286,68;1,30E-5
2,737;0,302;0,991;9,35E-5;93,50;7,28E-6;286,71;5,83E-5
2,738;0,303;0,991;9,35E-5;93,51;-2,00E-5;286,73;8,85E-5
2,739;0,303;0,992;9,35E-5;93,54;-1,49E-4;286,81;2,07E-4
2,740;0,304;0,992;9,35E-5;93,54;-1,78E-4;286,84;2,46E-4
2,741;0,302;0,990;9,35E-5;93,50;4,91E-5;286,66;-2,16E-5
2,742;0,302;0,990;9,35E-5;93,49;5,82E-5;286,65;-4,75E-5
2,743;0,303;0,991;9,35E-5;93,51;-3,82E-5;286,73;8,63E-5
2,744;0,302;0,991;9,35E-5;93,51;-1,64E-5;286,75;1,17E-4
2,745;0,302;0,991;9,35E-5;93,51;-1,46E-5;286,74;9,71E-5
2,746;0,303;0,991;9,35E-5;93,52;-4,19E-5;286,70;3,89E-5
2,747;0,302;0,991;9,35E-5;93,50;1,09E-5;286,69;2,81E-5
2,748;0,304;0,992;9,36E-5;93,55;-2,20E-4;286,90;3,39E-4
2,749;0,304;0,992;9,36E-5;93,56;-2,44E-4;286,89;3,30E-4
2,750;0,305;0,993;9,36E-5;93,58;-3,53E-4;286,96;4,32E-4
2,751;0,303;0,992;9,35E-5;93,54;-1,40E-4;286,81;2,07E-4
2,752;0,303;0,992;9,35E-5;93,54;-1,56E-4;286,81;2,01E-4
2,753;0,303;0,991;9,35E-5;93,53;-9,83E-5;286,78;1,62E-4
2,754;0,303;0,992;9,35E-5;93,54;-1,46E-4;286,79;1,70E-4
2,755;0,302;0,991;9,35E-5;93,50;1,64E-5;286,68;4,32E-6
2,756;0,302;0,991;9,35E-5;93,50;1,46E-5;286,67;-6,48E-6
2,757;0,303;0,991;9,35E-5;93,53;-8,92E-5;286,77;1,49E-4
2,758;0,304;0,992;9,35E-5;93,55;-1,87E-4;286,85;2,63E-4
2,759;0,303;0,992;9,35E-5;93,53;-1,15E-4;286,79;1,66E-4
2,760;0,303;0,991;9,35E-5;93,52;-6,19E-5;286,74;1,01E-4
2,761;0,303;0,992;9,35E-5;93,54;-1,40E-4;286,80;1,92E-4
2,762;0,303;0,991;9,35E-5;93,52;-6,19E-5;286,78;1,55E-4
2,763;0,303;0,991;9,35E-5;93,53;-1,00E-4;286,76;1,34E-4
2,764;0,304;0,992;9,35E-5;93,55;-1,82E-4;286,85;2,65E-4
2,765;0,304;0,992;9,36E-5;93,55;-2,04E-4;286,90;3,32E-4
2,766;0,303;0,991;9,35E-5;93,52;-6,01E-5;286,77;1,40E-4
2,767;0,302;0,991;9,35E-5;93,50;1,09E-5;286,68;8,63E-6
2,768;0,303;0,991;9,35E-5;93,51;-2,55E-5;286,72;6,26E-5
2,769;0,303;0,992;9,35E-5;93,54;-1,40E-4;286,82;2,11E-4
2,770;0,303;0,991;9,35E-5;93,52;-5,82E-5;286,77;1,36E-4
2,771;0,302;0,990;9,35E-5;93,49;9,10E-5;286,64;-5,83E-5
2,772;0,303;0,992;9,35E-5;93,52;-6,55E-5;286,79;1,66E-4
2,773;0,302;0,991;9,35E-5;93,49;6,01E-5;286,67;-1,30E-5
2,774;0,302;0,991;9,35E-5;93,50;4,19E-5;286,68;2,16E-6
2,775;0,302;0,991;9,35E-5;93,50;1,27E-5;286,69;1,51E-5
2,776;0,303;0,992;9,35E-5;93,54;-1,35E-4;286,79;1,79E-4
2,777;0,303;0,991;9,35E-5;93,52;-5,10E-5;286,74;9,71E-5
2,778;0,302;0,991;9,35E-5;93,51;-1,09E-5;286,73;7,99E-5
2,779;0,302;0,990;9,35E-5;93,49;9,10E-5;286,62;-9,28E-5
2,780;0,302;0,990;9,35E-5;93,48;1,16E-4;286,63;-7,34E-5
2,781;0,302;0,990;9,35E-5;93,50;5,10E-5;286,65;-4,32E-5
2,782;0,303;0,992;9,35E-5;93,53;-1,15E-4;286,82;2,24E-4
2,783;0,303;0,991;9,35E-5;93,51;-3,28E-5;286,74;9,93E-5
2,784;0,304;0,993;9,36E-5;93,57;-2,82E-4;286,92;3,73E-4
2,785;0,304;0,992;9,36E-5;93,55;-2,04E-4;286,90;3,34E-4
2,786;0,303;0,991;9,35E-5;93,52;-4,37E-5;286,77;1,42E-4
2,787;0,304;0,992;9,35E-5;93,54;-1,69E-4;286,83;2,33E-4
2,788;0,303;0,991;9,35E-5;93,53;-1,06E-4;286,77;1,49E-4
2,789;0,302;0,991;9,35E-5;93,49;5,28E-5;286,71;5,61E-5
2,790;0,302;0,991;9,35E-5;93,49;8,37E-5;286,68;0,00
2,791;0,304;0,992;9,36E-5;93,55;-2,06E-4;286,86;2,85E-4
2,792;0,303;0,991;9,35E-5;93,53;-1,18E-4;286,76;1,23E-4
2,793;0,302;0,991;9,35E-5;93,50;4,91E-5;286,67;-6,48E-6
2,794;0,302;0,991;9,35E-5;93,51;-1,09E-5;286,70;3,02E-5
2,795;0,304;0,992;9,35E-5;93,55;-1,95E-4;286,86;2,78E-4
2,796;0,302;0,991;9,35E-5;93,50;1,27E-5;286,68;8,63E-6
2,797;0,302;0,990;9,35E-5;93,50;2,55E-5;286,65;-3,45E-5
2,798;0,302;0,990;9,35E-5;93,48;1,11E-4;286,61;-1,08E-4
2,799;0,302;0,991;9,35E-5;93,51;1,82E-6;286,72;6,69E-5
2,800;0,302;0,990;9,35E-5;93,48;1,04E-4;286,63;-7,77E-5
2,801;0,302;0,991;9,35E-5;93,49;6,92E-5;286,68;6,48E-6
2,802;0,303;0,992;9,35E-5;93,53;-1,24E-4;286,81;2,01E-4
2,803;0,303;0,992;9,35E-5;93,54;-1,46E-4;286,79;1,73E-4
2,804;0,303;0,991;9,35E-5;93,53;-1,13E-4;286,78;1,62E-4
2,805;0,303;0,991;9,35E-5;93,52;-7,10E-5;286,77;1,36E-4
2,806;0,303;0,992;9,35E-5;93,53;-9,64E-5;286,79;1,73E-4
2,807;0,302;0,991;9,35E-5;93,49;8,74E-5;286,67;-1,30E-5
2,808;0,303;0,991;9,35E-5;93,53;-1,09E-4;286,78;1,58E-4
2,809;0,302;0,991;9,35E-5;93,51;1,82E-6;286,69;1,73E-5
2,810;0,303;0,992;9,35E-5;93,54;-1,55E-4;286,85;2,65E-4
2,811;0,304;0,992;9,35E-5;93,55;-1,91E-4;286,89;3,22E-4
2,812;0,301;0,990;9,35E-5;93,47;1,51E-4;286,66;-1,94E-5
2,813;0,303;0,992;9,35E-5;93,53;-8,92E-5;286,79;1,73E-4
2,814;0,303;0,992;9,35E-5;93,53;-9,64E-5;286,79;1,68E-4
2,815;0,303;0,992;9,35E-5;93,53;-1,27E-4;286,87;2,96E-4
2,816;0,304;0,993;9,36E-5;93,56;-2,67E-4;286,93;3,84E-4
2,817;0,302;0,991;9,35E-5;93,50;3,09E-5;286,69;1,73E-5
2,818;0,303;0,992;9,35E-5;93,53;-1,29E-4;286,79;1,68E-4
2,819;0,304;0,992;9,36E-5;93,55;-2,18E-4;286,89;3,22E-4
2,820;0,303;0,991;9,35E-5;93,52;-5,82E-5;286,73;8,42E-5
2,821;0,304;0,993;9,36E-5;93,56;-2,29E-4;286,91;3,54E-4
2,822;0,303;0,992;9,35E-5;93,53;-1,16E-4;286,80;1,92E-4
2,823;0,303;0,992;9,35E-5;93,54;-1,53E-4;286,86;2,81E-4
2,824;0,303;0,991;9,35E-5;93,51;-3,82E-5;286,75;1,12E-4
2,825;0,303;0,991;9,35E-5;93,52;-5,46E-5;286,74;9,50E-5
2,826;0,304;0,992;9,35E-5;93,54;-1,73E-4;286,81;2,07E-4
2,827;0,303;0,992;9,35E-5;93,54;-1,38E-4;286,83;2,27E-4
2,828;0,305;0,993;9,36E-5;93,59;-3,67E-4;287,01;4,98E-4
2,829;0,305;0,993;9,36E-5;93,58;-3,49E-4;287,00;4,88E-4
2,830;0,303;0,991;9,35E-5;93,53;-8,92E-5;286,78;1,58E-4
2,831;0,303;0,991;9,35E-5;93,52;-4,91E-5;286,76;1,27E-4
2,832;0,303;0,992;9,35E-5;93,54;-1,40E-4;286,84;2,50E-4
2,833;0,303;0,991;9,35E-5;93,54;-1,36E-4;286,77;1,49E-4
2,834;0,302;0,991;9,35E-5;93,51;-5,46E-6;286,72;6,91E-5
2,835;0,303;0,991;9,35E-5;93,53;-9,28E-5;286,75;1,10E-4
2,836;0,304;0,993;9,36E-5;93,56;-2,62E-4;286,91;3,47E-4
2,837;0,303;0,991;9,35E-5;93,52;-7,28E-5;286,76;1,27E-4
2,838;0,304;0,992;9,35E-5;93,55;-1,82E-4;286,85;2,68E-4
2,839;0,303;0,992;9,35E-5;93,54;-1,49E-4;286,81;2,09E-4
2,840;0,304;0,993;9,36E-5;93,56;-2,42E-4;286,91;3,58E-4
2,841;0,304;0,992;9,36E-5;93,56;-2,58E-4;286,90;3,34E-4
2,842;0,303;0,992;9,35E-5;93,53;-1,11E-4;286,80;1,90E-4
2,843;0,303;0,991;9,35E-5;93,53;-9,46E-5;286,78;1,55E-4
2,844;0,303;0,992;9,35E-5;93,53;-1,00E-4;286,79;1,73E-4
2,845;0,302;0,991;9,35E-5;93,50;5,10E-5;286,70;3,24E-5
2,846;0,302;0,991;9,35E-5;93,51;-1,46E-5;286,69;2,37E-5
2,847;0,303;0,992;9,35E-5;93,54;-1,36E-4;286,79;1,79E-4
2,848;0,303;0,991;9,35E-5;93,52;-4,91E-5;286,78;1,60E-4
2,849;0,304;0,992;9,36E-5;93,55;-2,22E-4;286,90;3,34E-4
2,850;0,302;0,990;9,35E-5;93,51;-3,64E-6;286,66;-2,37E-5
2,851;0,303;0,991;9,35E-5;93,51;-2,73E-5;286,69;1,51E-5
2,852;0,302;0,991;9,35E-5;93,50;3,09E-5;286,71;5,18E-5
2,853;0,302;0,990;9,35E-5;93,49;5,46E-5;286,65;-3,45E-5
2,854;0,303;0,991;9,35E-5;93,53;-1,27E-4;286,78;1,58E-4
2,855;0,303;0,991;9,35E-5;93,52;-8,01E-5;286,76;1,21E-4
2,856;0,302;0,991;9,35E-5;93,51;-1,82E-5;286,74;9,07E-5
2,857;0,302;0,991;9,35E-5;93,51;-7,28E-6;286,72;7,34E-5
2,858;0,302;0,991;9,35E-5;93,50;2,37E-5;286,70;4,10E-5
2,859;0,302;0,991;9,35E-5;93,51;-9,10E-6;286,71;4,96E-5
2,860;0,304;0,992;9,36E-5;93,56;-2,47E-4;286,87;2,98E-4
2,861;0,303;0,991;9,35E-5;93,53;-9,28E-5;286,74;9,50E-5
2,862;0,302;0,990;9,35E-5;93,51;-1,09E-5;286,65;-3,67E-5
2,863;0,303;0,991;9,35E-5;93,52;-5,64E-5;286,73;7,99E-5
2,864;0,305;0,993;9,36E-5;93,58;-3,64E-4;286,95;4,14E-4
2,865;0,304;0,992;9,35E-5;93,55;-1,93E-4;286,87;2,91E-4
2,866;0,304;0,992;9,35E-5;93,55;-1,95E-4;286,86;2,74E-4
2,867;0,304;0,993;9,36E-5;93,56;-2,69E-4;286,94;3,95E-4
2,868;0,304;0,992;9,35E-5;93,55;-1,95E-4;286,85;2,70E-4
2,869;0,303;0,992;9,35E-5;93,53;-1,20E-4;286,82;2,24E-4
2,870;0,303;0,992;9,35E-5;93,54;-1,42E-4;286,80;1,86E-4
2,871;0,302;0,990;9,35E-5;93,50;3,46E-5;286,65;-3,67E-5
2,872;0,302;0,991;9,35E-5;93,50;1,64E-5;286,70;3,24E-5
2,873;0,302;0,991;9,35E-5;93,51;-1,64E-5;286,71;4,96E-5
2,874;0,302;0,991;9,35E-5;93,48;1,04E-4;286,67;-2,16E-6
2,875;0,302;0,991;9,35E-5;93,51;-1,82E-5;286,72;6,48E-5
2,876;0,303;0,992;9,35E-5;93,53;-8,92E-5;286,79;1,66E-4
2,877;0,303;0,991;9,35E-5;93,53;-1,02E-4;286,77;1,40E-4
2,878;0,304;0,993;9,36E-5;93,56;-2,58E-4;286,91;3,47E-4
2,879;0,303;0,992;9,35E-5;93,54;-1,64E-4;286,85;2,68E-4
2,880;0,303;0,992;9,35E-5;93,53;-1,33E-4;286,81;1,99E-4
2,881;0,304;0,992;9,35E-5;93,55;-1,87E-4;286,83;2,27E-4
2,882;0,304;0,992;9,35E-5;93,55;-1,98E-4;286,86;2,83E-4
2,883;0,303;0,992;9,35E-5;93,54;-1,51E-4;286,82;2,16E-4
2,884;0,302;0,991;9,35E-5;93,49;5,64E-5;286,68;6,48E-6
2,885;0,304;0,993;9,36E-5;93,56;-2,42E-4;286,91;3,52E-4
2,886;0,304;0,992;9,36E-5;93,57;-2,75E-4;286,90;3,32E-4
2,887;0,304;0,993;9,36E-5;93,56;-2,62E-4;286,92;3,75E-4
2,888;0,304;0,992;9,36E-5;93,56;-2,33E-4;286,87;3,00E-4
2,889;0,303;0,991;9,35E-5;93,52;-4,91E-5;286,74;1,01E-4
2,890;0,303;0,991;9,35E-5;93,51;-2,18E-5;286,72;6,48E-5
2,891;0,304;0,992;9,35E-5;93,54;-1,73E-4;286,84;2,46E-4
2,892;0,304;0,993;9,36E-5;93,57;-2,82E-4;286,92;3,73E-4
2,893;0,303;0,992;9,35E-5;93,54;-1,42E-4;286,80;1,94E-4
2,894;0,303;0,991;9,35E-5;93,52;-4,19E-5;286,70;3,67E-5
2,895;0,303;0,992;9,35E-5;93,54;-1,44E-4;286,80;1,88E-4
2,896;0,304;0,992;9,35E-5;93,55;-2,00E-4;286,90;3,37E-4
2,897;0,303;0,992;9,35E-5;93,53;-1,20E-4;286,79;1,75E-4
2,898;0,303;0,992;9,35E-5;93,54;-1,62E-4;286,84;2,42E-4
2,899;0,304;0,992;9,35E-5;93,55;-1,93E-4;286,89;3,19E-4
2,900;0,303;0,992;9,35E-5;93,54;-1,40E-4;286,81;2,01E-4
2,901;0,303;0,991;9,35E-5;93,52;-7,28E-5;286,75;1,17E-4
2,902;0,303;0,992;9,35E-5;93,52;-8,37E-5;286,79;1,77E-4
2,903;0,303;0,992;9,35E-5;93,54;-1,64E-4;286,82;2,18E-4
2,904;0,304;0,993;9,36E-5;93,57;-3,07E-4;286,94;3,99E-4
2,905;0,303;0,991;9,35E-5;93,52;-8,55E-5;286,76;1,27E-4
2,906;0,302;0,991;9,35E-5;93,50;4,91E-5;286,68;8,63E-6
2,907;0,303;0,992;9,35E-5;93,53;-1,24E-4;286,82;2,18E-4
2,908;0,304;0,992;9,35E-5;93,55;-1,93E-4;286,87;2,89E-4
2,909;0,304;0,992;9,36E-5;93,55;-2,24E-4;286,89;3,17E-4
2,910;0,304;0,993;9,36E-5;93,57;-2,84E-4;286,98;4,62E-4
2,911;0,305;0,993;9,36E-5;93,58;-3,33E-4;287,00;4,92E-4
2,912;0,303;0,991;9,35E-5;93,52;-4,19E-5;286,74;1,04E-4
2,913;0,302;0,991;9,35E-5;93,50;2,37E-5;286,70;3,89E-5
2,914;0,303;0,991;9,35E-5;93,52;-6,19E-5;286,77;1,40E-4
2,915;0,303;0,991;9,35E-5;93,53;-8,73E-5;286,74;1,04E-4
2,916;0,303;0,991;9,35E-5;93,53;-1,13E-4;286,78;1,58E-4
2,917;0,303;0,991;9,35E-5;93,53;-1,15E-4;286,78;1,62E-4
2,918;0,303;0,992;9,35E-5;93,53;-1,22E-4;286,82;2,20E-4
2,919;0,303;0,992;9,35E-5;93,54;-1,49E-4;286,79;1,77E-4
2,920;0,304;0,992;9,36E-5;93,57;-2,75E-4;286,89;3,26E-4
2,921;0,302;0,991;9,35E-5;93,50;2,73E-5;286,71;5,18E-5
2,922;0,303;0,992;9,35E-5;93,53;-1,00E-4;286,79;1,73E-4
2,923;0,303;0,992;9,35E-5;93,53;-1,18E-4;286,83;2,33E-4
2,924;0,303;0,991;9,35E-5;93,52;-8,19E-5;286,76;1,32E-4
2,925;0,303;0,992;9,35E-5;93,54;-1,62E-4;286,85;2,57E-4
2,926;0,303;0,992;9,35E-5;93,54;-1,66E-4;286,87;3,00E-4
2,927;0,303;0,992;9,35E-5;93,52;-8,37E-5;286,79;1,77E-4
2,928;0,302;0,991;9,35E-5;93,51;-1,09E-5;286,73;8,85E-5
2,929;0,302;0,991;9,35E-5;93,51;-3,64E-6;286,73;8,42E-5
2,930;0,302;0,990;9,35E-5;93,49;8,55E-5;286,64;-5,83E-5
2,931;0,303;0,992;9,35E-5;93,52;-7,28E-5;286,79;1,73E-4
2,932;0,303;0,992;9,35E-5;93,53;-1,00E-4;286,79;1,77E-4
2,933;0,303;0,991;9,35E-5;93,51;-3,09E-5;286,77;1,36E-4
2,934;0,303;0,991;9,35E-5;93,51;-3,82E-5;286,76;1,25E-4
2,935;0,304;0,992;9,35E-5;93,55;-1,91E-4;286,84;2,50E-4
2,936;0,302;0,991;9,35E-5;93,50;3,09E-5;286,70;3,67E-5
2,937;0,303;0,991;9,35E-5;93,52;-4,91E-5;286,74;1,01E-4
2,938;0,302;0,990;9,35E-5;93,48;1,15E-4;286,62;-8,42E-5
2,939;0,302;0,991;9,35E-5;93,51;-7,28E-6;286,72;7,12E-5
2,940;0,304;0,992;9,35E-5;93,54;-1,76E-4;286,87;2,89E-4
2,941;0,303;0,992;9,35E-5;93,54;-1,62E-4;286,84;2,50E-4
2,942;0,303;0,991;9,35E-5;93,51;-2,73E-5;286,75;1,10E-4
2,943;0,302;0,991;9,35E-5;93,50;2,37E-5;286,70;4,10E-5
2,944;0,303;0,992;9,35E-5;93,54;-1,38E-4;286,87;2,91E-4
2,945;0,304;0,993;9,36E-5;93,56;-2,53E-4;286,93;3,91E-4
2,946;0,302;0,990;9,35E-5;93,49;6,19E-5;286,62;-8,20E-5
2,947;0,303;0,992;9,35E-5;93,52;-6,73E-5;286,78;1,64E-4
2,948;0,304;0,992;9,35E-5;93,55;-1,87E-4;286,87;2,93E-4
2,949;0,302;0,990;9,35E-5;93,49;6,37E-5;286,65;-3,89E-5
2,950;0,304;0,992;9,35E-5;93,54;-1,75E-4;286,82;2,22E-4
2,951;0,303;0,992;9,35E-5;93,54;-1,42E-4;286,84;2,50E-4
2,952;0,303;0,992;9,35E-5;93,53;-1,33E-4;286,84;2,55E-4
2,953;0,303;0,991;9,35E-5;93,52;-4,91E-5;286,77;1,40E-4
2,954;0,302;0,990;9,35E-5;93,48;1,22E-4;286,63;-7,77E-5
2,955;0,302;0,991;9,35E-5;93,51;5,46E-6;286,69;1,73E-5
2,956;0,302;0,991;9,35E-5;93,51;-1,09E-5;286,73;8,42E-5
2,957;0,302;0,991;9,35E-5;93,51;0,00;286,71;4,75E-5
2,958;0,303;0,991;9,35E-5;93,51;-3,28E-5;286,73;7,99E-5
2,959;0,305;0,993;9,36E-5;93,58;-3,27E-4;286,98;4,57E-4
2,960;0,303;0,992;9,35E-5;93,54;-1,51E-4;286,84;2,50E-4
2,961;0,302;0,991;9,35E-5;93,51;-1,09E-5;286,70;3,67E-5
2,962;0,303;0,991;9,35E-5;93,51;-4,00E-5;286,73;8,85E-5
2,963;0,303;0,991;9,35E-5;93,51;-3,82E-5;286,78;1,60E-4
2,964;0,303;0,991;9,35E-5;93,52;-4,19E-5;286,77;1,40E-4
2,965;0,303;0,992;9,35E-5;93,54;-1,58E-4;286,85;2,59E-4
2,966;0,302;0,991;9,35E-5;93,50;4,73E-5;286,73;7,77E-5
2,967;0,303;0,991;9,35E-5;93,52;-5,10E-5;286,74;1,04E-4
2,968;0,303;0,992;9,35E-5;93,54;-1,55E-4;286,88;3,11E-4
2,969;0,304;0,992;9,35E-5;93,55;-2,00E-4;286,85;2,68E-4
2,970;0,303;0,991;9,35E-5;93,52;-4,19E-5;286,78;1,53E-4
2,971;0,304;0,992;9,36E-5;93,56;-2,44E-4;286,90;3,37E-4
2,972;0,303;0,992;9,35E-5;93,53;-9,64E-5;286,81;2,07E-4
2,973;0,304;0,993;9,36E-5;93,56;-2,46E-4;286,91;3,60E-4
2,974;0,303;0,991;9,35E-5;93,52;-4,73E-5;286,77;1,47E-4
2,975;0,302;0,991;9,35E-5;93,49;6,92E-5;286,67;-4,32E-6
2,976;0,303;0,992;9,35E-5;93,54;-1,56E-4;286,85;2,63E-4
2,977;0,303;0,992;9,35E-5;93,53;-1,20E-4;286,81;2,07E-4
2,978;0,304;0,992;9,36E-5;93,56;-2,33E-4;286,90;3,32E-4
2,979;0,304;0,993;9,36E-5;93,55;-2,06E-4;286,93;3,80E-4
2,980;0,304;0,992;9,36E-5;93,55;-2,09E-4;286,87;2,89E-4
2,981;0,302;0,991;9,35E-5;93,50;2,00E-5;286,69;2,59E-5
2,982;0,304;0,992;9,36E-5;93,56;-2,31E-4;286,88;3,11E-4
2,983;0,303;0,992;9,35E-5;93,52;-7,28E-5;286,81;1,96E-4
2,984;0,304;0,992;9,35E-5;93,54;-1,69E-4;286,85;2,59E-4
2,985;0,303;0,992;9,35E-5;93,53;-1,31E-4;286,85;2,61E-4
2,986;0,303;0,992;9,35E-5;93,54;-1,56E-4;286,83;2,37E-4
2,987;0,303;0,991;9,35E-5;93,52;-5,46E-5;286,75;1,19E-4
2,988;0,302;0,991;9,35E-5;93,51;-1,09E-5;286,74;1,01E-4
2,989;0,302;0,991;9,35E-5;93,50;1,46E-5;286,73;8,63E-5
2,990;0,303;0,992;9,35E-5;93,53;-1,15E-4;286,80;1,83E-4
2,991;0,303;0,991;9,35E-5;93,52;-7,46E-5;286,73;8,42E-5
2,992;0,303;0,991;9,35E-5;93,52;-4,73E-5;286,78;1,53E-4
2,993;0,304;0,992;9,36E-5;93,56;-2,40E-4;286,89;3,30E-4
2,994;0,303;0,991;9,35E-5;93,52;-4,73E-5;286,75;1,17E-4
2,995;0,303;0,991;9,35E-5;93,52;-7,10E-5;286,77;1,38E-4
2,996;0,302;0,991;9,35E-5;93,50;2,37E-5;286,68;1,08E-5
2,997;0,302;0,991;9,35E-5;93,50;1,82E-5;286,71;4,96E-5
2,998;0,302;0,990;9,35E-5;93,50;4,37E-5;286,66;-1,94E-5
2,999;0,303;0,991;9,35E-5;93,52;-8,01E-5;286,73;7,55E-5
3,000;0,302;0,991;9,35E-5;93,51;-1,09E-5;286,71;4,96E-5
3,001;0,303;0,991;9,35E-5;93,51;-4,00E-5;286,72;6,26E-5
3,002;0,303;0,991;9,35E-5;93,51;-3,28E-5;286,73;7,99E-5
3,003;0,302;0,991;9,35E-5;93,50;1,09E-5;286,68;6,48E-6
3,004;0,303;0,991;9,35E-5;93,52;-8,01E-5;286,75;1,12E-4
3,005;0,304;0,992;9,36E-5;93,55;-2,07E-4;286,88;3,09E-4
3,006;0,303;0,992;9,35E-5;93,53;-1,02E-4;286,81;1,96E-4
3,007;0,303;0,992;9,35E-5;93,53;-9,28E-5;286,80;1,88E-4
3,008;0,302;0,991;9,35E-5;93,50;3,28E-5;286,68;1,30E-5
3,009;0,302;0,990;9,35E-5;93,48;1,02E-4;286,63;-6,48E-5
3,010;0,303;0,992;9,35E-5;93,53;-1,07E-4;286,82;2,11E-4
3,011;0,304;0,993;9,36E-5;93,56;-2,64E-4;286,93;3,88E-4
3,012;0,303;0,992;9,35E-5;93,54;-1,35E-4;286,81;2,05E-4
3,013;0,303;0,992;9,35E-5;93,53;-9,83E-5;286,79;1,73E-4
3,014;0,302;0,991;9,35E-5;93,50;3,09E-5;286,67;-2,16E-6
3,015;0,303;0,991;9,35E-5;93,51;-2,00E-5;286,73;7,99E-5
3,016;0,304;0,992;9,36E-5;93,55;-2,13E-4;286,85;2,57E-4
3,017;0,303;0,991;9,35E-5;93,53;-1,04E-4;286,78;1,60E-4
3,018;0,304;0,992;9,35E-5;93,55;-1,80E-4;286,88;3,11E-4
3,019;0,303;0,992;9,35E-5;93,54;-1,35E-4;286,83;2,40E-4
3,020;0,303;0,992;9,35E-5;93,53;-1,29E-4;286,81;2,01E-4
3,021;0,303;0,991;9,35E-5;93,52;-6,37E-5;286,78;1,53E-4
3,022;0,302;0,990;9,35E-5;93,49;9,83E-5;286,62;-7,99E-5
3,023;0,302;0,990;9,35E-5;93,48;1,16E-4;286,62;-8,20E-5
3,024;0,304;0,992;9,35E-5;93,55;-1,84E-4;286,87;2,93E-4
3,025;0,304;0,993;9,36E-5;93,56;-2,71E-4;286,93;3,80E-4
3,026;0,304;0,992;9,35E-5;93,55;-1,86E-4;286,89;3,24E-4
3,027;0,303;0,991;9,35E-5;93,53;-8,73E-5;286,78;1,53E-4
3,028;0,304;0,992;9,35E-5;93,54;-1,71E-4;286,82;2,22E-4
3,029;0,304;0,992;9,35E-5;93,55;-1,89E-4;286,89;3,24E-4
3,030;0,303;0,992;9,35E-5;93,53;-1,15E-4;286,79;1,79E-4
3,031;0,303;0,991;9,35E-5;93,53;-8,73E-5;286,76;1,34E-4
3,032;0,304;0,993;9,36E-5;93,57;-2,80E-4;286,94;3,95E-4
3,033;0,304;0,992;9,36E-5;93,56;-2,44E-4;286,90;3,32E-4
3,034;0,304;0,992;9,36E-5;93,55;-2,17E-4;286,86;2,81E-4
3,035;0,303;0,992;9,35E-5;93,54;-1,40E-4;286,83;2,31E-4
3,036;0,303;0,991;9,35E-5;93,51;-2,91E-5;286,70;3,02E-5
3,037;0,303;0,991;9,35E-5;93,52;-6,73E-5;286,75;1,08E-4
3,038;0,302;0,991;9,35E-5;93,51;-1,82E-6;286,73;7,77E-5
3,039;0,302;0,990;9,35E-5;93,50;2,18E-5;286,66;-3,24E-5
3,040;0,303;0,992;9,35E-5;93,52;-7,10E-5;286,80;1,88E-4
3,041;0,303;0,992;9,35E-5;93,53;-1,04E-4;286,78;1,64E-4
3,042;0,303;0,991;9,35E-5;93,51;-2,18E-5;286,74;9,93E-5
3,043;0,301;0,990;9,35E-5;93,48;1,40E-4;286,62;-8,20E-5
3,044;0,303;0,991;9,35E-5;93,52;-4,37E-5;286,73;8,42E-5
3,045;0,302;0,991;9,35E-5;93,50;1,46E-5;286,67;-8,63E-6
3,046;0,303;0,991;9,35E-5;93,52;-8,19E-5;286,78;1,60E-4
3,047;0,303;0,992;9,35E-5;93,54;-1,60E-4;286,86;2,83E-4
3,048;0,303;0,992;9,35E-5;93,53;-1,31E-4;286,84;2,44E-4
3,049;0,302;0,991;9,35E-5;93,51;1,82E-6;286,73;7,55E-5
3,050;0,302;0,990;9,35E-5;93,48;1,04E-4;286,65;-3,45E-5
3,051;0,302;0,990;9,35E-5;93,50;4,37E-5;286,67;-1,51E-5
3,052;0,304;0,992;9,35E-5;93,54;-1,69E-4;286,79;1,75E-4
3,053;0,303;0,992;9,35E-5;93,54;-1,51E-4;286,79;1,79E-4
3,054;0,304;0,993;9,36E-5;93,56;-2,31E-4;286,91;3,58E-4
3,055;0,303;0,992;9,35E-5;93,53;-1,22E-4;286,83;2,37E-4
3,056;0,302;0,991;9,35E-5;93,49;5,28E-5;286,70;3,24E-5
3,057;0,302;0,991;9,35E-5;93,50;2,55E-5;286,73;8,42E-5
3,058;0,302;0,991;9,35E-5;93,50;3,64E-5;286,71;5,83E-5
3,059;0,303;0,992;9,35E-5;93,54;-1,38E-4;286,83;2,33E-4
3,060;0,302;0,991;9,35E-5;93,51;0,00;286,73;8,63E-5
3,061;0,303;0,991;9,35E-5;93,52;-7,64E-5;286,75;1,17E-4
3,062;0,303;0,992;9,35E-5;93,53;-1,15E-4;286,81;1,96E-4
3,063;0,303;0,992;9,35E-5;93,53;-9,28E-5;286,79;1,70E-4
3,064;0,302;0,991;9,35E-5;93,50;1,46E-5;286,71;5,83E-5
3,065;0,302;0,991;9,35E-5;93,51;3,64E-6;286,75;1,17E-4
3,066;0,303;0,991;9,35E-5;93,51;-2,55E-5;286,72;6,04E-5
3,067;0,303;0,992;9,35E-5;93,53;-1,24E-4;286,82;2,22E-4
3,068;0,302;0,990;9,35E-5;93,49;5,46E-5;286,66;-1,73E-5
3,069;0,302;0,991;9,35E-5;93,51;-3,64E-6;286,73;8,63E-5
3,070;0,302;0,991;9,35E-5;93,49;7,46E-5;286,67;-2,16E-6
3,071;0,302;0,991;9,35E-5;93,50;1,27E-5;286,74;9,93E-5
3,072;0,303;0,991;9,35E-5;93,51;-2,73E-5;286,77;1,40E-4
3,073;0,302;0,991;9,35E-5;93,50;7,28E-6;286,73;7,55E-5
3,074;0,303;0,991;9,35E-5;93,51;-2,37E-5;286,75;1,08E-4
3,075;0,303;0,992;9,35E-5;93,53;-9,10E-5;286,79;1,75E-4
3,076;0,303;0,991;9,35E-5;93,52;-6,19E-5;286,76;1,32E-4
3,077;0,303;0,992;9,35E-5;93,54;-1,36E-4;286,86;2,83E-4
3,078;0,303;0,992;9,35E-5;93,53;-1,13E-4;286,82;2,11E-4
3,079;0,302;0,991;9,35E-5;93,51;0,00;286,70;4,32E-5
3,080;0,303;0,991;9,35E-5;93,51;-3,28E-5;286,72;6,04E-5
3,081;0,303;0,992;9,35E-5;93,54;-1,64E-4;286,83;2,37E-4
3,082;0,303;0,992;9,35E-5;93,54;-1,47E-4;286,84;2,55E-4
3,083;0,304;0,992;9,35E-5;93,54;-1,71E-4;286,86;2,81E-4
3,084;0,304;0,993;9,36E-5;93,56;-2,58E-4;286,92;3,69E-4
3,085;0,303;0,991;9,35E-5;93,53;-9,46E-5;286,78;1,53E-4
3,086;0,302;0,991;9,35E-5;93,50;7,28E-6;286,72;7,12E-5
3,087;0,302;0,990;9,35E-5;93,48;1,18E-4;286,63;-6,69E-5
3,088;0,303;0,991;9,35E-5;93,52;-8,55E-5;286,78;1,62E-4
3,089;0,303;0,992;9,35E-5;93,53;-9,83E-5;286,79;1,77E-4
3,090;0,303;0,992;9,35E-5;93,54;-1,60E-4;286,82;2,20E-4
3,091;0,303;0,991;9,35E-5;93,52;-5,82E-5;286,76;1,34E-4
3,092;0,303;0,992;9,35E-5;93,53;-1,06E-4;286,82;2,14E-4
3,093;0,303;0,991;9,35E-5;93,52;-6,55E-5;286,74;1,04E-4
3,094;0,303;0,991;9,35E-5;93,51;-4,00E-5;286,74;9,50E-5
3,095;0,302;0,991;9,35E-5;93,49;5,28E-5;286,69;2,81E-5
3,096;0,302;0,991;9,35E-5;93,51;3,64E-6;286,70;4,32E-5
3,097;0,303;0,991;9,35E-5;93,52;-4,37E-5;286,76;1,34E-4
3,098;0,302;0,991;9,35E-5;93,51;-1,46E-5;286,74;9,93E-5
3,099;0,303;0,992;9,35E-5;93,53;-1,09E-4;286,80;1,81E-4
3,100;0,304;0,992;9,35E-5;93,54;-1,78E-4;286,84;2,44E-4
3,101;0,303;0,991;9,35E-5;93,52;-5,46E-5;286,77;1,47E-4
3,102;0,302;0,991;9,35E-5;93,49;6,73E-5;286,69;2,16E-5
3,103;0,302;0,991;9,35E-5;93,50;1,82E-5;286,70;3,89E-5
3,104;0,302;0,991;9,35E-5;93,50;5,10E-5;286,70;3,89E-5
3,105;0,302;0,991;9,35E-5;93,50;3,64E-5;286,67;-4,32E-6
3,106;0,302;0,991;9,35E-5;93,50;2,37E-5;286,72;6,48E-5
3,107;0,303;0,992;9,35E-5;93,53;-1,31E-4;286,83;2,33E-4
3,108;0,303;0,992;9,35E-5;93,52;-6,01E-5;286,83;2,29E-4
3,109;0,303;0,992;9,35E-5;93,53;-1,06E-4;286,81;1,96E-4
3,110;0,303;0,992;9,35E-5;93,54;-1,64E-4;286,86;2,78E-4
3,111;0,303;0,992;9,35E-5;93,53;-9,83E-5;286,80;1,92E-4
3,112;0,304;0,992;9,36E-5;93,56;-2,29E-4;286,86;2,78E-4
3,113;0,303;0,991;9,35E-5;93,52;-6,92E-5;286,74;1,01E-4
3,114;0,303;0,991;9,35E-5;93,52;-4,37E-5;286,76;1,21E-4
3,115;0,302;0,991;9,35E-5;93,50;1,64E-5;286,73;8,85E-5
3,116;0,303;0,992;9,35E-5;93,53;-1,11E-4;286,82;2,14E-4
3,117;0,303;0,992;9,35E-5;93,53;-1,27E-4;286,82;2,18E-4
3,118;0,303;0,991;9,35E-5;93,51;-2,91E-5;286,75;1,08E-4
3,119;0,302;0,991;9,35E-5;93,51;-7,28E-6;286,70;4,10E-5
3,120;0,303;0,992;9,35E-5;93,53;-1,24E-4;286,83;2,27E-4
3,121;0,302;0,991;9,35E-5;93,49;5,82E-5;286,67;-1,30E-5
3,122;0,302;0,991;9,35E-5;93,49;5,28E-5;286,69;1,73E-5
3,123;0,303;0,992;9,35E-5;93,53;-1,26E-4;286,82;2,22E-4
3,124;0,303;0,992;9,35E-5;93,52;-6,01E-5;286,79;1,77E-4
3,125;0,303;0,991;9,35E-5;93,52;-7,10E-5;286,75;1,14E-4
3,126;0,303;0,992;9,35E-5;93,53;-1,02E-4;286,81;2,01E-4
3,127;0,303;0,991;9,35E-5;93,51;-2,00E-5;286,75;1,19E-4
3,128;0,303;0,992;9,35E-5;93,53;-1,20E-4;286,81;2,05E-4
3,129;0,303;0,991;9,35E-5;93,51;-2,00E-5;286,73;8,20E-5
3,130;0,304;0,993;9,36E-5;93,55;-2,07E-4;286,93;3,82E-4
3,131;0,303;0,992;9,35E-5;93,53;-9,28E-5;286,81;2,07E-4
3,132;0,303;0,991;9,35E-5;93,52;-5,10E-5;286,76;1,29E-4
3,133;0,302;0,991;9,35E-5;93,50;3,46E-5;286,71;5,61E-5
3,134;0,302;0,990;9,35E-5;93,49;8,92E-5;286,64;-5,61E-5
3,135;0,302;0,990;9,35E-5;93,48;1,15E-4;286,61;-9,50E-5
3,136;0,302;0,991;9,35E-5;93,51;-3,64E-6;286,69;2,59E-5
3,137;0,303;0,992;9,35E-5;93,53;-9,28E-5;286,80;1,90E-4
3,138;0,303;0,991;9,35E-5;93,52;-6,37E-5;286,78;1,62E-4
3,139;0,303;0,991;9,35E-5;93,51;-2,91E-5;286,75;1,10E-4
3,140;0,303;0,992;9,35E-5;93,53;-9,10E-5;286,82;2,20E-4
3,141;0,303;0,991;9,35E-5;93,52;-4,55E-5;286,78;1,55E-4
3,142;0,302;0,991;9,35E-5;93,51;-3,64E-6;286,76;1,27E-4
3,143;0,304;0,993;9,36E-5;93,55;-2,09E-4;286,91;3,52E-4
3,144;0,305;0,993;9,36E-5;93,57;-3,18E-4;287,00;4,92E-4
3,145;0,303;0,992;9,35E-5;93,54;-1,60E-4;286,85;2,63E-4
3,146;0,302;0,991;9,35E-5;93,50;3,28E-5;286,71;5,18E-5
3,147;0,303;0,992;9,35E-5;93,54;-1,58E-4;286,84;2,52E-4
3,148;0,303;0,992;9,35E-5;93,54;-1,36E-4;286,79;1,70E-4
3,149;0,303;0,991;9,35E-5;93,52;-6,19E-5;286,77;1,49E-4
3,150;0,304;0,992;9,36E-5;93,55;-2,13E-4;286,89;3,19E-4
3,151;0,303;0,992;9,35E-5;93,53;-1,06E-4;286,82;2,20E-4
3,152;0,303;0,992;9,35E-5;93,54;-1,51E-4;286,84;2,52E-4
3,153;0,303;0,991;9,35E-5;93,51;-2,00E-5;286,75;1,12E-4
3,154;0,302;0,991;9,35E-5;93,51;-1,64E-5;286,72;6,04E-5
3,155;0,302;0,991;9,35E-5;93,49;8,55E-5;286,70;4,32E-5
3,156;0,303;0,991;9,35E-5;93,53;-1,18E-4;286,77;1,49E-4
3,157;0,302;0,991;9,35E-5;93,50;2,37E-5;286,74;1,01E-4
3,158;0,303;0,992;9,35E-5;93,53;-9,46E-5;286,81;2,03E-4
3,159;0,303;0,992;9,35E-5;93,53;-1,24E-4;286,81;2,09E-4
3,160;0,302;0,991;9,35E-5;93,50;2,55E-5;286,68;6,48E-6
3,161;0,303;0,991;9,35E-5;93,51;-3,09E-5;286,74;9,71E-5
3,162;0,303;0,992;9,35E-5;93,53;-1,15E-4;286,80;1,81E-4
3,163;0,303;0,992;9,35E-5;93,53;-1,09E-4;286,86;2,74E-4
3,164;0,303;0,992;9,35E-5;93,53;-1,02E-4;286,83;2,37E-4
3,165;0,302;0,991;9,35E-5;93,51;1,82E-6;286,72;6,26E-5
3,166;0,302;0,991;9,35E-5;93,51;-7,28E-6;286,74;9,28E-5
3,167;0,303;0,992;9,35E-5;93,52;-7,46E-5;286,82;2,24E-4
3,168;0,304;0,992;9,35E-5;93,55;-1,93E-4;286,88;3,09E-4
3,169;0,304;0,992;9,35E-5;93,54;-1,78E-4;286,86;2,83E-4
3,170;0,303;0,992;9,35E-5;93,53;-1,00E-4;286,82;2,20E-4
3,171;0,304;0,993;9,35E-5;93,55;-1,87E-4;286,90;3,45E-4
3,172;0,304;0,992;9,36E-5;93,56;-2,71E-4;286,90;3,39E-4
3,173;0,303;0,991;9,35E-5;93,52;-7,83E-5;286,77;1,40E-4
3,174;0,304;0,992;9,35E-5;93,55;-1,97E-4;286,86;2,76E-4
3,175;0,303;0,991;9,35E-5;93,52;-8,37E-5;286,77;1,38E-4
3,176;0,303;0,991;9,35E-5;93,52;-8,19E-5;286,78;1,55E-4
3,177;0,303;0,992;9,35E-5;93,53;-1,13E-4;286,87;2,96E-4
3,178;0,303;0,992;9,35E-5;93,54;-1,40E-4;286,81;2,03E-4
3,179;0,304;0,993;9,36E-5;93,57;-3,06E-4;286,97;4,44E-4
3,180;0,304;0,993;9,35E-5;93,55;-2,00E-4;286,91;3,54E-4
3,181;0,304;0,992;9,35E-5;93,55;-1,93E-4;286,90;3,34E-4
3,182;0,303;0,992;9,35E-5;93,52;-6,55E-5;286,82;2,18E-4
3,183;0,303;0,992;9,35E-5;93,53;-1,27E-4;286,83;2,35E-4
3,184;0,304;0,993;9,36E-5;93,56;-2,51E-4;286,94;3,99E-4
3,185;0,304;0,993;9,36E-5;93,57;-2,84E-4;286,92;3,69E-4
3,186;0,302;0,991;9,35E-5;93,50;3,82E-5;286,70;3,45E-5
3,187;0,302;0,991;9,35E-5;93,51;-1,82E-6;286,72;6,91E-5
3,188;0,302;0,991;9,35E-5;93,50;1,46E-5;286,71;4,53E-5
3,189;0,302;0,990;9,35E-5;93,48;1,02E-4;286,66;-3,02E-5
3,190;0,303;0,991;9,35E-5;93,52;-6,92E-5;286,78;1,60E-4
3,191;0,303;0,992;9,35E-5;93,52;-4,19E-5;286,80;1,92E-4
3,192;0,302;0,991;9,35E-5;93,49;9,10E-5;286,67;-4,32E-6
3,193;0,303;0,991;9,35E-5;93,52;-4,91E-5;286,76;1,21E-4
3,194;0,303;0,991;9,35E-5;93,52;-6,73E-5;286,76;1,29E-4
3,195;0,303;0,992;9,35E-5;93,52;-7,28E-5;286,79;1,79E-4
3,196;0,304;0,992;9,35E-5;93,55;-1,80E-4;286,89;3,26E-4
3,197;0,303;0,992;9,35E-5;93,52;-4,73E-5;286,79;1,73E-4
3,198;0,303;0,991;9,35E-5;93,52;-4,55E-5;286,74;9,93E-5
3,199;0,303;0,991;9,35E-5;93,52;-7,28E-5;286,75;1,08E-4
3,200;0,304;0,992;9,35E-5;93,55;-1,95E-4;286,88;3,02E-4
3,201;0,302;0,991;9,35E-5;93,51;3,64E-6;286,69;2,59E-5
3,202;0,303;0,992;9,35E-5;93,53;-1,13E-4;286,81;2,01E-4
3,203;0,303;0,991;9,35E-5;93,52;-5,82E-5;286,77;1,45E-4
3,204;0,302;0,991;9,35E-5;93,50;3,09E-5;286,71;5,18E-5
3,205;0,303;0,991;9,35E-5;93,52;-4,73E-5;286,74;9,93E-5
3,206;0,303;0,991;9,35E-5;93,51;-2,18E-5;286,73;8,42E-5
3,207;0,303;0,991;9,35E-5;93,52;-5,46E-5;286,73;7,55E-5
3,208;0,301;0,990;9,35E-5;93,48;1,42E-4;286,62;-8,85E-5
3,209;0,303;0,991;9,35E-5;93,52;-5,82E-5;286,78;1,51E-4
3,210;0,303;0,991;9,35E-5;93,52;-7,10E-5;286,78;1,53E-4
3,211;0,303;0,992;9,35E-5;93,53;-1,24E-4;286,81;1,96E-4
3,212;0,302;0,991;9,35E-5;93,50;7,28E-6;286,72;6,48E-5
3,213;0,302;0,991;9,35E-5;93,49;8,01E-5;286,68;4,32E-6
3,214;0,303;0,992;9,35E-5;93,53;-1,00E-4;286,80;1,81E-4
3,215;0,302;0,991;9,35E-5;93,49;8,19E-5;286,68;6,48E-6
3,216;0,301;0,990;9,35E-5;93,48;1,33E-4;286,60;-1,10E-4
3,217;0,303;0,992;9,35E-5;93,51;-2,00E-5;286,79;1,66E-4
3,218;0,303;0,991;9,35E-5;93,52;-4,55E-5;286,76;1,34E-4
3,219;0,302;0,991;9,35E-5;93,51;-5,46E-6;286,75;1,17E-4
3,220;0,302;0,991;9,35E-5;93,50;2,37E-5;286,75;1,08E-4
3,221;0,303;0,991;9,35E-5;93,51;-3,82E-5;286,77;1,42E-4
3,222;0,304;0,992;9,35E-5;93,55;-1,97E-4;286,86;2,74E-4
3,223;0,302;0,991;9,35E-5;93,50;4,55E-5;286,71;4,96E-5
3,224;0,302;0,990;9,35E-5;93,49;6,19E-5;286,64;-5,18E-5
3,225;0,302;0,991;9,35E-5;93,51;3,64E-6;286,70;3,02E-5
3,226;0,302;0,991;9,35E-5;93,51;-5,46E-6;286,72;6,26E-5
3,227;0,304;0,992;9,35E-5;93,54;-1,75E-4;286,85;2,70E-4
3,228;0,302;0,991;9,35E-5;93,51;-9,10E-6;286,74;9,28E-5
3,229;0,303;0,992;9,35E-5;93,53;-1,31E-4;286,84;2,42E-4
3,230;0,303;0,992;9,35E-5;93,54;-1,35E-4;286,82;2,16E-4
3,231;0,303;0,991;9,35E-5;93,53;-9,10E-5;286,77;1,36E-4
3,232;0,304;0,992;9,35E-5;93,54;-1,69E-4;286,85;2,61E-4
3,233;0,303;0,991;9,35E-5;93,51;-2,73E-5;286,74;1,01E-4
3,234;0,303;0,991;9,35E-5;93,51;-3,46E-5;286,73;7,55E-5
3,235;0,303;0,992;9,35E-5;93,54;-1,40E-4;286,86;2,76E-4
3,236;0,304;0,993;9,36E-5;93,57;-3,07E-4;286,98;4,53E-4
3,237;0,303;0,992;9,35E-5;93,54;-1,42E-4;286,83;2,31E-4
3,238;0,303;0,992;9,35E-5;93,53;-1,20E-4;286,82;2,20E-4
3,239;0,303;0,992;9,35E-5;93,53;-8,92E-5;286,83;2,33E-4
3,240;0,303;0,992;9,35E-5;93,53;-1,15E-4;286,81;1,99E-4
3,241;0,303;0,991;9,35E-5;93,51;-3,82E-5;286,77;1,49E-4
3,242;0,304;0,992;9,36E-5;93,55;-2,04E-4;286,88;3,06E-4
3,243;0,304;0,993;9,36E-5;93,57;-2,80E-4;286,91;3,60E-4
3,244;0,304;0,992;9,36E-5;93,56;-2,42E-4;286,89;3,22E-4
3,245;0,303;0,992;9,35E-5;93,53;-1,00E-4;286,79;1,70E-4
3,246;0,304;0,992;9,36E-5;93,56;-2,62E-4;286,90;3,37E-4
3,247;0,303;0,991;9,35E-5;93,51;-2,18E-5;286,76;1,27E-4
3,248;0,303;0,992;9,35E-5;93,53;-1,15E-4;286,87;2,87E-4
3,249;0,304;0,992;9,35E-5;93,54;-1,76E-4;286,85;2,57E-4
3,250;0,304;0,993;9,36E-5;93,56;-2,55E-4;286,94;3,93E-4
3,251;0,303;0,992;9,35E-5;93,54;-1,44E-4;286,83;2,37E-4
3,252;0,303;0,991;9,35E-5;93,51;-3,46E-5;286,76;1,32E-4
3,253;0,302;0,991;9,35E-5;93,51;-3,64E-6;286,69;2,59E-5
3,254;0,303;0,992;9,35E-5;93,52;-7,10E-5;286,80;1,81E-4
3,255;0,303;0,992;9,35E-5;93,53;-1,13E-4;286,80;1,81E-4
3,256;0,302;0,991;9,35E-5;93,51;-1,82E-6;286,69;1,51E-5
3,257;0,302;0,991;9,35E-5;93,51;-1,09E-5;286,73;7,99E-5
3,258;0,302;0,990;9,35E-5;93,49;8,55E-5;286,63;-6,69E-5
3,259;0,303;0,991;9,35E-5;93,51;-3,64E-5;286,77;1,45E-4
3,260;0,303;0,992;9,35E-5;93,54;-1,46E-4;286,82;2,14E-4
3,261;0,302;0,991;9,35E-5;93,50;4,55E-5;286,72;6,48E-5
3,262;0,302;0,991;9,35E-5;93,51;-3,64E-6;286,77;1,40E-4
3,263;0,304;0,993;9,35E-5;93,54;-1,75E-4;286,90;3,45E-4
3,264;0,303;0,992;9,35E-5;93,53;-8,73E-5;286,80;1,92E-4
3,265;0,304;0,993;9,36E-5;93,56;-2,42E-4;286,91;3,47E-4
3,266;0,303;0,992;9,35E-5;93,54;-1,47E-4;286,83;2,33E-4
3,267;0,304;0,992;9,35E-5;93,55;-1,87E-4;286,89;3,22E-4
3,268;0,303;0,992;9,35E-5;93,53;-1,16E-4;286,81;1,96E-4
3,269;0,303;0,991;9,35E-5;93,51;-2,55E-5;286,76;1,32E-4
3,270;0,302;0,991;9,35E-5;93,51;3,64E-6;286,77;1,36E-4
3,271;0,303;0,992;9,35E-5;93,51;-4,00E-5;286,79;1,66E-4
3,272;0,304;0,992;9,35E-5;93,55;-1,98E-4;286,88;3,04E-4
3,273;0,303;0,991;9,35E-5;93,52;-7,83E-5;286,77;1,49E-4
3,274;0,302;0,991;9,35E-5;93,51;-7,28E-6;286,71;4,96E-5
3,275;0,302;0,991;9,35E-5;93,51;5,46E-6;286,73;7,55E-5
3,276;0,303;0,991;9,35E-5;93,52;-6,92E-5;286,77;1,49E-4
3,277;0,303;0,991;9,35E-5;93,52;-7,10E-5;286,76;1,23E-4
3,278;0,304;0,992;9,35E-5;93,55;-1,80E-4;286,85;2,63E-4
3,279;0,303;0,991;9,35E-5;93,52;-4,37E-5;286,73;8,20E-5
3,280;0,304;0,992;9,35E-5;93,54;-1,76E-4;286,89;3,28E-4
3,281;0,302;0,991;9,35E-5;93,51;-1,82E-6;286,74;1,01E-4
3,282;0,301;0,990;9,35E-5;93,48;1,35E-4;286,64;-5,61E-5
3,283;0,302;0,991;9,35E-5;93,49;6,37E-5;286,70;3,89E-5
3,284;0,303;0,992;9,35E-5;93,52;-6,01E-5;286,81;2,05E-4
3,285;0,303;0,992;9,35E-5;93,54;-1,64E-4;286,89;3,19E-4
3,286;0,304;0,993;9,36E-5;93,56;-2,49E-4;286,91;3,47E-4
3,287;0,304;0,992;9,35E-5;93,55;-1,86E-4;286,88;3,04E-4
3,288;0,302;0,991;9,35E-5;93,50;2,00E-5;286,73;7,55E-5
3,289;0,303;0,992;9,35E-5;93,53;-8,73E-5;286,83;2,27E-4
3,290;0,304;0,992;9,36E-5;93,56;-2,33E-4;286,90;3,39E-4
3,291;0,303;0,992;9,35E-5;93,53;-1,07E-4;286,83;2,40E-4
3,292;0,303;0,991;9,35E-5;93,52;-6,01E-5;286,77;1,42E-4
3,293;0,303;0,991;9,35E-5;93,52;-8,37E-5;286,77;1,38E-4
3,294;0,303;0,991;9,35E-5;93,52;-4,73E-5;286,76;1,27E-4
3,295;0,302;0,991;9,35E-5;93,49;6,19E-5;286,70;3,02E-5
3,296;0,303;0,991;9,35E-5;93,52;-8,37E-5;286,77;1,45E-4
3,297;0,302;0,991;9,35E-5;93,49;6,92E-5;286,69;1,73E-5
3,298;0,302;0,991;9,35E-5;93,51;-1,46E-5;286,76;1,23E-4
3,299;0,302;0,991;9,35E-5;93,51;1,82E-6;286,74;9,71E-5
3,300;0,303;0,992;9,35E-5;93,52;-8,19E-5;286,82;2,11E-4
3,301;0,303;0,991;9,35E-5;93,51;-2,73E-5;286,70;4,32E-5
3,302;0,304;0,993;9,36E-5;93,56;-2,31E-4;286,91;3,52E-4
3,303;0,303;0,992;9,35E-5;93,54;-1,36E-4;286,84;2,52E-4
3,304;0,302;0,991;9,35E-5;93,51;-1,82E-5;286,73;7,99E-5
3,305;0,302;0,991;9,35E-5;93,50;1,46E-5;286,72;6,26E-5
3,306;0,303;0,991;9,35E-5;93,51;-3,09E-5;286,76;1,27E-4
3,307;0,303;0,992;9,35E-5;93,52;-7,28E-5;286,79;1,70E-4
3,308;0,303;0,992;9,35E-5;93,53;-1,20E-4;286,81;2,07E-4
3,309;0,303;0,991;9,35E-5;93,52;-5,64E-5;286,77;1,45E-4
3,310;0,303;0,991;9,35E-5;93,51;-3,82E-5;286,76;1,25E-4
3,311;0,304;0,992;9,35E-5;93,54;-1,76E-4;286,88;3,06E-4
3,312;0,302;0,991;9,35E-5;93,50;1,64E-5;286,73;7,55E-5
3,313;0,303;0,992;9,35E-5;93,53;-1,29E-4;286,85;2,70E-4
3,314;0,304;0,993;9,35E-5;93,54;-1,78E-4;286,91;3,56E-4
3,315;0,303;0,991;9,35E-5;93,52;-7,28E-5;286,76;1,25E-4
3,316;0,303;0,992;9,35E-5;93,54;-1,36E-4;286,80;1,92E-4
3,317;0,304;0,992;9,36E-5;93,55;-2,17E-4;286,90;3,32E-4
3,318;0,303;0,992;9,35E-5;93,52;-6,37E-5;286,78;1,64E-4
3,319;0,304;0,992;9,35E-5;93,55;-1,87E-4;286,88;3,09E-4
3,320;0,304;0,992;9,35E-5;93,55;-2,00E-4;286,88;3,06E-4
3,321;0,303;0,992;9,35E-5;93,53;-1,18E-4;286,82;2,22E-4
3,322;0,304;0,992;9,35E-5;93,54;-1,75E-4;286,87;2,87E-4
3,323;0,303;0,992;9,35E-5;93,54;-1,66E-4;286,87;3,00E-4
3,324;0,303;0,992;9,35E-5;93,54;-1,66E-4;286,85;2,65E-4
3,325;0,305;0,993;9,36E-5;93,57;-3,17E-4;286,94;4,01E-4
3,326;0,304;0,992;9,36E-5;93,55;-2,13E-4;286,87;2,87E-4
3,327;0,304;0,993;9,36E-5;93,56;-2,71E-4;286,92;3,69E-4
3,328;0,303;0,992;9,35E-5;93,52;-7,64E-5;286,78;1,64E-4
3,329;0,302;0,991;9,35E-5;93,50;1,64E-5;286,72;6,91E-5
3,330;0,303;0,991;9,35E-5;93,52;-5,28E-5;286,77;1,40E-4
3,331;0,302;0,991;9,35E-5;93,49;6,01E-5;286,69;2,59E-5
3,332;0,303;0,991;9,35E-5;93,53;-9,64E-5;286,77;1,40E-4
3,333;0,303;0,991;9,35E-5;93,52;-5,10E-5;286,75;1,14E-4
3,334;0,303;0,991;9,35E-5;93,51;-3,64E-5;286,72;6,48E-5
3,335;0,303;0,991;9,35E-5;93,52;-7,46E-5;286,76;1,25E-4
3,336;0,303;0,992;9,35E-5;93,53;-1,29E-4;286,81;2,07E-4
3,337;0,303;0,992;9,35E-5;93,53;-1,20E-4;286,81;2,09E-4
3,338;0,305;0,993;9,36E-5;93,58;-3,57E-4;287,00;4,96E-4
3,339;0,304;0,993;9,36E-5;93,56;-2,49E-4;286,97;4,51E-4
3,340;0,303;0,991;9,35E-5;93,52;-5,46E-5;286,77;1,42E-4
3,341;0,302;0,991;9,35E-5;93,50;3,09E-5;286,71;5,40E-5
3,342;0,303;0,991;9,35E-5;93,52;-6,01E-5;286,78;1,51E-4
3,343;0,303;0,991;9,35E-5;93,51;-3,64E-5;286,76;1,29E-4
3,344;0,303;0,992;9,35E-5;93,52;-4,55E-5;286,80;1,81E-4
3,345;0,303;0,991;9,35E-5;93,52;-8,01E-5;286,78;1,55E-4
3,346;0,303;0,992;9,35E-5;93,53;-1,00E-4;286,79;1,73E-4
3,347;0,303;0,991;9,35E-5;93,52;-5,28E-5;286,72;6,26E-5
3,348;0,303;0,992;9,35E-5;93,53;-1,11E-4;286,83;2,27E-4
3,349;0,303;0,992;9,35E-5;93,52;-8,37E-5;286,79;1,75E-4
3,350;0,302;0,991;9,35E-5;93,50;3,09E-5;286,70;3,02E-5
3,351;0,302;0,990;9,35E-5;93,49;7,64E-5;286,65;-3,67E-5
3,352;0,303;0,992;9,35E-5;93,52;-5,82E-5;286,79;1,68E-4
3,353;0,303;0,992;9,35E-5;93,53;-1,06E-4;286,85;2,70E-4
3,354;0,303;0,992;9,35E-5;93,54;-1,46E-4;286,83;2,35E-4
3,355;0,303;0,992;9,35E-5;93,54;-1,55E-4;286,85;2,65E-4
3,356;0,303;0,992;9,35E-5;93,53;-1,11E-4;286,80;1,86E-4
3,357;0,303;0,992;9,35E-5;93,54;-1,36E-4;286,83;2,35E-4
3,358;0,304;0,992;9,35E-5;93,54;-1,75E-4;286,83;2,40E-4
3,359;0,302;0,991;9,35E-5;93,51;5,46E-6;286,70;3,67E-5
3,360;0,301;0,990;9,35E-5;93,46;1,95E-4;286,58;-1,49E-4
3,361;0,303;0,991;9,35E-5;93,52;-4,55E-5;286,73;7,77E-5
3,362;0,304;0,992;9,35E-5;93,55;-1,82E-4;286,85;2,68E-4
3,363;0,304;0,993;9,36E-5;93,56;-2,57E-4;286,91;3,60E-4
3,364;0,303;0,992;9,35E-5;93,53;-1,16E-4;286,87;2,89E-4
3,365;0,302;0,991;9,35E-5;93,49;6,92E-5;286,67;-8,63E-6
3,366;0,302;0,991;9,35E-5;93,50;2,55E-5;286,73;8,85E-5
3,367;0,303;0,991;9,35E-5;93,51;-2,00E-5;286,73;8,20E-5
3,368;0,303;0,991;9,35E-5;93,52;-4,73E-5;286,78;1,51E-4
3,369;0,303;0,992;9,35E-5;93,54;-1,35E-4;286,86;2,74E-4
3,370;0,302;0,991;9,35E-5;93,50;4,55E-5;286,73;8,85E-5
3,371;0,303;0,991;9,35E-5;93,51;-4,00E-5;286,75;1,08E-4
3,372;0,302;0,990;9,35E-5;93,48;1,02E-4;286,66;-1,94E-5
3,373;0,302;0,991;9,35E-5;93,50;7,28E-6;286,71;5,61E-5
3,374;0,302;0,991;9,35E-5;93,50;3,64E-5;286,69;2,16E-5
3,375;0,303;0,991;9,35E-5;93,52;-8,55E-5;286,76;1,27E-4
3,376;0,303;0,991;9,35E-5;93,51;-3,09E-5;286,77;1,40E-4
3,377;0,303;0,991;9,35E-5;93,51;-4,00E-5;286,76;1,32E-4
3,378;0,303;0,991;9,35E-5;93,52;-6,01E-5;286,73;8,85E-5
3,379;0,303;0,991;9,35E-5;93,53;-8,92E-5;286,78;1,53E-4
3,380;0,303;0,991;9,35E-5;93,51;-2,73E-5;286,73;7,99E-5
3,381;0,303;0,991;9,35E-5;93,51;-2,55E-5;286,75;1,08E-4
3,382;0,303;0,991;9,35E-5;93,52;-5,10E-5;286,78;1,53E-4
3,383;0,302;0,991;9,35E-5;93,50;7,28E-6;286,71;4,75E-5
3,384;0,303;0,992;9,35E-5;93,54;-1,44E-4;286,80;1,94E-4
3,385;0,301;0,990;9,35E-5;93,46;2,02E-4;286,56;-1,84E-4
3,386;0,303;0,991;9,35E-5;93,52;-7,64E-5;286,77;1,40E-4
3,387;0,303;0,992;9,35E-5;93,52;-5,28E-5;286,80;1,92E-4
3,388;0,302;0,991;9,35E-5;93,50;2,00E-5;286,71;5,40E-5
3,389;0,302;0,991;9,35E-5;93,50;2,18E-5;286,72;6,91E-5
3,390;0,303;0,992;9,35E-5;93,52;-7,64E-5;286,78;1,64E-4
3,391;0,302;0,991;9,35E-5;93,51;-1,27E-5;286,74;9,28E-5
3,392;0,303;0,991;9,35E-5;93,52;-4,37E-5;286,77;1,47E-4
3,393;0,303;0,992;9,35E-5;93,53;-1,18E-4;286,81;2,05E-4
3,394;0,302;0,991;9,35E-5;93,51;3,64E-6;286,77;1,36E-4
3,395;0,302;0,991;9,35E-5;93,51;1,82E-6;286,73;7,77E-5
3,396;0,302;0,991;9,35E-5;93,51;-7,28E-6;286,77;1,36E-4
3,397;0,304;0,993;9,36E-5;93,57;-3,00E-4;286,98;4,62E-4
3,398;0,304;0,992;9,36E-5;93,55;-2,09E-4;286,89;3,30E-4
3,399;0,303;0,992;9,35E-5;93,53;-1,26E-4;286,84;2,42E-4
3,400;0,302;0,991;9,35E-5;93,49;6,01E-5;286,72;6,26E-5
3,401;0,303;0,992;9,35E-5;93,53;-1,22E-4;286,81;2,03E-4
3,402;0,302;0,991;9,35E-5;93,50;1,82E-5;286,72;6,91E-5
3,403;0,301;0,990;9,35E-5;93,48;1,42E-4;286,62;-9,07E-5
3,404;0,303;0,992;9,35E-5;93,53;-1,11E-4;286,84;2,44E-4
3,405;0,304;0,993;9,36E-5;93,55;-2,07E-4;286,93;3,91E-4
3,406;0,303;0,992;9,35E-5;93,52;-6,73E-5;286,79;1,66E-4
3,407;0,304;0,993;9,36E-5;93,56;-2,47E-4;286,92;3,73E-4
3,408;0,303;0,991;9,35E-5;93,51;-2,91E-5;286,74;9,28E-5
3,409;0,303;0,992;9,35E-5;93,53;-1,24E-4;286,83;2,37E-4
3,410;0,304;0,992;9,35E-5;93,54;-1,71E-4;286,86;2,83E-4
3,411;0,305;0,994;9,36E-5;93,60;-4,18E-4;287,07;5,98E-4
3,412;0,304;0,992;9,35E-5;93,54;-1,75E-4;286,84;2,44E-4
3,413;0,303;0,992;9,35E-5;93,54;-1,60E-4;286,86;2,72E-4
3,414;0,303;0,991;9,35E-5;93,52;-6,19E-5;286,74;9,50E-5
3,415;0,303;0,992;9,35E-5;93,51;-2,73E-5;286,78;1,64E-4
3,416;0,302;0,990;9,35E-5;93,48;1,16E-4;286,66;-3,24E-5
3,417;0,302;0,992;9,35E-5;93,51;-7,28E-6;286,80;1,83E-4
3,418;0,302;0,991;9,35E-5;93,51;0,00;286,75;1,12E-4
3,419;0,303;0,991;9,35E-5;93,52;-7,28E-5;286,78;1,55E-4
3,420;0,303;0,992;9,35E-5;93,53;-1,31E-4;286,85;2,61E-4
3,421;0,303;0,991;9,35E-5;93,52;-5,10E-5;286,73;8,20E-5
3,422;0,303;0,991;9,35E-5;93,52;-4,19E-5;286,77;1,36E-4
3,423;0,303;0,992;9,35E-5;93,52;-8,19E-5;286,79;1,70E-4
3,424;0,303;0,992;9,35E-5;93,54;-1,56E-4;286,83;2,37E-4
3,425;0,303;0,992;9,35E-5;93,54;-1,64E-4;286,85;2,59E-4
3,426;0,303;0,992;9,35E-5;93,53;-1,07E-4;286,82;2,14E-4
3,427;0,303;0,992;9,35E-5;93,53;-1,07E-4;286,80;1,86E-4
3,428;0,304;0,992;9,35E-5;93,55;-1,82E-4;286,86;2,81E-4
3,429;0,303;0,992;9,35E-5;93,53;-1,22E-4;286,79;1,77E-4
3,430;0,303;0,992;9,35E-5;93,52;-5,64E-5;286,79;1,70E-4
3,431;0,303;0,992;9,35E-5;93,52;-5,10E-5;286,79;1,75E-4
3,432;0,302;0,991;9,35E-5;93,50;4,00E-5;286,67;-6,48E-6
3,433;0,302;0,991;9,35E-5;93,51;-3,64E-6;286,72;7,12E-5
3,434;0,302;0,991;9,35E-5;93,51;-5,46E-6;286,70;4,10E-5
3,435;0,303;0,992;9,35E-5;93,53;-1,13E-4;286,80;1,86E-4
3,436;0,303;0,991;9,35E-5;93,51;-3,64E-5;286,76;1,27E-4
3,437;0,303;0,992;9,35E-5;93,52;-7,10E-5;286,80;1,86E-4
3,438;0,303;0,992;9,35E-5;93,53;-1,31E-4;286,84;2,46E-4
3,439;0,302;0,990;9,35E-5;93,49;8,01E-5;286,66;-3,24E-5
3,440;0,301;0,990;9,35E-5;93,47;1,69E-4;286,60;-1,19E-4
3,441;0,303;0,992;9,35E-5;93,52;-4,37E-5;286,79;1,77E-4
3,442;0,303;0,992;9,35E-5;93,54;-1,60E-4;286,85;2,70E-4
3,443;0,303;0,991;9,35E-5;93,52;-5,82E-5;286,77;1,49E-4
3,444;0,303;0,992;9,35E-5;93,53;-1,00E-4;286,82;2,18E-4
3,445;0,302;0,991;9,35E-5;93,51;-1,27E-5;286,75;1,06E-4
3,446;0,303;0,991;9,35E-5;93,52;-5,10E-5;286,76;1,29E-4
3,447;0,303;0,992;9,35E-5;93,52;-4,55E-5;286,81;1,99E-4
3,448;0,304;0,992;9,35E-5;93,55;-1,87E-4;286,87;2,89E-4
3,449;0,303;0,991;9,35E-5;93,51;-2,00E-5;286,73;8,85E-5
3,450;0,303;0,992;9,35E-5;93,53;-1,20E-4;286,80;1,94E-4
3,451;0,302;0,991;9,35E-5;93,51;-1,64E-5;286,72;7,34E-5
3,452;0,303;0,991;9,35E-5;93,51;-2,55E-5;286,73;7,55E-5
3,453;0,302;0,991;9,35E-5;93,49;7,10E-5;286,71;4,75E-5
3,454;0,303;0,992;9,35E-5;93,54;-1,49E-4;286,85;2,57E-4
3,455;0,302;0,991;9,35E-5;93,50;3,64E-5;286,70;3,67E-5
3,456;0,303;0,992;9,35E-5;93,52;-6,01E-5;286,79;1,66E-4
3,457;0,303;0,991;9,35E-5;93,51;-3,64E-5;286,77;1,40E-4
3,458;0,304;0,992;9,35E-5;93,55;-2,00E-4;286,89;3,28E-4
3,459;0,303;0,992;9,35E-5;93,53;-1,00E-4;286,82;2,18E-4
3,460;0,302;0,991;9,35E-5;93,50;3,28E-5;286,69;2,16E-5
3,461;0,301;0,990;9,35E-5;93,47;1,49E-4;286,63;-7,12E-5
3,462;0,301;0,990;9,35E-5;93,48;1,38E-4;286,62;-9,07E-5
3,463;0,302;0,990;9,35E-5;93,48;1,07E-4;286,65;-3,45E-5
3,464;0,302;0,991;9,35E-5;93,50;3,64E-5;286,76;1,23E-4
3,465;0,304;0,992;9,36E-5;93,55;-2,17E-4;286,88;3,09E-4
3,466;0,305;0,993;9,36E-5;93,58;-3,20E-4;286,97;4,51E-4
3,467;0,304;0,992;9,35E-5;93,55;-1,89E-4;286,85;2,65E-4
3,468;0,302;0,991;9,35E-5;93,51;-1,09E-5;286,77;1,49E-4
3,469;0,303;0,992;9,35E-5;93,54;-1,53E-4;286,82;2,22E-4
3,470;0,303;0,991;9,35E-5;93,52;-6,55E-5;286,77;1,40E-4
3,471;0,303;0,992;9,35E-5;93,52;-8,55E-5;286,79;1,75E-4
3,472;0,303;0,992;9,35E-5;93,52;-5,64E-5;286,80;1,86E-4
3,473;0,303;0,991;9,35E-5;93,52;-4,55E-5;286,74;9,28E-5
3,474;0,302;0,991;9,35E-5;93,50;2,00E-5;286,71;4,96E-5
3,475;0,302;0,991;9,35E-5;93,50;2,55E-5;286,73;8,20E-5
3,476;0,303;0,992;9,35E-5;93,53;-1,11E-4;286,81;1,99E-4
3,477;0,304;0,993;9,36E-5;93,57;-2,97E-4;286,95;4,16E-4
3,478;0,303;0,991;9,35E-5;93,51;-2,73E-5;286,70;4,32E-5
3,479;0,302;0,991;9,35E-5;93,49;8,01E-5;286,67;-1,30E-5
3,480;0,303;0,992;9,35E-5;93,54;-1,42E-4;286,83;2,33E-4
3,481;0,304;0,992;9,35E-5;93,54;-1,71E-4;286,88;3,13E-4
3,482;0,303;0,992;9,35E-5;93,54;-1,49E-4;286,82;2,16E-4
3,483;0,302;0,991;9,35E-5;93,51;-1,09E-5;286,74;9,93E-5
3,484;0,303;0,992;9,35E-5;93,53;-9,28E-5;286,81;2,05E-4
3,485;0,304;0,992;9,35E-5;93,54;-1,67E-4;286,86;2,72E-4
3,486;0,304;0,992;9,35E-5;93,54;-1,69E-4;286,88;3,15E-4
3,487;0,302;0,991;9,35E-5;93,51;-1,09E-5;286,70;4,32E-5
3,488;0,302;0,990;9,35E-5;93,49;6,73E-5;286,63;-7,56E-5
3,489;0,302;0,991;9,35E-5;93,49;8,19E-5;286,67;-1,30E-5
3,490;0,304;0,992;9,35E-5;93,54;-1,78E-4;286,88;3,06E-4
3,491;0,303;0,992;9,35E-5;93,54;-1,64E-4;286,89;3,24E-4
3,492;0,304;0,992;9,36E-5;93,56;-2,46E-4;286,88;3,15E-4
3,493;0,303;0,991;9,35E-5;93,52;-7,10E-5;286,76;1,25E-4
3,494;0,303;0,991;9,35E-5;93,52;-5,46E-5;286,77;1,42E-4
3,495;0,304;0,992;9,35E-5;93,55;-1,87E-4;286,87;2,98E-4
3,496;0,304;0,993;9,36E-5;93,57;-3,15E-4;286,95;4,14E-4
3,497;0,302;0,991;9,35E-5;93,51;0,00;286,73;8,85E-5
3,498;0,302;0,990;9,35E-5;93,48;1,15E-4;286,62;-8,85E-5
3,499;0,302;0,991;9,35E-5;93,50;4,91E-5;286,70;3,24E-5
3,500;0,303;0,992;9,35E-5;93,52;-8,37E-5;286,83;2,31E-4
3,501;0,304;0,992;9,35E-5;93,55;-1,89E-4;286,89;3,30E-4
3,502;0,303;0,991;9,35E-5;93,52;-8,01E-5;286,77;1,42E-4
3,503;0,302;0,991;9,35E-5;93,49;7,28E-5;286,68;8,63E-6
3,504;0,301;0,991;9,35E-5;93,48;1,33E-4;286,68;0,00
3,505;0,303;0,992;9,35E-5;93,53;-1,22E-4;286,83;2,40E-4
3,506;0,304;0,993;9,36E-5;93,57;-2,80E-4;286,95;4,21E-4
3,507;0,305;0,993;9,36E-5;93,58;-3,26E-4;287,00;4,85E-4
3,508;0,303;0,991;9,35E-5;93,52;-8,01E-5;286,76;1,32E-4
3,509;0,302;0,990;9,35E-5;93,49;6,37E-5;286,66;-1,94E-5
3,510;0,303;0,992;9,35E-5;93,53;-1,02E-4;286,83;2,29E-4
3,511;0,303;0,991;9,35E-5;93,52;-8,55E-5;286,78;1,60E-4
3,512;0,303;0,991;9,35E-5;93,52;-6,19E-5;286,77;1,36E-4
3,513;0,303;0,992;9,35E-5;93,53;-1,27E-4;286,80;1,94E-4
3,514;0,302;0,991;9,35E-5;93,51;-1,82E-6;286,75;1,12E-4
3,515;0,304;0,992;9,35E-5;93,55;-1,82E-4;286,85;2,65E-4
3,516;0,303;0,991;9,35E-5;93,51;-2,00E-5;286,71;4,75E-5
3,517;0,302;0,991;9,35E-5;93,51;-1,46E-5;286,69;2,16E-5
3,518;0,303;0,991;9,35E-5;93,52;-8,01E-5;286,77;1,38E-4
3,519;0,303;0,992;9,35E-5;93,53;-1,07E-4;286,78;1,64E-4
3,520;0,303;0,991;9,35E-5;93,52;-6,92E-5;286,78;1,58E-4
3,521;0,303;0,992;9,35E-5;93,52;-7,83E-5;286,81;2,01E-4
3,522;0,303;0,991;9,35E-5;93,53;-9,64E-5;286,77;1,45E-4
3,523;0,303;0,991;9,35E-5;93,52;-8,55E-5;286,78;1,53E-4
3,524;0,302;0,991;9,35E-5;93,50;2,18E-5;286,68;2,16E-6
3,525;0,303;0,991;9,35E-5;93,52;-8,01E-5;286,78;1,53E-4
3,526;0,304;0,992;9,36E-5;93,56;-2,37E-4;286,89;3,26E-4
3,527;0,304;0,992;9,36E-5;93,56;-2,40E-4;286,90;3,32E-4
3,528;0,302;0,990;9,35E-5;93,49;6,55E-5;286,66;-2,37E-5
3,529;0,302;0,991;9,35E-5;93,51;-3,64E-6;286,70;3,45E-5
3,530;0,303;0,992;9,35E-5;93,53;-1,04E-4;286,78;1,64E-4
3,531;0,303;0,991;9,35E-5;93,51;-3,46E-5;286,75;1,14E-4
3,532;0,303;0,991;9,35E-5;93,54;-1,35E-4;286,77;1,42E-4
3,533;0,303;0,992;9,35E-5;93,54;-1,53E-4;286,81;2,09E-4
3,534;0,303;0,992;9,35E-5;93,54;-1,38E-4;286,83;2,35E-4
3,535;0,303;0,992;9,35E-5;93,53;-1,18E-4;286,80;1,86E-4
3,536;0,304;0,992;9,36E-5;93,55;-2,15E-4;286,86;2,74E-4
3,537;0,304;0,992;9,35E-5;93,55;-1,87E-4;286,85;2,68E-4
3,538;0,303;0,992;9,35E-5;93,53;-9,46E-5;286,82;2,18E-4
3,539;0,303;0,991;9,35E-5;93,52;-8,37E-5;286,75;1,19E-4
3,540;0,303;0,992;9,35E-5;93,53;-1,06E-4;286,81;2,09E-4
3,541;0,304;0,992;9,35E-5;93,54;-1,69E-4;286,82;2,18E-4
3,542;0,302;0,991;9,35E-5;93,51;-1,82E-5;286,75;1,14E-4
3,543;0,302;0,991;9,35E-5;93,51;-1,09E-5;286,76;1,23E-4
3,544;0,302;0,991;9,35E-5;93,49;6,55E-5;286,69;1,51E-5
3,545;0,303;0,991;9,35E-5;93,51;-3,28E-5;286,70;4,32E-5
3,546;0,302;0,991;9,35E-5;93,49;9,65E-5;286,68;1,08E-5
3,547;0,302;0,991;9,35E-5;93,51;-3,64E-6;286,68;8,63E-6
3,548;0,302;0,991;9,35E-5;93,51;-1,64E-5;286,78;1,58E-4
3,549;0,303;0,992;9,35E-5;93,53;-1,18E-4;286,79;1,70E-4
3,550;0,302;0,991;9,35E-5;93,51;0,00;286,70;4,10E-5
3,551;0,301;0,990;9,35E-5;93,47;1,64E-4;286,62;-9,07E-5
3,552;0,302;0,991;9,35E-5;93,50;2,37E-5;286,72;6,04E-5
3,553;0,303;0,992;9,35E-5;93,53;-1,11E-4;286,82;2,24E-4
3,554;0,303;0,991;9,35E-5;93,51;-3,09E-5;286,72;6,91E-5
3,555;0,302;0,991;9,35E-5;93,51;-9,10E-6;286,76;1,27E-4
3,556;0,302;0,991;9,35E-5;93,49;6,01E-5;286,68;0,00
3,557;0,302;0,991;9,35E-5;93,51;-3,64E-6;286,73;8,20E-5
3,558;0,302;0,991;9,35E-5;93,49;5,28E-5;286,72;6,48E-5
3,559;0,302;0,991;9,35E-5;93,49;6,73E-5;286,67;-6,48E-6
3,560;0,301;0,990;9,35E-5;93,48;1,42E-4;286,61;-1,01E-4
3,561;0,304;0,992;9,35E-5;93,55;-1,97E-4;286,83;2,33E-4
3,562;0,303;0,992;9,35E-5;93,54;-1,55E-4;286,83;2,35E-4
3,563;0,304;0,993;9,36E-5;93,57;-3,06E-4;286,94;3,97E-4
3,564;0,304;0,992;9,35E-5;93,55;-1,87E-4;286,86;2,74E-4
3,565;0,304;0,992;9,36E-5;93,55;-2,15E-4;286,87;3,00E-4
3,566;0,303;0,991;9,35E-5;93,51;-2,55E-5;286,74;9,93E-5
3,567;0,303;0,991;9,35E-5;93,52;-7,64E-5;286,75;1,17E-4
3,568;0,304;0,992;9,36E-5;93,55;-2,04E-4;286,88;3,15E-4
3,569;0,303;0,991;9,35E-5;93,51;-2,55E-5;286,78;1,51E-4
3,570;0,303;0,992;9,35E-5;93,53;-1,09E-4;286,81;1,99E-4
3,571;0,303;0,992;9,35E-5;93,53;-1,26E-4;286,83;2,40E-4
3,572;0,304;0,992;9,35E-5;93,54;-1,73E-4;286,87;3,00E-4
3,573;0,303;0,992;9,35E-5;93,53;-1,16E-4;286,81;2,01E-4
3,574;0,303;0,992;9,35E-5;93,53;-1,24E-4;286,81;2,05E-4
3,575;0,304;0,992;9,35E-5;93,55;-1,89E-4;286,86;2,81E-4
3,576;0,304;0,992;9,35E-5;93,55;-1,84E-4;286,85;2,65E-4
3,577;0,302;0,991;9,35E-5;93,51;-1,27E-5;286,74;9,71E-5
3,578;0,303;0,991;9,35E-5;93,53;-1,00E-4;286,78;1,51E-4
3,579;0,304;0,992;9,35E-5;93,55;-1,93E-4;286,88;3,06E-4
3,580;0,304;0,992;9,36E-5;93,55;-2,11E-4;286,90;3,34E-4
3,581;0,303;0,992;9,35E-5;93,54;-1,35E-4;286,85;2,63E-4
3,582;0,303;0,991;9,35E-5;93,51;-3,28E-5;286,76;1,29E-4
3,583;0,303;0,992;9,35E-5;93,53;-1,16E-4;286,80;1,86E-4
3,584;0,302;0,990;9,35E-5;93,48;1,16E-4;286,66;-2,81E-5
3,585;0,304;0,992;9,35E-5;93,54;-1,76E-4;286,87;2,98E-4
3,586;0,304;0,992;9,35E-5;93,55;-1,84E-4;286,87;2,87E-4
3,587;0,303;0,991;9,35E-5;93,52;-6,73E-5;286,76;1,27E-4
3,588;0,302;0,991;9,35E-5;93,51;-3,64E-6;286,73;8,42E-5
3,589;0,302;0,991;9,35E-5;93,51;-3,64E-6;286,74;9,50E-5
3,590;0,302;0,991;9,35E-5;93,49;6,19E-5;286,69;2,37E-5
3,591;0,302;0,991;9,35E-5;93,49;5,64E-5;286,70;3,67E-5
3,592;0,302;0,991;9,35E-5;93,49;8,01E-5;286,71;4,53E-5
3,593;0,302;0,991;9,35E-5;93,50;3,09E-5;286,74;9,28E-5
3,594;0,304;0,992;9,35E-5;93,55;-1,82E-4;286,89;3,26E-4
3,595;0,303;0,992;9,35E-5;93,52;-7,64E-5;286,81;2,03E-4
3,596;0,303;0,991;9,35E-5;93,51;-2,37E-5;286,75;1,19E-4
3,597;0,304;0,993;9,36E-5;93,57;-2,82E-4;286,94;4,06E-4
3,598;0,304;0,993;9,36E-5;93,57;-2,73E-4;286,91;3,58E-4
3,599;0,303;0,991;9,35E-5;93,52;-5,82E-5;286,77;1,40E-4
3,600;0,303;0,992;9,35E-5;93,52;-5,46E-5;286,80;1,92E-4
3,601;0,303;0,992;9,35E-5;93,53;-1,20E-4;286,83;2,40E-4
3,602;0,302;0,991;9,35E-5;93,50;1,46E-5;286,72;6,91E-5
3,603;0,303;0,991;9,35E-5;93,52;-6,92E-5;286,76;1,29E-4
3,604;0,302;0,991;9,35E-5;93,51;-1,82E-6;286,73;8,63E-5
3,605;0,303;0,992;9,35E-5;93,52;-8,55E-5;286,80;1,83E-4
3,606;0,303;0,992;9,35E-5;93,53;-1,02E-4;286,80;1,88E-4
3,607;0,303;0,992;9,35E-5;93,53;-1,24E-4;286,84;2,42E-4
3,608;0,303;0,992;9,35E-5;93,53;-1,33E-4;286,88;3,13E-4
3,609;0,303;0,992;9,35E-5;93,52;-6,73E-5;286,80;1,83E-4
3,610;0,302;0,991;9,35E-5;93,50;2,55E-5;286,75;1,14E-4
3,611;0,302;0,990;9,35E-5;93,50;2,00E-5;286,65;-3,45E-5
3,612;0,303;0,992;9,35E-5;93,52;-7,83E-5;286,78;1,64E-4
3,613;0,302;0,991;9,35E-5;93,51;-1,09E-5;286,73;7,99E-5
3,614;0,303;0,991;9,35E-5;93,52;-7,64E-5;286,78;1,53E-4
3,615;0,304;0,993;9,36E-5;93,55;-2,06E-4;286,94;3,97E-4
3,616;0,302;0,991;9,35E-5;93,51;0,00;286,70;3,45E-5
3,617;0,303;0,991;9,35E-5;93,52;-8,37E-5;286,78;1,53E-4
3,618;0,303;0,992;9,35E-5;93,52;-4,91E-5;286,80;1,88E-4
3,619;0,302;0,990;9,35E-5;93,48;1,16E-4;286,65;-4,10E-5
3,620;0,303;0,991;9,35E-5;93,51;-3,09E-5;286,76;1,23E-4
3,621;0,304;0,992;9,36E-5;93,55;-2,17E-4;286,89;3,30E-4
3,622;0,305;0,993;9,36E-5;93,58;-3,26E-4;287,01;4,98E-4
3,623;0,304;0,992;9,35E-5;93,55;-1,80E-4;286,86;2,74E-4
3,624;0,303;0,992;9,35E-5;93,52;-8,37E-5;286,81;2,09E-4
3,625;0,303;0,992;9,35E-5;93,52;-5,28E-5;286,81;2,03E-4
3,626;0,302;0,991;9,35E-5;93,50;4,37E-5;286,73;7,99E-5
3,627;0,303;0,992;9,35E-5;93,53;-1,20E-4;286,87;2,89E-4
3,628;0,303;0,992;9,35E-5;93,53;-1,04E-4;286,86;2,74E-4
3,629;0,302;0,991;9,35E-5;93,50;7,28E-6;286,71;5,40E-5
3,630;0,303;0,992;9,35E-5;93,52;-5,46E-5;286,80;1,90E-4
3,631;0,303;0,992;9,35E-5;93,52;-8,37E-5;286,81;1,99E-4
3,632;0,303;0,992;9,35E-5;93,52;-4,19E-5;286,79;1,68E-4
3,633;0,303;0,992;9,35E-5;93,52;-7,10E-5;286,79;1,66E-4
3,634;0,303;0,992;9,35E-5;93,53;-9,10E-5;286,84;2,52E-4
3,635;0,304;0,992;9,35E-5;93,54;-1,78E-4;286,86;2,74E-4
3,636;0,303;0,992;9,35E-5;93,53;-9,64E-5;286,85;2,68E-4
3,637;0,303;0,991;9,35E-5;93,51;-3,82E-5;286,77;1,45E-4
3,638;0,302;0,990;9,35E-5;93,49;6,92E-5;286,66;-1,94E-5
3,639;0,302;0,990;9,35E-5;93,48;1,02E-4;286,62;-7,99E-5
3,640;0,303;0,992;9,35E-5;93,53;-8,73E-5;286,82;2,16E-4
3,641;0,303;0,991;9,35E-5;93,53;-8,92E-5;286,78;1,62E-4
3,642;0,303;0,992;9,35E-5;93,53;-1,18E-4;286,84;2,44E-4
3,643;0,303;0,992;9,35E-5;93,52;-8,37E-5;286,81;1,99E-4
3,644;0,303;0,992;9,35E-5;93,52;-4,73E-5;286,78;1,64E-4
3,645;0,302;0,991;9,35E-5;93,49;5,82E-5;286,68;1,08E-5
3,646;0,302;0,991;9,35E-5;93,51;-1,82E-6;286,73;8,42E-5
3,647;0,302;0,991;9,35E-5;93,50;2,55E-5;286,69;2,59E-5
3,648;0,303;0,992;9,35E-5;93,52;-4,73E-5;286,79;1,68E-4
3,649;0,303;0,991;9,35E-5;93,51;-2,91E-5;286,76;1,34E-4
3,650;0,303;0,991;9,35E-5;93,51;-2,18E-5;286,71;5,61E-5
3,651;0,303;0,992;9,35E-5;93,53;-1,11E-4;286,80;1,92E-4
3,652;0,303;0,991;9,35E-5;93,51;-2,37E-5;286,75;1,12E-4
3,653;0,303;0,992;9,35E-5;93,53;-1,11E-4;286,82;2,11E-4
3,654;0,303;0,991;9,35E-5;93,51;-2,18E-5;286,76;1,32E-4
3,655;0,303;0,991;9,35E-5;93,52;-6,37E-5;286,78;1,58E-4
3,656;0,304;0,993;9,36E-5;93,56;-2,69E-4;286,91;3,60E-4
3,657;0,303;0,992;9,35E-5;93,53;-1,02E-4;286,82;2,11E-4
3,658;0,303;0,992;9,35E-5;93,53;-1,06E-4;286,81;1,96E-4
3,659;0,303;0,991;9,35E-5;93,52;-6,37E-5;286,78;1,55E-4
3,660;0,304;0,992;9,36E-5;93,55;-2,06E-4;286,87;2,98E-4
3,661;0,304;0,992;9,36E-5;93,55;-2,04E-4;286,90;3,37E-4
3,662;0,303;0,992;9,35E-5;93,54;-1,40E-4;286,87;3,00E-4
3,663;0,304;0,992;9,35E-5;93,55;-1,86E-4;286,89;3,30E-4
3,664;0,303;0,992;9,35E-5;93,54;-1,58E-4;286,87;2,89E-4
3,665;0,304;0,992;9,36E-5;93,55;-2,04E-4;286,86;2,81E-4
3,666;0,303;0,992;9,35E-5;93,53;-1,09E-4;286,87;2,87E-4
3,667;0,305;0,994;9,36E-5;93,57;-3,17E-4;287,04;5,48E-4
3,668;0,303;0,992;9,35E-5;93,52;-5,82E-5;286,83;2,31E-4
3,669;0,302;0,991;9,35E-5;93,48;1,11E-4;286,67;-1,30E-5
3,670;0,302;0,991;9,35E-5;93,50;7,28E-6;286,73;8,63E-5
3,671;0,302;0,991;9,35E-5;93,49;5,28E-5;286,72;6,04E-5
3,672;0,302;0,991;9,35E-5;93,50;1,27E-5;286,73;7,55E-5
3,673;0,303;0,992;9,35E-5;93,53;-8,73E-5;286,80;1,90E-4
3,674;0,303;0,992;9,35E-5;93,53;-1,09E-4;286,84;2,50E-4
3,675;0,303;0,992;9,35E-5;93,54;-1,64E-4;286,86;2,83E-4
3,676;0,304;0,993;9,35E-5;93,55;-1,87E-4;286,90;3,41E-4
3,677;0,303;0,992;9,35E-5;93,53;-1,18E-4;286,84;2,42E-4
3,678;0,303;0,991;9,35E-5;93,51;-3,09E-5;286,78;1,55E-4
3,679;0,304;0,992;9,35E-5;93,54;-1,75E-4;286,86;2,76E-4
3,680;0,304;0,993;9,36E-5;93,56;-2,38E-4;286,92;3,67E-4
3,681;0,303;0,992;9,35E-5;93,53;-1,18E-4;286,82;2,11E-4
3,682;0,302;0,991;9,35E-5;93,50;2,37E-5;286,73;8,42E-5
3,683;0,303;0,992;9,35E-5;93,53;-8,92E-5;286,80;1,88E-4
3,684;0,302;0,991;9,35E-5;93,51;-1,82E-5;286,78;1,60E-4
3,685;0,304;0,992;9,35E-5;93,54;-1,76E-4;286,88;3,13E-4
3,686;0,303;0,991;9,35E-5;93,52;-4,37E-5;286,75;1,14E-4
3,687;0,303;0,991;9,35E-5;93,51;-3,09E-5;286,76;1,34E-4
3,688;0,303;0,992;9,35E-5;93,52;-4,19E-5;286,79;1,68E-4
3,689;0,303;0,991;9,35E-5;93,51;-3,64E-5;286,77;1,45E-4
3,690;0,302;0,991;9,35E-5;93,51;-9,10E-6;286,75;1,17E-4
3,691;0,303;0,991;9,35E-5;93,51;-2,55E-5;286,74;9,50E-5
3,692;0,302;0,991;9,35E-5;93,50;4,19E-5;286,74;9,07E-5
3,693;0,304;0,992;9,35E-5;93,55;-2,00E-4;286,86;2,83E-4
3,694;0,302;0,991;9,35E-5;93,50;2,73E-5;286,71;5,18E-5
3,695;0,303;0,991;9,35E-5;93,52;-6,55E-5;286,77;1,38E-4
3,696;0,304;0,993;9,36E-5;93,56;-2,44E-4;286,92;3,62E-4
3,697;0,302;0,991;9,35E-5;93,51;5,46E-6;286,72;6,69E-5
3,698;0,302;0,991;9,35E-5;93,49;5,82E-5;286,67;-4,32E-6
3,699;0,303;0,992;9,35E-5;93,52;-6,37E-5;286,79;1,77E-4
3,700;0,305;0,993;9,36E-5;93,58;-3,37E-4;286,99;4,77E-4
3,701;0,303;0,992;9,35E-5;93,52;-7,46E-5;286,80;1,88E-4
3,702;0,303;0,992;9,35E-5;93,53;-1,33E-4;286,82;2,18E-4
3,703;0,303;0,992;9,35E-5;93,52;-5,46E-5;286,85;2,61E-4
3,704;0,302;0,990;9,35E-5;93,48;1,04E-4;286,65;-3,89E-5
3,705;0,303;0,992;9,35E-5;93,53;-1,29E-4;286,84;2,48E-4
3,706;0,304;0,993;9,35E-5;93,54;-1,67E-4;286,91;3,60E-4
3,707;0,303;0,992;9,35E-5;93,52;-8,01E-5;286,85;2,59E-4
3,708;0,303;0,992;9,35E-5;93,54;-1,62E-4;286,86;2,83E-4
3,709;0,304;0,992;9,35E-5;93,55;-1,82E-4;286,88;3,04E-4
3,710;0,304;0,993;9,36E-5;93,55;-2,20E-4;286,93;3,82E-4
3,711;0,303;0,992;9,35E-5;93,54;-1,58E-4;286,88;3,09E-4
3,712;0,303;0,992;9,35E-5;93,52;-7,46E-5;286,80;1,90E-4
3,713;0,303;0,992;9,35E-5;93,53;-1,02E-4;286,84;2,48E-4
3,714;0,303;0,992;9,35E-5;93,53;-1,00E-4;286,82;2,24E-4
3,715;0,302;0,991;9,35E-5;93,51;1,82E-6;286,74;9,93E-5
3,716;0,303;0,992;9,35E-5;93,54;-1,42E-4;286,87;3,00E-4
3,717;0,304;0,992;9,36E-5;93,55;-2,04E-4;286,88;3,02E-4
3,718;0,302;0,991;9,35E-5;93,50;4,37E-5;286,72;7,34E-5
3,719;0,303;0,992;9,35E-5;93,52;-7,28E-5;286,79;1,77E-4
3,720;0,303;0,992;9,35E-5;93,52;-5,46E-5;286,80;1,90E-4
3,721;0,303;0,992;9,35E-5;93,54;-1,36E-4;286,86;2,85E-4
3,722;0,303;0,992;9,35E-5;93,53;-1,15E-4;286,87;2,87E-4
3,723;0,304;0,993;9,36E-5;93,57;-2,75E-4;286,98;4,64E-4
3,724;0,303;0,993;9,35E-5;93,54;-1,42E-4;286,91;3,47E-4
3,725;0,303;0,992;9,35E-5;93,53;-9,64E-5;286,84;2,48E-4
3,726;0,303;0,992;9,35E-5;93,52;-8,19E-5;286,84;2,50E-4
3,727;0,302;0,991;9,35E-5;93,48;1,13E-4;286,68;8,63E-6
3,728;0,302;0,991;9,35E-5;93,49;7,10E-5;286,71;5,61E-5
3,729;0,302;0,991;9,35E-5;93,50;4,73E-5;286,70;3,89E-5
3,730;0,303;0,992;9,35E-5;93,51;-3,09E-5;286,79;1,75E-4
3,731;0,304;0,992;9,35E-5;93,54;-1,76E-4;286,86;2,74E-4
3,732;0,303;0,992;9,35E-5;93,54;-1,58E-4;286,89;3,24E-4
3,733;0,304;0,993;9,36E-5;93,57;-2,80E-4;286,96;4,25E-4
3,734;0,304;0,992;9,36E-5;93,55;-2,04E-4;286,89;3,19E-4
3,735;0,303;0,992;9,35E-5;93,53;-9,10E-5;286,84;2,55E-4
3,736;0,302;0,991;9,35E-5;93,51;-1,82E-6;286,70;3,67E-5
3,737;0,303;0,991;9,35E-5;93,52;-5,10E-5;286,78;1,58E-4
3,738;0,303;0,991;9,35E-5;93,52;-5,10E-5;286,75;1,06E-4
3,739;0,303;0,992;9,35E-5;93,54;-1,36E-4;286,85;2,63E-4
3,740;0,302;0,991;9,35E-5;93,50;2,91E-5;286,71;5,83E-5
3,741;0,303;0,992;9,35E-5;93,52;-4,91E-5;286,80;1,86E-4
3,742;0,303;0,992;9,35E-5;93,52;-6,19E-5;286,82;2,20E-4
3,743;0,303;0,992;9,35E-5;93,52;-4,73E-5;286,79;1,70E-4
3,744;0,302;0,991;9,35E-5;93,50;1,82E-5;286,73;7,77E-5
3,745;0,303;0,992;9,35E-5;93,52;-6,92E-5;286,83;2,31E-4
3,746;0,305;0,993;9,36E-5;93,57;-3,17E-4;287,00;4,83E-4
3,747;0,303;0,991;9,35E-5;93,51;-2,00E-5;286,77;1,38E-4
3,748;0,304;0,993;9,36E-5;93,57;-2,77E-4;286,96;4,36E-4
3,749;0,304;0,993;9,36E-5;93,56;-2,44E-4;286,90;3,43E-4
3,750;0,303;0,992;9,35E-5;93,52;-5,46E-5;286,82;2,11E-4
3,751;0,303;0,992;9,35E-5;93,54;-1,35E-4;286,86;2,85E-4
3,752;0,303;0,992;9,35E-5;93,51;-3,28E-5;286,79;1,73E-4
3,753;0,303;0,992;9,35E-5;93,52;-6,55E-5;286,81;2,09E-4
3,754;0,304;0,993;9,36E-5;93,56;-2,71E-4;286,97;4,40E-4
3,755;0,303;0,991;9,35E-5;93,52;-8,55E-5;286,76;1,23E-4
3,756;0,303;0,991;9,35E-5;93,51;-3,64E-5;286,78;1,60E-4
3,757;0,303;0,992;9,35E-5;93,52;-8,55E-5;286,83;2,27E-4
3,758;0,302;0,991;9,35E-5;93,49;9,46E-5;286,69;2,59E-5
3,759;0,302;0,991;9,35E-5;93,50;2,00E-5;286,69;2,59E-5
3,760;0,303;0,992;9,35E-5;93,52;-5,64E-5;286,82;2,20E-4
3,761;0,302;0,991;9,35E-5;93,50;4,91E-5;286,73;7,55E-5
3,762;0,303;0,992;9,35E-5;93,52;-7,10E-5;286,81;2,03E-4
3,763;0,302;0,991;9,35E-5;93,51;-1,09E-5;286,75;1,19E-4
3,764;0,303;0,992;9,35E-5;93,53;-9,28E-5;286,81;2,01E-4
3,765;0,304;0,993;9,36E-5;93,57;-2,91E-4;286,97;4,49E-4
3,766;0,303;0,992;9,35E-5;93,53;-1,15E-4;286,88;3,13E-4
3,767;0,304;0,993;9,36E-5;93,55;-2,04E-4;286,94;4,01E-4
3,768;0,303;0,992;9,35E-5;93,52;-4,91E-5;286,83;2,40E-4
3,769;0,302;0,991;9,35E-5;93,49;9,46E-5;286,70;4,10E-5
3,770;0,303;0,992;9,35E-5;93,53;-1,00E-4;286,84;2,42E-4
3,771;0,304;0,992;9,36E-5;93,55;-2,09E-4;286,90;3,39E-4
3,772;0,303;0,992;9,35E-5;93,53;-1,26E-4;286,82;2,20E-4
3,773;0,302;0,991;9,35E-5;93,50;2,55E-5;286,71;5,83E-5
3,774;0,300;0,989;9,34E-5;93,44;3,15E-4;286,54;-2,12E-4
3,775;0,302;0,990;9,35E-5;93,48;1,09E-4;286,67;-1,51E-5
3,776;0,302;0,991;9,35E-5;93,50;1,82E-5;286,76;1,25E-4
3,777;0,303;0,992;9,35E-5;93,52;-8,55E-5;286,81;2,03E-4
3,778;0,304;0,992;9,35E-5;93,54;-1,76E-4;286,89;3,28E-4
3,779;0,304;0,992;9,35E-5;93,54;-1,67E-4;286,89;3,19E-4
3,780;0,303;0,992;9,35E-5;93,52;-6,37E-5;286,82;2,18E-4
3,781;0,304;0,993;9,35E-5;93,55;-2,00E-4;286,93;3,91E-4
3,782;0,303;0,992;9,35E-5;93,54;-1,47E-4;286,84;2,52E-4
3,783;0,304;0,993;9,35E-5;93,54;-1,69E-4;286,92;3,71E-4
3,784;0,304;0,993;9,36E-5;93,55;-2,26E-4;286,93;3,82E-4
3,785;0,305;0,994;9,36E-5;93,58;-3,58E-4;287,03;5,35E-4
3,786;0,304;0,993;9,36E-5;93,56;-2,31E-4;286,92;3,73E-4
3,787;0,303;0,992;9,35E-5;93,52;-8,01E-5;286,82;2,20E-4
3,788;0,303;0,992;9,35E-5;93,53;-1,18E-4;286,88;3,09E-4
3,789;0,303;0,992;9,35E-5;93,53;-1,20E-4;286,86;2,76E-4
3,790;0,303;0,992;9,35E-5;93,52;-6,55E-5;286,83;2,35E-4
3,791;0,302;0,991;9,35E-5;93,50;4,00E-5;286,71;4,53E-5
3,792;0,303;0,992;9,35E-5;93,53;-8,92E-5;286,80;1,88E-4
3,793;0,303;0,992;9,35E-5;93,52;-7,64E-5;286,80;1,92E-4
3,794;0,302;0,991;9,35E-5;93,51;-1,27E-5;286,74;9,28E-5
3,795;0,303;0,992;9,35E-5;93,53;-1,09E-4;286,82;2,22E-4
3,796;0,302;0,992;9,35E-5;93,51;5,46E-6;286,80;1,81E-4
3,797;0,302;0,991;9,35E-5;93,50;1,82E-5;286,74;9,71E-5
3,798;0,302;0,992;9,35E-5;93,50;1,27E-5;286,79;1,77E-4
3,799;0,302;0,991;9,35E-5;93,51;5,46E-6;286,77;1,40E-4
3,800;0,301;0,990;9,35E-5;93,47;1,77E-4;286,62;-9,07E-5
3,801;0,301;0,990;9,35E-5;93,48;1,33E-4;286,65;-3,89E-5
3,802;0,303;0,992;9,35E-5;93,52;-5,46E-5;286,80;1,83E-4
3,803;0,303;0,992;9,35E-5;93,53;-1,02E-4;286,84;2,52E-4
3,804;0,303;0,992;9,35E-5;93,52;-4,73E-5;286,80;1,83E-4
3,805;0,303;0,992;9,35E-5;93,52;-6,73E-5;286,80;1,81E-4
3,806;0,302;0,991;9,35E-5;93,50;2,55E-5;286,72;6,69E-5
3,807;0,302;0,992;9,35E-5;93,51;-1,82E-5;286,79;1,66E-4
3,808;0,302;0,991;9,35E-5;93,51;-1,27E-5;286,78;1,55E-4
3,809;0,303;0,992;9,35E-5;93,53;-1,18E-4;286,84;2,44E-4
3,810;0,302;0,991;9,35E-5;93,50;2,37E-5;286,74;9,28E-5
3,811;0,304;0,993;9,36E-5;93,56;-2,51E-4;286,98;4,60E-4
3,812;0,303;0,992;9,35E-5;93,52;-5,10E-5;286,79;1,75E-4
3,813;0,302;0,991;9,35E-5;93,49;6,92E-5;286,69;1,51E-5
3,814;0,302;0,991;9,35E-5;93,49;6,01E-5;286,68;2,16E-6
3,815;0,302;0,991;9,35E-5;93,50;2,91E-5;286,69;2,81E-5
3,816;0,302;0,991;9,35E-5;93,50;4,55E-5;286,69;1,51E-5
3,817;0,302;0,991;9,35E-5;93,48;1,00E-4;286,69;1,51E-5
3,818;0,302;0,991;9,35E-5;93,49;7,64E-5;286,68;2,16E-6
3,819;0,302;0,990;9,35E-5;93,49;9,83E-5;286,66;-1,73E-5
3,820;0,302;0,991;9,35E-5;93,49;6,37E-5;286,71;4,75E-5
3,821;0,303;0,992;9,35E-5;93,52;-6,92E-5;286,79;1,70E-4
3,822;0,303;0,992;9,35E-5;93,52;-7,64E-5;286,81;1,99E-4
3,823;0,303;0,991;9,35E-5;93,51;-3,46E-5;286,76;1,34E-4
3,824;0,302;0,991;9,35E-5;93,50;3,46E-5;286,72;7,12E-5
3,825;0,302;0,991;9,35E-5;93,51;-1,27E-5;286,77;1,36E-4
3,826;0,303;0,992;9,35E-5;93,52;-4,19E-5;286,80;1,81E-4
3,827;0,303;0,992;9,35E-5;93,52;-7,28E-5;286,83;2,27E-4
3,828;0,303;0,992;9,35E-5;93,54;-1,56E-4;286,88;3,13E-4
3,829;0,304;0,992;9,35E-5;93,55;-1,89E-4;286,90;3,37E-4
3,830;0,303;0,991;9,35E-5;93,51;-2,37E-5;286,77;1,45E-4
3,831;0,303;0,991;9,35E-5;93,51;-3,46E-5;286,77;1,36E-4
3,832;0,302;0,991;9,35E-5;93,50;3,64E-5;286,68;6,48E-6
3,833;0,303;0,992;9,35E-5;93,54;-1,56E-4;286,80;1,90E-4
3,834;0,303;0,991;9,35E-5;93,51;-2,91E-5;286,75;1,17E-4
3,835;0,302;0,991;9,35E-5;93,50;3,82E-5;286,74;1,04E-4
3,836;0,303;0,991;9,35E-5;93,52;-4,37E-5;286,77;1,47E-4
3,837;0,304;0,993;9,35E-5;93,55;-1,91E-4;286,92;3,65E-4
3,838;0,304;0,992;9,35E-5;93,54;-1,75E-4;286,89;3,19E-4
3,839;0,303;0,992;9,35E-5;93,54;-1,62E-4;286,87;3,00E-4
3,840;0,303;0,992;9,35E-5;93,52;-7,64E-5;286,79;1,73E-4
3,841;0,302;0,990;9,35E-5;93,48;1,06E-4;286,63;-7,56E-5
3,842;0,302;0,991;9,35E-5;93,50;3,82E-5;286,71;4,96E-5
3,843;0,303;0,992;9,35E-5;93,53;-1,29E-4;286,82;2,20E-4
3,844;0,303;0,992;9,35E-5;93,53;-9,28E-5;286,81;2,07E-4
3,845;0,304;0,992;9,35E-5;93,54;-1,67E-4;286,85;2,59E-4
3,846;0,303;0,992;9,35E-5;93,54;-1,42E-4;286,84;2,55E-4
3,847;0,303;0,992;9,35E-5;93,54;-1,55E-4;286,85;2,59E-4
3,848;0,302;0,991;9,35E-5;93,50;3,46E-5;286,68;0,00
3,849;0,302;0,991;9,35E-5;93,50;4,00E-5;286,70;3,24E-5
3,850;0,303;0,992;9,35E-5;93,54;-1,36E-4;286,82;2,24E-4
3,851;0,304;0,993;9,36E-5;93,55;-2,22E-4;286,91;3,47E-4
3,852;0,303;0,992;9,35E-5;93,52;-6,92E-5;286,81;2,05E-4
3,853;0,303;0,991;9,35E-5;93,52;-5,28E-5;286,75;1,19E-4
3,854;0,302;0,991;9,35E-5;93,50;4,55E-5;286,69;2,81E-5
3,855;0,303;0,992;9,35E-5;93,54;-1,53E-4;286,89;3,28E-4
3,856;0,303;0,991;9,35E-5;93,52;-4,19E-5;286,76;1,27E-4
3,857;0,303;0,992;9,35E-5;93,54;-1,40E-4;286,81;1,99E-4
3,858;0,306;0,992;9,36E-5;93,63;-5,86E-4;286,89;3,19E-4
3,859;0,310;0,993;9,37E-5;93,74;0,00;286,91;3,60E-4
3,860;0,311;0,991;9,38E-5;93,79;0,00;286,77;1,47E-4
3,861;0,315;0,991;9,39E-5;93,90;0,00;286,78;1,51E-4
3,862;0,317;0,991;9,40E-5;93,97;0,00;286,69;2,81E-5
3,863;0,322;0,991;9,41E-5;94,12;0,00;286,78;1,60E-4
3,864;0,325;0,990;9,42E-5;94,23;0,00;286,62;-7,99E-5
3,865;0,329;0,990;9,44E-5;94,35;0,00;286,58;-1,49E-4
3,866;0,333;0,989;9,45E-5;94,49;0,00;286,52;-2,42E-4
3,867;0,338;0,989;9,46E-5;94,64;-0,01;286,44;-3,63E-4
3,868;0,344;0,987;9,48E-5;94,85;-0,01;286,30;-5,77E-4
3,869;0,352;0,987;9,51E-5;95,09;-0,01;286,28;-6,07E-4
3,870;0,359;0,986;9,53E-5;95,32;-0,01;286,11;-8,66E-4
3,871;0,367;0,984;9,56E-5;95,57;-0,01;285,95;0,00
3,872;0,376;0,984;9,59E-5;95,86;-0,01;285,90;0,00
3,873;0,386;0,983;9,62E-5;96,19;-0,01;285,75;0,00
3,874;0,396;0,981;9,65E-5;96,51;-0,01;285,53;0,00
3,875;0,407;0,980;9,69E-5;96,87;-0,02;285,39;0,00
3,876;0,420;0,979;9,73E-5;97,29;-0,02;285,28;0,00
3,877;0,432;0,975;9,77E-5;97,65;-0,02;284,89;0,00
3,878;0,445;0,974;9,81E-5;98,08;-0,02;284,73;0,00
3,879;0,458;0,972;9,85E-5;98,50;-0,02;284,45;0,00
3,880;0,472;0,970;9,90E-5;98,95;-0,02;284,26;0,00
3,881;0,486;0,969;9,94E-5;99,39;-0,03;284,12;0,00
3,882;0,500;0,967;9,98E-5;99,84;-0,03;283,95;0,00
3,883;0,511;0,963;1,00E-4;100,20;-0,03;283,41;0,00
3,884;0,525;0,961;1,01E-4;100,65;-0,03;283,19;-0,01
3,885;0,539;0,957;1,01E-4;101,10;-0,03;282,81;-0,01
3,886;0,556;0,955;1,02E-4;101,65;-0,04;282,55;-0,01
3,887;0,571;0,950;1,02E-4;102,14;-0,04;281,99;-0,01
3,888;0,591;0,948;1,03E-4;102,76;-0,04;281,73;-0,01
3,889;0,610;0,946;1,03E-4;103,38;-0,04;281,43;-0,01
3,890;0,627;0,941;1,04E-4;103,91;-0,05;280,91;-0,01
3,891;0,644;0,938;1,04E-4;104,47;-0,05;280,49;-0,01
3,892;0,661;0,933;1,05E-4;105,02;-0,05;280,01;-0,01
3,893;0,678;0,930;1,06E-4;105,57;-0,05;279,55;-0,01
3,894;0,696;0,926;1,06E-4;106,15;-0,06;279,12;-0,01
3,895;0,713;0,921;1,07E-4;106,68;-0,06;278,56;-0,01
3,896;0,730;0,917;1,07E-4;107,23;-0,06;278,03;-0,01
3,897;0,749;0,913;1,08E-4;107,84;-0,06;277,64;-0,01
3,898;0,766;0,908;1,08E-4;108,40;-0,06;277,05;-0,01
3,899;0,786;0,904;1,09E-4;109,04;-0,07;276,56;-0,02
3,900;0,806;0,900;1,10E-4;109,68;-0,07;276,05;-0,02
3,901;0,828;0,895;1,10E-4;110,37;-0,07;275,57;-0,02
3,902;0,848;0,890;1,11E-4;111,02;-0,07;274,92;-0,02
3,903;0,870;0,885;1,12E-4;111,73;-0,08;274,38;-0,02
3,904;0,892;0,881;1,12E-4;112,42;-0,08;273,83;-0,02
3,905;0,912;0,875;1,13E-4;113,07;-0,08;273,16;-0,02
3,906;0,933;0,870;1,14E-4;113,75;-0,09;272,61;-0,02
3,907;0,953;0,865;1,14E-4;114,39;-0,09;272,05;-0,02
3,908;0,973;0,860;1,15E-4;115,03;-0,09;271,44;-0,02
3,909;0,992;0,853;1,16E-4;115,64;-0,09;270,63;-0,03
3,910;1,013;0,849;1,16E-4;116,33;-0,09;270,12;-0,03
3,911;1,035;0,843;1,17E-4;117,03;-0,10;269,49;-0,03
3,912;1,055;0,837;1,18E-4;117,67;-0,10;268,76;-0,03
3,913;1,077;0,833;1,18E-4;118,39;-0,10;268,26;-0,03
3,914;1,097;0,827;1,19E-4;119,02;-0,10;267,64;-0,03
3,915;1,119;0,823;1,20E-4;119,72;-0,11;267,14;-0,03
3,916;1,138;0,817;1,20E-4;120,35;-0,11;266,40;-0,03
3,917;1,160;0,812;1,21E-4;121,04;-0,11;265,87;-0,03
3,918;1,181;0,808;1,22E-4;121,71;-0,11;265,33;-0,03
3,919;1,201;0,802;1,22E-4;122,37;-0,12;264,66;-0,03
3,920;1,221;0,797;1,23E-4;123,01;-0,12;264,03;-0,04
3,921;1,241;0,790;1,24E-4;123,64;-0,12;263,29;-0,04
3,922;1,260;0,784;1,24E-4;124,26;-0,12;262,60;-0,04
3,923;1,281;0,779;1,25E-4;124,92;-0,13;262,03;-0,04
3,924;1,302;0,774;1,26E-4;125,58;-0,13;261,44;-0,04
3,925;1,321;0,769;1,26E-4;126,21;-0,13;260,81;-0,04
3,926;1,341;0,763;1,27E-4;126,85;-0,13;260,15;-0,04
3,927;1,362;0,759;1,28E-4;127,51;-0,13;259,61;-0,04
3,928;1,382;0,754;1,28E-4;128,15;-0,14;259,02;-0,04
3,929;1,401;0,747;1,29E-4;128,76;-0,14;258,30;-0,05
3,930;1,421;0,743;1,29E-4;129,42;-0,14;257,78;-0,05
3,931;1,440;0,736;1,30E-4;130,01;-0,14;256,95;-0,05
3,932;1,459;0,731;1,31E-4;130,65;-0,15;256,43;-0,05
3,933;1,479;0,727;1,31E-4;131,29;-0,15;255,87;-0,05
3,934;1,497;0,720;1,32E-4;131,87;-0,15;255,10;-0,05
3,935;1,518;0,716;1,33E-4;132,54;-0,15;254,67;-0,05
3,936;1,538;0,711;1,33E-4;133,16;-0,15;254,07;-0,05
3,937;1,557;0,705;1,34E-4;133,77;-0,16;253,38;-0,05
3,938;1,577;0,702;1,34E-4;134,43;-0,16;252,96;-0,05
3,939;1,596;0,696;1,35E-4;135,03;-0,16;252,29;-0,06
3,940;1,615;0,690;1,36E-4;135,64;-0,16;251,62;-0,06
3,941;1,635;0,686;1,36E-4;136,28;-0,16;251,07;-0,06
3,942;1,656;0,682;1,37E-4;136,97;-0,17;250,63;-0,06
3,943;1,676;0,677;1,38E-4;137,62;-0,17;250,07;-0,06
3,944;1,696;0,671;1,38E-4;138,24;-0,17;249,42;-0,06
3,945;1,716;0,668;1,39E-4;138,87;-0,17;249,00;-0,06
3,946;1,736;0,663;1,40E-4;139,52;-0,17;248,49;-0,06
3,947;1,752;0,656;1,40E-4;140,05;-0,18;247,67;-0,06
3,948;1,773;0,653;1,41E-4;140,72;-0,18;247,26;-0,06
3,949;1,793;0,648;1,41E-4;141,35;-0,18;246,70;-0,07
3,950;1,813;0,644;1,42E-4;142,00;-0,18;246,19;-0,07
3,951;1,832;0,638;1,43E-4;142,60;-0,18;245,56;-0,07
3,952;1,851;0,633;1,43E-4;143,21;-0,19;244,95;-0,07
3,953;1,870;0,628;1,44E-4;143,83;-0,19;244,39;-0,07
3,954;1,892;0,627;1,45E-4;144,55;-0,19;244,26;-0,07
3,955;1,911;0,621;1,45E-4;145,13;-0,19;243,57;-0,07
3,956;1,931;0,618;1,46E-4;145,80;-0,19;243,16;-0,07
3,957;1,952;0,614;1,46E-4;146,45;-0,19;242,70;-0,07
3,958;1,973;0,610;1,47E-4;147,12;-0,20;242,25;-0,07
3,959;1,990;0,604;1,48E-4;147,69;-0,20;241,54;-0,07
3,960;2,011;0,600;1,48E-4;148,36;-0,20;241,12;-0,08
3,961;2,033;0,598;1,49E-4;149,07;-0,20;240,86;-0,08
3,962;2,053;0,594;1,50E-4;149,71;-0,20;240,35;-0,08
3,963;2,074;0,591;1,50E-4;150,39;-0,21;239,98;-0,08
3,964;2,095;0,586;1,51E-4;151,04;-0,21;239,47;-0,08
3,965;2,116;0,582;1,52E-4;151,71;-0,21;239,01;-0,08
3,966;2,137;0,579;1,52E-4;152,40;-0,21;238,59;-0,08
3,967;2,159;0,576;1,53E-4;153,11;-0,21;238,28;-0,08
3,968;2,181;0,572;1,54E-4;153,80;-0,22;237,86;-0,08
3,969;2,202;0,568;1,54E-4;154,48;-0,22;237,40;-0,08
3,970;2,223;0,564;1,55E-4;155,17;-0,22;236,91;-0,08
3,971;2,247;0,561;1,56E-4;155,93;-0,22;236,57;-0,08
3,972;2,270;0,557;1,57E-4;156,68;-0,22;236,12;-0,08
3,973;2,294;0,554;1,57E-4;157,44;-0,23;235,72;-0,08
3,974;2,317;0,553;1,58E-4;158,18;-0,23;235,56;-0,09
3,975;2,339;0,549;1,59E-4;158,88;-0,23;235,13;-0,09
3,976;2,360;0,546;1,60E-4;159,56;-0,23;234,72;-0,09
3,977;2,382;0,542;1,60E-4;160,27;-0,23;234,31;-0,09
3,978;2,406;0,538;1,61E-4;161,02;-0,24;233,89;-0,09
3,979;2,430;0,536;1,62E-4;161,80;-0,24;233,61;-0,09
3,980;2,454;0,534;1,63E-4;162,59;-0,24;233,38;-0,09
3,981;2,477;0,530;1,63E-4;163,33;-0,24;232,97;-0,09
3,982;2,500;0,527;1,64E-4;164,06;-0,24;232,57;-0,09
3,983;2,524;0,524;1,65E-4;164,83;-0,25;232,27;-0,09
3,984;2,547;0,521;1,66E-4;165,56;-0,25;231,81;-0,09
3,985;2,571;0,517;1,66E-4;166,33;-0,25;231,45;-0,09
3,986;2,593;0,513;1,67E-4;167,04;-0,25;230,97;-0,09
3,987;2,617;0,510;1,68E-4;167,82;-0,25;230,61;-0,09
3,988;2,642;0,509;1,69E-4;168,61;-0,26;230,45;-0,09
3,989;2,666;0,506;1,69E-4;169,39;-0,26;230,15;-0,10
3,990;2,690;0,503;1,70E-4;170,14;-0,26;229,75;-0,10
3,991;2,715;0,501;1,71E-4;170,94;-0,26;229,48;-0,10
3,992;2,738;0,498;1,72E-4;171,71;-0,26;229,18;-0,10
3,993;2,763;0,496;1,72E-4;172,50;-0,27;228,90;-0,10
3,994;2,787;0,493;1,73E-4;173,28;-0,27;228,59;-0,10
3,995;2,810;0,489;1,74E-4;174,02;-0,27;228,17;-0,10
3,996;2,834;0,487;1,75E-4;174,76;-0,27;227,84;-0,10
3,997;2,858;0,484;1,76E-4;175,53;-0,27;227,55;-0,10
3,998;2,881;0,481;1,76E-4;176,27;-0,28;227,21;-0,10
3,999;2,905;0,479;1,77E-4;177,06;-0,28;226,96;-0,10
4,000;2,927;0,477;1,78E-4;177,77;-0,28;226,67;-0,10
4,001;2,951;0,474;1,79E-4;178,52;-0,28;226,42;-0,10
4,002;2,973;0,471;1,79E-4;179,23;-0,28;226,03;-0,10
4,003;2,996;0,469;1,80E-4;179,96;-0,28;225,78;-0,10
4,004;3,018;0,466;1,81E-4;180,66;-0,29;225,48;-0,10
4,005;3,040;0,463;1,81E-4;181,39;-0,29;225,14;-0,10
4,006;3,062;0,461;1,82E-4;182,10;-0,29;224,87;-0,11
4,007;3,084;0,458;1,83E-4;182,80;-0,29;224,55;-0,11
4,008;3,107;0,456;1,84E-4;183,52;-0,29;224,29;-0,11
4,009;3,128;0,453;1,84E-4;184,21;-0,29;223,97;-0,11
4,010;3,150;0,451;1,85E-4;184,92;-0,30;223,72;-0,11
4,011;3,173;0,450;1,86E-4;185,64;-0,30;223,56;-0,11
4,012;3,192;0,446;1,86E-4;186,28;-0,30;223,06;-0,11
4,013;3,215;0,444;1,87E-4;186,99;-0,30;222,87;-0,11
4,014;3,236;0,442;1,88E-4;187,67;-0,30;222,67;-0,11
4,015;3,257;0,441;1,88E-4;188,36;-0,30;222,49;-0,11
4,016;3,279;0,439;1,89E-4;189,06;-0,31;222,28;-0,11
4,017;3,299;0,436;1,90E-4;189,71;-0,31;221,94;-0,11
4,018;3,320;0,434;1,90E-4;190,39;-0,31;221,75;-0,11
4,019;3,341;0,432;1,91E-4;191,05;-0,31;221,50;-0,11
4,020;3,362;0,430;1,92E-4;191,71;-0,31;221,25;-0,11
4,021;3,381;0,427;1,92E-4;192,33;-0,31;220,89;-0,11
4,022;3,402;0,425;1,93E-4;192,99;-0,31;220,68;-0,11
4,023;3,423;0,424;1,94E-4;193,68;-0,32;220,55;-0,11
4,024;3,441;0,420;1,94E-4;194,27;-0,32;220,13;-0,11
4,025;3,463;0,420;1,95E-4;194,96;-0,32;220,06;-0,11
4,026;3,483;0,417;1,96E-4;195,59;-0,32;219,78;-0,12
4,027;3,504;0,417;1,96E-4;196,26;-0,32;219,68;-0,12
4,028;3,522;0,414;1,97E-4;196,85;-0,32;219,39;-0,12
4,029;3,541;0,413;1,97E-4;197,48;-0,32;219,22;-0,12
4,030;3,559;0,410;1,98E-4;198,06;-0,33;218,94;-0,12
4,031;3,578;0,409;1,99E-4;198,67;-0,33;218,76;-0,12
4,032;3,597;0,407;1,99E-4;199,26;-0,33;218,53;-0,12
4,033;3,616;0,405;2,00E-4;199,88;-0,33;218,30;-0,12
4,034;3,636;0,404;2,01E-4;200,52;-0,33;218,17;-0,12
4,035;3,656;0,402;2,01E-4;201,15;-0,33;217,98;-0,12
4,036;3,674;0,400;2,02E-4;201,75;-0,33;217,72;-0,12
4,037;3,694;0,399;2,02E-4;202,39;-0,34;217,66;-0,12
4,038;3,712;0,396;2,03E-4;202,97;-0,34;217,27;-0,12
4,039;3,733;0,396;2,04E-4;203,62;-0,34;217,22;-0,12
4,040;3,751;0,394;2,04E-4;204,22;-0,34;216,99;-0,12
4,041;3,770;0,392;2,05E-4;204,82;-0,34;216,80;-0,12
4,042;3,788;0,389;2,05E-4;205,40;-0,34;216,51;-0,12
4,043;3,807;0,388;2,06E-4;206,02;-0,34;216,40;-0,12
4,044;3,826;0,387;2,07E-4;206,62;-0,34;216,27;-0,12
4,045;3,844;0,385;2,07E-4;207,19;-0,35;216,01;-0,12
4,046;3,862;0,384;2,08E-4;207,78;-0,35;215,93;-0,12
4,047;3,879;0,382;2,08E-4;208,31;-0,35;215,63;-0,12
4,048;3,897;0,380;2,09E-4;208,88;-0,35;215,45;-0,12
4,049;3,913;0,378;2,09E-4;209,41;-0,35;215,19;-0,12
4,050;3,931;0,377;2,10E-4;209,99;-0,35;215,10;-0,12
4,051;3,947;0,375;2,11E-4;210,51;-0,35;214,80;-0,13
4,052;3,965;0,374;2,11E-4;211,07;-0,35;214,72;-0,13
4,053;3,982;0,373;2,12E-4;211,61;-0,35;214,55;-0,13
4,054;4,000;0,373;2,12E-4;212,20;-0,36;214,61;-0,13
4,055;4,015;0,370;2,13E-4;212,68;-0,36;214,28;-0,13
4,056;4,032;0,369;2,13E-4;213,23;-0,36;214,17;-0,13
4,057;4,050;0,369;2,14E-4;213,79;-0,36;214,17;-0,13
4,058;4,066;0,368;2,14E-4;214,31;-0,36;214,02;-0,13
4,059;4,082;0,368;2,15E-4;214,84;-0,36;213,96;-0,13
4,060;4,097;0,365;2,15E-4;215,32;-0,36;213,70;-0,13
4,061;4,112;0,364;2,16E-4;215,79;-0,36;213,50;-0,13
4,062;4,127;0,362;2,16E-4;216,28;-0,36;213,33;-0,13
4,063;4,142;0,361;2,17E-4;216,76;-0,37;213,17;-0,13
4,064;4,157;0,359;2,17E-4;217,25;-0,37;213,00;-0,13
4,065;4,172;0,358;2,18E-4;217,73;-0,37;212,86;-0,13
4,066;4,187;0,357;2,18E-4;218,22;-0,37;212,72;-0,13
4,067;4,203;0,357;2,19E-4;218,73;-0,37;212,73;-0,13
4,068;4,218;0,356;2,19E-4;219,20;-0,37;212,60;-0,13
4,069;4,232;0,354;2,20E-4;219,63;-0,37;212,38;-0,13
4,070;4,247;0,354;2,20E-4;220,13;-0,37;212,32;-0,13
4,071;4,261;0,352;2,21E-4;220,58;-0,37;212,18;-0,13
4,072;4,275;0,351;2,21E-4;221,02;-0,37;211,97;-0,13
4,073;4,289;0,350;2,21E-4;221,48;-0,37;211,87;-0,13
4,074;4,304;0,349;2,22E-4;221,95;-0,38;211,81;-0,13
4,075;4,318;0,348;2,22E-4;222,41;-0,38;211,71;-0,13
4,076;4,330;0,346;2,23E-4;222,80;-0,38;211,43;-0,13
4,077;4,345;0,346;2,23E-4;223,29;-0,38;211,47;-0,13
4,078;4,360;0,346;2,24E-4;223,76;-0,38;211,48;-0,13
4,079;4,373;0,344;2,24E-4;224,17;-0,38;211,25;-0,13
4,080;4,387;0,344;2,25E-4;224,63;-0,38;211,23;-0,13
4,081;4,401;0,343;2,25E-4;225,06;-0,38;211,05;-0,13
4,082;4,414;0,342;2,25E-4;225,49;-0,38;210,93;-0,13
4,083;4,429;0,341;2,26E-4;225,97;-0,38;210,90;-0,13
4,084;4,442;0,341;2,26E-4;226,40;-0,38;210,80;-0,13
4,085;4,455;0,339;2,27E-4;226,81;-0,38;210,58;-0,13
4,086;4,469;0,338;2,27E-4;227,26;-0,39;210,53;-0,13
4,087;4,483;0,337;2,28E-4;227,70;-0,39;210,43;-0,13
4,088;4,497;0,337;2,28E-4;228,16;-0,39;210,40;-0,13
4,089;4,510;0,335;2,29E-4;228,56;-0,39;210,19;-0,13
4,090;4,524;0,336;2,29E-4;229,01;-0,39;210,22;-0,13
4,091;4,538;0,336;2,29E-4;229,47;-0,39;210,21;-0,13
4,092;4,551;0,334;2,30E-4;229,88;-0,39;210,02;-0,14
4,093;4,563;0,332;2,30E-4;230,27;-0,39;209,86;-0,14
4,094;4,568;0,332;2,30E-4;230,43;-0,39;209,77;-0,14
4,095;4,568;0,332;2,30E-4;230,45;-0,39;209,76;-0,14
4,096;4,566;0,330;2,30E-4;230,38;-0,39;209,60;-0,14
4,097;4,566;0,330;2,30E-4;230,35;-0,39;209,59;-0,14
4,098;4,564;0,329;2,30E-4;230,31;-0,39;209,40;-0,14
4,099;4,565;0,328;2,30E-4;230,35;-0,39;209,37;-0,14
4,100;4,567;0,329;2,30E-4;230,40;-0,39;209,50;-0,14
4,101;4,567;0,329;2,30E-4;230,39;-0,39;209,42;-0,14
4,102;4,567;0,329;2,30E-4;230,39;-0,39;209,46;-0,14
4,103;4,567;0,329;2,30E-4;230,39;-0,39;209,44;-0,14
4,104;4,567;0,329;2,30E-4;230,40;-0,39;209,42;-0,14
4,105;4,566;0,328;2,30E-4;230,38;-0,39;209,30;-0,14
4,106;4,566;0,328;2,30E-4;230,38;-0,39;209,34;-0,14
4,107;4,567;0,329;2,30E-4;230,39;-0,39;209,40;-0,14
4,108;4,565;0,327;2,30E-4;230,33;-0,39;209,23;-0,14
4,109;4,565;0,328;2,30E-4;230,35;-0,39;209,33;-0,14
4,110;4,565;0,328;2,30E-4;230,34;-0,39;209,30;-0,14
4,111;4,565;0,328;2,30E-4;230,35;-0,39;209,35;-0,14
4,112;4,565;0,328;2,30E-4;230,34;-0,39;209,34;-0,14
4,113;4,565;0,328;2,30E-4;230,34;-0,39;209,38;-0,14
4,114;4,566;0,329;2,30E-4;230,36;-0,39;209,45;-0,14
4,115;4,567;0,330;2,30E-4;230,39;-0,39;209,56;-0,14
4,116;4,564;0,328;2,30E-4;230,30;-0,39;209,31;-0,14
4,117;4,565;0,329;2,30E-4;230,34;-0,39;209,46;-0,14
4,118;4,566;0,330;2,30E-4;230,36;-0,39;209,62;-0,14
4,119;4,565;0,329;2,30E-4;230,34;-0,39;209,49;-0,14
4,120;4,565;0,330;2,30E-4;230,34;-0,39;209,61;-0,14
4,121;4,566;0,330;2,30E-4;230,36;-0,39;209,62;-0,14
4,122;4,567;0,332;2,30E-4;230,39;-0,39;209,81;-0,14
4,123;4,565;0,331;2,30E-4;230,34;-0,39;209,64;-0,14
4,124;4,567;0,333;2,30E-4;230,41;-0,39;209,90;-0,14
4,125;4,566;0,332;2,30E-4;230,37;-0,39;209,77;-0,14
4,126;4,567;0,332;2,30E-4;230,40;-0,39;209,81;-0,14
4,127;4,567;0,332;2,30E-4;230,40;-0,39;209,86;-0,14
4,128;4,567;0,333;2,30E-4;230,39;-0,39;209,94;-0,14
4,129;4,566;0,333;2,30E-4;230,36;-0,39;209,95;-0,14
4,130;4,565;0,334;2,30E-4;230,34;-0,39;210,05;-0,14
4,131;4,564;0,334;2,30E-4;230,31;-0,39;210,05;-0,14
4,132;4,562;0,333;2,30E-4;230,26;-0,39;209,90;-0,14
4,133;4,563;0,333;2,30E-4;230,26;-0,39;209,96;-0,14
4,134;4,563;0,333;2,30E-4;230,27;-0,39;209,97;-0,14
4,135;4,564;0,335;2,30E-4;230,31;-0,39;210,17;-0,13
4,136;4,564;0,336;2,30E-4;230,31;-0,39;210,24;-0,13
4,137;4,565;0,337;2,30E-4;230,33;-0,39;210,33;-0,13
4,138;4,564;0,336;2,30E-4;230,30;-0,39;210,26;-0,13
4,139;4,563;0,336;2,30E-4;230,27;-0,39;210,22;-0,13
4,140;4,565;0,337;2,30E-4;230,33;-0,39;210,34;-0,13
4,141;4,565;0,338;2,30E-4;230,34;-0,39;210,47;-0,13
4,142;4,566;0,339;2,30E-4;230,37;-0,39;210,63;-0,13
4,143;4,564;0,338;2,30E-4;230,32;-0,39;210,54;-0,13
4,144;4,563;0,338;2,30E-4;230,28;-0,39;210,51;-0,13
4,145;4,563;0,340;2,30E-4;230,28;-0,39;210,69;-0,13
4,146;4,563;0,340;2,30E-4;230,28;-0,39;210,75;-0,13
4,147;4,564;0,341;2,30E-4;230,29;-0,39;210,87;-0,13
4,148;4,564;0,341;2,30E-4;230,32;-0,39;210,90;-0,13
4,149;4,564;0,342;2,30E-4;230,30;-0,39;210,92;-0,13
4,150;4,564;0,342;2,30E-4;230,30;-0,39;211,00;-0,13
4,151;4,563;0,342;2,30E-4;230,28;-0,39;210,99;-0,13
4,152;4,562;0,342;2,30E-4;230,25;-0,39;210,95;-0,13
4,153;4,563;0,343;2,30E-4;230,26;-0,39;211,05;-0,13
4,154;4,563;0,344;2,30E-4;230,28;-0,39;211,17;-0,13
4,155;4,565;0,345;2,30E-4;230,32;-0,39;211,29;-0,13
4,156;4,564;0,344;2,30E-4;230,30;-0,39;211,18;-0,13
4,157;4,564;0,345;2,30E-4;230,31;-0,39;211,29;-0,13
4,158;4,563;0,345;2,30E-4;230,28;-0,39;211,36;-0,13
4,159;4,563;0,346;2,30E-4;230,28;-0,39;211,43;-0,13
4,160;4,563;0,346;2,30E-4;230,26;-0,39;211,45;-0,13
4,161;4,563;0,347;2,30E-4;230,26;-0,39;211,52;-0,13
4,162;4,563;0,348;2,30E-4;230,28;-0,39;211,69;-0,13
4,163;4,563;0,348;2,30E-4;230,26;-0,39;211,62;-0,13
4,164;4,562;0,348;2,30E-4;230,23;-0,39;211,63;-0,13
4,165;4,562;0,348;2,30E-4;230,23;-0,39;211,65;-0,13
4,166;4,562;0,349;2,30E-4;230,25;-0,39;211,80;-0,13
4,167;4,563;0,350;2,30E-4;230,26;-0,39;211,85;-0,13
4,168;4,564;0,351;2,30E-4;230,29;-0,39;212,03;-0,13
4,169;4,564;0,352;2,30E-4;230,30;-0,39;212,12;-0,13
4,170;4,563;0,352;2,30E-4;230,28;-0,39;212,10;-0,13
4,171;4,562;0,351;2,30E-4;230,25;-0,39;212,04;-0,13
4,172;4,562;0,351;2,30E-4;230,24;-0,39;212,06;-0,13
4,173;4,561;0,351;2,30E-4;230,22;-0,39;212,06;-0,13
4,174;4,562;0,353;2,30E-4;230,25;-0,39;212,26;-0,13
4,175;4,563;0,354;2,30E-4;230,26;-0,39;212,36;-0,13
4,176;4,563;0,354;2,30E-4;230,27;-0,39;212,42;-0,13
4,177;4,562;0,354;2,30E-4;230,22;-0,39;212,32;-0,13
4,178;4,561;0,354;2,30E-4;230,22;-0,39;212,41;-0,13
4,179;4,562;0,355;2,30E-4;230,24;-0,39;212,54;-0,13
4,180;4,563;0,356;2,30E-4;230,26;-0,39;212,62;-0,13
4,181;4,563;0,357;2,30E-4;230,26;-0,39;212,68;-0,13
4,182;4,563;0,357;2,30E-4;230,27;-0,39;212,72;-0,13
4,183;4,562;0,357;2,30E-4;230,23;-0,39;212,72;-0,13
4,184;4,563;0,358;2,30E-4;230,27;-0,39;212,88;-0,13
4,185;4,562;0,358;2,30E-4;230,25;-0,39;212,86;-0,13
4,186;4,562;0,359;2,30E-4;230,24;-0,39;212,92;-0,13
4,187;4,562;0,359;2,30E-4;230,24;-0,39;212,94;-0,13
4,188;4,561;0,359;2,30E-4;230,21;-0,39;212,94;-0,13
4,189;4,561;0,359;2,30E-4;230,22;-0,39;213,00;-0,13
4,190;4,561;0,361;2,30E-4;230,22;-0,39;213,13;-0,13
4,191;4,563;0,362;2,30E-4;230,26;-0,39;213,28;-0,13
4,192;4,562;0,362;2,30E-4;230,25;-0,39;213,30;-0,13
4,193;4,562;0,362;2,30E-4;230,25;-0,39;213,32;-0,13
4,194;4,563;0,363;2,30E-4;230,27;-0,39;213,46;-0,13
4,195;4,563;0,364;2,30E-4;230,26;-0,39;213,55;-0,13
4,196;4,562;0,364;2,30E-4;230,24;-0,39;213,51;-0,13
4,197;4,562;0,364;2,30E-4;230,23;-0,39;213,52;-0,13
4,198;4,561;0,364;2,30E-4;230,22;-0,39;213,50;-0,13
4,199;4,562;0,365;2,30E-4;230,24;-0,39;213,63;-0,13
4,200;4,562;0,366;2,30E-4;230,25;-0,39;213,77;-0,13
4,201;4,561;0,365;2,30E-4;230,20;-0,39;213,65;-0,13
4,202;4,561;0,366;2,30E-4;230,20;-0,39;213,74;-0,13
4,203;4,561;0,366;2,30E-4;230,22;-0,39;213,83;-0,13
4,204;4,561;0,367;2,30E-4;230,21;-0,39;213,86;-0,13
4,205;4,561;0,367;2,30E-4;230,19;-0,39;213,89;-0,13
4,206;4,561;0,368;2,30E-4;230,20;-0,39;213,98;-0,13
4,207;4,562;0,369;2,30E-4;230,23;-0,39;214,11;-0,13
4,208;4,559;0,367;2,30E-4;230,16;-0,39;213,90;-0,13
4,209;4,560;0,368;2,30E-4;230,17;-0,39;214,00;-0,13
4,210;4,562;0,371;2,30E-4;230,25;-0,39;214,30;-0,13
4,211;4,563;0,372;2,30E-4;230,26;-0,39;214,44;-0,13
4,212;4,561;0,371;2,30E-4;230,22;-0,39;214,35;-0,13
4,213;4,562;0,372;2,30E-4;230,24;-0,39;214,42;-0,13
4,214;4,562;0,372;2,30E-4;230,24;-0,39;214,49;-0,13
4,215;4,561;0,371;2,30E-4;230,20;-0,39;214,39;-0,13
4,216;4,561;0,373;2,30E-4;230,22;-0,39;214,53;-0,13
4,217;4,562;0,373;2,30E-4;230,24;-0,39;214,64;-0,13
4,218;4,562;0,374;2,30E-4;230,23;-0,39;214,70;-0,13
4,219;4,562;0,375;2,30E-4;230,24;-0,39;214,77;-0,13
4,220;4,561;0,374;2,30E-4;230,21;-0,39;214,69;-0,13
4,221;4,562;0,375;2,30E-4;230,23;-0,39;214,80;-0,13
4,222;4,561;0,375;2,30E-4;230,21;-0,39;214,83;-0,13
4,223;4,563;0,376;2,30E-4;230,26;-0,39;214,97;-0,13
4,224;4,562;0,376;2,30E-4;230,23;-0,39;214,92;-0,13
4,225;4,563;0,378;2,30E-4;230,27;-0,39;215,17;-0,12
4,226;4,563;0,379;2,30E-4;230,29;-0,39;215,28;-0,12
4,227;4,563;0,379;2,30E-4;230,28;-0,39;215,29;-0,12
4,228;4,561;0,378;2,30E-4;230,22;-0,39;215,15;-0,12
4,229;4,561;0,378;2,30E-4;230,22;-0,39;215,19;-0,12
4,230;4,562;0,379;2,30E-4;230,23;-0,39;215,29;-0,12
4,231;4,562;0,380;2,30E-4;230,25;-0,39;215,41;-0,12
4,232;4,562;0,380;2,30E-4;230,24;-0,39;215,45;-0,12
4,233;4,562;0,381;2,30E-4;230,24;-0,39;215,48;-0,12
4,234;4,562;0,381;2,30E-4;230,23;-0,39;215,48;-0,12
4,235;4,561;0,381;2,30E-4;230,22;-0,39;215,47;-0,12
4,236;4,562;0,382;2,30E-4;230,23;-0,39;215,59;-0,12
4,237;4,561;0,382;2,30E-4;230,22;-0,39;215,58;-0,12
4,238;4,561;0,381;2,30E-4;230,19;-0,39;215,57;-0,12
4,239;4,561;0,382;2,30E-4;230,20;-0,39;215,66;-0,12
4,240;4,560;0,382;2,30E-4;230,16;-0,39;215,62;-0,12
4,241;4,561;0,384;2,30E-4;230,22;-0,39;215,85;-0,12
4,242;4,560;0,383;2,30E-4;230,19;-0,39;215,81;-0,12
4,243;4,560;0,384;2,30E-4;230,18;-0,39;215,82;-0,12
4,244;4,561;0,385;2,30E-4;230,21;-0,39;216,01;-0,12
4,245;4,561;0,386;2,30E-4;230,21;-0,39;216,06;-0,12
4,246;4,559;0,384;2,30E-4;230,13;-0,39;215,88;-0,12
4,247;4,560;0,385;2,30E-4;230,16;-0,39;216,03;-0,12
4,248;4,560;0,387;2,30E-4;230,18;-0,39;216,17;-0,12
4,249;4,559;0,386;2,30E-4;230,15;-0,39;216,16;-0,12
4,250;4,558;0,386;2,30E-4;230,11;-0,39;216,14;-0,12
4,251;4,558;0,387;2,30E-4;230,11;-0,39;216,25;-0,12
4,252;4,558;0,388;2,30E-4;230,10;-0,39;216,34;-0,12
4,253;4,557;0,389;2,30E-4;230,07;-0,39;216,45;-0,12
4,254;4,556;0,390;2,30E-4;230,06;-0,39;216,57;-0,12
4,255;4,554;0,390;2,30E-4;230,00;-0,39;216,57;-0,12
4,256;4,553;0,390;2,30E-4;229,95;-0,39;216,62;-0,12
4,257;4,551;0,391;2,30E-4;229,90;-0,39;216,68;-0,12
4,258;4,549;0,391;2,30E-4;229,82;-0,39;216,69;-0,12
4,259;4,548;0,392;2,30E-4;229,78;-0,39;216,82;-0,12
4,260;4,545;0,392;2,30E-4;229,70;-0,39;216,85;-0,12
4,261;4,542;0,392;2,30E-4;229,60;-0,39;216,80;-0,12
4,262;4,540;0,393;2,30E-4;229,53;-0,39;216,88;-0,12
4,263;4,538;0,393;2,29E-4;229,46;-0,39;216,98;-0,12
4,264;4,535;0,394;2,29E-4;229,36;-0,39;217,04;-0,12
4,265;4,531;0,394;2,29E-4;229,26;-0,39;217,07;-0,12
4,266;4,529;0,396;2,29E-4;229,19;-0,39;217,22;-0,12
4,267;4,525;0,395;2,29E-4;229,06;-0,39;217,20;-0,12
4,268;4,522;0,396;2,29E-4;228,95;-0,39;217,32;-0,12
4,269;4,519;0,398;2,29E-4;228,86;-0,39;217,52;-0,12
4,270;4,515;0,399;2,29E-4;228,74;-0,39;217,60;-0,12
4,271;4,510;0,399;2,29E-4;228,58;-0,39;217,59;-0,12
4,272;4,505;0,398;2,28E-4;228,41;-0,39;217,56;-0,12
4,273;4,501;0,400;2,28E-4;228,28;-0,39;217,69;-0,12
4,274;4,497;0,401;2,28E-4;228,15;-0,39;217,89;-0,12
4,275;4,493;0,403;2,28E-4;228,02;-0,39;218,07;-0,12
4,276;4,487;0,404;2,28E-4;227,83;-0,39;218,15;-0,12
4,277;4,481;0,404;2,28E-4;227,65;-0,39;218,24;-0,12
4,278;4,474;0,404;2,27E-4;227,41;-0,39;218,17;-0,12
4,279;4,468;0,405;2,27E-4;227,23;-0,39;218,37;-0,12
4,280;4,462;0,406;2,27E-4;227,02;-0,39;218,46;-0,12
4,281;4,454;0,406;2,27E-4;226,77;-0,38;218,42;-0,12
4,282;4,446;0,407;2,27E-4;226,53;-0,38;218,51;-0,12
4,283;4,439;0,407;2,26E-4;226,28;-0,38;218,55;-0,12
4,284;4,433;0,409;2,26E-4;226,10;-0,38;218,83;-0,12
4,285;4,426;0,411;2,26E-4;225,88;-0,38;219,06;-0,12
4,286;4,418;0,412;2,26E-4;225,61;-0,38;219,09;-0,12
4,287;4,410;0,413;2,25E-4;225,35;-0,38;219,26;-0,12
4,288;4,400;0,413;2,25E-4;225,04;-0,38;219,22;-0,12
4,289;4,392;0,415;2,25E-4;224,78;-0,38;219,49;-0,12
4,290;4,383;0,416;2,24E-4;224,48;-0,38;219,57;-0,12
4,291;4,372;0,416;2,24E-4;224,15;-0,38;219,60;-0,12
4,292;4,363;0,417;2,24E-4;223,86;-0,38;219,74;-0,12
4,293;4,353;0,418;2,24E-4;223,54;-0,38;219,85;-0,12
4,294;4,344;0,420;2,23E-4;223,24;-0,38;220,09;-0,11
4,295;4,334;0,422;2,23E-4;222,92;-0,38;220,26;-0,11
4,296;4,325;0,425;2,23E-4;222,63;-0,38;220,61;-0,11
4,297;4,314;0,425;2,22E-4;222,28;-0,38;220,70;-0,11
4,298;4,302;0,427;2,22E-4;221,90;-0,38;220,84;-0,11
4,299;4,291;0,428;2,22E-4;221,53;-0,37;220,98;-0,11
4,300;4,279;0,429;2,21E-4;221,14;-0,37;221,10;-0,11
4,301;4,265;0,429;2,21E-4;220,71;-0,37;221,17;-0,11
4,302;4,254;0,432;2,20E-4;220,37;-0,37;221,48;-0,11
4,303;4,242;0,434;2,20E-4;219,98;-0,37;221,71;-0,11
4,304;4,228;0,435;2,20E-4;219,53;-0,37;221,81;-0,11
4,305;4,215;0,436;2,19E-4;219,09;-0,37;221,93;-0,11
4,306;4,201;0,437;2,19E-4;218,66;-0,37;222,08;-0,11
4,307;4,188;0,440;2,18E-4;218,24;-0,37;222,38;-0,11
4,308;4,173;0,440;2,18E-4;217,75;-0,37;222,46;-0,11
4,309;4,160;0,443;2,17E-4;217,32;-0,37;222,81;-0,11
4,310;4,145;0,445;2,17E-4;216,86;-0,37;222,95;-0,11
4,311;4,131;0,447;2,16E-4;216,40;-0,36;223,22;-0,11
4,312;4,115;0,449;2,16E-4;215,89;-0,36;223,43;-0,11
4,313;4,099;0,450;2,15E-4;215,38;-0,36;223,53;-0,11
4,314;4,084;0,452;2,15E-4;214,91;-0,36;223,82;-0,11
4,315;4,069;0,454;2,14E-4;214,41;-0,36;224,00;-0,11
4,316;4,053;0,456;2,14E-4;213,92;-0,36;224,28;-0,11
4,317;4,037;0,458;2,13E-4;213,40;-0,36;224,51;-0,11
4,318;4,021;0,460;2,13E-4;212,89;-0,36;224,71;-0,11
4,319;4,006;0,463;2,12E-4;212,41;-0,36;225,13;-0,10
4,320;3,990;0,466;2,12E-4;211,88;-0,36;225,39;-0,10
4,321;3,972;0,467;2,11E-4;211,31;-0,35;225,57;-0,10
4,322;3,956;0,470;2,11E-4;210,79;-0,35;225,87;-0,10
4,323;3,939;0,472;2,10E-4;210,24;-0,35;226,09;-0,10
4,324;3,922;0,473;2,10E-4;209,68;-0,35;226,31;-0,10
4,325;3,905;0,477;2,09E-4;209,16;-0,35;226,74;-0,10
4,326;3,886;0,477;2,09E-4;208,55;-0,35;226,76;-0,10
4,327;3,869;0,480;2,08E-4;208,00;-0,35;227,13;-0,10
4,328;3,851;0,482;2,07E-4;207,42;-0,35;227,36;-0,10
4,329;3,833;0,485;2,07E-4;206,84;-0,34;227,63;-0,10
4,330;3,815;0,488;2,06E-4;206,26;-0,34;228,01;-0,10
4,331;3,795;0,491;2,06E-4;205,63;-0,34;228,31;-0,10
4,332;3,775;0,493;2,05E-4;204,99;-0,34;228,63;-0,10
4,333;3,756;0,496;2,04E-4;204,36;-0,34;229,00;-0,10
4,334;3,735;0,499;2,04E-4;203,69;-0,34;229,29;-0,10
4,335;3,713;0,501;2,03E-4;202,98;-0,34;229,56;-0,10
4,336;3,691;0,504;2,02E-4;202,29;-0,34;229,88;-0,10
4,337;3,668;0,506;2,02E-4;201,55;-0,33;230,11;-0,10
4,338;3,647;0,509;2,01E-4;200,85;-0,33;230,47;-0,09
4,339;3,623;0,511;2,00E-4;200,11;-0,33;230,74;-0,09
4,340;3,600;0,514;1,99E-4;199,37;-0,33;231,10;-0,09
4,341;3,579;0,518;1,99E-4;198,68;-0,33;231,49;-0,09
4,342;3,556;0,521;1,98E-4;197,95;-0,33;231,84;-0,09
4,343;3,533;0,523;1,97E-4;197,20;-0,32;232,11;-0,09
4,344;3,510;0,526;1,96E-4;196,48;-0,32;232,49;-0,09
4,345;3,487;0,530;1,96E-4;195,72;-0,32;232,89;-0,09
4,346;3,462;0,533;1,95E-4;194,93;-0,32;233,21;-0,09
4,347;3,439;0,536;1,94E-4;194,19;-0,32;233,65;-0,09
4,348;3,415;0,541;1,93E-4;193,43;-0,32;234,18;-0,09
4,349;3,390;0,543;1,93E-4;192,61;-0,31;234,46;-0,09
4,350;3,365;0,546;1,92E-4;191,81;-0,31;234,76;-0,09
4,351;3,339;0,549;1,91E-4;191,00;-0,31;235,15;-0,09
4,352;3,314;0,553;1,90E-4;190,19;-0,31;235,55;-0,09
4,353;3,289;0,556;1,89E-4;189,37;-0,31;235,94;-0,08
4,354;3,263;0,559;1,89E-4;188,56;-0,30;236,28;-0,08
4,355;3,239;0,563;1,88E-4;187,78;-0,30;236,73;-0,08
4,356;3,215;0,567;1,87E-4;187,01;-0,30;237,19;-0,08
4,357;3,191;0,569;1,86E-4;186,23;-0,30;237,49;-0,08
4,358;3,167;0,573;1,85E-4;185,46;-0,30;237,92;-0,08
4,359;3,143;0,576;1,85E-4;184,68;-0,30;238,24;-0,08
4,360;3,121;0,580;1,84E-4;183,99;-0,29;238,73;-0,08
4,361;3,098;0,584;1,83E-4;183,26;-0,29;239,21;-0,08
4,362;3,077;0,588;1,83E-4;182,57;-0,29;239,66;-0,08
4,363;3,054;0,590;1,82E-4;181,83;-0,29;239,93;-0,08
4,364;3,033;0,593;1,81E-4;181,15;-0,29;240,33;-0,08
4,365;3,012;0,597;1,80E-4;180,50;-0,29;240,75;-0,08
4,366;2,992;0,601;1,80E-4;179,85;-0,28;241,19;-0,08
4,367;2,971;0,603;1,79E-4;179,18;-0,28;241,46;-0,07
4,368;2,952;0,607;1,79E-4;178,57;-0,28;241,88;-0,07
4,369;2,933;0,610;1,78E-4;177,96;-0,28;242,29;-0,07
4,370;2,915;0,613;1,77E-4;177,36;-0,28;242,66;-0,07
4,371;2,896;0,617;1,77E-4;176,75;-0,28;243,01;-0,07
4,372;2,877;0,620;1,76E-4;176,16;-0,28;243,46;-0,07
4,373;2,859;0,624;1,76E-4;175,57;-0,27;243,89;-0,07
4,374;2,841;0,627;1,75E-4;174,98;-0,27;244,24;-0,07
4,375;2,822;0,630;1,74E-4;174,40;-0,27;244,60;-0,07
4,376;2,806;0,634;1,74E-4;173,87;-0,27;245,08;-0,07
4,377;2,786;0,636;1,73E-4;173,24;-0,27;245,28;-0,07
4,378;2,769;0,639;1,73E-4;172,68;-0,27;245,62;-0,07
4,379;2,751;0,642;1,72E-4;172,12;-0,26;246,02;-0,07
4,380;2,735;0,647;1,72E-4;171,59;-0,26;246,51;-0,07
4,381;2,718;0,650;1,71E-4;171,04;-0,26;246,89;-0,06
4,382;2,701;0,653;1,71E-4;170,50;-0,26;247,27;-0,06
4,383;2,683;0,655;1,70E-4;169,92;-0,26;247,48;-0,06
4,384;2,666;0,658;1,69E-4;169,38;-0,26;247,85;-0,06
4,385;2,650;0,661;1,69E-4;168,85;-0,26;248,23;-0,06
4,386;2,632;0,663;1,68E-4;168,29;-0,26;248,49;-0,06
4,387;2,616;0,667;1,68E-4;167,77;-0,25;248,89;-0,06
4,388;2,600;0,671;1,67E-4;167,27;-0,25;249,34;-0,06
4,389;2,581;0,672;1,67E-4;166,66;-0,25;249,44;-0,06
4,390;2,566;0,676;1,66E-4;166,17;-0,25;250,00;-0,06
4,391;2,551;0,680;1,66E-4;165,68;-0,25;250,44;-0,06
4,392;2,533;0,683;1,65E-4;165,12;-0,25;250,81;-0,06
4,393;2,517;0,686;1,65E-4;164,59;-0,25;251,16;-0,06
4,394;2,499;0,687;1,64E-4;164,01;-0,24;251,29;-0,06
4,395;2,482;0,692;1,63E-4;163,49;-0,24;251,77;-0,06
4,396;2,464;0,693;1,63E-4;162,89;-0,24;251,97;-0,06
4,397;2,448;0,696;1,62E-4;162,37;-0,24;252,31;-0,06
4,398;2,431;0,700;1,62E-4;161,84;-0,24;252,80;-0,05
4,399;2,412;0,702;1,61E-4;161,24;-0,24;253,03;-0,05
4,400;2,395;0,706;1,61E-4;160,68;-0,24;253,44;-0,05
4,401;2,377;0,708;1,60E-4;160,09;-0,23;253,65;-0,05
4,402;2,361;0,712;1,60E-4;159,58;-0,23;254,14;-0,05
4,403;2,345;0,714;1,59E-4;159,07;-0,23;254,43;-0,05
4,404;2,328;0,717;1,59E-4;158,54;-0,23;254,75;-0,05
4,405;2,311;0,720;1,58E-4;157,99;-0,23;255,08;-0,05
4,406;2,294;0,723;1,57E-4;157,44;-0,23;255,42;-0,05
4,407;2,275;0,725;1,57E-4;156,81;-0,22;255,69;-0,05
4,408;2,256;0,729;1,56E-4;156,21;-0,22;256,10;-0,05
4,409;2,236;0,731;1,56E-4;155,58;-0,22;256,32;-0,05
4,410;2,218;0,735;1,55E-4;154,99;-0,22;256,85;-0,05
4,411;2,198;0,737;1,54E-4;154,35;-0,22;257,09;-0,05
4,412;2,180;0,740;1,54E-4;153,77;-0,22;257,39;-0,05
4,413;2,162;0,744;1,53E-4;153,19;-0,21;257,84;-0,05
4,414;2,143;0,746;1,53E-4;152,58;-0,21;258,18;-0,05
4,415;2,123;0,749;1,52E-4;151,96;-0,21;258,43;-0,05
4,416;2,105;0,752;1,51E-4;151,37;-0,21;258,87;-0,04
4,417;2,086;0,756;1,51E-4;150,77;-0,21;259,25;-0,04
4,418;2,067;0,759;1,50E-4;150,17;-0,21;259,63;-0,04
4,419;2,049;0,762;1,50E-4;149,57;-0,20;259,95;-0,04
4,420;2,029;0,764;1,49E-4;148,92;-0,20;260,23;-0,04
4,421;2,010;0,767;1,48E-4;148,33;-0,20;260,62;-0,04
4,422;1,992;0,771;1,48E-4;147,74;-0,20;261,07;-0,04
4,423;1,971;0,773;1,47E-4;147,08;-0,20;261,27;-0,04
4,424;1,952;0,776;1,46E-4;146,47;-0,19;261,60;-0,04
4,425;1,933;0,780;1,46E-4;145,86;-0,19;262,06;-0,04
4,426;1,914;0,783;1,45E-4;145,25;-0,19;262,46;-0,04
4,427;1,895;0,787;1,45E-4;144,64;-0,19;262,89;-0,04
4,428;1,877;0,790;1,44E-4;144,05;-0,19;263,28;-0,04
4,429;1,856;0,792;1,43E-4;143,37;-0,19;263,50;-0,04
4,430;1,837;0,795;1,43E-4;142,78;-0,18;263,91;-0,04
4,431;1,818;0,799;1,42E-4;142,15;-0,18;264,31;-0,04
4,432;1,797;0,802;1,41E-4;141,50;-0,18;264,61;-0,03
4,433;1,777;0,804;1,41E-4;140,85;-0,18;264,91;-0,03
4,434;1,759;0,808;1,40E-4;140,27;-0,18;265,35;-0,03
4,435;1,741;0,812;1,40E-4;139,69;-0,17;265,80;-0,03
4,436;1,722;0,815;1,39E-4;139,08;-0,17;266,15;-0,03
4,437;1,705;0,819;1,39E-4;138,52;-0,17;266,62;-0,03
4,438;1,686;0,823;1,38E-4;137,94;-0,17;267,11;-0,03
4,439;1,667;0,825;1,37E-4;137,30;-0,17;267,40;-0,03
4,440;1,648;0,830;1,37E-4;136,71;-0,16;267,94;-0,03
4,441;1,628;0,833;1,36E-4;136,07;-0,16;268,23;-0,03
4,442;1,610;0,837;1,35E-4;135,49;-0,16;268,71;-0,03
4,443;1,591;0,840;1,35E-4;134,88;-0,16;269,06;-0,03
4,444;1,574;0,844;1,34E-4;134,32;-0,16;269,53;-0,03
4,445;1,556;0,847;1,34E-4;133,76;-0,16;269,94;-0,03
4,446;1,539;0,851;1,33E-4;133,21;-0,15;270,43;-0,03
4,447;1,521;0,855;1,33E-4;132,64;-0,15;270,79;-0,02
4,448;1,505;0,858;1,32E-4;132,11;-0,15;271,25;-0,02
4,449;1,488;0,862;1,32E-4;131,55;-0,15;271,66;-0,02
4,450;1,471;0,865;1,31E-4;131,01;-0,15;272,01;-0,02
4,451;1,454;0,868;1,30E-4;130,46;-0,14;272,31;-0,02
4,452;1,439;0,872;1,30E-4;129,99;-0,14;272,89;-0,02
4,453;1,422;0,875;1,29E-4;129,46;-0,14;273,16;-0,02
4,454;1,408;0,880;1,29E-4;128,99;-0,14;273,73;-0,02
4,455;1,391;0,882;1,28E-4;128,46;-0,14;273,98;-0,02
4,456;1,377;0,886;1,28E-4;127,99;-0,14;274,45;-0,02
4,457;1,363;0,890;1,28E-4;127,56;-0,13;274,99;-0,02
4,458;1,349;0,894;1,27E-4;127,10;-0,13;275,38;-0,02
4,459;1,334;0,896;1,27E-4;126,63;-0,13;275,67;-0,02
4,460;1,321;0,900;1,26E-4;126,19;-0,13;276,09;-0,02
4,461;1,308;0,904;1,26E-4;125,78;-0,13;276,60;-0,02
4,462;1,295;0,908;1,25E-4;125,38;-0,13;277,08;-0,01
4,463;1,282;0,911;1,25E-4;124,95;-0,13;277,42;-0,01
4,464;1,271;0,915;1,25E-4;124,59;-0,12;277,88;-0,01
4,465;1,258;0,919;1,24E-4;124,20;-0,12;278,28;-0,01
4,466;1,246;0,922;1,24E-4;123,81;-0,12;278,65;-0,01
4,467;1,235;0,925;1,23E-4;123,43;-0,12;278,99;-0,01
4,468;1,223;0,928;1,23E-4;123,07;-0,12;279,42;-0,01
4,469;1,213;0,932;1,23E-4;122,72;-0,12;279,80;-0,01
4,470;1,203;0,936;1,22E-4;122,42;-0,12;280,32;-0,01
4,471;1,193;0,939;1,22E-4;122,08;-0,12;280,66;-0,01
4,472;1,182;0,942;1,22E-4;121,74;-0,11;280,98;-0,01
4,473;1,172;0,945;1,21E-4;121,43;-0,11;281,34;-0,01
4,474;1,163;0,948;1,21E-4;121,14;-0,11;281,71;-0,01
4,475;1,153;0,950;1,21E-4;120,83;-0,11;281,95;-0,01
4,476;1,146;0,955;1,21E-4;120,59;-0,11;282,48;-0,01
4,477;1,138;0,957;1,20E-4;120,31;-0,11;282,76;-0,01
4,478;1,131;0,961;1,20E-4;120,10;-0,11;283,24;-0,01
4,479;1,122;0,964;1,20E-4;119,83;-0,11;283,59;0,00
4,480;1,115;0,967;1,20E-4;119,59;-0,11;283,88;0,00
4,481;1,107;0,970;1,19E-4;119,34;-0,11;284,22;0,00
4,482;1,101;0,973;1,19E-4;119,14;-0,11;284,63;0,00
4,483;1,094;0,976;1,19E-4;118,92;-0,10;284,93;0,00
4,484;1,088;0,979;1,19E-4;118,72;-0,10;285,33;0,00
4,485;1,080;0,981;1,18E-4;118,48;-0,10;285,54;0,00
4,486;1,074;0,984;1,18E-4;118,28;-0,10;285,88;0,00
4,487;1,069;0,987;1,18E-4;118,11;-0,10;286,31;-5,53E-4
4,488;1,061;0,989;1,18E-4;117,87;-0,10;286,50;-2,68E-4
4,489;1,055;0,991;1,18E-4;117,65;-0,10;286,72;7,12E-5
4,490;1,049;0,994;1,17E-4;117,48;-0,10;287,12;6,71E-4
4,491;1,043;0,997;1,17E-4;117,28;-0,10;287,38;0,00
4,492;1,036;0,998;1,17E-4;117,06;-0,10;287,59;0,00
4,493;1,031;1,002;1,17E-4;116,88;-0,10;288,02;0,00
4,494;1,024;1,004;1,17E-4;116,69;-0,10;288,22;0,00
4,495;1,020;1,007;1,17E-4;116,53;-0,10;288,62;0,00
4,496;1,014;1,009;1,16E-4;116,36;-0,09;288,84;0,00
4,497;1,009;1,012;1,16E-4;116,18;-0,09;289,18;0,00
4,498;1,004;1,015;1,16E-4;116,04;-0,09;289,51;0,00
4,499;0,999;1,018;1,16E-4;115,87;-0,09;289,82;0,00
4,500;0,995;1,021;1,16E-4;115,74;-0,09;290,23;0,01
4,501;0,989;1,023;1,16E-4;115,54;-0,09;290,40;0,01
4,502;0,983;1,025;1,15E-4;115,37;-0,09;290,67;0,01
4,503;0,977;1,026;1,15E-4;115,18;-0,09;290,84;0,01
4,504;0,973;1,030;1,15E-4;115,04;-0,09;291,24;0,01
4,505;0,968;1,032;1,15E-4;114,87;-0,09;291,50;0,01
4,506;0,961;1,033;1,15E-4;114,66;-0,09;291,62;0,01
4,507;0,957;1,036;1,15E-4;114,52;-0,09;291,99;0,01
4,508;0,954;1,039;1,14E-4;114,41;-0,09;292,36;0,01
4,509;0,947;1,041;1,14E-4;114,21;-0,09;292,51;0,01
4,510;0,944;1,045;1,14E-4;114,11;-0,09;293,02;0,01
4,511;0,939;1,046;1,14E-4;113,94;-0,09;293,20;0,01
4,512;0,935;1,050;1,14E-4;113,82;-0,09;293,62;0,01
4,513;0,930;1,052;1,14E-4;113,65;-0,08;293,87;0,01
4,514;0,925;1,055;1,14E-4;113,50;-0,08;294,23;0,01
4,515;0,920;1,058;1,13E-4;113,33;-0,08;294,54;0,01
4,516;0,915;1,060;1,13E-4;113,17;-0,08;294,78;0,01
4,517;0,910;1,063;1,13E-4;113,03;-0,08;295,15;0,01
4,518;0,904;1,065;1,13E-4;112,83;-0,08;295,36;0,01
4,519;0,900;1,068;1,13E-4;112,68;-0,08;295,74;0,01
4,520;0,895;1,071;1,13E-4;112,52;-0,08;296,09;0,01
4,521;0,890;1,075;1,12E-4;112,38;-0,08;296,57;0,01
4,522;0,883;1,077;1,12E-4;112,15;-0,08;296,71;0,01
4,523;0,877;1,079;1,12E-4;111,97;-0,08;297,04;0,02
4,524;0,872;1,083;1,12E-4;111,79;-0,08;297,45;0,02
4,525;0,866;1,086;1,12E-4;111,61;-0,08;297,81;0,02
4,526;0,860;1,089;1,11E-4;111,41;-0,08;298,12;0,02
4,527;0,853;1,091;1,11E-4;111,19;-0,08;298,45;0,02
4,528;0,846;1,094;1,11E-4;110,97;-0,07;298,70;0,02
4,529;0,840;1,097;1,11E-4;110,76;-0,07;299,07;0,02
4,530;0,833;1,100;1,11E-4;110,55;-0,07;299,46;0,02
4,531;0,829;1,105;1,10E-4;110,41;-0,07;299,99;0,02
4,532;0,822;1,108;1,10E-4;110,19;-0,07;300,42;0,02
4,533;0,814;1,109;1,10E-4;109,94;-0,07;300,55;0,02
4,534;0,808;1,113;1,10E-4;109,74;-0,07;301,00;0,02
4,535;0,803;1,118;1,10E-4;109,59;-0,07;301,51;0,02
4,536;0,798;1,121;1,09E-4;109,41;-0,07;301,95;0,02
4,537;0,793;1,126;1,09E-4;109,26;-0,07;302,46;0,02
4,538;0,787;1,129;1,09E-4;109,07;-0,07;302,85;0,02
4,539;0,783;1,133;1,09E-4;108,92;-0,07;303,35;0,02
4,540;0,776;1,136;1,09E-4;108,72;-0,07;303,70;0,03
4,541;0,770;1,139;1,09E-4;108,53;-0,06;303,96;0,03
4,542;0,766;1,143;1,08E-4;108,40;-0,06;304,49;0,03
4,543;0,761;1,147;1,08E-4;108,24;-0,06;304,91;0,03
4,544;0,757;1,151;1,08E-4;108,09;-0,06;305,40;0,03
4,545;0,749;1,155;1,08E-4;107,85;-0,06;305,86;0,03
4,546;0,743;1,160;1,08E-4;107,64;-0,06;306,40;0,03
4,547;0,735;1,163;1,07E-4;107,41;-0,06;306,79;0,03
4,548;0,728;1,167;1,07E-4;107,16;-0,06;307,28;0,03
4,549;0,721;1,172;1,07E-4;106,95;-0,06;307,82;0,03
4,550;0,714;1,176;1,07E-4;106,71;-0,06;308,27;0,03
4,551;0,705;1,179;1,06E-4;106,44;-0,06;308,64;0,03
4,552;0,699;1,183;1,06E-4;106,23;-0,06;309,17;0,03
4,553;0,690;1,186;1,06E-4;105,95;-0,05;309,50;0,03
4,554;0,683;1,190;1,06E-4;105,71;-0,05;309,98;0,03
4,555;0,676;1,196;1,06E-4;105,50;-0,05;310,61;0,03
4,556;0,669;1,200;1,05E-4;105,29;-0,05;311,16;0,04
4,557;0,663;1,206;1,05E-4;105,07;-0,05;311,79;0,04
4,558;0,656;1,211;1,05E-4;104,87;-0,05;312,42;0,04
4,559;0,648;1,214;1,05E-4;104,59;-0,05;312,79;0,04
4,560;0,640;1,219;1,04E-4;104,35;-0,05;313,32;0,04
4,561;0,633;1,225;1,04E-4;104,13;-0,05;313,98;0,04
4,562;0,626;1,230;1,04E-4;103,90;-0,05;314,61;0,04
4,563;0,618;1,234;1,04E-4;103,64;-0,04;315,03;0,04
4,564;0,610;1,238;1,03E-4;103,38;-0,04;315,58;0,04
4,565;0,604;1,244;1,03E-4;103,18;-0,04;316,24;0,04
4,566;0,596;1,249;1,03E-4;102,92;-0,04;316,83;0,04
4,567;0,587;1,253;1,03E-4;102,64;-0,04;317,26;0,04
4,568;0,580;1,258;1,02E-4;102,40;-0,04;317,87;0,04
4,569;0,572;1,263;1,02E-4;102,17;-0,04;318,49;0,05
4,570;0,566;1,268;1,02E-4;101,95;-0,04;319,07;0,05
4,571;0,559;1,273;1,02E-4;101,74;-0,04;319,69;0,05
4,572;0,551;1,278;1,02E-4;101,50;-0,04;320,17;0,05
4,573;0,544;1,281;1,01E-4;101,26;-0,03;320,61;0,05
4,574;0,540;1,288;1,01E-4;101,14;-0,03;321,44;0,05
4,575;0,534;1,293;1,01E-4;100,95;-0,03;321,95;0,05
4,576;0,529;1,297;1,01E-4;100,78;-0,03;322,48;0,05
4,577;0,525;1,302;1,01E-4;100,65;-0,03;323,08;0,05
4,578;0,520;1,307;1,00E-4;100,48;-0,03;323,60;0,05
4,579;0,515;1,311;1,00E-4;100,33;-0,03;324,13;0,05
4,580;0,510;1,316;1,00E-4;100,18;-0,03;324,64;0,05
4,581;0,507;1,321;1,00E-4;100,08;-0,03;325,27;0,05
4,582;0,504;1,326;1,00E-4;99,97;-0,03;325,84;0,06
4,583;0,499;1,329;9,98E-5;99,80;-0,03;326,19;0,06
4,584;0,495;1,333;9,97E-5;99,68;-0,03;326,62;0,06
4,585;0,492;1,338;9,96E-5;99,61;-0,03;327,24;0,06
4,586;0,490;1,342;9,95E-5;99,51;-0,03;327,71;0,06
4,587;0,487;1,347;9,94E-5;99,43;-0,03;328,25;0,06
4,588;0,485;1,351;9,94E-5;99,36;-0,03;328,79;0,06
4,589;0,482;1,355;9,93E-5;99,26;-0,03;329,19;0,06
4,590;0,479;1,359;9,92E-5;99,18;-0,03;329,67;0,06
4,591;0,478;1,364;9,91E-5;99,13;-0,03;330,26;0,06
4,592;0,475;1,368;9,90E-5;99,05;-0,03;330,68;0,06
4,593;0,473;1,372;9,90E-5;98,98;-0,02;331,16;0,06
4,594;0,471;1,375;9,89E-5;98,91;-0,02;331,53;0,06
4,595;0,470;1,379;9,89E-5;98,87;-0,02;332,03;0,06
4,596;0,467;1,382;9,88E-5;98,79;-0,02;332,37;0,06
4,597;0,465;1,386;9,87E-5;98,73;-0,02;332,80;0,06
4,598;0,463;1,389;9,87E-5;98,67;-0,02;333,17;0,07
4,599;0,461;1,392;9,86E-5;98,60;-0,02;333,59;0,07
4,600;0,460;1,396;9,86E-5;98,57;-0,02;334,00;0,07
4,601;0,459;1,400;9,85E-5;98,54;-0,02;334,45;0,07
4,602;0,459;1,403;9,85E-5;98,52;-0,02;334,85;0,07
4,603;0,458;1,407;9,85E-5;98,50;-0,02;335,26;0,07
4,604;0,456;1,409;9,84E-5;98,44;-0,02;335,56;0,07
4,605;0,454;1,411;9,84E-5;98,38;-0,02;335,80;0,07
4,606;0,454;1,414;9,84E-5;98,36;-0,02;336,16;0,07
4,607;0,452;1,417;9,83E-5;98,32;-0,02;336,44;0,07
4,608;0,452;1,421;9,83E-5;98,31;-0,02;336,87;0,07
4,609;0,451;1,423;9,83E-5;98,29;-0,02;337,11;0,07
4,610;0,450;1,425;9,83E-5;98,25;-0,02;337,42;0,07
4,611;0,449;1,427;9,82E-5;98,22;-0,02;337,67;0,07
4,612;0,451;1,432;9,83E-5;98,28;-0,02;338,24;0,07
4,613;0,449;1,434;9,82E-5;98,22;-0,02;338,43;0,07
4,614;0,447;1,435;9,82E-5;98,16;-0,02;338,58;0,07
4,615;0,447;1,437;9,81E-5;98,14;-0,02;338,83;0,07
4,616;0,447;1,440;9,81E-5;98,14;-0,02;339,17;0,07
4,617;0,446;1,442;9,81E-5;98,12;-0,02;339,40;0,07
4,618;0,445;1,443;9,81E-5;98,07;-0,02;339,53;0,07
4,619;0,444;1,445;9,81E-5;98,06;-0,02;339,75;0,07
4,620;0,445;1,448;9,81E-5;98,08;-0,02;340,12;0,07
4,621;0,444;1,451;9,81E-5;98,07;-0,02;340,38;0,07
4,622;0,444;1,452;9,80E-5;98,05;-0,02;340,53;0,07
4,623;0,443;1,453;9,80E-5;98,01;-0,02;340,66;0,07
4,624;0,443;1,456;9,80E-5;98,02;-0,02;340,96;0,08
4,625;0,442;1,457;9,80E-5;98,00;-0,02;341,11;0,08
4,626;0,443;1,459;9,80E-5;98,02;-0,02;341,39;0,08
4,627;0,441;1,460;9,80E-5;97,96;-0,02;341,41;0,08
4,628;0,441;1,461;9,80E-5;97,96;-0,02;341,62;0,08
4,629;0,442;1,463;9,80E-5;97,99;-0,02;341,87;0,08
4,630;0,440;1,464;9,79E-5;97,93;-0,02;341,90;0,08
4,631;0,439;1,465;9,79E-5;97,90;-0,02;342,01;0,08
4,632;0,440;1,467;9,79E-5;97,91;-0,02;342,23;0,08
4,633;0,441;1,468;9,79E-5;97,94;-0,02;342,46;0,08
4,634;0,439;1,468;9,79E-5;97,88;-0,02;342,46;0,08
4,635;0,438;1,470;9,79E-5;97,87;-0,02;342,62;0,08
4,636;0,440;1,472;9,79E-5;97,92;-0,02;342,90;0,08
4,637;0,439;1,473;9,79E-5;97,89;-0,02;342,98;0,08
4,638;0,437;1,472;9,78E-5;97,82;-0,02;342,86;0,08
4,639;0,437;1,474;9,78E-5;97,84;-0,02;343,11;0,08
4,640;0,437;1,475;9,78E-5;97,82;-0,02;343,26;0,08
4,641;0,437;1,477;9,78E-5;97,84;-0,02;343,43;0,08
4,642;0,437;1,478;9,78E-5;97,84;-0,02;343,52;0,08
4,643;0,436;1,478;9,78E-5;97,81;-0,02;343,58;0,08
4,644;0,436;1,479;9,78E-5;97,81;-0,02;343,66;0,08
4,645;0,436;1,480;9,78E-5;97,80;-0,02;343,76;0,08
4,646;0,435;1,480;9,78E-5;97,75;-0,02;343,75;0,08
4,647;0,437;1,483;9,78E-5;97,81;-0,02;344,13;0,08
4,648;0,435;1,481;9,78E-5;97,75;-0,02;343,97;0,08
4,649;0,435;1,483;9,78E-5;97,76;-0,02;344,16;0,08
4,650;0,435;1,483;9,78E-5;97,75;-0,02;344,21;0,08
4,651;0,435;1,485;9,78E-5;97,76;-0,02;344,38;0,08
4,652;0,434;1,485;9,77E-5;97,73;-0,02;344,35;0,08
4,653;0,434;1,486;9,77E-5;97,74;-0,02;344,48;0,08
4,654;0,433;1,486;9,77E-5;97,70;-0,02;344,49;0,08
4,655;0,433;1,487;9,77E-5;97,70;-0,02;344,59;0,08
4,656;0,434;1,488;9,77E-5;97,73;-0,02;344,75;0,08
4,657;0,433;1,488;9,77E-5;97,69;-0,02;344,73;0,08
4,658;0,432;1,488;9,77E-5;97,65;-0,02;344,73;0,08
4,659;0,432;1,489;9,77E-5;97,68;-0,02;344,90;0,08
4,660;0,430;1,488;9,76E-5;97,62;-0,02;344,76;0,08
4,661;0,430;1,489;9,76E-5;97,60;-0,02;344,80;0,08
4,662;0,430;1,490;9,76E-5;97,61;-0,02;344,97;0,08
4,663;0,430;1,490;9,76E-5;97,60;-0,02;344,98;0,08
4,664;0,430;1,491;9,76E-5;97,59;-0,02;345,07;0,08
4,665;0,428;1,490;9,75E-5;97,55;-0,02;344,97;0,08
4,666;0,428;1,491;9,75E-5;97,55;-0,02;345,10;0,08
4,667;0,428;1,492;9,75E-5;97,55;-0,02;345,15;0,08
4,668;0,428;1,492;9,75E-5;97,54;-0,02;345,18;0,08
4,669;0,428;1,492;9,75E-5;97,53;-0,02;345,20;0,08
4,670;0,427;1,492;9,75E-5;97,49;-0,02;345,20;0,08
4,671;0,426;1,492;9,75E-5;97,48;-0,02;345,19;0,08
4,672;0,426;1,493;9,75E-5;97,49;-0,02;345,30;0,08
4,673;0,426;1,493;9,75E-5;97,47;-0,02;345,30;0,08
4,674;0,425;1,493;9,74E-5;97,45;-0,02;345,32;0,08
4,675;0,425;1,494;9,75E-5;97,45;-0,02;345,42;0,08
4,676;0,424;1,493;9,74E-5;97,41;-0,02;345,35;0,08
4,677;0,424;1,494;9,74E-5;97,41;-0,02;345,41;0,08
4,678;0,424;1,495;9,74E-5;97,42;-0,02;345,53;0,08
4,679;0,423;1,494;9,74E-5;97,39;-0,02;345,43;0,08
4,680;0,423;1,494;9,74E-5;97,38;-0,02;345,50;0,08
4,681;0,423;1,494;9,74E-5;97,36;-0,02;345,49;0,08
4,682;0,423;1,495;9,74E-5;97,37;-0,02;345,53;0,08
4,683;0,422;1,495;9,74E-5;97,36;-0,02;345,53;0,08
4,684;0,423;1,496;9,74E-5;97,37;-0,02;345,67;0,08
4,685;0,421;1,495;9,73E-5;97,33;-0,02;345,58;0,08
4,686;0,420;1,494;9,73E-5;97,28;-0,02;345,45;0,08
4,687;0,421;1,495;9,73E-5;97,31;-0,02;345,58;0,08
4,688;0,422;1,496;9,73E-5;97,34;-0,02;345,73;0,08
4,689;0,421;1,496;9,73E-5;97,31;-0,02;345,68;0,08
4,690;0,422;1,497;9,73E-5;97,33;-0,02;345,78;0,08
4,691;0,420;1,496;9,73E-5;97,30;-0,02;345,71;0,08
4,692;0,421;1,497;9,73E-5;97,31;-0,02;345,85;0,08
4,693;0,420;1,496;9,73E-5;97,27;-0,02;345,71;0,08
4,694;0,420;1,497;9,73E-5;97,27;-0,02;345,81;0,08
4,695;0,419;1,497;9,73E-5;97,26;-0,02;345,75;0,08
4,696;0,419;1,497;9,72E-5;97,24;-0,02;345,75;0,08
4,697;0,418;1,496;9,72E-5;97,21;-0,02;345,66;0,08
4,698;0,418;1,496;9,72E-5;97,22;-0,02;345,72;0,08
4,699;0,418;1,497;9,72E-5;97,22;-0,02;345,80;0,08
4,700;0,418;1,497;9,72E-5;97,22;-0,02;345,80;0,08
4,701;0,418;1,498;9,72E-5;97,21;-0,02;345,87;0,08
4,702;0,416;1,496;9,72E-5;97,16;-0,02;345,71;0,08
4,703;0,417;1,498;9,72E-5;97,19;-0,02;345,87;0,08
4,704;0,416;1,497;9,72E-5;97,16;-0,02;345,76;0,08
4,705;0,416;1,497;9,72E-5;97,15;-0,02;345,77;0,08
4,706;0,416;1,497;9,71E-5;97,15;-0,02;345,81;0,08
4,707;0,415;1,497;9,71E-5;97,11;-0,02;345,74;0,08
4,708;0,414;1,496;9,71E-5;97,08;-0,02;345,63;0,08
4,709;0,414;1,496;9,71E-5;97,09;-0,02;345,71;0,08
4,710;0,414;1,497;9,71E-5;97,10;-0,02;345,82;0,08
4,711;0,413;1,497;9,71E-5;97,07;-0,02;345,74;0,08
4,712;0,412;1,496;9,70E-5;97,04;-0,02;345,72;0,08
4,713;0,412;1,496;9,70E-5;97,03;-0,02;345,67;0,08
4,714;0,413;1,497;9,70E-5;97,04;-0,02;345,78;0,08
4,715;0,413;1,497;9,70E-5;97,04;-0,02;345,82;0,08
4,716;0,411;1,496;9,70E-5;97,00;-0,02;345,70;0,08
4,717;0,412;1,497;9,70E-5;97,02;-0,02;345,78;0,08
4,718;0,411;1,497;9,70E-5;96,99;-0,02;345,74;0,08
4,719;0,411;1,497;9,70E-5;96,99;-0,02;345,79;0,08
4,720;0,411;1,497;9,70E-5;96,99;-0,02;345,82;0,08
4,721;0,411;1,497;9,70E-5;96,98;-0,02;345,83;0,08
4,722;0,411;1,498;9,70E-5;96,98;-0,02;345,87;0,08
4,723;0,410;1,497;9,70E-5;96,95;-0,02;345,79;0,08
4,724;0,410;1,497;9,70E-5;96,95;-0,02;345,84;0,08
4,725;0,410;1,497;9,69E-5;96,95;-0,02;345,84;0,08
4,726;0,409;1,497;9,69E-5;96,92;-0,02;345,78;0,08
4,727;0,409;1,497;9,69E-5;96,92;-0,02;345,83;0,08
4,728;0,409;1,498;9,69E-5;96,93;-0,02;345,92;0,08
4,729;0,409;1,498;9,69E-5;96,92;-0,02;345,88;0,08
4,730;0,408;1,497;9,69E-5;96,88;-0,02;345,75;0,08
4,731;0,408;1,497;9,69E-5;96,89;-0,02;345,81;0,08
4,732;0,408;1,497;9,69E-5;96,88;-0,02;345,84;0,08
4,733;0,408;1,498;9,69E-5;96,90;-0,02;345,88;0,08
4,734;0,407;1,498;9,69E-5;96,86;-0,02;345,87;0,08
4,735;0,407;1,497;9,69E-5;96,86;-0,02;345,79;0,08
4,736;0,406;1,497;9,68E-5;96,84;-0,02;345,80;0,08
4,737;0,406;1,497;9,68E-5;96,82;-0,02;345,77;0,08
4,738;0,406;1,498;9,68E-5;96,85;-0,02;345,87;0,08
4,739;0,406;1,497;9,68E-5;96,83;-0,02;345,83;0,08
4,740;0,405;1,497;9,68E-5;96,81;-0,02;345,82;0,08
4,741;0,405;1,497;9,68E-5;96,81;-0,02;345,82;0,08
4,742;0,404;1,496;9,68E-5;96,76;-0,01;345,72;0,08
4,743;0,404;1,496;9,68E-5;96,76;-0,01;345,70;0,08
4,744;0,405;1,497;9,68E-5;96,79;-0,01;345,79;0,08
4,745;0,404;1,496;9,68E-5;96,76;-0,01;345,72;0,08
4,746;0,404;1,497;9,68E-5;96,76;-0,01;345,74;0,08
4,747;0,404;1,498;9,68E-5;96,78;-0,01;345,86;0,08
4,748;0,403;1,497;9,68E-5;96,75;-0,01;345,77;0,08
4,749;0,403;1,496;9,67E-5;96,73;-0,01;345,73;0,08
4,750;0,402;1,496;9,67E-5;96,72;-0,01;345,70;0,08
4,751;0,403;1,497;9,67E-5;96,72;-0,01;345,74;0,08
4,752;0,402;1,497;9,67E-5;96,71;-0,01;345,73;0,08
4,753;0,402;1,496;9,67E-5;96,70;-0,01;345,73;0,08
4,754;0,401;1,496;9,67E-5;96,68;-0,01;345,68;0,08
4,755;0,402;1,497;9,67E-5;96,70;-0,01;345,83;0,08
4,756;0,401;1,497;9,67E-5;96,68;-0,01;345,74;0,08
4,757;0,400;1,496;9,66E-5;96,65;-0,01;345,68;0,08
4,758;0,399;1,496;9,66E-5;96,62;-0,01;345,63;0,08
4,759;0,401;1,497;9,67E-5;96,67;-0,01;345,82;0,08
4,760;0,400;1,497;9,67E-5;96,65;-0,01;345,77;0,08
4,761;0,400;1,497;9,67E-5;96,65;-0,01;345,83;0,08
4,762;0,399;1,497;9,66E-5;96,62;-0,01;345,74;0,08
4,763;0,399;1,496;9,66E-5;96,60;-0,01;345,70;0,08
4,764;0,400;1,497;9,66E-5;96,62;-0,01;345,79;0,08
4,765;0,399;1,498;9,66E-5;96,62;-0,01;345,85;0,08
4,766;0,398;1,496;9,66E-5;96,57;-0,01;345,73;0,08
4,767;0,399;1,497;9,66E-5;96,60;-0,01;345,85;0,08
4,768;0,398;1,497;9,66E-5;96,57;-0,01;345,82;0,08
4,769;0,397;1,497;9,66E-5;96,56;-0,01;345,79;0,08
4,770;0,398;1,498;9,66E-5;96,59;-0,01;345,89;0,08
4,771;0,396;1,497;9,65E-5;96,52;-0,01;345,75;0,08
4,772;0,397;1,497;9,65E-5;96,54;-0,01;345,80;0,08
4,773;0,397;1,498;9,65E-5;96,54;-0,01;345,87;0,08
4,774;0,395;1,495;9,65E-5;96,47;-0,01;345,61;0,08
4,775;0,396;1,497;9,65E-5;96,50;-0,01;345,76;0,08
4,776;0,395;1,496;9,65E-5;96,48;-0,01;345,71;0,08
4,777;0,395;1,497;9,65E-5;96,47;-0,01;345,73;0,08
4,778;0,395;1,497;9,65E-5;96,49;-0,01;345,79;0,08
4,779;0,395;1,497;9,65E-5;96,48;-0,01;345,84;0,08
4,780;0,395;1,498;9,65E-5;96,49;-0,01;345,91;0,08
4,781;0,394;1,497;9,65E-5;96,45;-0,01;345,80;0,08
4,782;0,395;1,498;9,65E-5;96,48;-0,01;345,95;0,08
4,783;0,395;1,499;9,65E-5;96,49;-0,01;345,98;0,08
4,784;0,394;1,498;9,65E-5;96,46;-0,01;345,94;0,08
4,785;0,394;1,498;9,64E-5;96,44;-0,01;345,88;0,08
4,786;0,392;1,496;9,64E-5;96,38;-0,01;345,69;0,08
4,787;0,391;1,496;9,64E-5;96,35;-0,01;345,66;0,08
4,788;0,392;1,496;9,64E-5;96,37;-0,01;345,68;0,08
4,789;0,393;1,497;9,64E-5;96,40;-0,01;345,83;0,08
4,790;0,392;1,497;9,64E-5;96,37;-0,01;345,80;0,08
4,791;0,392;1,497;9,64E-5;96,37;-0,01;345,79;0,08
4,792;0,391;1,497;9,64E-5;96,36;-0,01;345,81;0,08
4,793;0,391;1,498;9,64E-5;96,36;-0,01;345,86;0,08
4,794;0,391;1,497;9,63E-5;96,35;-0,01;345,80;0,08
4,795;0,392;1,498;9,64E-5;96,37;-0,01;345,91;0,08
4,796;0,392;1,498;9,64E-5;96,37;-0,01;345,94;0,08
4,797;0,391;1,498;9,63E-5;96,34;-0,01;345,86;0,08
4,798;0,390;1,498;9,63E-5;96,31;-0,01;345,85;0,08
4,799;0,389;1,497;9,63E-5;96,30;-0,01;345,83;0,08
4,800;0,389;1,497;9,63E-5;96,28;-0,01;345,79;0,08
4,801;0,389;1,498;9,63E-5;96,29;-0,01;345,89;0,08
4,802;0,390;1,499;9,63E-5;96,32;-0,01;346,03;0,08
4,803;0,389;1,498;9,63E-5;96,28;-0,01;345,90;0,08
4,804;0,388;1,498;9,63E-5;96,26;-0,01;345,87;0,08
4,805;0,388;1,499;9,63E-5;96,27;-0,01;345,97;0,08
4,806;0,387;1,498;9,62E-5;96,24;-0,01;345,87;0,08
4,807;0,387;1,498;9,62E-5;96,23;-0,01;345,91;0,08
4,808;0,386;1,498;9,62E-5;96,20;-0,01;345,86;0,08
4,809;0,387;1,498;9,62E-5;96,22;-0,01;345,93;0,08
4,810;0,387;1,499;9,62E-5;96,24;-0,01;346,02;0,08
4,811;0,386;1,498;9,62E-5;96,20;-0,01;345,91;0,08
4,812;0,387;1,500;9,62E-5;96,22;-0,01;346,09;0,08
4,813;0,386;1,499;9,62E-5;96,20;-0,01;346,06;0,08
4,814;0,387;1,500;9,62E-5;96,21;-0,01;346,10;0,08
4,815;0,386;1,499;9,62E-5;96,20;-0,01;346,06;0,08
4,816;0,385;1,499;9,62E-5;96,17;-0,01;346,01;0,08
4,817;0,386;1,500;9,62E-5;96,18;-0,01;346,11;0,08
4,818;0,385;1,500;9,62E-5;96,16;-0,01;346,13;0,08
4,819;0,385;1,500;9,62E-5;96,15;-0,01;346,11;0,08
4,820;0,384;1,500;9,61E-5;96,12;-0,01;346,10;0,08
4,821;0,385;1,500;9,61E-5;96,14;-0,01;346,13;0,08
4,822;0,385;1,501;9,62E-5;96,16;-0,01;346,24;0,08
4,823;0,384;1,500;9,61E-5;96,11;-0,01;346,10;0,08
4,824;0,384;1,501;9,61E-5;96,13;-0,01;346,24;0,08
4,825;0,384;1,500;9,61E-5;96,12;-0,01;346,15;0,08
4,826;0,384;1,501;9,61E-5;96,12;-0,01;346,22;0,08
4,827;0,382;1,499;9,61E-5;96,05;-0,01;346,05;0,08
4,828;0,382;1,500;9,61E-5;96,05;-0,01;346,09;0,08
4,829;0,382;1,500;9,61E-5;96,05;-0,01;346,15;0,08
4,830;0,383;1,501;9,61E-5;96,10;-0,01;346,26;0,08
4,831;0,382;1,500;9,60E-5;96,05;-0,01;346,19;0,08
4,832;0,383;1,502;9,61E-5;96,11;-0,01;346,39;0,08
4,833;0,382;1,500;9,61E-5;96,06;-0,01;346,19;0,08
4,834;0,381;1,501;9,60E-5;96,04;-0,01;346,24;0,08
4,835;0,382;1,502;9,61E-5;96,07;-0,01;346,35;0,08
4,836;0,383;1,502;9,61E-5;96,08;-0,01;346,43;0,08
4,837;0,382;1,502;9,61E-5;96,06;-0,01;346,40;0,08
4,838;0,381;1,502;9,60E-5;96,04;-0,01;346,34;0,08
4,839;0,380;1,501;9,60E-5;96,00;-0,01;346,28;0,08
4,840;0,380;1,501;9,60E-5;96,00;-0,01;346,31;0,08
4,841;0,379;1,501;9,60E-5;95,97;-0,01;346,25;0,08
4,842;0,379;1,502;9,60E-5;95,98;-0,01;346,32;0,08
4,843;0,379;1,502;9,60E-5;95,97;-0,01;346,34;0,08
4,844;0,379;1,502;9,60E-5;95,97;-0,01;346,33;0,08
4,845;0,379;1,503;9,60E-5;95,98;-0,01;346,47;0,08
4,846;0,379;1,502;9,60E-5;95,96;-0,01;346,39;0,08
4,847;0,378;1,502;9,59E-5;95,95;-0,01;346,39;0,08
4,848;0,378;1,502;9,59E-5;95,93;-0,01;346,34;0,08
4,849;0,377;1,502;9,59E-5;95,91;-0,01;346,40;0,08
4,850;0,378;1,504;9,59E-5;95,95;-0,01;346,55;0,08
4,851;0,378;1,503;9,59E-5;95,94;-0,01;346,54;0,08
4,852;0,378;1,504;9,59E-5;95,93;-0,01;346,58;0,08
4,853;0,378;1,504;9,59E-5;95,93;-0,01;346,60;0,08
4,854;0,378;1,504;9,59E-5;95,93;-0,01;346,61;0,08
4,855;0,377;1,504;9,59E-5;95,91;-0,01;346,62;0,08
4,856;0,377;1,504;9,59E-5;95,90;-0,01;346,57;0,08
4,857;0,376;1,504;9,59E-5;95,88;-0,01;346,60;0,08
4,858;0,376;1,503;9,59E-5;95,86;-0,01;346,52;0,08
4,859;0,375;1,503;9,58E-5;95,83;-0,01;346,50;0,08
4,860;0,375;1,504;9,59E-5;95,85;-0,01;346,61;0,08
4,861;0,376;1,505;9,59E-5;95,87;-0,01;346,72;0,08
4,862;0,376;1,505;9,59E-5;95,87;-0,01;346,75;0,08
4,863;0,375;1,505;9,58E-5;95,85;-0,01;346,73;0,08
4,864;0,374;1,504;9,58E-5;95,82;-0,01;346,64;0,08
4,865;0,375;1,505;9,58E-5;95,85;-0,01;346,76;0,08
4,866;0,376;1,506;9,59E-5;95,87;-0,01;346,88;0,08
4,867;0,375;1,506;9,58E-5;95,82;-0,01;346,79;0,08
4,868;0,373;1,505;9,58E-5;95,78;-0,01;346,68;0,08
4,869;0,374;1,505;9,58E-5;95,80;-0,01;346,78;0,08
4,870;0,373;1,505;9,58E-5;95,78;-0,01;346,75;0,08
4,871;0,373;1,506;9,58E-5;95,79;-0,01;346,79;0,08
4,872;0,374;1,506;9,58E-5;95,80;-0,01;346,86;0,08
4,873;0,373;1,506;9,58E-5;95,79;-0,01;346,86;0,08
4,874;0,373;1,506;9,58E-5;95,77;-0,01;346,82;0,08
4,875;0,373;1,506;9,58E-5;95,76;-0,01;346,84;0,08
4,876;0,372;1,506;9,57E-5;95,75;-0,01;346,85;0,08
4,877;0,372;1,506;9,58E-5;95,76;-0,01;346,90;0,08
4,878;0,372;1,506;9,57E-5;95,74;-0,01;346,85;0,08
4,879;0,371;1,506;9,57E-5;95,72;-0,01;346,85;0,08
4,880;0,371;1,506;9,57E-5;95,72;-0,01;346,88;0,08
4,881;0,371;1,507;9,57E-5;95,72;-0,01;346,91;0,08
4,882;0,373;1,509;9,58E-5;95,76;-0,01;347,16;0,08
4,883;0,372;1,508;9,57E-5;95,74;-0,01;347,07;0,08
4,884;0,370;1,507;9,57E-5;95,69;-0,01;346,92;0,08
4,885;0,371;1,508;9,57E-5;95,70;-0,01;347,04;0,08
4,886;0,371;1,508;9,57E-5;95,70;-0,01;347,08;0,08
4,887;0,371;1,508;9,57E-5;95,70;-0,01;347,10;0,08
4,888;0,370;1,508;9,57E-5;95,69;-0,01;347,10;0,08
4,889;0,370;1,509;9,57E-5;95,69;-0,01;347,16;0,08
4,890;0,370;1,509;9,57E-5;95,68;-0,01;347,18;0,08
4,891;0,369;1,508;9,57E-5;95,65;-0,01;347,09;0,08
4,892;0,371;1,510;9,57E-5;95,70;-0,01;347,26;0,08
4,893;0,369;1,509;9,56E-5;95,65;-0,01;347,17;0,08
4,894;0,368;1,508;9,56E-5;95,63;-0,01;347,13;0,08
4,895;0,369;1,509;9,56E-5;95,65;-0,01;347,23;0,08
4,896;0,370;1,510;9,57E-5;95,66;-0,01;347,33;0,08
4,897;0,368;1,509;9,56E-5;95,60;-0,01;347,17;0,08
4,898;0,369;1,510;9,56E-5;95,63;-0,01;347,26;0,08
4,899;0,368;1,509;9,56E-5;95,60;-0,01;347,21;0,08
4,900;0,369;1,511;9,56E-5;95,64;-0,01;347,43;0,08
4,901;0,368;1,510;9,56E-5;95,61;-0,01;347,34;0,08
4,902;0,367;1,509;9,56E-5;95,57;-0,01;347,22;0,08
4,903;0,368;1,511;9,56E-5;95,60;-0,01;347,40;0,08
4,904;0,369;1,512;9,56E-5;95,64;-0,01;347,57;0,08
4,905;0,367;1,511;9,56E-5;95,59;-0,01;347,43;0,08
4,906;0,367;1,511;9,56E-5;95,57;-0,01;347,37;0,08
4,907;0,365;1,510;9,55E-5;95,53;-0,01;347,32;0,08
4,908;0,366;1,510;9,55E-5;95,55;-0,01;347,36;0,08
4,909;0,366;1,511;9,56E-5;95,56;-0,01;347,47;0,08
4,910;0,365;1,510;9,55E-5;95,52;-0,01;347,33;0,08
4,911;0,364;1,510;9,55E-5;95,50;-0,01;347,29;0,08
4,912;0,366;1,511;9,55E-5;95,53;-0,01;347,48;0,08
4,913;0,365;1,511;9,55E-5;95,51;-0,01;347,43;0,08
4,914;0,365;1,512;9,55E-5;95,52;-0,01;347,49;0,08
4,915;0,364;1,511;9,55E-5;95,50;-0,01;347,48;0,08
4,916;0,364;1,511;9,55E-5;95,50;-0,01;347,44;0,08
4,917;0,364;1,512;9,55E-5;95,49;-0,01;347,53;0,08
4,918;0,364;1,512;9,55E-5;95,50;-0,01;347,57;0,08
4,919;0,364;1,512;9,55E-5;95,49;-0,01;347,56;0,08
4,920;0,364;1,513;9,55E-5;95,49;-0,01;347,61;0,08
4,921;0,364;1,513;9,55E-5;95,49;-0,01;347,65;0,08
4,922;0,365;1,514;9,55E-5;95,50;-0,01;347,73;0,08
4,923;0,363;1,513;9,55E-5;95,46;-0,01;347,62;0,08
4,924;0,364;1,514;9,55E-5;95,49;-0,01;347,74;0,08
4,925;0,364;1,514;9,55E-5;95,47;-0,01;347,76;0,08
4,926;0,364;1,514;9,55E-5;95,48;-0,01;347,80;0,08
4,927;0,362;1,513;9,54E-5;95,42;-0,01;347,61;0,08
4,928;0,364;1,515;9,55E-5;95,47;-0,01;347,86;0,08
4,929;0,363;1,514;9,55E-5;95,47;-0,01;347,83;0,08
4,930;0,363;1,514;9,54E-5;95,45;-0,01;347,80;0,08
4,931;0,362;1,514;9,54E-5;95,43;-0,01;347,78;0,08
4,932;0,361;1,514;9,54E-5;95,40;-0,01;347,72;0,08
4,933;0,361;1,513;9,54E-5;95,39;-0,01;347,68;0,08
4,934;0,361;1,513;9,54E-5;95,38;-0,01;347,68;0,08
4,935;0,362;1,515;9,54E-5;95,42;-0,01;347,84;0,08
4,936;0,361;1,514;9,54E-5;95,38;-0,01;347,76;0,08
4,937;0,362;1,516;9,54E-5;95,43;-0,01;347,98;0,08
4,938;0,362;1,516;9,54E-5;95,41;-0,01;347,98;0,08
4,939;0,360;1,515;9,54E-5;95,37;-0,01;347,86;0,08
4,940;0,360;1,515;9,54E-5;95,37;-0,01;347,89;0,08
4,941;0,362;1,517;9,54E-5;95,43;-0,01;348,15;0,08
4,942;0,362;1,517;9,54E-5;95,42;-0,01;348,12;0,08
4,943;0,361;1,517;9,54E-5;95,40;-0,01;348,09;0,08
4,944;0,361;1,516;9,54E-5;95,37;-0,01;348,01;0,08
4,945;0,361;1,516;9,54E-5;95,38;-0,01;348,05;0,08
4,946;0,361;1,517;9,54E-5;95,38;-0,01;348,13;0,08
4,947;0,360;1,516;9,54E-5;95,35;-0,01;348,03;0,08
4,948;0,360;1,516;9,53E-5;95,34;-0,01;348,02;0,08
4,949;0,360;1,517;9,53E-5;95,35;-0,01;348,10;0,08
4,950;0,360;1,517;9,53E-5;95,35;-0,01;348,09;0,08
4,951;0,360;1,517;9,53E-5;95,34;-0,01;348,09;0,08
4,952;0,360;1,518;9,53E-5;95,35;-0,01;348,19;0,08
4,953;0,359;1,517;9,53E-5;95,33;-0,01;348,16;0,08
4,954;0,359;1,518;9,53E-5;95,34;-0,01;348,22;0,08
4,955;0,358;1,517;9,53E-5;95,30;-0,01;348,13;0,08
4,956;0,359;1,518;9,53E-5;95,32;-0,01;348,19;0,08
4,957;0,359;1,518;9,53E-5;95,33;-0,01;348,27;0,08
4,958;0,360;1,519;9,53E-5;95,35;-0,01;348,38;0,08
4,959;0,359;1,519;9,53E-5;95,32;-0,01;348,33;0,08
4,960;0,359;1,519;9,53E-5;95,31;-0,01;348,31;0,08
4,961;0,358;1,518;9,53E-5;95,30;-0,01;348,29;0,08
4,962;0,358;1,518;9,53E-5;95,29;-0,01;348,27;0,08
4,963;0,358;1,519;9,53E-5;95,29;-0,01;348,32;0,08
4,964;0,357;1,518;9,53E-5;95,26;-0,01;348,26;0,08
4,965;0,356;1,518;9,52E-5;95,24;-0,01;348,20;0,08
4,966;0,358;1,519;9,53E-5;95,28;-0,01;348,35;0,08
4,967;0,357;1,519;9,52E-5;95,24;-0,01;348,31;0,08
4,968;0,355;1,518;9,52E-5;95,21;-0,01;348,19;0,08
4,969;0,357;1,519;9,52E-5;95,24;-0,01;348,38;0,08
4,970;0,357;1,519;9,53E-5;95,25;-0,01;348,33;0,08
4,971;0,356;1,518;9,52E-5;95,22;-0,01;348,30;0,08
4,972;0,356;1,519;9,52E-5;95,22;-0,01;348,35;0,08
4,973;0,356;1,520;9,52E-5;95,24;-0,01;348,45;0,08
4,974;0,355;1,519;9,52E-5;95,19;-0,01;348,36;0,08
4,975;0,356;1,519;9,52E-5;95,21;-0,01;348,39;0,08
4,976;0,355;1,519;9,52E-5;95,20;-0,01;348,38;0,08
4,977;0,355;1,519;9,52E-5;95,20;-0,01;348,41;0,08
4,978;0,355;1,520;9,52E-5;95,21;-0,01;348,48;0,08
4,979;0,356;1,521;9,52E-5;95,23;-0,01;348,58;0,08
4,980;0,357;1,522;9,52E-5;95,25;-0,01;348,67;0,09
4,981;0,355;1,521;9,52E-5;95,21;-0,01;348,56;0,08
4,982;0,356;1,521;9,52E-5;95,21;-0,01;348,59;0,08
4,983;0,355;1,521;9,52E-5;95,21;-0,01;348,59;0,08
4,984;0,353;1,519;9,51E-5;95,14;-0,01;348,42;0,08
4,985;0,354;1,520;9,52E-5;95,16;-0,01;348,48;0,08
4,986;0,354;1,521;9,52E-5;95,17;-0,01;348,55;0,08
4,987;0,354;1,520;9,52E-5;95,15;-0,01;348,51;0,08
4,988;0,353;1,520;9,51E-5;95,15;-0,01;348,50;0,08
4,989;0,355;1,522;9,52E-5;95,19;-0,01;348,66;0,09
4,990;0,354;1,521;9,52E-5;95,16;-0,01;348,62;0,08
4,991;0,352;1,520;9,51E-5;95,10;-0,01;348,45;0,08
4,992;0,353;1,521;9,51E-5;95,13;-0,01;348,58;0,08
4,993;0,354;1,521;9,51E-5;95,15;-0,01;348,64;0,08
4,994;0,354;1,522;9,52E-5;95,15;-0,01;348,68;0,09
4,995;0,353;1,521;9,51E-5;95,12;-0,01;348,60;0,08
4,996;0,353;1,522;9,51E-5;95,14;-0,01;348,70;0,09
4,997;0,353;1,522;9,51E-5;95,13;-0,01;348,67;0,09
4,998;0,352;1,522;9,51E-5;95,11;-0,01;348,67;0,09
4,999;0,353;1,523;9,51E-5;95,15;-0,01;348,77;0,09
5,000;0,352;1,521;9,51E-5;95,10;-0,01;348,63;0,08
5,001;0,352;1,522;9,51E-5;95,10;-0,01;348,68;0,09
5,002;0,352;1,521;9,51E-5;95,09;-0,01;348,62;0,08
5,003;0,351;1,521;9,51E-5;95,07;-0,01;348,61;0,08
5,004;0,351;1,521;9,51E-5;95,07;-0,01;348,60;0,08
5,005;0,352;1,523;9,51E-5;95,10;-0,01;348,77;0,09
5,006;0,350;1,521;9,50E-5;95,04;-0,01;348,54;0,08
5,007;0,351;1,521;9,51E-5;95,06;-0,01;348,59;0,08
5,008;0,350;1,521;9,50E-5;95,04;-0,01;348,58;0,08
5,009;0,352;1,523;9,51E-5;95,10;-0,01;348,78;0,09
5,010;0,352;1,523;9,51E-5;95,11;-0,01;348,83;0,09
5,011;0,352;1,523;9,51E-5;95,09;-0,01;348,83;0,09
5,012;0,350;1,521;9,50E-5;95,03;-0,01;348,60;0,08
5,013;0,350;1,521;9,50E-5;95,04;-0,01;348,63;0,08
5,014;0,351;1,522;9,51E-5;95,06;-0,01;348,68;0,09
5,015;0,350;1,522;9,50E-5;95,05;-0,01;348,71;0,09
5,016;0,351;1,522;9,51E-5;95,05;-0,01;348,76;0,09
5,017;0,350;1,522;9,50E-5;95,04;-0,01;348,70;0,09
5,018;0,349;1,521;9,50E-5;95,02;-0,01;348,60;0,08
5,019;0,349;1,521;9,50E-5;95,01;-0,01;348,62;0,08
5,020;0,349;1,521;9,50E-5;95,00;-0,01;348,59;0,08
5,021;0,349;1,521;9,50E-5;95,01;-0,01;348,65;0,08
5,022;0,350;1,522;9,50E-5;95,04;-0,01;348,75;0,09
5,023;0,349;1,522;9,50E-5;95,01;-0,01;348,66;0,09
5,024;0,348;1,521;9,50E-5;94,98;-0,01;348,58;0,08
5,025;0,349;1,521;9,50E-5;95,00;-0,01;348,62;0,08
5,026;0,349;1,521;9,50E-5;94,99;-0,01;348,65;0,08
5,027;0,349;1,522;9,50E-5;95,00;-0,01;348,67;0,09
5,028;0,349;1,522;9,50E-5;95,00;-0,01;348,67;0,09
5,029;0,348;1,521;9,50E-5;94,97;-0,01;348,59;0,08
5,030;0,350;1,523;9,50E-5;95,03;-0,01;348,78;0,09
5,031;0,348;1,521;9,50E-5;94,96;-0,01;348,56;0,08
5,032;0,348;1,521;9,50E-5;94,97;-0,01;348,61;0,08
5,033;0,349;1,522;9,50E-5;95,01;-0,01;348,73;0,09
5,034;0,349;1,522;9,50E-5;95,00;-0,01;348,72;0,09
5,035;0,349;1,522;9,50E-5;95,00;-0,01;348,73;0,09
5,036;0,348;1,522;9,50E-5;94,98;-0,01;348,70;0,09
5,037;0,348;1,522;9,50E-5;94,97;-0,01;348,66;0,09
5,038;0,348;1,521;9,50E-5;94,97;-0,01;348,63;0,08
5,039;0,349;1,522;9,50E-5;94,99;-0,01;348,70;0,09
5,040;0,347;1,521;9,49E-5;94,94;-0,01;348,58;0,08
5,041;0,348;1,522;9,50E-5;94,97;-0,01;348,67;0,09
5,042;0,348;1,522;9,50E-5;94,98;-0,01;348,72;0,09
5,043;0,347;1,521;9,49E-5;94,95;-0,01;348,59;0,08
5,044;0,347;1,520;9,49E-5;94,93;-0,01;348,52;0,08
5,045;0,347;1,521;9,49E-5;94,94;-0,01;348,55;0,08
5,046;0,347;1,520;9,49E-5;94,93;-0,01;348,52;0,08
5,047;0,347;1,521;9,49E-5;94,94;-0,01;348,56;0,08
5,048;0,346;1,520;9,49E-5;94,92;-0,01;348,46;0,08
5,049;0,347;1,520;9,49E-5;94,92;-0,01;348,46;0,08
5,050;0,347;1,520;9,49E-5;94,93;-0,01;348,49;0,08
5,051;0,346;1,519;9,49E-5;94,91;-0,01;348,42;0,08
5,052;0,346;1,520;9,49E-5;94,90;-0,01;348,43;0,08
5,053;0,347;1,520;9,49E-5;94,92;-0,01;348,46;0,08
5,054;0,347;1,520;9,49E-5;94,93;-0,01;348,47;0,08
5,055;0,347;1,520;9,49E-5;94,93;-0,01;348,48;0,08
5,056;0,346;1,520;9,49E-5;94,91;-0,01;348,43;0,08
5,057;0,347;1,520;9,49E-5;94,94;-0,01;348,52;0,08
5,058;0,347;1,520;9,49E-5;94,93;-0,01;348,46;0,08
5,059;0,346;1,519;9,49E-5;94,90;-0,01;348,32;0,08
5,060;0,346;1,519;9,49E-5;94,89;-0,01;348,31;0,08
5,061;0,346;1,519;9,49E-5;94,90;-0,01;348,32;0,08
5,062;0,346;1,519;9,49E-5;94,90;-0,01;348,31;0,08
5,063;0,347;1,520;9,49E-5;94,94;-0,01;348,46;0,08
5,064;0,346;1,519;9,49E-5;94,90;-0,01;348,32;0,08
5,065;0,346;1,519;9,49E-5;94,92;-0,01;348,34;0,08
5,066;0,346;1,519;9,49E-5;94,92;-0,01;348,38;0,08
5,067;0,345;1,518;9,49E-5;94,89;-0,01;348,21;0,08
5,068;0,345;1,517;9,49E-5;94,87;-0,01;348,11;0,08
5,069;0,344;1,517;9,49E-5;94,86;-0,01;348,08;0,08
5,070;0,344;1,516;9,48E-5;94,85;-0,01;348,03;0,08
5,071;0,344;1,516;9,48E-5;94,84;-0,01;347,95;0,08
5,072;0,343;1,515;9,48E-5;94,81;-0,01;347,86;0,08
5,073;0,343;1,515;9,48E-5;94,82;-0,01;347,92;0,08
5,074;0,346;1,517;9,49E-5;94,89;-0,01;348,09;0,08
5,075;0,344;1,516;9,49E-5;94,86;-0,01;347,99;0,08
5,076;0,344;1,515;9,49E-5;94,85;-0,01;347,92;0,08
5,077;0,343;1,515;9,48E-5;94,82;-0,01;347,83;0,08
5,078;0,342;1,513;9,48E-5;94,78;-0,01;347,62;0,08
5,079;0,344;1,514;9,48E-5;94,83;-0,01;347,79;0,08
5,080;0,344;1,514;9,48E-5;94,84;-0,01;347,80;0,08
5,081;0,344;1,514;9,48E-5;94,83;-0,01;347,78;0,08
5,082;0,344;1,514;9,48E-5;94,84;-0,01;347,77;0,08
5,083;0,344;1,514;9,49E-5;94,86;-0,01;347,82;0,08
5,084;0,344;1,513;9,48E-5;94,83;-0,01;347,70;0,08
5,085;0,344;1,513;9,48E-5;94,83;-0,01;347,71;0,08
5,086;0,342;1,511;9,48E-5;94,77;-0,01;347,42;0,08
5,087;0,343;1,512;9,48E-5;94,81;-0,01;347,58;0,08
5,088;0,343;1,512;9,48E-5;94,82;-0,01;347,58;0,08
5,089;0,343;1,511;9,48E-5;94,80;-0,01;347,47;0,08
5,090;0,344;1,512;9,48E-5;94,83;-0,01;347,53;0,08
5,091;0,343;1,512;9,48E-5;94,82;-0,01;347,49;0,08
5,092;0,343;1,511;9,48E-5;94,81;-0,01;347,46;0,08
5,093;0,343;1,511;9,48E-5;94,79;-0,01;347,37;0,08
5,094;0,342;1,510;9,48E-5;94,78;-0,01;347,32;0,08
5,095;0,342;1,509;9,48E-5;94,77;-0,01;347,24;0,08
5,096;0,343;1,510;9,48E-5;94,82;-0,01;347,32;0,08
5,097;0,343;1,509;9,48E-5;94,80;-0,01;347,23;0,08
5,098;0,342;1,509;9,48E-5;94,79;-0,01;347,16;0,08
5,099;0,341;1,508;9,48E-5;94,76;-0,01;347,02;0,08
5,100;0,342;1,508;9,48E-5;94,77;-0,01;347,06;0,08
5,101;0,342;1,508;9,48E-5;94,78;-0,01;347,09;0,08
5,102;0,341;1,507;9,48E-5;94,75;-0,01;346,98;0,08
5,103;0,341;1,507;9,47E-5;94,75;-0,01;346,91;0,08
5,104;0,342;1,508;9,48E-5;94,79;-0,01;347,03;0,08
5,105;0,342;1,507;9,48E-5;94,77;-0,01;346,91;0,08
5,106;0,341;1,505;9,47E-5;94,73;-0,01;346,76;0,08
5,107;0,342;1,506;9,48E-5;94,77;-0,01;346,88;0,08
5,108;0,341;1,506;9,48E-5;94,75;-0,01;346,79;0,08
5,109;0,340;1,504;9,47E-5;94,72;-0,01;346,63;0,08
5,110;0,340;1,504;9,47E-5;94,73;-0,01;346,66;0,08
5,111;0,340;1,504;9,47E-5;94,73;-0,01;346,59;0,08
5,112;0,342;1,505;9,48E-5;94,77;-0,01;346,68;0,08
5,113;0,342;1,505;9,48E-5;94,79;-0,01;346,72;0,08
5,114;0,341;1,503;9,47E-5;94,74;-0,01;346,52;0,08
5,115;0,340;1,503;9,47E-5;94,73;-0,01;346,45;0,08
5,116;0,340;1,502;9,47E-5;94,71;-0,01;346,35;0,08
5,117;0,339;1,501;9,47E-5;94,68;-0,01;346,20;0,08
5,118;0,340;1,502;9,47E-5;94,72;-0,01;346,33;0,08
5,119;0,340;1,501;9,47E-5;94,72;-0,01;346,29;0,08
5,120;0,340;1,500;9,47E-5;94,70;-0,01;346,16;0,08
5,121;0,339;1,500;9,47E-5;94,69;-0,01;346,12;0,08
5,122;0,339;1,499;9,47E-5;94,67;-0,01;346,03;0,08
5,123;0,339;1,499;9,47E-5;94,67;-0,01;345,99;0,08
5,124;0,340;1,500;9,47E-5;94,72;-0,01;346,14;0,08
5,125;0,340;1,499;9,47E-5;94,72;-0,01;346,07;0,08
5,126;0,339;1,498;9,47E-5;94,69;-0,01;345,96;0,08
5,127;0,340;1,499;9,47E-5;94,72;-0,01;346,03;0,08
5,128;0,341;1,499;9,47E-5;94,73;-0,01;346,00;0,08
5,129;0,340;1,498;9,47E-5;94,71;-0,01;345,91;0,08
5,130;0,339;1,497;9,47E-5;94,68;-0,01;345,75;0,08
5,131;0,340;1,497;9,47E-5;94,72;-0,01;345,85;0,08
5,132;0,339;1,496;9,47E-5;94,67;-0,01;345,66;0,08
5,133;0,340;1,497;9,47E-5;94,72;-0,01;345,75;0,08
5,134;0,340;1,497;9,47E-5;94,72;-0,01;345,73;0,08
5,135;0,339;1,495;9,47E-5;94,68;-0,01;345,50;0,08
5,136;0,338;1,494;9,47E-5;94,66;-0,01;345,42;0,08
5,137;0,339;1,495;9,47E-5;94,69;-0,01;345,50;0,08
5,138;0,339;1,494;9,47E-5;94,68;-0,01;345,43;0,08
5,139;0,338;1,493;9,47E-5;94,65;-0,01;345,30;0,08
5,140;0,338;1,493;9,47E-5;94,66;-0,01;345,27;0,08
5,141;0,340;1,493;9,47E-5;94,70;-0,01;345,35;0,08
5,142;0,339;1,493;9,47E-5;94,69;-0,01;345,30;0,08
5,143;0,338;1,491;9,46E-5;94,64;-0,01;345,12;0,08
5,144;0,338;1,491;9,46E-5;94,64;-0,01;345,09;0,08
5,145;0,338;1,491;9,47E-5;94,66;-0,01;345,13;0,08
5,146;0,338;1,490;9,46E-5;94,64;-0,01;345,00;0,08
5,147;0,337;1,489;9,46E-5;94,62;-0,01;344,86;0,08
5,148;0,338;1,489;9,47E-5;94,66;-0,01;344,90;0,08
5,149;0,337;1,488;9,46E-5;94,63;-0,01;344,76;0,08
5,150;0,337;1,488;9,46E-5;94,62;-0,01;344,73;0,08
5,151;0,338;1,488;9,46E-5;94,63;-0,01;344,74;0,08
5,152;0,338;1,489;9,47E-5;94,66;-0,01;344,80;0,08
5,153;0,337;1,486;9,46E-5;94,60;-0,01;344,49;0,08
5,154;0,337;1,486;9,46E-5;94,62;-0,01;344,53;0,08
5,155;0,338;1,487;9,46E-5;94,64;-0,01;344,60;0,08
5,156;0,337;1,485;9,46E-5;94,62;-0,01;344,43;0,08
5,157;0,337;1,485;9,46E-5;94,62;-0,01;344,44;0,08
5,158;0,337;1,485;9,46E-5;94,62;-0,01;344,33;0,08
5,159;0,337;1,485;9,46E-5;94,63;-0,01;344,37;0,08
5,160;0,337;1,484;9,46E-5;94,62;-0,01;344,24;0,08
5,161;0,336;1,483;9,46E-5;94,58;0,00;344,13;0,08
5,162;0,338;1,484;9,46E-5;94,63;-0,01;344,27;0,08
5,163;0,337;1,483;9,46E-5;94,62;-0,01;344,16;0,08
5,164;0,337;1,482;9,46E-5;94,61;-0,01;344,03;0,08
5,165;0,336;1,481;9,46E-5;94,59;0,00;343,91;0,08
5,166;0,337;1,482;9,46E-5;94,62;-0,01;344,00;0,08
5,167;0,336;1,480;9,46E-5;94,60;-0,01;343,86;0,08
5,168;0,336;1,479;9,46E-5;94,57;0,00;343,70;0,08
5,169;0,336;1,479;9,46E-5;94,60;-0,01;343,70;0,08
5,170;0,334;1,477;9,45E-5;94,51;0,00;343,41;0,08
5,171;0,334;1,476;9,45E-5;94,52;0,00;343,36;0,08
5,172;0,336;1,478;9,46E-5;94,58;0,00;343,53;0,08
5,173;0,335;1,476;9,46E-5;94,55;0,00;343,38;0,08
5,174;0,336;1,477;9,46E-5;94,59;-0,01;343,43;0,08
5,175;0,336;1,477;9,46E-5;94,60;-0,01;343,43;0,08
5,176;0,337;1,477;9,46E-5;94,63;-0,01;343,47;0,08
5,177;0,337;1,476;9,46E-5;94,61;-0,01;343,32;0,08
5,178;0,336;1,475;9,46E-5;94,58;0,00;343,16;0,08
5,179;0,336;1,475;9,46E-5;94,59;-0,01;343,17;0,08
5,180;0,336;1,474;9,46E-5;94,59;-0,01;343,06;0,08
5,181;0,335;1,473;9,46E-5;94,56;0,00;342,95;0,08
5,182;0,335;1,471;9,45E-5;94,54;0,00;342,79;0,08
5,183;0,336;1,473;9,46E-5;94,60;-0,01;342,93;0,08
5,184;0,336;1,471;9,46E-5;94,58;0,00;342,80;0,08
5,185;0,335;1,470;9,46E-5;94,55;0,00;342,62;0,08
5,186;0,335;1,470;9,46E-5;94,56;0,00;342,58;0,08
5,187;0,335;1,469;9,45E-5;94,55;0,00;342,49;0,08
5,188;0,335;1,469;9,45E-5;94,54;0,00;342,47;0,08
5,189;0,335;1,468;9,45E-5;94,55;0,00;342,41;0,08
5,190;0,334;1,467;9,45E-5;94,52;0,00;342,23;0,08
5,191;0,335;1,466;9,45E-5;94,54;0,00;342,21;0,08
5,192;0,335;1,466;9,45E-5;94,55;0,00;342,17;0,08
5,193;0,335;1,466;9,45E-5;94,55;0,00;342,12;0,08
5,194;0,335;1,465;9,45E-5;94,55;0,00;342,05;0,08
5,195;0,335;1,464;9,45E-5;94,54;0,00;341,95;0,08
5,196;0,333;1,462;9,45E-5;94,50;0,00;341,73;0,08
5,197;0,334;1,462;9,45E-5;94,51;0,00;341,67;0,08
5,198;0,334;1,461;9,45E-5;94,51;0,00;341,64;0,08
5,199;0,335;1,462;9,45E-5;94,55;0,00;341,69;0,08
5,200;0,334;1,460;9,45E-5;94,52;0,00;341,52;0,08
5,201;0,334;1,460;9,45E-5;94,52;0,00;341,45;0,08
5,202;0,334;1,459;9,45E-5;94,51;0,00;341,33;0,08
5,203;0,333;1,457;9,45E-5;94,47;0,00;341,10;0,08
5,204;0,333;1,457;9,45E-5;94,50;0,00;341,09;0,08
5,205;0,333;1,457;9,45E-5;94,51;0,00;341,09;0,08
5,206;0,333;1,456;9,45E-5;94,50;0,00;340,98;0,08
5,207;0,334;1,456;9,45E-5;94,53;0,00;341,03;0,08
5,208;0,333;1,454;9,45E-5;94,50;0,00;340,82;0,08
5,209;0,333;1,453;9,45E-5;94,48;0,00;340,68;0,07
5,210;0,332;1,452;9,45E-5;94,46;0,00;340,56;0,07
5,211;0,334;1,453;9,45E-5;94,54;0,00;340,69;0,07
5,212;0,333;1,451;9,45E-5;94,48;0,00;340,43;0,07
5,213;0,332;1,449;9,45E-5;94,45;0,00;340,24;0,07
5,214;0,332;1,449;9,45E-5;94,46;0,00;340,20;0,07
5,215;0,332;1,449;9,45E-5;94,46;0,00;340,13;0,07
5,216;0,332;1,448;9,45E-5;94,47;0,00;340,08;0,07
5,217;0,332;1,447;9,45E-5;94,47;0,00;339,94;0,07
5,218;0,333;1,447;9,45E-5;94,48;0,00;339,90;0,07
5,219;0,333;1,446;9,45E-5;94,49;0,00;339,81;0,07
5,220;0,333;1,445;9,45E-5;94,49;0,00;339,75;0,07
5,221;0,333;1,445;9,45E-5;94,49;0,00;339,68;0,07
5,222;0,333;1,444;9,45E-5;94,51;0,00;339,64;0,07
5,223;0,333;1,443;9,45E-5;94,50;0,00;339,53;0,07
5,224;0,331;1,440;9,44E-5;94,42;0,00;339,16;0,07
5,225;0,331;1,440;9,44E-5;94,43;0,00;339,11;0,07
5,226;0,332;1,440;9,45E-5;94,45;0,00;339,11;0,07
5,227;0,332;1,439;9,45E-5;94,47;0,00;339,06;0,07
5,228;0,332;1,438;9,44E-5;94,45;0,00;338,85;0,07
5,229;0,331;1,437;9,44E-5;94,44;0,00;338,80;0,07
5,230;0,332;1,436;9,45E-5;94,46;0,00;338,69;0,07
5,231;0,331;1,435;9,44E-5;94,43;0,00;338,51;0,07
5,232;0,331;1,433;9,44E-5;94,41;0,00;338,35;0,07
5,233;0,331;1,433;9,44E-5;94,44;0,00;338,33;0,07
5,234;0,332;1,433;9,45E-5;94,45;0,00;338,29;0,07
5,235;0,331;1,432;9,44E-5;94,44;0,00;338,19;0,07
5,236;0,332;1,431;9,44E-5;94,45;0,00;338,10;0,07
5,237;0,331;1,429;9,44E-5;94,42;0,00;337,87;0,07
5,238;0,332;1,429;9,44E-5;94,45;0,00;337,88;0,07
5,239;0,331;1,428;9,44E-5;94,43;0,00;337,72;0,07
5,240;0,331;1,427;9,44E-5;94,43;0,00;337,58;0,07
5,241;0,330;1,425;9,44E-5;94,38;0,00;337,37;0,07
5,242;0,331;1,426;9,44E-5;94,44;0,00;337,45;0,07
5,243;0,332;1,425;9,45E-5;94,45;0,00;337,39;0,07
5,244;0,330;1,423;9,44E-5;94,41;0,00;337,13;0,07
5,245;0,332;1,424;9,45E-5;94,46;0,00;337,23;0,07
5,246;0,332;1,423;9,45E-5;94,46;0,00;337,09;0,07
5,247;0,330;1,420;9,44E-5;94,41;0,00;336,83;0,07
5,248;0,331;1,420;9,44E-5;94,41;0,00;336,76;0,07
5,249;0,330;1,418;9,44E-5;94,40;0,00;336,61;0,07
5,250;0,330;1,417;9,44E-5;94,40;0,00;336,49;0,07
5,251;0,330;1,416;9,44E-5;94,39;0,00;336,35;0,07
5,252;0,331;1,416;9,44E-5;94,42;0,00;336,34;0,07
5,253;0,330;1,414;9,44E-5;94,38;0,00;336,15;0,07
5,254;0,331;1,414;9,44E-5;94,42;0,00;336,13;0,07
5,255;0,330;1,413;9,44E-5;94,40;0,00;335,97;0,07
5,256;0,329;1,411;9,44E-5;94,38;0,00;335,75;0,07
5,257;0,329;1,409;9,43E-5;94,34;0,00;335,53;0,07
5,258;0,328;1,408;9,43E-5;94,34;0,00;335,39;0,07
5,259;0,328;1,407;9,43E-5;94,34;0,00;335,28;0,07
5,260;0,329;1,407;9,44E-5;94,35;0,00;335,26;0,07
5,261;0,330;1,407;9,44E-5;94,39;0,00;335,28;0,07
5,262;0,330;1,406;9,44E-5;94,39;0,00;335,16;0,07
5,263;0,330;1,405;9,44E-5;94,41;0,00;335,11;0,07
5,264;0,331;1,405;9,44E-5;94,42;0,00;335,05;0,07
5,265;0,331;1,404;9,44E-5;94,41;0,00;334,90;0,07
5,266;0,329;1,401;9,44E-5;94,37;0,00;334,62;0,07
5,267;0,330;1,400;9,44E-5;94,38;0,00;334,52;0,07
5,268;0,329;1,399;9,44E-5;94,36;0,00;334,40;0,07
5,269;0,328;1,398;9,43E-5;94,34;0,00;334,22;0,07
5,270;0,330;1,398;9,44E-5;94,38;0,00;334,21;0,07
5,271;0,329;1,396;9,44E-5;94,35;0,00;334,01;0,07
5,272;0,329;1,396;9,44E-5;94,37;0,00;333,99;0,07
5,273;0,329;1,395;9,44E-5;94,38;0,00;333,90;0,07
5,274;0,329;1,393;9,44E-5;94,36;0,00;333,71;0,07
5,275;0,328;1,391;9,43E-5;94,33;0,00;333,47;0,07
5,276;0,328;1,391;9,43E-5;94,34;0,00;333,41;0,07
5,277;0,329;1,391;9,44E-5;94,36;0,00;333,38;0,07
5,278;0,328;1,389;9,43E-5;94,34;0,00;333,21;0,07
5,279;0,330;1,390;9,44E-5;94,39;0,00;333,26;0,07
5,280;0,329;1,388;9,44E-5;94,37;0,00;333,09;0,07
5,281;0,329;1,386;9,44E-5;94,35;0,00;332,86;0,06
5,282;0,329;1,386;9,44E-5;94,36;0,00;332,80;0,06
5,283;0,329;1,385;9,44E-5;94,36;0,00;332,68;0,06
5,284;0,328;1,383;9,43E-5;94,34;0,00;332,51;0,06
5,285;0,328;1,382;9,43E-5;94,32;0,00;332,39;0,06
5,286;0,329;1,382;9,44E-5;94,35;0,00;332,31;0,06
5,287;0,327;1,379;9,43E-5;94,29;0,00;332,00;0,06
5,288;0,327;1,378;9,43E-5;94,29;0,00;331,89;0,06
5,289;0,328;1,378;9,43E-5;94,33;0,00;331,93;0,06
5,290;0,329;1,378;9,44E-5;94,35;0,00;331,88;0,06
5,291;0,328;1,376;9,43E-5;94,34;0,00;331,69;0,06
5,292;0,328;1,375;9,43E-5;94,33;0,00;331,58;0,06
5,293;0,327;1,373;9,43E-5;94,30;0,00;331,33;0,06
5,294;0,328;1,373;9,43E-5;94,33;0,00;331,32;0,06
5,295;0,327;1,371;9,43E-5;94,28;0,00;331,07;0,06
5,296;0,328;1,370;9,43E-5;94,31;0,00;331,01;0,06
5,297;0,328;1,370;9,43E-5;94,31;0,00;330,94;0,06
5,298;0,328;1,369;9,43E-5;94,32;0,00;330,81;0,06
5,299;0,326;1,367;9,43E-5;94,27;0,00;330,57;0,06
5,300;0,326;1,366;9,43E-5;94,28;0,00;330,46;0,06
5,301;0,327;1,365;9,43E-5;94,29;0,00;330,42;0,06
5,302;0,329;1,366;9,43E-5;94,35;0,00;330,50;0,06
5,303;0,327;1,364;9,43E-5;94,30;0,00;330,21;0,06
5,304;0,326;1,362;9,43E-5;94,27;0,00;330,00;0,06
5,305;0,326;1,361;9,43E-5;94,28;0,00;329,88;0,06
5,306;0,326;1,360;9,43E-5;94,27;0,00;329,78;0,06
5,307;0,326;1,359;9,43E-5;94,27;0,00;329,68;0,06
5,308;0,327;1,359;9,43E-5;94,30;0,00;329,66;0,06
5,309;0,327;1,357;9,43E-5;94,29;0,00;329,47;0,06
5,310;0,326;1,356;9,43E-5;94,27;0,00;329,32;0,06
5,311;0,326;1,355;9,43E-5;94,28;0,00;329,26;0,06
5,312;0,327;1,355;9,43E-5;94,29;0,00;329,19;0,06
5,313;0,326;1,353;9,43E-5;94,25;0,00;328,96;0,06
5,314;0,327;1,353;9,43E-5;94,29;0,00;328,95;0,06
5,315;0,326;1,351;9,43E-5;94,27;0,00;328,78;0,06
5,316;0,326;1,351;9,43E-5;94,28;0,00;328,69;0,06
5,317;0,327;1,350;9,43E-5;94,29;0,00;328,61;0,06
5,318;0,327;1,349;9,43E-5;94,29;0,00;328,51;0,06
5,319;0,326;1,347;9,43E-5;94,25;0,00;328,26;0,06
5,320;0,326;1,346;9,43E-5;94,26;0,00;328,16;0,06
5,321;0,326;1,345;9,43E-5;94,25;0,00;328,09;0,06
5,322;0,327;1,345;9,43E-5;94,29;0,00;328,09;0,06
5,323;0,325;1,343;9,42E-5;94,24;0,00;327,82;0,06
5,324;0,326;1,343;9,43E-5;94,28;0,00;327,81;0,06
5,325;0,326;1,342;9,43E-5;94,25;0,00;327,66;0,06
5,326;0,326;1,340;9,43E-5;94,25;0,00;327,47;0,06
5,327;0,324;1,338;9,42E-5;94,21;0,00;327,26;0,06
5,328;0,325;1,338;9,42E-5;94,24;0,00;327,27;0,06
5,329;0,326;1,338;9,43E-5;94,27;0,00;327,26;0,06
5,330;0,324;1,335;9,42E-5;94,19;0,00;326,87;0,06
5,331;0,323;1,334;9,42E-5;94,18;0,00;326,75;0,06
5,332;0,325;1,335;9,42E-5;94,24;0,00;326,84;0,06
5,333;0,326;1,335;9,43E-5;94,28;0,00;326,85;0,06
5,334;0,325;1,332;9,42E-5;94,23;0,00;326,57;0,06
5,335;0,326;1,333;9,43E-5;94,26;0,00;326,60;0,06
5,336;0,326;1,332;9,43E-5;94,27;0,00;326,52;0,06
5,337;0,326;1,331;9,43E-5;94,26;0,00;326,36;0,06
5,338;0,325;1,329;9,42E-5;94,23;0,00;326,18;0,06
5,339;0,326;1,329;9,43E-5;94,25;0,00;326,15;0,06
5,340;0,325;1,327;9,42E-5;94,23;0,00;325,97;0,06
5,341;0,326;1,327;9,43E-5;94,25;0,00;325,93;0,06
5,342;0,325;1,326;9,42E-5;94,25;0,00;325,83;0,06
5,343;0,325;1,325;9,42E-5;94,23;0,00;325,71;0,06
5,344;0,324;1,323;9,42E-5;94,22;0,00;325,50;0,06
5,345;0,324;1,321;9,42E-5;94,19;0,00;325,28;0,05
5,346;0,325;1,322;9,42E-5;94,23;0,00;325,32;0,05
5,347;0,324;1,320;9,42E-5;94,19;0,00;325,10;0,05
5,348;0,325;1,320;9,42E-5;94,22;0,00;325,10;0,05
5,349;0,325;1,319;9,42E-5;94,22;0,00;325,06;0,05
5,350;0,325;1,318;9,42E-5;94,22;0,00;324,89;0,05
5,351;0,326;1,318;9,43E-5;94,25;0,00;324,93;0,05
5,352;0,325;1,317;9,42E-5;94,24;0,00;324,79;0,05
5,353;0,325;1,316;9,42E-5;94,24;0,00;324,67;0,05
5,354;0,325;1,315;9,42E-5;94,24;0,00;324,58;0,05
5,355;0,325;1,314;9,42E-5;94,22;0,00;324,43;0,05
5,356;0,324;1,312;9,42E-5;94,21;0,00;324,25;0,05
5,357;0,324;1,311;9,42E-5;94,19;0,00;324,09;0,05
5,358;0,324;1,311;9,42E-5;94,21;0,00;324,03;0,05
5,359;0,324;1,310;9,42E-5;94,21;0,00;323,98;0,05
5,360;0,324;1,309;9,42E-5;94,19;0,00;323,82;0,05
5,361;0,323;1,308;9,42E-5;94,18;0,00;323,71;0,05
5,362;0,324;1,308;9,42E-5;94,21;0,00;323,72;0,05
5,363;0,323;1,305;9,42E-5;94,16;0,00;323,41;0,05
5,364;0,324;1,306;9,42E-5;94,20;0,00;323,47;0,05
5,365;0,323;1,304;9,42E-5;94,17;0,00;323,25;0,05
5,366;0,323;1,303;9,42E-5;94,17;0,00;323,18;0,05
5,367;0,324;1,303;9,42E-5;94,19;0,00;323,19;0,05
5,368;0,324;1,302;9,42E-5;94,20;0,00;323,08;0,05
5,369;0,325;1,302;9,42E-5;94,22;0,00;323,09;0,05
5,370;0,322;1,299;9,41E-5;94,13;0,00;322,69;0,05
5,371;0,323;1,299;9,42E-5;94,17;0,00;322,72;0,05
5,372;0,323;1,298;9,42E-5;94,17;0,00;322,61;0,05
5,373;0,324;1,299;9,42E-5;94,19;0,00;322,62;0,05
5,374;0,323;1,297;9,42E-5;94,18;0,00;322,49;0,05
5,375;0,323;1,296;9,42E-5;94,15;0,00;322,29;0,05
5,376;0,323;1,295;9,42E-5;94,17;0,00;322,23;0,05
5,377;0,324;1,295;9,42E-5;94,20;0,00;322,27;0,05
5,378;0,323;1,294;9,42E-5;94,18;0,00;322,14;0,05
5,379;0,323;1,293;9,42E-5;94,17;0,00;322,00;0,05
5,380;0,323;1,292;9,42E-5;94,17;0,00;321,89;0,05
5,381;0,323;1,292;9,42E-5;94,17;0,00;321,81;0,05
5,382;0,323;1,290;9,42E-5;94,16;0,00;321,66;0,05
5,383;0,323;1,290;9,42E-5;94,15;0,00;321,60;0,05
5,384;0,323;1,289;9,42E-5;94,16;0,00;321,55;0,05
5,385;0,323;1,288;9,42E-5;94,17;0,00;321,45;0,05
5,386;0,323;1,288;9,42E-5;94,18;0,00;321,43;0,05
5,387;0,323;1,288;9,42E-5;94,18;0,00;321,34;0,05
5,388;0,322;1,286;9,41E-5;94,14;0,00;321,12;0,05
5,389;0,322;1,285;9,41E-5;94,13;0,00;321,01;0,05
5,390;0,321;1,283;9,41E-5;94,10;0,00;320,82;0,05
5,391;0,322;1,283;9,41E-5;94,12;0,00;320,79;0,05
5,392;0,322;1,283;9,42E-5;94,15;0,00;320,83;0,05
5,393;0,321;1,281;9,41E-5;94,10;0,00;320,55;0,05
5,394;0,321;1,281;9,41E-5;94,11;0,00;320,53;0,05
5,395;0,322;1,281;9,41E-5;94,14;0,00;320,56;0,05
5,396;0,322;1,280;9,41E-5;94,13;0,00;320,42;0,05
5,397;0,321;1,279;9,41E-5;94,11;0,00;320,31;0,05
5,398;0,321;1,277;9,41E-5;94,09;0,00;320,10;0,05
5,399;0,321;1,277;9,41E-5;94,11;0,00;320,11;0,05
5,400;0,322;1,277;9,41E-5;94,12;0,00;320,06;0,05
5,401;0,322;1,276;9,41E-5;94,13;0,00;320,04;0,05
5,402;0,321;1,275;9,41E-5;94,10;0,00;319,83;0,05
5,403;0,322;1,274;9,41E-5;94,13;0,00;319,81;0,05
5,404;0,323;1,275;9,42E-5;94,16;0,00;319,87;0,05
5,405;0,321;1,273;9,41E-5;94,10;0,00;319,64;0,05
5,406;0,319;1,270;9,41E-5;94,05;0,00;319,35;0,05
5,407;0,321;1,271;9,41E-5;94,09;0,00;319,42;0,05
5,408;0,320;1,270;9,41E-5;94,08;0,00;319,26;0,05
5,409;0,320;1,269;9,41E-5;94,07;0,00;319,19;0,05
5,410;0,321;1,270;9,41E-5;94,11;0,00;319,28;0,05
5,411;0,320;1,268;9,41E-5;94,08;0,00;319,10;0,05
5,412;0,321;1,268;9,41E-5;94,10;0,00;319,04;0,05
5,413;0,320;1,266;9,41E-5;94,06;0,00;318,85;0,05
5,414;0,319;1,265;9,40E-5;94,04;0,00;318,68;0,05
5,415;0,321;1,267;9,41E-5;94,12;0,00;318,89;0,05
5,416;0,321;1,266;9,41E-5;94,10;0,00;318,78;0,05
5,417;0,321;1,265;9,41E-5;94,11;0,00;318,73;0,05
5,418;0,321;1,265;9,41E-5;94,11;0,00;318,71;0,05
5,419;0,321;1,264;9,41E-5;94,12;0,00;318,64;0,05
5,420;0,322;1,264;9,41E-5;94,13;0,00;318,57;0,05
5,421;0,321;1,263;9,41E-5;94,11;0,00;318,42;0,05
5,422;0,320;1,261;9,41E-5;94,07;0,00;318,23;0,05
5,423;0,320;1,261;9,41E-5;94,08;0,00;318,21;0,05
5,424;0,320;1,260;9,41E-5;94,08;0,00;318,12;0,05
5,425;0,319;1,258;9,40E-5;94,03;0,00;317,92;0,04
5,426;0,320;1,258;9,41E-5;94,06;0,00;317,93;0,04
5,427;0,320;1,258;9,41E-5;94,07;0,00;317,91;0,04
5,428;0,321;1,258;9,41E-5;94,10;0,00;317,93;0,04
5,429;0,320;1,257;9,41E-5;94,07;0,00;317,80;0,04
5,430;0,320;1,256;9,41E-5;94,06;0,00;317,64;0,04
5,431;0,319;1,255;9,41E-5;94,05;0,00;317,59;0,04
5,432;0,319;1,254;9,40E-5;94,04;0,00;317,42;0,04
5,433;0,320;1,255;9,41E-5;94,06;0,00;317,49;0,04
5,434;0,319;1,253;9,41E-5;94,05;0,00;317,34;0,04
5,435;0,320;1,253;9,41E-5;94,07;0,00;317,34;0,04
5,436;0,320;1,253;9,41E-5;94,08;0,00;317,34;0,04
5,437;0,320;1,253;9,41E-5;94,09;0,00;317,27;0,04
5,438;0,320;1,252;9,41E-5;94,06;0,00;317,18;0,04
5,439;0,319;1,250;9,40E-5;94,03;0,00;316,95;0,04
5,440;0,319;1,250;9,40E-5;94,05;0,00;316,97;0,04
5,441;0,319;1,250;9,41E-5;94,05;0,00;316,95;0,04
5,442;0,318;1,248;9,40E-5;94,01;0,00;316,78;0,04
5,443;0,318;1,248;9,40E-5;94,01;0,00;316,69;0,04
5,444;0,318;1,247;9,40E-5;94,02;0,00;316,66;0,04
5,445;0,317;1,246;9,40E-5;93,99;0,00;316,51;0,04
5,446;0,319;1,247;9,40E-5;94,03;0,00;316,60;0,04
5,447;0,319;1,246;9,40E-5;94,03;0,00;316,50;0,04
5,448;0,319;1,245;9,40E-5;94,03;0,00;316,43;0,04
5,449;0,318;1,245;9,40E-5;94,02;0,00;316,40;0,04
5,450;0,318;1,244;9,40E-5;93,99;0,00;316,24;0,04
5,451;0,318;1,244;9,40E-5;94,02;0,00;316,22;0,04
5,452;0,319;1,243;9,40E-5;94,02;0,00;316,14;0,04
5,453;0,318;1,243;9,40E-5;94,02;0,00;316,10;0,04
5,454;0,318;1,242;9,40E-5;94,01;0,00;316,03;0,04
5,455;0,318;1,241;9,40E-5;94,01;0,00;315,96;0,04
5,456;0,319;1,242;9,40E-5;94,03;0,00;316,00;0,04
5,457;0,318;1,241;9,40E-5;94,01;0,00;315,89;0,04
5,458;0,317;1,240;9,40E-5;93,99;0,00;315,75;0,04
5,459;0,317;1,239;9,40E-5;93,97;0,00;315,65;0,04
5,460;0,317;1,239;9,40E-5;93,99;0,00;315,62;0,04
5,461;0,318;1,239;9,40E-5;94,02;0,00;315,73;0,04
5,462;0,318;1,238;9,40E-5;93,99;0,00;315,56;0,04
5,463;0,317;1,237;9,40E-5;93,96;0,00;315,43;0,04
5,464;0,317;1,236;9,40E-5;93,96;0,00;315,36;0,04
5,465;0,317;1,236;9,40E-5;93,97;0,00;315,30;0,04
5,466;0,316;1,235;9,40E-5;93,96;0,00;315,19;0,04
5,467;0,317;1,235;9,40E-5;93,98;0,00;315,24;0,04
5,468;0,317;1,235;9,40E-5;93,98;0,00;315,18;0,04
5,469;0,316;1,233;9,40E-5;93,95;0,00;315,02;0,04
5,470;0,317;1,234;9,40E-5;93,98;0,00;315,10;0,04
5,471;0,317;1,234;9,40E-5;93,99;0,00;315,06;0,04
5,472;0,317;1,233;9,40E-5;93,97;0,00;314,94;0,04
5,473;0,317;1,232;9,40E-5;93,98;0,00;314,90;0,04
5,474;0,317;1,232;9,40E-5;93,96;0,00;314,81;0,04
5,475;0,317;1,232;9,40E-5;93,97;0,00;314,82;0,04
5,476;0,317;1,232;9,40E-5;93,99;0,00;314,80;0,04
5,477;0,317;1,231;9,40E-5;93,99;0,00;314,76;0,04
5,478;0,317;1,230;9,40E-5;93,97;0,00;314,60;0,04
5,479;0,317;1,230;9,40E-5;93,98;0,00;314,62;0,04
5,480;0,316;1,228;9,39E-5;93,94;0,00;314,44;0,04
5,481;0,317;1,229;9,40E-5;93,96;0,00;314,49;0,04
5,482;0,317;1,229;9,40E-5;93,98;0,00;314,48;0,04
5,483;0,317;1,228;9,40E-5;93,96;0,00;314,34;0,04
5,484;0,316;1,227;9,39E-5;93,94;0,00;314,24;0,04
5,485;0,317;1,227;9,40E-5;93,96;0,00;314,26;0,04
5,486;0,317;1,227;9,40E-5;93,98;0,00;314,28;0,04
5,487;0,317;1,226;9,40E-5;93,97;0,00;314,21;0,04
5,488;0,316;1,225;9,40E-5;93,95;0,00;314,06;0,04
5,489;0,315;1,224;9,39E-5;93,92;0,00;313,91;0,04
5,490;0,315;1,223;9,39E-5;93,92;0,00;313,86;0,04
5,491;0,315;1,222;9,39E-5;93,90;0,00;313,75;0,04
5,492;0,316;1,223;9,39E-5;93,94;0,00;313,76;0,04
5,493;0,316;1,223;9,40E-5;93,95;0,00;313,80;0,04
5,494;0,316;1,223;9,39E-5;93,95;0,00;313,76;0,04
5,495;0,316;1,222;9,40E-5;93,95;0,00;313,73;0,04
5,496;0,317;1,223;9,40E-5;93,97;0,00;313,76;0,04
5,497;0,316;1,222;9,39E-5;93,95;0,00;313,67;0,04
5,498;0,315;1,219;9,39E-5;93,90;0,00;313,39;0,04
5,499;0,315;1,219;9,39E-5;93,90;0,00;313,37;0,04
5,500;0,316;1,221;9,39E-5;93,94;0,00;313,52;0,04
5,501;0,316;1,220;9,40E-5;93,95;0,00;313,47;0,04
5,502;0,314;1,218;9,39E-5;93,89;0,00;313,25;0,04
5,503;0,314;1,217;9,39E-5;93,89;0,00;313,13;0,04
5,504;0,315;1,218;9,39E-5;93,91;0,00;313,21;0,04
5,505;0,315;1,217;9,39E-5;93,90;0,00;313,09;0,04
5,506;0,315;1,217;9,39E-5;93,91;0,00;313,06;0,04
5,507;0,315;1,217;9,39E-5;93,92;0,00;313,10;0,04
5,508;0,314;1,216;9,39E-5;93,89;0,00;312,94;0,04
5,509;0,314;1,215;9,39E-5;93,89;0,00;312,92;0,04
5,510;0,314;1,215;9,39E-5;93,87;0,00;312,84;0,04
5,511;0,314;1,214;9,39E-5;93,88;0,00;312,81;0,04
5,512;0,314;1,214;9,39E-5;93,87;0,00;312,70;0,04
5,513;0,315;1,215;9,39E-5;93,91;0,00;312,82;0,04
5,514;0,315;1,214;9,39E-5;93,91;0,00;312,76;0,04
5,515;0,315;1,213;9,39E-5;93,90;0,00;312,68;0,04
5,516;0,315;1,213;9,39E-5;93,90;0,00;312,64;0,04
5,517;0,313;1,212;9,39E-5;93,85;0,00;312,46;0,04
5,518;0,313;1,211;9,39E-5;93,85;0,00;312,39;0,04
5,519;0,314;1,211;9,39E-5;93,87;0,00;312,46;0,04
5,520;0,313;1,210;9,38E-5;93,83;0,00;312,26;0,04
5,521;0,314;1,211;9,39E-5;93,88;0,00;312,45;0,04
5,522;0,314;1,210;9,39E-5;93,87;0,00;312,34;0,04
5,523;0,313;1,209;9,39E-5;93,85;0,00;312,22;0,04
5,524;0,313;1,209;9,39E-5;93,86;0,00;312,19;0,04
5,525;0,314;1,210;9,39E-5;93,88;0,00;312,24;0,04
5,526;0,314;1,209;9,39E-5;93,87;0,00;312,14;0,04
5,527;0,312;1,207;9,38E-5;93,83;0,00;311,93;0,04
5,528;0,313;1,208;9,39E-5;93,86;0,00;312,02;0,04
5,529;0,313;1,207;9,38E-5;93,84;0,00;311,91;0,04
5,530;0,313;1,207;9,38E-5;93,84;0,00;311,93;0,04
5,531;0,314;1,208;9,39E-5;93,89;0,00;312,02;0,04
5,532;0,314;1,208;9,39E-5;93,89;0,00;312,04;0,04
5,533;0,314;1,207;9,39E-5;93,88;0,00;311,93;0,04
5,534;0,313;1,206;9,39E-5;93,85;0,00;311,79;0,04
5,535;0,314;1,206;9,39E-5;93,86;0,00;311,85;0,04
5,536;0,316;1,208;9,39E-5;93,94;0,00;312,08;0,04
5,537;0,314;1,206;9,39E-5;93,89;0,00;311,85;0,04
5,538;0,314;1,205;9,39E-5;93,87;0,00;311,67;0,04
5,539;0,314;1,205;9,39E-5;93,88;0,00;311,71;0,04
5,540;0,315;1,205;9,39E-5;93,90;0,00;311,75;0,04
5,541;0,314;1,205;9,39E-5;93,88;0,00;311,66;0,04
5,542;0,313;1,203;9,39E-5;93,86;0,00;311,50;0,04
5,543;0,313;1,203;9,39E-5;93,86;0,00;311,47;0,04
5,544;0,314;1,203;9,39E-5;93,87;0,00;311,52;0,04
5,545;0,313;1,202;9,39E-5;93,85;0,00;311,40;0,04
5,546;0,313;1,202;9,39E-5;93,86;0,00;311,35;0,04
5,547;0,314;1,202;9,39E-5;93,87;0,00;311,41;0,04
5,548;0,313;1,201;9,38E-5;93,84;0,00;311,27;0,04
5,549;0,312;1,200;9,38E-5;93,83;0,00;311,18;0,04
5,550;0,313;1,201;9,38E-5;93,84;0,00;311,20;0,04
5,551;0,312;1,200;9,38E-5;93,82;0,00;311,07;0,04
5,552;0,312;1,200;9,38E-5;93,82;0,00;311,09;0,04
5,553;0,313;1,200;9,38E-5;93,84;0,00;311,09;0,04
5,554;0,313;1,200;9,38E-5;93,85;0,00;311,09;0,04
5,555;0,313;1,199;9,38E-5;93,84;0,00;311,02;0,04
5,556;0,312;1,198;9,38E-5;93,81;0,00;310,86;0,04
5,557;0,312;1,198;9,38E-5;93,83;0,00;310,93;0,04
5,558;0,312;1,197;9,38E-5;93,80;0,00;310,79;0,04
5,559;0,312;1,197;9,38E-5;93,81;0,00;310,80;0,04
5,560;0,312;1,198;9,38E-5;93,83;0,00;310,87;0,04
5,561;0,312;1,197;9,38E-5;93,82;0,00;310,79;0,04
5,562;0,312;1,197;9,38E-5;93,83;0,00;310,76;0,04
5,563;0,313;1,197;9,38E-5;93,85;0,00;310,76;0,04
5,564;0,312;1,196;9,38E-5;93,83;0,00;310,69;0,03
5,565;0,311;1,195;9,38E-5;93,79;0,00;310,53;0,03
5,566;0,312;1,196;9,38E-5;93,82;0,00;310,60;0,03
5,567;0,313;1,196;9,38E-5;93,83;0,00;310,62;0,03
5,568;0,312;1,195;9,38E-5;93,82;0,00;310,56;0,03
5,569;0,312;1,195;9,38E-5;93,82;0,00;310,48;0,03
5,570;0,311;1,193;9,38E-5;93,77;0,00;310,29;0,03
5,571;0,312;1,194;9,38E-5;93,81;0,00;310,43;0,03
5,572;0,312;1,194;9,38E-5;93,82;0,00;310,47;0,03
5,573;0,311;1,193;9,38E-5;93,79;0,00;310,27;0,03
5,574;0,311;1,192;9,38E-5;93,77;0,00;310,16;0,03
5,575;0,311;1,192;9,38E-5;93,78;0,00;310,18;0,03
5,576;0,311;1,192;9,38E-5;93,79;0,00;310,18;0,03
5,577;0,311;1,191;9,38E-5;93,77;0,00;310,06;0,03
5,578;0,312;1,192;9,38E-5;93,80;0,00;310,18;0,03
5,579;0,312;1,192;9,38E-5;93,80;0,00;310,17;0,03
5,580;0,312;1,191;9,38E-5;93,80;0,00;310,11;0,03
5,581;0,311;1,191;9,38E-5;93,78;0,00;310,03;0,03
5,582;0,311;1,190;9,38E-5;93,78;0,00;309,98;0,03
5,583;0,311;1,191;9,38E-5;93,80;0,00;310,05;0,03
5,584;0,311;1,190;9,38E-5;93,79;0,00;309,91;0,03
5,585;0,311;1,189;9,38E-5;93,78;0,00;309,89;0,03
5,586;0,311;1,189;9,38E-5;93,77;0,00;309,85;0,03
5,587;0,312;1,190;9,38E-5;93,81;0,00;309,97;0,03
5,588;0,311;1,189;9,38E-5;93,77;0,00;309,80;0,03
5,589;0,311;1,189;9,38E-5;93,77;0,00;309,81;0,03
5,590;0,312;1,189;9,38E-5;93,80;0,00;309,85;0,03
5,591;0,311;1,189;9,38E-5;93,79;0,00;309,79;0,03
5,592;0,312;1,189;9,38E-5;93,81;0,00;309,83;0,03
5,593;0,312;1,188;9,38E-5;93,80;0,00;309,75;0,03
5,594;0,311;1,187;9,38E-5;93,77;0,00;309,62;0,03
5,595;0,310;1,187;9,38E-5;93,76;0,00;309,56;0,03
5,596;0,310;1,186;9,38E-5;93,75;0,00;309,52;0,03
5,597;0,310;1,186;9,38E-5;93,75;0,00;309,50;0,03
5,598;0,310;1,185;9,37E-5;93,74;0,00;309,38;0,03
5,599;0,310;1,185;9,38E-5;93,76;0,00;309,41;0,03
5,600;0,310;1,186;9,38E-5;93,76;0,00;309,47;0,03
5,601;0,311;1,185;9,38E-5;93,77;0,00;309,42;0,03
5,602;0,310;1,185;9,38E-5;93,75;0,00;309,39;0,03
5,603;0,308;1,183;9,37E-5;93,69;-8,75E-4;309,15;0,03
5,604;0,309;1,184;9,37E-5;93,73;0,00;309,23;0,03
5,605;0,310;1,184;9,37E-5;93,74;0,00;309,27;0,03
5,606;0,310;1,184;9,37E-5;93,74;0,00;309,20;0,03
5,607;0,310;1,184;9,38E-5;93,76;0,00;309,25;0,03
5,608;0,308;1,182;9,37E-5;93,69;-8,75E-4;308,99;0,03
5,609;0,308;1,181;9,37E-5;93,69;-8,60E-4;308,93;0,03
5,610;0,309;1,182;9,37E-5;93,73;0,00;309,07;0,03
5,611;0,310;1,183;9,38E-5;93,75;0,00;309,14;0,03
5,612;0,309;1,182;9,37E-5;93,73;0,00;309,02;0,03
5,613;0,309;1,182;9,37E-5;93,73;0,00;309,00;0,03
5,614;0,309;1,181;9,37E-5;93,72;0,00;308,96;0,03
5,615;0,308;1,181;9,37E-5;93,70;-8,94E-4;308,86;0,03
5,616;0,308;1,180;9,37E-5;93,68;-8,15E-4;308,76;0,03
5,617;0,307;1,178;9,36E-5;93,64;-6,17E-4;308,60;0,03
5,618;0,308;1,179;9,37E-5;93,68;-8,18E-4;308,70;0,03
5,619;0,309;1,180;9,37E-5;93,72;-9,89E-4;308,78;0,03
5,620;0,309;1,180;9,37E-5;93,72;-9,91E-4;308,82;0,03
5,621;0,308;1,179;9,37E-5;93,69;-8,55E-4;308,66;0,03
5,622;0,309;1,179;9,37E-5;93,71;-9,42E-4;308,69;0,03
5,623;0,309;1,180;9,37E-5;93,73;0,00;308,78;0,03
5,624;0,310;1,180;9,37E-5;93,74;0,00;308,76;0,03
5,625;0,308;1,179;9,37E-5;93,70;-8,76E-4;308,62;0,03
5,626;0,309;1,179;9,37E-5;93,71;-9,40E-4;308,66;0,03
5,627;0,308;1,178;9,37E-5;93,68;-8,07E-4;308,51;0,03
5,628;0,308;1,178;9,37E-5;93,69;-8,47E-4;308,51;0,03
5,629;0,308;1,177;9,37E-5;93,68;-7,89E-4;308,41;0,03
5,630;0,308;1,177;9,37E-5;93,69;-8,62E-4;308,47;0,03
5,631;0,308;1,177;9,37E-5;93,70;-9,11E-4;308,47;0,03
5,632;0,308;1,177;9,37E-5;93,70;-8,98E-4;308,47;0,03
5,633;0,307;1,176;9,37E-5;93,67;-7,56E-4;308,35;0,03
5,634;0,309;1,177;9,37E-5;93,71;-9,24E-4;308,41;0,03
5,635;0,309;1,177;9,37E-5;93,70;-9,20E-4;308,43;0,03
5,636;0,308;1,176;9,37E-5;93,67;-7,75E-4;308,28;0,03
5,637;0,309;1,177;9,37E-5;93,72;-9,87E-4;308,42;0,03
5,638;0,308;1,176;9,37E-5;93,69;-8,55E-4;308,28;0,03
5,639;0,308;1,176;9,37E-5;93,70;-8,82E-4;308,28;0,03
5,640;0,307;1,175;9,37E-5;93,66;-7,26E-4;308,16;0,03
5,641;0,307;1,175;9,37E-5;93,66;-7,26E-4;308,15;0,03
5,642;0,308;1,175;9,37E-5;93,68;-8,16E-4;308,18;0,03
5,643;0,307;1,174;9,37E-5;93,65;-6,71E-4;308,06;0,03
5,644;0,307;1,173;9,36E-5;93,65;-6,51E-4;307,99;0,03
5,645;0,308;1,175;9,37E-5;93,70;-8,76E-4;308,15;0,03
5,646;0,309;1,175;9,37E-5;93,71;-9,44E-4;308,18;0,03
5,647;0,308;1,174;9,37E-5;93,68;-7,89E-4;308,10;0,03
5,648;0,308;1,174;9,37E-5;93,70;-8,84E-4;308,13;0,03
5,649;0,306;1,171;9,36E-5;93,62;-5,22E-4;307,79;0,03
5,650;0,306;1,172;9,36E-5;93,63;-5,69E-4;307,83;0,03
5,651;0,307;1,173;9,37E-5;93,66;-7,24E-4;307,92;0,03
5,652;0,307;1,172;9,36E-5;93,65;-6,53E-4;307,83;0,03
5,653;0,307;1,172;9,37E-5;93,65;-6,89E-4;307,84;0,03
5,654;0,307;1,172;9,37E-5;93,66;-7,24E-4;307,81;0,03
5,655;0,307;1,171;9,37E-5;93,65;-6,76E-4;307,75;0,03
5,656;0,307;1,171;9,36E-5;93,65;-6,58E-4;307,74;0,03
5,657;0,307;1,171;9,37E-5;93,65;-6,82E-4;307,75;0,03
5,658;0,306;1,170;9,36E-5;93,62;-5,42E-4;307,65;0,03
5,659;0,307;1,171;9,36E-5;93,65;-6,49E-4;307,69;0,03
5,660;0,307;1,171;9,37E-5;93,65;-6,87E-4;307,73;0,03
5,661;0,307;1,171;9,37E-5;93,66;-7,11E-4;307,70;0,03
5,662;0,306;1,170;9,36E-5;93,64;-5,98E-4;307,59;0,03
5,663;0,306;1,169;9,36E-5;93,63;-5,86E-4;307,55;0,03
5,664;0,306;1,169;9,36E-5;93,62;-5,07E-4;307,48;0,03
5,665;0,306;1,169;9,36E-5;93,61;-4,98E-4;307,46;0,03
5,666;0,306;1,169;9,36E-5;93,64;-6,11E-4;307,49;0,03
5,667;0,305;1,168;9,36E-5;93,60;-4,47E-4;307,40;0,03
5,668;0,306;1,168;9,36E-5;93,61;-4,84E-4;307,39;0,03
5,669;0,306;1,169;9,36E-5;93,63;-5,51E-4;307,45;0,03
5,670;0,306;1,169;9,36E-5;93,63;-5,93E-4;307,46;0,03
5,671;0,307;1,169;9,36E-5;93,65;-6,53E-4;307,48;0,03
5,672;0,306;1,168;9,36E-5;93,63;-5,60E-4;307,37;0,03
5,673;0,307;1,168;9,36E-5;93,64;-6,27E-4;307,42;0,03
5,674;0,307;1,168;9,36E-5;93,64;-6,31E-4;307,41;0,03
5,675;0,306;1,167;9,36E-5;93,62;-5,18E-4;307,30;0,03
5,676;0,305;1,166;9,36E-5;93,58;-3,62E-4;307,14;0,03
5,677;0,305;1,166;9,36E-5;93,60;-4,15E-4;307,17;0,03
5,678;0,307;1,167;9,36E-5;93,64;-6,17E-4;307,33;0,03
5,679;0,306;1,166;9,36E-5;93,61;-4,78E-4;307,18;0,03
5,680;0,306;1,166;9,36E-5;93,61;-4,89E-4;307,17;0,03
5,681;0,307;1,167;9,36E-5;93,64;-6,29E-4;307,27;0,03
5,682;0,307;1,167;9,36E-5;93,64;-6,24E-4;307,25;0,03
5,683;0,305;1,165;9,36E-5;93,60;-4,24E-4;307,05;0,03
5,684;0,305;1,165;9,36E-5;93,59;-4,06E-4;307,01;0,03
5,685;0,304;1,164;9,36E-5;93,57;-2,98E-4;306,93;0,03
5,686;0,304;1,164;9,36E-5;93,57;-3,06E-4;306,93;0,03
5,687;0,305;1,164;9,36E-5;93,57;-3,17E-4;306,92;0,03
5,688;0,305;1,164;9,36E-5;93,60;-4,18E-4;306,97;0,03
5,689;0,306;1,165;9,36E-5;93,63;-5,60E-4;307,04;0,03
5,690;0,306;1,165;9,36E-5;93,61;-4,98E-4;307,03;0,03
5,691;0,306;1,165;9,36E-5;93,62;-5,22E-4;307,02;0,03
5,692;0,305;1,164;9,36E-5;93,60;-4,40E-4;306,92;0,03
5,693;0,305;1,164;9,36E-5;93,59;-4,07E-4;306,87;0,03
5,694;0,305;1,163;9,36E-5;93,57;-3,17E-4;306,75;0,03
5,695;0,305;1,163;9,36E-5;93,58;-3,37E-4;306,81;0,03
5,696;0,306;1,164;9,36E-5;93,63;-5,55E-4;306,95;0,03
5,697;0,306;1,163;9,36E-5;93,62;-5,06E-4;306,86;0,03
5,698;0,306;1,163;9,36E-5;93,61;-4,84E-4;306,78;0,03
5,699;0,304;1,161;9,35E-5;93,55;-1,80E-4;306,61;0,03
5,700;0,305;1,162;9,36E-5;93,58;-3,44E-4;306,70;0,03
5,701;0,304;1,161;9,36E-5;93,55;-2,20E-4;306,61;0,03
5,702;0,304;1,161;9,35E-5;93,55;-1,89E-4;306,56;0,03
5,703;0,305;1,162;9,36E-5;93,58;-3,58E-4;306,66;0,03
5,704;0,305;1,161;9,36E-5;93,59;-3,73E-4;306,62;0,03
5,705;0,304;1,161;9,36E-5;93,57;-2,75E-4;306,59;0,03
5,706;0,304;1,160;9,36E-5;93,56;-2,33E-4;306,49;0,03
5,707;0,303;1,159;9,35E-5;93,52;-6,55E-5;306,36;0,03
5,708;0,305;1,161;9,36E-5;93,58;-3,33E-4;306,58;0,03
5,709;0,304;1,160;9,36E-5;93,56;-2,46E-4;306,43;0,03
5,710;0,305;1,161;9,36E-5;93,60;-4,46E-4;306,58;0,03
5,711;0,304;1,159;9,36E-5;93,55;-2,11E-4;306,38;0,03
5,712;0,304;1,159;9,35E-5;93,55;-1,87E-4;306,38;0,03
5,713;0,303;1,159;9,35E-5;93,52;-7,28E-5;306,28;0,03
5,714;0,304;1,159;9,35E-5;93,54;-1,67E-4;306,31;0,03
5,715;0,303;1,158;9,35E-5;93,52;-8,01E-5;306,25;0,03
5,716;0,303;1,158;9,35E-5;93,53;-1,09E-4;306,25;0,03
5,717;0,304;1,159;9,36E-5;93,55;-2,09E-4;306,32;0,03
5,718;0,302;1,158;9,35E-5;93,51;-1,82E-5;306,17;0,03
5,719;0,302;1,157;9,35E-5;93,49;5,64E-5;306,10;0,03
5,720;0,302;1,157;9,35E-5;93,49;5,64E-5;306,08;0,03
5,721;0,303;1,158;9,35E-5;93,52;-6,37E-5;306,17;0,03
5,722;0,303;1,158;9,35E-5;93,52;-8,19E-5;306,17;0,03
5,723;0,302;1,157;9,35E-5;93,50;4,00E-5;306,09;0,03
5,724;0,304;1,158;9,35E-5;93,55;-2,02E-4;306,23;0,03
5,725;0,304;1,158;9,35E-5;93,55;-1,84E-4;306,16;0,03
5,726;0,304;1,158;9,35E-5;93,54;-1,75E-4;306,19;0,03
5,727;0,304;1,158;9,36E-5;93,55;-2,18E-4;306,18;0,03
5,728;0,304;1,157;9,35E-5;93,55;-1,91E-4;306,15;0,03
5,729;0,304;1,157;9,36E-5;93,56;-2,51E-4;306,16;0,03
5,730;0,303;1,156;9,35E-5;93,51;-2,91E-5;306,01;0,03
5,731;0,302;1,156;9,35E-5;93,51;-1,64E-5;306,00;0,03
5,732;0,303;1,156;9,35E-5;93,54;-1,66E-4;306,02;0,03
5,733;0,304;1,156;9,35E-5;93,54;-1,76E-4;306,04;0,03
5,734;0,303;1,156;9,35E-5;93,52;-7,83E-5;305,96;0,03
5,735;0,302;1,154;9,35E-5;93,49;6,01E-5;305,80;0,03
5,736;0,302;1,154;9,35E-5;93,49;8,92E-5;305,81;0,03
5,737;0,303;1,155;9,35E-5;93,51;-3,82E-5;305,86;0,03
5,738;0,303;1,155;9,35E-5;93,53;-9,83E-5;305,90;0,03
5,739;0,302;1,154;9,35E-5;93,49;9,10E-5;305,76;0,03
5,740;0,303;1,155;9,35E-5;93,52;-5,82E-5;305,84;0,03
5,741;0,302;1,154;9,35E-5;93,50;2,73E-5;305,77;0,03
5,742;0,303;1,155;9,35E-5;93,54;-1,36E-4;305,85;0,03
5,743;0,302;1,154;9,35E-5;93,48;1,07E-4;305,69;0,03
5,744;0,302;1,154;9,35E-5;93,51;-5,46E-6;305,73;0,03
5,745;0,302;1,153;9,35E-5;93,48;1,02E-4;305,64;0,03
5,746;0,301;1,152;9,35E-5;93,46;2,24E-4;305,58;0,03
5,747;0,301;1,152;9,35E-5;93,46;1,98E-4;305,58;0,03
5,748;0,301;1,152;9,35E-5;93,47;1,75E-4;305,52;0,03
5,749;0,301;1,152;9,35E-5;93,48;1,37E-4;305,56;0,03
5,750;0,302;1,152;9,35E-5;93,48;1,00E-4;305,56;0,03
5,751;0,302;1,153;9,35E-5;93,51;-7,28E-6;305,66;0,03
5,752;0,302;1,152;9,35E-5;93,48;1,18E-4;305,53;0,03
5,753;0,302;1,153;9,35E-5;93,50;2,55E-5;305,59;0,03
5,754;0,303;1,153;9,35E-5;93,52;-6,73E-5;305,65;0,03
5,755;0,302;1,152;9,35E-5;93,48;1,02E-4;305,50;0,03
5,756;0,302;1,153;9,35E-5;93,51;-7,28E-6;305,59;0,03
5,757;0,302;1,152;9,35E-5;93,48;1,02E-4;305,49;0,03
5,758;0,302;1,151;9,35E-5;93,48;1,18E-4;305,43;0,03
5,759;0,301;1,151;9,35E-5;93,46;2,02E-4;305,40;0,03
5,760;0,301;1,151;9,35E-5;93,47;1,84E-4;305,40;0,03
5,761;0,302;1,152;9,35E-5;93,50;2,91E-5;305,54;0,03
5,762;0,302;1,151;9,35E-5;93,48;1,29E-4;305,40;0,03
5,763;0,300;1,150;9,34E-5;93,44;3,28E-4;305,25;0,03
5,764;0,300;1,149;9,34E-5;93,41;4,26E-4;305,16;0,03
5,765;0,302;1,151;9,35E-5;93,48;1,07E-4;305,39;0,03
5,766;0,302;1,150;9,35E-5;93,48;1,15E-4;305,34;0,03
5,767;0,301;1,150;9,35E-5;93,48;1,31E-4;305,34;0,03
5,768;0,301;1,149;9,35E-5;93,47;1,91E-4;305,21;0,03
5,769;0,301;1,149;9,35E-5;93,45;2,60E-4;305,15;0,03
5,770;0,299;1,147;9,34E-5;93,40;4,83E-4;304,99;0,03
5,771;0,300;1,148;9,34E-5;93,44;3,10E-4;305,08;0,03
5,772;0,301;1,149;9,35E-5;93,47;1,58E-4;305,21;0,03
5,773;0,302;1,150;9,35E-5;93,48;1,24E-4;305,25;0,03
5,774;0,300;1,148;9,34E-5;93,43;3,51E-4;305,01;0,03
5,775;0,301;1,148;9,35E-5;93,47;1,84E-4;305,11;0,03
5,776;0,300;1,147;9,34E-5;93,43;3,46E-4;304,96;0,03
5,777;0,301;1,148;9,35E-5;93,46;1,98E-4;305,05;0,03
5,778;0,301;1,148;9,35E-5;93,46;2,35E-4;305,03;0,03
5,779;0,300;1,147;9,34E-5;93,42;3,99E-4;304,89;0,03
5,780;0,300;1,147;9,34E-5;93,44;3,08E-4;304,91;0,03
5,781;0,300;1,146;9,34E-5;93,42;3,93E-4;304,86;0,03
5,782;0,302;1,148;9,35E-5;93,48;1,02E-4;305,07;0,03
5,783;0,302;1,148;9,35E-5;93,48;1,06E-4;305,06;0,03
5,784;0,302;1,148;9,35E-5;93,49;8,92E-5;305,05;0,03
5,785;0,301;1,146;9,34E-5;93,45;2,66E-4;304,87;0,03
5,786;0,300;1,146;9,34E-5;93,43;3,51E-4;304,76;0,03
5,787;0,301;1,147;9,35E-5;93,47;1,69E-4;304,88;0,03
5,788;0,301;1,146;9,35E-5;93,47;1,78E-4;304,87;0,03
5,789;0,301;1,146;9,35E-5;93,45;2,40E-4;304,80;0,03
5,790;0,301;1,146;9,35E-5;93,47;1,89E-4;304,79;0,03
5,791;0,302;1,146;9,35E-5;93,48;1,18E-4;304,86;0,03
5,792;0,301;1,146;9,35E-5;93,48;1,35E-4;304,85;0,03
5,793;0,302;1,146;9,35E-5;93,48;1,29E-4;304,78;0,03
5,794;0,301;1,145;9,35E-5;93,46;1,95E-4;304,71;0,03
5,795;0,300;1,144;9,34E-5;93,44;3,19E-4;304,59;0,03
5,796;0,301;1,145;9,35E-5;93,47;1,80E-4;304,70;0,03
5,797;0,300;1,144;9,34E-5;93,43;3,42E-4;304,57;0,03
5,798;0,300;1,143;9,34E-5;93,43;3,42E-4;304,52;0,03
5,799;0,301;1,144;9,35E-5;93,47;1,71E-4;304,62;0,03
5,800;0,301;1,144;9,34E-5;93,45;2,77E-4;304,56;0,03
5,801;0,301;1,144;9,35E-5;93,45;2,42E-4;304,56;0,03
5,802;0,301;1,144;9,35E-5;93,46;2,09E-4;304,53;0,03
5,803;0,301;1,143;9,35E-5;93,46;2,29E-4;304,51;0,03
5,804;0,301;1,143;9,35E-5;93,46;2,22E-4;304,52;0,03
5,805;0,301;1,144;9,35E-5;93,48;1,37E-4;304,54;0,03
5,806;0,301;1,143;9,35E-5;93,47;1,67E-4;304,49;0,03
5,807;0,300;1,142;9,34E-5;93,44;3,17E-4;304,37;0,03
5,808;0,301;1,143;9,35E-5;93,45;2,51E-4;304,42;0,03
5,809;0,301;1,142;9,34E-5;93,45;2,79E-4;304,37;0,03
5,810;0,300;1,142;9,34E-5;93,44;3,04E-4;304,33;0,03
5,811;0,300;1,141;9,34E-5;93,43;3,60E-4;304,25;0,03
5,812;0,301;1,142;9,34E-5;93,45;2,75E-4;304,31;0,03
5,813;0,301;1,142;9,35E-5;93,46;2,00E-4;304,30;0,03
5,814;0,301;1,142;9,35E-5;93,48;1,33E-4;304,37;0,03
5,815;0,301;1,142;9,35E-5;93,47;1,89E-4;304,33;0,03
5,816;0,300;1,141;9,34E-5;93,44;3,31E-4;304,20;0,03
5,817;0,301;1,141;9,35E-5;93,46;2,11E-4;304,23;0,03
5,818;0,301;1,140;9,35E-5;93,45;2,49E-4;304,16;0,03
5,819;0,300;1,140;9,34E-5;93,43;3,53E-4;304,08;0,03
5,820;0,301;1,141;9,35E-5;93,46;2,29E-4;304,21;0,03
5,821;0,302;1,141;9,35E-5;93,49;5,28E-5;304,25;0,03
5,822;0,301;1,140;9,35E-5;93,47;1,58E-4;304,17;0,03
5,823;0,300;1,139;9,34E-5;93,43;3,59E-4;303,98;0,03
5,824;0,299;1,138;9,34E-5;93,41;4,30E-4;303,94;0,03
5,825;0,301;1,140;9,35E-5;93,45;2,40E-4;304,08;0,03
5,826;0,300;1,139;9,34E-5;93,44;3,06E-4;304,01;0,03
5,827;0,301;1,139;9,34E-5;93,45;2,77E-4;304,00;0,03
5,828;0,302;1,140;9,35E-5;93,48;1,09E-4;304,10;0,03
5,829;0,300;1,138;9,34E-5;93,42;3,86E-4;303,86;0,03
5,830;0,300;1,138;9,34E-5;93,43;3,71E-4;303,86;0,03
5,831;0,301;1,138;9,35E-5;93,45;2,40E-4;303,93;0,03
5,832;0,301;1,138;9,35E-5;93,46;2,24E-4;303,93;0,03
5,833;0,301;1,138;9,35E-5;93,46;2,02E-4;303,89;0,03
5,834;0,301;1,138;9,35E-5;93,45;2,38E-4;303,84;0,03
5,835;0,301;1,138;9,35E-5;93,47;1,60E-4;303,90;0,03
5,836;0,301;1,138;9,35E-5;93,46;2,35E-4;303,83;0,03
5,837;0,299;1,136;9,34E-5;93,41;4,44E-4;303,70;0,03
5,838;0,301;1,138;9,35E-5;93,46;1,97E-4;303,83;0,03
5,839;0,300;1,136;9,34E-5;93,43;3,77E-4;303,65;0,02
5,840;0,300;1,137;9,34E-5;93,44;3,00E-4;303,71;0,03
5,841;0,300;1,136;9,34E-5;93,43;3,71E-4;303,62;0,02
5,842;0,300;1,135;9,34E-5;93,42;4,17E-4;303,57;0,02
5,843;0,301;1,137;9,35E-5;93,46;1,95E-4;303,72;0,03
5,844;0,301;1,136;9,35E-5;93,46;2,09E-4;303,70;0,03
5,845;0,301;1,137;9,35E-5;93,47;1,46E-4;303,73;0,03
5,846;0,301;1,136;9,35E-5;93,45;2,55E-4;303,63;0,02
5,847;0,301;1,137;9,35E-5;93,47;1,67E-4;303,71;0,03
5,848;0,302;1,136;9,35E-5;93,48;1,29E-4;303,66;0,02
5,849;0,301;1,136;9,35E-5;93,47;1,84E-4;303,59;0,02
5,850;0,300;1,135;9,34E-5;93,44;3,13E-4;303,54;0,02
5,851;0,301;1,135;9,35E-5;93,46;2,29E-4;303,56;0,02
5,852;0,301;1,136;9,35E-5;93,47;1,58E-4;303,60;0,02
5,853;0,301;1,135;9,35E-5;93,48;1,37E-4;303,59;0,02
5,854;0,300;1,134;9,34E-5;93,44;3,13E-4;303,42;0,02
5,855;0,300;1,134;9,34E-5;93,44;3,26E-4;303,40;0,02
5,856;0,300;1,133;9,34E-5;93,43;3,35E-4;303,35;0,02
5,857;0,301;1,135;9,35E-5;93,46;2,20E-4;303,48;0,02
5,858;0,302;1,135;9,35E-5;93,49;8,74E-5;303,53;0,02
5,859;0,301;1,135;9,35E-5;93,47;1,53E-4;303,49;0,02
5,860;0,303;1,136;9,35E-5;93,52;-4,91E-5;303,64;0,02
5,861;0,302;1,135;9,35E-5;93,51;3,64E-6;303,57;0,02
5,862;0,301;1,134;9,35E-5;93,48;1,38E-4;303,40;0,02
5,863;0,301;1,134;9,35E-5;93,47;1,80E-4;303,37;0,02
5,864;0,301;1,133;9,35E-5;93,46;2,17E-4;303,29;0,02
5,865;0,300;1,132;9,34E-5;93,44;2,88E-4;303,24;0,02
5,866;0,301;1,132;9,34E-5;93,45;2,79E-4;303,23;0,02
5,867;0,301;1,132;9,35E-5;93,46;2,33E-4;303,22;0,02
5,868;0,301;1,133;9,35E-5;93,47;1,46E-4;303,27;0,02
5,869;0,300;1,132;9,34E-5;93,44;2,95E-4;303,14;0,02
5,870;0,301;1,132;9,35E-5;93,47;1,58E-4;303,24;0,02
5,871;0,300;1,131;9,34E-5;93,44;3,10E-4;303,10;0,02
5,872;0,301;1,132;9,35E-5;93,47;1,55E-4;303,20;0,02
5,873;0,302;1,132;9,35E-5;93,49;9,28E-5;303,22;0,02
5,874;0,300;1,131;9,34E-5;93,44;2,88E-4;303,04;0,02
5,875;0,301;1,131;9,35E-5;93,46;2,24E-4;303,06;0,02
5,876;0,301;1,132;9,35E-5;93,47;1,57E-4;303,16;0,02
5,877;0,302;1,132;9,35E-5;93,49;6,19E-5;303,21;0,02
5,878;0,300;1,130;9,34E-5;93,44;3,19E-4;302,97;0,02
5,879;0,300;1,130;9,34E-5;93,44;3,19E-4;302,93;0,02
5,880;0,300;1,130;9,34E-5;93,44;3,31E-4;302,90;0,02
5,881;0,301;1,130;9,35E-5;93,46;2,08E-4;302,99;0,02
5,882;0,301;1,130;9,35E-5;93,46;2,13E-4;302,96;0,02
5,883;0,302;1,131;9,35E-5;93,48;1,11E-4;303,05;0,02
5,884;0,302;1,131;9,35E-5;93,50;2,18E-5;303,08;0,02
5,885;0,302;1,130;9,35E-5;93,48;1,04E-4;303,00;0,02
5,886;0,302;1,130;9,35E-5;93,49;8,92E-5;302,96;0,02
5,887;0,301;1,129;9,35E-5;93,46;2,18E-4;302,86;0,02
5,888;0,302;1,130;9,35E-5;93,48;1,20E-4;302,92;0,02
5,889;0,301;1,130;9,35E-5;93,47;1,84E-4;302,90;0,02
5,890;0,301;1,129;9,35E-5;93,47;1,87E-4;302,84;0,02
5,891;0,301;1,129;9,35E-5;93,47;1,46E-4;302,86;0,02
5,892;0,300;1,128;9,34E-5;93,44;3,11E-4;302,67;0,02
5,893;0,302;1,129;9,35E-5;93,49;8,55E-5;302,83;0,02
5,894;0,301;1,129;9,35E-5;93,47;1,60E-4;302,79;0,02
5,895;0,300;1,128;9,34E-5;93,44;3,00E-4;302,70;0,02
5,896;0,300;1,127;9,34E-5;93,42;3,99E-4;302,55;0,02
5,897;0,301;1,128;9,34E-5;93,45;2,62E-4;302,67;0,02
5,898;0,301;1,128;9,35E-5;93,48;1,42E-4;302,69;0,02
5,899;0,301;1,128;9,35E-5;93,47;1,55E-4;302,71;0,02
5,900;0,302;1,128;9,35E-5;93,48;1,11E-4;302,70;0,02
5,901;0,302;1,128;9,35E-5;93,50;1,64E-5;302,74;0,02
5,902;0,302;1,128;9,35E-5;93,49;8,19E-5;302,72;0,02
5,903;0,300;1,126;9,34E-5;93,44;3,31E-4;302,47;0,02
5,904;0,300;1,126;9,34E-5;93,44;3,06E-4;302,49;0,02
5,905;0,301;1,127;9,35E-5;93,47;1,60E-4;302,61;0,02
5,906;0,302;1,127;9,35E-5;93,48;1,27E-4;302,58;0,02
5,907;0,301;1,126;9,35E-5;93,46;1,97E-4;302,54;0,02
5,908;0,300;1,125;9,34E-5;93,44;3,28E-4;302,41;0,02
5,909;0,300;1,125;9,34E-5;93,42;3,97E-4;302,34;0,02
5,910;0,301;1,126;9,35E-5;93,46;1,98E-4;302,48;0,02
5,911;0,301;1,126;9,35E-5;93,46;1,95E-4;302,46;0,02
5,912;0,302;1,126;9,35E-5;93,50;5,10E-5;302,50;0,02
5,913;0,301;1,125;9,35E-5;93,45;2,48E-4;302,36;0,02
5,914;0,300;1,125;9,34E-5;93,44;3,08E-4;302,32;0,02
5,915;0,299;1,123;9,34E-5;93,41;4,52E-4;302,15;0,02
5,916;0,300;1,124;9,34E-5;93,43;3,46E-4;302,26;0,02
5,917;0,301;1,125;9,35E-5;93,45;2,53E-4;302,33;0,02
5,918;0,302;1,125;9,35E-5;93,48;1,27E-4;302,38;0,02
5,919;0,301;1,124;9,35E-5;93,46;2,28E-4;302,31;0,02
5,920;0,301;1,124;9,35E-5;93,45;2,49E-4;302,24;0,02
5,921;0,300;1,124;9,34E-5;93,44;2,93E-4;302,22;0,02
5,922;0,301;1,125;9,35E-5;93,48;1,33E-4;302,31;0,02
5,923;0,302;1,125;9,35E-5;93,49;6,73E-5;302,35;0,02
5,924;0,301;1,124;9,35E-5;93,46;2,13E-4;302,21;0,02
5,925;0,301;1,124;9,35E-5;93,47;1,75E-4;302,21;0,02
5,926;0,301;1,124;9,35E-5;93,48;1,31E-4;302,21;0,02
5,927;0,302;1,124;9,35E-5;93,49;9,83E-5;302,24;0,02
5,928;0,301;1,123;9,35E-5;93,45;2,40E-4;302,10;0,02
5,929;0,301;1,123;9,35E-5;93,45;2,42E-4;302,09;0,02
5,930;0,301;1,123;9,35E-5;93,46;2,11E-4;302,12;0,02
5,931;0,300;1,122;9,34E-5;93,45;2,84E-4;302,01;0,02
5,932;0,300;1,121;9,34E-5;93,43;3,53E-4;301,96;0,02
5,933;0,300;1,122;9,34E-5;93,43;3,40E-4;301,96;0,02
5,934;0,301;1,123;9,35E-5;93,47;1,73E-4;302,08;0,02
5,935;0,301;1,122;9,35E-5;93,47;1,66E-4;302,05;0,02
5,936;0,301;1,122;9,35E-5;93,45;2,42E-4;302,00;0,02
5,937;0,301;1,122;9,35E-5;93,46;2,17E-4;302,00;0,02
5,938;0,302;1,122;9,35E-5;93,49;8,92E-5;302,06;0,02
5,939;0,299;1,120;9,34E-5;93,41;4,33E-4;301,79;0,02
5,940;0,301;1,122;9,35E-5;93,47;1,86E-4;301,99;0,02
5,941;0,301;1,122;9,35E-5;93,48;1,42E-4;302,01;0,02
5,942;0,302;1,123;9,35E-5;93,50;9,10E-6;302,09;0,02
5,943;0,301;1,121;9,35E-5;93,47;1,86E-4;301,90;0,02
5,944;0,299;1,119;9,34E-5;93,40;5,01E-4;301,67;0,02
5,945;0,300;1,120;9,34E-5;93,44;3,24E-4;301,77;0,02
5,946;0,300;1,120;9,34E-5;93,43;3,48E-4;301,73;0,02
5,947;0,300;1,119;9,34E-5;93,43;3,75E-4;301,69;0,02
5,948;0,300;1,119;9,34E-5;93,43;3,33E-4;301,71;0,02
5,949;0,300;1,120;9,34E-5;93,44;2,86E-4;301,76;0,02
5,950;0,301;1,120;9,35E-5;93,45;2,44E-4;301,74;0,02
5,951;0,301;1,119;9,35E-5;93,45;2,53E-4;301,68;0,02
5,952;0,301;1,120;9,35E-5;93,47;1,89E-4;301,75;0,02
5,953;0,300;1,119;9,34E-5;93,44;2,97E-4;301,68;0,02
5,954;0,301;1,119;9,34E-5;93,45;2,66E-4;301,65;0,02
5,955;0,301;1,120;9,35E-5;93,47;1,67E-4;301,73;0,02
5,956;0,301;1,119;9,34E-5;93,45;2,71E-4;301,62;0,02
5,957;0,302;1,120;9,35E-5;93,50;4,00E-5;301,76;0,02
5,958;0,300;1,118;9,34E-5;93,44;2,95E-4;301,54;0,02
5,959;0,301;1,118;9,35E-5;93,45;2,59E-4;301,59;0,02
5,960;0,300;1,118;9,34E-5;93,43;3,37E-4;301,51;0,02
5,961;0,300;1,118;9,34E-5;93,44;3,04E-4;301,51;0,02
5,962;0,302;1,118;9,35E-5;93,48;1,24E-4;301,59;0,02
5,963;0,302;1,119;9,35E-5;93,51;3,64E-6;301,69;0,02
5,964;0,301;1,118;9,35E-5;93,47;1,69E-4;301,56;0,02
5,965;0,301;1,118;9,35E-5;93,47;1,55E-4;301,55;0,02
5,966;0,301;1,117;9,35E-5;93,46;2,11E-4;301,48;0,02
5,967;0,301;1,117;9,35E-5;93,46;2,37E-4;301,49;0,02
5,968;0,301;1,118;9,35E-5;93,47;1,47E-4;301,51;0,02
5,969;0,301;1,117;9,34E-5;93,45;2,75E-4;301,42;0,02
5,970;0,301;1,117;9,35E-5;93,47;1,64E-4;301,44;0,02
5,971;0,302;1,118;9,35E-5;93,49;7,83E-5;301,51;0,02
5,972;0,301;1,117;9,35E-5;93,45;2,40E-4;301,38;0,02
5,973;0,302;1,117;9,35E-5;93,48;1,27E-4;301,40;0,02
5,974;0,302;1,117;9,35E-5;93,48;1,27E-4;301,39;0,02
5,975;0,301;1,117;9,35E-5;93,47;1,51E-4;301,42;0,02
5,976;0,301;1,117;9,35E-5;93,48;1,35E-4;301,38;0,02
5,977;0,302;1,117;9,35E-5;93,49;9,83E-5;301,38;0,02
5,978;0,301;1,116;9,35E-5;93,46;2,04E-4;301,27;0,02
5,979;0,301;1,115;9,35E-5;93,45;2,53E-4;301,24;0,02
5,980;0,300;1,114;9,34E-5;93,42;3,97E-4;301,12;0,02
5,981;0,299;1,114;9,34E-5;93,40;4,77E-4;301,03;0,02
5,982;0,302;1,116;9,35E-5;93,48;1,09E-4;301,32;0,02
5,983;0,301;1,115;9,35E-5;93,47;1,87E-4;301,24;0,02
5,984;0,302;1,116;9,35E-5;93,48;1,20E-4;301,27;0,02
5,985;0,301;1,116;9,35E-5;93,47;1,64E-4;301,27;0,02
5,986;0,300;1,114;9,34E-5;93,44;3,26E-4;301,07;0,02
5,987;0,301;1,114;9,35E-5;93,46;2,26E-4;301,12;0,02
5,988;0,302;1,116;9,35E-5;93,51;-1,64E-5;301,30;0,02
5,989;0,300;1,113;9,34E-5;93,43;3,51E-4;300,99;0,02
5,990;0,300;1,113;9,34E-5;93,44;3,00E-4;301,00;0,02
5,991;0,300;1,113;9,34E-5;93,43;3,66E-4;300,95;0,02
5,992;0,300;1,113;9,34E-5;93,43;3,68E-4;300,94;0,02
5,993;0,301;1,114;9,35E-5;93,48;1,44E-4;301,11;0,02
5,994;0,301;1,114;9,35E-5;93,47;1,75E-4;301,06;0,02
5,995;0,300;1,113;9,34E-5;93,45;2,84E-4;301,00;0,02
5,996;0,300;1,113;9,34E-5;93,44;2,88E-4;300,94;0,02
5,997;0,300;1,113;9,34E-5;93,44;2,95E-4;300,92;0,02
5,998;0,300;1,112;9,34E-5;93,44;3,24E-4;300,90;0,02
5,999;0,300;1,112;9,34E-5;93,45;2,84E-4;300,88;0,02
6,000;0,302;1,113;9,35E-5;93,49;8,19E-5;301,02;0,02
6,001;0,302;1,114;9,35E-5;93,49;5,28E-5;301,08;0,02
6,002;0,301;1,113;9,35E-5;93,45;2,40E-4;300,92;0,02
6,003;0,301;1,112;9,35E-5;93,46;2,31E-4;300,89;0,02
6,004;0,301;1,112;9,35E-5;93,46;1,97E-4;300,86;0,02
6,005;0,300;1,111;9,34E-5;93,42;4,06E-4;300,73;0,02
6,006;0,300;1,111;9,34E-5;93,44;3,19E-4;300,77;0,02
6,007;0,301;1,112;9,35E-5;93,46;2,24E-4;300,84;0,02
6,008;0,300;1,111;9,34E-5;93,44;3,17E-4;300,77;0,02
6,009;0,302;1,112;9,35E-5;93,48;1,16E-4;300,91;0,02
6,010;0,300;1,111;9,34E-5;93,43;3,57E-4;300,72;0,02
6,011;0,300;1,110;9,34E-5;93,43;3,73E-4;300,65;0,02
6,012;0,301;1,111;9,34E-5;93,45;2,71E-4;300,69;0,02
6,013;0,299;1,109;9,34E-5;93,41;4,52E-4;300,53;0,02
6,014;0,300;1,110;9,34E-5;93,44;3,13E-4;300,64;0,02
6,015;0,300;1,110;9,34E-5;93,44;2,97E-4;300,62;0,02
6,016;0,301;1,111;9,35E-5;93,47;1,58E-4;300,71;0,02
6,017;0,300;1,110;9,34E-5;93,44;2,91E-4;300,62;0,02
6,018;0,300;1,110;9,34E-5;93,43;3,66E-4;300,57;0,02
6,019;0,300;1,109;9,34E-5;93,43;3,44E-4;300,51;0,02
6,020;0,301;1,110;9,35E-5;93,47;1,87E-4;300,64;0,02
6,021;0,302;1,111;9,35E-5;93,49;6,55E-5;300,75;0,02
6,022;0,300;1,109;9,34E-5;93,44;2,91E-4;300,55;0,02
6,023;0,300;1,109;9,34E-5;93,43;3,57E-4;300,50;0,02
6,024;0,301;1,110;9,35E-5;93,46;2,18E-4;300,61;0,02
6,025;0,300;1,109;9,34E-5;93,43;3,51E-4;300,45;0,02
6,026;0,301;1,109;9,34E-5;93,45;2,68E-4;300,51;0,02
6,027;0,302;1,110;9,35E-5;93,48;1,27E-4;300,58;0,02
6,028;0,302;1,110;9,35E-5;93,48;1,22E-4;300,59;0,02
6,029;0,300;1,109;9,34E-5;93,45;2,80E-4;300,47;0,02
6,030;0,302;1,110;9,35E-5;93,48;1,04E-4;300,57;0,02
6,031;0,301;1,109;9,35E-5;93,47;1,80E-4;300,49;0,02
6,032;0,301;1,108;9,35E-5;93,46;2,37E-4;300,44;0,02
6,033;0,300;1,108;9,34E-5;93,43;3,39E-4;300,39;0,02
6,034;0,299;1,106;9,34E-5;93,40;5,04E-4;300,20;0,02
6,035;0,299;1,106;9,34E-5;93,39;5,45E-4;300,13;0,02
6,036;0,299;1,106;9,34E-5;93,41;4,41E-4;300,20;0,02
6,037;0,300;1,107;9,34E-5;93,44;3,30E-4;300,27;0,02
6,038;0,301;1,108;9,35E-5;93,46;2,37E-4;300,35;0,02
6,039;0,300;1,107;9,34E-5;93,45;2,84E-4;300,26;0,02
6,040;0,301;1,107;9,35E-5;93,46;2,28E-4;300,32;0,02
6,041;0,301;1,107;9,34E-5;93,45;2,71E-4;300,27;0,02
6,042;0,300;1,107;9,34E-5;93,43;3,64E-4;300,24;0,02
6,043;0,300;1,107;9,34E-5;93,44;3,04E-4;300,21;0,02
6,044;0,300;1,106;9,34E-5;93,43;3,70E-4;300,20;0,02
6,045;0,301;1,107;9,35E-5;93,46;2,22E-4;300,23;0,02
6,046;0,301;1,107;9,35E-5;93,46;1,97E-4;300,28;0,02
6,047;0,301;1,107;9,35E-5;93,47;1,89E-4;300,23;0,02
6,048;0,301;1,107;9,35E-5;93,47;1,57E-4;300,24;0,02
6,049;0,303;1,108;9,35E-5;93,52;-4,19E-5;300,43;0,02
6,050;0,301;1,106;9,35E-5;93,45;2,38E-4;300,18;0,02
6,051;0,301;1,107;9,35E-5;93,47;1,75E-4;300,22;0,02
6,052;0,301;1,106;9,35E-5;93,46;2,20E-4;300,13;0,02
6,053;0,303;1,108;9,35E-5;93,52;-8,01E-5;300,34;0,02
6,054;0,302;1,106;9,35E-5;93,48;1,26E-4;300,19;0,02
6,055;0,300;1,105;9,34E-5;93,44;3,20E-4;300,00;0,02
6,056;0,302;1,106;9,35E-5;93,48;1,13E-4;300,20;0,02
6,057;0,301;1,106;9,35E-5;93,48;1,35E-4;300,17;0,02
6,058;0,302;1,106;9,35E-5;93,49;6,01E-5;300,21;0,02
6,059;0,301;1,106;9,35E-5;93,47;1,53E-4;300,10;0,02
6,060;0,300;1,104;9,34E-5;93,43;3,48E-4;299,93;0,02
6,061;0,300;1,104;9,34E-5;93,45;2,82E-4;299,97;0,02
6,062;0,301;1,104;9,34E-5;93,45;2,62E-4;299,96;0,02
6,063;0,301;1,105;9,35E-5;93,46;2,11E-4;300,02;0,02
6,064;0,301;1,105;9,35E-5;93,47;1,51E-4;300,06;0,02
6,065;0,302;1,106;9,35E-5;93,50;3,82E-5;300,09;0,02
6,066;0,302;1,106;9,35E-5;93,50;1,64E-5;300,11;0,02
6,067;0,301;1,105;9,35E-5;93,48;1,33E-4;300,03;0,02
6,068;0,301;1,104;9,35E-5;93,47;1,73E-4;299,95;0,02
6,069;0,302;1,105;9,35E-5;93,49;6,19E-5;300,02;0,02
6,070;0,301;1,104;9,35E-5;93,47;1,58E-4;299,92;0,02
6,071;0,302;1,104;9,35E-5;93,48;1,29E-4;299,94;0,02
6,072;0,301;1,104;9,35E-5;93,45;2,59E-4;299,87;0,02
6,073;0,300;1,103;9,34E-5;93,44;3,22E-4;299,75;0,02
6,074;0,301;1,104;9,35E-5;93,47;1,55E-4;299,87;0,02
6,075;0,301;1,104;9,35E-5;93,47;1,49E-4;299,91;0,02
6,076;0,300;1,102;9,34E-5;93,42;4,02E-4;299,66;0,02
6,077;0,301;1,103;9,35E-5;93,46;2,00E-4;299,83;0,02
6,078;0,300;1,102;9,34E-5;93,43;3,39E-4;299,70;0,02
6,079;0,300;1,102;9,34E-5;93,44;2,93E-4;299,72;0,02
6,080;0,301;1,103;9,35E-5;93,46;2,13E-4;299,77;0,02
6,081;0,302;1,104;9,35E-5;93,51;-1,82E-5;299,92;0,02
6,082;0,302;1,103;9,35E-5;93,49;8,19E-5;299,84;0,02
6,083;0,302;1,103;9,35E-5;93,48;1,18E-4;299,81;0,02
6,084;0,301;1,102;9,35E-5;93,45;2,48E-4;299,70;0,02
6,085;0,301;1,102;9,35E-5;93,47;1,67E-4;299,71;0,02
6,086;0,301;1,102;9,34E-5;93,45;2,75E-4;299,63;0,02
6,087;0,301;1,102;9,35E-5;93,46;2,18E-4;299,66;0,02
6,088;0,301;1,102;9,35E-5;93,46;1,95E-4;299,72;0,02
6,089;0,302;1,103;9,35E-5;93,49;8,55E-5;299,74;0,02
6,090;0,301;1,101;9,35E-5;93,45;2,51E-4;299,59;0,02
6,091;0,301;1,101;9,35E-5;93,46;2,02E-4;299,61;0,02
6,092;0,301;1,101;9,35E-5;93,46;1,98E-4;299,62;0,02
6,093;0,301;1,101;9,35E-5;93,46;2,37E-4;299,58;0,02
6,094;0,301;1,101;9,35E-5;93,47;1,84E-4;299,61;0,02
6,095;0,300;1,100;9,34E-5;93,45;2,82E-4;299,49;0,02
6,096;0,302;1,102;9,35E-5;93,49;9,28E-5;299,62;0,02
6,097;0,301;1,101;9,35E-5;93,46;2,06E-4;299,51;0,02
6,098;0,301;1,101;9,35E-5;93,47;1,89E-4;299,53;0,02
6,099;0,301;1,100;9,35E-5;93,46;2,08E-4;299,49;0,02
6,100;0,303;1,102;9,35E-5;93,51;-3,09E-5;299,67;0,02
6,101;0,301;1,100;9,35E-5;93,46;2,22E-4;299,47;0,02
6,102;0,300;1,099;9,34E-5;93,44;3,08E-4;299,39;0,02
6,103;0,300;1,099;9,34E-5;93,42;3,90E-4;299,34;0,02
6,104;0,301;1,100;9,35E-5;93,45;2,46E-4;299,41;0,02
6,105;0,302;1,101;9,35E-5;93,49;6,37E-5;299,54;0,02
6,106;0,302;1,101;9,35E-5;93,48;1,04E-4;299,54;0,02
6,107;0,300;1,099;9,34E-5;93,45;2,82E-4;299,28;0,02
6,108;0,300;1,099;9,34E-5;93,43;3,44E-4;299,28;0,02
6,109;0,301;1,100;9,35E-5;93,47;1,47E-4;299,43;0,02
6,110;0,302;1,100;9,35E-5;93,50;3,82E-5;299,50;0,02
6,111;0,301;1,099;9,35E-5;93,46;1,95E-4;299,36;0,02
6,112;0,300;1,098;9,34E-5;93,43;3,70E-4;299,20;0,02
6,113;0,301;1,099;9,35E-5;93,47;1,64E-4;299,34;0,02
6,114;0,302;1,100;9,35E-5;93,49;9,83E-5;299,40;0,02
6,115;0,301;1,098;9,34E-5;93,45;2,79E-4;299,23;0,02
6,116;0,302;1,100;9,35E-5;93,49;8,74E-5;299,40;0,02
6,117;0,301;1,098;9,34E-5;93,45;2,77E-4;299,20;0,02
6,118;0,300;1,098;9,34E-5;93,44;2,89E-4;299,19;0,02
6,119;0,301;1,098;9,35E-5;93,46;2,06E-4;299,18;0,02
6,120;0,301;1,098;9,35E-5;93,46;1,95E-4;299,26;0,02
6,121;0,301;1,098;9,35E-5;93,46;2,08E-4;299,23;0,02
6,122;0,302;1,099;9,35E-5;93,49;7,28E-5;299,31;0,02
6,123;0,301;1,098;9,35E-5;93,47;1,66E-4;299,22;0,02
6,124;0,301;1,098;9,35E-5;93,46;2,17E-4;299,16;0,02
6,125;0,301;1,098;9,35E-5;93,47;1,55E-4;299,17;0,02
6,126;0,300;1,097;9,34E-5;93,44;2,97E-4;299,09;0,02
6,127;0,300;1,096;9,34E-5;93,42;4,08E-4;298,97;0,02
6,128;0,300;1,096;9,34E-5;93,44;3,30E-4;299,04;0,02
6,129;0,301;1,097;9,35E-5;93,46;2,15E-4;299,10;0,02
6,130;0,301;1,097;9,35E-5;93,46;2,18E-4;299,10;0,02
6,131;0,301;1,096;9,35E-5;93,46;2,15E-4;299,03;0,02
6,132;0,301;1,097;9,35E-5;93,45;2,55E-4;299,04;0,02
6,133;0,301;1,097;9,35E-5;93,47;1,77E-4;299,08;0,02
6,134;0,301;1,097;9,35E-5;93,48;1,42E-4;299,13;0,02
6,135;0,301;1,096;9,34E-5;93,45;2,79E-4;298,94;0,02
6,136;0,301;1,096;9,34E-5;93,45;2,75E-4;298,98;0,02
6,137;0,301;1,096;9,35E-5;93,46;2,37E-4;298,97;0,02
6,138;0,301;1,097;9,35E-5;93,47;1,77E-4;299,04;0,02
6,139;0,301;1,096;9,35E-5;93,48;1,38E-4;299,04;0,02
6,140;0,301;1,095;9,35E-5;93,45;2,38E-4;298,92;0,02
6,141;0,302;1,097;9,35E-5;93,49;7,10E-5;299,06;0,02
6,142;0,302;1,096;9,35E-5;93,48;1,26E-4;299,00;0,02
6,143;0,301;1,096;9,35E-5;93,46;2,29E-4;298,93;0,02
6,144;0,299;1,094;9,34E-5;93,41;4,53E-4;298,70;0,02
6,145;0,300;1,094;9,34E-5;93,42;4,01E-4;298,71;0,02
6,146;0,301;1,095;9,34E-5;93,45;2,77E-4;298,83;0,02
6,147;0,301;1,095;9,35E-5;93,46;2,04E-4;298,89;0,02
6,148;0,301;1,094;9,35E-5;93,45;2,59E-4;298,80;0,02
6,149;0,300;1,094;9,34E-5;93,43;3,33E-4;298,74;0,02
6,150;0,300;1,094;9,34E-5;93,44;3,08E-4;298,75;0,02
6,151;0,301;1,095;9,35E-5;93,48;1,44E-4;298,86;0,02
6,152;0,301;1,095;9,35E-5;93,47;1,47E-4;298,85;0,02
6,153;0,302;1,095;9,35E-5;93,48;1,00E-4;298,88;0,02
6,154;0,301;1,094;9,35E-5;93,46;1,97E-4;298,76;0,02
6,155;0,301;1,094;9,34E-5;93,45;2,75E-4;298,73;0,02
6,156;0,300;1,094;9,34E-5;93,45;2,80E-4;298,71;0,02
6,157;0,300;1,094;9,34E-5;93,45;2,84E-4;298,70;0,02
6,158;0,300;1,093;9,34E-5;93,44;3,13E-4;298,62;0,02
6,159;0,301;1,093;9,35E-5;93,45;2,51E-4;298,65;0,02
6,160;0,300;1,093;9,34E-5;93,43;3,62E-4;298,61;0,02
6,161;0,300;1,093;9,34E-5;93,43;3,73E-4;298,60;0,02
6,162;0,300;1,093;9,34E-5;93,44;3,02E-4;298,63;0,02
6,163;0,300;1,093;9,34E-5;93,44;3,08E-4;298,59;0,02
6,164;0,301;1,093;9,35E-5;93,46;2,15E-4;298,66;0,02
6,165;0,301;1,093;9,35E-5;93,46;2,11E-4;298,65;0,02
6,166;0,301;1,093;9,35E-5;93,47;1,82E-4;298,64;0,02
6,167;0,301;1,092;9,35E-5;93,45;2,48E-4;298,55;0,02
6,168;0,301;1,093;9,35E-5;93,47;1,60E-4;298,63;0,02
6,169;0,301;1,093;9,35E-5;93,48;1,44E-4;298,63;0,02
6,170;0,301;1,092;9,35E-5;93,46;2,24E-4;298,54;0,02
6,171;0,302;1,093;9,35E-5;93,48;1,16E-4;298,61;0,02
6,172;0,301;1,092;9,35E-5;93,45;2,49E-4;298,49;0,02
6,173;0,300;1,092;9,34E-5;93,44;2,91E-4;298,50;0,02
6,174;0,299;1,090;9,34E-5;93,38;5,77E-4;298,26;0,02
6,175;0,300;1,091;9,34E-5;93,43;3,66E-4;298,41;0,02
6,176;0,301;1,092;9,35E-5;93,46;1,98E-4;298,50;0,02
6,177;0,300;1,091;9,34E-5;93,43;3,33E-4;298,40;0,02
6,178;0,301;1,091;9,35E-5;93,45;2,55E-4;298,45;0,02
6,179;0,300;1,091;9,34E-5;93,44;3,10E-4;298,38;0,02
6,180;0,301;1,091;9,35E-5;93,45;2,38E-4;298,44;0,02
6,181;0,301;1,092;9,35E-5;93,45;2,49E-4;298,47;0,02
6,182;0,302;1,092;9,35E-5;93,49;6,92E-5;298,57;0,02
6,183;0,301;1,092;9,35E-5;93,47;1,78E-4;298,48;0,02
6,184;0,301;1,091;9,35E-5;93,46;2,31E-4;298,38;0,02
6,185;0,301;1,091;9,35E-5;93,46;1,95E-4;298,40;0,02
6,186;0,300;1,090;9,34E-5;93,43;3,62E-4;298,26;0,02
6,187;0,302;1,091;9,35E-5;93,48;1,29E-4;298,44;0,02
6,188;0,301;1,091;9,35E-5;93,47;1,69E-4;298,42;0,02
6,189;0,302;1,091;9,35E-5;93,48;1,27E-4;298,42;0,02
6,190;0,302;1,091;9,35E-5;93,48;1,07E-4;298,45;0,02
6,191;0,300;1,090;9,34E-5;93,43;3,33E-4;298,23;0,02
6,192;0,300;1,089;9,34E-5;93,43;3,62E-4;298,19;0,02
6,193;0,300;1,089;9,34E-5;93,44;3,10E-4;298,18;0,02
6,194;0,300;1,089;9,34E-5;93,41;4,28E-4;298,11;0,02
6,195;0,300;1,089;9,34E-5;93,44;2,95E-4;298,20;0,02
6,196;0,300;1,089;9,34E-5;93,44;2,91E-4;298,20;0,02
6,197;0,300;1,088;9,34E-5;93,43;3,77E-4;298,09;0,02
6,198;0,300;1,088;9,34E-5;93,43;3,39E-4;298,10;0,02
6,199;0,302;1,090;9,35E-5;93,49;9,83E-5;298,31;0,02
6,200;0,301;1,090;9,35E-5;93,46;1,95E-4;298,24;0,02
6,201;0,301;1,090;9,35E-5;93,47;1,58E-4;298,24;0,02
6,202;0,301;1,090;9,35E-5;93,47;1,75E-4;298,22;0,02
6,203;0,302;1,090;9,35E-5;93,48;1,26E-4;298,28;0,02
6,204;0,301;1,089;9,35E-5;93,46;2,33E-4;298,18;0,02
6,205;0,301;1,089;9,34E-5;93,45;2,79E-4;298,12;0,02
6,206;0,300;1,088;9,34E-5;93,43;3,44E-4;298,04;0,02
6,207;0,300;1,088;9,34E-5;93,42;3,81E-4;298,02;0,02
6,208;0,300;1,087;9,34E-5;93,42;4,15E-4;297,96;0,02
6,209;0,300;1,087;9,34E-5;93,42;4,21E-4;297,98;0,02
6,210;0,300;1,087;9,34E-5;93,43;3,42E-4;297,98;0,02
6,211;0,301;1,089;9,35E-5;93,47;1,73E-4;298,13;0,02
6,212;0,300;1,088;9,34E-5;93,44;2,97E-4;298,01;0,02
6,213;0,301;1,088;9,35E-5;93,48;1,35E-4;298,09;0,02
6,214;0,302;1,089;9,35E-5;93,48;1,26E-4;298,13;0,02
6,215;0,302;1,089;9,35E-5;93,48;1,02E-4;298,14;0,02
6,216;0,301;1,088;9,35E-5;93,46;2,26E-4;298,03;0,02
6,217;0,301;1,087;9,35E-5;93,45;2,57E-4;297,98;0,02
6,218;0,300;1,087;9,34E-5;93,44;3,04E-4;297,95;0,02
6,219;0,301;1,088;9,35E-5;93,46;2,26E-4;298,00;0,02
6,220;0,301;1,088;9,35E-5;93,47;1,64E-4;298,08;0,02
6,221;0,301;1,088;9,35E-5;93,47;1,57E-4;298,01;0,02
6,222;0,301;1,088;9,35E-5;93,48;1,31E-4;298,02;0,02
6,223;0,301;1,087;9,35E-5;93,46;2,06E-4;297,95;0,02
6,224;0,300;1,087;9,34E-5;93,44;2,86E-4;297,93;0,02
6,225;0,302;1,088;9,35E-5;93,49;9,83E-5;298,05;0,02
6,226;0,300;1,086;9,34E-5;93,44;3,06E-4;297,85;0,02
6,227;0,302;1,087;9,35E-5;93,48;1,13E-4;297,95;0,02
6,228;0,301;1,087;9,35E-5;93,46;2,13E-4;297,92;0,02
6,229;0,300;1,086;9,34E-5;93,44;3,02E-4;297,79;0,02
6,230;0,301;1,087;9,35E-5;93,46;2,18E-4;297,89;0,02
6,231;0,301;1,086;9,35E-5;93,47;1,80E-4;297,86;0,02
6,232;0,301;1,086;9,34E-5;93,45;2,68E-4;297,79;0,02
6,233;0,301;1,087;9,35E-5;93,47;1,57E-4;297,89;0,02
6,234;0,301;1,086;9,35E-5;93,46;2,31E-4;297,82;0,02
6,235;0,300;1,085;9,34E-5;93,43;3,62E-4;297,71;0,02
6,236;0,301;1,086;9,35E-5;93,46;2,08E-4;297,81;0,02
6,237;0,301;1,086;9,35E-5;93,46;1,97E-4;297,80;0,02
6,238;0,301;1,086;9,35E-5;93,47;1,69E-4;297,80;0,02
6,239;0,300;1,084;9,34E-5;93,42;4,02E-4;297,62;0,02
6,240;0,299;1,084;9,34E-5;93,41;4,53E-4;297,58;0,02
6,241;0,299;1,084;9,34E-5;93,41;4,52E-4;297,58;0,02
6,242;0,301;1,085;9,35E-5;93,45;2,59E-4;297,71;0,02
6,243;0,301;1,086;9,35E-5;93,48;1,44E-4;297,77;0,02
6,244;0,300;1,085;9,34E-5;93,45;2,84E-4;297,68;0,02
6,245;0,300;1,084;9,34E-5;93,43;3,39E-4;297,58;0,02
6,246;0,301;1,085;9,35E-5;93,47;1,69E-4;297,74;0,02
6,247;0,301;1,085;9,35E-5;93,47;1,62E-4;297,74;0,02
6,248;0,301;1,085;9,35E-5;93,46;2,26E-4;297,68;0,02
6,249;0,302;1,086;9,35E-5;93,50;2,91E-5;297,76;0,02
6,250;0,301;1,084;9,34E-5;93,45;2,77E-4;297,62;0,02
6,251;0,300;1,084;9,34E-5;93,43;3,59E-4;297,56;0,02
6,252;0,300;1,084;9,34E-5;93,44;2,91E-4;297,55;0,02
6,253;0,301;1,084;9,35E-5;93,45;2,46E-4;297,56;0,02
6,254;0,301;1,084;9,35E-5;93,45;2,42E-4;297,62;0,02
6,255;0,301;1,084;9,34E-5;93,45;2,73E-4;297,56;0,02
6,256;0,301;1,084;9,35E-5;93,45;2,51E-4;297,60;0,02
6,257;0,300;1,084;9,34E-5;93,44;2,88E-4;297,52;0,02
6,258;0,301;1,084;9,35E-5;93,46;2,33E-4;297,57;0,02
6,259;0,301;1,084;9,35E-5;93,47;1,75E-4;297,61;0,02
6,260;0,302;1,085;9,35E-5;93,48;1,00E-4;297,64;0,02
6,261;0,301;1,084;9,35E-5;93,48;1,42E-4;297,63;0,02
6,262;0,301;1,084;9,35E-5;93,46;1,93E-4;297,56;0,02
6,263;0,302;1,084;9,35E-5;93,49;8,01E-5;297,58;0,02
6,264;0,301;1,084;9,35E-5;93,47;1,49E-4;297,55;0,02
6,265;0,301;1,083;9,35E-5;93,47;1,91E-4;297,47;0,02
6,266;0,300;1,082;9,34E-5;93,43;3,75E-4;297,39;0,02
6,267;0,301;1,083;9,35E-5;93,46;2,20E-4;297,44;0,02
6,268;0,300;1,082;9,34E-5;93,44;3,13E-4;297,35;0,02
6,269;0,301;1,082;9,34E-5;93,45;2,73E-4;297,38;0,02
6,270;0,300;1,082;9,34E-5;93,42;3,93E-4;297,30;0,02
6,271;0,300;1,082;9,34E-5;93,44;2,99E-4;297,39;0,02
6,272;0,301;1,082;9,35E-5;93,46;2,31E-4;297,38;0,02
6,273;0,301;1,083;9,35E-5;93,46;2,00E-4;297,42;0,02
6,274;0,300;1,082;9,34E-5;93,43;3,48E-4;297,30;0,02
6,275;0,303;1,084;9,35E-5;93,51;-3,09E-5;297,55;0,02
6,276;0,301;1,082;9,35E-5;93,46;2,09E-4;297,37;0,02
6,277;0,301;1,082;9,35E-5;93,45;2,60E-4;297,32;0,02
6,278;0,300;1,081;9,34E-5;93,44;3,02E-4;297,28;0,02
6,279;0,301;1,082;9,35E-5;93,47;1,86E-4;297,36;0,02
6,280;0,301;1,082;9,35E-5;93,47;1,84E-4;297,32;0,02
6,281;0,302;1,082;9,35E-5;93,48;1,02E-4;297,39;0,02
6,282;0,301;1,082;9,35E-5;93,46;2,11E-4;297,33;0,02
6,283;0,300;1,081;9,34E-5;93,44;3,19E-4;297,23;0,02
6,284;0,300;1,081;9,34E-5;93,43;3,51E-4;297,18;0,02
6,285;0,301;1,081;9,35E-5;93,46;2,22E-4;297,28;0,02
6,286;0,301;1,081;9,35E-5;93,47;1,69E-4;297,28;0,02
6,287;0,300;1,080;9,34E-5;93,42;4,19E-4;297,10;0,02
6,288;0,300;1,081;9,34E-5;93,44;3,22E-4;297,22;0,02
6,289;0,301;1,081;9,35E-5;93,48;1,42E-4;297,28;0,02
6,290;0,301;1,081;9,35E-5;93,48;1,44E-4;297,27;0,02
6,291;0,301;1,081;9,35E-5;93,46;2,13E-4;297,22;0,02
6,292;0,301;1,080;9,34E-5;93,45;2,79E-4;297,14;0,02
6,293;0,301;1,080;9,34E-5;93,45;2,62E-4;297,13;0,02
6,294;0,300;1,080;9,34E-5;93,43;3,37E-4;297,07;0,02
6,295;0,301;1,081;9,35E-5;93,47;1,60E-4;297,20;0,02
6,296;0,300;1,080;9,34E-5;93,45;2,82E-4;297,13;0,02
6,297;0,301;1,080;9,35E-5;93,46;2,04E-4;297,14;0,02
6,298;0,301;1,080;9,35E-5;93,46;2,22E-4;297,11;0,02
6,299;0,301;1,081;9,35E-5;93,47;1,46E-4;297,20;0,02
6,300;0,300;1,079;9,34E-5;93,44;3,00E-4;297,03;0,02
6,301;0,300;1,079;9,34E-5;93,43;3,60E-4;297,00;0,02
6,302;0,301;1,080;9,35E-5;93,46;2,37E-4;297,08;0,02
6,303;0,300;1,079;9,34E-5;93,44;3,26E-4;297,04;0,02
6,304;0,300;1,079;9,34E-5;93,44;3,08E-4;297,02;0,02
6,305;0,300;1,079;9,34E-5;93,44;2,97E-4;296,97;0,02
6,306;0,301;1,079;9,35E-5;93,46;2,02E-4;297,05;0,02
6,307;0,301;1,079;9,35E-5;93,46;2,11E-4;297,03;0,02
6,308;0,302;1,080;9,35E-5;93,48;1,02E-4;297,10;0,02
6,309;0,301;1,080;9,35E-5;93,47;1,78E-4;297,08;0,02
6,310;0,301;1,080;9,35E-5;93,47;1,51E-4;297,09;0,02
6,311;0,299;1,077;9,34E-5;93,40;5,03E-4;296,78;0,02
6,312;0,301;1,079;9,35E-5;93,46;2,35E-4;296,96;0,02
6,313;0,301;1,079;9,35E-5;93,47;1,75E-4;297,03;0,02
6,314;0,302;1,080;9,35E-5;93,49;8,19E-5;297,06;0,02
6,315;0,301;1,079;9,35E-5;93,47;1,91E-4;297,01;0,02
6,316;0,301;1,078;9,35E-5;93,46;2,13E-4;296,91;0,02
6,317;0,300;1,078;9,34E-5;93,44;3,13E-4;296,88;0,02
6,318;0,301;1,078;9,35E-5;93,45;2,59E-4;296,89;0,02
6,319;0,301;1,078;9,35E-5;93,46;2,35E-4;296,93;0,02
6,320;0,301;1,078;9,35E-5;93,46;2,26E-4;296,87;0,02
6,321;0,300;1,078;9,34E-5;93,44;2,99E-4;296,84;0,02
6,322;0,300;1,077;9,34E-5;93,43;3,57E-4;296,78;0,02
6,323;0,301;1,078;9,35E-5;93,45;2,59E-4;296,87;0,02
6,324;0,301;1,078;9,34E-5;93,45;2,68E-4;296,83;0,02
6,325;0,301;1,078;9,35E-5;93,47;1,69E-4;296,89;0,02
6,326;0,302;1,078;9,35E-5;93,48;1,27E-4;296,89;0,02
6,327;0,301;1,078;9,35E-5;93,46;2,09E-4;296,83;0,02
6,328;0,300;1,077;9,34E-5;93,43;3,42E-4;296,75;0,01
6,329;0,300;1,076;9,34E-5;93,42;3,97E-4;296,68;0,01
6,330;0,299;1,076;9,34E-5;93,41;4,53E-4;296,63;0,01
6,331;0,301;1,077;9,35E-5;93,45;2,42E-4;296,79;0,02
6,332;0,302;1,078;9,35E-5;93,49;7,28E-5;296,85;0,02
6,333;0,301;1,077;9,35E-5;93,47;1,75E-4;296,77;0,02
6,334;0,300;1,077;9,34E-5;93,44;3,13E-4;296,71;0,01
6,335;0,301;1,077;9,35E-5;93,46;2,24E-4;296,75;0,01
6,336;0,301;1,077;9,35E-5;93,47;1,69E-4;296,78;0,02
6,337;0,302;1,078;9,35E-5;93,50;3,09E-5;296,87;0,02
6,338;0,302;1,078;9,35E-5;93,49;7,83E-5;296,82;0,02
6,339;0,301;1,077;9,35E-5;93,47;1,53E-4;296,75;0,01
6,340;0,301;1,077;9,35E-5;93,46;2,06E-4;296,73;0,01
6,341;0,301;1,076;9,34E-5;93,45;2,71E-4;296,68;0,01
6,342;0,301;1,076;9,35E-5;93,46;2,33E-4;296,69;0,01
6,343;0,301;1,076;9,35E-5;93,45;2,38E-4;296,65;0,01
6,344;0,301;1,076;9,35E-5;93,46;2,08E-4;296,67;0,01
6,345;0,301;1,077;9,35E-5;93,47;1,73E-4;296,71;0,01
6,346;0,300;1,075;9,34E-5;93,44;3,15E-4;296,56;0,01
6,347;0,299;1,075;9,34E-5;93,41;4,61E-4;296,48;0,01
6,348;0,300;1,075;9,34E-5;93,44;3,00E-4;296,58;0,01
6,349;0,299;1,074;9,34E-5;93,41;4,57E-4;296,38;0,01
6,350;0,300;1,074;9,34E-5;93,43;3,44E-4;296,46;0,01
6,351;0,301;1,075;9,34E-5;93,45;2,64E-4;296,57;0,01
6,352;0,300;1,075;9,34E-5;93,42;3,90E-4;296,47;0,01
6,353;0,300;1,075;9,34E-5;93,44;3,10E-4;296,49;0,01
6,354;0,300;1,074;9,34E-5;93,42;3,91E-4;296,44;0,01
6,355;0,302;1,077;9,35E-5;93,50;2,73E-5;296,71;0,01
6,356;0,301;1,076;9,35E-5;93,47;1,57E-4;296,59;0,01
6,357;0,301;1,076;9,35E-5;93,47;1,60E-4;296,61;0,01
6,358;0,301;1,075;9,35E-5;93,48;1,31E-4;296,58;0,01
6,359;0,301;1,076;9,35E-5;93,48;1,38E-4;296,60;0,01
6,360;0,301;1,075;9,35E-5;93,47;1,91E-4;296,55;0,01
6,361;0,302;1,076;9,35E-5;93,48;1,09E-4;296,59;0,01
6,362;0,300;1,074;9,34E-5;93,44;3,20E-4;296,39;0,01
6,363;0,300;1,074;9,34E-5;93,44;2,99E-4;296,46;0,01
6,364;0,301;1,074;9,35E-5;93,46;2,06E-4;296,46;0,01
6,365;0,300;1,074;9,34E-5;93,43;3,53E-4;296,38;0,01
6,366;0,300;1,074;9,34E-5;93,44;3,22E-4;296,41;0,01
6,367;0,300;1,074;9,34E-5;93,44;2,91E-4;296,42;0,01
6,368;0,301;1,074;9,35E-5;93,45;2,59E-4;296,44;0,01
6,369;0,301;1,074;9,35E-5;93,45;2,44E-4;296,46;0,01
6,370;0,300;1,073;9,34E-5;93,43;3,68E-4;296,30;0,01
6,371;0,300;1,073;9,34E-5;93,43;3,62E-4;296,30;0,01
6,372;0,300;1,073;9,34E-5;93,43;3,33E-4;296,33;0,01
6,373;0,301;1,074;9,35E-5;93,46;2,35E-4;296,36;0,01
6,374;0,301;1,074;9,35E-5;93,47;1,87E-4;296,40;0,01
6,375;0,300;1,073;9,34E-5;93,44;2,95E-4;296,32;0,01
6,376;0,301;1,074;9,35E-5;93,46;2,13E-4;296,36;0,01
6,377;0,300;1,073;9,34E-5;93,44;3,04E-4;296,28;0,01
6,378;0,299;1,072;9,34E-5;93,41;4,55E-4;296,19;0,01
6,379;0,300;1,073;9,34E-5;93,44;3,22E-4;296,26;0,01
6,380;0,300;1,073;9,34E-5;93,44;3,19E-4;296,25;0,01
6,381;0,300;1,073;9,34E-5;93,44;2,91E-4;296,25;0,01
6,382;0,300;1,072;9,34E-5;93,43;3,77E-4;296,20;0,01
6,383;0,301;1,073;9,35E-5;93,45;2,40E-4;296,29;0,01
6,384;0,302;1,074;9,35E-5;93,50;4,91E-5;296,47;0,01
6,385;0,301;1,073;9,35E-5;93,46;2,15E-4;296,28;0,01
6,386;0,300;1,072;9,34E-5;93,44;3,22E-4;296,20;0,01
6,387;0,300;1,071;9,34E-5;93,42;4,06E-4;296,11;0,01
6,388;0,302;1,074;9,35E-5;93,50;4,37E-5;296,39;0,01
6,389;0,300;1,072;9,34E-5;93,43;3,59E-4;296,13;0,01
6,390;0,301;1,073;9,35E-5;93,47;1,57E-4;296,30;0,01
6,391;0,301;1,072;9,35E-5;93,47;1,75E-4;296,22;0,01
6,392;0,301;1,073;9,35E-5;93,47;1,47E-4;296,27;0,01
6,393;0,301;1,072;9,35E-5;93,47;1,87E-4;296,23;0,01
6,394;0,300;1,071;9,34E-5;93,44;3,04E-4;296,09;0,01
6,395;0,301;1,072;9,35E-5;93,46;2,31E-4;296,16;0,01
6,396;0,300;1,071;9,34E-5;93,43;3,40E-4;296,08;0,01
6,397;0,300;1,071;9,34E-5;93,43;3,75E-4;296,04;0,01
6,398;0,301;1,072;9,35E-5;93,46;2,24E-4;296,16;0,01
6,399;0,302;1,073;9,35E-5;93,48;1,15E-4;296,25;0,01
6,400;0,301;1,073;9,35E-5;93,48;1,31E-4;296,25;0,01
6,401;0,301;1,071;9,35E-5;93,45;2,38E-4;296,10;0,01
6,402;0,301;1,072;9,35E-5;93,45;2,48E-4;296,13;0,01
6,403;0,300;1,070;9,34E-5;93,42;4,21E-4;295,94;0,01
6,404;0,301;1,071;9,34E-5;93,45;2,71E-4;296,10;0,01
6,405;0,302;1,072;9,35E-5;93,49;6,19E-5;296,19;0,01
6,406;0,302;1,073;9,35E-5;93,51;-5,46E-6;296,25;0,01
6,407;0,301;1,071;9,35E-5;93,47;1,71E-4;296,10;0,01
6,408;0,301;1,071;9,35E-5;93,47;1,78E-4;296,10;0,01
6,409;0,303;1,073;9,35E-5;93,52;-5,28E-5;296,28;0,01
6,410;0,302;1,071;9,35E-5;93,48;1,29E-4;296,10;0,01
6,411;0,300;1,070;9,34E-5;93,44;2,95E-4;296,00;0,01
6,412;0,301;1,071;9,35E-5;93,47;1,49E-4;296,09;0,01
6,413;0,301;1,071;9,35E-5;93,46;2,26E-4;296,05;0,01
6,414;0,300;1,070;9,34E-5;93,44;3,19E-4;295,95;0,01
6,415;0,300;1,070;9,34E-5;93,43;3,35E-4;295,91;0,01
6,416;0,300;1,069;9,34E-5;93,43;3,62E-4;295,85;0,01
6,417;0,301;1,071;9,35E-5;93,47;1,64E-4;296,01;0,01
6,418;0,302;1,071;9,35E-5;93,49;7,10E-5;296,09;0,01
6,419;0,301;1,070;9,34E-5;93,45;2,68E-4;295,92;0,01
6,420;0,300;1,069;9,34E-5;93,42;3,79E-4;295,83;0,01
6,421;0,300;1,069;9,34E-5;93,42;4,02E-4;295,82;0,01
6,422;0,302;1,071;9,35E-5;93,49;8,01E-5;296,02;0,01
6,423;0,302;1,071;9,35E-5;93,49;7,28E-5;296,09;0,01
6,424;0,301;1,070;9,35E-5;93,46;2,11E-4;295,91;0,01
6,425;0,300;1,070;9,34E-5;93,45;2,80E-4;295,90;0,01
6,426;0,301;1,069;9,35E-5;93,46;2,17E-4;295,89;0,01
6,427;0,301;1,070;9,35E-5;93,48;1,31E-4;295,99;0,01
6,428;0,301;1,069;9,35E-5;93,46;2,11E-4;295,87;0,01
6,429;0,300;1,068;9,34E-5;93,42;3,99E-4;295,76;0,01
6,430;0,301;1,070;9,35E-5;93,47;1,55E-4;295,90;0,01
6,431;0,302;1,070;9,35E-5;93,49;5,46E-5;296,00;0,01
6,432;0,300;1,068;9,34E-5;93,43;3,55E-4;295,74;0,01
6,433;0,302;1,070;9,35E-5;93,49;7,46E-5;295,94;0,01
6,434;0,300;1,068;9,34E-5;93,44;3,22E-4;295,75;0,01
6,435;0,300;1,068;9,34E-5;93,43;3,71E-4;295,69;0,01
6,436;0,301;1,068;9,34E-5;93,45;2,66E-4;295,77;0,01
6,437;0,302;1,069;9,35E-5;93,48;1,18E-4;295,87;0,01
6,438;0,301;1,069;9,35E-5;93,46;2,02E-4;295,80;0,01
6,439;0,301;1,068;9,34E-5;93,45;2,62E-4;295,75;0,01
6,440;0,300;1,068;9,34E-5;93,42;3,81E-4;295,69;0,01
6,441;0,299;1,067;9,34E-5;93,41;4,41E-4;295,59;0,01
6,442;0,300;1,067;9,34E-5;93,42;4,13E-4;295,58;0,01
6,443;0,300;1,067;9,34E-5;93,43;3,37E-4;295,65;0,01
6,444;0,299;1,067;9,34E-5;93,41;4,35E-4;295,59;0,01
6,445;0,301;1,068;9,35E-5;93,46;2,08E-4;295,74;0,01
6,446;0,300;1,067;9,34E-5;93,44;3,26E-4;295,65;0,01
6,447;0,300;1,067;9,34E-5;93,43;3,77E-4;295,61;0,01
6,448;0,299;1,066;9,34E-5;93,41;4,57E-4;295,53;0,01
6,449;0,301;1,068;9,35E-5;93,46;2,17E-4;295,71;0,01
6,450;0,300;1,067;9,34E-5;93,42;3,91E-4;295,58;0,01
6,451;0,301;1,068;9,35E-5;93,45;2,57E-4;295,69;0,01
6,452;0,302;1,069;9,35E-5;93,51;-7,28E-6;295,85;0,01
6,453;0,302;1,069;9,35E-5;93,50;2,18E-5;295,85;0,01
6,454;0,301;1,068;9,35E-5;93,47;1,53E-4;295,70;0,01
6,455;0,301;1,068;9,35E-5;93,45;2,46E-4;295,66;0,01
6,456;0,301;1,067;9,34E-5;93,45;2,64E-4;295,60;0,01
6,457;0,301;1,067;9,34E-5;93,45;2,64E-4;295,60;0,01
6,458;0,300;1,067;9,34E-5;93,44;3,04E-4;295,54;0,01
6,459;0,302;1,067;9,35E-5;93,48;1,18E-4;295,65;0,01
6,460;0,300;1,066;9,34E-5;93,44;2,88E-4;295,53;0,01
6,461;0,302;1,069;9,35E-5;93,51;-1,82E-5;295,81;0,01
6,462;0,301;1,067;9,35E-5;93,46;2,22E-4;295,59;0,01
6,463;0,302;1,067;9,35E-5;93,48;1,26E-4;295,64;0,01
6,464;0,301;1,067;9,35E-5;93,46;2,29E-4;295,58;0,01
6,465;0,300;1,066;9,34E-5;93,44;2,91E-4;295,52;0,01
6,466;0,301;1,067;9,35E-5;93,48;1,42E-4;295,61;0,01
6,467;0,302;1,067;9,35E-5;93,49;9,83E-5;295,64;0,01
6,468;0,300;1,065;9,34E-5;93,43;3,53E-4;295,40;0,01
6,469;0,300;1,066;9,34E-5;93,44;3,15E-4;295,45;0,01
6,470;0,301;1,066;9,35E-5;93,46;2,17E-4;295,54;0,01
6,471;0,302;1,067;9,35E-5;93,50;4,91E-5;295,62;0,01
6,472;0,302;1,067;9,35E-5;93,49;9,46E-5;295,63;0,01
6,473;0,302;1,067;9,35E-5;93,49;8,74E-5;295,60;0,01
6,474;0,301;1,067;9,35E-5;93,47;1,51E-4;295,55;0,01
6,475;0,301;1,066;9,34E-5;93,45;2,66E-4;295,44;0,01
6,476;0,300;1,065;9,34E-5;93,42;4,01E-4;295,34;0,01
6,477;0,301;1,066;9,35E-5;93,45;2,42E-4;295,42;0,01
6,478;0,300;1,065;9,34E-5;93,43;3,73E-4;295,39;0,01
6,479;0,300;1,065;9,34E-5;93,43;3,68E-4;295,36;0,01
6,480;0,301;1,066;9,35E-5;93,46;2,31E-4;295,45;0,01
6,481;0,301;1,066;9,35E-5;93,46;2,04E-4;295,46;0,01
6,482;0,300;1,065;9,34E-5;93,44;3,11E-4;295,38;0,01
6,483;0,301;1,066;9,35E-5;93,46;2,13E-4;295,43;0,01
6,484;0,301;1,066;9,35E-5;93,48;1,33E-4;295,45;0,01
6,485;0,300;1,065;9,34E-5;93,44;3,24E-4;295,31;0,01
6,486;0,301;1,065;9,34E-5;93,45;2,66E-4;295,35;0,01
6,487;0,301;1,065;9,35E-5;93,46;2,09E-4;295,38;0,01
6,488;0,302;1,066;9,35E-5;93,49;9,28E-5;295,46;0,01
6,489;0,302;1,066;9,35E-5;93,51;0,00;295,53;0,01
6,490;0,301;1,065;9,35E-5;93,46;2,09E-4;295,34;0,01
6,491;0,301;1,065;9,35E-5;93,46;2,31E-4;295,35;0,01
6,492;0,301;1,064;9,35E-5;93,46;2,29E-4;295,28;0,01
6,493;0,301;1,065;9,35E-5;93,47;1,60E-4;295,39;0,01
6,494;0,301;1,065;9,35E-5;93,47;1,78E-4;295,36;0,01
6,495;0,301;1,065;9,35E-5;93,47;1,86E-4;295,31;0,01
6,496;0,299;1,063;9,34E-5;93,41;4,32E-4;295,19;0,01
6,497;0,300;1,064;9,34E-5;93,43;3,64E-4;295,21;0,01
6,498;0,301;1,064;9,35E-5;93,47;1,60E-4;295,30;0,01
6,499;0,301;1,065;9,35E-5;93,47;1,75E-4;295,31;0,01
6,500;0,300;1,064;9,34E-5;93,44;3,06E-4;295,22;0,01
6,501;0,301;1,065;9,35E-5;93,47;1,73E-4;295,31;0,01
6,502;0,302;1,065;9,35E-5;93,48;1,07E-4;295,37;0,01
6,503;0,302;1,065;9,35E-5;93,48;1,04E-4;295,36;0,01
6,504;0,300;1,063;9,34E-5;93,44;2,99E-4;295,17;0,01
6,505;0,299;1,062;9,34E-5;93,39;5,19E-4;295,01;0,01
6,506;0,299;1,062;9,34E-5;93,40;4,79E-4;295,04;0,01
6,507;0,300;1,063;9,34E-5;93,42;3,88E-4;295,08;0,01
6,508;0,300;1,063;9,34E-5;93,44;2,97E-4;295,19;0,01
6,509;0,299;1,062;9,34E-5;93,40;5,04E-4;295,00;0,01
6,510;0,301;1,064;9,35E-5;93,46;2,24E-4;295,21;0,01
6,511;0,301;1,064;9,35E-5;93,46;2,26E-4;295,19;0,01
6,512;0,300;1,063;9,34E-5;93,44;3,04E-4;295,10;0,01
6,513;0,302;1,064;9,35E-5;93,49;8,92E-5;295,30;0,01
6,514;0,301;1,064;9,35E-5;93,47;1,60E-4;295,22;0,01
6,515;0,301;1,063;9,35E-5;93,45;2,49E-4;295,12;0,01
6,516;0,301;1,063;9,35E-5;93,46;2,35E-4;295,14;0,01
6,517;0,301;1,063;9,35E-5;93,47;1,80E-4;295,16;0,01
6,518;0,301;1,064;9,35E-5;93,48;1,37E-4;295,19;0,01
6,519;0,301;1,063;9,35E-5;93,46;2,02E-4;295,13;0,01
6,520;0,301;1,063;9,35E-5;93,46;1,97E-4;295,13;0,01
6,521;0,301;1,063;9,35E-5;93,47;1,80E-4;295,15;0,01
6,522;0,300;1,062;9,34E-5;93,43;3,62E-4;294,96;0,01
6,523;0,299;1,061;9,34E-5;93,41;4,30E-4;294,94;0,01
6,524;0,299;1,061;9,34E-5;93,40;4,81E-4;294,87;0,01
6,525;0,301;1,062;9,35E-5;93,45;2,48E-4;295,05;0,01
6,526;0,301;1,063;9,35E-5;93,46;2,08E-4;295,08;0,01
6,527;0,301;1,062;9,35E-5;93,46;2,37E-4;295,03;0,01
6,528;0,300;1,062;9,34E-5;93,44;2,91E-4;294,97;0,01
6,529;0,301;1,063;9,35E-5;93,47;1,64E-4;295,09;0,01
6,530;0,301;1,063;9,35E-5;93,47;1,55E-4;295,10;0,01
6,531;0,302;1,063;9,35E-5;93,48;1,16E-4;295,13;0,01
6,532;0,300;1,061;9,34E-5;93,44;2,97E-4;294,95;0,01
6,533;0,300;1,061;9,34E-5;93,42;3,79E-4;294,90;0,01
6,534;0,301;1,062;9,35E-5;93,47;1,58E-4;295,04;0,01
6,535;0,301;1,062;9,35E-5;93,45;2,57E-4;294,99;0,01
6,536;0,300;1,061;9,34E-5;93,44;3,00E-4;294,93;0,01
6,537;0,300;1,061;9,34E-5;93,44;2,99E-4;294,94;0,01
6,538;0,301;1,062;9,35E-5;93,46;1,97E-4;294,97;0,01
6,539;0,300;1,061;9,34E-5;93,44;3,20E-4;294,88;0,01
6,540;0,300;1,061;9,34E-5;93,43;3,73E-4;294,86;0,01
6,541;0,300;1,061;9,34E-5;93,44;3,26E-4;294,91;0,01
6,542;0,301;1,062;9,35E-5;93,48;1,33E-4;295,01;0,01
6,543;0,301;1,062;9,35E-5;93,46;2,29E-4;294,96;0,01
6,544;0,300;1,061;9,34E-5;93,44;3,17E-4;294,88;0,01
6,545;0,300;1,060;9,34E-5;93,42;4,10E-4;294,82;0,01
6,546;0,301;1,061;9,35E-5;93,45;2,46E-4;294,93;0,01
6,547;0,301;1,061;9,34E-5;93,45;2,69E-4;294,89;0,01
6,548;0,300;1,060;9,34E-5;93,42;3,90E-4;294,83;0,01
6,549;0,301;1,062;9,35E-5;93,47;1,60E-4;294,97;0,01
6,550;0,301;1,061;9,34E-5;93,45;2,73E-4;294,85;0,01
6,551;0,299;1,060;9,34E-5;93,41;4,33E-4;294,76;0,01
6,552;0,300;1,061;9,34E-5;93,43;3,55E-4;294,84;0,01
6,553;0,301;1,061;9,34E-5;93,45;2,69E-4;294,86;0,01
6,554;0,301;1,061;9,35E-5;93,47;1,66E-4;294,91;0,01
6,555;0,301;1,060;9,35E-5;93,45;2,38E-4;294,83;0,01
6,556;0,301;1,060;9,34E-5;93,45;2,73E-4;294,83;0,01
6,557;0,301;1,060;9,35E-5;93,46;2,35E-4;294,81;0,01
6,558;0,300;1,060;9,34E-5;93,44;3,02E-4;294,78;0,01
6,559;0,300;1,060;9,34E-5;93,42;3,90E-4;294,73;0,01
6,560;0,301;1,061;9,35E-5;93,47;1,75E-4;294,87;0,01
6,561;0,301;1,060;9,35E-5;93,45;2,48E-4;294,80;0,01
6,562;0,300;1,060;9,34E-5;93,45;2,80E-4;294,77;0,01
6,563;0,301;1,061;9,35E-5;93,46;2,29E-4;294,84;0,01
6,564;0,303;1,062;9,35E-5;93,52;-4,19E-5;295,01;0,01
6,565;0,301;1,060;9,35E-5;93,46;2,02E-4;294,78;0,01
6,566;0,301;1,060;9,35E-5;93,47;1,71E-4;294,81;0,01
6,567;0,300;1,059;9,34E-5;93,43;3,35E-4;294,71;0,01
6,568;0,300;1,060;9,34E-5;93,45;2,82E-4;294,72;0,01
6,569;0,301;1,061;9,35E-5;93,48;1,40E-4;294,84;0,01
6,570;0,301;1,061;9,35E-5;93,47;1,60E-4;294,84;0,01
6,571;0,301;1,060;9,35E-5;93,46;2,33E-4;294,77;0,01
6,572;0,301;1,060;9,35E-5;93,47;1,67E-4;294,82;0,01
6,573;0,301;1,060;9,35E-5;93,46;2,31E-4;294,75;0,01
6,574;0,302;1,061;9,35E-5;93,49;9,28E-5;294,85;0,01
6,575;0,302;1,060;9,35E-5;93,48;1,29E-4;294,83;0,01
6,576;0,300;1,059;9,34E-5;93,44;3,13E-4;294,65;0,01
6,577;0,302;1,060;9,35E-5;93,48;1,07E-4;294,79;0,01
6,578;0,301;1,059;9,35E-5;93,46;2,31E-4;294,70;0,01
6,579;0,301;1,059;9,35E-5;93,46;2,22E-4;294,65;0,01
6,580;0,302;1,060;9,35E-5;93,48;1,24E-4;294,75;0,01
6,581;0,301;1,059;9,35E-5;93,46;2,18E-4;294,67;0,01
6,582;0,300;1,059;9,34E-5;93,44;3,08E-4;294,63;0,01
6,583;0,300;1,058;9,34E-5;93,43;3,71E-4;294,56;0,01
6,584;0,300;1,058;9,34E-5;93,42;4,10E-4;294,50;0,01
6,585;0,300;1,058;9,34E-5;93,44;2,93E-4;294,59;0,01
6,586;0,300;1,058;9,34E-5;93,43;3,75E-4;294,54;0,01
6,587;0,301;1,059;9,35E-5;93,46;2,20E-4;294,67;0,01
6,588;0,301;1,059;9,35E-5;93,47;1,84E-4;294,64;0,01
6,589;0,300;1,058;9,34E-5;93,43;3,42E-4;294,58;0,01
6,590;0,301;1,059;9,35E-5;93,45;2,60E-4;294,61;0,01
6,591;0,301;1,059;9,35E-5;93,46;1,95E-4;294,61;0,01
6,592;0,300;1,058;9,34E-5;93,44;3,20E-4;294,53;0,01
6,593;0,301;1,058;9,35E-5;93,45;2,51E-4;294,57;0,01
6,594;0,300;1,058;9,34E-5;93,43;3,51E-4;294,51;0,01
6,595;0,301;1,059;9,35E-5;93,47;1,78E-4;294,61;0,01
6,596;0,300;1,057;9,34E-5;93,42;3,79E-4;294,43;0,01
6,597;0,301;1,058;9,34E-5;93,45;2,69E-4;294,52;0,01
6,598;0,300;1,058;9,34E-5;93,44;3,08E-4;294,50;0,01
6,599;0,302;1,059;9,35E-5;93,48;1,06E-4;294,65;0,01
6,600;0,301;1,058;9,35E-5;93,45;2,51E-4;294,54;0,01
6,601;0,300;1,057;9,34E-5;93,44;3,10E-4;294,49;0,01
6,602;0,299;1,057;9,34E-5;93,41;4,37E-4;294,38;0,01
6,603;0,299;1,056;9,34E-5;93,41;4,35E-4;294,33;0,01
6,604;0,299;1,056;9,34E-5;93,41;4,44E-4;294,35;0,01
6,605;0,299;1,056;9,34E-5;93,40;4,84E-4;294,32;0,01
6,606;0,301;1,058;9,35E-5;93,46;1,98E-4;294,49;0,01
6,607;0,301;1,058;9,35E-5;93,45;2,48E-4;294,49;0,01
6,608;0,301;1,058;9,35E-5;93,46;2,09E-4;294,50;0,01
6,609;0,301;1,058;9,35E-5;93,47;1,71E-4;294,53;0,01
6,610;0,299;1,055;9,34E-5;93,39;5,23E-4;294,23;0,01
6,611;0,299;1,056;9,34E-5;93,40;4,72E-4;294,27;0,01
6,612;0,300;1,057;9,34E-5;93,44;2,99E-4;294,39;0,01
6,613;0,301;1,057;9,34E-5;93,45;2,73E-4;294,45;0,01
6,614;0,301;1,057;9,35E-5;93,45;2,46E-4;294,41;0,01
6,615;0,300;1,056;9,34E-5;93,44;3,17E-4;294,35;0,01
6,616;0,300;1,056;9,34E-5;93,43;3,62E-4;294,29;0,01
6,617;0,301;1,056;9,35E-5;93,45;2,38E-4;294,37;0,01
6,618;0,301;1,057;9,35E-5;93,45;2,59E-4;294,40;0,01
6,619;0,301;1,057;9,35E-5;93,45;2,60E-4;294,37;0,01
6,620;0,300;1,056;9,34E-5;93,44;3,22E-4;294,33;0,01
6,621;0,301;1,057;9,35E-5;93,45;2,44E-4;294,38;0,01
6,622;0,301;1,056;9,34E-5;93,45;2,68E-4;294,34;0,01
6,623;0,300;1,056;9,34E-5;93,43;3,64E-4;294,29;0,01
6,624;0,301;1,057;9,35E-5;93,46;2,09E-4;294,42;0,01
6,625;0,301;1,057;9,35E-5;93,48;1,38E-4;294,44;0,01
6,626;0,300;1,056;9,34E-5;93,44;3,31E-4;294,29;0,01
6,627;0,302;1,058;9,35E-5;93,51;5,46E-6;294,54;0,01
6,628;0,302;1,057;9,35E-5;93,48;1,20E-4;294,41;0,01
6,629;0,301;1,056;9,35E-5;93,46;2,35E-4;294,35;0,01
6,630;0,300;1,055;9,34E-5;93,42;4,02E-4;294,21;0,01
6,631;0,300;1,055;9,34E-5;93,42;3,99E-4;294,22;0,01
6,632;0,300;1,056;9,34E-5;93,44;3,20E-4;294,26;0,01
6,633;0,300;1,055;9,34E-5;93,44;3,22E-4;294,22;0,01
6,634;0,301;1,056;9,35E-5;93,46;2,37E-4;294,33;0,01
6,635;0,302;1,057;9,35E-5;93,50;9,10E-6;294,45;0,01
6,636;0,302;1,057;9,35E-5;93,49;8,92E-5;294,38;0,01
6,637;0,301;1,056;9,35E-5;93,47;1,71E-4;294,32;0,01
6,638;0,301;1,056;9,35E-5;93,46;2,06E-4;294,31;0,01
6,639;0,301;1,056;9,35E-5;93,46;2,09E-4;294,26;0,01
6,640;0,301;1,056;9,34E-5;93,45;2,68E-4;294,26;0,01
6,641;0,301;1,056;9,35E-5;93,47;1,82E-4;294,32;0,01
6,642;0,302;1,056;9,35E-5;93,50;3,46E-5;294,37;0,01
6,643;0,301;1,056;9,35E-5;93,46;2,09E-4;294,27;0,01
6,644;0,301;1,056;9,35E-5;93,47;1,86E-4;294,26;0,01
6,645;0,301;1,056;9,35E-5;93,48;1,31E-4;294,32;0,01
6,646;0,300;1,055;9,34E-5;93,43;3,53E-4;294,14;0,01
6,647;0,299;1,054;9,34E-5;93,40;5,12E-4;294,03;0,01
6,648;0,301;1,055;9,35E-5;93,45;2,53E-4;294,22;0,01
6,649;0,301;1,055;9,35E-5;93,47;1,77E-4;294,22;0,01
6,650;0,301;1,055;9,35E-5;93,46;1,97E-4;294,20;0,01
6,651;0,301;1,055;9,35E-5;93,45;2,48E-4;294,19;0,01
6,652;0,302;1,056;9,35E-5;93,50;4,37E-5;294,34;0,01
6,653;0,302;1,056;9,35E-5;93,50;2,00E-5;294,36;0,01
6,654;0,302;1,056;9,35E-5;93,49;9,65E-5;294,29;0,01
6,655;0,300;1,054;9,34E-5;93,42;4,19E-4;294,09;0,01
6,656;0,300;1,054;9,34E-5;93,43;3,53E-4;294,10;0,01
6,657;0,302;1,056;9,35E-5;93,48;1,16E-4;294,27;0,01
6,658;0,302;1,055;9,35E-5;93,48;1,16E-4;294,22;0,01
6,659;0,300;1,054;9,34E-5;93,44;3,24E-4;294,08;0,01
6,660;0,301;1,054;9,35E-5;93,45;2,40E-4;294,12;0,01
6,661;0,301;1,055;9,35E-5;93,46;2,26E-4;294,14;0,01
6,662;0,302;1,056;9,35E-5;93,51;-5,46E-6;294,29;0,01
6,663;0,300;1,055;9,34E-5;93,44;2,95E-4;294,14;0,01
6,664;0,300;1,054;9,34E-5;93,44;3,08E-4;294,10;0,01
6,665;0,300;1,054;9,34E-5;93,43;3,40E-4;294,05;0,01
6,666;0,301;1,054;9,35E-5;93,46;2,31E-4;294,12;0,01
6,667;0,300;1,054;9,34E-5;93,44;3,08E-4;294,03;0,01
6,668;0,300;1,054;9,34E-5;93,44;2,86E-4;294,04;0,01
6,669;0,301;1,054;9,35E-5;93,46;2,00E-4;294,10;0,01
6,670;0,301;1,054;9,35E-5;93,47;1,89E-4;294,12;0,01
6,671;0,301;1,054;9,35E-5;93,47;1,75E-4;294,10;0,01
6,672;0,301;1,054;9,35E-5;93,45;2,48E-4;294,07;0,01
6,673;0,300;1,054;9,34E-5;93,45;2,80E-4;294,04;0,01
6,674;0,300;1,053;9,34E-5;93,42;3,95E-4;293,91;0,01
6,675;0,300;1,052;9,34E-5;93,42;4,12E-4;293,90;0,01
6,676;0,300;1,053;9,34E-5;93,43;3,42E-4;293,96;0,01
6,677;0,302;1,055;9,35E-5;93,48;1,06E-4;294,14;0,01
6,678;0,302;1,055;9,35E-5;93,49;8,19E-5;294,15;0,01
6,679;0,301;1,054;9,35E-5;93,47;1,69E-4;294,09;0,01
6,680;0,301;1,054;9,35E-5;93,47;1,55E-4;294,08;0,01
6,681;0,301;1,054;9,35E-5;93,47;1,71E-4;294,06;0,01
6,682;0,301;1,053;9,35E-5;93,46;2,26E-4;293,95;0,01
6,683;0,300;1,053;9,34E-5;93,43;3,40E-4;293,92;0,01
6,684;0,301;1,053;9,35E-5;93,46;2,28E-4;293,97;0,01
6,685;0,301;1,054;9,35E-5;93,47;1,47E-4;294,06;0,01
6,686;0,300;1,053;9,34E-5;93,44;2,99E-4;293,92;0,01
6,687;0,301;1,053;9,35E-5;93,47;1,89E-4;293,98;0,01
6,688;0,301;1,053;9,35E-5;93,46;2,09E-4;293,96;0,01
6,689;0,300;1,052;9,34E-5;93,44;3,22E-4;293,89;0,01
6,690;0,300;1,052;9,34E-5;93,44;3,19E-4;293,87;0,01
6,691;0,301;1,053;9,35E-5;93,46;1,93E-4;293,98;0,01
6,692;0,301;1,053;9,35E-5;93,45;2,57E-4;293,95;0,01
6,693;0,301;1,053;9,35E-5;93,47;1,87E-4;294,00;0,01
6,694;0,302;1,054;9,35E-5;93,48;1,22E-4;294,03;0,01
6,695;0,300;1,052;9,34E-5;93,44;2,88E-4;293,89;0,01
6,696;0,301;1,053;9,35E-5;93,46;2,20E-4;293,95;0,01
6,697;0,301;1,053;9,35E-5;93,45;2,55E-4;293,92;0,01
6,698;0,300;1,052;9,34E-5;93,43;3,51E-4;293,81;0,01
6,699;0,299;1,051;9,34E-5;93,41;4,52E-4;293,73;0,01
6,700;0,301;1,052;9,35E-5;93,45;2,51E-4;293,90;0,01
6,701;0,301;1,052;9,35E-5;93,46;2,20E-4;293,88;0,01
6,702;0,300;1,052;9,34E-5;93,43;3,57E-4;293,80;0,01
6,703;0,300;1,052;9,34E-5;93,44;3,08E-4;293,82;0,01
6,704;0,300;1,051;9,34E-5;93,43;3,39E-4;293,78;0,01
6,705;0,301;1,052;9,35E-5;93,47;1,82E-4;293,86;0,01
6,706;0,301;1,052;9,35E-5;93,46;2,26E-4;293,86;0,01
6,707;0,300;1,051;9,34E-5;93,43;3,50E-4;293,74;0,01
6,708;0,301;1,053;9,35E-5;93,47;1,55E-4;293,92;0,01
6,709;0,301;1,052;9,35E-5;93,45;2,46E-4;293,85;0,01
6,710;0,301;1,052;9,35E-5;93,47;1,71E-4;293,87;0,01
6,711;0,301;1,052;9,35E-5;93,46;2,31E-4;293,82;0,01
6,712;0,302;1,053;9,35E-5;93,49;8,37E-5;293,91;0,01
6,713;0,301;1,052;9,35E-5;93,46;2,02E-4;293,83;0,01
6,714;0,301;1,052;9,35E-5;93,48;1,44E-4;293,85;0,01
6,715;0,301;1,051;9,35E-5;93,45;2,42E-4;293,75;0,01
6,716;0,301;1,051;9,34E-5;93,45;2,64E-4;293,75;0,01
6,717;0,301;1,052;9,35E-5;93,47;1,77E-4;293,82;0,01
6,718;0,301;1,052;9,35E-5;93,46;2,15E-4;293,83;0,01
6,719;0,301;1,051;9,35E-5;93,47;1,78E-4;293,78;0,01
6,720;0,302;1,052;9,35E-5;93,48;1,18E-4;293,85;0,01
6,721;0,301;1,052;9,35E-5;93,46;1,97E-4;293,82;0,01
6,722;0,300;1,051;9,34E-5;93,44;3,11E-4;293,69;0,01
6,723;0,301;1,052;9,35E-5;93,47;1,69E-4;293,79;0,01
6,724;0,302;1,052;9,35E-5;93,49;9,65E-5;293,85;0,01
6,725;0,301;1,051;9,34E-5;93,45;2,71E-4;293,72;0,01
6,726;0,301;1,051;9,35E-5;93,47;1,53E-4;293,78;0,01
6,727;0,301;1,051;9,35E-5;93,46;2,20E-4;293,74;0,01
6,728;0,300;1,050;9,34E-5;93,42;3,79E-4;293,61;0,01
6,729;0,301;1,051;9,35E-5;93,47;1,82E-4;293,74;0,01
6,730;0,301;1,051;9,35E-5;93,47;1,69E-4;293,76;0,01
6,731;0,302;1,052;9,35E-5;93,50;9,10E-6;293,87;0,01
6,732;0,300;1,050;9,34E-5;93,44;2,97E-4;293,65;0,01
6,733;0,300;1,050;9,34E-5;93,44;2,93E-4;293,63;0,01
6,734;0,300;1,050;9,34E-5;93,43;3,40E-4;293,62;0,01
6,735;0,302;1,051;9,35E-5;93,49;9,83E-5;293,79;0,01
6,736;0,301;1,051;9,34E-5;93,45;2,71E-4;293,68;0,01
6,737;0,300;1,050;9,34E-5;93,44;3,24E-4;293,59;0,01
6,738;0,301;1,051;9,35E-5;93,45;2,40E-4;293,67;0,01
6,739;0,300;1,050;9,34E-5;93,44;2,91E-4;293,65;0,01
6,740;0,299;1,049;9,34E-5;93,41;4,66E-4;293,50;0,01
6,741;0,301;1,050;9,35E-5;93,45;2,44E-4;293,63;0,01
6,742;0,302;1,052;9,35E-5;93,50;2,55E-5;293,79;0,01
6,743;0,300;1,050;9,34E-5;93,44;3,22E-4;293,57;0,01
6,744;0,301;1,050;9,35E-5;93,45;2,49E-4;293,63;0,01
6,745;0,302;1,051;9,35E-5;93,48;1,29E-4;293,70;0,01
6,746;0,301;1,050;9,35E-5;93,48;1,33E-4;293,67;0,01
6,747;0,300;1,049;9,34E-5;93,43;3,33E-4;293,53;0,01
6,748;0,300;1,049;9,34E-5;93,44;2,97E-4;293,55;0,01
6,749;0,300;1,049;9,34E-5;93,44;3,15E-4;293,52;0,01
6,750;0,301;1,050;9,35E-5;93,45;2,44E-4;293,56;0,01
6,751;0,302;1,050;9,35E-5;93,48;1,20E-4;293,67;0,01
6,752;0,301;1,050;9,35E-5;93,47;1,60E-4;293,60;0,01
6,753;0,301;1,050;9,35E-5;93,45;2,42E-4;293,56;0,01
6,754;0,301;1,049;9,35E-5;93,45;2,53E-4;293,53;0,01
6,755;0,302;1,050;9,35E-5;93,48;1,29E-4;293,65;0,01
6,756;0,301;1,050;9,35E-5;93,47;1,62E-4;293,58;0,01
6,757;0,299;1,048;9,34E-5;93,41;4,30E-4;293,38;0,01
6,758;0,301;1,049;9,35E-5;93,46;2,17E-4;293,55;0,01
6,759;0,301;1,049;9,35E-5;93,45;2,49E-4;293,55;0,01
6,760;0,301;1,050;9,35E-5;93,47;1,75E-4;293,60;0,01
6,761;0,301;1,050;9,35E-5;93,47;1,55E-4;293,59;0,01
6,762;0,301;1,049;9,35E-5;93,46;2,06E-4;293,53;0,01
6,763;0,300;1,049;9,34E-5;93,44;3,19E-4;293,47;0,01
6,764;0,301;1,049;9,35E-5;93,45;2,60E-4;293,51;0,01
6,765;0,300;1,049;9,34E-5;93,44;3,10E-4;293,48;0,01
6,766;0,300;1,049;9,34E-5;93,44;2,99E-4;293,45;0,01
6,767;0,301;1,049;9,35E-5;93,47;1,64E-4;293,53;0,01
6,768;0,300;1,049;9,34E-5;93,44;3,06E-4;293,45;0,01
6,769;0,302;1,050;9,35E-5;93,48;1,29E-4;293,56;0,01
6,770;0,301;1,049;9,35E-5;93,46;2,31E-4;293,45;0,01
6,771;0,300;1,048;9,34E-5;93,43;3,55E-4;293,38;0,01
6,772;0,301;1,049;9,35E-5;93,46;2,26E-4;293,46;0,01
6,773;0,301;1,049;9,35E-5;93,46;1,93E-4;293,47;0,01
6,774;0,300;1,048;9,34E-5;93,43;3,50E-4;293,37;0,01
6,775;0,300;1,048;9,34E-5;93,44;3,17E-4;293,40;0,01
6,776;0,300;1,048;9,34E-5;93,43;3,46E-4;293,36;0,01
6,777;0,301;1,048;9,35E-5;93,47;1,89E-4;293,43;0,01
6,778;0,302;1,050;9,35E-5;93,51;-1,09E-5;293,60;0,01
6,779;0,302;1,050;9,35E-5;93,51;1,82E-6;293,60;0,01
6,780;0,301;1,049;9,35E-5;93,46;2,24E-4;293,45;0,01
6,781;0,300;1,048;9,34E-5;93,44;2,86E-4;293,33;0,01
6,782;0,301;1,049;9,35E-5;93,46;1,93E-4;293,45;0,01
6,783;0,300;1,048;9,34E-5;93,44;3,06E-4;293,35;0,01
6,784;0,301;1,048;9,35E-5;93,45;2,44E-4;293,39;0,01
6,785;0,300;1,047;9,34E-5;93,43;3,57E-4;293,29;0,01
6,786;0,301;1,048;9,34E-5;93,45;2,64E-4;293,37;0,01
6,787;0,300;1,047;9,34E-5;93,43;3,53E-4;293,26;0,01
6,788;0,300;1,047;9,34E-5;93,43;3,73E-4;293,27;0,01
6,789;0,300;1,047;9,34E-5;93,42;4,17E-4;293,21;0,01
6,790;0,301;1,048;9,35E-5;93,46;2,09E-4;293,37;0,01
6,791;0,300;1,047;9,34E-5;93,44;2,99E-4;293,32;0,01
6,792;0,301;1,048;9,35E-5;93,46;2,24E-4;293,38;0,01
6,793;0,301;1,049;9,35E-5;93,48;1,38E-4;293,44;0,01
6,794;0,302;1,049;9,35E-5;93,50;3,64E-5;293,46;0,01
6,795;0,301;1,047;9,34E-5;93,45;2,68E-4;293,30;0,01
6,796;0,301;1,048;9,35E-5;93,46;2,04E-4;293,33;0,01
6,797;0,300;1,047;9,34E-5;93,44;2,88E-4;293,26;0,01
6,798;0,302;1,048;9,35E-5;93,48;1,16E-4;293,41;0,01
6,799;0,302;1,048;9,35E-5;93,48;1,20E-4;293,37;0,01
6,800;0,300;1,047;9,34E-5;93,44;3,22E-4;293,24;0,01
6,801;0,299;1,046;9,34E-5;93,41;4,46E-4;293,11;0,01
6,802;0,300;1,047;9,34E-5;93,43;3,50E-4;293,22;0,01
6,803;0,301;1,047;9,35E-5;93,46;2,02E-4;293,28;0,01
6,804;0,301;1,047;9,35E-5;93,45;2,60E-4;293,27;0,01
6,805;0,300;1,046;9,34E-5;93,44;3,30E-4;293,19;0,01
6,806;0,300;1,046;9,34E-5;93,42;4,13E-4;293,10;0,01
6,807;0,301;1,047;9,35E-5;93,46;2,29E-4;293,23;0,01
6,808;0,301;1,048;9,35E-5;93,48;1,40E-4;293,33;0,01
6,809;0,301;1,047;9,35E-5;93,47;1,49E-4;293,32;0,01
6,810;0,300;1,046;9,34E-5;93,43;3,42E-4;293,15;0,01
6,811;0,300;1,046;9,34E-5;93,43;3,51E-4;293,14;0,01
6,812;0,300;1,046;9,34E-5;93,42;3,84E-4;293,14;0,01
6,813;0,299;1,046;9,34E-5;93,41;4,35E-4;293,11;0,01
6,814;0,301;1,047;9,35E-5;93,47;1,89E-4;293,29;0,01
6,815;0,301;1,046;9,35E-5;93,45;2,38E-4;293,19;0,01
6,816;0,301;1,046;9,35E-5;93,45;2,60E-4;293,18;0,01
6,817;0,301;1,046;9,35E-5;93,46;2,09E-4;293,19;0,01
6,818;0,300;1,045;9,34E-5;93,42;4,06E-4;293,08;0,01
6,819;0,300;1,046;9,34E-5;93,44;3,19E-4;293,14;0,01
6,820;0,301;1,047;9,35E-5;93,47;1,67E-4;293,24;0,01
6,821;0,301;1,047;9,35E-5;93,48;1,33E-4;293,28;0,01
6,822;0,301;1,047;9,35E-5;93,48;1,37E-4;293,27;0,01
6,823;0,301;1,047;9,35E-5;93,48;1,37E-4;293,28;0,01
6,824;0,301;1,047;9,35E-5;93,47;1,67E-4;293,21;0,01
6,825;0,301;1,046;9,35E-5;93,46;2,35E-4;293,18;0,01
6,826;0,302;1,047;9,35E-5;93,49;7,28E-5;293,28;0,01
6,827;0,301;1,047;9,35E-5;93,47;1,82E-4;293,22;0,01
6,828;0,301;1,046;9,34E-5;93,45;2,73E-4;293,10;0,01
6,829;0,301;1,046;9,35E-5;93,45;2,48E-4;293,11;0,01
6,830;0,301;1,047;9,35E-5;93,47;1,69E-4;293,24;0,01
6,831;0,302;1,048;9,35E-5;93,51;-3,64E-6;293,34;0,01
6,832;0,301;1,046;9,35E-5;93,47;1,47E-4;293,18;0,01
6,833;0,301;1,046;9,35E-5;93,45;2,44E-4;293,14;0,01
6,834;0,302;1,047;9,35E-5;93,49;5,64E-5;293,25;0,01
6,835;0,302;1,047;9,35E-5;93,51;-7,28E-6;293,30;0,01
6,836;0,302;1,047;9,35E-5;93,49;8,92E-5;293,22;0,01
6,837;0,300;1,044;9,34E-5;93,43;3,75E-4;292,96;0,01
6,838;0,300;1,045;9,34E-5;93,42;3,95E-4;292,98;0,01
6,839;0,300;1,045;9,34E-5;93,43;3,35E-4;292,98;0,01
6,840;0,301;1,045;9,35E-5;93,45;2,38E-4;293,06;0,01
6,841;0,300;1,045;9,34E-5;93,43;3,51E-4;293,03;0,01
6,842;0,301;1,046;9,35E-5;93,46;2,29E-4;293,10;0,01
6,843;0,301;1,045;9,34E-5;93,45;2,64E-4;293,02;0,01
6,844;0,302;1,046;9,35E-5;93,48;1,22E-4;293,19;0,01
6,845;0,303;1,047;9,35E-5;93,52;-6,73E-5;293,31;0,01
6,846;0,302;1,046;9,35E-5;93,49;8,01E-5;293,19;0,01
6,847;0,301;1,045;9,35E-5;93,46;2,22E-4;293,08;0,01
6,848;0,301;1,045;9,35E-5;93,46;2,17E-4;293,08;0,01
6,849;0,301;1,046;9,35E-5;93,48;1,40E-4;293,14;0,01
6,850;0,301;1,046;9,35E-5;93,47;1,91E-4;293,09;0,01
6,851;0,301;1,046;9,35E-5;93,47;1,91E-4;293,09;0,01
6,852;0,301;1,045;9,34E-5;93,45;2,64E-4;293,02;0,01
6,853;0,300;1,044;9,34E-5;93,42;4,02E-4;292,94;0,01
6,854;0,300;1,044;9,34E-5;93,43;3,44E-4;292,95;0,01
6,855;0,302;1,046;9,35E-5;93,49;6,37E-5;293,17;0,01
6,856;0,300;1,044;9,34E-5;93,44;3,20E-4;292,95;0,01
6,857;0,301;1,045;9,35E-5;93,47;1,47E-4;293,04;0,01
6,858;0,301;1,045;9,35E-5;93,46;2,35E-4;292,99;0,01
6,859;0,301;1,045;9,35E-5;93,46;2,11E-4;293,01;0,01
6,860;0,301;1,045;9,35E-5;93,46;2,28E-4;293,02;0,01
6,861;0,300;1,044;9,34E-5;93,42;3,93E-4;292,86;0,01
6,862;0,300;1,044;9,34E-5;93,42;4,13E-4;292,87;0,01
6,863;0,302;1,046;9,35E-5;93,49;9,83E-5;293,13;0,01
6,864;0,302;1,045;9,35E-5;93,48;1,27E-4;293,06;0,01
6,865;0,300;1,044;9,34E-5;93,43;3,39E-4;292,90;0,01
6,866;0,299;1,043;9,34E-5;93,41;4,53E-4;292,80;0,01
6,867;0,301;1,044;9,34E-5;93,45;2,69E-4;292,95;0,01
6,868;0,301;1,044;9,35E-5;93,46;2,37E-4;292,90;0,01
6,869;0,301;1,045;9,35E-5;93,48;1,31E-4;293,07;0,01
6,870;0,301;1,045;9,35E-5;93,47;1,67E-4;293,02;0,01
6,871;0,302;1,045;9,35E-5;93,48;1,15E-4;293,02;0,01
6,872;0,302;1,045;9,35E-5;93,48;1,20E-4;293,01;0,01
6,873;0,301;1,044;9,35E-5;93,46;2,18E-4;292,95;0,01
6,874;0,301;1,044;9,35E-5;93,46;2,29E-4;292,97;0,01
6,875;0,301;1,044;9,35E-5;93,47;1,75E-4;292,97;0,01
6,876;0,302;1,045;9,35E-5;93,48;1,27E-4;293,00;0,01
6,877;0,300;1,043;9,34E-5;93,42;3,88E-4;292,81;0,01
6,878;0,300;1,043;9,34E-5;93,43;3,50E-4;292,80;0,01
6,879;0,299;1,042;9,34E-5;93,41;4,32E-4;292,74;0,01
6,880;0,299;1,043;9,34E-5;93,41;4,46E-4;292,76;0,01
6,881;0,301;1,044;9,35E-5;93,47;1,57E-4;292,96;0,01
6,882;0,301;1,044;9,34E-5;93,45;2,71E-4;292,87;0,01
6,883;0,299;1,042;9,34E-5;93,40;4,79E-4;292,71;0,01
6,884;0,302;1,045;9,35E-5;93,49;9,10E-5;292,97;0,01
6,885;0,300;1,043;9,34E-5;93,44;3,15E-4;292,82;0,01
6,886;0,302;1,044;9,35E-5;93,48;1,07E-4;292,95;0,01
6,887;0,301;1,044;9,35E-5;93,47;1,64E-4;292,92;0,01
6,888;0,301;1,043;9,35E-5;93,45;2,46E-4;292,85;0,01
6,889;0,301;1,044;9,35E-5;93,48;1,42E-4;292,93;0,01
6,890;0,301;1,044;9,35E-5;93,48;1,38E-4;292,92;0,01
6,891;0,302;1,044;9,35E-5;93,48;1,26E-4;292,93;0,01
6,892;0,300;1,043;9,34E-5;93,44;3,31E-4;292,76;0,01
6,893;0,301;1,044;9,35E-5;93,46;1,93E-4;292,87;0,01
6,894;0,301;1,043;9,35E-5;93,46;2,09E-4;292,83;0,01
6,895;0,302;1,045;9,35E-5;93,49;8,37E-5;292,99;0,01
6,896;0,301;1,044;9,35E-5;93,47;1,62E-4;292,88;0,01
6,897;0,301;1,043;9,35E-5;93,46;2,11E-4;292,82;0,01
6,898;0,302;1,044;9,35E-5;93,48;1,26E-4;292,90;0,01
6,899;0,301;1,044;9,35E-5;93,47;1,73E-4;292,86;0,01
6,900;0,300;1,042;9,34E-5;93,41;4,28E-4;292,68;0,01
6,901;0,300;1,042;9,34E-5;93,43;3,33E-4;292,73;0,01
6,902;0,299;1,041;9,34E-5;93,41;4,64E-4;292,62;0,01
6,903;0,300;1,042;9,34E-5;93,43;3,37E-4;292,73;0,01
6,904;0,301;1,043;9,35E-5;93,45;2,60E-4;292,78;0,01
6,905;0,300;1,042;9,34E-5;93,43;3,37E-4;292,73;0,01
6,906;0,301;1,043;9,35E-5;93,45;2,57E-4;292,78;0,01
6,907;0,301;1,043;9,34E-5;93,45;2,77E-4;292,75;0,01
6,908;0,301;1,043;9,35E-5;93,47;1,51E-4;292,85;0,01
6,909;0,301;1,043;9,35E-5;93,46;2,04E-4;292,79;0,01
6,910;0,300;1,042;9,34E-5;93,42;4,06E-4;292,62;0,01
6,911;0,300;1,041;9,34E-5;93,42;3,95E-4;292,60;0,01
6,912;0,302;1,043;9,35E-5;93,48;1,07E-4;292,85;0,01
6,913;0,301;1,042;9,34E-5;93,45;2,64E-4;292,71;0,01
6,914;0,301;1,042;9,35E-5;93,45;2,49E-4;292,73;0,01
6,915;0,300;1,042;9,34E-5;93,43;3,51E-4;292,64;0,01
6,916;0,300;1,042;9,34E-5;93,44;2,91E-4;292,72;0,01
6,917;0,301;1,043;9,35E-5;93,48;1,33E-4;292,78;0,01
6,918;0,302;1,044;9,35E-5;93,49;6,73E-5;292,90;0,01
6,919;0,302;1,043;9,35E-5;93,48;1,18E-4;292,81;0,01
6,920;0,300;1,042;9,34E-5;93,44;2,88E-4;292,67;0,01
6,921;0,300;1,042;9,34E-5;93,45;2,82E-4;292,71;0,01
6,922;0,300;1,042;9,34E-5;93,44;3,13E-4;292,68;0,01
6,923;0,301;1,043;9,35E-5;93,48;1,37E-4;292,77;0,01
6,924;0,300;1,042;9,34E-5;93,44;3,28E-4;292,65;0,01
6,925;0,300;1,042;9,34E-5;93,45;2,80E-4;292,67;0,01
6,926;0,300;1,041;9,34E-5;93,44;3,19E-4;292,60;0,01
6,927;0,300;1,042;9,34E-5;93,43;3,66E-4;292,62;0,01
6,928;0,301;1,042;9,35E-5;93,46;2,00E-4;292,72;0,01
6,929;0,301;1,042;9,35E-5;93,47;1,67E-4;292,74;0,01
6,930;0,302;1,043;9,35E-5;93,49;5,64E-5;292,81;0,01
6,931;0,301;1,042;9,35E-5;93,45;2,44E-4;292,66;0,01
6,932;0,300;1,041;9,34E-5;93,43;3,64E-4;292,55;0,01
6,933;0,300;1,040;9,34E-5;93,41;4,26E-4;292,49;0,01
6,934;0,300;1,041;9,34E-5;93,43;3,42E-4;292,57;0,01
6,935;0,302;1,043;9,35E-5;93,49;6,19E-5;292,75;0,01
6,936;0,302;1,042;9,35E-5;93,48;1,18E-4;292,74;0,01
6,937;0,301;1,042;9,35E-5;93,48;1,42E-4;292,71;0,01
6,938;0,300;1,041;9,34E-5;93,44;3,08E-4;292,56;0,01
6,939;0,300;1,041;9,34E-5;93,44;3,13E-4;292,53;0,01
6,940;0,300;1,041;9,34E-5;93,43;3,64E-4;292,52;0,01
6,941;0,301;1,042;9,35E-5;93,46;2,37E-4;292,66;0,01
6,942;0,301;1,042;9,35E-5;93,46;2,35E-4;292,62;0,01
6,943;0,301;1,042;9,35E-5;93,48;1,31E-4;292,71;0,01
6,944;0,301;1,042;9,35E-5;93,47;1,57E-4;292,65;0,01
6,945;0,301;1,041;9,34E-5;93,45;2,71E-4;292,59;0,01
6,946;0,300;1,041;9,34E-5;93,44;3,30E-4;292,53;0,01
6,947;0,300;1,041;9,34E-5;93,45;2,82E-4;292,54;0,01
6,948;0,301;1,042;9,35E-5;93,47;1,49E-4;292,65;0,01
6,949;0,300;1,040;9,34E-5;93,43;3,66E-4;292,49;0,01
6,950;0,300;1,040;9,34E-5;93,44;3,20E-4;292,49;0,01
6,951;0,300;1,041;9,34E-5;93,43;3,33E-4;292,51;0,01
6,952;0,301;1,041;9,35E-5;93,45;2,40E-4;292,58;0,01
6,953;0,300;1,041;9,34E-5;93,44;3,06E-4;292,53;0,01
6,954;0,301;1,042;9,35E-5;93,47;1,73E-4;292,63;0,01
6,955;0,301;1,041;9,35E-5;93,47;1,78E-4;292,59;0,01
6,956;0,300;1,041;9,34E-5;93,44;3,11E-4;292,52;0,01
6,957;0,301;1,041;9,35E-5;93,46;2,11E-4;292,55;0,01
6,958;0,301;1,041;9,35E-5;93,45;2,53E-4;292,52;0,01
6,959;0,301;1,041;9,35E-5;93,45;2,57E-4;292,53;0,01
6,960;0,301;1,041;9,34E-5;93,45;2,66E-4;292,52;0,01
6,961;0,301;1,041;9,35E-5;93,47;1,78E-4;292,60;0,01
6,962;0,301;1,041;9,35E-5;93,46;2,28E-4;292,55;0,01
6,963;0,301;1,041;9,35E-5;93,46;1,95E-4;292,53;0,01
6,964;0,302;1,042;9,35E-5;93,49;7,46E-5;292,65;0,01
6,965;0,301;1,041;9,35E-5;93,46;2,15E-4;292,51;0,01
6,966;0,301;1,040;9,34E-5;93,45;2,79E-4;292,44;0,01
6,967;0,300;1,040;9,34E-5;93,44;3,26E-4;292,42;0,01
6,968;0,301;1,040;9,35E-5;93,46;2,13E-4;292,50;0,01
6,969;0,301;1,040;9,35E-5;93,46;2,11E-4;292,47;0,01
6,970;0,302;1,041;9,35E-5;93,48;1,27E-4;292,56;0,01
6,971;0,302;1,041;9,35E-5;93,49;6,92E-5;292,57;0,01
6,972;0,301;1,040;9,35E-5;93,46;2,26E-4;292,45;0,01
6,973;0,301;1,040;9,35E-5;93,47;1,57E-4;292,50;0,01
6,974;0,301;1,040;9,35E-5;93,46;2,28E-4;292,45;0,01
6,975;0,301;1,040;9,34E-5;93,45;2,66E-4;292,39;0,01
6,976;0,301;1,040;9,35E-5;93,46;2,37E-4;292,44;0,01
6,977;0,301;1,040;9,35E-5;93,46;2,15E-4;292,45;0,01
6,978;0,301;1,040;9,35E-5;93,47;1,69E-4;292,49;0,01
6,979;0,301;1,040;9,35E-5;93,46;2,29E-4;292,47;0,01
6,980;0,301;1,040;9,35E-5;93,46;2,11E-4;292,46;0,01
6,981;0,300;1,039;9,34E-5;93,44;3,06E-4;292,34;0,01
6,982;0,300;1,039;9,34E-5;93,44;3,08E-4;292,36;0,01
6,983;0,301;1,040;9,35E-5;93,46;2,17E-4;292,40;0,01
6,984;0,300;1,039;9,34E-5;93,44;3,08E-4;292,37;0,01
6,985;0,300;1,039;9,34E-5;93,44;3,02E-4;292,33;0,01
6,986;0,300;1,039;9,34E-5;93,45;2,80E-4;292,33;0,01
6,987;0,302;1,041;9,35E-5;93,50;4,73E-5;292,54;0,01
6,988;0,301;1,040;9,35E-5;93,47;1,55E-4;292,46;0,01
6,989;0,301;1,040;9,35E-5;93,47;1,73E-4;292,42;0,01
6,990;0,301;1,040;9,35E-5;93,46;2,02E-4;292,41;0,01
6,991;0,300;1,039;9,34E-5;93,44;3,08E-4;292,35;0,01
6,992;0,301;1,039;9,34E-5;93,45;2,77E-4;292,33;0,01
6,993;0,301;1,039;9,35E-5;93,46;2,31E-4;292,38;0,01
6,994;0,301;1,040;9,35E-5;93,45;2,40E-4;292,40;0,01
6,995;0,301;1,039;9,34E-5;93,45;2,69E-4;292,36;0,01
6,996;0,300;1,039;9,34E-5;93,44;3,00E-4;292,31;0,01
6,997;0,301;1,039;9,35E-5;93,45;2,55E-4;292,35;0,01
6,998;0,301;1,040;9,35E-5;93,46;1,93E-4;292,39;0,01
6,999;0,301;1,040;9,35E-5;93,46;2,02E-4;292,42;0,01
7,000;0,301;1,039;9,34E-5;93,45;2,64E-4;292,37;0,01
7,001;0,301;1,039;9,35E-5;93,47;1,86E-4;292,37;0,01
7,002;0,301;1,040;9,35E-5;93,48;1,35E-4;292,40;0,01
7,003;0,301;1,039;9,35E-5;93,46;2,04E-4;292,37;0,01
7,004;0,300;1,039;9,34E-5;93,44;3,19E-4;292,27;0,01
7,005;0,300;1,038;9,34E-5;93,44;3,17E-4;292,23;0,01
7,006;0,300;1,039;9,34E-5;93,44;2,91E-4;292,29;0,01
7,007;0,300;1,038;9,34E-5;93,44;3,28E-4;292,24;0,01
7,008;0,300;1,038;9,34E-5;93,43;3,37E-4;292,22;0,01
7,009;0,301;1,039;9,35E-5;93,46;2,09E-4;292,33;0,01
7,010;0,301;1,039;9,35E-5;93,47;1,49E-4;292,36;0,01
7,011;0,300;1,039;9,34E-5;93,44;3,15E-4;292,27;0,01
7,012;0,299;1,037;9,34E-5;93,41;4,33E-4;292,15;0,01
7,013;0,300;1,038;9,34E-5;93,44;3,15E-4;292,26;0,01
7,014;0,300;1,038;9,34E-5;93,43;3,40E-4;292,22;0,01
7,015;0,300;1,037;9,34E-5;93,42;4,02E-4;292,15;0,01
7,016;0,301;1,039;9,35E-5;93,46;1,95E-4;292,30;0,01
7,017;0,301;1,039;9,34E-5;93,45;2,64E-4;292,31;0,01
7,018;0,302;1,040;9,35E-5;93,49;9,10E-5;292,39;0,01
7,019;0,301;1,039;9,35E-5;93,47;1,77E-4;292,33;0,01
7,020;0,301;1,038;9,35E-5;93,45;2,38E-4;292,26;0,01
7,021;0,300;1,038;9,34E-5;93,44;2,95E-4;292,25;0,01
7,022;0,301;1,038;9,34E-5;93,45;2,71E-4;292,24;0,01
7,023;0,301;1,039;9,35E-5;93,47;1,89E-4;292,30;0,01
7,024;0,301;1,039;9,35E-5;93,47;1,60E-4;292,34;0,01
7,025;0,301;1,039;9,35E-5;93,47;1,82E-4;292,33;0,01
7,026;0,300;1,038;9,34E-5;93,45;2,82E-4;292,20;0,01
7,027;0,300;1,037;9,34E-5;93,43;3,66E-4;292,11;0,01
7,028;0,299;1,037;9,34E-5;93,41;4,52E-4;292,09;0,01
7,029;0,301;1,039;9,35E-5;93,48;1,35E-4;292,30;0,01
7,030;0,300;1,037;9,34E-5;93,44;3,24E-4;292,15;0,01
7,031;0,300;1,037;9,34E-5;93,42;3,82E-4;292,13;0,01
7,032;0,301;1,038;9,35E-5;93,46;2,09E-4;292,26;0,01
7,033;0,300;1,038;9,34E-5;93,44;2,95E-4;292,20;0,01
7,034;0,300;1,037;9,34E-5;93,42;4,10E-4;292,14;0,01
7,035;0,300;1,037;9,34E-5;93,43;3,50E-4;292,15;0,01
7,036;0,299;1,036;9,34E-5;93,40;4,97E-4;292,01;0,01
7,037;0,299;1,037;9,34E-5;93,41;4,59E-4;292,06;0,01
7,038;0,301;1,038;9,35E-5;93,46;2,04E-4;292,23;0,01
7,039;0,303;1,040;9,35E-5;93,53;-9,10E-5;292,46;0,01
7,040;0,301;1,038;9,35E-5;93,47;1,75E-4;292,24;0,01
7,041;0,301;1,038;9,34E-5;93,45;2,64E-4;292,20;0,01
7,042;0,301;1,038;9,35E-5;93,47;1,62E-4;292,24;0,01
7,043;0,299;1,037;9,34E-5;93,41;4,35E-4;292,07;0,01
7,044;0,300;1,037;9,34E-5;93,44;3,02E-4;292,11;0,01
7,045;0,300;1,037;9,34E-5;93,44;2,93E-4;292,14;0,01
7,046;0,300;1,037;9,34E-5;93,43;3,70E-4;292,08;0,01
7,047;0,301;1,037;9,34E-5;93,45;2,79E-4;292,14;0,01
7,048;0,301;1,037;9,34E-5;93,45;2,79E-4;292,12;0,01
7,049;0,301;1,038;9,35E-5;93,47;1,86E-4;292,24;0,01
7,050;0,301;1,038;9,35E-5;93,48;1,33E-4;292,25;0,01
7,051;0,301;1,037;9,35E-5;93,46;2,29E-4;292,15;0,01
7,052;0,300;1,037;9,34E-5;93,43;3,37E-4;292,06;0,01
7,053;0,301;1,038;9,35E-5;93,46;2,33E-4;292,19;0,01
7,054;0,301;1,037;9,35E-5;93,46;2,31E-4;292,13;0,01
7,055;0,301;1,038;9,35E-5;93,46;2,33E-4;292,16;0,01
7,056;0,302;1,038;9,35E-5;93,50;1,64E-5;292,27;0,01
7,057;0,300;1,037;9,34E-5;93,44;3,15E-4;292,11;0,01
7,058;0,301;1,038;9,35E-5;93,47;1,53E-4;292,17;0,01
7,059;0,301;1,038;9,35E-5;93,47;1,57E-4;292,21;0,01
7,060;0,300;1,036;9,34E-5;93,43;3,75E-4;291,99;0,01
7,061;0,300;1,037;9,34E-5;93,43;3,77E-4;292,04;0,01
7,062;0,300;1,036;9,34E-5;93,42;3,95E-4;291,99;0,01
7,063;0,299;1,035;9,34E-5;93,40;5,17E-4;291,89;0,01
7,064;0,300;1,036;9,34E-5;93,43;3,48E-4;292,01;0,01
7,065;0,300;1,037;9,34E-5;93,43;3,35E-4;292,05;0,01
7,066;0,300;1,036;9,34E-5;93,44;3,04E-4;292,01;0,01
7,067;0,300;1,037;9,34E-5;93,44;3,00E-4;292,08;0,01
7,068;0,302;1,038;9,35E-5;93,50;9,10E-6;292,25;0,01
7,069;0,301;1,037;9,35E-5;93,46;2,29E-4;292,08;0,01
7,070;0,301;1,037;9,34E-5;93,45;2,62E-4;292,05;0,01
7,071;0,301;1,037;9,35E-5;93,46;2,33E-4;292,06;0,01
7,072;0,301;1,037;9,35E-5;93,47;1,86E-4;292,14;0,01
7,073;0,301;1,037;9,35E-5;93,46;2,22E-4;292,08;0,01
7,074;0,301;1,037;9,35E-5;93,45;2,57E-4;292,08;0,01
7,075;0,301;1,036;9,34E-5;93,45;2,62E-4;292,03;0,01
7,076;0,301;1,037;9,35E-5;93,46;2,13E-4;292,06;0,01
7,077;0,302;1,037;9,35E-5;93,48;1,06E-4;292,15;0,01
7,078;0,302;1,038;9,35E-5;93,50;9,10E-6;292,22;0,01
7,079;0,301;1,036;9,35E-5;93,45;2,51E-4;292,04;0,01
7,080;0,300;1,035;9,34E-5;93,41;4,28E-4;291,88;0,01
7,081;0,301;1,036;9,34E-5;93,45;2,68E-4;292,00;0,01
7,082;0,302;1,037;9,35E-5;93,49;7,64E-5;292,11;0,01
7,083;0,301;1,036;9,35E-5;93,45;2,51E-4;292,01;0,01
7,084;0,301;1,037;9,35E-5;93,46;1,97E-4;292,08;0,01
7,085;0,300;1,036;9,34E-5;93,44;3,04E-4;292,02;0,01
7,086;0,301;1,036;9,35E-5;93,45;2,55E-4;292,00;0,01
7,087;0,301;1,037;9,35E-5;93,46;2,26E-4;292,04;0,01
7,088;0,301;1,037;9,35E-5;93,46;2,08E-4;292,04;0,01
7,089;0,301;1,036;9,35E-5;93,45;2,40E-4;291,96;0,01
7,090;0,302;1,037;9,35E-5;93,48;1,26E-4;292,06;0,01
7,091;0,300;1,036;9,34E-5;93,43;3,60E-4;291,92;0,01
7,092;0,301;1,036;9,35E-5;93,45;2,60E-4;291,97;0,01
7,093;0,301;1,036;9,34E-5;93,45;2,73E-4;292,00;0,01
7,094;0,299;1,035;9,34E-5;93,41;4,44E-4;291,84;0,01
7,095;0,300;1,036;9,34E-5;93,44;2,97E-4;291,92;0,01
7,096;0,301;1,036;9,35E-5;93,45;2,55E-4;291,94;0,01
7,097;0,301;1,036;9,35E-5;93,46;2,26E-4;291,97;0,01
7,098;0,300;1,035;9,34E-5;93,42;4,06E-4;291,81;0,01
7,099;0,301;1,035;9,34E-5;93,45;2,66E-4;291,91;0,01
7,100;0,301;1,036;9,35E-5;93,46;1,93E-4;292,00;0,01
7,101;0,301;1,036;9,35E-5;93,47;1,86E-4;291,97;0,01
7,102;0,301;1,036;9,35E-5;93,46;2,18E-4;291,98;0,01
7,103;0,301;1,036;9,35E-5;93,47;1,91E-4;291,99;0,01
7,104;0,302;1,037;9,35E-5;93,49;9,28E-5;292,07;0,01
7,105;0,301;1,036;9,35E-5;93,47;1,71E-4;291,99;0,01
7,106;0,301;1,036;9,35E-5;93,45;2,59E-4;291,93;0,01
7,107;0,301;1,036;9,35E-5;93,47;1,66E-4;291,96;0,01
7,108;0,301;1,036;9,35E-5;93,47;1,84E-4;291,97;0,01
7,109;0,301;1,036;9,35E-5;93,47;1,69E-4;291,97;0,01
7,110;0,300;1,035;9,34E-5;93,43;3,70E-4;291,81;0,01
7,111;0,301;1,036;9,35E-5;93,47;1,89E-4;291,96;0,01
7,112;0,301;1,036;9,35E-5;93,48;1,44E-4;291,99;0,01
7,113;0,301;1,036;9,35E-5;93,47;1,78E-4;291,95;0,01
7,114;0,302;1,036;9,35E-5;93,48;1,24E-4;291,99;0,01
7,115;0,300;1,035;9,34E-5;93,44;3,04E-4;291,83;0,01
7,116;0,301;1,036;9,35E-5;93,46;2,09E-4;291,93;0,01
7,117;0,301;1,035;9,34E-5;93,45;2,73E-4;291,86;0,01
7,118;0,300;1,035;9,34E-5;93,44;3,11E-4;291,82;0,01
7,119;0,302;1,037;9,35E-5;93,50;4,37E-5;292,04;0,01
7,120;0,301;1,035;9,35E-5;93,46;2,02E-4;291,91;0,01
7,121;0,301;1,035;9,34E-5;93,45;2,75E-4;291,90;0,01
7,122;0,301;1,035;9,35E-5;93,46;2,00E-4;291,89;0,01
7,123;0,302;1,036;9,35E-5;93,48;1,13E-4;291,92;0,01
7,124;0,301;1,035;9,34E-5;93,45;2,62E-4;291,87;0,01
7,125;0,302;1,036;9,35E-5;93,48;1,24E-4;291,93;0,01
7,126;0,301;1,036;9,35E-5;93,47;1,89E-4;291,92;0,01
7,127;0,302;1,036;9,35E-5;93,50;1,64E-5;292,03;0,01
7,128;0,302;1,036;9,35E-5;93,49;7,83E-5;291,98;0,01
7,129;0,301;1,035;9,35E-5;93,47;1,75E-4;291,91;0,01
7,130;0,300;1,034;9,34E-5;93,43;3,48E-4;291,75;0,01
7,131;0,301;1,035;9,34E-5;93,45;2,79E-4;291,81;0,01
7,132;0,301;1,035;9,35E-5;93,47;1,77E-4;291,91;0,01
7,133;0,301;1,035;9,35E-5;93,46;1,95E-4;291,84;0,01
7,134;0,302;1,036;9,35E-5;93,48;1,15E-4;291,94;0,01
7,135;0,301;1,035;9,35E-5;93,47;1,86E-4;291,86;0,01
7,136;0,302;1,036;9,35E-5;93,48;1,00E-4;291,93;0,01
7,137;0,302;1,035;9,35E-5;93,48;1,18E-4;291,89;0,01
7,138;0,301;1,035;9,35E-5;93,45;2,42E-4;291,81;0,01
7,139;0,300;1,034;9,34E-5;93,44;2,97E-4;291,74;0,01
7,140;0,301;1,035;9,35E-5;93,46;2,08E-4;291,84;0,01
7,141;0,303;1,037;9,35E-5;93,53;-1,15E-4;292,10;0,01
7,142;0,302;1,036;9,35E-5;93,49;7,10E-5;291,93;0,01
7,143;0,301;1,035;9,35E-5;93,47;1,77E-4;291,88;0,01
7,144;0,301;1,035;9,35E-5;93,46;2,31E-4;291,82;0,01
7,145;0,300;1,034;9,34E-5;93,44;3,00E-4;291,74;0,01
7,146;0,301;1,034;9,35E-5;93,45;2,60E-4;291,77;0,01
7,147;0,300;1,034;9,34E-5;93,45;2,84E-4;291,74;0,01
7,148;0,300;1,033;9,34E-5;93,43;3,48E-4;291,67;0,01
7,149;0,300;1,033;9,34E-5;93,42;4,15E-4;291,66;0,01
7,150;0,300;1,033;9,34E-5;93,43;3,62E-4;291,68;0,01
7,151;0,300;1,034;9,34E-5;93,44;3,00E-4;291,71;0,01
7,152;0,300;1,034;9,34E-5;93,43;3,46E-4;291,70;0,01
7,153;0,300;1,034;9,34E-5;93,45;2,84E-4;291,72;0,01
7,154;0,301;1,034;9,34E-5;93,45;2,77E-4;291,73;0,01
7,155;0,301;1,034;9,35E-5;93,46;2,28E-4;291,76;0,01
7,156;0,302;1,035;9,35E-5;93,48;1,27E-4;291,80;0,01
7,157;0,300;1,033;9,34E-5;93,43;3,48E-4;291,64;0,01
7,158;0,301;1,034;9,35E-5;93,46;1,98E-4;291,80;0,01
7,159;0,301;1,034;9,35E-5;93,46;1,97E-4;291,78;0,01
7,160;0,301;1,034;9,35E-5;93,46;2,06E-4;291,73;0,01
7,161;0,301;1,035;9,35E-5;93,47;1,49E-4;291,83;0,01
7,162;0,301;1,035;9,35E-5;93,47;1,51E-4;291,83;0,01
7,163;0,300;1,033;9,34E-5;93,44;3,28E-4;291,64;0,01
7,164;0,300;1,033;9,34E-5;93,44;2,89E-4;291,68;0,01
7,165;0,301;1,033;9,34E-5;93,45;2,73E-4;291,65;0,01
7,166;0,300;1,033;9,34E-5;93,42;4,02E-4;291,58;0,01
7,167;0,301;1,034;9,35E-5;93,46;1,98E-4;291,73;0,01
7,168;0,301;1,034;9,35E-5;93,48;1,31E-4;291,80;0,01
7,169;0,301;1,034;9,35E-5;93,47;1,47E-4;291,72;0,01
7,170;0,301;1,034;9,35E-5;93,47;1,73E-4;291,73;0,01
7,171;0,302;1,035;9,35E-5;93,50;4,19E-5;291,85;0,01
7,172;0,301;1,034;9,35E-5;93,47;1,60E-4;291,73;0,01
7,173;0,302;1,035;9,35E-5;93,48;1,16E-4;291,81;0,01
7,174;0,300;1,033;9,34E-5;93,43;3,46E-4;291,60;0,01
7,175;0,300;1,032;9,34E-5;93,42;3,88E-4;291,56;0,01
7,176;0,300;1,033;9,34E-5;93,43;3,50E-4;291,59;0,01
7,177;0,301;1,034;9,35E-5;93,45;2,44E-4;291,69;0,01
7,178;0,302;1,035;9,35E-5;93,49;6,92E-5;291,82;0,01
7,179;0,301;1,034;9,35E-5;93,46;1,98E-4;291,69;0,01
7,180;0,301;1,033;9,35E-5;93,45;2,40E-4;291,68;0,01
7,181;0,301;1,034;9,35E-5;93,46;2,09E-4;291,70;0,01
7,182;0,302;1,034;9,35E-5;93,49;8,19E-5;291,79;0,01
7,183;0,301;1,033;9,34E-5;93,45;2,62E-4;291,66;0,01
7,184;0,300;1,032;9,34E-5;93,44;3,30E-4;291,57;0,01
7,185;0,301;1,033;9,35E-5;93,46;2,04E-4;291,64;0,01
7,186;0,302;1,034;9,35E-5;93,48;1,11E-4;291,73;0,01
7,187;0,300;1,032;9,34E-5;93,43;3,57E-4;291,57;0,01
7,188;0,301;1,033;9,35E-5;93,45;2,59E-4;291,67;0,01
7,189;0,301;1,033;9,35E-5;93,46;2,00E-4;291,68;0,01
7,190;0,301;1,033;9,35E-5;93,45;2,57E-4;291,61;0,01
7,191;0,301;1,033;9,35E-5;93,47;1,49E-4;291,68;0,01
7,192;0,301;1,034;9,35E-5;93,48;1,33E-4;291,69;0,01
7,193;0,301;1,033;9,35E-5;93,46;2,33E-4;291,62;0,01
7,194;0,301;1,034;9,35E-5;93,47;1,57E-4;291,69;0,01
7,195;0,301;1,033;9,35E-5;93,47;1,67E-4;291,68;0,01
7,196;0,301;1,033;9,35E-5;93,45;2,38E-4;291,59;0,01
7,197;0,302;1,034;9,35E-5;93,48;1,00E-4;291,70;0,01
7,198;0,300;1,033;9,34E-5;93,43;3,44E-4;291,59;0,01
7,199;0,301;1,034;9,35E-5;93,47;1,62E-4;291,69;0,01
7,200;0,301;1,033;9,35E-5;93,47;1,53E-4;291,68;0,01
7,201;0,302;1,034;9,35E-5;93,49;8,19E-5;291,73;0,01
7,202;0,301;1,033;9,35E-5;93,47;1,91E-4;291,61;0,01
7,203;0,301;1,033;9,35E-5;93,45;2,48E-4;291,60;0,01
7,204;0,301;1,032;9,35E-5;93,45;2,49E-4;291,55;0,01
7,205;0,300;1,032;9,34E-5;93,42;3,95E-4;291,46;0,01
7,206;0,302;1,034;9,35E-5;93,48;1,00E-4;291,70;0,01
7,207;0,302;1,034;9,35E-5;93,49;9,83E-5;291,70;0,01
7,208;0,301;1,033;9,35E-5;93,46;2,22E-4;291,60;0,01
7,209;0,300;1,031;9,34E-5;93,43;3,73E-4;291,44;0,01
7,210;0,301;1,033;9,35E-5;93,46;2,29E-4;291,57;0,01
7,211;0,300;1,032;9,34E-5;93,44;3,13E-4;291,48;0,01
7,212;0,301;1,032;9,34E-5;93,45;2,62E-4;291,50;0,01
7,213;0,301;1,033;9,35E-5;93,47;1,69E-4;291,62;0,01
7,214;0,301;1,033;9,35E-5;93,46;1,98E-4;291,57;0,01
7,215;0,301;1,033;9,35E-5;93,46;2,06E-4;291,57;0,01
7,216;0,301;1,033;9,35E-5;93,47;1,84E-4;291,57;0,01
7,217;0,301;1,032;9,35E-5;93,46;2,28E-4;291,55;0,01
7,218;0,300;1,031;9,34E-5;93,42;3,93E-4;291,40;0,01
7,219;0,300;1,031;9,34E-5;93,42;4,08E-4;291,44;0,01
7,220;0,300;1,031;9,34E-5;93,43;3,55E-4;291,45;0,01
7,221;0,301;1,032;9,35E-5;93,47;1,62E-4;291,56;0,01
7,222;0,301;1,033;9,35E-5;93,47;1,62E-4;291,60;0,01
7,223;0,301;1,032;9,35E-5;93,46;1,93E-4;291,55;0,01
7,224;0,300;1,032;9,34E-5;93,44;3,00E-4;291,49;0,01
7,225;0,301;1,032;9,34E-5;93,45;2,71E-4;291,50;0,01
7,226;0,299;1,030;9,34E-5;93,40;5,14E-4;291,26;0,01
7,227;0,301;1,032;9,34E-5;93,45;2,75E-4;291,46;0,01
7,228;0,301;1,032;9,34E-5;93,45;2,75E-4;291,47;0,01
7,229;0,303;1,034;9,35E-5;93,51;-2,73E-5;291,73;0,01
7,230;0,302;1,033;9,35E-5;93,50;2,00E-5;291,66;0,01
7,231;0,300;1,031;9,34E-5;93,42;3,99E-4;291,36;0,01
7,232;0,300;1,031;9,34E-5;93,42;3,86E-4;291,36;0,01
7,233;0,301;1,032;9,35E-5;93,45;2,59E-4;291,48;0,01
7,234;0,301;1,031;9,34E-5;93,45;2,71E-4;291,44;0,01
7,235;0,300;1,031;9,34E-5;93,44;3,20E-4;291,45;0,01
7,236;0,300;1,031;9,34E-5;93,43;3,42E-4;291,37;0,01
7,237;0,300;1,031;9,34E-5;93,44;2,89E-4;291,38;0,01
7,238;0,300;1,031;9,34E-5;93,45;2,80E-4;291,44;0,01
7,239;0,302;1,032;9,35E-5;93,48;1,02E-4;291,56;0,01
7,240;0,301;1,032;9,35E-5;93,48;1,44E-4;291,52;0,01
7,241;0,300;1,032;9,34E-5;93,45;2,80E-4;291,46;0,01
7,242;0,300;1,031;9,34E-5;93,44;3,22E-4;291,39;0,01
7,243;0,301;1,031;9,35E-5;93,46;2,26E-4;291,45;0,01
7,244;0,302;1,032;9,35E-5;93,48;1,18E-4;291,56;0,01
7,245;0,301;1,032;9,35E-5;93,47;1,80E-4;291,52;0,01
7,246;0,301;1,032;9,35E-5;93,46;2,31E-4;291,47;0,01
7,247;0,301;1,032;9,35E-5;93,46;2,13E-4;291,49;0,01
7,248;0,300;1,030;9,34E-5;93,42;4,19E-4;291,30;0,01
7,249;0,301;1,032;9,35E-5;93,47;1,51E-4;291,53;0,01
7,250;0,301;1,032;9,35E-5;93,47;1,82E-4;291,47;0,01
7,251;0,301;1,032;9,35E-5;93,46;1,95E-4;291,46;0,01
7,252;0,301;1,031;9,35E-5;93,45;2,42E-4;291,45;0,01
7,253;0,301;1,032;9,35E-5;93,47;1,55E-4;291,49;0,01
7,254;0,301;1,032;9,35E-5;93,47;1,75E-4;291,49;0,01
7,255;0,301;1,031;9,35E-5;93,45;2,51E-4;291,42;0,01
7,256;0,302;1,033;9,35E-5;93,50;5,10E-5;291,59;0,01
7,257;0,301;1,031;9,35E-5;93,46;2,29E-4;291,43;0,01
7,258;0,301;1,032;9,35E-5;93,48;1,38E-4;291,47;0,01
7,259;0,300;1,030;9,34E-5;93,44;3,20E-4;291,33;0,01
7,260;0,300;1,030;9,34E-5;93,43;3,48E-4;291,32;0,01
7,261;0,300;1,031;9,34E-5;93,44;2,88E-4;291,36;0,01
7,262;0,300;1,031;9,34E-5;93,44;3,31E-4;291,34;0,01
7,263;0,301;1,032;9,35E-5;93,47;1,78E-4;291,47;0,01
7,264;0,300;1,031;9,34E-5;93,44;2,86E-4;291,38;0,01
7,265;0,300;1,030;9,34E-5;93,42;3,81E-4;291,29;0,01
7,266;0,301;1,031;9,34E-5;93,45;2,64E-4;291,38;0,01
7,267;0,300;1,031;9,34E-5;93,44;2,93E-4;291,36;0,01
7,268;0,301;1,031;9,35E-5;93,46;2,24E-4;291,42;0,01
7,269;0,300;1,030;9,34E-5;93,44;2,97E-4;291,33;0,01
7,270;0,299;1,029;9,34E-5;93,40;4,77E-4;291,22;0,01
7,271;0,300;1,030;9,34E-5;93,42;3,90E-4;291,29;0,01
7,272;0,299;1,029;9,34E-5;93,41;4,30E-4;291,21;0,01
7,273;0,301;1,031;9,34E-5;93,45;2,79E-4;291,34;0,01
7,274;0,301;1,031;9,35E-5;93,46;2,18E-4;291,40;0,01
7,275;0,299;1,029;9,34E-5;93,41;4,30E-4;291,19;0,01
7,276;0,300;1,030;9,34E-5;93,45;2,84E-4;291,33;0,01
7,277;0,301;1,031;9,35E-5;93,46;2,26E-4;291,37;0,01
7,278;0,301;1,031;9,35E-5;93,46;2,18E-4;291,35;0,01
7,279;0,301;1,031;9,35E-5;93,46;2,20E-4;291,40;0,01
7,280;0,301;1,031;9,35E-5;93,47;1,73E-4;291,41;0,01
7,281;0,301;1,031;9,35E-5;93,48;1,44E-4;291,42;0,01
7,282;0,301;1,030;9,34E-5;93,45;2,77E-4;291,28;0,01
7,283;0,299;1,029;9,34E-5;93,41;4,42E-4;291,16;0,01
7,284;0,301;1,030;9,35E-5;93,45;2,46E-4;291,33;0,01
7,285;0,300;1,030;9,34E-5;93,44;3,19E-4;291,28;0,01
7,286;0,300;1,030;9,34E-5;93,44;3,08E-4;291,28;0,01
7,287;0,300;1,030;9,34E-5;93,43;3,71E-4;291,23;0,01
7,288;0,301;1,031;9,35E-5;93,46;2,15E-4;291,36;0,01
7,289;0,301;1,031;9,35E-5;93,48;1,35E-4;291,39;0,01
7,290;0,301;1,030;9,35E-5;93,46;2,28E-4;291,33;0,01
7,291;0,301;1,031;9,35E-5;93,47;1,49E-4;291,36;0,01
7,292;0,301;1,030;9,34E-5;93,45;2,66E-4;291,27;0,01
7,293;0,301;1,030;9,34E-5;93,45;2,75E-4;291,27;0,01
7,294;0,300;1,029;9,34E-5;93,42;3,81E-4;291,21;0,01
7,295;0,302;1,031;9,35E-5;93,49;7,64E-5;291,41;0,01
7,296;0,301;1,030;9,35E-5;93,45;2,53E-4;291,24;0,01
7,297;0,301;1,031;9,35E-5;93,48;1,33E-4;291,37;0,01
7,298;0,302;1,031;9,35E-5;93,48;1,20E-4;291,36;0,01
7,299;0,299;1,029;9,34E-5;93,41;4,48E-4;291,13;0,01
7,300;0,301;1,030;9,35E-5;93,46;1,95E-4;291,31;0,01
7,301;0,301;1,030;9,35E-5;93,46;1,98E-4;291,32;0,01
7,302;0,301;1,030;9,35E-5;93,45;2,42E-4;291,28;0,01
7,303;0,300;1,029;9,34E-5;93,42;3,86E-4;291,15;0,01
7,304;0,301;1,030;9,34E-5;93,45;2,77E-4;291,23;0,01
7,305;0,302;1,031;9,35E-5;93,48;1,00E-4;291,37;0,01
7,306;0,301;1,030;9,35E-5;93,47;1,75E-4;291,30;0,01
7,307;0,300;1,029;9,34E-5;93,43;3,77E-4;291,13;0,01
7,308;0,300;1,029;9,34E-5;93,44;2,88E-4;291,20;0,01
7,309;0,301;1,030;9,34E-5;93,45;2,62E-4;291,22;0,01
7,310;0,301;1,030;9,35E-5;93,46;2,00E-4;291,27;0,01
7,311;0,300;1,029;9,34E-5;93,44;2,91E-4;291,17;0,01
7,312;0,300;1,029;9,34E-5;93,43;3,68E-4;291,13;0,01
7,313;0,301;1,030;9,35E-5;93,46;2,17E-4;291,24;0,01
7,314;0,301;1,030;9,35E-5;93,47;1,86E-4;291,26;0,01
7,315;0,302;1,030;9,35E-5;93,49;9,28E-5;291,33;0,01
7,316;0,301;1,030;9,35E-5;93,46;2,00E-4;291,26;0,01
7,317;0,301;1,030;9,35E-5;93,47;1,89E-4;291,27;0,01
7,318;0,301;1,029;9,35E-5;93,45;2,57E-4;291,21;0,01
7,319;0,302;1,031;9,35E-5;93,50;3,09E-5;291,37;0,01
7,320;0,301;1,030;9,35E-5;93,47;1,71E-4;291,31;0,01
7,321;0,301;1,030;9,35E-5;93,47;1,69E-4;291,27;0,01
7,322;0,302;1,030;9,35E-5;93,48;1,26E-4;291,29;0,01
7,323;0,301;1,030;9,35E-5;93,47;1,53E-4;291,28;0,01
7,324;0,301;1,030;9,35E-5;93,46;2,08E-4;291,24;0,01
7,325;0,301;1,029;9,35E-5;93,46;2,15E-4;291,20;0,01
7,326;0,303;1,031;9,35E-5;93,52;-6,01E-5;291,44;0,01
7,327;0,302;1,030;9,35E-5;93,48;1,18E-4;291,29;0,01
7,328;0,301;1,029;9,35E-5;93,46;2,28E-4;291,20;0,01
7,329;0,300;1,029;9,34E-5;93,44;3,04E-4;291,14;0,01
7,330;0,301;1,029;9,34E-5;93,45;2,64E-4;291,14;0,01
7,331;0,300;1,029;9,34E-5;93,44;3,30E-4;291,12;0,01
7,332;0,300;1,028;9,34E-5;93,43;3,70E-4;291,10;0,01
7,333;0,301;1,029;9,35E-5;93,46;2,08E-4;291,17;0,01
7,334;0,301;1,030;9,35E-5;93,47;1,60E-4;291,24;0,01
7,335;0,301;1,029;9,35E-5;93,47;1,49E-4;291,19;0,01
7,336;0,300;1,029;9,34E-5;93,44;2,99E-4;291,13;0,01
7,337;0,301;1,029;9,34E-5;93,45;2,75E-4;291,10;0,01
7,338;0,301;1,029;9,34E-5;93,45;2,68E-4;291,15;0,01
7,339;0,301;1,029;9,35E-5;93,46;2,15E-4;291,18;0,01
7,340;0,302;1,030;9,35E-5;93,48;1,02E-4;291,24;0,01
7,341;0,300;1,028;9,34E-5;93,42;3,97E-4;291,04;0,01
7,342;0,300;1,028;9,34E-5;93,43;3,40E-4;291,05;0,01
7,343;0,300;1,028;9,34E-5;93,43;3,46E-4;291,07;0,01
7,344;0,300;1,028;9,34E-5;93,42;4,04E-4;291,00;0,01
7,345;0,299;1,027;9,34E-5;93,41;4,70E-4;290,95;0,01
7,346;0,300;1,028;9,34E-5;93,44;3,08E-4;291,09;0,01
7,347;0,301;1,029;9,35E-5;93,47;1,57E-4;291,17;0,01
7,348;0,301;1,029;9,35E-5;93,47;1,47E-4;291,19;0,01
7,349;0,301;1,029;9,35E-5;93,47;1,57E-4;291,17;0,01
7,350;0,301;1,029;9,35E-5;93,46;2,09E-4;291,11;0,01
7,351;0,299;1,027;9,34E-5;93,41;4,33E-4;290,95;0,01
7,352;0,301;1,029;9,35E-5;93,47;1,87E-4;291,16;0,01
7,353;0,300;1,028;9,34E-5;93,45;2,84E-4;291,09;0,01
7,354;0,301;1,029;9,34E-5;93,45;2,62E-4;291,14;0,01
7,355;0,302;1,030;9,35E-5;93,49;6,19E-5;291,23;0,01
7,356;0,300;1,027;9,34E-5;93,43;3,75E-4;290,98;0,01
7,357;0,300;1,028;9,34E-5;93,44;3,30E-4;291,03;0,01
7,358;0,300;1,028;9,34E-5;93,43;3,59E-4;291,01;0,01
7,359;0,301;1,029;9,35E-5;93,47;1,86E-4;291,17;0,01
7,360;0,301;1,029;9,35E-5;93,47;1,86E-4;291,14;0,01
7,361;0,300;1,028;9,34E-5;93,45;2,84E-4;291,05;0,01
7,362;0,300;1,028;9,34E-5;93,44;3,19E-4;291,08;0,01
7,363;0,301;1,029;9,35E-5;93,47;1,86E-4;291,14;0,01
7,364;0,302;1,029;9,35E-5;93,48;1,18E-4;291,19;0,01
7,365;0,302;1,029;9,35E-5;93,48;1,07E-4;291,17;0,01
7,366;0,302;1,029;9,35E-5;93,48;1,06E-4;291,18;0,01
7,367;0,300;1,027;9,34E-5;93,43;3,42E-4;290,98;0,01
7,368;0,300;1,027;9,34E-5;93,42;3,82E-4;290,98;0,01
7,369;0,301;1,028;9,35E-5;93,46;2,20E-4;291,07;0,01
7,370;0,302;1,029;9,35E-5;93,48;1,00E-4;291,16;0,01
7,371;0,301;1,028;9,35E-5;93,45;2,59E-4;291,08;0,01
7,372;0,300;1,028;9,34E-5;93,44;2,86E-4;290,99;0,01
7,373;0,300;1,027;9,34E-5;93,43;3,64E-4;290,96;0,01
7,374;0,302;1,029;9,35E-5;93,48;1,18E-4;291,15;0,01
7,375;0,301;1,029;9,35E-5;93,47;1,58E-4;291,14;0,01
7,376;0,301;1,028;9,35E-5;93,46;2,09E-4;291,08;0,01
7,377;0,302;1,029;9,35E-5;93,48;1,29E-4;291,14;0,01
7,378;0,302;1,029;9,35E-5;93,48;1,06E-4;291,11;0,01
7,379;0,301;1,028;9,35E-5;93,45;2,40E-4;291,06;0,01
7,380;0,301;1,028;9,35E-5;93,45;2,40E-4;291,02;0,01
7,381;0,301;1,029;9,35E-5;93,47;1,77E-4;291,12;0,01
7,382;0,302;1,029;9,35E-5;93,49;6,73E-5;291,17;0,01
7,383;0,300;1,028;9,34E-5;93,44;3,13E-4;291,00;0,01
7,384;0,301;1,028;9,35E-5;93,46;1,95E-4;291,06;0,01
7,385;0,302;1,029;9,35E-5;93,49;9,28E-5;291,12;0,01
7,386;0,300;1,028;9,34E-5;93,45;2,84E-4;291,00;0,01
7,387;0,301;1,027;9,34E-5;93,45;2,62E-4;290,98;0,01
7,388;0,301;1,027;9,34E-5;93,45;2,68E-4;290,97;0,01
7,389;0,301;1,028;9,35E-5;93,45;2,53E-4;291,00;0,01
7,390;0,301;1,028;9,35E-5;93,47;1,80E-4;291,06;0,01
7,391;0,301;1,029;9,35E-5;93,48;1,31E-4;291,11;0,01
7,392;0,301;1,028;9,35E-5;93,46;2,29E-4;291,01;0,01
7,393;0,301;1,028;9,35E-5;93,48;1,35E-4;291,09;0,01
7,394;0,300;1,027;9,34E-5;93,43;3,64E-4;290,92;0,01
7,395;0,300;1,027;9,34E-5;93,44;2,86E-4;290,96;0,01
7,396;0,301;1,027;9,35E-5;93,45;2,59E-4;290,98;0,01
7,397;0,301;1,028;9,35E-5;93,46;2,28E-4;291,02;0,01
7,398;0,301;1,028;9,35E-5;93,46;2,09E-4;291,02;0,01
7,399;0,301;1,028;9,35E-5;93,45;2,46E-4;290,99;0,01
7,400;0,300;1,027;9,34E-5;93,43;3,46E-4;290,88;0,01
7,401;0,301;1,028;9,35E-5;93,47;1,86E-4;291,02;0,01
7,402;0,300;1,027;9,34E-5;93,43;3,40E-4;290,88;0,01
7,403;0,301;1,028;9,35E-5;93,45;2,49E-4;291,00;0,01
7,404;0,300;1,027;9,34E-5;93,44;3,11E-4;290,91;0,01
7,405;0,301;1,027;9,35E-5;93,46;2,09E-4;290,97;0,01
7,406;0,301;1,027;9,34E-5;93,45;2,73E-4;290,97;0,01
7,407;0,300;1,027;9,34E-5;93,44;3,19E-4;290,92;0,01
7,408;0,300;1,027;9,34E-5;93,44;2,88E-4;290,91;0,01
7,409;0,301;1,027;9,35E-5;93,46;1,98E-4;290,97;0,01
7,410;0,301;1,028;9,35E-5;93,47;1,66E-4;291,01;0,01
7,411;0,300;1,027;9,34E-5;93,45;2,84E-4;290,92;0,01
7,412;0,300;1,026;9,34E-5;93,42;3,97E-4;290,83;0,01
7,413;0,299;1,025;9,34E-5;93,39;5,37E-4;290,73;0,01
7,414;0,300;1,026;9,34E-5;93,43;3,57E-4;290,86;0,01
7,415;0,301;1,027;9,35E-5;93,47;1,89E-4;290,96;0,01
7,416;0,300;1,026;9,34E-5;93,42;3,99E-4;290,81;0,01
7,417;0,300;1,027;9,34E-5;93,44;2,89E-4;290,91;0,01
7,418;0,300;1,027;9,34E-5;93,43;3,35E-4;290,87;0,01
7,419;0,302;1,028;9,35E-5;93,48;1,06E-4;291,04;0,01
7,420;0,301;1,028;9,35E-5;93,48;1,40E-4;291,01;0,01
7,421;0,301;1,027;9,35E-5;93,46;2,04E-4;290,97;0,01
7,422;0,301;1,027;9,35E-5;93,46;2,18E-4;290,95;0,01
7,423;0,299;1,026;9,34E-5;93,41;4,30E-4;290,81;0,01
7,424;0,300;1,027;9,34E-5;93,44;3,06E-4;290,88;0,01
7,425;0,302;1,028;9,35E-5;93,48;1,09E-4;291,01;0,01
7,426;0,302;1,028;9,35E-5;93,48;1,04E-4;290,99;0,01
7,427;0,301;1,027;9,34E-5;93,45;2,73E-4;290,89;0,01
7,428;0,301;1,027;9,35E-5;93,46;2,18E-4;290,93;0,01
7,429;0,301;1,027;9,34E-5;93,45;2,64E-4;290,87;0,01
7,430;0,300;1,026;9,34E-5;93,42;3,99E-4;290,75;0,01
7,431;0,301;1,026;9,34E-5;93,45;2,62E-4;290,87;0,01
7,432;0,302;1,028;9,35E-5;93,48;1,00E-4;291,01;0,01
7,433;0,301;1,026;9,34E-5;93,45;2,77E-4;290,87;0,01
7,434;0,300;1,026;9,34E-5;93,42;3,91E-4;290,75;0,01
7,435;0,301;1,027;9,35E-5;93,47;1,53E-4;290,93;0,01
7,436;0,302;1,027;9,35E-5;93,48;1,24E-4;290,96;0,01
7,437;0,302;1,028;9,35E-5;93,49;7,64E-5;291,02;0,01
7,438;0,301;1,027;9,35E-5;93,48;1,44E-4;290,97;0,01
7,439;0,301;1,027;9,35E-5;93,46;2,31E-4;290,89;0,01
7,440;0,301;1,026;9,35E-5;93,46;2,29E-4;290,86;0,01
7,441;0,302;1,028;9,35E-5;93,48;1,06E-4;291,03;0,01
7,442;0,302;1,028;9,35E-5;93,49;7,46E-5;291,01;0,01
7,443;0,302;1,028;9,35E-5;93,49;7,64E-5;291,00;0,01
7,444;0,300;1,026;9,34E-5;93,42;3,90E-4;290,77;0,01
7,445;0,301;1,026;9,35E-5;93,45;2,49E-4;290,86;0,01
7,446;0,301;1,027;9,35E-5;93,46;2,29E-4;290,89;0,01
7,447;0,301;1,027;9,35E-5;93,47;1,71E-4;290,91;0,01
7,448;0,302;1,027;9,35E-5;93,48;1,15E-4;290,92;0,01
7,449;0,300;1,026;9,34E-5;93,44;3,15E-4;290,82;0,01
7,450;0,301;1,026;9,35E-5;93,45;2,48E-4;290,83;0,01
7,451;0,301;1,026;9,35E-5;93,46;2,04E-4;290,87;0,01
7,452;0,300;1,026;9,34E-5;93,44;3,26E-4;290,79;0,01
7,453;0,302;1,027;9,35E-5;93,49;9,83E-5;290,94;0,01
7,454;0,302;1,027;9,35E-5;93,49;9,83E-5;290,96;0,01
7,455;0,300;1,026;9,34E-5;93,44;3,28E-4;290,78;0,01
7,456;0,301;1,026;9,35E-5;93,45;2,59E-4;290,84;0,01
7,457;0,300;1,026;9,34E-5;93,44;2,91E-4;290,79;0,01
7,458;0,300;1,026;9,34E-5;93,44;2,89E-4;290,78;0,01
7,459;0,301;1,027;9,35E-5;93,47;1,64E-4;290,88;0,01
7,460;0,301;1,026;9,35E-5;93,45;2,49E-4;290,84;0,01
7,461;0,302;1,027;9,35E-5;93,49;9,28E-5;290,95;0,01
7,462;0,301;1,026;9,35E-5;93,46;2,13E-4;290,83;0,01
7,463;0,301;1,027;9,35E-5;93,47;1,80E-4;290,87;0,01
7,464;0,300;1,025;9,34E-5;93,44;3,28E-4;290,75;0,01
7,465;0,302;1,027;9,35E-5;93,50;3,64E-5;290,93;0,01
7,466;0,302;1,026;9,35E-5;93,48;1,24E-4;290,86;0,01
7,467;0,300;1,026;9,34E-5;93,44;3,13E-4;290,75;0,01
7,468;0,300;1,026;9,34E-5;93,44;3,17E-4;290,78;0,01
7,469;0,301;1,026;9,35E-5;93,46;2,15E-4;290,82;0,01
7,470;0,300;1,025;9,34E-5;93,43;3,53E-4;290,70;0,01
7,471;0,300;1,025;9,34E-5;93,42;3,90E-4;290,69;0,01
7,472;0,301;1,026;9,35E-5;93,47;1,84E-4;290,82;0,01
7,473;0,301;1,026;9,34E-5;93,45;2,62E-4;290,80;0,01
7,474;0,302;1,027;9,35E-5;93,49;7,46E-5;290,91;0,01
7,475;0,302;1,027;9,35E-5;93,49;6,37E-5;290,93;0,01
7,476;0,302;1,027;9,35E-5;93,48;1,09E-4;290,89;0,01
7,477;0,301;1,026;9,34E-5;93,45;2,73E-4;290,77;0,01
7,478;0,300;1,025;9,34E-5;93,44;3,04E-4;290,74;0,01
7,479;0,300;1,026;9,34E-5;93,44;2,97E-4;290,76;0,01
7,480;0,300;1,025;9,34E-5;93,44;3,04E-4;290,75;0,01
7,481;0,300;1,025;9,34E-5;93,44;3,17E-4;290,73;0,01
7,482;0,301;1,026;9,35E-5;93,47;1,47E-4;290,81;0,01
7,483;0,300;1,025;9,34E-5;93,44;3,22E-4;290,75;0,01
7,484;0,302;1,026;9,35E-5;93,48;1,22E-4;290,85;0,01
7,485;0,300;1,026;9,34E-5;93,44;2,89E-4;290,76;0,01
7,486;0,299;1,025;9,34E-5;93,41;4,42E-4;290,65;0,01
7,487;0,301;1,026;9,35E-5;93,47;1,80E-4;290,83;0,01
7,488;0,300;1,025;9,34E-5;93,44;3,22E-4;290,70;0,01
7,489;0,301;1,025;9,34E-5;93,45;2,66E-4;290,73;0,01
7,490;0,301;1,025;9,35E-5;93,46;2,33E-4;290,73;0,01
7,491;0,301;1,026;9,35E-5;93,47;1,58E-4;290,77;0,01
7,492;0,302;1,027;9,35E-5;93,50;4,37E-5;290,92;0,01
7,493;0,301;1,026;9,35E-5;93,47;1,66E-4;290,78;0,01
7,494;0,302;1,026;9,35E-5;93,48;1,29E-4;290,82;0,01
7,495;0,300;1,025;9,34E-5;93,44;3,06E-4;290,69;0,01
7,496;0,300;1,025;9,34E-5;93,44;3,26E-4;290,64;0,01
7,497;0,300;1,024;9,34E-5;93,42;3,82E-4;290,62;0,01
7,498;0,301;1,025;9,35E-5;93,46;2,08E-4;290,72;0,01
7,499;0,301;1,026;9,35E-5;93,47;1,46E-4;290,85;0,01
7,500;0,301;1,025;9,35E-5;93,45;2,40E-4;290,72;0,01
7,501;0,301;1,026;9,35E-5;93,47;1,46E-4;290,82;0,01
7,502;0,301;1,025;9,34E-5;93,45;2,69E-4;290,74;0,01
7,503;0,302;1,026;9,35E-5;93,49;7,64E-5;290,82;0,01
7,504;0,302;1,026;9,35E-5;93,50;4,73E-5;290,86;0,01
7,505;0,301;1,025;9,35E-5;93,46;2,18E-4;290,72;0,01
7,506;0,302;1,026;9,35E-5;93,48;1,26E-4;290,83;0,01
7,507;0,301;1,025;9,35E-5;93,46;2,35E-4;290,73;0,01
7,508;0,301;1,026;9,35E-5;93,47;1,55E-4;290,76;0,01
7,509;0,300;1,024;9,34E-5;93,43;3,37E-4;290,62;0,01
7,510;0,302;1,025;9,35E-5;93,48;1,24E-4;290,75;0,01
7,511;0,300;1,025;9,34E-5;93,44;3,26E-4;290,69;0,01
7,512;0,301;1,025;9,35E-5;93,47;1,80E-4;290,74;0,01
7,513;0,302;1,026;9,35E-5;93,48;1,27E-4;290,82;0,01
7,514;0,302;1,026;9,35E-5;93,50;3,09E-5;290,82;0,01
7,515;0,302;1,026;9,35E-5;93,49;5,46E-5;290,79;0,01
7,516;0,301;1,025;9,35E-5;93,47;1,84E-4;290,71;0,01
7,517;0,301;1,025;9,35E-5;93,47;1,75E-4;290,75;0,01
7,518;0,300;1,025;9,34E-5;93,44;3,10E-4;290,65;0,01
7,519;0,301;1,025;9,35E-5;93,45;2,48E-4;290,70;0,01
7,520;0,300;1,024;9,34E-5;93,42;4,15E-4;290,54;0,01
7,521;0,300;1,024;9,34E-5;93,43;3,37E-4;290,61;0,01
7,522;0,301;1,025;9,35E-5;93,47;1,66E-4;290,73;0,01
7,523;0,301;1,025;9,35E-5;93,46;2,04E-4;290,68;0,01
7,524;0,301;1,025;9,35E-5;93,46;2,15E-4;290,70;0,01
7,525;0,301;1,025;9,35E-5;93,45;2,60E-4;290,69;0,01
7,526;0,301;1,025;9,35E-5;93,45;2,51E-4;290,66;0,01
7,527;0,300;1,024;9,34E-5;93,43;3,35E-4;290,58;0,01
7,528;0,302;1,025;9,35E-5;93,48;1,13E-4;290,70;0,01
7,529;0,302;1,026;9,35E-5;93,49;8,74E-5;290,77;0,01
7,530;0,302;1,026;9,35E-5;93,49;7,10E-5;290,81;0,01
7,531;0,301;1,025;9,34E-5;93,45;2,73E-4;290,64;0,01
7,532;0,301;1,026;9,35E-5;93,47;1,51E-4;290,76;0,01
7,533;0,300;1,024;9,34E-5;93,44;2,86E-4;290,63;0,01
7,534;0,300;1,024;9,34E-5;93,44;3,10E-4;290,60;0,01
7,535;0,300;1,024;9,34E-5;93,44;3,13E-4;290,57;0,01
7,536;0,300;1,024;9,34E-5;93,44;3,22E-4;290,61;0,01
7,537;0,300;1,024;9,34E-5;93,43;3,70E-4;290,57;0,01
7,538;0,301;1,025;9,35E-5;93,46;2,00E-4;290,68;0,01
7,539;0,301;1,024;9,35E-5;93,46;2,33E-4;290,62;0,01
7,540;0,300;1,023;9,34E-5;93,43;3,71E-4;290,51;0,01
7,541;0,301;1,025;9,35E-5;93,47;1,57E-4;290,70;0,01
7,542;0,301;1,025;9,34E-5;93,45;2,64E-4;290,66;0,01
7,543;0,300;1,024;9,34E-5;93,43;3,64E-4;290,53;0,01
7,544;0,299;1,023;9,34E-5;93,41;4,50E-4;290,46;0,01
7,545;0,300;1,024;9,34E-5;93,44;3,31E-4;290,54;0,01
7,546;0,301;1,025;9,35E-5;93,46;2,06E-4;290,64;0,01
7,547;0,301;1,024;9,35E-5;93,45;2,59E-4;290,57;0,01
7,548;0,300;1,023;9,34E-5;93,42;4,04E-4;290,49;0,01
7,549;0,299;1,023;9,34E-5;93,40;4,73E-4;290,44;0,01
7,550;0,301;1,025;9,35E-5;93,46;2,29E-4;290,65;0,01
7,551;0,302;1,025;9,35E-5;93,48;1,15E-4;290,70;0,01
7,552;0,301;1,024;9,34E-5;93,45;2,62E-4;290,59;0,01
7,553;0,300;1,024;9,34E-5;93,45;2,84E-4;290,59;0,01
7,554;0,300;1,023;9,34E-5;93,43;3,53E-4;290,48;0,01
7,555;0,301;1,024;9,35E-5;93,47;1,64E-4;290,62;0,01
7,556;0,301;1,024;9,35E-5;93,45;2,40E-4;290,63;0,01
7,557;0,301;1,024;9,35E-5;93,47;1,78E-4;290,63;0,01
7,558;0,301;1,025;9,35E-5;93,47;1,86E-4;290,64;0,01
7,559;0,301;1,025;9,35E-5;93,46;2,04E-4;290,64;0,01
7,560;0,301;1,024;9,34E-5;93,45;2,64E-4;290,57;0,01
7,561;0,301;1,024;9,35E-5;93,46;2,02E-4;290,62;0,01
7,562;0,301;1,024;9,35E-5;93,46;2,31E-4;290,63;0,01
7,563;0,300;1,024;9,34E-5;93,44;2,88E-4;290,53;0,01
7,564;0,301;1,024;9,34E-5;93,45;2,73E-4;290,57;0,01
7,565;0,300;1,023;9,34E-5;93,44;2,99E-4;290,50;0,01
7,566;0,299;1,022;9,34E-5;93,39;5,32E-4;290,36;0,01
7,567;0,300;1,023;9,34E-5;93,43;3,75E-4;290,44;0,01
7,568;0,300;1,023;9,34E-5;93,43;3,60E-4;290,51;0,01
7,569;0,300;1,023;9,34E-5;93,43;3,50E-4;290,45;0,01
7,570;0,302;1,026;9,35E-5;93,50;2,91E-5;290,76;0,01
7,571;0,302;1,025;9,35E-5;93,49;6,37E-5;290,72;0,01
7,572;0,301;1,024;9,35E-5;93,46;1,97E-4;290,60;0,01
7,573;0,301;1,024;9,35E-5;93,47;1,75E-4;290,58;0,01
7,574;0,300;1,023;9,34E-5;93,43;3,50E-4;290,49;0,01
7,575;0,302;1,025;9,35E-5;93,49;7,10E-5;290,65;0,01
7,576;0,302;1,025;9,35E-5;93,48;1,04E-4;290,64;0,01
7,577;0,301;1,023;9,34E-5;93,45;2,68E-4;290,50;0,01
7,578;0,300;1,023;9,34E-5;93,45;2,84E-4;290,50;0,01
7,579;0,300;1,023;9,34E-5;93,44;2,89E-4;290,51;0,01
7,580;0,301;1,024;9,35E-5;93,46;2,17E-4;290,57;0,01
7,581;0,301;1,024;9,35E-5;93,46;2,22E-4;290,57;0,01
7,582;0,300;1,023;9,34E-5;93,44;3,26E-4;290,47;0,01
7,583;0,300;1,023;9,34E-5;93,44;3,10E-4;290,52;0,01
7,584;0,302;1,025;9,35E-5;93,48;1,09E-4;290,65;0,01
7,585;0,301;1,024;9,35E-5;93,46;2,24E-4;290,57;0,01
7,586;0,300;1,023;9,34E-5;93,42;4,10E-4;290,40;0,01
7,587;0,299;1,022;9,34E-5;93,40;4,75E-4;290,34;0,01
7,588;0,300;1,022;9,34E-5;93,42;4,19E-4;290,39;0,01
7,589;0,300;1,023;9,34E-5;93,43;3,50E-4;290,41;0,01
7,590;0,301;1,023;9,34E-5;93,45;2,71E-4;290,51;0,01
7,591;0,301;1,024;9,35E-5;93,46;2,22E-4;290,53;0,01
7,592;0,302;1,024;9,35E-5;93,48;1,15E-4;290,61;0,01
7,593;0,300;1,023;9,34E-5;93,44;2,99E-4;290,46;0,01
7,594;0,301;1,024;9,35E-5;93,46;2,00E-4;290,55;0,01
7,595;0,301;1,024;9,35E-5;93,46;1,98E-4;290,55;0,01
7,596;0,301;1,023;9,35E-5;93,45;2,42E-4;290,50;0,01
7,597;0,301;1,023;9,34E-5;93,45;2,75E-4;290,47;0,01
7,598;0,301;1,024;9,35E-5;93,47;1,82E-4;290,59;0,01
7,599;0,301;1,024;9,35E-5;93,47;1,55E-4;290,57;0,01
7,600;0,301;1,024;9,35E-5;93,47;1,82E-4;290,54;0,01
7,601;0,300;1,023;9,34E-5;93,43;3,50E-4;290,41;0,01
7,602;0,300;1,022;9,34E-5;93,42;4,17E-4;290,33;0,01
7,603;0,301;1,024;9,35E-5;93,47;1,62E-4;290,53;0,01
7,604;0,301;1,023;9,34E-5;93,45;2,66E-4;290,52;0,01
7,605;0,301;1,023;9,35E-5;93,47;1,86E-4;290,52;0,01
7,606;0,301;1,023;9,35E-5;93,46;2,26E-4;290,47;0,01
7,607;0,301;1,024;9,35E-5;93,46;1,97E-4;290,53;0,01
7,608;0,300;1,022;9,34E-5;93,44;3,31E-4;290,40;0,01
7,609;0,301;1,023;9,35E-5;93,46;2,17E-4;290,51;0,01
7,610;0,300;1,022;9,34E-5;93,44;2,97E-4;290,40;0,01
7,611;0,300;1,022;9,34E-5;93,44;3,22E-4;290,40;0,01
7,612;0,300;1,023;9,34E-5;93,44;3,31E-4;290,45;0,01
7,613;0,301;1,023;9,34E-5;93,45;2,64E-4;290,42;0,01
7,614;0,299;1,022;9,34E-5;93,41;4,68E-4;290,31;0,01
7,615;0,300;1,023;9,34E-5;93,44;2,91E-4;290,42;0,01
7,616;0,301;1,023;9,35E-5;93,46;2,29E-4;290,46;0,01
7,617;0,301;1,023;9,35E-5;93,47;1,53E-4;290,50;0,01
7,618;0,301;1,023;9,35E-5;93,46;2,17E-4;290,44;0,01
7,619;0,300;1,022;9,34E-5;93,44;3,24E-4;290,38;0,01
7,620;0,300;1,022;9,34E-5;93,41;4,28E-4;290,30;0,01
7,621;0,302;1,023;9,35E-5;93,48;1,22E-4;290,51;0,01
7,622;0,301;1,023;9,34E-5;93,45;2,66E-4;290,45;0,01
7,623;0,300;1,022;9,34E-5;93,44;3,13E-4;290,36;0,01
7,624;0,301;1,023;9,35E-5;93,47;1,75E-4;290,50;0,01
7,625;0,300;1,022;9,34E-5;93,44;3,20E-4;290,39;0,01
7,626;0,299;1,022;9,34E-5;93,41;4,33E-4;290,31;0,01
7,627;0,300;1,022;9,34E-5;93,42;3,90E-4;290,36;0,01
7,628;0,300;1,022;9,34E-5;93,44;3,28E-4;290,40;0,01
7,629;0,301;1,022;9,34E-5;93,45;2,73E-4;290,39;0,01
7,630;0,301;1,023;9,35E-5;93,45;2,44E-4;290,46;0,01
7,631;0,301;1,023;9,35E-5;93,46;2,26E-4;290,42;0,01
7,632;0,300;1,022;9,34E-5;93,44;2,97E-4;290,35;0,01
7,633;0,300;1,022;9,34E-5;93,42;4,02E-4;290,32;0,01
7,634;0,300;1,022;9,34E-5;93,44;3,08E-4;290,38;0,01
7,635;0,300;1,021;9,34E-5;93,42;4,21E-4;290,28;0,01
7,636;0,302;1,024;9,35E-5;93,49;5,82E-5;290,53;0,01
7,637;0,300;1,023;9,34E-5;93,44;3,31E-4;290,41;0,01
7,638;0,300;1,022;9,34E-5;93,43;3,68E-4;290,36;0,01
7,639;0,300;1,022;9,34E-5;93,42;3,93E-4;290,30;0,01
7,640;0,301;1,023;9,34E-5;93,45;2,62E-4;290,44;0,01
7,641;0,301;1,023;9,35E-5;93,47;1,57E-4;290,49;0,01
7,642;0,301;1,023;9,35E-5;93,45;2,48E-4;290,42;0,01
7,643;0,300;1,022;9,34E-5;93,44;3,24E-4;290,32;0,01
7,644;0,302;1,024;9,35E-5;93,50;1,82E-5;290,59;0,01
7,645;0,302;1,024;9,35E-5;93,50;3,28E-5;290,57;0,01
7,646;0,301;1,023;9,35E-5;93,48;1,35E-4;290,47;0,01
7,647;0,300;1,022;9,34E-5;93,44;2,89E-4;290,37;0,01
7,648;0,302;1,024;9,35E-5;93,49;7,10E-5;290,53;0,01
7,649;0,301;1,023;9,34E-5;93,45;2,64E-4;290,42;0,01
7,650;0,301;1,022;9,35E-5;93,45;2,44E-4;290,39;0,01
7,651;0,302;1,023;9,35E-5;93,48;1,24E-4;290,49;0,01
7,652;0,302;1,024;9,35E-5;93,51;-7,28E-6;290,57;0,01
7,653;0,301;1,022;9,35E-5;93,46;2,13E-4;290,39;0,01
7,654;0,302;1,023;9,35E-5;93,49;8,19E-5;290,49;0,01
7,655;0,301;1,022;9,35E-5;93,46;2,26E-4;290,38;0,01
7,656;0,301;1,022;9,35E-5;93,47;1,66E-4;290,37;0,01
7,657;0,300;1,021;9,34E-5;93,42;4,08E-4;290,24;0,01
7,658;0,300;1,022;9,34E-5;93,44;3,06E-4;290,32;0,01
7,659;0,300;1,022;9,34E-5;93,43;3,48E-4;290,29;0,01
7,660;0,299;1,021;9,34E-5;93,40;4,90E-4;290,19;0,01
7,661;0,301;1,023;9,35E-5;93,47;1,47E-4;290,41;0,01
7,662;0,301;1,022;9,35E-5;93,47;1,69E-4;290,40;0,01
7,663;0,301;1,023;9,35E-5;93,46;1,95E-4;290,40;0,01
7,664;0,301;1,023;9,35E-5;93,48;1,33E-4;290,47;0,01
7,665;0,302;1,023;9,35E-5;93,50;1,09E-5;290,49;0,01
7,666;0,301;1,022;9,35E-5;93,46;2,35E-4;290,34;0,01
7,667;0,302;1,023;9,35E-5;93,48;1,00E-4;290,47;0,01
7,668;0,302;1,023;9,35E-5;93,48;1,04E-4;290,44;0,01
7,669;0,301;1,022;9,35E-5;93,45;2,53E-4;290,37;0,01
7,670;0,300;1,022;9,34E-5;93,43;3,59E-4;290,30;0,01
7,671;0,303;1,024;9,35E-5;93,52;-7,10E-5;290,60;0,01
7,672;0,300;1,021;9,34E-5;93,42;4,15E-4;290,23;0,01
7,673;0,299;1,020;9,34E-5;93,40;4,73E-4;290,16;0,01
7,674;0,300;1,021;9,34E-5;93,43;3,53E-4;290,26;0,01
7,675;0,302;1,024;9,35E-5;93,50;3,28E-5;290,53;0,01
7,676;0,301;1,022;9,35E-5;93,46;2,08E-4;290,37;0,01
7,677;0,302;1,023;9,35E-5;93,48;1,11E-4;290,43;0,01
7,678;0,301;1,022;9,35E-5;93,45;2,42E-4;290,33;0,01
7,679;0,301;1,022;9,35E-5;93,46;2,13E-4;290,37;0,01
7,680;0,299;1,021;9,34E-5;93,41;4,30E-4;290,20;0,01
7,681;0,301;1,022;9,35E-5;93,46;2,02E-4;290,36;0,01
7,682;0,300;1,022;9,34E-5;93,44;2,99E-4;290,29;0,01
7,683;0,302;1,023;9,35E-5;93,50;4,19E-5;290,46;0,01
7,684;0,300;1,021;9,34E-5;93,44;3,02E-4;290,28;0,01
7,685;0,301;1,022;9,35E-5;93,46;2,17E-4;290,34;0,01
7,686;0,301;1,022;9,35E-5;93,47;1,82E-4;290,38;0,01
7,687;0,300;1,021;9,34E-5;93,44;3,20E-4;290,28;0,01
7,688;0,300;1,021;9,34E-5;93,43;3,77E-4;290,23;0,01
7,689;0,300;1,021;9,34E-5;93,43;3,73E-4;290,24;0,01
7,690;0,301;1,022;9,35E-5;93,46;1,95E-4;290,34;0,01
7,691;0,299;1,020;9,34E-5;93,41;4,57E-4;290,16;0,01
7,692;0,301;1,021;9,35E-5;93,45;2,53E-4;290,28;0,01
7,693;0,300;1,022;9,34E-5;93,44;2,91E-4;290,29;0,01
7,694;0,301;1,022;9,35E-5;93,46;2,29E-4;290,35;0,01
7,695;0,300;1,021;9,34E-5;93,43;3,59E-4;290,23;0,01
7,696;0,300;1,021;9,34E-5;93,43;3,62E-4;290,21;0,01
7,697;0,301;1,022;9,35E-5;93,46;2,26E-4;290,30;0,01
7,698;0,300;1,021;9,34E-5;93,44;2,88E-4;290,25;0,01
7,699;0,300;1,021;9,34E-5;93,44;3,02E-4;290,23;0,01
7,700;0,301;1,022;9,35E-5;93,48;1,40E-4;290,38;0,01
7,701;0,301;1,022;9,35E-5;93,45;2,51E-4;290,31;0,01
7,702;0,300;1,021;9,34E-5;93,44;2,86E-4;290,27;0,01
7,703;0,300;1,021;9,34E-5;93,44;3,11E-4;290,24;0,01
7,704;0,300;1,021;9,34E-5;93,42;3,81E-4;290,19;0,01
7,705;0,300;1,021;9,34E-5;93,44;2,88E-4;290,24;0,01
7,706;0,301;1,022;9,35E-5;93,46;2,02E-4;290,30;0,01
7,707;0,300;1,021;9,34E-5;93,44;3,00E-4;290,27;0,01
7,708;0,301;1,021;9,34E-5;93,45;2,68E-4;290,24;0,01
7,709;0,301;1,022;9,35E-5;93,47;1,80E-4;290,32;0,01
7,710;0,301;1,021;9,35E-5;93,46;2,33E-4;290,28;0,01
7,711;0,301;1,022;9,35E-5;93,46;2,31E-4;290,30;0,01
7,712;0,301;1,021;9,35E-5;93,46;2,20E-4;290,25;0,01
7,713;0,300;1,021;9,34E-5;93,43;3,48E-4;290,22;0,01
7,714;0,301;1,022;9,35E-5;93,47;1,51E-4;290,34;0,01
7,715;0,300;1,021;9,34E-5;93,44;2,93E-4;290,24;0,01
7,716;0,301;1,022;9,35E-5;93,48;1,35E-4;290,35;0,01
7,717;0,300;1,021;9,34E-5;93,43;3,53E-4;290,18;0,01
7,718;0,301;1,022;9,35E-5;93,47;1,91E-4;290,30;0,01
7,719;0,302;1,022;9,35E-5;93,49;9,46E-5;290,34;0,01
7,720;0,302;1,023;9,35E-5;93,50;4,91E-5;290,43;0,01
7,721;0,302;1,022;9,35E-5;93,48;1,18E-4;290,36;0,01
7,722;0,300;1,021;9,34E-5;93,44;3,02E-4;290,22;0,01
7,723;0,301;1,021;9,35E-5;93,46;2,29E-4;290,27;0,01
7,724;0,301;1,021;9,35E-5;93,45;2,38E-4;290,25;0,01
7,725;0,301;1,021;9,34E-5;93,45;2,75E-4;290,19;0,01
7,726;0,301;1,021;9,35E-5;93,47;1,66E-4;290,28;0,01
7,727;0,300;1,021;9,34E-5;93,44;2,91E-4;290,22;0,01
7,728;0,300;1,020;9,34E-5;93,42;4,02E-4;290,13;0,01
7,729;0,300;1,020;9,34E-5;93,44;2,93E-4;290,16;0,01
7,730;0,300;1,020;9,34E-5;93,43;3,40E-4;290,14;0,01
7,731;0,301;1,021;9,35E-5;93,47;1,49E-4;290,26;0,01
7,732;0,302;1,022;9,35E-5;93,49;9,65E-5;290,34;0,01
7,733;0,301;1,022;9,35E-5;93,47;1,87E-4;290,31;0,01
7,734;0,301;1,021;9,35E-5;93,47;1,84E-4;290,22;0,01
7,735;0,302;1,022;9,35E-5;93,48;1,29E-4;290,33;0,01
7,736;0,300;1,020;9,34E-5;93,44;3,10E-4;290,14;0,01
7,737;0,301;1,021;9,35E-5;93,45;2,42E-4;290,19;0,01
7,738;0,300;1,020;9,34E-5;93,43;3,71E-4;290,09;0,01
7,739;0,300;1,020;9,34E-5;93,43;3,68E-4;290,11;0,01
7,740;0,301;1,021;9,34E-5;93,45;2,71E-4;290,21;0,01
7,741;0,300;1,021;9,34E-5;93,45;2,80E-4;290,18;0,01
7,742;0,300;1,020;9,34E-5;93,43;3,44E-4;290,14;0,01
7,743;0,302;1,021;9,35E-5;93,48;1,29E-4;290,25;0,01
7,744;0,301;1,021;9,35E-5;93,46;2,04E-4;290,24;0,01
7,745;0,300;1,020;9,34E-5;93,43;3,50E-4;290,13;0,01
7,746;0,301;1,021;9,35E-5;93,46;2,37E-4;290,21;0,01
7,747;0,301;1,021;9,35E-5;93,46;2,04E-4;290,19;0,01
7,748;0,301;1,021;9,35E-5;93,48;1,31E-4;290,25;0,01
7,749;0,301;1,020;9,35E-5;93,46;2,37E-4;290,15;0,01
7,750;0,302;1,022;9,35E-5;93,48;1,00E-4;290,29;0,01
7,751;0,302;1,022;9,35E-5;93,48;1,26E-4;290,30;0,01
7,752;0,301;1,021;9,35E-5;93,45;2,55E-4;290,21;0,01
7,753;0,300;1,020;9,34E-5;93,44;2,97E-4;290,13;0,01
7,754;0,301;1,021;9,35E-5;93,46;2,28E-4;290,22;0,01
7,755;0,301;1,021;9,35E-5;93,48;1,44E-4;290,26;0,01
7,756;0,300;1,020;9,34E-5;93,44;3,06E-4;290,14;0,01
7,757;0,301;1,021;9,35E-5;93,46;2,37E-4;290,17;0,01
7,758;0,301;1,020;9,35E-5;93,45;2,60E-4;290,15;0,01
7,759;0,300;1,020;9,34E-5;93,43;3,62E-4;290,07;0,01
7,760;0,302;1,021;9,35E-5;93,48;1,15E-4;290,26;0,01
7,761;0,301;1,021;9,35E-5;93,47;1,58E-4;290,21;0,01
7,762;0,302;1,021;9,35E-5;93,48;1,16E-4;290,24;0,01
7,763;0,301;1,020;9,35E-5;93,45;2,60E-4;290,16;0,01
7,764;0,300;1,020;9,34E-5;93,44;3,15E-4;290,12;0,01
7,765;0,301;1,020;9,35E-5;93,45;2,59E-4;290,15;0,01
7,766;0,301;1,020;9,35E-5;93,46;2,29E-4;290,14;0,01
7,767;0,301;1,021;9,35E-5;93,46;2,37E-4;290,18;0,01
7,768;0,302;1,021;9,35E-5;93,48;1,27E-4;290,22;0,01
7,769;0,302;1,021;9,35E-5;93,49;9,10E-5;290,24;0,01
7,770;0,301;1,021;9,35E-5;93,48;1,31E-4;290,26;0,01
7,771;0,302;1,021;9,35E-5;93,48;1,07E-4;290,26;0,01
7,772;0,301;1,021;9,35E-5;93,48;1,42E-4;290,27;0,01
7,773;0,301;1,021;9,35E-5;93,47;1,47E-4;290,22;0,01
7,774;0,299;1,019;9,34E-5;93,41;4,42E-4;290,00;0,01
7,775;0,300;1,019;9,34E-5;93,44;3,30E-4;290,04;0,01
7,776;0,302;1,021;9,35E-5;93,49;8,74E-5;290,25;0,01
7,777;0,302;1,021;9,35E-5;93,49;9,46E-5;290,26;0,01
7,778;0,300;1,020;9,34E-5;93,44;2,93E-4;290,11;0,01
7,779;0,300;1,020;9,34E-5;93,45;2,84E-4;290,10;0,01
7,780;0,300;1,020;9,34E-5;93,43;3,33E-4;290,12;0,01
7,781;0,301;1,020;9,35E-5;93,46;2,02E-4;290,16;0,01
7,782;0,301;1,020;9,35E-5;93,46;2,17E-4;290,16;0,01
7,783;0,300;1,020;9,34E-5;93,45;2,84E-4;290,11;0,01
7,784;0,301;1,020;9,35E-5;93,45;2,60E-4;290,11;0,01
7,785;0,301;1,020;9,34E-5;93,45;2,64E-4;290,09;0,01
7,786;0,300;1,019;9,34E-5;93,43;3,46E-4;290,01;0,01
7,787;0,301;1,021;9,35E-5;93,47;1,67E-4;290,20;0,01
7,788;0,302;1,021;9,35E-5;93,49;5,28E-5;290,28;0,01
7,789;0,301;1,020;9,35E-5;93,46;2,37E-4;290,13;0,01
7,790;0,301;1,021;9,35E-5;93,47;1,49E-4;290,19;0,01
7,791;0,301;1,020;9,35E-5;93,47;1,71E-4;290,15;0,01
7,792;0,302;1,021;9,35E-5;93,49;9,65E-5;290,20;0,01
7,793;0,301;1,020;9,35E-5;93,46;1,97E-4;290,12;0,01
7,794;0,302;1,021;9,35E-5;93,49;8,19E-5;290,22;0,01
7,795;0,302;1,021;9,35E-5;93,48;1,18E-4;290,22;0,01
7,796;0,302;1,021;9,35E-5;93,48;1,26E-4;290,18;0,01
7,797;0,301;1,021;9,35E-5;93,47;1,60E-4;290,20;0,01
7,798;0,301;1,020;9,35E-5;93,46;2,26E-4;290,09;0,01
7,799;0,303;1,022;9,35E-5;93,51;-3,46E-5;290,37;0,01
7,800;0,301;1,020;9,35E-5;93,47;1,64E-4;290,14;0,01
7,801;0,301;1,020;9,34E-5;93,45;2,68E-4;290,09;0,01
7,802;0,300;1,019;9,34E-5;93,44;3,30E-4;290,04;0,01
7,803;0,301;1,020;9,35E-5;93,47;1,91E-4;290,15;0,01
7,804;0,300;1,020;9,34E-5;93,44;2,86E-4;290,05;0,01
7,805;0,301;1,019;9,34E-5;93,45;2,73E-4;290,04;0,01
7,806;0,302;1,021;9,35E-5;93,49;8,19E-5;290,19;0,01
7,807;0,301;1,020;9,35E-5;93,46;2,29E-4;290,07;0,01
7,808;0,301;1,020;9,35E-5;93,47;1,82E-4;290,08;0,01
7,809;0,300;1,020;9,34E-5;93,44;2,93E-4;290,06;0,01
7,810;0,300;1,019;9,34E-5;93,44;2,89E-4;290,01;0,01
7,811;0,300;1,019;9,34E-5;93,43;3,40E-4;289,99;0,00
7,812;0,300;1,020;9,34E-5;93,45;2,84E-4;290,07;0,01
7,813;0,300;1,019;9,34E-5;93,44;3,02E-4;290,03;0,01
7,814;0,300;1,019;9,34E-5;93,44;3,00E-4;289,98;0,00
7,815;0,299;1,018;9,34E-5;93,40;4,86E-4;289,87;0,00
7,816;0,301;1,020;9,35E-5;93,46;2,17E-4;290,12;0,01
7,817;0,302;1,020;9,35E-5;93,48;1,04E-4;290,12;0,01
7,818;0,301;1,020;9,35E-5;93,47;1,89E-4;290,13;0,01
7,819;0,301;1,020;9,35E-5;93,46;2,28E-4;290,08;0,01
7,820;0,301;1,020;9,35E-5;93,47;1,60E-4;290,15;0,01
7,821;0,301;1,020;9,35E-5;93,47;1,77E-4;290,11;0,01
7,822;0,300;1,019;9,34E-5;93,44;2,86E-4;290,04;0,01
7,823;0,302;1,020;9,35E-5;93,48;1,26E-4;290,12;0,01
7,824;0,301;1,020;9,35E-5;93,46;2,09E-4;290,09;0,01
7,825;0,302;1,021;9,35E-5;93,48;1,22E-4;290,17;0,01
7,826;0,300;1,019;9,34E-5;93,44;3,06E-4;290,02;0,01
7,827;0,300;1,019;9,34E-5;93,43;3,60E-4;289,96;0,00
7,828;0,300;1,019;9,34E-5;93,44;3,00E-4;290,00;0,01
7,829;0,300;1,019;9,34E-5;93,44;2,91E-4;290,01;0,01
7,830;0,301;1,019;9,35E-5;93,45;2,42E-4;290,04;0,01
7,831;0,300;1,019;9,34E-5;93,44;3,24E-4;289,96;0,00
7,832;0,300;1,019;9,34E-5;93,44;3,28E-4;289,98;0,00
7,833;0,301;1,020;9,35E-5;93,47;1,47E-4;290,14;0,01
7,834;0,301;1,020;9,35E-5;93,47;1,69E-4;290,11;0,01
7,835;0,301;1,019;9,34E-5;93,45;2,77E-4;289,97;0,00
7,836;0,301;1,020;9,35E-5;93,47;1,86E-4;290,07;0,01
7,837;0,301;1,020;9,35E-5;93,47;1,57E-4;290,08;0,01
7,838;0,301;1,019;9,35E-5;93,45;2,60E-4;290,00;0,01
7,839;0,300;1,019;9,34E-5;93,44;3,30E-4;289,98;0,00
7,840;0,299;1,018;9,34E-5;93,41;4,61E-4;289,86;0,00
7,841;0,300;1,019;9,34E-5;93,43;3,35E-4;289,98;0,00
7,842;0,301;1,019;9,34E-5;93,45;2,69E-4;289,97;0,00
7,843;0,300;1,019;9,34E-5;93,43;3,42E-4;289,94;0,00
7,844;0,301;1,019;9,34E-5;93,45;2,64E-4;290,00;0,01
7,845;0,302;1,020;9,35E-5;93,49;6,92E-5;290,14;0,01
7,846;0,302;1,021;9,35E-5;93,50;3,28E-5;290,18;0,01
7,847;0,301;1,020;9,35E-5;93,47;1,55E-4;290,07;0,01
7,848;0,299;1,018;9,34E-5;93,40;4,77E-4;289,86;0,00
7,849;0,299;1,018;9,34E-5;93,41;4,42E-4;289,83;0,00
7,850;0,301;1,019;9,34E-5;93,45;2,73E-4;289,97;0,00
7,851;0,301;1,019;9,35E-5;93,47;1,91E-4;290,02;0,01
7,852;0,301;1,019;9,35E-5;93,46;2,29E-4;290,02;0,01
7,853;0,301;1,019;9,35E-5;93,46;2,24E-4;289,98;0,00
7,854;0,300;1,018;9,34E-5;93,43;3,60E-4;289,89;0,00
7,855;0,300;1,019;9,34E-5;93,44;2,88E-4;289,99;0,00
7,856;0,300;1,018;9,34E-5;93,43;3,46E-4;289,93;0,00
7,857;0,301;1,019;9,35E-5;93,47;1,75E-4;290,05;0,01
7,858;0,300;1,018;9,34E-5;93,43;3,51E-4;289,91;0,00
7,859;0,301;1,019;9,35E-5;93,46;2,31E-4;290,03;0,01
7,860;0,301;1,019;9,35E-5;93,46;2,37E-4;290,03;0,01
7,861;0,301;1,020;9,35E-5;93,47;1,47E-4;290,07;0,01
7,862;0,301;1,019;9,35E-5;93,46;2,17E-4;290,00;0,01
7,863;0,301;1,019;9,35E-5;93,46;2,28E-4;289,98;0,00
7,864;0,299;1,017;9,34E-5;93,41;4,55E-4;289,81;0,00
7,865;0,300;1,018;9,34E-5;93,42;4,04E-4;289,88;0,00
7,866;0,300;1,018;9,34E-5;93,42;3,97E-4;289,87;0,00
7,867;0,301;1,019;9,35E-5;93,46;2,35E-4;290,00;0,01
7,868;0,301;1,019;9,35E-5;93,46;2,06E-4;290,00;0,01
7,869;0,300;1,019;9,34E-5;93,44;2,91E-4;289,98;0,00
7,870;0,300;1,018;9,34E-5;93,44;3,00E-4;289,93;0,00
7,871;0,300;1,018;9,34E-5;93,44;2,89E-4;289,93;0,00
7,872;0,300;1,018;9,34E-5;93,44;3,13E-4;289,89;0,00
7,873;0,300;1,018;9,34E-5;93,43;3,68E-4;289,89;0,00
7,874;0,301;1,018;9,35E-5;93,45;2,59E-4;289,93;0,00
7,875;0,301;1,019;9,35E-5;93,47;1,73E-4;290,03;0,01
7,876;0,301;1,019;9,35E-5;93,46;1,95E-4;289,98;0,00
7,877;0,302;1,020;9,35E-5;93,50;1,09E-5;290,15;0,01
7,878;0,302;1,019;9,35E-5;93,48;1,16E-4;290,03;0,01
7,879;0,302;1,020;9,35E-5;93,49;9,46E-5;290,08;0,01
7,880;0,301;1,019;9,35E-5;93,47;1,57E-4;290,03;0,01
7,881;0,301;1,019;9,35E-5;93,48;1,44E-4;290,03;0,01
7,882;0,300;1,018;9,34E-5;93,43;3,70E-4;289,89;0,00
7,883;0,299;1,017;9,34E-5;93,39;5,59E-4;289,73;0,00
7,884;0,299;1,017;9,34E-5;93,40;5,15E-4;289,75;0,00
7,885;0,300;1,018;9,34E-5;93,42;3,91E-4;289,87;0,00
7,886;0,301;1,018;9,34E-5;93,45;2,75E-4;289,93;0,00
7,887;0,302;1,020;9,35E-5;93,50;4,19E-5;290,16;0,01
7,888;0,300;1,018;9,34E-5;93,43;3,75E-4;289,87;0,00
7,889;0,300;1,018;9,34E-5;93,42;3,95E-4;289,83;0,00
7,890;0,300;1,018;9,34E-5;93,45;2,84E-4;289,92;0,00
7,891;0,301;1,019;9,35E-5;93,46;1,97E-4;289,94;0,00
7,892;0,301;1,018;9,34E-5;93,45;2,62E-4;289,92;0,00
7,893;0,299;1,016;9,34E-5;93,40;4,99E-4;289,70;0,00
7,894;0,300;1,018;9,34E-5;93,42;3,91E-4;289,82;0,00
7,895;0,301;1,019;9,35E-5;93,47;1,75E-4;290,02;0,01
7,896;0,301;1,018;9,35E-5;93,46;2,15E-4;289,92;0,00
7,897;0,300;1,018;9,34E-5;93,43;3,44E-4;289,86;0,00
7,898;0,301;1,018;9,34E-5;93,45;2,64E-4;289,92;0,00
7,899;0,301;1,019;9,35E-5;93,46;2,18E-4;289,95;0,00
7,900;0,300;1,018;9,34E-5;93,44;2,93E-4;289,90;0,00
7,901;0,301;1,019;9,35E-5;93,46;2,37E-4;289,95;0,00
7,902;0,300;1,018;9,34E-5;93,43;3,62E-4;289,88;0,00
7,903;0,300;1,018;9,34E-5;93,44;3,24E-4;289,89;0,00
7,904;0,301;1,019;9,35E-5;93,48;1,35E-4;290,01;0,01
7,905;0,301;1,019;9,35E-5;93,45;2,46E-4;289,94;0,00
7,906;0,302;1,019;9,35E-5;93,49;8,19E-5;290,03;0,01
7,907;0,301;1,019;9,35E-5;93,47;1,87E-4;289,98;0,00
7,908;0,302;1,020;9,35E-5;93,50;4,73E-5;290,08;0,01
7,909;0,301;1,019;9,35E-5;93,46;1,97E-4;289,96;0,00
7,910;0,300;1,017;9,34E-5;93,44;3,22E-4;289,82;0,00
7,911;0,300;1,018;9,34E-5;93,42;3,79E-4;289,82;0,00
7,912;0,301;1,018;9,35E-5;93,45;2,46E-4;289,90;0,00
7,913;0,301;1,018;9,34E-5;93,45;2,68E-4;289,93;0,00
7,914;0,301;1,019;9,35E-5;93,47;1,46E-4;289,97;0,00
7,915;0,300;1,018;9,34E-5;93,44;3,10E-4;289,87;0,00
7,916;0,300;1,018;9,34E-5;93,44;2,88E-4;289,86;0,00
7,917;0,300;1,018;9,34E-5;93,43;3,55E-4;289,84;0,00
7,918;0,301;1,018;9,35E-5;93,47;1,66E-4;289,92;0,00
7,919;0,300;1,018;9,34E-5;93,42;3,95E-4;289,83;0,00
7,920;0,302;1,019;9,35E-5;93,48;1,22E-4;289,98;0,00
7,921;0,301;1,018;9,35E-5;93,46;2,00E-4;289,93;0,00
7,922;0,300;1,017;9,34E-5;93,43;3,50E-4;289,81;0,00
7,923;0,301;1,019;9,35E-5;93,46;2,18E-4;289,94;0,00
7,924;0,301;1,018;9,35E-5;93,45;2,49E-4;289,89;0,00
7,925;0,300;1,017;9,34E-5;93,43;3,46E-4;289,81;0,00
7,926;0,300;1,018;9,34E-5;93,44;2,88E-4;289,84;0,00
7,927;0,300;1,017;9,34E-5;93,42;4,21E-4;289,74;0,00
7,928;0,301;1,018;9,35E-5;93,46;2,08E-4;289,90;0,00
7,929;0,301;1,018;9,35E-5;93,47;1,62E-4;289,91;0,00
7,930;0,301;1,019;9,35E-5;93,48;1,31E-4;289,95;0,00
7,931;0,301;1,018;9,34E-5;93,45;2,77E-4;289,87;0,00
7,932;0,300;1,017;9,34E-5;93,44;3,22E-4;289,80;0,00
7,933;0,301;1,018;9,34E-5;93,45;2,62E-4;289,85;0,00
7,934;0,300;1,017;9,34E-5;93,42;3,90E-4;289,77;0,00
7,935;0,301;1,018;9,35E-5;93,46;2,24E-4;289,89;0,00
7,936;0,301;1,018;9,35E-5;93,46;2,00E-4;289,92;0,00
7,937;0,300;1,017;9,34E-5;93,43;3,42E-4;289,79;0,00
7,938;0,301;1,018;9,35E-5;93,47;1,82E-4;289,89;0,00
7,939;0,301;1,018;9,34E-5;93,45;2,79E-4;289,84;0,00
7,940;0,299;1,017;9,34E-5;93,40;4,97E-4;289,71;0,00
7,941;0,300;1,017;9,34E-5;93,42;3,99E-4;289,76;0,00
7,942;0,300;1,017;9,34E-5;93,43;3,44E-4;289,79;0,00
7,943;0,300;1,017;9,34E-5;93,43;3,50E-4;289,79;0,00
7,944;0,302;1,019;9,35E-5;93,49;5,64E-5;289,98;0,00
7,945;0,302;1,019;9,35E-5;93,50;2,37E-5;290,05;0,01
7,946;0,302;1,020;9,35E-5;93,49;6,01E-5;290,06;0,01
7,947;0,301;1,018;9,35E-5;93,45;2,44E-4;289,88;0,00
7,948;0,301;1,018;9,35E-5;93,46;2,04E-4;289,89;0,00
7,949;0,301;1,018;9,34E-5;93,45;2,68E-4;289,83;0,00
7,950;0,300;1,017;9,34E-5;93,44;2,93E-4;289,78;0,00
7,951;0,301;1,018;9,34E-5;93,45;2,66E-4;289,83;0,00
7,952;0,300;1,017;9,34E-5;93,43;3,64E-4;289,74;0,00
7,953;0,301;1,018;9,35E-5;93,47;1,58E-4;289,89;0,00
7,954;0,301;1,018;9,35E-5;93,47;1,84E-4;289,87;0,00
7,955;0,301;1,018;9,35E-5;93,46;2,04E-4;289,85;0,00
7,956;0,301;1,018;9,34E-5;93,45;2,68E-4;289,83;0,00
7,957;0,301;1,017;9,34E-5;93,45;2,73E-4;289,78;0,00
7,958;0,301;1,018;9,35E-5;93,46;2,18E-4;289,85;0,00
7,959;0,301;1,018;9,35E-5;93,47;1,89E-4;289,87;0,00
7,960;0,300;1,017;9,34E-5;93,43;3,39E-4;289,75;0,00
7,961;0,301;1,018;9,35E-5;93,46;2,00E-4;289,85;0,00
7,962;0,300;1,017;9,34E-5;93,43;3,64E-4;289,72;0,00
7,963;0,301;1,017;9,34E-5;93,45;2,68E-4;289,82;0,00
7,964;0,300;1,017;9,34E-5;93,43;3,51E-4;289,73;0,00
7,965;0,301;1,018;9,35E-5;93,46;2,11E-4;289,88;0,00
7,966;0,301;1,018;9,35E-5;93,48;1,33E-4;289,93;0,00
7,967;0,302;1,019;9,35E-5;93,50;2,91E-5;289,96;0,00
7,968;0,302;1,019;9,35E-5;93,50;2,91E-5;289,98;0,00
7,969;0,301;1,018;9,35E-5;93,47;1,71E-4;289,89;0,00
7,970;0,301;1,018;9,35E-5;93,46;2,13E-4;289,84;0,00
7,971;0,301;1,017;9,35E-5;93,46;2,26E-4;289,81;0,00
7,972;0,301;1,018;9,35E-5;93,46;2,28E-4;289,83;0,00
7,973;0,301;1,018;9,35E-5;93,47;1,84E-4;289,88;0,00
7,974;0,300;1,017;9,34E-5;93,44;3,04E-4;289,75;0,00
7,975;0,301;1,018;9,35E-5;93,46;2,08E-4;289,83;0,00
7,976;0,301;1,018;9,35E-5;93,48;1,42E-4;289,85;0,00
7,977;0,302;1,018;9,35E-5;93,49;8,55E-5;289,91;0,00
7,978;0,301;1,017;9,34E-5;93,45;2,77E-4;289,78;0,00
7,979;0,302;1,018;9,35E-5;93,48;1,15E-4;289,91;0,00
7,980;0,301;1,018;9,35E-5;93,47;1,62E-4;289,88;0,00
7,981;0,302;1,019;9,35E-5;93,48;1,06E-4;289,94;0,00
7,982;0,301;1,018;9,35E-5;93,48;1,38E-4;289,89;0,00
7,983;0,300;1,017;9,34E-5;93,43;3,50E-4;289,72;0,00
7,984;0,301;1,017;9,35E-5;93,45;2,38E-4;289,81;0,00
7,985;0,302;1,018;9,35E-5;93,49;9,65E-5;289,91;0,00
7,986;0,301;1,018;9,35E-5;93,47;1,78E-4;289,86;0,00
7,987;0,300;1,017;9,34E-5;93,44;3,10E-4;289,71;0,00
7,988;0,300;1,016;9,34E-5;93,43;3,75E-4;289,69;0,00
7,989;0,301;1,017;9,35E-5;93,46;2,37E-4;289,77;0,00
7,990;0,302;1,018;9,35E-5;93,48;1,07E-4;289,93;0,00
7,991;0,300;1,017;9,34E-5;93,44;2,86E-4;289,75;0,00
7,992;0,301;1,018;9,35E-5;93,46;1,98E-4;289,84;0,00
7,993;0,301;1,017;9,35E-5;93,46;2,18E-4;289,80;0,00
7,994;0,302;1,018;9,35E-5;93,48;1,27E-4;289,88;0,00
7,995;0,301;1,018;9,35E-5;93,47;1,58E-4;289,84;0,00
7,996;0,300;1,017;9,34E-5;93,44;3,30E-4;289,71;0,00
7,997;0,301;1,017;9,34E-5;93,45;2,75E-4;289,74;0,00
7,998;0,300;1,017;9,34E-5;93,43;3,62E-4;289,71;0,00
7,999;0,301;1,017;9,34E-5;93,45;2,77E-4;289,74;0,00
8,000;0,300;1,017;9,34E-5;93,45;2,84E-4;289,72;0,00
8,001;0,301;1,017;9,35E-5;93,46;2,29E-4;289,80;0,00
8,002;0,301;1,017;9,35E-5;93,46;2,37E-4;289,79;0,00
8,003;0,300;1,016;9,34E-5;93,43;3,57E-4;289,69;0,00
8,004;0,300;1,017;9,34E-5;93,44;2,97E-4;289,75;0,00
8,005;0,300;1,016;9,34E-5;93,42;3,88E-4;289,64;0,00
8,006;0,301;1,018;9,35E-5;93,47;1,47E-4;289,85;0,00
8,007;0,301;1,017;9,35E-5;93,46;1,95E-4;289,80;0,00
8,008;0,302;1,018;9,35E-5;93,49;8,92E-5;289,88;0,00
8,009;0,301;1,017;9,35E-5;93,46;2,17E-4;289,81;0,00
8,010;0,302;1,018;9,35E-5;93,48;1,24E-4;289,84;0,00
8,011;0,300;1,017;9,34E-5;93,43;3,40E-4;289,71;0,00
8,012;0,301;1,018;9,35E-5;93,47;1,57E-4;289,84;0,00
8,013;0,302;1,018;9,35E-5;93,49;8,55E-5;289,88;0,00
8,014;0,301;1,017;9,35E-5;93,45;2,59E-4;289,74;0,00
8,015;0,301;1,017;9,35E-5;93,45;2,44E-4;289,71;0,00
8,016;0,300;1,016;9,34E-5;93,43;3,46E-4;289,66;0,00
8,017;0,302;1,018;9,35E-5;93,49;7,83E-5;289,89;0,00
8,018;0,300;1,017;9,34E-5;93,44;3,31E-4;289,70;0,00
8,019;0,300;1,016;9,34E-5;93,42;4,01E-4;289,66;0,00
8,020;0,301;1,017;9,35E-5;93,46;2,13E-4;289,77;0,00
8,021;0,301;1,017;9,34E-5;93,45;2,77E-4;289,72;0,00
8,022;0,300;1,016;9,34E-5;93,44;3,20E-4;289,68;0,00
8,023;0,301;1,018;9,35E-5;93,46;1,93E-4;289,82;0,00
8,024;0,301;1,018;9,35E-5;93,47;1,71E-4;289,83;0,00
8,025;0,301;1,017;9,35E-5;93,47;1,67E-4;289,77;0,00
8,026;0,302;1,018;9,35E-5;93,49;9,83E-5;289,88;0,00
8,027;0,303;1,018;9,35E-5;93,51;-2,73E-5;289,91;0,00
8,028;0,301;1,018;9,35E-5;93,48;1,31E-4;289,83;0,00
8,029;0,301;1,017;9,35E-5;93,47;1,71E-4;289,76;0,00
8,030;0,302;1,018;9,35E-5;93,50;4,37E-5;289,93;0,00
8,031;0,301;1,017;9,35E-5;93,46;2,24E-4;289,75;0,00
8,032;0,301;1,017;9,35E-5;93,47;1,82E-4;289,76;0,00
8,033;0,300;1,017;9,34E-5;93,45;2,84E-4;289,75;0,00
8,034;0,302;1,017;9,35E-5;93,48;1,11E-4;289,80;0,00
8,035;0,301;1,017;9,35E-5;93,45;2,46E-4;289,73;0,00
8,036;0,301;1,017;9,35E-5;93,45;2,49E-4;289,75;0,00
8,037;0,302;1,018;9,35E-5;93,50;5,10E-5;289,89;0,00
8,038;0,301;1,017;9,35E-5;93,46;2,22E-4;289,75;0,00
8,039;0,302;1,018;9,35E-5;93,48;1,26E-4;289,83;0,00
8,040;0,301;1,017;9,35E-5;93,47;1,89E-4;289,74;0,00
8,041;0,300;1,016;9,34E-5;93,42;4,15E-4;289,59;0,00
8,042;0,300;1,015;9,34E-5;93,42;4,08E-4;289,57;0,00
8,043;0,300;1,016;9,34E-5;93,43;3,73E-4;289,60;0,00
8,044;0,301;1,017;9,35E-5;93,47;1,58E-4;289,77;0,00
8,045;0,301;1,017;9,35E-5;93,46;1,97E-4;289,76;0,00
8,046;0,301;1,017;9,35E-5;93,45;2,53E-4;289,74;0,00
8,047;0,301;1,017;9,35E-5;93,46;1,98E-4;289,76;0,00
8,048;0,301;1,017;9,35E-5;93,47;1,60E-4;289,77;0,00
8,049;0,300;1,016;9,34E-5;93,43;3,33E-4;289,64;0,00
8,050;0,302;1,017;9,35E-5;93,49;6,01E-5;289,81;0,00
8,051;0,302;1,018;9,35E-5;93,48;1,09E-4;289,83;0,00
8,052;0,301;1,017;9,35E-5;93,47;1,57E-4;289,74;0,00
8,053;0,300;1,016;9,34E-5;93,44;3,02E-4;289,66;0,00
8,054;0,300;1,016;9,34E-5;93,43;3,44E-4;289,65;0,00
8,055;0,300;1,016;9,34E-5;93,44;2,93E-4;289,63;0,00
8,056;0,301;1,017;9,35E-5;93,48;1,38E-4;289,78;0,00
8,057;0,301;1,016;9,35E-5;93,45;2,60E-4;289,68;0,00
8,058;0,301;1,016;9,34E-5;93,45;2,68E-4;289,66;0,00
8,059;0,301;1,016;9,35E-5;93,46;2,29E-4;289,69;0,00
8,060;0,301;1,016;9,35E-5;93,45;2,46E-4;289,69;0,00
8,061;0,301;1,016;9,34E-5;93,45;2,71E-4;289,67;0,00
8,062;0,302;1,018;9,35E-5;93,49;9,10E-5;289,83;0,00
8,063;0,301;1,017;9,35E-5;93,48;1,44E-4;289,79;0,00
8,064;0,301;1,016;9,34E-5;93,45;2,62E-4;289,66;0,00
8,065;0,301;1,017;9,35E-5;93,46;2,17E-4;289,73;0,00
8,066;0,301;1,016;9,35E-5;93,46;1,97E-4;289,69;0,00
8,067;0,302;1,017;9,35E-5;93,48;1,20E-4;289,80;0,00
8,068;0,301;1,017;9,35E-5;93,48;1,44E-4;289,75;0,00
8,069;0,301;1,016;9,35E-5;93,46;2,00E-4;289,69;0,00
8,070;0,301;1,016;9,35E-5;93,46;2,00E-4;289,69;0,00
8,071;0,302;1,018;9,35E-5;93,49;5,64E-5;289,85;0,00
8,072;0,301;1,016;9,35E-5;93,47;1,66E-4;289,70;0,00
8,073;0,300;1,016;9,34E-5;93,44;3,24E-4;289,61;0,00
8,074;0,300;1,015;9,34E-5;93,43;3,66E-4;289,56;0,00
8,075;0,300;1,016;9,34E-5;93,44;3,28E-4;289,59;0,00
8,076;0,301;1,016;9,34E-5;93,45;2,64E-4;289,68;0,00
8,077;0,300;1,016;9,34E-5;93,44;3,26E-4;289,63;0,00
8,078;0,300;1,015;9,34E-5;93,43;3,39E-4;289,58;0,00
8,079;0,299;1,015;9,34E-5;93,41;4,52E-4;289,51;0,00
8,080;0,300;1,015;9,34E-5;93,43;3,75E-4;289,58;0,00
8,081;0,300;1,015;9,34E-5;93,42;3,88E-4;289,57;0,00
8,082;0,301;1,016;9,34E-5;93,45;2,64E-4;289,65;0,00
8,083;0,302;1,018;9,35E-5;93,50;1,46E-5;289,84;0,00
8,084;0,300;1,016;9,34E-5;93,44;2,91E-4;289,67;0,00
8,085;0,301;1,016;9,35E-5;93,45;2,60E-4;289,69;0,00
8,086;0,300;1,016;9,34E-5;93,44;3,06E-4;289,60;0,00
8,087;0,301;1,017;9,35E-5;93,47;1,77E-4;289,70;0,00
8,088;0,299;1,015;9,34E-5;93,41;4,33E-4;289,56;0,00
8,089;0,300;1,016;9,34E-5;93,43;3,35E-4;289,60;0,00
8,090;0,301;1,016;9,35E-5;93,46;2,22E-4;289,65;0,00
8,091;0,299;1,014;9,34E-5;93,40;5,04E-4;289,47;0,00
8,092;0,301;1,016;9,35E-5;93,45;2,60E-4;289,59;0,00
8,093;0,301;1,016;9,35E-5;93,45;2,53E-4;289,63;0,00
8,094;0,300;1,015;9,34E-5;93,44;3,20E-4;289,55;0,00
8,095;0,301;1,016;9,35E-5;93,46;2,15E-4;289,65;0,00
8,096;0,302;1,017;9,35E-5;93,50;1,46E-5;289,78;0,00
8,097;0,301;1,016;9,35E-5;93,45;2,42E-4;289,65;0,00
8,098;0,301;1,016;9,35E-5;93,45;2,55E-4;289,65;0,00
8,099;0,300;1,015;9,34E-5;93,45;2,82E-4;289,58;0,00
8,100;0,301;1,017;9,35E-5;93,48;1,42E-4;289,73;0,00
8,101;0,301;1,016;9,35E-5;93,46;2,18E-4;289,69;0,00
8,102;0,300;1,015;9,34E-5;93,43;3,68E-4;289,53;0,00
8,103;0,300;1,015;9,34E-5;93,42;4,19E-4;289,52;0,00
8,104;0,300;1,016;9,34E-5;93,44;2,88E-4;289,60;0,00
8,105;0,301;1,016;9,34E-5;93,45;2,68E-4;289,63;0,00
8,106;0,300;1,016;9,34E-5;93,45;2,84E-4;289,60;0,00
8,107;0,302;1,016;9,35E-5;93,48;1,20E-4;289,69;0,00
8,108;0,301;1,016;9,35E-5;93,48;1,44E-4;289,67;0,00
8,109;0,301;1,016;9,34E-5;93,45;2,77E-4;289,60;0,00
8,110;0,302;1,016;9,35E-5;93,48;1,04E-4;289,70;0,00
8,111;0,301;1,016;9,35E-5;93,47;1,77E-4;289,69;0,00
8,112;0,300;1,015;9,34E-5;93,43;3,59E-4;289,53;0,00
8,113;0,302;1,017;9,35E-5;93,48;1,26E-4;289,70;0,00
8,114;0,302;1,017;9,35E-5;93,50;7,28E-6;289,80;0,00
8,115;0,301;1,016;9,35E-5;93,46;1,98E-4;289,64;0,00
8,116;0,301;1,016;9,35E-5;93,46;2,15E-4;289,65;0,00
8,117;0,301;1,015;9,34E-5;93,45;2,68E-4;289,54;0,00
8,118;0,300;1,015;9,34E-5;93,45;2,80E-4;289,56;0,00
8,119;0,301;1,016;9,35E-5;93,47;1,58E-4;289,67;0,00
8,120;0,302;1,017;9,35E-5;93,49;8,19E-5;289,75;0,00
8,121;0,302;1,017;9,35E-5;93,48;1,15E-4;289,73;0,00
8,122;0,302;1,017;9,35E-5;93,50;3,64E-5;289,79;0,00
8,123;0,302;1,017;9,35E-5;93,48;1,00E-4;289,73;0,00
8,124;0,301;1,016;9,34E-5;93,45;2,64E-4;289,63;0,00
8,125;0,301;1,015;9,34E-5;93,45;2,69E-4;289,58;0,00
8,126;0,301;1,016;9,35E-5;93,46;2,20E-4;289,62;0,00
8,127;0,302;1,017;9,35E-5;93,50;3,64E-5;289,78;0,00
8,128;0,302;1,017;9,35E-5;93,49;6,01E-5;289,71;0,00
8,129;0,301;1,016;9,35E-5;93,46;1,95E-4;289,63;0,00
8,130;0,300;1,015;9,34E-5;93,44;2,97E-4;289,54;0,00
8,131;0,301;1,016;9,35E-5;93,46;2,06E-4;289,65;0,00
8,132;0,301;1,016;9,35E-5;93,46;2,24E-4;289,61;0,00
8,133;0,301;1,016;9,35E-5;93,47;1,53E-4;289,67;0,00
8,134;0,301;1,016;9,35E-5;93,46;2,26E-4;289,59;0,00
8,135;0,301;1,016;9,35E-5;93,48;1,37E-4;289,70;0,00
8,136;0,301;1,015;9,34E-5;93,45;2,69E-4;289,56;0,00
8,137;0,302;1,017;9,35E-5;93,50;2,18E-5;289,72;0,00
8,138;0,302;1,016;9,35E-5;93,48;1,15E-4;289,67;0,00
8,139;0,301;1,016;9,35E-5;93,46;2,04E-4;289,63;0,00
8,140;0,301;1,016;9,35E-5;93,46;2,13E-4;289,60;0,00
8,141;0,301;1,016;9,35E-5;93,48;1,31E-4;289,68;0,00
8,142;0,300;1,015;9,34E-5;93,42;3,88E-4;289,48;0,00
8,143;0,300;1,014;9,34E-5;93,43;3,51E-4;289,45;0,00
8,144;0,300;1,014;9,34E-5;93,43;3,71E-4;289,46;0,00
8,145;0,301;1,016;9,35E-5;93,46;1,95E-4;289,63;0,00
8,146;0,301;1,016;9,35E-5;93,47;1,91E-4;289,64;0,00
8,147;0,300;1,015;9,34E-5;93,44;3,24E-4;289,52;0,00
8,148;0,301;1,015;9,34E-5;93,45;2,73E-4;289,53;0,00
8,149;0,300;1,015;9,34E-5;93,44;3,13E-4;289,52;0,00
8,150;0,300;1,015;9,34E-5;93,42;4,24E-4;289,47;0,00
8,151;0,300;1,015;9,34E-5;93,43;3,70E-4;289,49;0,00
8,152;0,300;1,015;9,34E-5;93,44;2,93E-4;289,50;0,00
8,153;0,301;1,015;9,35E-5;93,46;2,22E-4;289,55;0,00
8,154;0,301;1,016;9,35E-5;93,46;1,98E-4;289,60;0,00
8,155;0,301;1,016;9,35E-5;93,48;1,44E-4;289,60;0,00
8,156;0,300;1,015;9,34E-5;93,44;3,28E-4;289,50;0,00
8,157;0,301;1,016;9,35E-5;93,46;1,98E-4;289,60;0,00
8,158;0,299;1,014;9,34E-5;93,41;4,63E-4;289,41;0,00
8,159;0,301;1,015;9,34E-5;93,45;2,75E-4;289,51;0,00
8,160;0,301;1,016;9,35E-5;93,46;2,06E-4;289,59;0,00
8,161;0,300;1,014;9,34E-5;93,43;3,40E-4;289,46;0,00
8,162;0,299;1,014;9,34E-5;93,40;4,93E-4;289,39;0,00
8,163;0,300;1,014;9,34E-5;93,42;4,19E-4;289,41;0,00
8,164;0,299;1,014;9,34E-5;93,41;4,50E-4;289,38;0,00
8,165;0,301;1,015;9,35E-5;93,46;1,98E-4;289,58;0,00
8,166;0,300;1,014;9,34E-5;93,43;3,33E-4;289,46;0,00
8,167;0,300;1,015;9,34E-5;93,45;2,84E-4;289,53;0,00
8,168;0,301;1,015;9,34E-5;93,45;2,73E-4;289,52;0,00
8,169;0,301;1,016;9,35E-5;93,48;1,42E-4;289,64;0,00
8,170;0,300;1,015;9,34E-5;93,44;2,86E-4;289,53;0,00
8,171;0,301;1,015;9,35E-5;93,46;2,02E-4;289,58;0,00
8,172;0,301;1,015;9,35E-5;93,46;2,29E-4;289,54;0,00
8,173;0,301;1,015;9,34E-5;93,45;2,79E-4;289,49;0,00
8,174;0,302;1,016;9,35E-5;93,50;3,28E-5;289,67;0,00
8,175;0,301;1,015;9,35E-5;93,46;1,95E-4;289,57;0,00
8,176;0,301;1,015;9,35E-5;93,46;2,31E-4;289,53;0,00
8,177;0,301;1,016;9,35E-5;93,46;2,04E-4;289,60;0,00
8,178;0,303;1,017;9,35E-5;93,51;-3,46E-5;289,73;0,00
8,179;0,301;1,015;9,35E-5;93,45;2,53E-4;289,52;0,00
8,180;0,300;1,014;9,34E-5;93,42;3,79E-4;289,45;0,00
8,181;0,300;1,015;9,34E-5;93,44;3,15E-4;289,50;0,00
8,182;0,300;1,015;9,34E-5;93,44;2,91E-4;289,50;0,00
8,183;0,300;1,014;9,34E-5;93,42;4,19E-4;289,40;0,00
8,184;0,300;1,014;9,34E-5;93,43;3,40E-4;289,44;0,00
8,185;0,301;1,015;9,34E-5;93,45;2,64E-4;289,52;0,00
8,186;0,301;1,015;9,35E-5;93,46;2,00E-4;289,56;0,00
8,187;0,301;1,016;9,35E-5;93,48;1,31E-4;289,64;0,00
8,188;0,301;1,015;9,35E-5;93,47;1,64E-4;289,58;0,00
8,189;0,302;1,016;9,35E-5;93,48;1,22E-4;289,62;0,00
8,190;0,300;1,015;9,34E-5;93,44;2,88E-4;289,49;0,00
8,191;0,301;1,015;9,35E-5;93,46;2,17E-4;289,50;0,00
8,192;0,300;1,014;9,34E-5;93,44;3,11E-4;289,42;0,00
8,193;0,300;1,014;9,34E-5;93,43;3,39E-4;289,43;0,00
8,194;0,301;1,015;9,35E-5;93,47;1,87E-4;289,56;0,00
8,195;0,301;1,015;9,34E-5;93,45;2,64E-4;289,54;0,00
8,196;0,301;1,015;9,35E-5;93,46;2,17E-4;289,53;0,00
8,197;0,301;1,016;9,35E-5;93,47;1,58E-4;289,61;0,00
8,198;0,301;1,015;9,34E-5;93,45;2,66E-4;289,48;0,00
8,199;0,300;1,015;9,34E-5;93,44;2,99E-4;289,48;0,00
8,200;0,301;1,015;9,35E-5;93,46;2,22E-4;289,54;0,00
8,201;0,300;1,014;9,34E-5;93,44;3,19E-4;289,43;0,00
8,202;0,299;1,013;9,34E-5;93,39;5,37E-4;289,28;0,00
8,203;0,301;1,015;9,35E-5;93,45;2,48E-4;289,47;0,00
8,204;0,300;1,014;9,34E-5;93,42;3,93E-4;289,38;0,00
8,205;0,300;1,015;9,34E-5;93,44;2,95E-4;289,47;0,00
8,206;0,300;1,014;9,34E-5;93,44;3,24E-4;289,44;0,00
8,207;0,300;1,014;9,34E-5;93,43;3,48E-4;289,43;0,00
8,208;0,300;1,014;9,34E-5;93,45;2,84E-4;289,45;0,00
8,209;0,301;1,015;9,35E-5;93,46;2,15E-4;289,50;0,00
8,210;0,301;1,015;9,35E-5;93,47;1,69E-4;289,57;0,00
8,211;0,301;1,014;9,34E-5;93,45;2,71E-4;289,46;0,00
8,212;0,300;1,014;9,34E-5;93,43;3,51E-4;289,42;0,00
8,213;0,300;1,014;9,34E-5;93,44;3,06E-4;289,45;0,00
8,214;0,302;1,015;9,35E-5;93,48;1,06E-4;289,58;0,00
8,215;0,301;1,015;9,35E-5;93,48;1,40E-4;289,55;0,00
8,216;0,301;1,015;9,35E-5;93,47;1,75E-4;289,54;0,00
8,217;0,301;1,016;9,35E-5;93,47;1,51E-4;289,59;0,00
8,218;0,301;1,014;9,35E-5;93,45;2,55E-4;289,43;0,00
8,219;0,301;1,015;9,35E-5;93,47;1,53E-4;289,55;0,00
8,220;0,301;1,015;9,35E-5;93,46;2,24E-4;289,48;0,00
8,221;0,301;1,015;9,35E-5;93,47;1,80E-4;289,53;0,00
8,222;0,299;1,013;9,34E-5;93,40;4,72E-4;289,31;0,00
8,223;0,300;1,014;9,34E-5;93,44;3,04E-4;289,40;0,00
8,224;0,301;1,015;9,35E-5;93,46;2,02E-4;289,51;0,00
8,225;0,302;1,016;9,35E-5;93,50;4,19E-5;289,66;0,00
8,226;0,301;1,015;9,35E-5;93,46;1,98E-4;289,49;0,00
8,227;0,301;1,015;9,35E-5;93,47;1,91E-4;289,54;0,00
8,228;0,301;1,015;9,35E-5;93,46;2,13E-4;289,48;0,00
8,229;0,300;1,014;9,34E-5;93,44;2,97E-4;289,41;0,00
8,230;0,299;1,013;9,34E-5;93,40;4,99E-4;289,28;0,00
8,231;0,300;1,014;9,34E-5;93,43;3,75E-4;289,38;0,00
8,232;0,301;1,015;9,35E-5;93,46;2,15E-4;289,48;0,00
8,233;0,300;1,014;9,34E-5;93,43;3,70E-4;289,41;0,00
8,234;0,301;1,014;9,35E-5;93,45;2,59E-4;289,47;0,00
8,235;0,302;1,015;9,35E-5;93,48;1,20E-4;289,57;0,00
8,236;0,300;1,013;9,34E-5;93,43;3,75E-4;289,33;0,00
8,237;0,301;1,015;9,35E-5;93,47;1,53E-4;289,51;0,00
8,238;0,301;1,015;9,35E-5;93,47;1,75E-4;289,51;0,00
8,239;0,301;1,014;9,34E-5;93,45;2,71E-4;289,41;0,00
8,240;0,300;1,014;9,34E-5;93,45;2,84E-4;289,46;0,00
8,241;0,300;1,014;9,34E-5;93,43;3,33E-4;289,35;0,00
8,242;0,301;1,015;9,35E-5;93,46;2,11E-4;289,48;0,00
8,243;0,301;1,015;9,35E-5;93,47;1,60E-4;289,53;0,00
8,244;0,301;1,015;9,35E-5;93,46;1,93E-4;289,48;0,00
8,245;0,300;1,014;9,34E-5;93,44;3,10E-4;289,40;0,00
8,246;0,301;1,014;9,35E-5;93,45;2,49E-4;289,43;0,00
8,247;0,301;1,015;9,35E-5;93,46;2,17E-4;289,48;0,00
8,248;0,300;1,014;9,34E-5;93,44;3,06E-4;289,40;0,00
8,249;0,301;1,015;9,35E-5;93,47;1,78E-4;289,51;0,00
8,250;0,301;1,015;9,35E-5;93,47;1,66E-4;289,53;0,00
8,251;0,301;1,014;9,35E-5;93,46;2,24E-4;289,43;0,00
8,252;0,301;1,014;9,35E-5;93,45;2,40E-4;289,45;0,00
8,253;0,300;1,014;9,34E-5;93,43;3,39E-4;289,39;0,00
8,254;0,299;1,013;9,34E-5;93,41;4,33E-4;289,27;0,00
8,255;0,301;1,014;9,35E-5;93,46;1,98E-4;289,47;0,00
8,256;0,300;1,014;9,34E-5;93,44;2,86E-4;289,38;0,00
8,257;0,299;1,013;9,34E-5;93,41;4,42E-4;289,29;0,00
8,258;0,300;1,014;9,34E-5;93,44;3,20E-4;289,41;0,00
8,259;0,300;1,014;9,34E-5;93,45;2,84E-4;289,41;0,00
8,260;0,300;1,014;9,34E-5;93,43;3,40E-4;289,40;0,00
8,261;0,301;1,014;9,35E-5;93,45;2,51E-4;289,43;0,00
8,262;0,301;1,014;9,35E-5;93,45;2,57E-4;289,43;0,00
8,263;0,300;1,014;9,34E-5;93,44;2,99E-4;289,38;0,00
8,264;0,301;1,014;9,35E-5;93,46;2,09E-4;289,46;0,00
8,265;0,301;1,015;9,35E-5;93,47;1,53E-4;289,53;0,00
8,266;0,301;1,015;9,35E-5;93,47;1,47E-4;289,52;0,00
8,267;0,301;1,014;9,35E-5;93,46;2,24E-4;289,45;0,00
8,268;0,300;1,013;9,34E-5;93,43;3,59E-4;289,35;0,00
8,269;0,301;1,014;9,35E-5;93,46;2,33E-4;289,41;0,00
8,270;0,301;1,015;9,35E-5;93,47;1,78E-4;289,48;0,00
8,271;0,301;1,014;9,35E-5;93,46;2,13E-4;289,44;0,00
8,272;0,300;1,013;9,34E-5;93,42;3,99E-4;289,30;0,00
8,273;0,301;1,014;9,35E-5;93,46;2,28E-4;289,43;0,00
8,274;0,301;1,014;9,34E-5;93,45;2,77E-4;289,38;0,00
8,275;0,302;1,015;9,35E-5;93,50;4,55E-5;289,56;0,00
8,276;0,301;1,014;9,35E-5;93,47;1,62E-4;289,46;0,00
8,277;0,300;1,013;9,34E-5;93,44;3,17E-4;289,34;0,00
8,278;0,300;1,014;9,34E-5;93,44;3,02E-4;289,39;0,00
8,279;0,301;1,014;9,35E-5;93,47;1,57E-4;289,46;0,00
8,280;0,302;1,015;9,35E-5;93,49;6,92E-5;289,53;0,00
8,281;0,302;1,015;9,35E-5;93,49;8,55E-5;289,53;0,00
8,282;0,301;1,014;9,35E-5;93,46;2,37E-4;289,42;0,00
8,283;0,300;1,013;9,34E-5;93,44;3,15E-4;289,34;0,00
8,284;0,300;1,014;9,34E-5;93,44;3,17E-4;289,38;0,00
8,285;0,302;1,015;9,35E-5;93,48;1,29E-4;289,51;0,00
8,286;0,302;1,015;9,35E-5;93,48;1,29E-4;289,51;0,00
8,287;0,300;1,014;9,34E-5;93,44;3,10E-4;289,38;0,00
8,288;0,300;1,014;9,34E-5;93,44;3,10E-4;289,36;0,00
8,289;0,300;1,014;9,34E-5;93,43;3,39E-4;289,36;0,00
8,290;0,301;1,014;9,34E-5;93,45;2,77E-4;289,36;0,00
8,291;0,300;1,013;9,34E-5;93,43;3,51E-4;289,32;0,00
8,292;0,301;1,015;9,35E-5;93,48;1,44E-4;289,50;0,00
8,293;0,301;1,014;9,35E-5;93,46;1,97E-4;289,43;0,00
8,294;0,301;1,014;9,35E-5;93,47;1,69E-4;289,44;0,00
8,295;0,302;1,015;9,35E-5;93,48;1,29E-4;289,47;0,00
8,296;0,301;1,014;9,34E-5;93,45;2,69E-4;289,41;0,00
8,297;0,301;1,014;9,34E-5;93,45;2,71E-4;289,38;0,00
8,298;0,301;1,015;9,35E-5;93,47;1,47E-4;289,48;0,00
8,299;0,301;1,014;9,35E-5;93,46;2,08E-4;289,44;0,00
8,300;0,302;1,015;9,35E-5;93,48;1,16E-4;289,49;0,00
8,301;0,300;1,013;9,34E-5;93,42;3,93E-4;289,29;0,00
8,302;0,300;1,013;9,34E-5;93,43;3,75E-4;289,30;0,00
8,303;0,300;1,013;9,34E-5;93,44;3,17E-4;289,33;0,00
8,304;0,301;1,014;9,35E-5;93,45;2,48E-4;289,37;0,00
8,305;0,301;1,014;9,35E-5;93,45;2,46E-4;289,39;0,00
8,306;0,301;1,014;9,35E-5;93,47;1,66E-4;289,47;0,00
8,307;0,302;1,015;9,35E-5;93,49;9,83E-5;289,53;0,00
8,308;0,300;1,013;9,34E-5;93,44;3,20E-4;289,34;0,00
8,309;0,300;1,014;9,34E-5;93,44;2,95E-4;289,36;0,00
8,310;0,300;1,013;9,34E-5;93,44;3,22E-4;289,33;0,00
8,311;0,300;1,013;9,34E-5;93,44;3,11E-4;289,33;0,00
8,312;0,301;1,014;9,35E-5;93,46;2,26E-4;289,39;0,00
8,313;0,302;1,015;9,35E-5;93,50;2,18E-5;289,56;0,00
8,314;0,302;1,015;9,35E-5;93,49;8,01E-5;289,48;0,00
8,315;0,300;1,013;9,34E-5;93,44;2,89E-4;289,34;0,00
8,316;0,300;1,013;9,34E-5;93,43;3,71E-4;289,31;0,00
8,317;0,301;1,014;9,35E-5;93,45;2,49E-4;289,37;0,00
8,318;0,301;1,014;9,35E-5;93,45;2,53E-4;289,36;0,00
8,319;0,300;1,013;9,34E-5;93,42;3,81E-4;289,26;0,00
8,320;0,299;1,012;9,34E-5;93,41;4,44E-4;289,17;0,00
8,321;0,299;1,013;9,34E-5;93,41;4,41E-4;289,27;0,00
8,322;0,300;1,013;9,34E-5;93,43;3,35E-4;289,30;0,00
8,323;0,301;1,014;9,34E-5;93,45;2,71E-4;289,37;0,00
8,324;0,301;1,014;9,35E-5;93,46;2,04E-4;289,36;0,00
8,325;0,300;1,014;9,34E-5;93,44;3,24E-4;289,35;0,00
8,326;0,301;1,014;9,35E-5;93,46;1,97E-4;289,41;0,00
8,327;0,301;1,014;9,35E-5;93,47;1,82E-4;289,39;0,00
8,328;0,302;1,015;9,35E-5;93,50;3,82E-5;289,50;0,00
8,329;0,301;1,013;9,34E-5;93,45;2,75E-4;289,29;0,00
8,330;0,301;1,014;9,35E-5;93,46;1,93E-4;289,39;0,00
8,331;0,302;1,014;9,35E-5;93,48;1,13E-4;289,45;0,00
8,332;0,302;1,014;9,35E-5;93,48;1,16E-4;289,42;0,00
8,333;0,301;1,014;9,35E-5;93,46;2,04E-4;289,38;0,00
8,334;0,301;1,014;9,35E-5;93,47;1,69E-4;289,38;0,00
8,335;0,301;1,014;9,35E-5;93,47;1,53E-4;289,45;0,00
8,336;0,301;1,014;9,35E-5;93,46;2,02E-4;289,38;0,00
8,337;0,301;1,014;9,34E-5;93,45;2,73E-4;289,36;0,00
8,338;0,301;1,013;9,35E-5;93,46;2,31E-4;289,33;0,00
8,339;0,301;1,014;9,35E-5;93,46;2,09E-4;289,37;0,00
8,340;0,302;1,014;9,35E-5;93,48;1,11E-4;289,44;0,00
8,341;0,301;1,014;9,35E-5;93,48;1,33E-4;289,42;0,00
8,342;0,300;1,013;9,34E-5;93,44;2,89E-4;289,31;0,00
8,343;0,301;1,014;9,35E-5;93,46;2,08E-4;289,37;0,00
8,344;0,302;1,014;9,35E-5;93,48;1,11E-4;289,42;0,00
8,345;0,301;1,013;9,35E-5;93,45;2,53E-4;289,34;0,00
8,346;0,301;1,013;9,34E-5;93,45;2,68E-4;289,32;0,00
8,347;0,301;1,014;9,35E-5;93,47;1,46E-4;289,38;0,00
8,348;0,301;1,014;9,35E-5;93,47;1,77E-4;289,41;0,00
8,349;0,301;1,013;9,34E-5;93,45;2,73E-4;289,30;0,00
8,350;0,300;1,013;9,34E-5;93,42;3,88E-4;289,25;0,00
8,351;0,300;1,013;9,34E-5;93,44;2,99E-4;289,30;0,00
8,352;0,301;1,013;9,35E-5;93,46;2,15E-4;289,34;0,00
8,353;0,299;1,012;9,34E-5;93,39;5,26E-4;289,13;0,00
8,354;0,300;1,013;9,34E-5;93,43;3,46E-4;289,28;0,00
8,355;0,301;1,014;9,35E-5;93,46;2,35E-4;289,35;0,00
8,356;0,302;1,015;9,35E-5;93,50;3,46E-5;289,48;0,00
8,357;0,302;1,015;9,35E-5;93,49;6,55E-5;289,50;0,00
8,358;0,301;1,014;9,35E-5;93,46;2,35E-4;289,35;0,00
8,359;0,300;1,013;9,34E-5;93,43;3,57E-4;289,26;0,00
8,360;0,301;1,014;9,35E-5;93,48;1,40E-4;289,41;0,00
8,361;0,301;1,014;9,35E-5;93,48;1,44E-4;289,40;0,00
8,362;0,301;1,014;9,35E-5;93,46;2,00E-4;289,36;0,00
8,363;0,302;1,014;9,35E-5;93,48;1,20E-4;289,40;0,00
8,364;0,300;1,013;9,34E-5;93,45;2,80E-4;289,34;0,00
8,365;0,300;1,013;9,34E-5;93,44;3,06E-4;289,27;0,00
8,366;0,300;1,013;9,34E-5;93,44;3,19E-4;289,25;0,00
8,367;0,301;1,013;9,34E-5;93,45;2,68E-4;289,30;0,00
8,368;0,301;1,013;9,35E-5;93,46;2,00E-4;289,35;0,00
8,369;0,302;1,014;9,35E-5;93,49;8,55E-5;289,45;0,00
8,370;0,302;1,015;9,35E-5;93,51;-7,28E-6;289,49;0,00
8,371;0,301;1,013;9,35E-5;93,46;2,09E-4;289,34;0,00
8,372;0,301;1,013;9,35E-5;93,47;1,86E-4;289,34;0,00
8,373;0,301;1,013;9,35E-5;93,46;2,20E-4;289,34;0,00
8,374;0,300;1,013;9,34E-5;93,44;2,93E-4;289,26;0,00
8,375;0,301;1,014;9,35E-5;93,47;1,82E-4;289,38;0,00
8,376;0,302;1,014;9,35E-5;93,49;6,19E-5;289,46;0,00
8,377;0,302;1,014;9,35E-5;93,49;7,83E-5;289,41;0,00
8,378;0,301;1,013;9,35E-5;93,45;2,42E-4;289,31;0,00
8,379;0,302;1,014;9,35E-5;93,49;8,92E-5;289,42;0,00
8,380;0,301;1,014;9,35E-5;93,47;1,77E-4;289,38;0,00
8,381;0,301;1,014;9,35E-5;93,47;1,46E-4;289,38;0,00
8,382;0,301;1,014;9,35E-5;93,47;1,66E-4;289,36;0,00
8,383;0,301;1,013;9,35E-5;93,46;2,11E-4;289,32;0,00
8,384;0,301;1,013;9,34E-5;93,45;2,62E-4;289,28;0,00
8,385;0,301;1,014;9,35E-5;93,48;1,42E-4;289,39;0,00
8,386;0,300;1,012;9,34E-5;93,43;3,77E-4;289,19;0,00
8,387;0,300;1,012;9,34E-5;93,43;3,66E-4;289,19;0,00
8,388;0,301;1,013;9,35E-5;93,46;2,06E-4;289,34;0,00
8,389;0,301;1,013;9,35E-5;93,46;2,00E-4;289,34;0,00
8,390;0,301;1,013;9,35E-5;93,46;2,31E-4;289,33;0,00
8,391;0,301;1,013;9,35E-5;93,47;1,66E-4;289,33;0,00
8,392;0,302;1,014;9,35E-5;93,49;7,64E-5;289,40;0,00
8,393;0,302;1,014;9,35E-5;93,48;1,29E-4;289,36;0,00
8,394;0,301;1,013;9,35E-5;93,47;1,60E-4;289,34;0,00
8,395;0,302;1,015;9,35E-5;93,49;6,73E-5;289,47;0,00
8,396;0,301;1,013;9,35E-5;93,46;2,15E-4;289,32;0,00
8,397;0,300;1,012;9,34E-5;93,42;3,88E-4;289,19;0,00
8,398;0,300;1,012;9,34E-5;93,43;3,59E-4;289,19;0,00
8,399;0,299;1,012;9,34E-5;93,41;4,33E-4;289,13;0,00
8,400;0,302;1,014;9,35E-5;93,49;6,92E-5;289,43;0,00
8,401;0,301;1,013;9,35E-5;93,47;1,89E-4;289,33;0,00
8,402;0,300;1,012;9,34E-5;93,43;3,55E-4;289,16;0,00
8,403;0,302;1,014;9,35E-5;93,49;8,92E-5;289,39;0,00
8,404;0,301;1,013;9,35E-5;93,47;1,71E-4;289,31;0,00
8,405;0,301;1,013;9,34E-5;93,45;2,75E-4;289,25;0,00
8,406;0,300;1,013;9,34E-5;93,44;3,30E-4;289,25;0,00
8,407;0,300;1,012;9,34E-5;93,43;3,42E-4;289,18;0,00
8,408;0,300;1,012;9,34E-5;93,44;3,13E-4;289,21;0,00
8,409;0,302;1,014;9,35E-5;93,50;1,64E-5;289,45;0,00
8,410;0,301;1,013;9,35E-5;93,48;1,38E-4;289,34;0,00
8,411;0,301;1,013;9,35E-5;93,47;1,57E-4;289,34;0,00
8,412;0,301;1,013;9,35E-5;93,48;1,38E-4;289,34;0,00
8,413;0,301;1,014;9,35E-5;93,47;1,57E-4;289,38;0,00
8,414;0,302;1,014;9,35E-5;93,51;3,64E-6;289,45;0,00
8,415;0,301;1,013;9,35E-5;93,47;1,71E-4;289,29;0,00
8,416;0,301;1,013;9,34E-5;93,45;2,62E-4;289,27;0,00
8,417;0,301;1,013;9,35E-5;93,45;2,42E-4;289,24;0,00
8,418;0,301;1,013;9,35E-5;93,46;2,06E-4;289,31;0,00
8,419;0,302;1,014;9,35E-5;93,50;4,19E-5;289,43;0,00
8,420;0,300;1,012;9,34E-5;93,43;3,37E-4;289,20;0,00
8,421;0,300;1,012;9,34E-5;93,44;3,00E-4;289,20;0,00
8,422;0,299;1,011;9,34E-5;93,40;5,14E-4;289,06;0,00
8,423;0,300;1,012;9,34E-5;93,44;3,22E-4;289,17;0,00
8,424;0,301;1,013;9,35E-5;93,47;1,84E-4;289,29;0,00
8,425;0,300;1,011;9,34E-5;93,42;4,10E-4;289,11;0,00
8,426;0,299;1,012;9,34E-5;93,41;4,32E-4;289,14;0,00
8,427;0,300;1,012;9,34E-5;93,43;3,39E-4;289,17;0,00
8,428;0,301;1,013;9,35E-5;93,45;2,53E-4;289,29;0,00
8,429;0,301;1,012;9,34E-5;93,45;2,64E-4;289,22;0,00
8,430;0,302;1,013;9,35E-5;93,48;1,07E-4;289,34;0,00
8,431;0,302;1,014;9,35E-5;93,49;6,37E-5;289,36;0,00
8,432;0,299;1,011;9,34E-5;93,40;4,92E-4;289,10;0,00
8,433;0,300;1,012;9,34E-5;93,43;3,53E-4;289,16;0,00
8,434;0,301;1,013;9,35E-5;93,47;1,57E-4;289,30;0,00
8,435;0,301;1,012;9,35E-5;93,45;2,42E-4;289,23;0,00
8,436;0,302;1,014;9,35E-5;93,50;3,64E-5;289,42;0,00
8,437;0,301;1,013;9,35E-5;93,46;2,31E-4;289,27;0,00
8,438;0,300;1,012;9,34E-5;93,44;2,88E-4;289,19;0,00
8,439;0,301;1,012;9,35E-5;93,45;2,48E-4;289,23;0,00
8,440;0,301;1,013;9,35E-5;93,47;1,73E-4;289,30;0,00
8,441;0,302;1,013;9,35E-5;93,48;1,26E-4;289,34;0,00
8,442;0,300;1,012;9,34E-5;93,44;3,13E-4;289,21;0,00
8,443;0,301;1,013;9,35E-5;93,46;1,97E-4;289,25;0,00
8,444;0,302;1,013;9,35E-5;93,48;1,29E-4;289,33;0,00
8,445;0,302;1,013;9,35E-5;93,48;1,15E-4;289,32;0,00
8,446;0,301;1,013;9,35E-5;93,45;2,55E-4;289,24;0,00
8,447;0,302;1,013;9,35E-5;93,48;1,09E-4;289,35;0,00
8,448;0,300;1,012;9,34E-5;93,44;3,28E-4;289,16;0,00
8,449;0,300;1,012;9,34E-5;93,44;3,20E-4;289,13;0,00
8,450;0,300;1,012;9,34E-5;93,43;3,73E-4;289,12;0,00
8,451;0,301;1,012;9,35E-5;93,46;2,31E-4;289,22;0,00
8,452;0,301;1,013;9,35E-5;93,46;2,04E-4;289,26;0,00
8,453;0,301;1,012;9,35E-5;93,46;2,29E-4;289,22;0,00
8,454;0,299;1,011;9,34E-5;93,39;5,57E-4;289,03;0,00
8,455;0,301;1,013;9,35E-5;93,45;2,38E-4;289,25;0,00
8,456;0,302;1,013;9,35E-5;93,48;1,13E-4;289,32;0,00
8,457;0,302;1,013;9,35E-5;93,48;1,24E-4;289,32;0,00
8,458;0,301;1,013;9,35E-5;93,47;1,69E-4;289,32;0,00
8,459;0,301;1,013;9,35E-5;93,46;2,31E-4;289,26;0,00
8,460;0,301;1,013;9,35E-5;93,47;1,55E-4;289,31;0,00
8,461;0,301;1,012;9,35E-5;93,45;2,49E-4;289,22;0,00
8,462;0,302;1,014;9,35E-5;93,48;1,16E-4;289,36;0,00
8,463;0,302;1,013;9,35E-5;93,49;6,92E-5;289,35;0,00
8,464;0,301;1,013;9,35E-5;93,48;1,31E-4;289,33;0,00
8,465;0,301;1,013;9,35E-5;93,46;2,29E-4;289,24;0,00
8,466;0,301;1,013;9,35E-5;93,46;2,24E-4;289,25;0,00
8,467;0,301;1,012;9,35E-5;93,46;2,08E-4;289,22;0,00
8,468;0,302;1,013;9,35E-5;93,48;1,29E-4;289,27;0,00
8,469;0,300;1,012;9,34E-5;93,44;3,28E-4;289,15;0,00
8,470;0,302;1,013;9,35E-5;93,49;6,92E-5;289,31;0,00
8,471;0,302;1,014;9,35E-5;93,51;1,82E-6;289,40;0,00
8,472;0,301;1,013;9,35E-5;93,47;1,49E-4;289,30;0,00
8,473;0,300;1,011;9,34E-5;93,43;3,57E-4;289,11;0,00
8,474;0,299;1,010;9,34E-5;93,40;5,01E-4;288,99;0,00
8,475;0,300;1,011;9,34E-5;93,43;3,70E-4;289,11;0,00
8,476;0,301;1,012;9,35E-5;93,46;2,22E-4;289,22;0,00
8,477;0,301;1,013;9,35E-5;93,46;2,11E-4;289,24;0,00
8,478;0,300;1,012;9,34E-5;93,44;3,10E-4;289,12;0,00
8,479;0,300;1,012;9,34E-5;93,44;2,86E-4;289,17;0,00
8,480;0,302;1,013;9,35E-5;93,49;7,28E-5;289,33;0,00
8,481;0,301;1,012;9,35E-5;93,46;2,06E-4;289,21;0,00
8,482;0,300;1,011;9,34E-5;93,42;3,84E-4;289,06;0,00
8,483;0,301;1,012;9,35E-5;93,46;2,33E-4;289,19;0,00
8,484;0,301;1,012;9,35E-5;93,47;1,86E-4;289,22;0,00
8,485;0,301;1,012;9,35E-5;93,47;1,73E-4;289,22;0,00
8,486;0,302;1,013;9,35E-5;93,48;1,00E-4;289,32;0,00
8,487;0,301;1,013;9,35E-5;93,48;1,44E-4;289,29;0,00
8,488;0,300;1,012;9,34E-5;93,43;3,48E-4;289,14;0,00
8,489;0,302;1,013;9,35E-5;93,50;2,91E-5;289,35;0,00
8,490;0,301;1,012;9,35E-5;93,46;2,31E-4;289,22;0,00
8,491;0,301;1,013;9,35E-5;93,48;1,35E-4;289,28;0,00
8,492;0,301;1,012;9,35E-5;93,46;1,95E-4;289,20;0,00
8,493;0,300;1,012;9,34E-5;93,44;2,95E-4;289,21;0,00
8,494;0,302;1,013;9,35E-5;93,49;9,83E-5;289,31;0,00
8,495;0,300;1,012;9,34E-5;93,44;3,15E-4;289,13;0,00
8,496;0,299;1,011;9,34E-5;93,40;5,06E-4;289,02;0,00
8,497;0,300;1,012;9,34E-5;93,44;3,17E-4;289,17;0,00
8,498;0,300;1,012;9,34E-5;93,44;2,86E-4;289,15;0,00
8,499;0,301;1,012;9,35E-5;93,47;1,58E-4;289,23;0,00
8,500;0,300;1,012;9,34E-5;93,44;2,95E-4;289,17;0,00
8,501;0,302;1,013;9,35E-5;93,48;1,13E-4;289,33;0,00
8,502;0,302;1,013;9,35E-5;93,50;3,64E-5;289,32;0,00
8,503;0,301;1,012;9,35E-5;93,45;2,57E-4;289,18;0,00
8,504;0,302;1,013;9,35E-5;93,49;8,19E-5;289,33;0,00
8,505;0,302;1,013;9,35E-5;93,50;4,73E-5;289,34;0,00
8,506;0,302;1,014;9,35E-5;93,50;1,27E-5;289,38;0,00
8,507;0,301;1,013;9,35E-5;93,46;1,97E-4;289,24;0,00
8,508;0,301;1,012;9,35E-5;93,47;1,62E-4;289,22;0,00
8,509;0,302;1,013;9,35E-5;93,49;5,28E-5;289,33;0,00
8,510;0,302;1,013;9,35E-5;93,49;9,46E-5;289,30;0,00
8,511;0,301;1,012;9,35E-5;93,46;2,04E-4;289,20;0,00
8,512;0,301;1,012;9,35E-5;93,47;1,86E-4;289,21;0,00
8,513;0,302;1,013;9,35E-5;93,48;1,07E-4;289,32;0,00
8,514;0,302;1,013;9,35E-5;93,48;1,00E-4;289,30;0,00
8,515;0,302;1,013;9,35E-5;93,50;4,73E-5;289,31;0,00
8,516;0,301;1,012;9,35E-5;93,46;2,26E-4;289,19;0,00
8,517;0,301;1,012;9,34E-5;93,45;2,68E-4;289,14;0,00
8,518;0,299;1,011;9,34E-5;93,41;4,32E-4;289,01;0,00
8,519;0,299;1,010;9,34E-5;93,39;5,32E-4;288,94;0,00
8,520;0,301;1,012;9,35E-5;93,47;1,78E-4;289,19;0,00
8,521;0,302;1,013;9,35E-5;93,48;1,13E-4;289,26;0,00
8,522;0,301;1,013;9,35E-5;93,47;1,62E-4;289,24;0,00
8,523;0,301;1,013;9,35E-5;93,47;1,58E-4;289,24;0,00
8,524;0,301;1,012;9,34E-5;93,45;2,66E-4;289,19;0,00
8,525;0,301;1,012;9,35E-5;93,46;2,18E-4;289,19;0,00
8,526;0,301;1,012;9,35E-5;93,47;1,84E-4;289,18;0,00
8,527;0,301;1,012;9,35E-5;93,46;2,24E-4;289,17;0,00
8,528;0,301;1,012;9,35E-5;93,45;2,53E-4;289,16;0,00
8,529;0,301;1,012;9,35E-5;93,45;2,38E-4;289,16;0,00
8,530;0,301;1,012;9,35E-5;93,47;1,60E-4;289,18;0,00
8,531;0,301;1,012;9,35E-5;93,46;2,20E-4;289,18;0,00
8,532;0,301;1,012;9,35E-5;93,46;2,11E-4;289,16;0,00
8,533;0,301;1,012;9,35E-5;93,46;2,35E-4;289,20;0,00
8,534;0,301;1,012;9,35E-5;93,48;1,35E-4;289,22;0,00
8,535;0,300;1,011;9,34E-5;93,42;4,17E-4;289,02;0,00
8,536;0,300;1,011;9,34E-5;93,43;3,37E-4;289,10;0,00
8,537;0,300;1,011;9,34E-5;93,43;3,40E-4;289,06;0,00
8,538;0,300;1,011;9,34E-5;93,42;3,99E-4;289,03;0,00
8,539;0,300;1,011;9,34E-5;93,42;3,79E-4;289,05;0,00
8,540;0,301;1,012;9,35E-5;93,45;2,53E-4;289,15;0,00
8,541;0,301;1,012;9,35E-5;93,46;2,18E-4;289,19;0,00
8,542;0,301;1,013;9,35E-5;93,48;1,44E-4;289,24;0,00
8,543;0,301;1,012;9,35E-5;93,47;1,58E-4;289,20;0,00
8,544;0,301;1,012;9,35E-5;93,46;2,24E-4;289,14;0,00
8,545;0,301;1,012;9,35E-5;93,46;2,08E-4;289,21;0,00
8,546;0,300;1,011;9,34E-5;93,43;3,68E-4;289,01;0,00
8,547;0,301;1,012;9,34E-5;93,45;2,62E-4;289,12;0,00
8,548;0,301;1,012;9,35E-5;93,47;1,73E-4;289,21;0,00
8,549;0,302;1,013;9,35E-5;93,49;5,46E-5;289,28;0,00
8,550;0,300;1,011;9,34E-5;93,43;3,59E-4;289,05;0,00
8,551;0,301;1,012;9,35E-5;93,45;2,49E-4;289,16;0,00
8,552;0,301;1,012;9,35E-5;93,48;1,44E-4;289,18;0,00
8,553;0,301;1,012;9,35E-5;93,46;2,35E-4;289,14;0,00
8,554;0,300;1,011;9,34E-5;93,43;3,48E-4;289,05;0,00
8,555;0,301;1,012;9,35E-5;93,47;1,66E-4;289,20;0,00
8,556;0,302;1,013;9,35E-5;93,49;9,65E-5;289,24;0,00
8,557;0,301;1,012;9,35E-5;93,47;1,71E-4;289,20;0,00
8,558;0,302;1,013;9,35E-5;93,48;1,00E-4;289,26;0,00
8,559;0,301;1,012;9,35E-5;93,45;2,42E-4;289,13;0,00
8,560;0,301;1,012;9,35E-5;93,46;1,93E-4;289,17;0,00
8,561;0,300;1,011;9,34E-5;93,44;3,11E-4;289,11;0,00
8,562;0,301;1,011;9,35E-5;93,45;2,55E-4;289,12;0,00
8,563;0,301;1,011;9,35E-5;93,45;2,57E-4;289,10;0,00
8,564;0,301;1,011;9,34E-5;93,45;2,62E-4;289,11;0,00
8,565;0,302;1,013;9,35E-5;93,50;4,73E-5;289,26;0,00
8,566;0,301;1,011;9,35E-5;93,46;2,22E-4;289,12;0,00
8,567;0,300;1,011;9,34E-5;93,42;3,93E-4;289,02;0,00
8,568;0,301;1,012;9,35E-5;93,47;1,87E-4;289,16;0,00
8,569;0,300;1,011;9,34E-5;93,43;3,33E-4;289,04;0,00
8,570;0,301;1,012;9,35E-5;93,45;2,53E-4;289,13;0,00
8,571;0,300;1,011;9,34E-5;93,44;3,04E-4;289,05;0,00
8,572;0,301;1,011;9,35E-5;93,45;2,59E-4;289,11;0,00
8,573;0,300;1,011;9,34E-5;93,42;3,88E-4;289,03;0,00
8,574;0,301;1,012;9,35E-5;93,48;1,38E-4;289,18;0,00
8,575;0,302;1,013;9,35E-5;93,51;-1,82E-6;289,30;0,00
8,576;0,301;1,012;9,35E-5;93,47;1,66E-4;289,22;0,00
8,577;0,301;1,012;9,35E-5;93,46;1,98E-4;289,19;0,00
8,578;0,301;1,012;9,35E-5;93,46;2,28E-4;289,17;0,00
8,579;0,301;1,012;9,35E-5;93,45;2,51E-4;289,13;0,00
8,580;0,302;1,012;9,35E-5;93,48;1,26E-4;289,23;0,00
8,581;0,301;1,012;9,35E-5;93,47;1,77E-4;289,19;0,00
8,582;0,300;1,010;9,34E-5;93,42;4,19E-4;288,96;0,00
8,583;0,301;1,012;9,35E-5;93,46;2,17E-4;289,16;0,00
8,584;0,301;1,012;9,35E-5;93,47;1,80E-4;289,15;0,00
8,585;0,301;1,012;9,35E-5;93,46;2,17E-4;289,18;0,00
8,586;0,300;1,011;9,34E-5;93,44;3,11E-4;289,02;0,00
8,587;0,300;1,010;9,34E-5;93,42;4,17E-4;288,98;0,00
8,588;0,299;1,009;9,34E-5;93,39;5,39E-4;288,86;0,00
8,589;0,299;1,009;9,34E-5;93,39;5,59E-4;288,86;0,00
8,590;0,300;1,011;9,34E-5;93,44;3,13E-4;289,01;0,00
8,591;0,301;1,012;9,35E-5;93,46;2,15E-4;289,12;0,00
8,592;0,301;1,011;9,35E-5;93,45;2,48E-4;289,08;0,00
8,593;0,301;1,012;9,35E-5;93,46;2,00E-4;289,16;0,00
8,594;0,301;1,012;9,35E-5;93,47;1,69E-4;289,16;0,00
8,595;0,301;1,011;9,35E-5;93,45;2,48E-4;289,06;0,00
8,596;0,301;1,011;9,34E-5;93,45;2,62E-4;289,07;0,00
8,597;0,301;1,011;9,35E-5;93,46;2,20E-4;289,12;0,00
8,598;0,301;1,011;9,35E-5;93,45;2,60E-4;289,06;0,00
8,599;0,300;1,011;9,34E-5;93,44;3,31E-4;289,03;0,00
8,600;0,301;1,012;9,35E-5;93,47;1,89E-4;289,13;0,00
8,601;0,300;1,011;9,34E-5;93,43;3,44E-4;289,06;0,00
8,602;0,301;1,011;9,35E-5;93,46;2,04E-4;289,12;0,00
8,603;0,301;1,011;9,35E-5;93,46;2,06E-4;289,11;0,00
8,604;0,301;1,011;9,35E-5;93,47;1,86E-4;289,11;0,00
8,605;0,301;1,012;9,35E-5;93,47;1,49E-4;289,19;0,00
8,606;0,301;1,011;9,34E-5;93,45;2,68E-4;289,07;0,00
8,607;0,301;1,011;9,34E-5;93,45;2,64E-4;289,08;0,00
8,608;0,301;1,012;9,35E-5;93,48;1,37E-4;289,18;0,00
8,609;0,300;1,010;9,34E-5;93,43;3,39E-4;288,99;0,00
8,610;0,301;1,011;9,34E-5;93,45;2,75E-4;289,04;0,00
8,611;0,302;1,012;9,35E-5;93,48;1,13E-4;289,19;0,00
8,612;0,301;1,012;9,35E-5;93,47;1,60E-4;289,15;0,00
8,613;0,302;1,012;9,35E-5;93,48;1,02E-4;289,17;0,00
8,614;0,302;1,012;9,35E-5;93,48;1,18E-4;289,14;0,00
8,615;0,301;1,011;9,35E-5;93,46;2,26E-4;289,09;0,00
8,616;0,302;1,012;9,35E-5;93,49;9,83E-5;289,19;0,00
8,617;0,301;1,011;9,35E-5;93,47;1,87E-4;289,12;0,00
8,618;0,300;1,010;9,34E-5;93,42;3,95E-4;288,98;0,00
8,619;0,300;1,010;9,34E-5;93,43;3,73E-4;288,98;0,00
8,620;0,299;1,010;9,34E-5;93,41;4,30E-4;288,95;0,00
8,621;0,301;1,011;9,35E-5;93,46;2,11E-4;289,09;0,00
8,622;0,301;1,011;9,35E-5;93,46;2,28E-4;289,07;0,00
8,623;0,301;1,011;9,35E-5;93,47;1,84E-4;289,11;0,00
8,624;0,300;1,010;9,34E-5;93,43;3,66E-4;288,97;0,00
8,625;0,300;1,010;9,34E-5;93,42;4,15E-4;288,97;0,00
8,626;0,300;1,011;9,34E-5;93,44;2,97E-4;289,07;0,00
8,627;0,301;1,011;9,34E-5;93,45;2,62E-4;289,07;0,00
8,628;0,300;1,011;9,34E-5;93,44;2,99E-4;289,05;0,00
8,629;0,301;1,012;9,35E-5;93,47;1,64E-4;289,15;0,00
8,630;0,300;1,011;9,34E-5;93,44;3,20E-4;289,01;0,00
8,631;0,301;1,011;9,35E-5;93,45;2,59E-4;289,08;0,00
8,632;0,301;1,011;9,35E-5;93,46;2,18E-4;289,11;0,00
8,633;0,301;1,011;9,35E-5;93,46;1,93E-4;289,07;0,00
8,634;0,301;1,011;9,35E-5;93,46;2,26E-4;289,08;0,00
8,635;0,301;1,011;9,35E-5;93,46;1,98E-4;289,11;0,00
8,636;0,300;1,011;9,34E-5;93,45;2,80E-4;289,03;0,00
8,637;0,301;1,011;9,35E-5;93,46;1,95E-4;289,09;0,00
8,638;0,301;1,012;9,35E-5;93,45;2,46E-4;289,12;0,00
8,639;0,301;1,011;9,35E-5;93,46;2,08E-4;289,09;0,00
8,640;0,301;1,012;9,35E-5;93,46;1,93E-4;289,12;0,00
8,641;0,300;1,010;9,34E-5;93,43;3,39E-4;288,96;0,00
8,642;0,301;1,011;9,35E-5;93,46;2,28E-4;289,07;0,00
8,643;0,301;1,011;9,35E-5;93,46;2,08E-4;289,08;0,00
8,644;0,300;1,010;9,34E-5;93,43;3,75E-4;288,96;0,00
8,645;0,300;1,011;9,34E-5;93,44;3,06E-4;289,06;0,00
8,646;0,301;1,011;9,35E-5;93,46;2,37E-4;289,09;0,00
8,647;0,301;1,012;9,35E-5;93,47;1,89E-4;289,14;0,00
8,648;0,301;1,011;9,34E-5;93,45;2,75E-4;289,05;0,00
8,649;0,300;1,010;9,34E-5;93,43;3,60E-4;288,99;0,00
8,650;0,299;1,009;9,34E-5;93,40;4,79E-4;288,87;0,00
8,651;0,301;1,011;9,34E-5;93,45;2,77E-4;289,02;0,00
8,652;0,299;1,010;9,34E-5;93,40;4,88E-4;288,90;0,00
8,653;0,300;1,010;9,34E-5;93,43;3,70E-4;288,94;0,00
8,654;0,300;1,011;9,34E-5;93,44;2,89E-4;289,06;0,00
8,655;0,301;1,011;9,34E-5;93,45;2,69E-4;289,01;0,00
8,656;0,300;1,010;9,34E-5;93,44;3,20E-4;288,99;0,00
8,657;0,300;1,010;9,34E-5;93,43;3,50E-4;288,98;0,00
8,658;0,300;1,010;9,34E-5;93,43;3,55E-4;288,98;0,00
8,659;0,301;1,012;9,35E-5;93,48;1,42E-4;289,12;0,00
8,660;0,301;1,011;9,35E-5;93,46;2,02E-4;289,09;0,00
8,661;0,301;1,011;9,35E-5;93,47;1,77E-4;289,08;0,00
8,662;0,302;1,012;9,35E-5;93,48;1,07E-4;289,16;0,00
8,663;0,300;1,010;9,34E-5;93,42;3,82E-4;288,94;0,00
8,664;0,301;1,011;9,35E-5;93,46;2,24E-4;289,03;0,00
8,665;0,300;1,011;9,34E-5;93,45;2,82E-4;289,02;0,00
8,666;0,302;1,012;9,35E-5;93,48;1,18E-4;289,15;0,00
8,667;0,301;1,011;9,35E-5;93,46;2,06E-4;289,09;0,00
8,668;0,301;1,011;9,35E-5;93,45;2,51E-4;289,05;0,00
8,669;0,301;1,011;9,35E-5;93,46;2,11E-4;289,07;0,00
8,670;0,300;1,010;9,34E-5;93,44;3,17E-4;288,98;0,00
8,671;0,300;1,011;9,34E-5;93,44;2,91E-4;289,00;0,00
8,672;0,300;1,010;9,34E-5;93,42;3,93E-4;288,92;0,00
8,673;0,301;1,011;9,35E-5;93,46;2,37E-4;289,04;0,00
8,674;0,300;1,011;9,34E-5;93,45;2,84E-4;289,03;0,00
8,675;0,301;1,011;9,35E-5;93,47;1,71E-4;289,09;0,00
8,676;0,302;1,012;9,35E-5;93,49;8,92E-5;289,14;0,00
8,677;0,301;1,011;9,34E-5;93,45;2,62E-4;289,01;0,00
8,678;0,301;1,011;9,35E-5;93,45;2,48E-4;289,01;0,00
8,679;0,300;1,010;9,34E-5;93,44;3,13E-4;288,99;0,00
8,680;0,301;1,011;9,35E-5;93,45;2,48E-4;289,04;0,00
8,681;0,301;1,011;9,35E-5;93,47;1,67E-4;289,12;0,00
8,682;0,301;1,011;9,35E-5;93,47;1,89E-4;289,05;0,00
8,683;0,300;1,010;9,34E-5;93,44;3,20E-4;288,97;0,00
8,684;0,300;1,010;9,34E-5;93,44;3,28E-4;288,98;0,00
8,685;0,301;1,011;9,35E-5;93,46;2,29E-4;289,05;0,00
8,686;0,300;1,010;9,34E-5;93,44;3,31E-4;288,97;0,00
8,687;0,301;1,011;9,34E-5;93,45;2,64E-4;289,00;0,00
8,688;0,300;1,010;9,34E-5;93,43;3,70E-4;288,93;0,00
8,689;0,300;1,010;9,34E-5;93,42;3,81E-4;288,94;0,00
8,690;0,301;1,011;9,35E-5;93,46;1,97E-4;289,04;0,00
8,691;0,301;1,011;9,35E-5;93,47;1,80E-4;289,03;0,00
8,692;0,301;1,011;9,34E-5;93,45;2,77E-4;289,05;0,00
8,693;0,299;1,009;9,34E-5;93,41;4,44E-4;288,84;0,00
8,694;0,300;1,010;9,34E-5;93,43;3,70E-4;288,93;0,00
8,695;0,300;1,010;9,34E-5;93,42;3,84E-4;288,89;0,00
8,696;0,300;1,010;9,34E-5;93,42;3,82E-4;288,91;0,00
8,697;0,301;1,011;9,35E-5;93,46;2,35E-4;289,04;0,00
8,698;0,302;1,011;9,35E-5;93,48;1,26E-4;289,11;0,00
8,699;0,302;1,012;9,35E-5;93,48;1,18E-4;289,13;0,00
8,700;0,300;1,010;9,34E-5;93,44;3,19E-4;288,98;0,00
8,701;0,301;1,011;9,35E-5;93,45;2,57E-4;289,00;0,00
8,702;0,302;1,011;9,35E-5;93,48;1,26E-4;289,07;0,00
8,703;0,302;1,012;9,35E-5;93,49;7,10E-5;289,14;0,00
8,704;0,301;1,011;9,35E-5;93,47;1,89E-4;289,08;0,00
8,705;0,301;1,011;9,34E-5;93,45;2,64E-4;289,02;0,00
8,706;0,301;1,010;9,34E-5;93,45;2,62E-4;289,00;0,00
8,707;0,300;1,010;9,34E-5;93,43;3,50E-4;288,93;0,00
8,708;0,300;1,010;9,34E-5;93,44;2,88E-4;289,00;0,00
8,709;0,302;1,012;9,35E-5;93,50;4,91E-5;289,14;0,00
8,710;0,301;1,011;9,35E-5;93,45;2,59E-4;289,01;0,00
8,711;0,301;1,010;9,34E-5;93,45;2,75E-4;289,00;0,00
8,712;0,301;1,010;9,34E-5;93,45;2,79E-4;288,99;0,00
8,713;0,301;1,011;9,35E-5;93,46;2,31E-4;289,05;0,00
8,714;0,301;1,011;9,35E-5;93,46;2,24E-4;289,03;0,00
8,715;0,301;1,011;9,35E-5;93,45;2,40E-4;289,01;0,00
8,716;0,300;1,010;9,34E-5;93,43;3,40E-4;288,94;0,00
8,717;0,301;1,010;9,34E-5;93,45;2,79E-4;288,97;0,00
8,718;0,300;1,010;9,34E-5;93,44;3,04E-4;288,98;0,00
8,719;0,300;1,010;9,34E-5;93,44;3,02E-4;288,99;0,00
8,720;0,299;1,009;9,34E-5;93,40;5,03E-4;288,83;0,00
8,721;0,299;1,009;9,34E-5;93,40;4,79E-4;288,81;0,00
8,722;0,300;1,010;9,34E-5;93,43;3,37E-4;288,93;0,00
8,723;0,301;1,011;9,35E-5;93,46;2,26E-4;289,05;0,00
8,724;0,300;1,010;9,34E-5;93,44;3,30E-4;288,98;0,00
8,725;0,301;1,011;9,35E-5;93,46;2,13E-4;289,01;0,00
8,726;0,300;1,010;9,34E-5;93,44;3,28E-4;288,92;0,00
8,727;0,299;1,009;9,34E-5;93,41;4,32E-4;288,88;0,00
8,728;0,300;1,010;9,34E-5;93,42;3,86E-4;288,92;0,00
8,729;0,301;1,011;9,35E-5;93,47;1,87E-4;289,06;0,00
8,730;0,301;1,010;9,34E-5;93,45;2,71E-4;288,97;0,00
8,731;0,301;1,010;9,34E-5;93,45;2,64E-4;288,98;0,00
8,732;0,301;1,010;9,34E-5;93,45;2,69E-4;288,97;0,00
8,733;0,301;1,011;9,35E-5;93,45;2,44E-4;289,00;0,00
8,734;0,302;1,011;9,35E-5;93,49;5,82E-5;289,12;0,00
8,735;0,301;1,011;9,35E-5;93,46;1,95E-4;289,06;0,00
8,736;0,300;1,009;9,34E-5;93,42;4,17E-4;288,88;0,00
8,737;0,300;1,009;9,34E-5;93,42;3,81E-4;288,86;0,00
8,738;0,301;1,011;9,35E-5;93,46;2,00E-4;289,02;0,00
8,739;0,302;1,011;9,35E-5;93,48;1,16E-4;289,10;0,00
8,740;0,301;1,011;9,35E-5;93,46;2,15E-4;289,05;0,00
8,741;0,301;1,011;9,35E-5;93,46;2,15E-4;289,01;0,00
8,742;0,301;1,011;9,35E-5;93,47;1,64E-4;289,07;0,00
8,743;0,301;1,011;9,35E-5;93,47;1,87E-4;289,03;0,00
8,744;0,301;1,011;9,35E-5;93,47;1,87E-4;289,03;0,00
8,745;0,300;1,010;9,34E-5;93,44;2,99E-4;288,96;0,00
8,746;0,299;1,009;9,34E-5;93,41;4,33E-4;288,81;0,00
8,747;0,300;1,009;9,34E-5;93,43;3,64E-4;288,87;0,00
8,748;0,300;1,010;9,34E-5;93,44;3,17E-4;288,94;0,00
8,749;0,299;1,009;9,34E-5;93,41;4,32E-4;288,83;0,00
8,750;0,299;1,008;9,34E-5;93,39;5,37E-4;288,74;0,00
8,751;0,301;1,011;9,35E-5;93,47;1,84E-4;289,02;0,00
8,752;0,300;1,009;9,34E-5;93,41;4,28E-4;288,83;0,00
8,753;0,302;1,011;9,35E-5;93,48;1,06E-4;289,11;0,00
8,754;0,302;1,011;9,35E-5;93,48;1,24E-4;289,07;0,00
8,755;0,300;1,010;9,34E-5;93,44;3,20E-4;288,93;0,00
8,756;0,300;1,009;9,34E-5;93,43;3,68E-4;288,87;0,00
8,757;0,300;1,009;9,34E-5;93,42;3,95E-4;288,87;0,00
8,758;0,300;1,009;9,34E-5;93,42;4,01E-4;288,85;0,00
8,759;0,301;1,010;9,34E-5;93,45;2,68E-4;288,97;0,00
8,760;0,301;1,011;9,35E-5;93,47;1,46E-4;289,04;0,00
8,761;0,302;1,011;9,35E-5;93,49;9,28E-5;289,09;0,00
8,762;0,300;1,010;9,34E-5;93,43;3,57E-4;288,91;0,00
8,763;0,300;1,010;9,34E-5;93,44;2,89E-4;288,96;0,00
8,764;0,302;1,011;9,35E-5;93,48;1,07E-4;289,08;0,00
8,765;0,300;1,010;9,34E-5;93,43;3,57E-4;288,94;0,00
8,766;0,301;1,011;9,35E-5;93,47;1,66E-4;289,05;0,00
8,767;0,302;1,011;9,35E-5;93,49;7,64E-5;289,09;0,00
8,768;0,301;1,010;9,35E-5;93,46;1,93E-4;288,99;0,00
8,769;0,301;1,010;9,34E-5;93,45;2,64E-4;288,93;0,00
8,770;0,301;1,010;9,35E-5;93,46;2,35E-4;288,98;0,00
8,771;0,301;1,011;9,35E-5;93,47;1,46E-4;289,02;0,00
8,772;0,301;1,011;9,35E-5;93,48;1,35E-4;289,06;0,00
8,773;0,301;1,010;9,35E-5;93,45;2,55E-4;288,98;0,00
8,774;0,301;1,010;9,35E-5;93,45;2,55E-4;288,99;0,00
8,775;0,301;1,010;9,35E-5;93,45;2,48E-4;288,97;0,00
8,776;0,301;1,010;9,35E-5;93,46;2,17E-4;288,96;0,00
8,777;0,300;1,010;9,34E-5;93,42;3,88E-4;288,89;0,00
8,778;0,300;1,010;9,34E-5;93,44;3,11E-4;288,91;0,00
8,779;0,301;1,011;9,35E-5;93,46;2,08E-4;289,01;0,00
8,780;0,301;1,011;9,35E-5;93,46;1,97E-4;289,03;0,00
8,781;0,301;1,011;9,35E-5;93,46;2,33E-4;289,03;0,00
8,782;0,301;1,010;9,34E-5;93,45;2,66E-4;288,95;0,00
8,783;0,300;1,010;9,34E-5;93,44;3,10E-4;288,94;0,00
8,784;0,301;1,010;9,35E-5;93,46;2,08E-4;288,99;0,00
8,785;0,300;1,010;9,34E-5;93,44;2,99E-4;288,90;0,00
8,786;0,300;1,010;9,34E-5;93,44;2,89E-4;288,94;0,00
8,787;0,300;1,010;9,34E-5;93,44;3,24E-4;288,92;0,00
8,788;0,300;1,009;9,34E-5;93,42;4,24E-4;288,83;0,00
8,789;0,300;1,009;9,34E-5;93,42;3,93E-4;288,81;0,00
8,790;0,300;1,009;9,34E-5;93,42;3,95E-4;288,82;0,00
8,791;0,300;1,010;9,34E-5;93,43;3,40E-4;288,90;0,00
8,792;0,300;1,010;9,34E-5;93,44;2,91E-4;288,92;0,00
8,793;0,300;1,009;9,34E-5;93,42;4,19E-4;288,83;0,00
8,794;0,299;1,008;9,34E-5;93,40;5,08E-4;288,74;0,00
8,795;0,299;1,009;9,34E-5;93,41;4,44E-4;288,80;0,00
8,796;0,300;1,010;9,34E-5;93,44;3,22E-4;288,90;0,00
8,797;0,301;1,010;9,35E-5;93,45;2,44E-4;288,95;0,00
8,798;0,300;1,009;9,34E-5;93,43;3,77E-4;288,88;0,00
8,799;0,301;1,010;9,35E-5;93,45;2,59E-4;288,94;0,00
8,800;0,301;1,010;9,35E-5;93,45;2,49E-4;288,99;0,00
8,801;0,300;1,009;9,34E-5;93,43;3,53E-4;288,88;0,00
8,802;0,299;1,009;9,34E-5;93,41;4,35E-4;288,82;0,00
8,803;0,300;1,010;9,34E-5;93,44;3,22E-4;288,89;0,00
8,804;0,300;1,009;9,34E-5;93,42;4,22E-4;288,83;0,00
8,805;0,300;1,009;9,34E-5;93,43;3,66E-4;288,86;0,00
8,806;0,300;1,009;9,34E-5;93,44;3,15E-4;288,87;0,00
8,807;0,300;1,010;9,34E-5;93,44;2,91E-4;288,89;0,00
8,808;0,300;1,009;9,34E-5;93,43;3,44E-4;288,86;0,00
8,809;0,301;1,010;9,35E-5;93,46;2,29E-4;288,94;0,00
8,810;0,302;1,011;9,35E-5;93,48;1,16E-4;289,07;0,00
8,811;0,301;1,011;9,35E-5;93,47;1,67E-4;289,00;0,00
8,812;0,301;1,010;9,35E-5;93,46;2,24E-4;288,93;0,00
8,813;0,301;1,011;9,35E-5;93,47;1,57E-4;289,02;0,00
8,814;0,302;1,011;9,35E-5;93,49;6,73E-5;289,10;0,00
8,815;0,300;1,010;9,34E-5;93,44;2,86E-4;288,94;0,00
8,816;0,301;1,010;9,35E-5;93,45;2,51E-4;288,92;0,00
8,817;0,301;1,011;9,35E-5;93,47;1,78E-4;289,00;0,00
8,818;0,301;1,011;9,35E-5;93,47;1,80E-4;289,00;0,00
8,819;0,301;1,010;9,35E-5;93,46;2,33E-4;288,93;0,00
8,820;0,301;1,010;9,35E-5;93,47;1,73E-4;288,99;0,00
8,821;0,301;1,011;9,35E-5;93,47;1,78E-4;289,01;0,00
8,822;0,301;1,010;9,35E-5;93,47;1,51E-4;288,99;0,00
8,823;0,301;1,010;9,35E-5;93,46;2,37E-4;288,94;0,00
8,824;0,300;1,009;9,34E-5;93,44;3,26E-4;288,84;0,00
8,825;0,299;1,008;9,34E-5;93,41;4,55E-4;288,76;0,00
8,826;0,301;1,010;9,35E-5;93,45;2,44E-4;288,96;0,00
8,827;0,301;1,010;9,35E-5;93,45;2,46E-4;288,92;0,00
8,828;0,302;1,011;9,35E-5;93,49;6,92E-5;289,06;0,00
8,829;0,301;1,010;9,35E-5;93,47;1,77E-4;288,99;0,00
8,830;0,300;1,009;9,34E-5;93,43;3,57E-4;288,86;0,00
8,831;0,300;1,009;9,34E-5;93,42;3,81E-4;288,85;0,00
8,832;0,301;1,010;9,35E-5;93,46;2,17E-4;288,94;0,00
8,833;0,301;1,010;9,35E-5;93,46;2,28E-4;288,94;0,00
8,834;0,301;1,010;9,35E-5;93,46;2,11E-4;288,95;0,00
8,835;0,301;1,010;9,35E-5;93,46;2,11E-4;288,96;0,00
8,836;0,300;1,009;9,34E-5;93,43;3,35E-4;288,86;0,00
8,837;0,301;1,010;9,35E-5;93,46;2,11E-4;288,92;0,00
8,838;0,300;1,009;9,34E-5;93,43;3,77E-4;288,83;0,00
8,839;0,300;1,009;9,34E-5;93,44;2,89E-4;288,88;0,00
8,840;0,301;1,010;9,34E-5;93,45;2,68E-4;288,88;0,00
8,841;0,299;1,008;9,34E-5;93,40;5,08E-4;288,68;0,00
8,842;0,300;1,009;9,34E-5;93,43;3,44E-4;288,82;0,00
8,843;0,301;1,011;9,35E-5;93,47;1,46E-4;289,01;0,00
8,844;0,300;1,009;9,34E-5;93,43;3,42E-4;288,84;0,00
8,845;0,300;1,010;9,34E-5;93,44;3,02E-4;288,89;0,00
8,846;0,300;1,009;9,34E-5;93,43;3,59E-4;288,83;0,00
8,847;0,299;1,009;9,34E-5;93,41;4,63E-4;288,79;0,00
8,848;0,301;1,010;9,35E-5;93,45;2,55E-4;288,92;0,00
8,849;0,301;1,010;9,35E-5;93,45;2,44E-4;288,96;0,00
8,850;0,300;1,009;9,34E-5;93,44;3,17E-4;288,88;0,00
8,851;0,300;1,009;9,34E-5;93,42;4,10E-4;288,79;0,00
8,852;0,300;1,009;9,34E-5;93,43;3,42E-4;288,83;0,00
8,853;0,300;1,009;9,34E-5;93,43;3,57E-4;288,85;0,00
8,854;0,301;1,011;9,35E-5;93,48;1,44E-4;289,01;0,00
8,855;0,303;1,012;9,35E-5;93,51;-2,18E-5;289,13;0,00
8,856;0,300;1,010;9,34E-5;93,44;2,89E-4;288,90;0,00
8,857;0,302;1,011;9,35E-5;93,48;1,16E-4;289,02;0,00
8,858;0,302;1,011;9,35E-5;93,49;8,37E-5;289,07;0,00
8,859;0,302;1,011;9,35E-5;93,49;5,28E-5;289,05;0,00
8,860;0,301;1,010;9,35E-5;93,46;2,24E-4;288,96;0,00
8,861;0,301;1,010;9,35E-5;93,46;2,29E-4;288,94;0,00
8,862;0,300;1,009;9,34E-5;93,42;3,90E-4;288,82;0,00
8,863;0,299;1,008;9,34E-5;93,41;4,55E-4;288,75;0,00
8,864;0,299;1,008;9,34E-5;93,40;4,90E-4;288,73;0,00
8,865;0,301;1,010;9,35E-5;93,46;2,35E-4;288,94;0,00
8,866;0,300;1,009;9,34E-5;93,43;3,71E-4;288,79;0,00
8,867;0,299;1,008;9,34E-5;93,41;4,63E-4;288,73;0,00
8,868;0,300;1,009;9,34E-5;93,44;2,95E-4;288,86;0,00
8,869;0,301;1,010;9,35E-5;93,47;1,55E-4;288,96;0,00
8,870;0,301;1,010;9,35E-5;93,46;1,97E-4;288,95;0,00
8,871;0,301;1,010;9,34E-5;93,45;2,64E-4;288,91;0,00
8,872;0,300;1,010;9,34E-5;93,44;3,02E-4;288,90;0,00
8,873;0,300;1,009;9,34E-5;93,44;2,97E-4;288,87;0,00
8,874;0,301;1,010;9,35E-5;93,45;2,46E-4;288,90;0,00
8,875;0,301;1,010;9,35E-5;93,46;2,15E-4;288,94;0,00
8,876;0,301;1,011;9,35E-5;93,47;1,47E-4;289,03;0,00
8,877;0,300;1,010;9,34E-5;93,44;2,86E-4;288,91;0,00
8,878;0,300;1,010;9,34E-5;93,44;3,24E-4;288,89;0,00
8,879;0,300;1,009;9,34E-5;93,43;3,40E-4;288,84;0,00
8,880;0,301;1,010;9,35E-5;93,46;2,22E-4;288,92;0,00
8,881;0,301;1,010;9,35E-5;93,45;2,59E-4;288,92;0,00
8,882;0,301;1,010;9,35E-5;93,46;2,20E-4;288,90;0,00
8,883;0,302;1,010;9,35E-5;93,48;1,24E-4;288,97;0,00
8,884;0,301;1,011;9,35E-5;93,47;1,49E-4;289,00;0,00
8,885;0,301;1,010;9,35E-5;93,47;1,64E-4;288,98;0,00
8,886;0,299;1,008;9,34E-5;93,41;4,66E-4;288,76;0,00
8,887;0,301;1,010;9,35E-5;93,46;2,31E-4;288,91;0,00
8,888;0,302;1,010;9,35E-5;93,48;1,29E-4;288,98;0,00
8,889;0,300;1,009;9,34E-5;93,42;3,91E-4;288,82;0,00
8,890;0,300;1,009;9,34E-5;93,44;2,89E-4;288,88;0,00
8,891;0,301;1,009;9,34E-5;93,45;2,77E-4;288,88;0,00
8,892;0,301;1,009;9,34E-5;93,45;2,75E-4;288,86;0,00
8,893;0,301;1,010;9,35E-5;93,47;1,51E-4;288,95;0,00
8,894;0,301;1,009;9,35E-5;93,46;2,20E-4;288,88;0,00
8,895;0,300;1,009;9,34E-5;93,43;3,68E-4;288,78;0,00
8,896;0,302;1,010;9,35E-5;93,48;1,11E-4;288,99;0,00
8,897;0,302;1,011;9,35E-5;93,50;7,28E-6;289,08;0,00
8,898;0,301;1,010;9,35E-5;93,47;1,80E-4;288,91;0,00
8,899;0,300;1,009;9,34E-5;93,44;3,24E-4;288,85;0,00
8,900;0,301;1,010;9,35E-5;93,46;2,18E-4;288,90;0,00
8,901;0,302;1,011;9,35E-5;93,50;4,73E-5;289,05;0,00
8,902;0,301;1,010;9,35E-5;93,47;1,75E-4;288,93;0,00
8,903;0,301;1,010;9,35E-5;93,45;2,42E-4;288,88;0,00
8,904;0,301;1,009;9,35E-5;93,45;2,38E-4;288,88;0,00
8,905;0,300;1,010;9,34E-5;93,44;3,24E-4;288,90;0,00
8,906;0,300;1,009;9,34E-5;93,42;3,93E-4;288,80;0,00
8,907;0,301;1,010;9,35E-5;93,47;1,60E-4;288,95;0,00
8,908;0,301;1,009;9,34E-5;93,45;2,77E-4;288,87;0,00
8,909;0,301;1,010;9,35E-5;93,47;1,77E-4;288,94;0,00
8,910;0,301;1,009;9,34E-5;93,45;2,69E-4;288,84;0,00
8,911;0,300;1,009;9,34E-5;93,43;3,42E-4;288,79;0,00
8,912;0,300;1,008;9,34E-5;93,42;4,24E-4;288,70;0,00
8,913;0,300;1,008;9,34E-5;93,42;4,21E-4;288,72;0,00
8,914;0,301;1,009;9,34E-5;93,45;2,69E-4;288,87;0,00
8,915;0,302;1,010;9,35E-5;93,48;1,16E-4;288,97;0,00
8,916;0,301;1,009;9,34E-5;93,45;2,73E-4;288,85;0,00
8,917;0,301;1,009;9,35E-5;93,45;2,40E-4;288,83;0,00
8,918;0,301;1,010;9,35E-5;93,47;1,89E-4;288,90;0,00
8,919;0,301;1,010;9,35E-5;93,46;2,08E-4;288,90;0,00
8,920;0,300;1,008;9,34E-5;93,43;3,77E-4;288,76;0,00
8,921;0,301;1,010;9,35E-5;93,48;1,40E-4;288,94;0,00
8,922;0,300;1,009;9,34E-5;93,44;3,08E-4;288,82;0,00
8,923;0,300;1,008;9,34E-5;93,42;3,88E-4;288,75;0,00
8,924;0,301;1,009;9,35E-5;93,45;2,40E-4;288,87;0,00
8,925;0,300;1,009;9,34E-5;93,44;2,99E-4;288,85;0,00
8,926;0,301;1,010;9,35E-5;93,47;1,53E-4;288,97;0,00
8,927;0,302;1,011;9,35E-5;93,50;3,28E-5;289,05;0,00
8,928;0,302;1,011;9,35E-5;93,50;2,37E-5;289,04;0,00
8,929;0,302;1,010;9,35E-5;93,48;1,20E-4;288,94;0,00
8,930;0,300;1,009;9,34E-5;93,43;3,39E-4;288,82;0,00
8,931;0,300;1,009;9,34E-5;93,44;2,99E-4;288,83;0,00
8,932;0,301;1,010;9,34E-5;93,45;2,79E-4;288,89;0,00
8,933;0,301;1,009;9,35E-5;93,45;2,53E-4;288,85;0,00
8,934;0,300;1,008;9,34E-5;93,42;3,90E-4;288,77;0,00
8,935;0,300;1,009;9,34E-5;93,44;3,31E-4;288,81;0,00
8,936;0,301;1,010;9,35E-5;93,46;2,15E-4;288,90;0,00
8,937;0,301;1,009;9,34E-5;93,45;2,66E-4;288,87;0,00
8,938;0,301;1,010;9,35E-5;93,47;1,60E-4;288,91;0,00
8,939;0,301;1,009;9,35E-5;93,46;2,37E-4;288,87;0,00
8,940;0,301;1,010;9,35E-5;93,46;2,13E-4;288,91;0,00
8,941;0,301;1,010;9,35E-5;93,47;1,73E-4;288,93;0,00
8,942;0,302;1,010;9,35E-5;93,49;8,92E-5;288,98;0,00
8,943;0,299;1,008;9,34E-5;93,41;4,33E-4;288,70;0,00
8,944;0,300;1,008;9,34E-5;93,44;3,20E-4;288,77;0,00
8,945;0,300;1,009;9,34E-5;93,44;3,00E-4;288,79;0,00
8,946;0,300;1,008;9,34E-5;93,42;4,24E-4;288,69;0,00
8,947;0,301;1,009;9,35E-5;93,46;2,28E-4;288,84;0,00
8,948;0,301;1,010;9,35E-5;93,48;1,31E-4;288,94;0,00
8,949;0,302;1,010;9,35E-5;93,49;7,46E-5;288,95;0,00
8,950;0,300;1,009;9,34E-5;93,44;2,95E-4;288,79;0,00
8,951;0,300;1,008;9,34E-5;93,43;3,51E-4;288,76;0,00
8,952;0,300;1,009;9,34E-5;93,44;2,95E-4;288,86;0,00
8,953;0,299;1,008;9,34E-5;93,41;4,61E-4;288,67;0,00
8,954;0,300;1,009;9,34E-5;93,44;3,19E-4;288,78;0,00
8,955;0,301;1,009;9,35E-5;93,46;2,33E-4;288,85;0,00
8,956;0,301;1,010;9,35E-5;93,47;1,51E-4;288,92;0,00
8,957;0,301;1,009;9,35E-5;93,46;2,18E-4;288,87;0,00
8,958;0,300;1,008;9,34E-5;93,43;3,68E-4;288,76;0,00
8,959;0,301;1,010;9,35E-5;93,47;1,51E-4;288,96;0,00
8,960;0,301;1,010;9,35E-5;93,47;1,73E-4;288,91;0,00
8,961;0,301;1,010;9,35E-5;93,46;2,02E-4;288,91;0,00
8,962;0,300;1,009;9,34E-5;93,43;3,55E-4;288,78;0,00
8,963;0,301;1,010;9,35E-5;93,47;1,73E-4;288,90;0,00
8,964;0,301;1,009;9,35E-5;93,45;2,55E-4;288,84;0,00
8,965;0,301;1,009;9,34E-5;93,45;2,66E-4;288,84;0,00
8,966;0,301;1,009;9,35E-5;93,46;2,15E-4;288,88;0,00
8,967;0,301;1,009;9,35E-5;93,45;2,60E-4;288,85;0,00
8,968;0,301;1,009;9,35E-5;93,46;2,08E-4;288,88;0,00
8,969;0,301;1,010;9,35E-5;93,47;1,51E-4;288,91;0,00
8,970;0,300;1,008;9,34E-5;93,42;3,99E-4;288,73;0,00
8,971;0,300;1,008;9,34E-5;93,43;3,55E-4;288,74;0,00
8,972;0,300;1,009;9,34E-5;93,44;3,00E-4;288,78;0,00
8,973;0,301;1,009;9,35E-5;93,46;2,06E-4;288,87;0,00
8,974;0,302;1,010;9,35E-5;93,48;1,22E-4;288,91;0,00
8,975;0,301;1,009;9,35E-5;93,46;2,15E-4;288,87;0,00
8,976;0,299;1,008;9,34E-5;93,40;4,75E-4;288,71;0,00
8,977;0,300;1,009;9,34E-5;93,44;3,06E-4;288,79;0,00
8,978;0,300;1,009;9,34E-5;93,44;3,10E-4;288,81;0,00
8,979;0,300;1,008;9,34E-5;93,44;3,22E-4;288,76;0,00
8,980;0,300;1,008;9,34E-5;93,43;3,51E-4;288,74;0,00
8,981;0,301;1,009;9,34E-5;93,45;2,62E-4;288,85;0,00
8,982;0,301;1,009;9,35E-5;93,46;2,13E-4;288,84;0,00
8,983;0,301;1,009;9,35E-5;93,46;2,37E-4;288,81;0,00
8,984;0,301;1,009;9,35E-5;93,45;2,59E-4;288,84;0,00
8,985;0,300;1,009;9,34E-5;93,43;3,44E-4;288,77;0,00
8,986;0,301;1,009;9,35E-5;93,46;1,95E-4;288,87;0,00
8,987;0,301;1,009;9,35E-5;93,46;2,04E-4;288,84;0,00
8,988;0,300;1,009;9,34E-5;93,44;3,17E-4;288,79;0,00
8,989;0,301;1,009;9,34E-5;93,45;2,73E-4;288,77;0,00
8,990;0,301;1,009;9,35E-5;93,46;2,28E-4;288,84;0,00
8,991;0,301;1,010;9,35E-5;93,47;1,66E-4;288,90;0,00
8,992;0,301;1,009;9,35E-5;93,45;2,46E-4;288,85;0,00
8,993;0,301;1,009;9,35E-5;93,45;2,38E-4;288,82;0,00
8,994;0,300;1,008;9,34E-5;93,44;3,30E-4;288,74;0,00
8,995;0,299;1,007;9,34E-5;93,41;4,55E-4;288,65;0,00
8,996;0,300;1,009;9,34E-5;93,44;2,93E-4;288,80;0,00
8,997;0,300;1,008;9,34E-5;93,43;3,60E-4;288,72;0,00
8,998;0,302;1,010;9,35E-5;93,48;1,20E-4;288,94;0,00
8,999;0,300;1,009;9,34E-5;93,44;3,17E-4;288,79;0,00
9,000;0,300;1,008;9,34E-5;93,43;3,62E-4;288,74;0,00
9,001;0,301;1,009;9,34E-5;93,45;2,62E-4;288,85;0,00
9,002;0,300;1,008;9,34E-5;93,43;3,55E-4;288,77;0,00
9,003;0,300;1,008;9,34E-5;93,42;4,02E-4;288,69;0,00
9,004;0,300;1,009;9,34E-5;93,43;3,35E-4;288,81;0,00
9,005;0,301;1,009;9,35E-5;93,46;2,31E-4;288,85;0,00
9,006;0,301;1,009;9,35E-5;93,46;2,31E-4;288,87;0,00
9,007;0,302;1,010;9,35E-5;93,48;1,13E-4;288,94;0,00
9,008;0,302;1,010;9,35E-5;93,48;1,11E-4;288,92;0,00
9,009;0,300;1,008;9,34E-5;93,42;4,19E-4;288,68;0,00
9,010;0,301;1,009;9,35E-5;93,47;1,49E-4;288,87;0,00
9,011;0,300;1,009;9,34E-5;93,44;3,26E-4;288,78;0,00
9,012;0,300;1,009;9,34E-5;93,44;3,08E-4;288,77;0,00
9,013;0,300;1,008;9,34E-5;93,43;3,51E-4;288,74;0,00
9,014;0,301;1,009;9,34E-5;93,45;2,69E-4;288,80;0,00
9,015;0,301;1,010;9,35E-5;93,47;1,66E-4;288,91;0,00
9,016;0,301;1,009;9,35E-5;93,47;1,82E-4;288,87;0,00
9,017;0,302;1,010;9,35E-5;93,49;8,19E-5;288,95;0,00
9,018;0,302;1,010;9,35E-5;93,49;7,10E-5;288,94;0,00
9,019;0,301;1,010;9,35E-5;93,47;1,49E-4;288,94;0,00
9,020;0,300;1,008;9,34E-5;93,44;3,17E-4;288,77;0,00
9,021;0,300;1,008;9,34E-5;93,44;3,26E-4;288,73;0,00
9,022;0,302;1,010;9,35E-5;93,49;8,92E-5;288,89;0,00
9,023;0,301;1,009;9,35E-5;93,46;2,09E-4;288,83;0,00
9,024;0,301;1,009;9,35E-5;93,46;1,93E-4;288,88;0,00
9,025;0,301;1,009;9,35E-5;93,46;2,37E-4;288,81;0,00
9,026;0,300;1,009;9,34E-5;93,45;2,84E-4;288,80;0,00
9,027;0,301;1,009;9,35E-5;93,46;2,15E-4;288,86;0,00
9,028;0,301;1,009;9,35E-5;93,47;1,69E-4;288,88;0,00
9,029;0,300;1,009;9,34E-5;93,43;3,42E-4;288,77;0,00
9,030;0,300;1,008;9,34E-5;93,44;3,30E-4;288,72;0,00
9,031;0,301;1,009;9,35E-5;93,47;1,66E-4;288,82;0,00
9,032;0,301;1,010;9,35E-5;93,47;1,55E-4;288,90;0,00
9,033;0,301;1,009;9,35E-5;93,45;2,59E-4;288,78;0,00
9,034;0,301;1,010;9,35E-5;93,48;1,40E-4;288,89;0,00
9,035;0,301;1,009;9,35E-5;93,46;1,95E-4;288,86;0,00
9,036;0,302;1,010;9,35E-5;93,48;1,26E-4;288,90;0,00
9,037;0,301;1,009;9,34E-5;93,45;2,69E-4;288,82;0,00
9,038;0,301;1,009;9,35E-5;93,46;2,18E-4;288,86;0,00
9,039;0,301;1,009;9,35E-5;93,46;2,37E-4;288,83;0,00
9,040;0,301;1,009;9,35E-5;93,46;2,26E-4;288,82;0,00
9,041;0,302;1,010;9,35E-5;93,49;7,83E-5;288,91;0,00
9,042;0,300;1,008;9,34E-5;93,44;2,97E-4;288,75;0,00
9,043;0,300;1,008;9,34E-5;93,44;3,13E-4;288,73;0,00
9,044;0,301;1,009;9,35E-5;93,46;2,20E-4;288,83;0,00
9,045;0,302;1,010;9,35E-5;93,49;7,83E-5;288,92;0,00
9,046;0,300;1,008;9,34E-5;93,43;3,75E-4;288,70;0,00
9,047;0,300;1,008;9,34E-5;93,42;4,22E-4;288,67;0,00
9,048;0,300;1,009;9,34E-5;93,44;3,15E-4;288,77;0,00
9,049;0,301;1,009;9,35E-5;93,46;2,20E-4;288,78;0,00
9,050;0,301;1,008;9,34E-5;93,45;2,69E-4;288,75;0,00
9,051;0,301;1,009;9,35E-5;93,46;2,24E-4;288,83;0,00
9,052;0,301;1,009;9,34E-5;93,45;2,64E-4;288,78;0,00
9,053;0,300;1,008;9,34E-5;93,43;3,60E-4;288,72;0,00
9,054;0,300;1,008;9,34E-5;93,44;3,30E-4;288,69;0,00
9,055;0,301;1,009;9,34E-5;93,45;2,62E-4;288,80;0,00
9,056;0,300;1,008;9,34E-5;93,44;2,95E-4;288,75;0,00
9,057;0,300;1,008;9,34E-5;93,43;3,35E-4;288,73;0,00
9,058;0,299;1,007;9,34E-5;93,41;4,48E-4;288,65;0,00
9,059;0,302;1,010;9,35E-5;93,48;1,22E-4;288,90;0,00
9,060;0,300;1,008;9,34E-5;93,45;2,84E-4;288,76;0,00
9,061;0,300;1,008;9,34E-5;93,44;3,19E-4;288,75;0,00
9,062;0,300;1,008;9,34E-5;93,44;3,28E-4;288,74;0,00
9,063;0,301;1,009;9,35E-5;93,47;1,46E-4;288,87;0,00
9,064;0,301;1,009;9,35E-5;93,47;1,75E-4;288,85;0,00
9,065;0,301;1,009;9,35E-5;93,46;2,00E-4;288,81;0,00
9,066;0,300;1,008;9,34E-5;93,44;2,86E-4;288,73;0,00
9,067;0,300;1,008;9,34E-5;93,44;3,13E-4;288,73;0,00
9,068;0,300;1,008;9,34E-5;93,43;3,50E-4;288,72;0,00
9,069;0,300;1,008;9,34E-5;93,43;3,39E-4;288,67;0,00
9,070;0,301;1,009;9,35E-5;93,47;1,55E-4;288,83;0,00
9,071;0,300;1,009;9,34E-5;93,44;2,89E-4;288,78;0,00
9,072;0,300;1,008;9,34E-5;93,43;3,44E-4;288,69;0,00
9,073;0,301;1,009;9,35E-5;93,45;2,38E-4;288,78;0,00
9,074;0,300;1,008;9,34E-5;93,43;3,55E-4;288,70;0,00
9,075;0,299;1,007;9,34E-5;93,41;4,32E-4;288,62;0,00
9,076;0,301;1,009;9,34E-5;93,45;2,69E-4;288,78;0,00
9,077;0,300;1,008;9,34E-5;93,44;2,91E-4;288,74;0,00
9,078;0,301;1,009;9,35E-5;93,47;1,77E-4;288,84;0,00
9,079;0,300;1,008;9,34E-5;93,43;3,68E-4;288,69;0,00
9,080;0,300;1,008;9,34E-5;93,43;3,35E-4;288,71;0,00
9,081;0,300;1,008;9,34E-5;93,43;3,68E-4;288,68;0,00
9,082;0,301;1,009;9,34E-5;93,45;2,77E-4;288,78;0,00
9,083;0,300;1,008;9,34E-5;93,43;3,40E-4;288,70;0,00
9,084;0,299;1,007;9,34E-5;93,41;4,46E-4;288,62;0,00
9,085;0,301;1,008;9,34E-5;93,45;2,75E-4;288,75;0,00
9,086;0,301;1,009;9,35E-5;93,46;2,26E-4;288,79;0,00
9,087;0,301;1,009;9,35E-5;93,47;1,47E-4;288,88;0,00
9,088;0,301;1,009;9,35E-5;93,47;1,46E-4;288,86;0,00
9,089;0,301;1,009;9,35E-5;93,47;1,60E-4;288,87;0,00
9,090;0,302;1,009;9,35E-5;93,48;1,22E-4;288,88;0,00
9,091;0,302;1,010;9,35E-5;93,49;8,74E-5;288,90;0,00
9,092;0,302;1,009;9,35E-5;93,48;1,27E-4;288,85;0,00
9,093;0,301;1,009;9,35E-5;93,47;1,75E-4;288,82;0,00
9,094;0,300;1,008;9,34E-5;93,43;3,68E-4;288,66;0,00
9,095;0,301;1,009;9,35E-5;93,47;1,71E-4;288,81;0,00
9,096;0,300;1,008;9,34E-5;93,44;2,88E-4;288,74;0,00
9,097;0,300;1,008;9,34E-5;93,44;3,00E-4;288,73;0,00
9,098;0,301;1,009;9,35E-5;93,45;2,48E-4;288,80;0,00
9,099;0,301;1,009;9,35E-5;93,47;1,78E-4;288,84;0,00
9,100;0,302;1,010;9,35E-5;93,48;1,22E-4;288,91;0,00
9,101;0,302;1,009;9,35E-5;93,48;1,18E-4;288,87;0,00
9,102;0,301;1,009;9,35E-5;93,48;1,37E-4;288,84;0,00
9,103;0,300;1,008;9,34E-5;93,45;2,82E-4;288,74;0,00
9,104;0,300;1,008;9,34E-5;93,43;3,59E-4;288,70;0,00
9,105;0,300;1,008;9,34E-5;93,44;3,04E-4;288,68;0,00
9,106;0,299;1,007;9,34E-5;93,40;4,73E-4;288,60;0,00
9,107;0,301;1,009;9,35E-5;93,47;1,67E-4;288,79;0,00
9,108;0,302;1,009;9,35E-5;93,50;2,73E-5;288,86;0,00
9,109;0,302;1,010;9,35E-5;93,49;8,74E-5;288,89;0,00
9,110;0,301;1,008;9,35E-5;93,46;2,29E-4;288,73;0,00
9,111;0,301;1,009;9,35E-5;93,48;1,40E-4;288,85;0,00
9,112;0,300;1,008;9,34E-5;93,43;3,46E-4;288,71;0,00
9,113;0,301;1,009;9,35E-5;93,47;1,67E-4;288,84;0,00
9,114;0,301;1,009;9,35E-5;93,47;1,46E-4;288,87;0,00
9,115;0,301;1,009;9,35E-5;93,47;1,62E-4;288,81;0,00
9,116;0,301;1,009;9,35E-5;93,47;1,82E-4;288,83;0,00
9,117;0,300;1,008;9,34E-5;93,44;3,13E-4;288,72;0,00
9,118;0,300;1,008;9,34E-5;93,44;3,11E-4;288,72;0,00
9,119;0,300;1,008;9,34E-5;93,44;3,10E-4;288,73;0,00
9,120;0,301;1,009;9,35E-5;93,47;1,53E-4;288,86;0,00
9,121;0,301;1,009;9,35E-5;93,47;1,84E-4;288,85;0,00
9,122;0,301;1,009;9,35E-5;93,47;1,51E-4;288,85;0,00
9,123;0,300;1,008;9,34E-5;93,44;3,30E-4;288,69;0,00
9,124;0,300;1,007;9,34E-5;93,41;4,26E-4;288,60;0,00
9,125;0,300;1,008;9,34E-5;93,43;3,71E-4;288,67;0,00
9,126;0,300;1,008;9,34E-5;93,44;2,93E-4;288,73;0,00
9,127;0,300;1,008;9,34E-5;93,43;3,68E-4;288,71;0,00
9,128;0,301;1,008;9,34E-5;93,45;2,66E-4;288,73;0,00
9,129;0,300;1,008;9,34E-5;93,43;3,71E-4;288,65;0,00
9,130;0,300;1,007;9,34E-5;93,42;3,81E-4;288,64;0,00
9,131;0,300;1,008;9,34E-5;93,44;2,88E-4;288,73;0,00
9,132;0,301;1,009;9,35E-5;93,48;1,40E-4;288,88;0,00
9,133;0,301;1,008;9,35E-5;93,47;1,89E-4;288,77;0,00
9,134;0,300;1,008;9,34E-5;93,44;3,17E-4;288,70;0,00
9,135;0,300;1,007;9,34E-5;93,43;3,59E-4;288,65;0,00
9,136;0,301;1,009;9,35E-5;93,47;1,46E-4;288,82;0,00
9,137;0,301;1,008;9,35E-5;93,45;2,51E-4;288,74;0,00
9,138;0,302;1,010;9,35E-5;93,48;1,18E-4;288,89;0,00
9,139;0,300;1,008;9,34E-5;93,44;2,97E-4;288,74;0,00
9,140;0,299;1,006;9,34E-5;93,39;5,19E-4;288,53;0,00
9,141;0,300;1,008;9,34E-5;93,43;3,35E-4;288,66;0,00
9,142;0,300;1,008;9,34E-5;93,44;3,13E-4;288,73;0,00
9,143;0,301;1,009;9,35E-5;93,48;1,35E-4;288,82;0,00
9,144;0,301;1,008;9,35E-5;93,45;2,51E-4;288,74;0,00
9,145;0,302;1,009;9,35E-5;93,49;8,92E-5;288,87;0,00
9,146;0,301;1,008;9,34E-5;93,45;2,69E-4;288,71;0,00
9,147;0,300;1,008;9,34E-5;93,44;3,30E-4;288,67;0,00
9,148;0,300;1,008;9,34E-5;93,43;3,60E-4;288,66;0,00
9,149;0,301;1,009;9,35E-5;93,47;1,57E-4;288,86;0,00
9,150;0,300;1,007;9,34E-5;93,42;4,21E-4;288,62;0,00
9,151;0,302;1,009;9,35E-5;93,48;1,27E-4;288,87;0,00
9,152;0,301;1,009;9,35E-5;93,47;1,60E-4;288,80;0,00
9,153;0,301;1,009;9,35E-5;93,45;2,38E-4;288,78;0,00
9,154;0,301;1,009;9,35E-5;93,47;1,46E-4;288,84;0,00
9,155;0,301;1,008;9,35E-5;93,45;2,46E-4;288,74;0,00
9,156;0,301;1,009;9,35E-5;93,47;1,53E-4;288,84;0,00
9,157;0,301;1,009;9,35E-5;93,48;1,40E-4;288,82;0,00
9,158;0,301;1,009;9,35E-5;93,48;1,40E-4;288,83;0,00
9,159;0,300;1,008;9,34E-5;93,44;2,97E-4;288,71;0,00
9,160;0,302;1,010;9,35E-5;93,50;2,18E-5;288,92;0,00
9,161;0,302;1,009;9,35E-5;93,49;9,65E-5;288,86;0,00
9,162;0,301;1,008;9,35E-5;93,46;2,18E-4;288,76;0,00
9,163;0,301;1,008;9,35E-5;93,46;2,20E-4;288,76;0,00
9,164;0,300;1,008;9,34E-5;93,44;2,99E-4;288,72;0,00
9,165;0,300;1,008;9,34E-5;93,44;3,31E-4;288,67;0,00
9,166;0,300;1,008;9,34E-5;93,44;3,28E-4;288,67;0,00
9,167;0,302;1,009;9,35E-5;93,49;9,46E-5;288,82;0,00
9,168;0,302;1,009;9,35E-5;93,49;8,74E-5;288,88;0,00
9,169;0,301;1,009;9,35E-5;93,47;1,55E-4;288,81;0,00
9,170;0,301;1,009;9,35E-5;93,48;1,31E-4;288,80;0,00
9,171;0,300;1,008;9,34E-5;93,44;3,17E-4;288,69;0,00
9,172;0,301;1,009;9,35E-5;93,46;2,04E-4;288,77;0,00
9,173;0,301;1,009;9,35E-5;93,47;1,66E-4;288,78;0,00
9,174;0,300;1,008;9,34E-5;93,44;3,06E-4;288,70;0,00
9,175;0,300;1,007;9,34E-5;93,42;4,22E-4;288,57;0,00
9,176;0,301;1,008;9,35E-5;93,45;2,51E-4;288,71;0,00
9,177;0,300;1,008;9,34E-5;93,44;2,93E-4;288,71;0,00
9,178;0,302;1,009;9,35E-5;93,48;1,24E-4;288,81;0,00
9,179;0,300;1,008;9,34E-5;93,44;3,10E-4;288,69;0,00
9,180;0,300;1,008;9,34E-5;93,44;2,99E-4;288,69;0,00
9,181;0,300;1,007;9,34E-5;93,42;4,12E-4;288,63;0,00
9,182;0,300;1,007;9,34E-5;93,43;3,70E-4;288,62;0,00
9,183;0,301;1,008;9,35E-5;93,46;2,24E-4;288,71;0,00
9,184;0,300;1,008;9,34E-5;93,44;3,08E-4;288,66;0,00
9,185;0,302;1,009;9,35E-5;93,48;1,27E-4;288,84;0,00
9,186;0,300;1,008;9,34E-5;93,44;3,15E-4;288,68;0,00
9,187;0,300;1,007;9,34E-5;93,43;3,62E-4;288,62;0,00
9,188;0,301;1,009;9,35E-5;93,46;1,97E-4;288,80;0,00
9,189;0,302;1,009;9,35E-5;93,49;9,65E-5;288,82;0,00
9,190;0,301;1,008;9,35E-5;93,47;1,66E-4;288,76;0,00
9,191;0,301;1,009;9,35E-5;93,47;1,47E-4;288,81;0,00
9,192;0,300;1,007;9,34E-5;93,44;3,06E-4;288,65;0,00
9,193;0,300;1,007;9,34E-5;93,42;3,90E-4;288,62;0,00
9,194;0,300;1,008;9,34E-5;93,44;3,28E-4;288,70;0,00
9,195;0,301;1,008;9,35E-5;93,45;2,51E-4;288,67;0,00
9,196;0,301;1,008;9,35E-5;93,45;2,44E-4;288,71;0,00
9,197;0,302;1,009;9,35E-5;93,48;1,20E-4;288,84;0,00
9,198;0,300;1,008;9,34E-5;93,44;2,95E-4;288,73;0,00
9,199;0,300;1,007;9,34E-5;93,44;2,99E-4;288,65;0,00
9,200;0,300;1,007;9,34E-5;93,43;3,60E-4;288,61;0,00
9,201;0,301;1,008;9,34E-5;93,45;2,77E-4;288,70;0,00
9,202;0,299;1,007;9,34E-5;93,41;4,35E-4;288,58;0,00
9,203;0,300;1,007;9,34E-5;93,43;3,77E-4;288,63;0,00
9,204;0,300;1,007;9,34E-5;93,43;3,71E-4;288,63;0,00
9,205;0,300;1,007;9,34E-5;93,42;3,82E-4;288,61;0,00
9,206;0,302;1,009;9,35E-5;93,49;6,19E-5;288,87;0,00
9,207;0,302;1,009;9,35E-5;93,48;1,16E-4;288,81;0,00
9,208;0,301;1,008;9,35E-5;93,46;2,08E-4;288,74;0,00
9,209;0,301;1,008;9,35E-5;93,47;1,78E-4;288,75;0,00
9,210;0,301;1,008;9,34E-5;93,45;2,79E-4;288,71;0,00
9,211;0,301;1,008;9,35E-5;93,45;2,38E-4;288,76;0,00
9,212;0,302;1,009;9,35E-5;93,50;2,18E-5;288,87;0,00
9,213;0,301;1,008;9,35E-5;93,47;1,73E-4;288,76;0,00
9,214;0,301;1,008;9,35E-5;93,45;2,48E-4;288,72;0,00
9,215;0,302;1,009;9,35E-5;93,49;7,83E-5;288,84;0,00
9,216;0,301;1,008;9,34E-5;93,45;2,77E-4;288,72;0,00
9,217;0,300;1,008;9,34E-5;93,44;3,11E-4;288,65;0,00
9,218;0,302;1,009;9,35E-5;93,49;7,64E-5;288,87;0,00
9,219;0,301;1,008;9,34E-5;93,45;2,77E-4;288,67;0,00
9,220;0,300;1,008;9,34E-5;93,44;3,04E-4;288,65;0,00
9,221;0,301;1,008;9,34E-5;93,45;2,62E-4;288,67;0,00
9,222;0,301;1,009;9,35E-5;93,47;1,53E-4;288,77;0,00
9,223;0,301;1,009;9,35E-5;93,47;1,69E-4;288,79;0,00
9,224;0,301;1,008;9,34E-5;93,45;2,66E-4;288,72;0,00
9,225;0,301;1,008;9,35E-5;93,45;2,42E-4;288,72;0,00
9,226;0,301;1,008;9,35E-5;93,47;1,55E-4;288,76;0,00
9,227;0,300;1,007;9,34E-5;93,44;3,02E-4;288,65;0,00
9,228;0,300;1,008;9,34E-5;93,45;2,80E-4;288,69;0,00
9,229;0,300;1,007;9,34E-5;93,42;3,91E-4;288,59;0,00
9,230;0,299;1,006;9,34E-5;93,40;4,88E-4;288,50;0,00
9,231;0,300;1,007;9,34E-5;93,42;3,93E-4;288,57;0,00
9,232;0,301;1,008;9,35E-5;93,46;2,06E-4;288,72;0,00
9,233;0,301;1,008;9,35E-5;93,45;2,40E-4;288,68;0,00
9,234;0,301;1,008;9,34E-5;93,45;2,77E-4;288,68;0,00
9,235;0,301;1,008;9,34E-5;93,45;2,64E-4;288,69;0,00
9,236;0,301;1,008;9,35E-5;93,45;2,60E-4;288,69;0,00
9,237;0,301;1,008;9,35E-5;93,46;1,95E-4;288,76;0,00
9,238;0,301;1,008;9,35E-5;93,47;1,66E-4;288,77;0,00
9,239;0,302;1,009;9,35E-5;93,49;7,28E-5;288,84;0,00
9,240;0,300;1,008;9,34E-5;93,44;3,19E-4;288,70;0,00
9,241;0,300;1,007;9,34E-5;93,44;2,89E-4;288,64;0,00
9,242;0,302;1,009;9,35E-5;93,48;1,27E-4;288,78;0,00
9,243;0,302;1,009;9,35E-5;93,48;1,29E-4;288,79;0,00
9,244;0,301;1,008;9,35E-5;93,46;2,15E-4;288,74;0,00
9,245;0,302;1,009;9,35E-5;93,50;3,46E-5;288,84;0,00
9,246;0,300;1,007;9,34E-5;93,43;3,48E-4;288,63;0,00
9,247;0,300;1,007;9,34E-5;93,43;3,57E-4;288,59;0,00
9,248;0,300;1,007;9,34E-5;93,43;3,70E-4;288,61;0,00
9,249;0,301;1,007;9,34E-5;93,45;2,77E-4;288,63;0,00
9,250;0,302;1,009;9,35E-5;93,48;1,04E-4;288,82;0,00
9,251;0,300;1,008;9,34E-5;93,44;3,10E-4;288,67;0,00
9,252;0,300;1,007;9,34E-5;93,44;2,93E-4;288,65;0,00
9,253;0,301;1,008;9,35E-5;93,45;2,44E-4;288,68;0,00
9,254;0,301;1,008;9,35E-5;93,45;2,49E-4;288,72;0,00
9,255;0,301;1,008;9,35E-5;93,47;1,75E-4;288,75;0,00
9,256;0,300;1,008;9,34E-5;93,44;3,00E-4;288,67;0,00
9,257;0,301;1,008;9,35E-5;93,48;1,35E-4;288,76;0,00
9,258;0,302;1,009;9,35E-5;93,48;1,13E-4;288,82;0,00
9,259;0,302;1,009;9,35E-5;93,48;1,29E-4;288,77;0,00
9,260;0,301;1,008;9,35E-5;93,46;2,09E-4;288,72;0,00
9,261;0,302;1,009;9,35E-5;93,49;8,92E-5;288,81;0,00
9,262;0,301;1,008;9,35E-5;93,46;2,02E-4;288,70;0,00
9,263;0,301;1,008;9,35E-5;93,46;2,37E-4;288,71;0,00
9,264;0,301;1,008;9,35E-5;93,46;2,28E-4;288,67;0,00
9,265;0,302;1,009;9,35E-5;93,48;1,24E-4;288,78;0,00
9,266;0,300;1,007;9,34E-5;93,44;3,20E-4;288,63;0,00
9,267;0,300;1,007;9,34E-5;93,43;3,33E-4;288,62;0,00
9,268;0,299;1,006;9,34E-5;93,38;5,72E-4;288,42;0,00
9,269;0,299;1,006;9,34E-5;93,38;5,72E-4;288,43;0,00
9,270;0,301;1,008;9,35E-5;93,46;2,20E-4;288,68;0,00
9,271;0,302;1,009;9,35E-5;93,48;1,16E-4;288,77;0,00
9,272;0,300;1,007;9,34E-5;93,42;3,99E-4;288,62;0,00
9,273;0,300;1,007;9,34E-5;93,43;3,73E-4;288,59;0,00
9,274;0,301;1,008;9,34E-5;93,45;2,66E-4;288,69;0,00
9,275;0,301;1,008;9,35E-5;93,47;1,75E-4;288,75;0,00
9,276;0,301;1,008;9,35E-5;93,46;2,28E-4;288,72;0,00
9,277;0,301;1,008;9,35E-5;93,46;2,35E-4;288,71;0,00
9,278;0,300;1,007;9,34E-5;93,44;2,97E-4;288,64;0,00
9,279;0,302;1,009;9,35E-5;93,49;9,46E-5;288,83;0,00
9,280;0,301;1,009;9,35E-5;93,47;1,47E-4;288,79;0,00
9,281;0,301;1,008;9,35E-5;93,45;2,46E-4;288,69;0,00
9,282;0,301;1,008;9,35E-5;93,48;1,37E-4;288,77;0,00
9,283;0,302;1,009;9,35E-5;93,48;1,11E-4;288,79;0,00
9,284;0,301;1,009;9,35E-5;93,47;1,66E-4;288,77;0,00
9,285;0,302;1,008;9,35E-5;93,48;1,13E-4;288,77;0,00
9,286;0,302;1,008;9,35E-5;93,48;1,02E-4;288,77;0,00
9,287;0,303;1,010;9,35E-5;93,52;-7,64E-5;288,93;0,00
9,288;0,301;1,008;9,35E-5;93,47;1,69E-4;288,71;0,00
9,289;0,301;1,008;9,35E-5;93,46;2,04E-4;288,70;0,00
9,290;0,301;1,008;9,35E-5;93,47;1,60E-4;288,75;0,00
9,291;0,300;1,007;9,34E-5;93,43;3,55E-4;288,58;0,00
9,292;0,300;1,007;9,34E-5;93,42;4,13E-4;288,54;0,00
9,293;0,300;1,007;9,34E-5;93,43;3,59E-4;288,58;0,00
9,294;0,300;1,007;9,34E-5;93,43;3,59E-4;288,59;0,00
9,295;0,301;1,008;9,35E-5;93,46;2,29E-4;288,71;0,00
9,296;0,301;1,008;9,35E-5;93,46;2,35E-4;288,69;0,00
9,297;0,300;1,007;9,34E-5;93,43;3,71E-4;288,61;0,00
9,298;0,300;1,007;9,34E-5;93,44;3,10E-4;288,61;0,00
9,299;0,300;1,008;9,34E-5;93,44;2,93E-4;288,66;0,00
9,300;0,301;1,008;9,35E-5;93,46;2,15E-4;288,69;0,00
9,301;0,301;1,008;9,35E-5;93,47;1,91E-4;288,69;0,00
9,302;0,301;1,007;9,35E-5;93,45;2,42E-4;288,64;0,00
9,303;0,300;1,007;9,34E-5;93,42;4,10E-4;288,54;0,00
9,304;0,300;1,007;9,34E-5;93,43;3,46E-4;288,59;0,00
9,305;0,301;1,008;9,35E-5;93,47;1,60E-4;288,71;0,00
9,306;0,302;1,009;9,35E-5;93,50;2,91E-5;288,82;0,00
9,307;0,300;1,007;9,34E-5;93,44;3,22E-4;288,60;0,00
9,308;0,301;1,008;9,35E-5;93,47;1,51E-4;288,74;0,00
9,309;0,301;1,008;9,35E-5;93,45;2,55E-4;288,66;0,00
9,310;0,301;1,007;9,35E-5;93,46;2,17E-4;288,65;0,00
9,311;0,300;1,007;9,34E-5;93,43;3,46E-4;288,60;0,00
9,312;0,300;1,007;9,34E-5;93,44;2,86E-4;288,61;0,00
9,313;0,301;1,008;9,35E-5;93,46;2,22E-4;288,70;0,00
9,314;0,300;1,008;9,34E-5;93,45;2,80E-4;288,68;0,00
9,315;0,301;1,008;9,35E-5;93,47;1,67E-4;288,76;0,00
9,316;0,300;1,007;9,34E-5;93,44;2,97E-4;288,61;0,00
9,317;0,300;1,007;9,34E-5;93,42;4,24E-4;288,58;0,00
9,318;0,301;1,008;9,35E-5;93,46;2,11E-4;288,65;0,00
9,319;0,300;1,007;9,34E-5;93,42;3,88E-4;288,57;0,00
9,320;0,300;1,007;9,34E-5;93,42;3,95E-4;288,58;0,00
9,321;0,301;1,008;9,35E-5;93,45;2,55E-4;288,67;0,00
9,322;0,301;1,008;9,35E-5;93,46;2,29E-4;288,67;0,00
9,323;0,300;1,007;9,34E-5;93,44;2,89E-4;288,65;0,00
9,324;0,302;1,009;9,35E-5;93,49;6,92E-5;288,79;0,00
9,325;0,300;1,007;9,34E-5;93,43;3,55E-4;288,57;0,00
9,326;0,300;1,007;9,34E-5;93,44;3,19E-4;288,58;0,00
9,327;0,302;1,008;9,35E-5;93,48;1,26E-4;288,74;0,00
9,328;0,300;1,007;9,34E-5;93,44;3,24E-4;288,60;0,00
9,329;0,300;1,007;9,34E-5;93,42;4,10E-4;288,57;0,00
9,330;0,300;1,007;9,34E-5;93,45;2,80E-4;288,65;0,00
9,331;0,301;1,008;9,35E-5;93,46;2,20E-4;288,67;0,00
9,332;0,301;1,008;9,35E-5;93,45;2,48E-4;288,68;0,00
9,333;0,301;1,007;9,34E-5;93,45;2,73E-4;288,59;0,00
9,334;0,301;1,008;9,35E-5;93,46;2,06E-4;288,67;0,00
9,335;0,302;1,009;9,35E-5;93,49;6,01E-5;288,77;0,00
9,336;0,301;1,008;9,35E-5;93,47;1,89E-4;288,71;0,00
9,337;0,300;1,007;9,34E-5;93,44;3,13E-4;288,63;0,00
9,338;0,301;1,008;9,35E-5;93,46;2,26E-4;288,66;0,00
9,339;0,301;1,008;9,35E-5;93,46;1,95E-4;288,71;0,00
9,340;0,301;1,008;9,35E-5;93,47;1,73E-4;288,69;0,00
9,341;0,301;1,008;9,35E-5;93,47;1,73E-4;288,75;0,00
9,342;0,300;1,007;9,34E-5;93,43;3,39E-4;288,56;0,00
9,343;0,301;1,008;9,35E-5;93,46;2,15E-4;288,68;0,00
9,344;0,301;1,008;9,34E-5;93,45;2,71E-4;288,67;0,00
9,345;0,301;1,007;9,35E-5;93,45;2,51E-4;288,63;0,00
9,346;0,301;1,008;9,35E-5;93,46;2,20E-4;288,66;0,00
9,347;0,300;1,007;9,34E-5;93,44;3,10E-4;288,59;0,00
9,348;0,302;1,008;9,35E-5;93,48;1,00E-4;288,73;0,00
9,349;0,301;1,008;9,35E-5;93,48;1,37E-4;288,73;0,00
9,350;0,301;1,008;9,35E-5;93,46;2,17E-4;288,71;0,00
9,351;0,300;1,007;9,34E-5;93,44;3,26E-4;288,57;0,00
9,352;0,301;1,008;9,35E-5;93,45;2,53E-4;288,66;0,00
9,353;0,301;1,008;9,35E-5;93,47;1,69E-4;288,68;0,00
9,354;0,300;1,007;9,34E-5;93,44;3,17E-4;288,55;0,00
9,355;0,300;1,007;9,34E-5;93,42;3,79E-4;288,54;0,00
9,356;0,301;1,007;9,34E-5;93,45;2,66E-4;288,63;0,00
9,357;0,302;1,009;9,35E-5;93,49;5,82E-5;288,78;0,00
9,358;0,301;1,008;9,35E-5;93,46;2,29E-4;288,67;0,00
9,359;0,299;1,006;9,34E-5;93,40;4,97E-4;288,46;0,00
9,360;0,301;1,008;9,35E-5;93,47;1,84E-4;288,70;0,00
9,361;0,301;1,008;9,35E-5;93,46;2,29E-4;288,67;0,00
9,362;0,300;1,007;9,34E-5;93,44;3,20E-4;288,59;0,00
9,363;0,301;1,007;9,35E-5;93,45;2,55E-4;288,62;0,00
9,364;0,301;1,008;9,35E-5;93,46;2,06E-4;288,65;0,00
9,365;0,301;1,007;9,34E-5;93,45;2,64E-4;288,65;0,00
9,366;0,300;1,007;9,34E-5;93,43;3,33E-4;288,54;0,00
9,367;0,300;1,007;9,34E-5;93,44;3,02E-4;288,61;0,00
9,368;0,300;1,007;9,34E-5;93,44;3,06E-4;288,58;0,00
9,369;0,301;1,008;9,35E-5;93,46;2,06E-4;288,66;0,00
9,370;0,301;1,008;9,35E-5;93,46;2,17E-4;288,68;0,00
9,371;0,301;1,008;9,35E-5;93,47;1,66E-4;288,71;0,00
9,372;0,300;1,007;9,34E-5;93,44;3,10E-4;288,56;0,00
9,373;0,301;1,008;9,35E-5;93,46;2,15E-4;288,67;0,00
9,374;0,301;1,008;9,35E-5;93,45;2,42E-4;288,65;0,00
9,375;0,300;1,006;9,34E-5;93,42;3,79E-4;288,51;0,00
9,376;0,300;1,006;9,34E-5;93,42;3,99E-4;288,53;0,00
9,377;0,301;1,007;9,35E-5;93,46;2,31E-4;288,65;0,00
9,378;0,300;1,007;9,34E-5;93,44;3,28E-4;288,56;0,00
9,379;0,300;1,007;9,34E-5;93,44;3,20E-4;288,57;0,00
9,380;0,300;1,007;9,34E-5;93,43;3,53E-4;288,57;0,00
9,381;0,301;1,007;9,35E-5;93,46;2,29E-4;288,63;0,00
9,382;0,301;1,008;9,35E-5;93,46;2,00E-4;288,65;0,00
9,383;0,300;1,007;9,34E-5;93,44;3,17E-4;288,59;0,00
9,384;0,301;1,008;9,35E-5;93,46;2,29E-4;288,67;0,00
9,385;0,301;1,008;9,35E-5;93,46;2,33E-4;288,66;0,00
9,386;0,301;1,007;9,34E-5;93,45;2,64E-4;288,62;0,00
9,387;0,301;1,008;9,35E-5;93,46;2,08E-4;288,69;0,00
9,388;0,301;1,008;9,35E-5;93,47;1,77E-4;288,69;0,00
9,389;0,301;1,007;9,35E-5;93,46;1,98E-4;288,64;0,00
9,390;0,301;1,008;9,35E-5;93,47;1,91E-4;288,66;0,00
9,391;0,299;1,006;9,34E-5;93,41;4,33E-4;288,52;0,00
9,392;0,300;1,007;9,34E-5;93,44;3,31E-4;288,55;0,00
9,393;0,301;1,008;9,35E-5;93,48;1,33E-4;288,71;0,00
9,394;0,301;1,008;9,35E-5;93,47;1,46E-4;288,65;0,00
9,395;0,300;1,006;9,34E-5;93,42;3,86E-4;288,52;0,00
9,396;0,300;1,007;9,34E-5;93,43;3,37E-4;288,56;0,00
9,397;0,302;1,008;9,35E-5;93,49;6,73E-5;288,77;0,00
9,398;0,301;1,007;9,35E-5;93,45;2,48E-4;288,61;0,00
9,399;0,300;1,007;9,34E-5;93,43;3,48E-4;288,54;0,00
9,400;0,301;1,007;9,34E-5;93,45;2,77E-4;288,59;0,00
9,401;0,301;1,007;9,35E-5;93,45;2,44E-4;288,64;0,00
9,402;0,301;1,007;9,35E-5;93,46;2,09E-4;288,63;0,00
9,403;0,300;1,007;9,34E-5;93,44;3,17E-4;288,58;0,00
9,404;0,301;1,008;9,35E-5;93,48;1,38E-4;288,69;0,00
9,405;0,301;1,007;9,35E-5;93,45;2,53E-4;288,60;0,00
9,406;0,301;1,008;9,35E-5;93,47;1,62E-4;288,70;0,00
9,407;0,301;1,007;9,35E-5;93,45;2,38E-4;288,61;0,00
9,408;0,300;1,006;9,34E-5;93,43;3,77E-4;288,52;0,00
9,409;0,301;1,007;9,35E-5;93,45;2,59E-4;288,60;0,00
9,410;0,301;1,007;9,34E-5;93,45;2,69E-4;288,64;0,00
9,411;0,301;1,008;9,35E-5;93,46;2,00E-4;288,66;0,00
9,412;0,301;1,007;9,34E-5;93,45;2,64E-4;288,60;0,00
9,413;0,301;1,007;9,35E-5;93,45;2,42E-4;288,62;0,00
9,414;0,301;1,008;9,35E-5;93,46;1,97E-4;288,67;0,00
9,415;0,300;1,007;9,34E-5;93,44;2,97E-4;288,60;0,00
9,416;0,300;1,006;9,34E-5;93,43;3,64E-4;288,51;0,00
9,417;0,300;1,006;9,34E-5;93,43;3,42E-4;288,52;0,00
9,418;0,301;1,008;9,35E-5;93,48;1,44E-4;288,73;0,00
9,419;0,300;1,006;9,34E-5;93,42;3,95E-4;288,50;0,00
9,420;0,299;1,006;9,34E-5;93,41;4,48E-4;288,49;0,00
9,421;0,301;1,007;9,34E-5;93,45;2,69E-4;288,63;0,00
9,422;0,300;1,007;9,34E-5;93,44;2,97E-4;288,58;0,00
9,423;0,301;1,008;9,35E-5;93,46;2,13E-4;288,66;0,00
9,424;0,300;1,006;9,34E-5;93,43;3,55E-4;288,49;0,00
9,425;0,301;1,007;9,34E-5;93,45;2,69E-4;288,59;0,00
9,426;0,301;1,007;9,35E-5;93,45;2,59E-4;288,61;0,00
9,427;0,302;1,008;9,35E-5;93,49;5,28E-5;288,75;0,00
9,428;0,301;1,008;9,35E-5;93,47;1,82E-4;288,66;0,00
9,429;0,301;1,007;9,35E-5;93,45;2,55E-4;288,62;0,00
9,430;0,301;1,007;9,35E-5;93,45;2,49E-4;288,60;0,00
9,431;0,301;1,007;9,34E-5;93,45;2,75E-4;288,61;0,00
9,432;0,300;1,007;9,34E-5;93,44;3,11E-4;288,57;0,00
9,433;0,302;1,008;9,35E-5;93,48;1,11E-4;288,72;0,00
9,434;0,300;1,006;9,34E-5;93,43;3,62E-4;288,53;0,00
9,435;0,300;1,007;9,34E-5;93,43;3,40E-4;288,55;0,00
9,436;0,301;1,007;9,35E-5;93,46;2,08E-4;288,64;0,00
9,437;0,300;1,007;9,34E-5;93,44;2,86E-4;288,60;0,00
9,438;0,300;1,006;9,34E-5;93,43;3,33E-4;288,52;0,00
9,439;0,300;1,006;9,34E-5;93,42;3,81E-4;288,49;0,00
9,440;0,301;1,007;9,35E-5;93,46;2,24E-4;288,63;0,00
9,441;0,302;1,008;9,35E-5;93,48;1,06E-4;288,68;0,00
9,442;0,301;1,007;9,34E-5;93,45;2,79E-4;288,61;0,00
9,443;0,301;1,007;9,35E-5;93,46;2,15E-4;288,63;0,00
9,444;0,300;1,007;9,34E-5;93,44;3,26E-4;288,55;0,00
9,445;0,301;1,007;9,35E-5;93,45;2,59E-4;288,63;0,00
9,446;0,302;1,008;9,35E-5;93,48;1,09E-4;288,70;0,00
9,447;0,301;1,008;9,35E-5;93,47;1,77E-4;288,66;0,00
9,448;0,302;1,008;9,35E-5;93,48;1,09E-4;288,71;0,00
9,449;0,301;1,008;9,35E-5;93,48;1,33E-4;288,67;0,00
9,450;0,301;1,007;9,35E-5;93,46;2,18E-4;288,62;0,00
9,451;0,300;1,006;9,34E-5;93,43;3,73E-4;288,50;0,00
9,452;0,300;1,007;9,34E-5;93,43;3,51E-4;288,55;0,00
9,453;0,301;1,008;9,35E-5;93,47;1,46E-4;288,69;0,00
9,454;0,301;1,007;9,35E-5;93,47;1,84E-4;288,64;0,00
9,455;0,300;1,006;9,34E-5;93,42;3,95E-4;288,45;0,00
9,456;0,301;1,007;9,34E-5;93,45;2,66E-4;288,61;0,00
9,457;0,300;1,007;9,34E-5;93,44;3,08E-4;288,54;0,00
9,458;0,301;1,007;9,35E-5;93,45;2,46E-4;288,59;0,00
9,459;0,301;1,007;9,34E-5;93,45;2,69E-4;288,56;0,00
9,460;0,301;1,007;9,35E-5;93,46;2,15E-4;288,65;0,00
9,461;0,301;1,007;9,35E-5;93,46;2,00E-4;288,62;0,00
9,462;0,300;1,007;9,34E-5;93,44;3,04E-4;288,56;0,00
9,463;0,301;1,007;9,34E-5;93,45;2,69E-4;288,64;0,00
9,464;0,300;1,007;9,34E-5;93,44;3,13E-4;288,55;0,00
9,465;0,302;1,008;9,35E-5;93,49;9,65E-5;288,71;0,00
9,466;0,301;1,008;9,35E-5;93,47;1,71E-4;288,67;0,00
9,467;0,299;1,006;9,34E-5;93,41;4,30E-4;288,51;0,00
9,468;0,300;1,006;9,34E-5;93,42;4,02E-4;288,46;0,00
9,469;0,301;1,007;9,35E-5;93,45;2,38E-4;288,58;0,00
9,470;0,301;1,007;9,34E-5;93,45;2,77E-4;288,59;0,00
9,471;0,301;1,007;9,34E-5;93,45;2,79E-4;288,55;0,00
9,472;0,299;1,006;9,34E-5;93,41;4,32E-4;288,46;0,00
9,473;0,300;1,006;9,34E-5;93,42;4,12E-4;288,43;0,00
9,474;0,301;1,007;9,35E-5;93,45;2,51E-4;288,58;0,00
9,475;0,301;1,008;9,35E-5;93,47;1,57E-4;288,66;0,00
9,476;0,301;1,007;9,35E-5;93,46;2,22E-4;288,59;0,00
9,477;0,300;1,007;9,34E-5;93,44;2,93E-4;288,54;0,00
9,478;0,299;1,006;9,34E-5;93,41;4,30E-4;288,42;0,00
9,479;0,300;1,007;9,34E-5;93,44;3,06E-4;288,54;0,00
9,480;0,301;1,007;9,35E-5;93,46;2,22E-4;288,62;0,00
9,481;0,301;1,007;9,35E-5;93,47;1,91E-4;288,64;0,00
9,482;0,299;1,005;9,34E-5;93,41;4,70E-4;288,41;0,00
9,483;0,300;1,007;9,34E-5;93,44;3,28E-4;288,58;0,00
9,484;0,301;1,007;9,35E-5;93,46;1,98E-4;288,61;0,00
9,485;0,301;1,007;9,35E-5;93,46;2,26E-4;288,60;0,00
9,486;0,301;1,007;9,35E-5;93,45;2,59E-4;288,58;0,00
9,487;0,301;1,007;9,35E-5;93,46;2,29E-4;288,58;0,00
9,488;0,300;1,006;9,34E-5;93,45;2,82E-4;288,53;0,00
9,489;0,301;1,007;9,35E-5;93,47;1,80E-4;288,64;0,00
9,490;0,301;1,007;9,35E-5;93,45;2,53E-4;288,56;0,00
9,491;0,299;1,006;9,34E-5;93,41;4,41E-4;288,45;0,00
9,492;0,300;1,006;9,34E-5;93,44;3,26E-4;288,53;0,00
9,493;0,300;1,006;9,34E-5;93,42;3,84E-4;288,47;0,00
9,494;0,299;1,005;9,34E-5;93,39;5,21E-4;288,37;0,00
9,495;0,300;1,006;9,34E-5;93,42;4,06E-4;288,46;0,00
9,496;0,300;1,006;9,34E-5;93,44;3,22E-4;288,49;0,00
9,497;0,301;1,007;9,35E-5;93,46;1,95E-4;288,60;0,00
9,498;0,301;1,007;9,35E-5;93,46;2,35E-4;288,61;0,00
9,499;0,301;1,007;9,35E-5;93,47;1,86E-4;288,63;0,00
9,500;0,301;1,007;9,35E-5;93,47;1,80E-4;288,65;0,00
9,501;0,302;1,008;9,35E-5;93,49;6,73E-5;288,71;0,00
9,502;0,300;1,006;9,34E-5;93,44;3,06E-4;288,53;0,00
9,503;0,300;1,006;9,34E-5;93,43;3,68E-4;288,52;0,00
9,504;0,300;1,007;9,34E-5;93,44;3,02E-4;288,56;0,00
9,505;0,300;1,006;9,34E-5;93,42;4,24E-4;288,46;0,00
9,506;0,300;1,006;9,34E-5;93,42;3,86E-4;288,45;0,00
9,507;0,302;1,008;9,35E-5;93,48;1,04E-4;288,70;0,00
9,508;0,302;1,008;9,35E-5;93,48;1,06E-4;288,71;0,00
9,509;0,301;1,007;9,35E-5;93,45;2,57E-4;288,59;0,00
9,510;0,301;1,007;9,35E-5;93,46;2,13E-4;288,59;0,00
9,511;0,301;1,008;9,35E-5;93,47;1,66E-4;288,67;0,00
9,512;0,302;1,008;9,35E-5;93,50;4,55E-5;288,73;0,00
9,513;0,301;1,007;9,35E-5;93,45;2,60E-4;288,60;0,00
9,514;0,301;1,007;9,35E-5;93,46;2,22E-4;288,58;0,00
9,515;0,301;1,007;9,35E-5;93,46;2,33E-4;288,57;0,00
9,516;0,300;1,006;9,34E-5;93,43;3,70E-4;288,47;0,00
9,517;0,300;1,006;9,34E-5;93,44;3,08E-4;288,47;0,00
9,518;0,300;1,006;9,34E-5;93,42;4,01E-4;288,45;0,00
9,519;0,300;1,006;9,34E-5;93,44;3,20E-4;288,50;0,00
9,520;0,301;1,007;9,35E-5;93,46;2,11E-4;288,64;0,00
9,521;0,300;1,006;9,34E-5;93,44;3,31E-4;288,52;0,00
9,522;0,301;1,007;9,35E-5;93,46;2,20E-4;288,57;0,00
9,523;0,302;1,008;9,35E-5;93,48;1,26E-4;288,67;0,00
9,524;0,301;1,007;9,35E-5;93,46;2,11E-4;288,60;0,00
9,525;0,301;1,007;9,35E-5;93,46;2,17E-4;288,58;0,00
9,526;0,302;1,008;9,35E-5;93,48;1,18E-4;288,66;0,00
9,527;0,302;1,008;9,35E-5;93,49;8,19E-5;288,68;0,00
9,528;0,301;1,007;9,35E-5;93,45;2,40E-4;288,60;0,00
9,529;0,300;1,006;9,34E-5;93,44;3,24E-4;288,50;0,00
9,530;0,300;1,006;9,34E-5;93,42;4,01E-4;288,48;0,00
9,531;0,299;1,005;9,34E-5;93,39;5,23E-4;288,36;0,00
9,532;0,300;1,006;9,34E-5;93,43;3,77E-4;288,49;0,00
9,533;0,302;1,008;9,35E-5;93,50;3,28E-5;288,74;0,00
9,534;0,301;1,007;9,35E-5;93,46;1,98E-4;288,60;0,00
9,535;0,302;1,008;9,35E-5;93,49;8,55E-5;288,69;0,00
9,536;0,301;1,007;9,35E-5;93,46;2,00E-4;288,62;0,00
9,537;0,301;1,007;9,35E-5;93,46;1,97E-4;288,59;0,00
9,538;0,300;1,006;9,34E-5;93,43;3,77E-4;288,50;0,00
9,539;0,301;1,007;9,35E-5;93,46;2,26E-4;288,60;0,00
9,540;0,302;1,008;9,35E-5;93,50;2,00E-5;288,73;0,00
9,541;0,301;1,008;9,35E-5;93,48;1,38E-4;288,67;0,00
9,542;0,300;1,006;9,34E-5;93,44;3,08E-4;288,51;0,00
9,543;0,301;1,007;9,35E-5;93,45;2,48E-4;288,61;0,00
9,544;0,300;1,006;9,34E-5;93,44;3,04E-4;288,53;0,00
9,545;0,300;1,006;9,34E-5;93,43;3,42E-4;288,51;0,00
9,546;0,301;1,007;9,35E-5;93,47;1,87E-4;288,63;0,00
9,547;0,301;1,007;9,35E-5;93,47;1,64E-4;288,63;0,00
9,548;0,301;1,007;9,35E-5;93,45;2,40E-4;288,56;0,00
9,549;0,302;1,008;9,35E-5;93,48;1,02E-4;288,71;0,00
9,550;0,302;1,008;9,35E-5;93,48;1,04E-4;288,70;0,00
9,551;0,301;1,008;9,35E-5;93,48;1,35E-4;288,67;0,00
9,552;0,303;1,009;9,35E-5;93,52;-5,46E-5;288,80;0,00
9,553;0,301;1,007;9,35E-5;93,46;2,00E-4;288,60;0,00
9,554;0,300;1,006;9,34E-5;93,44;2,95E-4;288,51;0,00
9,555;0,302;1,007;9,35E-5;93,49;8,55E-5;288,65;0,00
9,556;0,300;1,007;9,34E-5;93,44;3,02E-4;288,54;0,00
9,557;0,301;1,007;9,35E-5;93,45;2,60E-4;288,56;0,00
9,558;0,300;1,006;9,34E-5;93,43;3,42E-4;288,50;0,00
9,559;0,300;1,006;9,34E-5;93,43;3,66E-4;288,47;0,00
9,560;0,301;1,007;9,35E-5;93,45;2,49E-4;288,55;0,00
9,561;0,301;1,007;9,35E-5;93,46;1,93E-4;288,65;0,00
9,562;0,301;1,007;9,35E-5;93,45;2,53E-4;288,58;0,00
9,563;0,300;1,006;9,34E-5;93,44;2,91E-4;288,52;0,00
9,564;0,300;1,007;9,34E-5;93,44;3,19E-4;288,55;0,00
9,565;0,301;1,007;9,35E-5;93,45;2,44E-4;288,56;0,00
9,566;0,301;1,007;9,35E-5;93,46;2,31E-4;288,59;0,00
9,567;0,302;1,007;9,35E-5;93,48;1,13E-4;288,63;0,00
9,568;0,301;1,007;9,35E-5;93,45;2,57E-4;288,55;0,00
9,569;0,301;1,007;9,34E-5;93,45;2,62E-4;288,57;0,00
9,570;0,301;1,007;9,35E-5;93,46;2,24E-4;288,56;0,00
9,571;0,300;1,006;9,34E-5;93,42;3,88E-4;288,44;0,00
9,572;0,300;1,006;9,34E-5;93,44;2,95E-4;288,53;0,00
9,573;0,302;1,008;9,35E-5;93,49;5,28E-5;288,72;0,00
9,574;0,302;1,008;9,35E-5;93,49;7,46E-5;288,69;0,00
9,575;0,301;1,007;9,35E-5;93,46;2,35E-4;288,55;0,00
9,576;0,300;1,006;9,34E-5;93,44;3,08E-4;288,51;0,00
9,577;0,302;1,008;9,35E-5;93,49;9,65E-5;288,69;0,00
9,578;0,303;1,008;9,35E-5;93,51;-3,28E-5;288,75;0,00
9,579;0,301;1,007;9,35E-5;93,47;1,49E-4;288,64;0,00
9,580;0,300;1,006;9,34E-5;93,43;3,40E-4;288,48;0,00
9,581;0,300;1,007;9,34E-5;93,45;2,80E-4;288,54;0,00
9,582;0,301;1,007;9,35E-5;93,47;1,71E-4;288,57;0,00
9,583;0,301;1,007;9,35E-5;93,46;2,04E-4;288,60;0,00
9,584;0,301;1,007;9,35E-5;93,48;1,37E-4;288,64;0,00
9,585;0,300;1,006;9,34E-5;93,43;3,50E-4;288,46;0,00
9,586;0,300;1,006;9,34E-5;93,44;2,97E-4;288,53;0,00
9,587;0,301;1,007;9,35E-5;93,46;1,98E-4;288,58;0,00
9,588;0,300;1,006;9,34E-5;93,43;3,50E-4;288,43;0,00
9,589;0,301;1,007;9,35E-5;93,47;1,66E-4;288,55;0,00
9,590;0,301;1,007;9,35E-5;93,45;2,60E-4;288,55;0,00
9,591;0,302;1,007;9,35E-5;93,48;1,22E-4;288,62;0,00
9,592;0,300;1,006;9,34E-5;93,44;3,11E-4;288,50;0,00
9,593;0,301;1,007;9,35E-5;93,46;2,11E-4;288,59;0,00
9,594;0,300;1,005;9,34E-5;93,42;3,99E-4;288,41;0,00
9,595;0,299;1,005;9,34E-5;93,41;4,32E-4;288,40;0,00
9,596;0,300;1,006;9,34E-5;93,43;3,35E-4;288,49;0,00
9,597;0,300;1,006;9,34E-5;93,44;3,04E-4;288,50;0,00
9,598;0,301;1,007;9,35E-5;93,47;1,78E-4;288,61;0,00
9,599;0,301;1,007;9,35E-5;93,47;1,91E-4;288,59;0,00
9,600;0,300;1,006;9,34E-5;93,43;3,57E-4;288,51;0,00
9,601;0,300;1,006;9,34E-5;93,44;3,31E-4;288,51;0,00
9,602;0,300;1,006;9,34E-5;93,44;2,91E-4;288,52;0,00
9,603;0,302;1,008;9,35E-5;93,48;1,29E-4;288,68;0,00
9,604;0,302;1,008;9,35E-5;93,48;1,02E-4;288,73;0,00
9,605;0,301;1,007;9,35E-5;93,47;1,84E-4;288,65;0,00
9,606;0,300;1,006;9,34E-5;93,43;3,39E-4;288,47;0,00
9,607;0,301;1,007;9,35E-5;93,46;2,28E-4;288,57;0,00
9,608;0,301;1,006;9,34E-5;93,45;2,79E-4;288,52;0,00
9,609;0,300;1,007;9,34E-5;93,44;2,97E-4;288,54;0,00
9,610;0,301;1,007;9,35E-5;93,47;1,47E-4;288,63;0,00
9,611;0,302;1,008;9,35E-5;93,49;9,83E-5;288,67;0,00
9,612;0,301;1,007;9,35E-5;93,48;1,42E-4;288,64;0,00
9,613;0,302;1,007;9,35E-5;93,48;1,27E-4;288,62;0,00
9,614;0,301;1,007;9,35E-5;93,47;1,69E-4;288,61;0,00
9,615;0,302;1,007;9,35E-5;93,48;1,24E-4;288,63;0,00
9,616;0,301;1,007;9,35E-5;93,46;2,18E-4;288,56;0,00
9,617;0,301;1,007;9,35E-5;93,46;1,97E-4;288,60;0,00
9,618;0,301;1,007;9,35E-5;93,46;2,13E-4;288,56;0,00
9,619;0,301;1,007;9,35E-5;93,47;1,73E-4;288,62;0,00
9,620;0,301;1,007;9,35E-5;93,47;1,53E-4;288,61;0,00
9,621;0,300;1,006;9,34E-5;93,42;3,84E-4;288,47;0,00
9,622;0,301;1,007;9,35E-5;93,47;1,62E-4;288,62;0,00
9,623;0,299;1,005;9,34E-5;93,39;5,46E-4;288,33;0,00
9,624;0,299;1,005;9,34E-5;93,41;4,37E-4;288,40;0,00
9,625;0,300;1,006;9,34E-5;93,42;4,24E-4;288,42;0,00
9,626;0,300;1,006;9,34E-5;93,43;3,50E-4;288,45;0,00
9,627;0,301;1,007;9,35E-5;93,47;1,89E-4;288,60;0,00
9,628;0,302;1,008;9,35E-5;93,49;5,28E-5;288,67;0,00
9,629;0,301;1,007;9,35E-5;93,46;1,97E-4;288,58;0,00
9,630;0,300;1,006;9,34E-5;93,43;3,66E-4;288,44;0,00
9,631;0,300;1,006;9,34E-5;93,43;3,62E-4;288,45;0,00
9,632;0,300;1,006;9,34E-5;93,44;3,28E-4;288,47;0,00
9,633;0,301;1,006;9,35E-5;93,45;2,53E-4;288,52;0,00
9,634;0,300;1,006;9,34E-5;93,43;3,64E-4;288,45;0,00
9,635;0,300;1,006;9,34E-5;93,43;3,51E-4;288,45;0,00
9,636;0,301;1,007;9,35E-5;93,46;2,02E-4;288,61;0,00
9,637;0,301;1,006;9,35E-5;93,45;2,48E-4;288,53;0,00
9,638;0,300;1,006;9,34E-5;93,42;4,08E-4;288,42;0,00
9,639;0,301;1,006;9,34E-5;93,45;2,71E-4;288,53;0,00
9,640;0,300;1,006;9,34E-5;93,44;3,13E-4;288,49;0,00
9,641;0,299;1,005;9,34E-5;93,41;4,30E-4;288,41;0,00
9,642;0,301;1,006;9,34E-5;93,45;2,73E-4;288,51;0,00
9,643;0,302;1,008;9,35E-5;93,50;1,82E-5;288,73;0,00
9,644;0,300;1,006;9,34E-5;93,44;3,31E-4;288,46;0,00
9,645;0,300;1,006;9,34E-5;93,42;3,95E-4;288,45;0,00
9,646;0,300;1,006;9,34E-5;93,41;4,26E-4;288,45;0,00
9,647;0,301;1,007;9,35E-5;93,46;2,24E-4;288,61;0,00
9,648;0,300;1,006;9,34E-5;93,44;2,91E-4;288,50;0,00
9,649;0,301;1,007;9,35E-5;93,46;2,28E-4;288,55;0,00
9,650;0,301;1,007;9,35E-5;93,47;1,87E-4;288,57;0,00
9,651;0,301;1,007;9,35E-5;93,47;1,49E-4;288,63;0,00
9,652;0,301;1,007;9,35E-5;93,46;2,33E-4;288,57;0,00
9,653;0,300;1,006;9,34E-5;93,43;3,66E-4;288,47;0,00
9,654;0,300;1,006;9,34E-5;93,42;3,97E-4;288,44;0,00
9,655;0,300;1,006;9,34E-5;93,42;3,97E-4;288,42;0,00
9,656;0,301;1,006;9,35E-5;93,45;2,60E-4;288,51;0,00
9,657;0,300;1,006;9,34E-5;93,43;3,55E-4;288,46;0,00
9,658;0,301;1,007;9,34E-5;93,45;2,79E-4;288,55;0,00
9,659;0,300;1,006;9,34E-5;93,44;3,30E-4;288,48;0,00
9,660;0,300;1,006;9,34E-5;93,44;3,06E-4;288,48;0,00
9,661;0,300;1,006;9,34E-5;93,44;3,11E-4;288,49;0,00
9,662;0,302;1,007;9,35E-5;93,48;1,07E-4;288,63;0,00
9,663;0,300;1,006;9,34E-5;93,44;3,00E-4;288,51;0,00
9,664;0,301;1,007;9,35E-5;93,48;1,40E-4;288,62;0,00
9,665;0,301;1,007;9,35E-5;93,46;2,13E-4;288,56;0,00
9,666;0,302;1,007;9,35E-5;93,49;9,46E-5;288,62;0,00
9,667;0,301;1,006;9,35E-5;93,46;2,37E-4;288,52;0,00
9,668;0,300;1,006;9,34E-5;93,42;3,84E-4;288,43;0,00
9,669;0,300;1,006;9,34E-5;93,43;3,39E-4;288,44;0,00
9,670;0,301;1,007;9,35E-5;93,45;2,48E-4;288,56;0,00
9,671;0,301;1,006;9,35E-5;93,45;2,49E-4;288,51;0,00
9,672;0,301;1,007;9,35E-5;93,47;1,67E-4;288,58;0,00
9,673;0,301;1,006;9,35E-5;93,45;2,40E-4;288,53;0,00
9,674;0,300;1,006;9,34E-5;93,44;2,89E-4;288,50;0,00
9,675;0,300;1,006;9,34E-5;93,44;2,97E-4;288,46;0,00
9,676;0,301;1,006;9,35E-5;93,45;2,57E-4;288,51;0,00
9,677;0,300;1,006;9,34E-5;93,44;3,17E-4;288,48;0,00
9,678;0,301;1,007;9,35E-5;93,45;2,53E-4;288,54;0,00
9,679;0,302;1,007;9,35E-5;93,48;1,20E-4;288,62;0,00
9,680;0,301;1,007;9,35E-5;93,45;2,57E-4;288,54;0,00
9,681;0,301;1,006;9,35E-5;93,45;2,49E-4;288,51;0,00
9,682;0,301;1,006;9,34E-5;93,45;2,71E-4;288,51;0,00
9,683;0,300;1,006;9,34E-5;93,44;3,28E-4;288,47;0,00
9,684;0,301;1,007;9,35E-5;93,47;1,64E-4;288,63;0,00
9,685;0,301;1,007;9,35E-5;93,47;1,69E-4;288,58;0,00
9,686;0,301;1,006;9,35E-5;93,46;2,09E-4;288,53;0,00
9,687;0,301;1,006;9,34E-5;93,45;2,64E-4;288,50;0,00
9,688;0,300;1,006;9,34E-5;93,44;3,13E-4;288,46;0,00
9,689;0,300;1,006;9,34E-5;93,43;3,77E-4;288,45;0,00
9,690;0,300;1,006;9,34E-5;93,44;2,99E-4;288,46;0,00
9,691;0,301;1,007;9,35E-5;93,46;2,24E-4;288,54;0,00
9,692;0,301;1,007;9,35E-5;93,47;1,73E-4;288,57;0,00
9,693;0,302;1,008;9,35E-5;93,49;5,28E-5;288,68;0,00
9,694;0,301;1,007;9,35E-5;93,47;1,49E-4;288,59;0,00
9,695;0,300;1,006;9,34E-5;93,45;2,84E-4;288,46;0,00
9,696;0,301;1,007;9,35E-5;93,46;2,08E-4;288,59;0,00
9,697;0,300;1,006;9,34E-5;93,44;2,93E-4;288,48;0,00
9,698;0,301;1,006;9,35E-5;93,45;2,46E-4;288,53;0,00
9,699;0,301;1,007;9,35E-5;93,46;2,11E-4;288,55;0,00
9,700;0,300;1,006;9,34E-5;93,44;2,95E-4;288,46;0,00
9,701;0,300;1,006;9,34E-5;93,44;3,24E-4;288,46;0,00
9,702;0,301;1,007;9,35E-5;93,46;2,15E-4;288,56;0,00
9,703;0,302;1,007;9,35E-5;93,49;8,01E-5;288,63;0,00
9,704;0,301;1,007;9,35E-5;93,48;1,37E-4;288,59;0,00
9,705;0,301;1,006;9,34E-5;93,45;2,62E-4;288,52;0,00
9,706;0,300;1,006;9,34E-5;93,43;3,48E-4;288,45;0,00
9,707;0,299;1,005;9,34E-5;93,41;4,57E-4;288,37;0,00
9,708;0,299;1,005;9,34E-5;93,40;4,75E-4;288,32;0,00
9,709;0,300;1,006;9,34E-5;93,44;3,02E-4;288,44;0,00
9,710;0,300;1,006;9,34E-5;93,43;3,64E-4;288,45;0,00
9,711;0,301;1,006;9,34E-5;93,45;2,69E-4;288,47;0,00
9,712;0,301;1,006;9,35E-5;93,46;1,93E-4;288,52;0,00
9,713;0,301;1,006;9,35E-5;93,46;2,29E-4;288,53;0,00
9,714;0,301;1,006;9,34E-5;93,45;2,77E-4;288,52;0,00
9,715;0,301;1,007;9,35E-5;93,47;1,51E-4;288,60;0,00
9,716;0,301;1,007;9,35E-5;93,47;1,87E-4;288,56;0,00
9,717;0,301;1,007;9,35E-5;93,46;2,37E-4;288,55;0,00
9,718;0,301;1,007;9,35E-5;93,46;2,17E-4;288,55;0,00
9,719;0,301;1,007;9,35E-5;93,46;2,18E-4;288,54;0,00
9,720;0,301;1,006;9,34E-5;93,45;2,73E-4;288,51;0,00
9,721;0,299;1,005;9,34E-5;93,41;4,32E-4;288,39;0,00
9,722;0,300;1,006;9,34E-5;93,43;3,33E-4;288,43;0,00
9,723;0,300;1,006;9,34E-5;93,45;2,80E-4;288,48;0,00
9,724;0,300;1,006;9,34E-5;93,43;3,51E-4;288,47;0,00
9,725;0,301;1,007;9,35E-5;93,46;2,09E-4;288,55;0,00
9,726;0,300;1,006;9,34E-5;93,44;3,00E-4;288,48;0,00
9,727;0,301;1,006;9,35E-5;93,46;2,33E-4;288,53;0,00
9,728;0,301;1,007;9,35E-5;93,47;1,66E-4;288,62;0,00
9,729;0,301;1,007;9,35E-5;93,47;1,47E-4;288,61;0,00
9,730;0,301;1,007;9,35E-5;93,46;1,95E-4;288,58;0,00
9,731;0,300;1,006;9,34E-5;93,45;2,80E-4;288,52;0,00
9,732;0,300;1,006;9,34E-5;93,44;3,19E-4;288,44;0,00
9,733;0,300;1,006;9,34E-5;93,44;2,86E-4;288,49;0,00
9,734;0,300;1,005;9,34E-5;93,42;3,95E-4;288,38;0,00
9,735;0,299;1,005;9,34E-5;93,41;4,64E-4;288,35;0,00
9,736;0,301;1,006;9,35E-5;93,45;2,44E-4;288,53;0,00
9,737;0,300;1,006;9,34E-5;93,43;3,73E-4;288,42;0,00
9,738;0,301;1,006;9,35E-5;93,45;2,60E-4;288,53;0,00
9,739;0,301;1,007;9,35E-5;93,47;1,89E-4;288,56;0,00
9,740;0,300;1,006;9,34E-5;93,44;3,10E-4;288,47;0,00
9,741;0,301;1,006;9,35E-5;93,46;2,15E-4;288,52;0,00
9,742;0,300;1,005;9,34E-5;93,42;3,93E-4;288,41;0,00
9,743;0,301;1,006;9,35E-5;93,45;2,42E-4;288,50;0,00
9,744;0,300;1,005;9,34E-5;93,43;3,44E-4;288,42;0,00
9,745;0,300;1,005;9,34E-5;93,43;3,62E-4;288,38;0,00
9,746;0,300;1,005;9,34E-5;93,42;3,84E-4;288,41;0,00
9,747;0,301;1,006;9,35E-5;93,45;2,59E-4;288,52;0,00
9,748;0,300;1,006;9,34E-5;93,44;2,93E-4;288,45;0,00
9,749;0,300;1,006;9,34E-5;93,44;3,02E-4;288,44;0,00
9,750;0,302;1,007;9,35E-5;93,48;1,26E-4;288,57;0,00
9,751;0,301;1,006;9,35E-5;93,46;2,29E-4;288,49;0,00
9,752;0,301;1,007;9,35E-5;93,46;2,06E-4;288,55;0,00
9,753;0,301;1,006;9,35E-5;93,47;1,82E-4;288,53;0,00
9,754;0,302;1,007;9,35E-5;93,48;1,18E-4;288,60;0,00
9,755;0,301;1,007;9,35E-5;93,47;1,49E-4;288,58;0,00
9,756;0,301;1,007;9,35E-5;93,47;1,55E-4;288,56;0,00
9,757;0,301;1,007;9,35E-5;93,48;1,40E-4;288,62;0,00
9,758;0,302;1,007;9,35E-5;93,49;9,83E-5;288,62;0,00
9,759;0,301;1,007;9,35E-5;93,47;1,57E-4;288,56;0,00
9,760;0,301;1,006;9,35E-5;93,47;1,75E-4;288,52;0,00
9,761;0,300;1,006;9,34E-5;93,44;2,93E-4;288,48;0,00
9,762;0,301;1,006;9,34E-5;93,45;2,77E-4;288,47;0,00
9,763;0,301;1,006;9,34E-5;93,45;2,64E-4;288,47;0,00
9,764;0,301;1,006;9,35E-5;93,45;2,46E-4;288,49;0,00
9,765;0,300;1,006;9,34E-5;93,44;3,22E-4;288,49;0,00
9,766;0,300;1,006;9,34E-5;93,44;3,11E-4;288,48;0,00
9,767;0,300;1,006;9,34E-5;93,44;2,93E-4;288,43;0,00
9,768;0,300;1,006;9,34E-5;93,42;3,90E-4;288,43;0,00
9,769;0,300;1,006;9,34E-5;93,43;3,51E-4;288,46;0,00
9,770;0,301;1,006;9,35E-5;93,46;2,00E-4;288,53;0,00
9,771;0,300;1,006;9,34E-5;93,44;2,88E-4;288,47;0,00
9,772;0,302;1,007;9,35E-5;93,48;1,09E-4;288,62;0,00
9,773;0,300;1,006;9,34E-5;93,44;3,19E-4;288,43;0,00
9,774;0,300;1,005;9,34E-5;93,42;3,99E-4;288,39;0,00
9,775;0,301;1,006;9,35E-5;93,46;2,37E-4;288,53;0,00
9,776;0,301;1,006;9,35E-5;93,47;1,77E-4;288,53;0,00
9,777;0,301;1,006;9,35E-5;93,47;1,89E-4;288,53;0,00
9,778;0,300;1,005;9,34E-5;93,42;3,81E-4;288,38;0,00
9,779;0,301;1,007;9,35E-5;93,46;2,04E-4;288,54;0,00
9,780;0,301;1,006;9,35E-5;93,46;2,04E-4;288,52;0,00
9,781;0,300;1,005;9,34E-5;93,42;3,95E-4;288,34;0,00
9,782;0,300;1,005;9,34E-5;93,43;3,71E-4;288,38;0,00
9,783;0,301;1,006;9,35E-5;93,45;2,46E-4;288,48;0,00
9,784;0,301;1,007;9,35E-5;93,47;1,57E-4;288,57;0,00
9,785;0,300;1,006;9,34E-5;93,44;3,10E-4;288,48;0,00
9,786;0,301;1,006;9,35E-5;93,46;2,24E-4;288,49;0,00
9,787;0,301;1,006;9,35E-5;93,45;2,53E-4;288,49;0,00
9,788;0,300;1,006;9,34E-5;93,44;3,10E-4;288,48;0,00
9,789;0,301;1,006;9,35E-5;93,45;2,44E-4;288,52;0,00
9,790;0,301;1,006;9,34E-5;93,45;2,66E-4;288,47;0,00
9,791;0,300;1,005;9,34E-5;93,42;4,12E-4;288,35;0,00
9,792;0,301;1,006;9,35E-5;93,45;2,59E-4;288,46;0,00
9,793;0,301;1,006;9,34E-5;93,45;2,73E-4;288,48;0,00
9,794;0,301;1,006;9,34E-5;93,45;2,64E-4;288,46;0,00
9,795;0,301;1,007;9,35E-5;93,47;1,58E-4;288,55;0,00
9,796;0,301;1,007;9,35E-5;93,47;1,66E-4;288,56;0,00
9,797;0,300;1,006;9,34E-5;93,44;2,91E-4;288,44;0,00
9,798;0,301;1,006;9,35E-5;93,45;2,46E-4;288,51;0,00
9,799;0,301;1,007;9,35E-5;93,48;1,42E-4;288,59;0,00
9,800;0,300;1,006;9,34E-5;93,44;2,88E-4;288,42;0,00
9,801;0,300;1,006;9,34E-5;93,44;3,06E-4;288,48;0,00
9,802;0,300;1,005;9,34E-5;93,42;4,06E-4;288,37;0,00
9,803;0,300;1,006;9,34E-5;93,44;3,20E-4;288,45;0,00
9,804;0,300;1,006;9,34E-5;93,44;3,10E-4;288,42;0,00
9,805;0,300;1,005;9,34E-5;93,42;4,10E-4;288,36;0,00
9,806;0,300;1,006;9,34E-5;93,44;3,26E-4;288,43;0,00
9,807;0,300;1,005;9,34E-5;93,42;4,02E-4;288,38;0,00
9,808;0,299;1,005;9,34E-5;93,40;4,93E-4;288,31;0,00
9,809;0,300;1,005;9,34E-5;93,43;3,62E-4;288,40;0,00
9,810;0,301;1,006;9,35E-5;93,46;2,06E-4;288,50;0,00
9,811;0,301;1,006;9,34E-5;93,45;2,75E-4;288,45;0,00
9,812;0,301;1,007;9,35E-5;93,47;1,73E-4;288,56;0,00
9,813;0,301;1,006;9,35E-5;93,47;1,89E-4;288,51;0,00
9,814;0,299;1,004;9,34E-5;93,39;5,19E-4;288,24;0,00
9,815;0,300;1,005;9,34E-5;93,42;3,99E-4;288,34;0,00
9,816;0,301;1,007;9,35E-5;93,47;1,71E-4;288,57;0,00
9,817;0,299;1,005;9,34E-5;93,41;4,50E-4;288,36;0,00
9,818;0,301;1,006;9,35E-5;93,45;2,38E-4;288,48;0,00
9,819;0,301;1,006;9,34E-5;93,45;2,71E-4;288,49;0,00
9,820;0,302;1,006;9,35E-5;93,48;1,27E-4;288,52;0,00
9,821;0,301;1,007;9,35E-5;93,47;1,66E-4;288,57;0,00
9,822;0,300;1,006;9,34E-5;93,44;2,88E-4;288,46;0,00
9,823;0,300;1,005;9,34E-5;93,42;4,17E-4;288,33;0,00
9,824;0,299;1,005;9,34E-5;93,41;4,39E-4;288,35;0,00
9,825;0,300;1,006;9,34E-5;93,44;3,08E-4;288,46;0,00
9,826;0,301;1,007;9,35E-5;93,47;1,60E-4;288,57;0,00
9,827;0,302;1,007;9,35E-5;93,49;9,28E-5;288,59;0,00
9,828;0,301;1,007;9,35E-5;93,47;1,69E-4;288,55;0,00
9,829;0,301;1,006;9,35E-5;93,45;2,59E-4;288,48;0,00
9,830;0,301;1,007;9,35E-5;93,48;1,42E-4;288,55;0,00
9,831;0,300;1,005;9,34E-5;93,42;3,81E-4;288,40;0,00
9,832;0,301;1,006;9,35E-5;93,45;2,44E-4;288,48;0,00
9,833;0,300;1,005;9,34E-5;93,43;3,42E-4;288,38;0,00
9,834;0,300;1,005;9,34E-5;93,43;3,53E-4;288,38;0,00
9,835;0,300;1,005;9,34E-5;93,43;3,64E-4;288,36;0,00
9,836;0,301;1,006;9,35E-5;93,45;2,49E-4;288,51;0,00
9,837;0,300;1,006;9,34E-5;93,44;3,28E-4;288,45;0,00
9,838;0,300;1,006;9,34E-5;93,45;2,84E-4;288,48;0,00
9,839;0,301;1,006;9,35E-5;93,46;2,33E-4;288,51;0,00
9,840;0,301;1,006;9,35E-5;93,46;2,26E-4;288,48;0,00
9,841;0,300;1,006;9,34E-5;93,44;3,02E-4;288,46;0,00
9,842;0,301;1,007;9,35E-5;93,48;1,40E-4;288,56;0,00
9,843;0,301;1,006;9,35E-5;93,45;2,57E-4;288,49;0,00
9,844;0,300;1,006;9,34E-5;93,44;3,13E-4;288,45;0,00
9,845;0,301;1,006;9,35E-5;93,46;2,26E-4;288,51;0,00
9,846;0,301;1,006;9,34E-5;93,45;2,68E-4;288,47;0,00
9,847;0,300;1,005;9,34E-5;93,43;3,46E-4;288,40;0,00
9,848;0,300;1,005;9,34E-5;93,42;3,97E-4;288,38;0,00
9,849;0,303;1,008;9,35E-5;93,52;-6,01E-5;288,70;0,00
9,850;0,302;1,007;9,35E-5;93,49;8,55E-5;288,59;0,00
9,851;0,302;1,007;9,35E-5;93,50;4,91E-5;288,65;0,00
9,852;0,300;1,005;9,34E-5;93,44;3,31E-4;288,40;0,00
9,853;0,301;1,006;9,35E-5;93,46;2,02E-4;288,51;0,00
9,854;0,300;1,006;9,34E-5;93,44;2,88E-4;288,43;0,00
9,855;0,301;1,006;9,34E-5;93,45;2,79E-4;288,42;0,00
9,856;0,301;1,007;9,35E-5;93,48;1,42E-4;288,56;0,00
9,857;0,301;1,006;9,35E-5;93,47;1,66E-4;288,53;0,00
9,858;0,301;1,006;9,35E-5;93,47;1,84E-4;288,51;0,00
9,859;0,300;1,005;9,34E-5;93,43;3,35E-4;288,40;0,00
9,860;0,300;1,005;9,34E-5;93,42;4,13E-4;288,35;0,00
9,861;0,300;1,006;9,34E-5;93,44;3,20E-4;288,42;0,00
9,862;0,301;1,007;9,35E-5;93,47;1,46E-4;288,56;0,00
9,863;0,301;1,006;9,35E-5;93,46;2,11E-4;288,51;0,00
9,864;0,301;1,006;9,35E-5;93,47;1,66E-4;288,52;0,00
9,865;0,301;1,006;9,34E-5;93,45;2,62E-4;288,43;0,00
9,866;0,301;1,006;9,35E-5;93,46;2,13E-4;288,51;0,00
9,867;0,301;1,006;9,35E-5;93,45;2,46E-4;288,47;0,00
9,868;0,301;1,006;9,35E-5;93,46;2,09E-4;288,50;0,00
9,869;0,302;1,008;9,35E-5;93,51;1,82E-6;288,67;0,00
9,870;0,302;1,007;9,35E-5;93,48;1,04E-4;288,59;0,00
9,871;0,301;1,006;9,35E-5;93,46;2,15E-4;288,52;0,00
9,872;0,301;1,007;9,35E-5;93,48;1,31E-4;288,54;0,00
9,873;0,300;1,005;9,34E-5;93,44;3,31E-4;288,40;0,00
9,874;0,301;1,006;9,35E-5;93,46;2,24E-4;288,51;0,00
9,875;0,301;1,005;9,35E-5;93,45;2,55E-4;288,41;0,00
9,876;0,301;1,007;9,35E-5;93,47;1,69E-4;288,55;0,00
9,877;0,301;1,006;9,35E-5;93,46;2,28E-4;288,45;0,00
9,878;0,302;1,007;9,35E-5;93,48;1,11E-4;288,58;0,00
9,879;0,301;1,007;9,35E-5;93,47;1,84E-4;288,55;0,00
9,880;0,301;1,006;9,35E-5;93,46;2,28E-4;288,48;0,00
9,881;0,302;1,007;9,35E-5;93,48;1,07E-4;288,57;0,00
9,882;0,299;1,005;9,34E-5;93,41;4,37E-4;288,33;0,00
9,883;0,300;1,006;9,34E-5;93,44;3,13E-4;288,42;0,00
9,884;0,299;1,004;9,34E-5;93,39;5,46E-4;288,24;0,00
9,885;0,300;1,006;9,34E-5;93,44;3,22E-4;288,42;0,00
9,886;0,301;1,006;9,35E-5;93,45;2,59E-4;288,46;0,00
9,887;0,302;1,007;9,35E-5;93,48;1,11E-4;288,58;0,00
9,888;0,301;1,006;9,35E-5;93,47;1,60E-4;288,51;0,00
9,889;0,300;1,006;9,34E-5;93,45;2,84E-4;288,42;0,00
9,890;0,300;1,005;9,34E-5;93,42;4,22E-4;288,36;0,00
9,891;0,300;1,005;9,34E-5;93,42;3,95E-4;288,36;0,00
9,892;0,300;1,005;9,34E-5;93,44;3,06E-4;288,41;0,00
9,893;0,300;1,006;9,34E-5;93,43;3,33E-4;288,42;0,00
9,894;0,301;1,006;9,35E-5;93,45;2,38E-4;288,48;0,00
9,895;0,301;1,006;9,35E-5;93,46;2,04E-4;288,50;0,00
9,896;0,300;1,005;9,34E-5;93,43;3,59E-4;288,40;0,00
9,897;0,301;1,006;9,35E-5;93,46;2,37E-4;288,51;0,00
9,898;0,300;1,005;9,34E-5;93,44;3,11E-4;288,42;0,00
9,899;0,301;1,006;9,34E-5;93,45;2,77E-4;288,45;0,00
9,900;0,300;1,005;9,34E-5;93,42;3,82E-4;288,37;0,00
9,901;0,300;1,005;9,34E-5;93,42;3,84E-4;288,34;0,00
9,902;0,300;1,005;9,34E-5;93,44;3,10E-4;288,39;0,00
9,903;0,301;1,006;9,35E-5;93,45;2,59E-4;288,48;0,00
9,904;0,300;1,005;9,34E-5;93,44;3,02E-4;288,41;0,00
9,905;0,301;1,006;9,35E-5;93,46;2,20E-4;288,48;0,00
9,906;0,300;1,005;9,34E-5;93,43;3,57E-4;288,39;0,00
9,907;0,300;1,005;9,34E-5;93,42;4,19E-4;288,32;0,00
9,908;0,300;1,005;9,34E-5;93,43;3,59E-4;288,40;0,00
9,909;0,301;1,006;9,34E-5;93,45;2,79E-4;288,45;0,00
9,910;0,301;1,006;9,35E-5;93,45;2,53E-4;288,44;0,00
9,911;0,301;1,005;9,34E-5;93,45;2,68E-4;288,41;0,00
9,912;0,301;1,006;9,35E-5;93,47;1,77E-4;288,50;0,00
9,913;0,302;1,007;9,35E-5;93,50;1,27E-5;288,62;0,00
9,914;0,301;1,007;9,35E-5;93,46;2,09E-4;288,55;0,00
9,915;0,301;1,006;9,35E-5;93,47;1,66E-4;288,52;0,00
9,916;0,300;1,005;9,34E-5;93,43;3,75E-4;288,37;0,00
9,917;0,300;1,006;9,34E-5;93,43;3,44E-4;288,43;0,00
9,918;0,301;1,006;9,35E-5;93,45;2,51E-4;288,45;0,00
9,919;0,301;1,006;9,35E-5;93,46;2,28E-4;288,47;0,00
9,920;0,301;1,006;9,35E-5;93,46;2,29E-4;288,45;0,00
9,921;0,302;1,007;9,35E-5;93,50;2,37E-5;288,62;0,00
9,922;0,302;1,007;9,35E-5;93,50;9,10E-6;288,61;0,00
9,923;0,301;1,006;9,35E-5;93,47;1,53E-4;288,49;0,00
9,924;0,300;1,005;9,34E-5;93,43;3,33E-4;288,40;0,00
9,925;0,301;1,006;9,35E-5;93,47;1,75E-4;288,53;0,00
9,926;0,301;1,006;9,35E-5;93,47;1,64E-4;288,48;0,00
9,927;0,301;1,006;9,34E-5;93,45;2,77E-4;288,45;0,00
9,928;0,302;1,007;9,35E-5;93,49;8,92E-5;288,57;0,00
9,929;0,300;1,005;9,34E-5;93,42;3,79E-4;288,32;0,00
9,930;0,300;1,005;9,34E-5;93,43;3,42E-4;288,38;0,00
9,931;0,300;1,005;9,34E-5;93,43;3,37E-4;288,37;0,00
9,932;0,300;1,006;9,34E-5;93,44;2,93E-4;288,42;0,00
9,933;0,300;1,005;9,34E-5;93,44;3,28E-4;288,41;0,00
9,934;0,301;1,006;9,35E-5;93,46;2,20E-4;288,49;0,00
9,935;0,299;1,004;9,34E-5;93,41;4,37E-4;288,30;0,00
9,936;0,300;1,005;9,34E-5;93,44;3,17E-4;288,41;0,00
9,937;0,301;1,006;9,34E-5;93,45;2,75E-4;288,45;0,00
9,938;0,300;1,005;9,34E-5;93,42;4,06E-4;288,36;0,00
9,939;0,301;1,006;9,35E-5;93,46;2,17E-4;288,51;0,00
9,940;0,300;1,006;9,34E-5;93,44;3,24E-4;288,43;0,00
9,941;0,301;1,007;9,35E-5;93,48;1,33E-4;288,55;0,00
9,942;0,301;1,006;9,35E-5;93,47;1,73E-4;288,52;0,00
9,943;0,301;1,006;9,35E-5;93,45;2,40E-4;288,46;0,00
9,944;0,301;1,006;9,35E-5;93,46;2,29E-4;288,45;0,00
9,945;0,301;1,006;9,35E-5;93,46;2,31E-4;288,45;0,00
9,946;0,301;1,006;9,34E-5;93,45;2,71E-4;288,49;0,00
9,947;0,300;1,006;9,34E-5;93,44;3,19E-4;288,45;0,00
9,948;0,301;1,005;9,34E-5;93,45;2,71E-4;288,38;0,00
9,949;0,301;1,006;9,35E-5;93,47;1,91E-4;288,48;0,00
9,950;0,300;1,005;9,34E-5;93,44;3,31E-4;288,38;0,00
9,951;0,301;1,006;9,35E-5;93,47;1,60E-4;288,52;0,00
9,952;0,301;1,006;9,35E-5;93,47;1,57E-4;288,53;0,00
9,953;0,301;1,006;9,35E-5;93,47;1,78E-4;288,52;0,00
9,954;0,301;1,006;9,35E-5;93,47;1,91E-4;288,47;0,00
9,955;0,301;1,006;9,35E-5;93,47;1,86E-4;288,49;0,00
9,956;0,301;1,006;9,35E-5;93,46;2,13E-4;288,49;0,00
9,957;0,301;1,006;9,35E-5;93,46;2,08E-4;288,50;0,00
9,958;0,300;1,006;9,34E-5;93,44;3,10E-4;288,45;0,00
9,959;0,301;1,006;9,35E-5;93,46;2,15E-4;288,50;0,00
9,960;0,300;1,005;9,34E-5;93,45;2,82E-4;288,40;0,00
9,961;0,300;1,005;9,34E-5;93,43;3,40E-4;288,38;0,00
9,962;0,302;1,007;9,35E-5;93,48;1,20E-4;288,54;0,00
9,963;0,301;1,006;9,35E-5;93,46;1,97E-4;288,51;0,00
9,964;0,301;1,006;9,35E-5;93,47;1,53E-4;288,52;0,00
9,965;0,302;1,007;9,35E-5;93,49;6,01E-5;288,56;0,00
9,966;0,301;1,006;9,34E-5;93,45;2,79E-4;288,48;0,00
9,967;0,300;1,006;9,34E-5;93,44;3,04E-4;288,42;0,00
9,968;0,301;1,006;9,34E-5;93,45;2,62E-4;288,43;0,00
9,969;0,301;1,006;9,35E-5;93,47;1,75E-4;288,48;0,00
9,970;0,301;1,007;9,35E-5;93,48;1,31E-4;288,55;0,00
9,971;0,301;1,007;9,35E-5;93,47;1,58E-4;288,54;0,00
9,972;0,301;1,006;9,35E-5;93,46;2,20E-4;288,48;0,00
9,973;0,300;1,005;9,34E-5;93,44;3,10E-4;288,38;0,00
9,974;0,300;1,006;9,34E-5;93,44;2,89E-4;288,43;0,00
9,975;0,301;1,005;9,34E-5;93,45;2,64E-4;288,41;0,00
9,976;0,302;1,007;9,35E-5;93,48;1,27E-4;288,54;0,00
9,977;0,301;1,006;9,35E-5;93,46;2,11E-4;288,47;0,00
9,978;0,300;1,006;9,34E-5;93,44;2,93E-4;288,44;0,00
9,979;0,301;1,006;9,35E-5;93,46;2,06E-4;288,51;0,00
9,980;0,301;1,006;9,35E-5;93,47;1,86E-4;288,49;0,00
9,981;0,300;1,005;9,34E-5;93,45;2,84E-4;288,40;0,00
9,982;0,301;1,006;9,35E-5;93,46;2,13E-4;288,45;0,00
9,983;0,300;1,005;9,34E-5;93,44;3,26E-4;288,37;0,00
9,984;0,301;1,007;9,35E-5;93,47;1,87E-4;288,54;0,00
9,985;0,301;1,006;9,35E-5;93,47;1,46E-4;288,48;0,00
9,986;0,301;1,005;9,35E-5;93,45;2,59E-4;288,41;0,00
9,987;0,301;1,005;9,35E-5;93,45;2,60E-4;288,41;0,00
9,988;0,302;1,007;9,35E-5;93,48;1,00E-4;288,58;0,00
9,989;0,301;1,006;9,35E-5;93,46;2,00E-4;288,47;0,00
9,990;0,301;1,006;9,35E-5;93,46;2,06E-4;288,44;0,00
9,991;0,301;1,006;9,35E-5;93,46;1,95E-4;288,45;0,00
9,992;0,300;1,005;9,34E-5;93,44;3,10E-4;288,38;0,00
9,993;0,301;1,005;9,35E-5;93,45;2,60E-4;288,42;0,00
9,994;0,301;1,006;9,35E-5;93,45;2,44E-4;288,42;0,00
9,995;0,300;1,005;9,34E-5;93,44;3,15E-4;288,38;0,00
9,996;0,301;1,006;9,35E-5;93,46;2,06E-4;288,45;0,00
9,997;0,300;1,006;9,34E-5;93,44;2,88E-4;288,42;0,00
9,998;0,300;1,005;9,34E-5;93,43;3,62E-4;288,37;0,00
9,999;0,301;1,006;9,35E-5;93,45;2,59E-4;288,42;0,00
10,000;0,300;1,005;9,34E-5;93,44;3,11E-4;288,37;0,00
10,001;0,300;1,005;9,34E-5;93,44;3,04E-4;288,35;0,00
10,002;0,300;1,005;9,34E-5;93,43;3,46E-4;288,37;0,00
10,003;0,300;1,005;9,34E-5;93,43;3,59E-4;288,32;0,00
10,004;0,300;1,005;9,34E-5;93,44;3,02E-4;288,40;0,00
10,005;0,300;1,005;9,34E-5;93,43;3,77E-4;288,34;0,00
10,006;0,300;1,005;9,34E-5;93,42;4,01E-4;288,32;0,00
10,007;0,300;1,005;9,34E-5;93,44;3,00E-4;288,39;0,00
10,008;0,301;1,006;9,35E-5;93,48;1,42E-4;288,51;0,00
10,009;0,301;1,006;9,35E-5;93,46;2,00E-4;288,45;0,00
10,010;0,301;1,005;9,34E-5;93,45;2,75E-4;288,39;0,00
10,011;0,301;1,005;9,34E-5;93,45;2,66E-4;288,40;0,00
10,012;0,300;1,004;9,34E-5;93,42;4,06E-4;288,29;0,00
10,013;0,300;1,006;9,34E-5;93,45;2,80E-4;288,42;0,00
10,014;0,300;1,005;9,34E-5;93,43;3,46E-4;288,35;0,00
10,015;0,299;1,003;9,34E-5;93,39;5,57E-4;288,18;0,00
10,016;0,300;1,005;9,34E-5;93,43;3,50E-4;288,38;0,00
10,017;0,301;1,006;9,35E-5;93,46;2,26E-4;288,47;0,00
10,018;0,300;1,005;9,34E-5;93,45;2,80E-4;288,41;0,00
10,019;0,301;1,006;9,35E-5;93,46;2,06E-4;288,49;0,00
10,020;0,301;1,006;9,35E-5;93,46;2,20E-4;288,43;0,00
10,021;0,301;1,005;9,35E-5;93,45;2,59E-4;288,39;0,00
10,022;0,301;1,006;9,35E-5;93,48;1,37E-4;288,51;0,00
10,023;0,301;1,006;9,35E-5;93,47;1,86E-4;288,48;0,00
10,024;0,299;1,004;9,34E-5;93,39;5,48E-4;288,23;0,00
10,025;0,300;1,005;9,34E-5;93,42;4,21E-4;288,32;0,00
10,026;0,301;1,006;9,35E-5;93,47;1,89E-4;288,48;0,00
10,027;0,302;1,007;9,35E-5;93,49;6,37E-5;288,59;0,00
10,028;0,300;1,005;9,34E-5;93,44;3,02E-4;288,37;0,00
10,029;0,301;1,006;9,35E-5;93,46;2,37E-4;288,46;0,00
10,030;0,301;1,006;9,35E-5;93,46;2,28E-4;288,47;0,00
10,031;0,300;1,005;9,34E-5;93,44;3,13E-4;288,37;0,00
10,032;0,301;1,006;9,35E-5;93,47;1,46E-4;288,51;0,00
10,033;0,301;1,005;9,35E-5;93,45;2,51E-4;288,42;0,00
10,034;0,300;1,005;9,34E-5;93,42;4,12E-4;288,31;0,00
10,035;0,299;1,004;9,34E-5;93,40;4,88E-4;288,29;0,00
10,036;0,299;1,004;9,34E-5;93,41;4,63E-4;288,28;0,00
10,037;0,300;1,005;9,34E-5;93,43;3,51E-4;288,35;0,00
10,038;0,301;1,006;9,35E-5;93,47;1,89E-4;288,45;0,00
10,039;0,302;1,007;9,35E-5;93,49;9,28E-5;288,57;0,00
10,040;0,302;1,007;9,35E-5;93,49;6,73E-5;288,55;0,00
10,041;0,302;1,007;9,35E-5;93,49;7,64E-5;288,55;0,00
10,042;0,302;1,007;9,35E-5;93,51;-9,10E-6;288,65;0,00
10,043;0,302;1,007;9,35E-5;93,50;2,91E-5;288,59;0,00
10,044;0,301;1,006;9,35E-5;93,46;2,29E-4;288,46;0,00
10,045;0,301;1,006;9,35E-5;93,47;1,57E-4;288,52;0,00
10,046;0,300;1,005;9,34E-5;93,43;3,71E-4;288,33;0,00
10,047;0,300;1,005;9,34E-5;93,41;4,26E-4;288,30;0,00
10,048;0,300;1,004;9,34E-5;93,42;4,13E-4;288,27;0,00
10,049;0,301;1,006;9,35E-5;93,46;1,95E-4;288,47;0,00
10,050;0,301;1,006;9,35E-5;93,46;2,22E-4;288,45;0,00
10,051;0,301;1,006;9,35E-5;93,46;2,06E-4;288,47;0,00
10,052;0,301;1,005;9,35E-5;93,45;2,57E-4;288,41;0,00
10,053;0,302;1,007;9,35E-5;93,50;2,91E-5;288,59;0,00
10,054;0,302;1,007;9,35E-5;93,49;8,37E-5;288,55;0,00
10,055;0,301;1,006;9,35E-5;93,48;1,35E-4;288,50;0,00
10,056;0,301;1,006;9,35E-5;93,46;2,22E-4;288,48;0,00
10,057;0,300;1,005;9,34E-5;93,42;3,93E-4;288,33;0,00
10,058;0,302;1,006;9,35E-5;93,48;1,04E-4;288,52;0,00
10,059;0,301;1,005;9,35E-5;93,46;2,08E-4;288,40;0,00
10,060;0,302;1,006;9,35E-5;93,48;1,13E-4;288,51;0,00
10,061;0,301;1,006;9,35E-5;93,47;1,73E-4;288,47;0,00
10,062;0,299;1,004;9,34E-5;93,41;4,53E-4;288,25;0,00
10,063;0,301;1,005;9,34E-5;93,45;2,77E-4;288,39;0,00
10,064;0,300;1,005;9,34E-5;93,44;3,13E-4;288,34;0,00
10,065;0,300;1,005;9,34E-5;93,44;2,91E-4;288,38;0,00
10,066;0,300;1,005;9,34E-5;93,43;3,51E-4;288,34;0,00
10,067;0,302;1,006;9,35E-5;93,48;1,16E-4;288,53;0,00
10,068;0,301;1,005;9,34E-5;93,45;2,79E-4;288,39;0,00
10,069;0,301;1,006;9,35E-5;93,47;1,86E-4;288,45;0,00
10,070;0,300;1,005;9,34E-5;93,44;2,88E-4;288,37;0,00
10,071;0,302;1,007;9,35E-5;93,50;2,00E-5;288,58;0,00
10,072;0,303;1,007;9,35E-5;93,52;-5,28E-5;288,64;0,00
10,073;0,301;1,006;9,35E-5;93,47;1,51E-4;288,49;0,00
10,074;0,301;1,006;9,34E-5;93,45;2,68E-4;288,42;0,00
10,075;0,301;1,007;9,35E-5;93,47;1,73E-4;288,54;0,00
10,076;0,301;1,006;9,35E-5;93,46;2,33E-4;288,42;0,00
10,077;0,300;1,005;9,34E-5;93,42;4,13E-4;288,32;0,00
10,078;0,300;1,005;9,34E-5;93,43;3,73E-4;288,32;0,00
10,079;0,300;1,005;9,34E-5;93,42;3,88E-4;288,36;0,00
10,080;0,300;1,005;9,34E-5;93,43;3,42E-4;288,35;0,00
10,081;0,301;1,006;9,35E-5;93,46;2,37E-4;288,42;0,00
10,082;0,299;1,004;9,34E-5;93,40;4,93E-4;288,24;0,00
10,083;0,300;1,005;9,34E-5;93,43;3,37E-4;288,37;0,00
10,084;0,301;1,006;9,35E-5;93,47;1,60E-4;288,45;0,00
10,085;0,302;1,007;9,35E-5;93,50;4,73E-5;288,60;0,00
10,086;0,303;1,007;9,35E-5;93,51;-3,09E-5;288,64;0,00
10,087;0,301;1,006;9,35E-5;93,47;1,66E-4;288,48;0,00
10,088;0,301;1,006;9,35E-5;93,47;1,69E-4;288,48;0,00
10,089;0,302;1,006;9,35E-5;93,48;1,07E-4;288,52;0,00
10,090;0,301;1,006;9,35E-5;93,46;1,98E-4;288,44;0,00
10,091;0,301;1,006;9,35E-5;93,47;1,62E-4;288,45;0,00
10,092;0,301;1,006;9,35E-5;93,48;1,44E-4;288,48;0,00
10,093;0,301;1,006;9,35E-5;93,46;2,00E-4;288,45;0,00
10,094;0,301;1,006;9,35E-5;93,47;1,73E-4;288,46;0,00
10,095;0,301;1,006;9,35E-5;93,47;1,53E-4;288,49;0,00
10,096;0,301;1,005;9,35E-5;93,45;2,57E-4;288,41;0,00
10,097;0,301;1,006;9,35E-5;93,48;1,40E-4;288,50;0,00
10,098;0,302;1,007;9,35E-5;93,48;1,07E-4;288,55;0,00
10,099;0,302;1,007;9,35E-5;93,49;8,55E-5;288,54;0,00
10,100;0,301;1,006;9,35E-5;93,46;2,11E-4;288,43;0,00
10,101;0,302;1,006;9,35E-5;93,48;1,29E-4;288,51;0,00
10,102;0,301;1,006;9,35E-5;93,46;2,06E-4;288,45;0,00
10,103;0,300;1,005;9,34E-5;93,44;2,99E-4;288,37;0,00
10,104;0,300;1,005;9,34E-5;93,44;3,30E-4;288,36;0,00
10,105;0,300;1,005;9,34E-5;93,43;3,33E-4;288,37;0,00
10,106;0,301;1,006;9,35E-5;93,47;1,57E-4;288,49;0,00
10,107;0,301;1,005;9,35E-5;93,45;2,59E-4;288,42;0,00
10,108;0,300;1,005;9,34E-5;93,43;3,46E-4;288,35;0,00
10,109;0,299;1,004;9,34E-5;93,41;4,32E-4;288,24;0,00
10,110;0,301;1,005;9,34E-5;93,45;2,79E-4;288,41;0,00
10,111;0,300;1,005;9,34E-5;93,44;3,17E-4;288,34;0,00
10,112;0,301;1,006;9,35E-5;93,45;2,46E-4;288,43;0,00
10,113;0,300;1,005;9,34E-5;93,43;3,55E-4;288,35;0,00
10,114;0,300;1,005;9,34E-5;93,44;3,17E-4;288,35;0,00
10,115;0,301;1,006;9,35E-5;93,47;1,82E-4;288,48;0,00
10,116;0,301;1,006;9,35E-5;93,45;2,46E-4;288,43;0,00
10,117;0,301;1,006;9,35E-5;93,48;1,38E-4;288,51;0,00
10,118;0,300;1,004;9,34E-5;93,42;4,17E-4;288,30;0,00
10,119;0,300;1,005;9,34E-5;93,45;2,82E-4;288,39;0,00
10,120;0,301;1,005;9,35E-5;93,45;2,59E-4;288,40;0,00
10,121;0,301;1,006;9,35E-5;93,45;2,49E-4;288,42;0,00
10,122;0,301;1,006;9,35E-5;93,46;2,31E-4;288,44;0,00
10,123;0,301;1,006;9,35E-5;93,47;1,82E-4;288,46;0,00
10,124;0,301;1,006;9,35E-5;93,47;1,69E-4;288,48;0,00
10,125;0,300;1,005;9,34E-5;93,44;3,26E-4;288,36;0,00
10,126;0,300;1,005;9,34E-5;93,43;3,55E-4;288,30;0,00
10,127;0,300;1,005;9,34E-5;93,44;2,89E-4;288,37;0,00
10,128;0,300;1,005;9,34E-5;93,42;4,10E-4;288,30;0,00
10,129;0,300;1,005;9,34E-5;93,44;3,19E-4;288,32;0,00
10,130;0,300;1,005;9,34E-5;93,44;2,89E-4;288,40;0,00
10,131;0,301;1,006;9,35E-5;93,47;1,49E-4;288,50;0,00
10,132;0,301;1,006;9,35E-5;93,47;1,58E-4;288,52;0,00
10,133;0,301;1,006;9,35E-5;93,46;2,00E-4;288,43;0,00
10,134;0,301;1,005;9,35E-5;93,46;2,22E-4;288,41;0,00
10,135;0,300;1,004;9,34E-5;93,42;4,10E-4;288,26;0,00
10,136;0,300;1,005;9,34E-5;93,44;3,00E-4;288,35;0,00
10,137;0,301;1,005;9,34E-5;93,45;2,77E-4;288,40;0,00
10,138;0,301;1,006;9,35E-5;93,47;1,78E-4;288,46;0,00
10,139;0,300;1,005;9,34E-5;93,45;2,84E-4;288,36;0,00
10,140;0,301;1,006;9,35E-5;93,47;1,82E-4;288,43;0,00
10,141;0,303;1,007;9,35E-5;93,51;-3,09E-5;288,61;0,00
10,142;0,301;1,005;9,35E-5;93,45;2,59E-4;288,40;0,00
10,143;0,301;1,006;9,35E-5;93,47;1,49E-4;288,49;0,00
10,144;0,301;1,006;9,35E-5;93,47;1,84E-4;288,47;0,00
10,145;0,301;1,005;9,34E-5;93,45;2,69E-4;288,36;0,00
10,146;0,302;1,006;9,35E-5;93,48;1,15E-4;288,51;0,00
10,147;0,302;1,006;9,35E-5;93,49;8,19E-5;288,53;0,00
10,148;0,302;1,007;9,35E-5;93,50;4,19E-5;288,56;0,00
10,149;0,300;1,005;9,34E-5;93,45;2,82E-4;288,39;0,00
10,150;0,301;1,006;9,35E-5;93,47;1,80E-4;288,46;0,00
10,151;0,301;1,006;9,35E-5;93,48;1,37E-4;288,47;0,00
10,152;0,301;1,005;9,34E-5;93,45;2,68E-4;288,42;0,00
10,153;0,300;1,005;9,34E-5;93,43;3,62E-4;288,32;0,00
10,154;0,300;1,005;9,34E-5;93,44;3,00E-4;288,34;0,00
10,155;0,301;1,005;9,35E-5;93,45;2,48E-4;288,41;0,00
10,156;0,301;1,005;9,35E-5;93,46;2,13E-4;288,41;0,00
10,157;0,300;1,005;9,34E-5;93,44;2,95E-4;288,35;0,00
10,158;0,301;1,005;9,34E-5;93,45;2,62E-4;288,38;0,00
10,159;0,300;1,005;9,34E-5;93,44;3,00E-4;288,34;0,00
10,160;0,301;1,005;9,34E-5;93,45;2,69E-4;288,40;0,00
10,161;0,300;1,005;9,34E-5;93,44;3,13E-4;288,34;0,00
10,162;0,299;1,004;9,34E-5;93,41;4,42E-4;288,23;0,00
10,163;0,300;1,005;9,34E-5;93,44;3,17E-4;288,37;0,00
10,164;0,300;1,005;9,34E-5;93,42;3,82E-4;288,31;0,00
10,165;0,301;1,005;9,35E-5;93,46;2,35E-4;288,40;0,00
10,166;0,301;1,006;9,35E-5;93,45;2,40E-4;288,42;0,00
10,167;0,302;1,006;9,35E-5;93,49;7,83E-5;288,48;0,00
10,168;0,300;1,005;9,34E-5;93,44;2,88E-4;288,34;0,00
10,169;0,300;1,005;9,34E-5;93,43;3,71E-4;288,31;0,00
10,170;0,301;1,005;9,35E-5;93,45;2,49E-4;288,39;0,00
10,171;0,300;1,005;9,34E-5;93,43;3,51E-4;288,32;0,00
10,172;0,301;1,005;9,34E-5;93,45;2,73E-4;288,33;0,00
10,173;0,300;1,004;9,34E-5;93,42;3,88E-4;288,28;0,00
10,174;0,300;1,005;9,34E-5;93,44;2,86E-4;288,37;0,00
10,175;0,302;1,006;9,35E-5;93,48;1,04E-4;288,50;0,00
10,176;0,301;1,005;9,35E-5;93,46;2,09E-4;288,40;0,00
10,177;0,301;1,005;9,34E-5;93,45;2,73E-4;288,41;0,00
10,178;0,302;1,007;9,35E-5;93,48;1,06E-4;288,55;0,00
10,179;0,301;1,006;9,35E-5;93,47;1,84E-4;288,43;0,00
10,180;0,301;1,005;9,35E-5;93,46;2,11E-4;288,40;0,00
10,181;0,301;1,005;9,35E-5;93,45;2,59E-4;288,35;0,00
10,182;0,301;1,005;9,35E-5;93,45;2,42E-4;288,39;0,00
10,183;0,301;1,006;9,35E-5;93,47;1,46E-4;288,47;0,00
10,184;0,301;1,005;9,35E-5;93,45;2,57E-4;288,37;0,00
10,185;0,302;1,007;9,35E-5;93,49;6,01E-5;288,55;0,00
10,186;0,301;1,005;9,34E-5;93,45;2,64E-4;288,34;0,00
10,187;0,301;1,005;9,35E-5;93,45;2,55E-4;288,41;0,00
10,188;0,300;1,005;9,34E-5;93,44;3,30E-4;288,32;0,00
10,189;0,300;1,005;9,34E-5;93,43;3,42E-4;288,32;0,00
10,190;0,300;1,004;9,34E-5;93,42;3,88E-4;288,24;0,00
10,191;0,300;1,004;9,34E-5;93,42;4,04E-4;288,25;0,00
10,192;0,301;1,005;9,34E-5;93,45;2,73E-4;288,35;0,00
10,193;0,301;1,005;9,35E-5;93,45;2,40E-4;288,39;0,00
10,194;0,301;1,006;9,35E-5;93,47;1,58E-4;288,46;0,00
10,195;0,301;1,005;9,34E-5;93,45;2,69E-4;288,40;0,00
10,196;0,301;1,006;9,35E-5;93,48;1,44E-4;288,47;0,00
10,197;0,301;1,006;9,35E-5;93,47;1,69E-4;288,46;0,00
10,198;0,301;1,006;9,35E-5;93,47;1,89E-4;288,45;0,00
10,199;0,301;1,006;9,35E-5;93,46;1,95E-4;288,42;0,00
10,200;0,300;1,005;9,34E-5;93,43;3,33E-4;288,33;0,00
10,201;0,301;1,005;9,34E-5;93,45;2,69E-4;288,37;0,00
10,202;0,300;1,004;9,34E-5;93,42;4,06E-4;288,28;0,00
10,203;0,300;1,005;9,34E-5;93,43;3,59E-4;288,31;0,00
10,204;0,300;1,005;9,34E-5;93,44;2,93E-4;288,36;0,00
10,205;0,300;1,005;9,34E-5;93,45;2,80E-4;288,34;0,00
10,206;0,301;1,005;9,35E-5;93,47;1,91E-4;288,38;0,00
10,207;0,299;1,004;9,34E-5;93,41;4,33E-4;288,23;0,00
10,208;0,299;1,004;9,34E-5;93,41;4,32E-4;288,25;0,00
10,209;0,300;1,005;9,34E-5;93,44;2,91E-4;288,33;0,00
10,210;0,300;1,005;9,34E-5;93,44;3,06E-4;288,33;0,00
10,211;0,301;1,006;9,35E-5;93,47;1,82E-4;288,44;0,00
10,212;0,300;1,004;9,34E-5;93,43;3,50E-4;288,30;0,00
10,213;0,301;1,005;9,35E-5;93,45;2,59E-4;288,37;0,00
10,214;0,300;1,005;9,34E-5;93,44;3,15E-4;288,33;0,00
10,215;0,300;1,005;9,34E-5;93,44;2,89E-4;288,34;0,00
10,216;0,299;1,004;9,34E-5;93,40;5,10E-4;288,23;0,00
10,217;0,300;1,005;9,34E-5;93,44;3,02E-4;288,34;0,00
10,218;0,300;1,005;9,34E-5;93,43;3,35E-4;288,31;0,00
10,219;0,301;1,005;9,34E-5;93,45;2,66E-4;288,36;0,00
10,220;0,301;1,006;9,35E-5;93,47;1,87E-4;288,42;0,00
10,221;0,302;1,007;9,35E-5;93,50;3,09E-5;288,56;0,00
10,222;0,301;1,006;9,35E-5;93,47;1,91E-4;288,45;0,00
10,223;0,301;1,005;9,34E-5;93,45;2,62E-4;288,38;0,00
10,224;0,302;1,006;9,35E-5;93,49;7,46E-5;288,51;0,00
10,225;0,301;1,006;9,35E-5;93,47;1,67E-4;288,44;0,00
10,226;0,301;1,006;9,35E-5;93,46;1,95E-4;288,42;0,00
10,227;0,300;1,005;9,34E-5;93,44;3,13E-4;288,33;0,00
10,228;0,300;1,005;9,34E-5;93,44;2,89E-4;288,37;0,00
10,229;0,301;1,005;9,35E-5;93,46;2,00E-4;288,40;0,00
10,230;0,302;1,006;9,35E-5;93,48;1,18E-4;288,48;0,00
10,231;0,302;1,006;9,35E-5;93,50;3,09E-5;288,51;0,00
10,232;0,301;1,006;9,35E-5;93,47;1,78E-4;288,45;0,00
10,233;0,301;1,006;9,35E-5;93,47;1,89E-4;288,45;0,00
10,234;0,301;1,005;9,35E-5;93,47;1,87E-4;288,38;0,00
10,235;0,301;1,005;9,34E-5;93,45;2,68E-4;288,36;0,00
10,236;0,301;1,006;9,35E-5;93,47;1,73E-4;288,48;0,00
10,237;0,301;1,006;9,35E-5;93,48;1,31E-4;288,48;0,00
10,238;0,301;1,006;9,35E-5;93,47;1,87E-4;288,45;0,00
10,239;0,301;1,005;9,35E-5;93,47;1,55E-4;288,42;0,00
10,240;0,301;1,006;9,35E-5;93,47;1,66E-4;288,44;0,00
10,241;0,302;1,007;9,35E-5;93,51;-5,46E-6;288,57;0,00
10,242;0,300;1,005;9,34E-5;93,44;2,91E-4;288,35;0,00
10,243;0,300;1,004;9,34E-5;93,43;3,57E-4;288,30;0,00
10,244;0,300;1,004;9,34E-5;93,44;3,31E-4;288,30;0,00
10,245;0,300;1,004;9,34E-5;93,42;4,13E-4;288,28;0,00
10,246;0,301;1,006;9,35E-5;93,46;2,02E-4;288,42;0,00
10,247;0,300;1,005;9,34E-5;93,43;3,40E-4;288,34;0,00
10,248;0,300;1,005;9,34E-5;93,43;3,60E-4;288,32;0,00
10,249;0,301;1,005;9,35E-5;93,47;1,80E-4;288,41;0,00
10,250;0,299;1,004;9,34E-5;93,41;4,48E-4;288,25;0,00
10,251;0,300;1,005;9,34E-5;93,44;2,86E-4;288,37;0,00
10,252;0,302;1,006;9,35E-5;93,49;8,55E-5;288,47;0,00
10,253;0,302;1,006;9,35E-5;93,49;6,92E-5;288,48;0,00
10,254;0,300;1,004;9,34E-5;93,43;3,37E-4;288,30;0,00
10,255;0,300;1,005;9,34E-5;93,44;3,13E-4;288,34;0,00
10,256;0,301;1,005;9,34E-5;93,45;2,73E-4;288,34;0,00
10,257;0,300;1,004;9,34E-5;93,42;4,19E-4;288,24;0,00
10,258;0,300;1,005;9,34E-5;93,43;3,40E-4;288,33;0,00
10,259;0,301;1,005;9,35E-5;93,46;1,93E-4;288,41;0,00
10,260;0,301;1,005;9,35E-5;93,46;2,17E-4;288,40;0,00
10,261;0,301;1,005;9,35E-5;93,46;2,11E-4;288,38;0,00
10,262;0,301;1,005;9,35E-5;93,45;2,51E-4;288,36;0,00
10,263;0,301;1,006;9,35E-5;93,47;1,60E-4;288,47;0,00
10,264;0,301;1,006;9,35E-5;93,48;1,42E-4;288,45;0,00
10,265;0,301;1,005;9,35E-5;93,46;2,13E-4;288,38;0,00
10,266;0,300;1,005;9,34E-5;93,44;3,00E-4;288,30;0,00
10,267;0,299;1,004;9,34E-5;93,41;4,52E-4;288,22;0,00
10,268;0,299;1,004;9,34E-5;93,40;4,90E-4;288,21;0,00
10,269;0,300;1,005;9,34E-5;93,44;3,19E-4;288,33;0,00
10,270;0,300;1,005;9,34E-5;93,44;2,97E-4;288,36;0,00
10,271;0,300;1,005;9,34E-5;93,44;3,26E-4;288,37;0,00
10,272;0,299;1,004;9,34E-5;93,41;4,68E-4;288,20;0,00
10,273;0,300;1,005;9,34E-5;93,44;3,30E-4;288,31;0,00
10,274;0,301;1,005;9,35E-5;93,46;2,31E-4;288,38;0,00
10,275;0,301;1,006;9,35E-5;93,47;1,62E-4;288,46;0,00
10,276;0,301;1,005;9,35E-5;93,45;2,55E-4;288,36;0,00
10,277;0,301;1,005;9,35E-5;93,46;2,13E-4;288,37;0,00
10,278;0,300;1,005;9,34E-5;93,44;3,15E-4;288,31;0,00
10,279;0,300;1,005;9,34E-5;93,44;2,86E-4;288,34;0,00
10,280;0,301;1,005;9,34E-5;93,45;2,66E-4;288,35;0,00
10,281;0,302;1,006;9,35E-5;93,49;8,55E-5;288,48;0,00
10,282;0,302;1,006;9,35E-5;93,48;1,15E-4;288,50;0,00
10,283;0,302;1,006;9,35E-5;93,50;2,91E-5;288,51;0,00
10,284;0,301;1,006;9,35E-5;93,45;2,42E-4;288,42;0,00
10,285;0,301;1,005;9,35E-5;93,45;2,51E-4;288,35;0,00
10,286;0,300;1,005;9,34E-5;93,44;3,08E-4;288,31;0,00
10,287;0,299;1,003;9,34E-5;93,39;5,21E-4;288,17;0,00
10,288;0,301;1,006;9,35E-5;93,47;1,55E-4;288,46;0,00
10,289;0,301;1,005;9,35E-5;93,45;2,60E-4;288,36;0,00
10,290;0,300;1,004;9,34E-5;93,42;3,95E-4;288,27;0,00
10,291;0,301;1,006;9,35E-5;93,48;1,37E-4;288,45;0,00
10,292;0,302;1,006;9,35E-5;93,49;5,28E-5;288,52;0,00
10,293;0,302;1,006;9,35E-5;93,49;6,01E-5;288,48;0,00
10,294;0,301;1,005;9,34E-5;93,45;2,71E-4;288,36;0,00
10,295;0,301;1,006;9,35E-5;93,47;1,75E-4;288,42;0,00
10,296;0,301;1,006;9,35E-5;93,46;2,00E-4;288,44;0,00
10,297;0,301;1,005;9,35E-5;93,46;2,33E-4;288,41;0,00
10,298;0,300;1,005;9,34E-5;93,45;2,80E-4;288,37;0,00
10,299;0,301;1,005;9,34E-5;93,45;2,71E-4;288,38;0,00
10,300;0,300;1,005;9,34E-5;93,44;2,88E-4;288,39;0,00
10,301;0,302;1,007;9,35E-5;93,50;2,55E-5;288,55;0,00
10,302;0,303;1,007;9,35E-5;93,52;-5,46E-5;288,59;0,00
10,303;0,301;1,005;9,35E-5;93,45;2,46E-4;288,36;0,00
10,304;0,301;1,006;9,35E-5;93,46;2,29E-4;288,42;0,00
10,305;0,301;1,005;9,35E-5;93,46;2,17E-4;288,39;0,00
10,306;0,301;1,005;9,35E-5;93,45;2,55E-4;288,38;0,00
10,307;0,301;1,005;9,35E-5;93,45;2,60E-4;288,36;0,00
10,308;0,299;1,004;9,34E-5;93,40;4,72E-4;288,21;0,00
10,309;0,301;1,006;9,35E-5;93,46;1,93E-4;288,43;0,00
10,310;0,300;1,004;9,34E-5;93,43;3,73E-4;288,26;0,00
10,311;0,299;1,004;9,34E-5;93,40;4,79E-4;288,22;0,00
10,312;0,302;1,006;9,35E-5;93,48;1,24E-4;288,49;0,00
10,313;0,301;1,006;9,35E-5;93,47;1,75E-4;288,43;0,00
10,314;0,301;1,005;9,35E-5;93,45;2,57E-4;288,35;0,00
10,315;0,301;1,005;9,35E-5;93,45;2,59E-4;288,39;0,00
10,316;0,301;1,006;9,35E-5;93,47;1,51E-4;288,44;0,00
10,317;0,301;1,005;9,35E-5;93,45;2,59E-4;288,38;0,00
10,318;0,301;1,005;9,34E-5;93,45;2,66E-4;288,39;0,00
10,319;0,301;1,005;9,34E-5;93,45;2,77E-4;288,39;0,00
10,320;0,300;1,004;9,34E-5;93,43;3,75E-4;288,30;0,00
10,321;0,300;1,004;9,34E-5;93,44;3,15E-4;288,28;0,00
10,322;0,301;1,005;9,35E-5;93,46;2,08E-4;288,41;0,00
10,323;0,302;1,007;9,35E-5;93,49;5,64E-5;288,54;0,00
10,324;0,302;1,006;9,35E-5;93,48;1,16E-4;288,47;0,00
10,325;0,301;1,005;9,35E-5;93,45;2,48E-4;288,40;0,00
10,326;0,300;1,004;9,34E-5;93,42;4,02E-4;288,26;0,00
10,327;0,301;1,005;9,34E-5;93,45;2,77E-4;288,34;0,00
10,328;0,301;1,005;9,34E-5;93,45;2,79E-4;288,34;0,00
10,329;0,301;1,005;9,35E-5;93,46;2,18E-4;288,40;0,00
10,330;0,300;1,005;9,34E-5;93,45;2,84E-4;288,34;0,00
10,331;0,301;1,005;9,34E-5;93,45;2,77E-4;288,30;0,00
10,332;0,299;1,004;9,34E-5;93,41;4,37E-4;288,26;0,00
10,333;0,301;1,005;9,35E-5;93,47;1,84E-4;288,39;0,00
10,334;0,301;1,005;9,35E-5;93,46;2,22E-4;288,39;0,00
10,335;0,301;1,005;9,35E-5;93,46;2,18E-4;288,36;0,00
10,336;0,300;1,005;9,34E-5;93,44;2,86E-4;288,30;0,00
10,337;0,300;1,004;9,34E-5;93,42;3,97E-4;288,24;0,00
10,338;0,300;1,005;9,34E-5;93,44;3,11E-4;288,35;0,00
10,339;0,301;1,005;9,35E-5;93,45;2,48E-4;288,37;0,00
10,340;0,301;1,006;9,35E-5;93,46;1,95E-4;288,44;0,00
10,341;0,300;1,004;9,34E-5;93,44;3,31E-4;288,30;0,00
10,342;0,299;1,003;9,34E-5;93,39;5,57E-4;288,13;0,00
10,343;0,300;1,005;9,34E-5;93,44;2,88E-4;288,33;0,00
10,344;0,301;1,005;9,35E-5;93,46;2,29E-4;288,37;0,00
10,345;0,299;1,003;9,34E-5;93,40;4,88E-4;288,17;0,00
10,346;0,300;1,004;9,34E-5;93,44;2,93E-4;288,30;0,00
10,347;0,301;1,005;9,35E-5;93,45;2,44E-4;288,36;0,00
10,348;0,302;1,006;9,35E-5;93,48;1,11E-4;288,45;0,00
10,349;0,301;1,005;9,35E-5;93,46;1,93E-4;288,39;0,00
10,350;0,302;1,006;9,35E-5;93,48;1,20E-4;288,43;0,00
10,351;0,301;1,005;9,35E-5;93,46;2,09E-4;288,37;0,00
10,352;0,302;1,006;9,35E-5;93,48;1,15E-4;288,45;0,00
10,353;0,301;1,005;9,35E-5;93,46;2,28E-4;288,38;0,00
10,354;0,300;1,004;9,34E-5;93,43;3,46E-4;288,29;0,00
10,355;0,301;1,005;9,34E-5;93,45;2,62E-4;288,35;0,00
10,356;0,300;1,004;9,34E-5;93,43;3,62E-4;288,28;0,00
10,357;0,300;1,005;9,34E-5;93,44;2,99E-4;288,33;0,00
10,358;0,299;1,004;9,34E-5;93,41;4,50E-4;288,22;0,00
10,359;0,300;1,004;9,34E-5;93,42;4,22E-4;288,22;0,00
10,360;0,301;1,005;9,35E-5;93,47;1,66E-4;288,40;0,00
10,361;0,301;1,005;9,35E-5;93,46;2,20E-4;288,36;0,00
10,362;0,300;1,005;9,34E-5;93,44;2,99E-4;288,30;0,00
10,363;0,301;1,005;9,35E-5;93,45;2,59E-4;288,36;0,00
10,364;0,302;1,006;9,35E-5;93,48;1,02E-4;288,42;0,00
10,365;0,300;1,004;9,34E-5;93,42;3,88E-4;288,25;0,00
10,366;0,301;1,005;9,34E-5;93,45;2,64E-4;288,32;0,00
10,367;0,300;1,004;9,34E-5;93,42;4,01E-4;288,23;0,00
10,368;0,300;1,004;9,34E-5;93,44;3,13E-4;288,30;0,00
10,369;0,300;1,004;9,34E-5;93,43;3,68E-4;288,28;0,00
10,370;0,300;1,004;9,34E-5;93,43;3,53E-4;288,22;0,00
10,371;0,301;1,005;9,35E-5;93,47;1,67E-4;288,41;0,00
10,372;0,301;1,005;9,35E-5;93,45;2,60E-4;288,31;0,00
10,373;0,300;1,005;9,34E-5;93,44;2,88E-4;288,32;0,00
10,374;0,301;1,005;9,35E-5;93,46;2,35E-4;288,35;0,00
10,375;0,300;1,004;9,34E-5;93,42;3,84E-4;288,26;0,00
10,376;0,300;1,004;9,34E-5;93,43;3,60E-4;288,22;0,00
10,377;0,301;1,005;9,35E-5;93,46;2,22E-4;288,36;0,00
10,378;0,301;1,005;9,35E-5;93,46;1,97E-4;288,38;0,00
10,379;0,301;1,005;9,35E-5;93,46;2,20E-4;288,38;0,00
10,380;0,301;1,005;9,35E-5;93,46;2,29E-4;288,34;0,00
10,381;0,300;1,004;9,34E-5;93,42;3,82E-4;288,22;0,00
10,382;0,302;1,006;9,35E-5;93,48;1,18E-4;288,45;0,00
10,383;0,301;1,005;9,34E-5;93,45;2,77E-4;288,33;0,00
10,384;0,301;1,006;9,35E-5;93,47;1,58E-4;288,43;0,00
10,385;0,301;1,005;9,35E-5;93,46;1,95E-4;288,36;0,00
10,386;0,300;1,004;9,34E-5;93,43;3,42E-4;288,28;0,00
10,387;0,301;1,005;9,35E-5;93,46;2,22E-4;288,36;0,00
10,388;0,300;1,004;9,34E-5;93,43;3,57E-4;288,23;0,00
10,389;0,300;1,004;9,34E-5;93,43;3,39E-4;288,28;0,00
10,390;0,301;1,005;9,35E-5;93,45;2,40E-4;288,35;0,00
10,391;0,300;1,004;9,34E-5;93,43;3,66E-4;288,25;0,00
10,392;0,301;1,006;9,35E-5;93,47;1,46E-4;288,44;0,00
10,393;0,301;1,006;9,35E-5;93,46;2,00E-4;288,43;0,00
10,394;0,302;1,006;9,35E-5;93,48;1,22E-4;288,46;0,00
10,395;0,300;1,004;9,34E-5;93,43;3,33E-4;288,26;0,00
10,396;0,301;1,005;9,35E-5;93,46;2,02E-4;288,37;0,00
10,397;0,300;1,004;9,34E-5;93,44;3,11E-4;288,29;0,00
10,398;0,300;1,004;9,34E-5;93,44;3,19E-4;288,28;0,00
10,399;0,301;1,005;9,34E-5;93,45;2,75E-4;288,32;0,00
10,400;0,301;1,005;9,35E-5;93,45;2,42E-4;288,36;0,00
10,401;0,301;1,005;9,35E-5;93,48;1,44E-4;288,40;0,00
10,402;0,301;1,005;9,35E-5;93,46;2,35E-4;288,37;0,00
10,403;0,302;1,006;9,35E-5;93,48;1,29E-4;288,45;0,00
10,404;0,301;1,005;9,35E-5;93,45;2,48E-4;288,33;0,00
10,405;0,300;1,004;9,34E-5;93,42;4,10E-4;288,23;0,00
10,406;0,301;1,006;9,35E-5;93,48;1,40E-4;288,45;0,00
10,407;0,302;1,006;9,35E-5;93,49;6,73E-5;288,46;0,00
10,408;0,298;1,002;9,34E-5;93,38;5,99E-4;288,02;0,00
10,409;0,300;1,004;9,34E-5;93,44;3,19E-4;288,27;0,00
10,410;0,301;1,006;9,35E-5;93,47;1,46E-4;288,42;0,00
10,411;0,300;1,004;9,34E-5;93,44;3,00E-4;288,26;0,00
10,412;0,300;1,004;9,34E-5;93,44;3,04E-4;288,30;0,00
10,413;0,301;1,005;9,35E-5;93,47;1,57E-4;288,41;0,00
10,414;0,301;1,005;9,35E-5;93,46;2,31E-4;288,37;0,00
10,415;0,300;1,004;9,34E-5;93,44;3,30E-4;288,25;0,00
10,416;0,300;1,004;9,34E-5;93,43;3,68E-4;288,22;0,00
10,417;0,299;1,003;9,34E-5;93,40;5,06E-4;288,11;0,00
10,418;0,300;1,004;9,34E-5;93,43;3,77E-4;288,24;0,00
10,419;0,300;1,004;9,34E-5;93,43;3,66E-4;288,26;0,00
10,420;0,300;1,005;9,34E-5;93,44;2,86E-4;288,31;0,00
10,421;0,300;1,004;9,34E-5;93,44;3,20E-4;288,27;0,00
10,422;0,300;1,004;9,34E-5;93,43;3,62E-4;288,27;0,00
10,423;0,300;1,005;9,34E-5;93,44;2,95E-4;288,33;0,00
10,424;0,300;1,004;9,34E-5;93,44;2,86E-4;288,29;0,00
10,425;0,300;1,004;9,34E-5;93,42;3,97E-4;288,22;0,00
10,426;0,301;1,005;9,35E-5;93,46;2,29E-4;288,37;0,00
10,427;0,302;1,006;9,35E-5;93,49;7,10E-5;288,47;0,00
10,428;0,301;1,005;9,35E-5;93,46;2,17E-4;288,39;0,00
10,429;0,301;1,004;9,34E-5;93,45;2,77E-4;288,30;0,00
10,430;0,300;1,004;9,34E-5;93,43;3,48E-4;288,28;0,00
10,431;0,300;1,004;9,34E-5;93,44;3,04E-4;288,28;0,00
10,432;0,300;1,004;9,34E-5;93,42;3,97E-4;288,23;0,00
10,433;0,301;1,006;9,35E-5;93,47;1,71E-4;288,42;0,00
10,434;0,301;1,005;9,35E-5;93,46;2,37E-4;288,33;0,00
10,435;0,300;1,004;9,34E-5;93,43;3,59E-4;288,22;0,00
10,436;0,299;1,003;9,34E-5;93,41;4,64E-4;288,18;0,00
10,437;0,300;1,004;9,34E-5;93,44;2,97E-4;288,29;0,00
10,438;0,300;1,004;9,34E-5;93,43;3,39E-4;288,28;0,00
10,439;0,300;1,004;9,34E-5;93,43;3,42E-4;288,23;0,00
10,440;0,300;1,004;9,34E-5;93,42;4,08E-4;288,22;0,00
10,441;0,299;1,004;9,34E-5;93,41;4,30E-4;288,19;0,00
10,442;0,300;1,004;9,34E-5;93,43;3,42E-4;288,25;0,00
10,443;0,299;1,004;9,34E-5;93,40;4,79E-4;288,19;0,00
10,444;0,299;1,003;9,34E-5;93,40;5,01E-4;288,14;0,00
10,445;0,300;1,004;9,34E-5;93,43;3,51E-4;288,26;0,00
10,446;0,300;1,004;9,34E-5;93,42;3,88E-4;288,23;0,00
10,447;0,300;1,004;9,34E-5;93,44;3,11E-4;288,28;0,00
10,448;0,300;1,004;9,34E-5;93,43;3,48E-4;288,27;0,00
10,449;0,302;1,006;9,35E-5;93,48;1,20E-4;288,45;0,00
10,450;0,301;1,005;9,35E-5;93,47;1,89E-4;288,37;0,00
10,451;0,301;1,005;9,35E-5;93,46;2,20E-4;288,35;0,00
10,452;0,301;1,005;9,35E-5;93,46;2,11E-4;288,39;0,00
10,453;0,301;1,005;9,35E-5;93,45;2,40E-4;288,34;0,00
10,454;0,300;1,005;9,34E-5;93,44;2,89E-4;288,31;0,00
10,455;0,300;1,004;9,34E-5;93,44;3,24E-4;288,30;0,00
10,456;0,300;1,004;9,34E-5;93,43;3,42E-4;288,29;0,00
10,457;0,301;1,004;9,34E-5;93,45;2,62E-4;288,29;0,00
10,458;0,301;1,005;9,35E-5;93,47;1,69E-4;288,40;0,00
10,459;0,300;1,004;9,34E-5;93,43;3,73E-4;288,26;0,00
10,460;0,300;1,004;9,34E-5;93,43;3,70E-4;288,23;0,00
10,461;0,300;1,004;9,34E-5;93,44;3,26E-4;288,29;0,00
10,462;0,302;1,006;9,35E-5;93,49;9,83E-5;288,48;0,00
10,463;0,302;1,006;9,35E-5;93,50;4,55E-5;288,48;0,00
10,464;0,301;1,005;9,35E-5;93,47;1,46E-4;288,37;0,00
10,465;0,301;1,005;9,35E-5;93,47;1,84E-4;288,39;0,00
10,466;0,301;1,004;9,34E-5;93,45;2,73E-4;288,29;0,00
10,467;0,302;1,006;9,35E-5;93,48;1,24E-4;288,44;0,00
10,468;0,301;1,005;9,35E-5;93,46;2,17E-4;288,36;0,00
10,469;0,301;1,005;9,35E-5;93,46;2,28E-4;288,31;0,00
10,470;0,301;1,005;9,35E-5;93,45;2,53E-4;288,35;0,00
10,471;0,302;1,005;9,35E-5;93,48;1,16E-4;288,40;0,00
10,472;0,301;1,005;9,35E-5;93,46;2,18E-4;288,32;0,00
10,473;0,301;1,005;9,35E-5;93,45;2,59E-4;288,33;0,00
10,474;0,301;1,005;9,35E-5;93,46;2,09E-4;288,34;0,00
10,475;0,301;1,005;9,34E-5;93,45;2,64E-4;288,31;0,00
10,476;0,300;1,004;9,34E-5;93,43;3,70E-4;288,24;0,00
10,477;0,300;1,004;9,34E-5;93,42;4,08E-4;288,21;0,00
10,478;0,300;1,004;9,34E-5;93,42;4,10E-4;288,20;0,00
10,479;0,300;1,005;9,34E-5;93,45;2,82E-4;288,32;0,00
10,480;0,301;1,005;9,35E-5;93,47;1,67E-4;288,40;0,00
10,481;0,301;1,005;9,35E-5;93,46;2,13E-4;288,34;0,00
10,482;0,301;1,005;9,35E-5;93,47;1,49E-4;288,41;0,00
10,483;0,301;1,006;9,35E-5;93,48;1,33E-4;288,44;0,00
10,484;0,302;1,006;9,35E-5;93,49;7,10E-5;288,46;0,00
10,485;0,302;1,005;9,35E-5;93,48;1,09E-4;288,41;0,00
10,486;0,301;1,005;9,35E-5;93,46;2,11E-4;288,33;0,00
10,487;0,301;1,005;9,35E-5;93,47;1,46E-4;288,40;0,00
10,488;0,301;1,005;9,35E-5;93,47;1,89E-4;288,35;0,00
10,489;0,301;1,005;9,35E-5;93,47;1,77E-4;288,39;0,00
10,490;0,301;1,005;9,35E-5;93,46;2,35E-4;288,32;0,00
10,491;0,302;1,005;9,35E-5;93,48;1,22E-4;288,40;0,00
10,492;0,301;1,005;9,35E-5;93,47;1,80E-4;288,40;0,00
10,493;0,301;1,005;9,35E-5;93,45;2,38E-4;288,33;0,00
10,494;0,300;1,005;9,34E-5;93,44;2,93E-4;288,32;0,00
10,495;0,301;1,006;9,35E-5;93,47;1,55E-4;288,43;0,00
10,496;0,300;1,004;9,34E-5;93,42;3,79E-4;288,25;0,00
10,497;0,300;1,004;9,34E-5;93,44;3,17E-4;288,26;0,00
10,498;0,300;1,004;9,34E-5;93,44;3,13E-4;288,28;0,00
10,499;0,301;1,004;9,34E-5;93,45;2,73E-4;288,30;0,00
10,500;0,301;1,005;9,35E-5;93,45;2,53E-4;288,35;0,00
10,501;0,301;1,005;9,35E-5;93,47;1,71E-4;288,34;0,00
10,502;0,302;1,006;9,35E-5;93,48;1,06E-4;288,43;0,00
10,503;0,301;1,005;9,35E-5;93,46;2,17E-4;288,33;0,00
10,504;0,300;1,004;9,34E-5;93,42;3,95E-4;288,23;0,00
10,505;0,301;1,005;9,35E-5;93,46;2,31E-4;288,36;0,00
10,506;0,301;1,005;9,35E-5;93,46;2,02E-4;288,31;0,00
10,507;0,300;1,005;9,34E-5;93,45;2,84E-4;288,33;0,00
10,508;0,301;1,005;9,35E-5;93,45;2,38E-4;288,33;0,00
10,509;0,301;1,005;9,35E-5;93,47;1,91E-4;288,36;0,00
10,510;0,302;1,006;9,35E-5;93,50;1,82E-5;288,51;0,00
10,511;0,301;1,005;9,35E-5;93,47;1,75E-4;288,36;0,00
10,512;0,301;1,005;9,35E-5;93,45;2,53E-4;288,31;0,00
10,513;0,300;1,004;9,34E-5;93,44;3,19E-4;288,28;0,00
10,514;0,301;1,005;9,35E-5;93,47;1,91E-4;288,37;0,00
10,515;0,302;1,006;9,35E-5;93,49;6,73E-5;288,46;0,00
10,516;0,301;1,005;9,35E-5;93,45;2,42E-4;288,32;0,00
10,517;0,301;1,005;9,35E-5;93,45;2,38E-4;288,34;0,00
10,518;0,301;1,006;9,35E-5;93,47;1,46E-4;288,42;0,00
10,519;0,303;1,007;9,35E-5;93,52;-5,64E-5;288,54;0,00
10,520;0,301;1,005;9,35E-5;93,47;1,69E-4;288,40;0,00
10,521;0,300;1,004;9,34E-5;93,44;3,31E-4;288,28;0,00
10,522;0,301;1,005;9,34E-5;93,45;2,62E-4;288,35;0,00
10,523;0,300;1,004;9,34E-5;93,43;3,35E-4;288,30;0,00
10,524;0,300;1,005;9,34E-5;93,44;3,15E-4;288,31;0,00
10,525;0,300;1,004;9,34E-5;93,42;4,21E-4;288,19;0,00
10,526;0,301;1,005;9,35E-5;93,46;1,93E-4;288,34;0,00
10,527;0,301;1,005;9,35E-5;93,46;2,24E-4;288,33;0,00
10,528;0,301;1,005;9,35E-5;93,45;2,44E-4;288,33;0,00
10,529;0,300;1,004;9,34E-5;93,43;3,77E-4;288,23;0,00
10,530;0,300;1,004;9,34E-5;93,45;2,82E-4;288,23;0,00
10,531;0,301;1,005;9,35E-5;93,45;2,55E-4;288,34;0,00
10,532;0,301;1,005;9,34E-5;93,45;2,75E-4;288,32;0,00
10,533;0,300;1,004;9,34E-5;93,42;3,82E-4;288,25;0,00
10,534;0,301;1,005;9,35E-5;93,47;1,57E-4;288,39;0,00
10,535;0,301;1,005;9,35E-5;93,47;1,69E-4;288,32;0,00
10,536;0,302;1,006;9,35E-5;93,50;4,91E-5;288,45;0,00
10,537;0,301;1,005;9,35E-5;93,47;1,87E-4;288,37;0,00
10,538;0,302;1,005;9,35E-5;93,48;1,18E-4;288,39;0,00
10,539;0,301;1,005;9,35E-5;93,46;2,20E-4;288,33;0,00
10,540;0,300;1,004;9,34E-5;93,43;3,51E-4;288,23;0,00
10,541;0,300;1,004;9,34E-5;93,43;3,60E-4;288,22;0,00
10,542;0,300;1,004;9,34E-5;93,44;2,95E-4;288,28;0,00
10,543;0,301;1,004;9,34E-5;93,45;2,71E-4;288,28;0,00
10,544;0,302;1,006;9,35E-5;93,49;5,28E-5;288,50;0,00
10,545;0,302;1,005;9,35E-5;93,49;9,10E-5;288,42;0,00
10,546;0,300;1,004;9,34E-5;93,44;3,13E-4;288,29;0,00
10,547;0,301;1,005;9,35E-5;93,46;2,33E-4;288,32;0,00
10,548;0,300;1,004;9,34E-5;93,42;4,21E-4;288,19;0,00
10,549;0,300;1,004;9,34E-5;93,45;2,84E-4;288,28;0,00
10,550;0,300;1,004;9,34E-5;93,43;3,50E-4;288,21;0,00
10,551;0,301;1,005;9,35E-5;93,46;2,15E-4;288,32;0,00
10,552;0,301;1,005;9,35E-5;93,46;2,09E-4;288,33;0,00
10,553;0,301;1,005;9,35E-5;93,47;1,58E-4;288,40;0,00
10,554;0,301;1,005;9,35E-5;93,47;1,89E-4;288,34;0,00
10,555;0,300;1,004;9,34E-5;93,44;2,93E-4;288,22;0,00
10,556;0,301;1,004;9,34E-5;93,45;2,75E-4;288,30;0,00
10,557;0,302;1,006;9,35E-5;93,49;8,92E-5;288,44;0,00
10,558;0,301;1,005;9,35E-5;93,47;1,62E-4;288,31;0,00
10,559;0,300;1,004;9,34E-5;93,44;3,00E-4;288,30;0,00
10,560;0,299;1,003;9,34E-5;93,41;4,33E-4;288,16;0,00
10,561;0,300;1,004;9,34E-5;93,45;2,84E-4;288,29;0,00
10,562;0,300;1,005;9,34E-5;93,45;2,82E-4;288,33;0,00
10,563;0,301;1,005;9,35E-5;93,45;2,40E-4;288,32;0,00
10,564;0,301;1,004;9,35E-5;93,46;2,17E-4;288,30;0,00
10,565;0,301;1,005;9,35E-5;93,47;1,51E-4;288,41;0,00
10,566;0,301;1,005;9,35E-5;93,47;1,69E-4;288,33;0,00
10,567;0,302;1,005;9,35E-5;93,48;1,22E-4;288,37;0,00
10,568;0,299;1,003;9,34E-5;93,41;4,37E-4;288,13;0,00
10,569;0,300;1,004;9,34E-5;93,44;3,06E-4;288,29;0,00
10,570;0,300;1,004;9,34E-5;93,43;3,37E-4;288,23;0,00
10,571;0,301;1,004;9,35E-5;93,45;2,57E-4;288,26;0,00
10,572;0,300;1,004;9,34E-5;93,43;3,57E-4;288,19;0,00
10,573;0,300;1,004;9,34E-5;93,44;3,04E-4;288,27;0,00
10,574;0,300;1,003;9,34E-5;93,42;4,01E-4;288,15;0,00
10,575;0,301;1,004;9,35E-5;93,45;2,57E-4;288,29;0,00
10,576;0,301;1,005;9,35E-5;93,46;2,04E-4;288,36;0,00
10,577;0,301;1,005;9,35E-5;93,47;1,82E-4;288,37;0,00
10,578;0,300;1,004;9,34E-5;93,44;3,08E-4;288,25;0,00
10,579;0,301;1,004;9,35E-5;93,46;2,20E-4;288,30;0,00
10,580;0,301;1,005;9,35E-5;93,46;2,13E-4;288,34;0,00
10,581;0,301;1,005;9,35E-5;93,46;2,15E-4;288,32;0,00
10,582;0,301;1,005;9,35E-5;93,47;1,91E-4;288,32;0,00
10,583;0,301;1,005;9,35E-5;93,46;2,11E-4;288,32;0,00
10,584;0,300;1,004;9,34E-5;93,43;3,48E-4;288,23;0,00
10,585;0,301;1,005;9,35E-5;93,46;2,06E-4;288,33;0,00
10,586;0,302;1,005;9,35E-5;93,48;1,15E-4;288,39;0,00
10,587;0,301;1,005;9,35E-5;93,47;1,49E-4;288,38;0,00
10,588;0,301;1,005;9,35E-5;93,46;2,26E-4;288,31;0,00
10,589;0,300;1,004;9,34E-5;93,42;3,84E-4;288,19;0,00
10,590;0,300;1,004;9,34E-5;93,43;3,60E-4;288,25;0,00
10,591;0,300;1,004;9,34E-5;93,45;2,80E-4;288,27;0,00
10,592;0,301;1,005;9,34E-5;93,45;2,66E-4;288,34;0,00
10,593;0,301;1,005;9,35E-5;93,48;1,37E-4;288,37;0,00
10,594;0,301;1,004;9,35E-5;93,45;2,46E-4;288,27;0,00
10,595;0,300;1,004;9,34E-5;93,44;3,30E-4;288,19;0,00
10,596;0,300;1,004;9,34E-5;93,43;3,50E-4;288,21;0,00
10,597;0,299;1,003;9,34E-5;93,40;4,95E-4;288,11;0,00
10,598;0,300;1,004;9,34E-5;93,44;2,97E-4;288,29;0,00
10,599;0,300;1,004;9,34E-5;93,44;2,93E-4;288,26;0,00
10,600;0,301;1,005;9,35E-5;93,45;2,49E-4;288,31;0,00
10,601;0,301;1,005;9,35E-5;93,46;1,93E-4;288,35;0,00
10,602;0,300;1,004;9,34E-5;93,44;3,19E-4;288,28;0,00
10,603;0,301;1,004;9,35E-5;93,46;2,33E-4;288,30;0,00
10,604;0,302;1,006;9,35E-5;93,49;6,55E-5;288,46;0,00
10,605;0,301;1,004;9,34E-5;93,45;2,79E-4;288,28;0,00
10,606;0,301;1,004;9,35E-5;93,46;2,22E-4;288,30;0,00
10,607;0,301;1,005;9,35E-5;93,46;2,11E-4;288,33;0,00
10,608;0,302;1,005;9,35E-5;93,48;1,07E-4;288,39;0,00
10,609;0,301;1,005;9,35E-5;93,48;1,37E-4;288,37;0,00
10,610;0,302;1,005;9,35E-5;93,48;1,22E-4;288,40;0,00
10,611;0,302;1,006;9,35E-5;93,49;5,82E-5;288,44;0,00
10,612;0,301;1,005;9,35E-5;93,48;1,33E-4;288,37;0,00
10,613;0,300;1,004;9,34E-5;93,44;2,99E-4;288,26;0,00
10,614;0,300;1,004;9,34E-5;93,44;3,24E-4;288,25;0,00
10,615;0,301;1,005;9,35E-5;93,47;1,53E-4;288,35;0,00
10,616;0,301;1,005;9,35E-5;93,46;1,95E-4;288,34;0,00
10,617;0,302;1,005;9,35E-5;93,49;8,74E-5;288,39;0,00
10,618;0,301;1,004;9,35E-5;93,45;2,53E-4;288,30;0,00
10,619;0,301;1,005;9,35E-5;93,45;2,38E-4;288,34;0,00
10,620;0,301;1,005;9,35E-5;93,48;1,40E-4;288,39;0,00
10,621;0,301;1,005;9,35E-5;93,48;1,38E-4;288,38;0,00
10,622;0,300;1,004;9,34E-5;93,43;3,57E-4;288,19;0,00
10,623;0,300;1,004;9,34E-5;93,44;3,17E-4;288,26;0,00
10,624;0,300;1,004;9,34E-5;93,44;3,28E-4;288,26;0,00
10,625;0,300;1,004;9,34E-5;93,44;2,97E-4;288,28;0,00
10,626;0,300;1,004;9,34E-5;93,44;2,88E-4;288,25;0,00
10,627;0,300;1,004;9,34E-5;93,43;3,75E-4;288,20;0,00
10,628;0,299;1,002;9,34E-5;93,38;5,77E-4;288,05;0,00
10,629;0,300;1,004;9,34E-5;93,43;3,50E-4;288,21;0,00
10,630;0,301;1,005;9,35E-5;93,46;2,13E-4;288,31;0,00
10,631;0,300;1,003;9,34E-5;93,43;3,77E-4;288,17;0,00
10,632;0,300;1,004;9,34E-5;93,43;3,71E-4;288,19;0,00
10,633;0,300;1,004;9,34E-5;93,43;3,73E-4;288,20;0,00
10,634;0,300;1,003;9,34E-5;93,42;3,81E-4;288,16;0,00
10,635;0,300;1,004;9,34E-5;93,43;3,68E-4;288,23;0,00
10,636;0,300;1,004;9,34E-5;93,43;3,46E-4;288,21;0,00
10,637;0,300;1,004;9,34E-5;93,44;3,19E-4;288,25;0,00
10,638;0,301;1,005;9,35E-5;93,45;2,59E-4;288,32;0,00
10,639;0,301;1,005;9,35E-5;93,46;1,95E-4;288,36;0,00
10,640;0,302;1,006;9,35E-5;93,50;9,10E-6;288,46;0,00
10,641;0,301;1,005;9,35E-5;93,47;1,91E-4;288,33;0,00
10,642;0,300;1,004;9,34E-5;93,44;3,26E-4;288,23;0,00
10,643;0,300;1,004;9,34E-5;93,43;3,40E-4;288,24;0,00
10,644;0,300;1,004;9,34E-5;93,42;3,91E-4;288,21;0,00
10,645;0,301;1,004;9,35E-5;93,45;2,48E-4;288,28;0,00
10,646;0,300;1,004;9,34E-5;93,43;3,42E-4;288,21;0,00
10,647;0,300;1,004;9,34E-5;93,44;3,22E-4;288,25;0,00
10,648;0,301;1,005;9,35E-5;93,45;2,38E-4;288,33;0,00
10,649;0,301;1,004;9,34E-5;93,45;2,64E-4;288,28;0,00
10,650;0,300;1,004;9,34E-5;93,43;3,60E-4;288,22;0,00
10,651;0,300;1,003;9,34E-5;93,42;3,95E-4;288,18;0,00
10,652;0,299;1,003;9,34E-5;93,41;4,30E-4;288,16;0,00
10,653;0,300;1,004;9,34E-5;93,44;2,95E-4;288,23;0,00
10,654;0,301;1,005;9,35E-5;93,46;2,26E-4;288,34;0,00
10,655;0,300;1,004;9,34E-5;93,44;3,13E-4;288,25;0,00
10,656;0,300;1,004;9,34E-5;93,44;2,88E-4;288,26;0,00
10,657;0,301;1,005;9,35E-5;93,46;2,22E-4;288,30;0,00
10,658;0,301;1,005;9,35E-5;93,46;1,98E-4;288,33;0,00
10,659;0,302;1,005;9,35E-5;93,49;9,65E-5;288,38;0,00
10,660;0,301;1,005;9,35E-5;93,46;2,28E-4;288,33;0,00
10,661;0,301;1,004;9,35E-5;93,45;2,59E-4;288,26;0,00
10,662;0,301;1,004;9,35E-5;93,45;2,51E-4;288,28;0,00
10,663;0,301;1,004;9,35E-5;93,46;2,35E-4;288,29;0,00
10,664;0,301;1,005;9,35E-5;93,47;1,78E-4;288,36;0,00
10,665;0,301;1,004;9,35E-5;93,46;2,18E-4;288,30;0,00
10,666;0,301;1,004;9,35E-5;93,46;2,31E-4;288,27;0,00
10,667;0,300;1,004;9,34E-5;93,44;2,93E-4;288,28;0,00
10,668;0,300;1,004;9,34E-5;93,44;3,04E-4;288,21;0,00
10,669;0,301;1,004;9,34E-5;93,45;2,79E-4;288,30;0,00
10,670;0,299;1,003;9,34E-5;93,40;5,17E-4;288,10;0,00
10,671;0,300;1,004;9,34E-5;93,44;3,17E-4;288,22;0,00
10,672;0,300;1,004;9,34E-5;93,44;3,17E-4;288,22;0,00
10,673;0,301;1,005;9,35E-5;93,46;2,33E-4;288,32;0,00
10,674;0,301;1,004;9,35E-5;93,46;2,15E-4;288,30;0,00
10,675;0,300;1,004;9,34E-5;93,44;3,30E-4;288,25;0,00
10,676;0,301;1,004;9,34E-5;93,45;2,68E-4;288,29;0,00
10,677;0,301;1,005;9,35E-5;93,47;1,49E-4;288,34;0,00
10,678;0,302;1,005;9,35E-5;93,48;1,16E-4;288,40;0,00
10,679;0,301;1,005;9,34E-5;93,45;2,71E-4;288,31;0,00
10,680;0,300;1,004;9,34E-5;93,44;2,86E-4;288,26;0,00
10,681;0,301;1,005;9,34E-5;93,45;2,64E-4;288,32;0,00
10,682;0,301;1,005;9,35E-5;93,47;1,58E-4;288,37;0,00
10,683;0,302;1,005;9,35E-5;93,48;1,26E-4;288,42;0,00
10,684;0,300;1,004;9,34E-5;93,44;2,97E-4;288,27;0,00
10,685;0,301;1,005;9,35E-5;93,46;2,08E-4;288,31;0,00
10,686;0,300;1,003;9,34E-5;93,42;4,24E-4;288,12;0,00
10,687;0,300;1,004;9,34E-5;93,42;3,81E-4;288,21;0,00
10,688;0,300;1,004;9,34E-5;93,44;3,20E-4;288,23;0,00
10,689;0,299;1,003;9,34E-5;93,41;4,46E-4;288,15;0,00
10,690;0,300;1,004;9,34E-5;93,44;3,08E-4;288,26;0,00
10,691;0,302;1,005;9,35E-5;93,48;1,29E-4;288,36;0,00
10,692;0,301;1,005;9,35E-5;93,47;1,47E-4;288,34;0,00
10,693;0,300;1,004;9,34E-5;93,43;3,71E-4;288,23;0,00
10,694;0,301;1,005;9,35E-5;93,47;1,78E-4;288,31;0,00
10,695;0,300;1,004;9,34E-5;93,44;2,89E-4;288,26;0,00
10,696;0,301;1,005;9,35E-5;93,46;2,09E-4;288,34;0,00
10,697;0,301;1,004;9,35E-5;93,46;2,22E-4;288,30;0,00
10,698;0,301;1,005;9,35E-5;93,46;2,37E-4;288,32;0,00
10,699;0,301;1,005;9,35E-5;93,47;1,46E-4;288,38;0,00
10,700;0,301;1,005;9,35E-5;93,46;2,04E-4;288,36;0,00
10,701;0,301;1,005;9,35E-5;93,47;1,75E-4;288,32;0,00
10,702;0,301;1,004;9,34E-5;93,45;2,69E-4;288,27;0,00
10,703;0,301;1,005;9,35E-5;93,46;2,11E-4;288,38;0,00
10,704;0,300;1,004;9,34E-5;93,45;2,80E-4;288,27;0,00
10,705;0,301;1,005;9,35E-5;93,46;2,33E-4;288,32;0,00
10,706;0,301;1,005;9,35E-5;93,45;2,46E-4;288,30;0,00
10,707;0,301;1,005;9,35E-5;93,46;2,17E-4;288,31;0,00
10,708;0,301;1,005;9,35E-5;93,48;1,38E-4;288,37;0,00
10,709;0,301;1,004;9,35E-5;93,46;2,37E-4;288,29;0,00
10,710;0,300;1,004;9,34E-5;93,44;2,93E-4;288,24;0,00
10,711;0,300;1,004;9,34E-5;93,44;2,89E-4;288,19;0,00
10,712;0,300;1,003;9,34E-5;93,43;3,71E-4;288,17;0,00
10,713;0,301;1,005;9,35E-5;93,47;1,57E-4;288,33;0,00
10,714;0,302;1,006;9,35E-5;93,50;1,46E-5;288,47;0,00
10,715;0,301;1,004;9,35E-5;93,45;2,38E-4;288,28;0,00
10,716;0,300;1,004;9,34E-5;93,44;3,13E-4;288,26;0,00
10,717;0,301;1,005;9,35E-5;93,47;1,91E-4;288,36;0,00
10,718;0,300;1,004;9,34E-5;93,44;2,95E-4;288,25;0,00
10,719;0,300;1,004;9,34E-5;93,44;3,13E-4;288,25;0,00
10,720;0,300;1,004;9,34E-5;93,43;3,39E-4;288,23;0,00
10,721;0,300;1,004;9,34E-5;93,44;3,08E-4;288,26;0,00
10,722;0,300;1,004;9,34E-5;93,45;2,84E-4;288,29;0,00
10,723;0,300;1,004;9,34E-5;93,44;3,15E-4;288,21;0,00
10,724;0,301;1,004;9,34E-5;93,45;2,68E-4;288,26;0,00
10,725;0,301;1,004;9,34E-5;93,45;2,66E-4;288,28;0,00
10,726;0,300;1,003;9,34E-5;93,43;3,70E-4;288,17;0,00
10,727;0,301;1,004;9,35E-5;93,47;1,86E-4;288,29;0,00
10,728;0,302;1,005;9,35E-5;93,49;7,10E-5;288,42;0,00
10,729;0,302;1,006;9,35E-5;93,50;1,82E-5;288,45;0,00
10,730;0,302;1,006;9,35E-5;93,49;5,46E-5;288,44;0,00
10,731;0,301;1,005;9,35E-5;93,46;2,06E-4;288,33;0,00
10,732;0,302;1,005;9,35E-5;93,48;1,18E-4;288,36;0,00
10,733;0,301;1,004;9,34E-5;93,45;2,62E-4;288,27;0,00
10,734;0,300;1,004;9,34E-5;93,43;3,77E-4;288,20;0,00
10,735;0,301;1,004;9,35E-5;93,46;2,28E-4;288,25;0,00
10,736;0,300;1,003;9,34E-5;93,42;4,22E-4;288,15;0,00
10,737;0,301;1,004;9,35E-5;93,46;2,33E-4;288,27;0,00
10,738;0,302;1,006;9,35E-5;93,51;3,64E-6;288,48;0,00
10,739;0,301;1,005;9,35E-5;93,45;2,48E-4;288,32;0,00
10,740;0,301;1,004;9,35E-5;93,45;2,38E-4;288,28;0,00
10,741;0,301;1,004;9,35E-5;93,45;2,53E-4;288,28;0,00
10,742;0,301;1,005;9,35E-5;93,46;2,20E-4;288,33;0,00
10,743;0,301;1,005;9,35E-5;93,46;1,98E-4;288,32;0,00
10,744;0,301;1,005;9,35E-5;93,48;1,42E-4;288,38;0,00
10,745;0,301;1,005;9,35E-5;93,46;2,33E-4;288,32;0,00
10,746;0,301;1,005;9,35E-5;93,48;1,37E-4;288,37;0,00
10,747;0,300;1,004;9,34E-5;93,44;3,10E-4;288,25;0,00
10,748;0,301;1,004;9,34E-5;93,45;2,68E-4;288,30;0,00
10,749;0,301;1,004;9,34E-5;93,45;2,64E-4;288,28;0,00
10,750;0,300;1,004;9,34E-5;93,43;3,71E-4;288,20;0,00
10,751;0,300;1,003;9,34E-5;93,43;3,50E-4;288,17;0,00
10,752;0,300;1,004;9,34E-5;93,42;3,99E-4;288,19;0,00
10,753;0,301;1,004;9,34E-5;93,45;2,73E-4;288,25;0,00
10,754;0,301;1,004;9,34E-5;93,45;2,73E-4;288,24;0,00
10,755;0,300;1,004;9,34E-5;93,43;3,68E-4;288,20;0,00
10,756;0,300;1,003;9,34E-5;93,43;3,77E-4;288,16;0,00
10,757;0,300;1,004;9,34E-5;93,42;4,15E-4;288,19;0,00
10,758;0,300;1,003;9,34E-5;93,42;4,22E-4;288,15;0,00
10,759;0,300;1,004;9,34E-5;93,45;2,80E-4;288,29;0,00
10,760;0,300;1,004;9,34E-5;93,44;2,99E-4;288,26;0,00
10,761;0,301;1,005;9,35E-5;93,47;1,60E-4;288,35;0,00
10,762;0,302;1,005;9,35E-5;93,50;2,91E-5;288,41;0,00
10,763;0,301;1,005;9,35E-5;93,47;1,64E-4;288,37;0,00
10,764;0,302;1,005;9,35E-5;93,48;1,20E-4;288,38;0,00
10,765;0,302;1,005;9,35E-5;93,48;1,09E-4;288,40;0,00
10,766;0,301;1,004;9,35E-5;93,45;2,60E-4;288,27;0,00
10,767;0,302;1,005;9,35E-5;93,48;1,20E-4;288,39;0,00
10,768;0,301;1,005;9,35E-5;93,47;1,80E-4;288,31;0,00
10,769;0,300;1,004;9,34E-5;93,44;2,95E-4;288,25;0,00
10,770;0,302;1,005;9,35E-5;93,48;1,26E-4;288,36;0,00
10,771;0,301;1,005;9,35E-5;93,45;2,53E-4;288,31;0,00
10,772;0,301;1,004;9,35E-5;93,45;2,46E-4;288,29;0,00
10,773;0,301;1,005;9,35E-5;93,48;1,31E-4;288,34;0,00
10,774;0,301;1,005;9,35E-5;93,47;1,75E-4;288,31;0,00
10,775;0,300;1,004;9,34E-5;93,44;2,91E-4;288,27;0,00
10,776;0,300;1,004;9,34E-5;93,44;3,15E-4;288,23;0,00
10,777;0,299;1,003;9,34E-5;93,41;4,35E-4;288,16;0,00
10,778;0,300;1,004;9,34E-5;93,43;3,44E-4;288,19;0,00
10,779;0,301;1,005;9,35E-5;93,47;1,46E-4;288,31;0,00
10,780;0,302;1,005;9,35E-5;93,48;1,09E-4;288,38;0,00
10,781;0,301;1,004;9,35E-5;93,46;1,93E-4;288,30;0,00
10,782;0,301;1,005;9,35E-5;93,47;1,73E-4;288,41;0,00
10,783;0,301;1,005;9,35E-5;93,47;1,60E-4;288,34;0,00
10,784;0,301;1,005;9,35E-5;93,46;2,28E-4;288,31;0,00
10,785;0,301;1,004;9,34E-5;93,45;2,77E-4;288,27;0,00
10,786;0,300;1,004;9,34E-5;93,44;3,10E-4;288,25;0,00
10,787;0,301;1,004;9,35E-5;93,45;2,57E-4;288,30;0,00
10,788;0,301;1,004;9,35E-5;93,46;2,17E-4;288,26;0,00
10,789;0,301;1,004;9,35E-5;93,46;2,11E-4;288,30;0,00
10,790;0,300;1,004;9,34E-5;93,43;3,50E-4;288,21;0,00
10,791;0,302;1,005;9,35E-5;93,49;8,37E-5;288,40;0,00
10,792;0,302;1,005;9,35E-5;93,49;7,46E-5;288,39;0,00
10,793;0,302;1,005;9,35E-5;93,49;9,28E-5;288,39;0,00
10,794;0,301;1,004;9,35E-5;93,45;2,51E-4;288,28;0,00
10,795;0,300;1,003;9,34E-5;93,44;3,17E-4;288,18;0,00
10,796;0,300;1,004;9,34E-5;93,45;2,80E-4;288,26;0,00
10,797;0,301;1,004;9,35E-5;93,46;2,26E-4;288,26;0,00
10,798;0,301;1,004;9,34E-5;93,45;2,66E-4;288,28;0,00
10,799;0,300;1,004;9,34E-5;93,44;3,04E-4;288,24;0,00
10,800;0,300;1,004;9,34E-5;93,44;2,88E-4;288,21;0,00
10,801;0,301;1,004;9,34E-5;93,45;2,62E-4;288,25;0,00
10,802;0,301;1,004;9,34E-5;93,45;2,62E-4;288,30;0,00
10,803;0,300;1,004;9,34E-5;93,44;3,04E-4;288,23;0,00
10,804;0,301;1,004;9,35E-5;93,46;1,98E-4;288,30;0,00
10,805;0,301;1,004;9,35E-5;93,46;2,35E-4;288,26;0,00
10,806;0,301;1,004;9,35E-5;93,46;2,17E-4;288,25;0,00
10,807;0,301;1,004;9,34E-5;93,45;2,66E-4;288,24;0,00
10,808;0,300;1,004;9,34E-5;93,44;3,10E-4;288,24;0,00
10,809;0,301;1,005;9,35E-5;93,47;1,55E-4;288,37;0,00
10,810;0,300;1,004;9,34E-5;93,44;3,22E-4;288,20;0,00
10,811;0,301;1,005;9,35E-5;93,46;2,37E-4;288,31;0,00
10,812;0,301;1,005;9,35E-5;93,46;1,95E-4;288,34;0,00
10,813;0,300;1,004;9,34E-5;93,43;3,39E-4;288,19;0,00
10,814;0,301;1,004;9,35E-5;93,45;2,55E-4;288,29;0,00
10,815;0,301;1,005;9,35E-5;93,47;1,66E-4;288,35;0,00
10,816;0,300;1,004;9,34E-5;93,43;3,60E-4;288,20;0,00
10,817;0,300;1,004;9,34E-5;93,44;3,30E-4;288,23;0,00
10,818;0,300;1,003;9,34E-5;93,43;3,66E-4;288,15;0,00
10,819;0,299;1,003;9,34E-5;93,41;4,55E-4;288,09;0,00
10,820;0,301;1,005;9,35E-5;93,48;1,35E-4;288,35;0,00
10,821;0,301;1,005;9,35E-5;93,47;1,77E-4;288,31;0,00
10,822;0,301;1,005;9,35E-5;93,47;1,82E-4;288,33;0,00
10,823;0,301;1,004;9,35E-5;93,45;2,55E-4;288,26;0,00
10,824;0,300;1,003;9,34E-5;93,43;3,75E-4;288,17;0,00
10,825;0,300;1,003;9,34E-5;93,43;3,48E-4;288,17;0,00
10,826;0,300;1,003;9,34E-5;93,42;3,82E-4;288,15;0,00
10,827;0,301;1,004;9,35E-5;93,45;2,55E-4;288,24;0,00
10,828;0,300;1,004;9,34E-5;93,45;2,82E-4;288,25;0,00
10,829;0,301;1,004;9,35E-5;93,46;2,26E-4;288,30;0,00
10,830;0,301;1,005;9,35E-5;93,47;1,47E-4;288,35;0,00
10,831;0,302;1,005;9,35E-5;93,48;1,26E-4;288,33;0,00
10,832;0,301;1,005;9,35E-5;93,46;2,04E-4;288,31;0,00
10,833;0,300;1,004;9,34E-5;93,42;3,81E-4;288,20;0,00
10,834;0,300;1,003;9,34E-5;93,43;3,71E-4;288,16;0,00
10,835;0,300;1,004;9,34E-5;93,44;2,93E-4;288,25;0,00
10,836;0,300;1,004;9,34E-5;93,43;3,46E-4;288,20;0,00
10,837;0,300;1,004;9,34E-5;93,45;2,82E-4;288,26;0,00
10,838;0,300;1,004;9,34E-5;93,43;3,62E-4;288,20;0,00
10,839;0,300;1,004;9,34E-5;93,44;3,19E-4;288,23;0,00
10,840;0,301;1,004;9,35E-5;93,46;2,26E-4;288,29;0,00
10,841;0,301;1,005;9,35E-5;93,45;2,59E-4;288,31;0,00
10,842;0,302;1,005;9,35E-5;93,48;1,29E-4;288,37;0,00
10,843;0,301;1,005;9,35E-5;93,47;1,66E-4;288,36;0,00
10,844;0,300;1,004;9,34E-5;93,44;3,06E-4;288,21;0,00
10,845;0,300;1,003;9,34E-5;93,42;4,17E-4;288,14;0,00
10,846;0,299;1,003;9,34E-5;93,41;4,50E-4;288,07;0,00
10,847;0,301;1,004;9,35E-5;93,46;2,31E-4;288,29;0,00
10,848;0,300;1,004;9,34E-5;93,44;2,86E-4;288,25;0,00
10,849;0,301;1,005;9,35E-5;93,47;1,82E-4;288,31;0,00
10,850;0,301;1,004;9,34E-5;93,45;2,77E-4;288,29;0,00
10,851;0,302;1,005;9,35E-5;93,48;1,20E-4;288,36;0,00
10,852;0,301;1,004;9,35E-5;93,45;2,53E-4;288,27;0,00
10,853;0,300;1,004;9,34E-5;93,44;3,02E-4;288,25;0,00
10,854;0,301;1,004;9,35E-5;93,45;2,44E-4;288,30;0,00
10,855;0,301;1,004;9,34E-5;93,45;2,69E-4;288,26;0,00
10,856;0,301;1,004;9,35E-5;93,47;1,89E-4;288,28;0,00
10,857;0,301;1,005;9,35E-5;93,46;2,04E-4;288,32;0,00
10,858;0,301;1,004;9,35E-5;93,46;2,22E-4;288,28;0,00
10,859;0,302;1,005;9,35E-5;93,48;1,09E-4;288,36;0,00
10,860;0,302;1,005;9,35E-5;93,49;6,73E-5;288,35;0,00
10,861;0,302;1,005;9,35E-5;93,48;1,11E-4;288,32;0,00
10,862;0,299;1,003;9,34E-5;93,41;4,42E-4;288,14;0,00
10,863;0,301;1,004;9,34E-5;93,45;2,66E-4;288,22;0,00
10,864;0,300;1,004;9,34E-5;93,44;3,13E-4;288,19;0,00
10,865;0,300;1,004;9,34E-5;93,44;3,20E-4;288,21;0,00
10,866;0,299;1,003;9,34E-5;93,41;4,44E-4;288,09;0,00
10,867;0,301;1,004;9,35E-5;93,46;2,22E-4;288,29;0,00
10,868;0,302;1,005;9,35E-5;93,48;1,20E-4;288,35;0,00
10,869;0,301;1,004;9,35E-5;93,47;1,55E-4;288,28;0,00
10,870;0,302;1,006;9,35E-5;93,49;6,37E-5;288,43;0,00
10,871;0,301;1,004;9,35E-5;93,46;2,33E-4;288,25;0,00
10,872;0,302;1,005;9,35E-5;93,48;1,29E-4;288,36;0,00
10,873;0,300;1,004;9,34E-5;93,44;2,88E-4;288,20;0,00
10,874;0,302;1,005;9,35E-5;93,48;1,15E-4;288,35;0,00
10,875;0,301;1,005;9,35E-5;93,47;1,64E-4;288,33;0,00
10,876;0,301;1,005;9,35E-5;93,47;1,60E-4;288,30;0,00
10,877;0,299;1,003;9,34E-5;93,41;4,37E-4;288,10;0,00
10,878;0,300;1,004;9,34E-5;93,44;3,11E-4;288,20;0,00
10,879;0,300;1,003;9,34E-5;93,42;3,99E-4;288,17;0,00
10,880;0,300;1,004;9,34E-5;93,44;3,08E-4;288,19;0,00
10,881;0,300;1,004;9,34E-5;93,44;3,22E-4;288,20;0,00
10,882;0,300;1,003;9,34E-5;93,42;4,24E-4;288,11;0,00
10,883;0,300;1,003;9,34E-5;93,43;3,62E-4;288,17;0,00
10,884;0,301;1,004;9,34E-5;93,45;2,62E-4;288,25;0,00
10,885;0,301;1,004;9,34E-5;93,45;2,69E-4;288,23;0,00
10,886;0,301;1,004;9,35E-5;93,45;2,51E-4;288,25;0,00
10,887;0,301;1,004;9,35E-5;93,46;2,13E-4;288,25;0,00
10,888;0,300;1,004;9,34E-5;93,44;3,17E-4;288,20;0,00
10,889;0,300;1,003;9,34E-5;93,43;3,40E-4;288,16;0,00
10,890;0,299;1,003;9,34E-5;93,40;4,75E-4;288,07;0,00
10,891;0,300;1,003;9,34E-5;93,42;3,88E-4;288,14;0,00
10,892;0,300;1,003;9,34E-5;93,43;3,71E-4;288,16;0,00
10,893;0,300;1,003;9,34E-5;93,43;3,62E-4;288,14;0,00
10,894;0,300;1,004;9,34E-5;93,43;3,64E-4;288,19;0,00
10,895;0,300;1,003;9,34E-5;93,42;3,82E-4;288,17;0,00
10,896;0,302;1,005;9,35E-5;93,49;9,10E-5;288,35;0,00
10,897;0,302;1,005;9,35E-5;93,48;1,11E-4;288,37;0,00
10,898;0,299;1,003;9,34E-5;93,40;5,08E-4;288,08;0,00
10,899;0,300;1,004;9,34E-5;93,43;3,39E-4;288,20;0,00
10,900;0,300;1,004;9,34E-5;93,44;2,88E-4;288,21;0,00
10,901;0,300;1,003;9,34E-5;93,42;4,02E-4;288,14;0,00
10,902;0,300;1,004;9,34E-5;93,44;3,06E-4;288,20;0,00
10,903;0,301;1,004;9,35E-5;93,46;2,31E-4;288,28;0,00
10,904;0,302;1,005;9,35E-5;93,48;1,29E-4;288,37;0,00
10,905;0,301;1,004;9,35E-5;93,45;2,51E-4;288,24;0,00
10,906;0,302;1,005;9,35E-5;93,50;4,91E-5;288,40;0,00
10,907;0,300;1,004;9,34E-5;93,44;3,10E-4;288,21;0,00
10,908;0,300;1,004;9,34E-5;93,43;3,42E-4;288,20;0,00
10,909;0,301;1,004;9,35E-5;93,46;2,11E-4;288,28;0,00
10,910;0,300;1,003;9,34E-5;93,43;3,75E-4;288,18;0,00
10,911;0,299;1,003;9,34E-5;93,41;4,59E-4;288,12;0,00
10,912;0,301;1,005;9,35E-5;93,46;2,09E-4;288,31;0,00
10,913;0,301;1,004;9,35E-5;93,46;2,35E-4;288,27;0,00
10,914;0,301;1,004;9,35E-5;93,45;2,60E-4;288,28;0,00
10,915;0,302;1,005;9,35E-5;93,48;1,27E-4;288,37;0,00
10,916;0,300;1,004;9,34E-5;93,44;3,24E-4;288,21;0,00
10,917;0,301;1,004;9,34E-5;93,45;2,73E-4;288,25;0,00
10,918;0,301;1,004;9,35E-5;93,45;2,57E-4;288,24;0,00
10,919;0,301;1,004;9,35E-5;93,46;2,17E-4;288,30;0,00
10,920;0,301;1,005;9,35E-5;93,47;1,82E-4;288,34;0,00
10,921;0,301;1,004;9,35E-5;93,45;2,55E-4;288,29;0,00
10,922;0,301;1,005;9,35E-5;93,48;1,44E-4;288,31;0,00
10,923;0,299;1,003;9,34E-5;93,41;4,64E-4;288,10;0,00
10,924;0,299;1,002;9,34E-5;93,39;5,54E-4;288,05;0,00
10,925;0,299;1,003;9,34E-5;93,41;4,55E-4;288,13;0,00
10,926;0,300;1,004;9,34E-5;93,44;3,17E-4;288,23;0,00
10,927;0,301;1,005;9,35E-5;93,46;2,00E-4;288,32;0,00
10,928;0,301;1,004;9,34E-5;93,45;2,66E-4;288,26;0,00
10,929;0,300;1,004;9,34E-5;93,43;3,39E-4;288,19;0,00
10,930;0,301;1,004;9,35E-5;93,46;2,00E-4;288,29;0,00
10,931;0,301;1,005;9,35E-5;93,47;1,58E-4;288,33;0,00
10,932;0,301;1,004;9,35E-5;93,45;2,38E-4;288,25;0,00
10,933;0,299;1,003;9,34E-5;93,41;4,68E-4;288,08;0,00
10,934;0,300;1,003;9,34E-5;93,42;3,93E-4;288,15;0,00
10,935;0,299;1,003;9,34E-5;93,39;5,35E-4;288,08;0,00
10,936;0,300;1,003;9,34E-5;93,42;4,24E-4;288,09;0,00
10,937;0,301;1,005;9,35E-5;93,47;1,60E-4;288,33;0,00
10,938;0,301;1,004;9,35E-5;93,45;2,55E-4;288,23;0,00
10,939;0,299;1,002;9,34E-5;93,40;4,81E-4;288,03;0,00
10,940;0,300;1,003;9,34E-5;93,43;3,50E-4;288,18;0,00
10,941;0,300;1,003;9,34E-5;93,43;3,64E-4;288,16;0,00
10,942;0,301;1,005;9,35E-5;93,47;1,53E-4;288,34;0,00
10,943;0,301;1,005;9,35E-5;93,46;2,00E-4;288,31;0,00
10,944;0,301;1,004;9,35E-5;93,45;2,59E-4;288,25;0,00
10,945;0,301;1,004;9,35E-5;93,46;2,17E-4;288,24;0,00
10,946;0,301;1,005;9,35E-5;93,47;1,58E-4;288,31;0,00
10,947;0,301;1,004;9,35E-5;93,46;2,06E-4;288,28;0,00
10,948;0,300;1,003;9,34E-5;93,44;3,22E-4;288,18;0,00
10,949;0,300;1,003;9,34E-5;93,42;3,93E-4;288,15;0,00
10,950;0,300;1,004;9,34E-5;93,44;3,02E-4;288,19;0,00
10,951;0,301;1,004;9,35E-5;93,45;2,55E-4;288,24;0,00
10,952;0,301;1,004;9,35E-5;93,45;2,44E-4;288,28;0,00
10,953;0,301;1,004;9,35E-5;93,46;1,97E-4;288,26;0,00
10,954;0,302;1,005;9,35E-5;93,48;1,29E-4;288,35;0,00
10,955;0,301;1,005;9,35E-5;93,47;1,82E-4;288,33;0,00
10,956;0,301;1,004;9,35E-5;93,45;2,53E-4;288,27;0,00
10,957;0,301;1,004;9,35E-5;93,46;2,26E-4;288,26;0,00
10,958;0,302;1,005;9,35E-5;93,48;1,20E-4;288,37;0,00
10,959;0,301;1,005;9,35E-5;93,47;1,69E-4;288,33;0,00
10,960;0,301;1,005;9,35E-5;93,46;1,95E-4;288,32;0,00
10,961;0,301;1,005;9,35E-5;93,46;2,00E-4;288,31;0,00
10,962;0,301;1,004;9,35E-5;93,46;2,20E-4;288,27;0,00
10,963;0,300;1,004;9,34E-5;93,44;3,22E-4;288,21;0,00
10,964;0,300;1,003;9,34E-5;93,44;3,00E-4;288,18;0,00
10,965;0,301;1,004;9,35E-5;93,45;2,59E-4;288,24;0,00
10,966;0,301;1,004;9,35E-5;93,45;2,42E-4;288,28;0,00
10,967;0,300;1,003;9,34E-5;93,43;3,48E-4;288,17;0,00
10,968;0,300;1,003;9,34E-5;93,44;3,17E-4;288,18;0,00
10,969;0,300;1,003;9,34E-5;93,43;3,55E-4;288,17;0,00
10,970;0,301;1,004;9,35E-5;93,46;2,33E-4;288,26;0,00
10,971;0,300;1,003;9,34E-5;93,43;3,48E-4;288,16;0,00
10,972;0,299;1,002;9,34E-5;93,40;5,04E-4;288,04;0,00
10,973;0,299;1,003;9,34E-5;93,41;4,66E-4;288,11;0,00
10,974;0,300;1,003;9,34E-5;93,43;3,48E-4;288,17;0,00
10,975;0,301;1,005;9,35E-5;93,47;1,60E-4;288,31;0,00
10,976;0,301;1,004;9,35E-5;93,47;1,89E-4;288,28;0,00
10,977;0,300;1,003;9,34E-5;93,43;3,59E-4;288,13;0,00
10,978;0,301;1,004;9,35E-5;93,46;2,31E-4;288,22;0,00
10,979;0,301;1,004;9,35E-5;93,45;2,55E-4;288,25;0,00
10,980;0,302;1,005;9,35E-5;93,48;1,20E-4;288,32;0,00
10,981;0,300;1,003;9,34E-5;93,45;2,80E-4;288,18;0,00
10,982;0,301;1,004;9,34E-5;93,45;2,66E-4;288,25;0,00
10,983;0,301;1,004;9,35E-5;93,47;1,46E-4;288,28;0,00
10,984;0,301;1,004;9,35E-5;93,46;2,26E-4;288,22;0,00
10,985;0,300;1,003;9,34E-5;93,44;3,28E-4;288,18;0,00
10,986;0,301;1,004;9,35E-5;93,48;1,44E-4;288,30;0,00
10,987;0,300;1,003;9,34E-5;93,43;3,70E-4;288,15;0,00
10,988;0,300;1,003;9,34E-5;93,44;2,97E-4;288,17;0,00
10,989;0,300;1,004;9,34E-5;93,44;2,99E-4;288,19;0,00
10,990;0,301;1,005;9,35E-5;93,47;1,77E-4;288,30;0,00
10,991;0,301;1,004;9,35E-5;93,46;2,33E-4;288,26;0,00
10,992;0,301;1,004;9,34E-5;93,45;2,77E-4;288,23;0,00
10,993;0,300;1,004;9,34E-5;93,45;2,80E-4;288,19;0,00
10,994;0,300;1,003;9,34E-5;93,44;3,02E-4;288,18;0,00
10,995;0,300;1,004;9,34E-5;93,43;3,42E-4;288,19;0,00
10,996;0,301;1,004;9,35E-5;93,47;1,75E-4;288,27;0,00
10,997;0,300;1,004;9,34E-5;93,44;3,11E-4;288,19;0,00
10,998;0,301;1,004;9,35E-5;93,45;2,59E-4;288,24;0,00
10,999;0,300;1,004;9,34E-5;93,44;3,00E-4;288,20;0,00
11,000;0,301;1,004;9,35E-5;93,46;1,95E-4;288,26;0,00
11,001;0,301;1,004;9,35E-5;93,47;1,89E-4;288,28;0,00
11,002;0,302;1,006;9,35E-5;93,50;2,18E-5;288,45;0,00
11,003;0,302;1,005;9,35E-5;93,49;8,55E-5;288,34;0,00
11,004;0,303;1,006;9,35E-5;93,51;-2,00E-5;288,44;0,00
11,005;0,302;1,005;9,35E-5;93,50;2,91E-5;288,36;0,00
11,006;0,301;1,004;9,35E-5;93,45;2,49E-4;288,25;0,00
11,007;0,301;1,004;9,35E-5;93,46;2,29E-4;288,23;0,00
11,008;0,300;1,004;9,34E-5;93,44;2,88E-4;288,23;0,00
11,009;0,301;1,004;9,35E-5;93,46;1,95E-4;288,25;0,00
11,010;0,300;1,003;9,34E-5;93,42;4,10E-4;288,09;0,00
11,011;0,300;1,003;9,34E-5;93,43;3,75E-4;288,14;0,00
11,012;0,301;1,004;9,35E-5;93,47;1,91E-4;288,27;0,00
11,013;0,300;1,003;9,34E-5;93,44;3,02E-4;288,16;0,00
11,014;0,300;1,004;9,34E-5;93,44;3,19E-4;288,19;0,00
11,015;0,301;1,004;9,35E-5;93,46;2,18E-4;288,25;0,00
11,016;0,301;1,004;9,34E-5;93,45;2,77E-4;288,23;0,00
11,017;0,300;1,004;9,34E-5;93,44;2,95E-4;288,19;0,00
11,018;0,299;1,003;9,34E-5;93,41;4,33E-4;288,14;0,00
11,019;0,301;1,005;9,35E-5;93,47;1,47E-4;288,32;0,00
11,020;0,301;1,004;9,35E-5;93,46;2,31E-4;288,26;0,00
11,021;0,301;1,004;9,35E-5;93,47;1,75E-4;288,25;0,00
11,022;0,301;1,004;9,35E-5;93,47;1,87E-4;288,29;0,00
11,023;0,301;1,004;9,34E-5;93,45;2,66E-4;288,22;0,00
11,024;0,301;1,004;9,35E-5;93,47;1,86E-4;288,28;0,00
11,025;0,301;1,005;9,35E-5;93,48;1,38E-4;288,34;0,00
11,026;0,302;1,005;9,35E-5;93,49;7,83E-5;288,37;0,00
11,027;0,301;1,004;9,35E-5;93,45;2,38E-4;288,26;0,00
11,028;0,301;1,004;9,35E-5;93,45;2,49E-4;288,22;0,00
11,029;0,301;1,004;9,35E-5;93,46;2,09E-4;288,24;0,00
11,030;0,301;1,004;9,35E-5;93,46;2,13E-4;288,24;0,00
11,031;0,300;1,004;9,34E-5;93,44;3,31E-4;288,19;0,00
11,032;0,301;1,004;9,34E-5;93,45;2,75E-4;288,22;0,00
11,033;0,301;1,004;9,35E-5;93,46;2,08E-4;288,21;0,00
11,034;0,300;1,003;9,34E-5;93,42;4,10E-4;288,09;0,00
11,035;0,301;1,004;9,34E-5;93,45;2,75E-4;288,22;0,00
11,036;0,301;1,004;9,35E-5;93,45;2,44E-4;288,24;0,00
11,037;0,301;1,004;9,34E-5;93,45;2,71E-4;288,21;0,00
11,038;0,302;1,004;9,35E-5;93,48;1,07E-4;288,29;0,00
11,039;0,301;1,004;9,35E-5;93,45;2,48E-4;288,22;0,00
11,040;0,301;1,004;9,35E-5;93,46;2,15E-4;288,26;0,00
11,041;0,302;1,005;9,35E-5;93,49;8,19E-5;288,39;0,00
11,042;0,301;1,004;9,35E-5;93,47;1,53E-4;288,29;0,00
11,043;0,302;1,005;9,35E-5;93,48;1,07E-4;288,35;0,00
11,044;0,302;1,005;9,35E-5;93,49;7,28E-5;288,34;0,00
11,045;0,301;1,004;9,35E-5;93,45;2,48E-4;288,23;0,00
11,046;0,301;1,004;9,35E-5;93,47;1,84E-4;288,30;0,00
11,047;0,301;1,004;9,35E-5;93,45;2,49E-4;288,23;0,00
11,048;0,301;1,004;9,35E-5;93,47;1,73E-4;288,29;0,00
11,049;0,301;1,004;9,34E-5;93,45;2,73E-4;288,21;0,00
11,050;0,302;1,005;9,35E-5;93,48;1,29E-4;288,31;0,00
11,051;0,301;1,004;9,35E-5;93,46;2,15E-4;288,26;0,00
11,052;0,301;1,004;9,35E-5;93,48;1,40E-4;288,28;0,00
11,053;0,301;1,004;9,35E-5;93,46;2,04E-4;288,26;0,00
11,054;0,301;1,004;9,35E-5;93,47;1,62E-4;288,27;0,00
11,055;0,301;1,004;9,35E-5;93,46;1,98E-4;288,27;0,00
11,056;0,300;1,004;9,34E-5;93,44;2,93E-4;288,22;0,00
11,057;0,300;1,003;9,34E-5;93,44;3,22E-4;288,18;0,00
11,058;0,300;1,003;9,34E-5;93,43;3,73E-4;288,14;0,00
11,059;0,302;1,005;9,35E-5;93,49;7,10E-5;288,37;0,00
11,060;0,301;1,004;9,35E-5;93,46;2,37E-4;288,22;0,00
11,061;0,300;1,003;9,34E-5;93,44;3,04E-4;288,14;0,00
11,062;0,300;1,003;9,34E-5;93,43;3,40E-4;288,12;0,00
11,063;0,301;1,004;9,35E-5;93,45;2,53E-4;288,22;0,00
11,064;0,300;1,003;9,34E-5;93,44;3,28E-4;288,18;0,00
11,065;0,301;1,004;9,35E-5;93,47;1,80E-4;288,26;0,00
11,066;0,300;1,003;9,34E-5;93,43;3,44E-4;288,15;0,00
11,067;0,301;1,004;9,35E-5;93,46;2,31E-4;288,23;0,00
11,068;0,301;1,004;9,35E-5;93,47;1,89E-4;288,22;0,00
11,069;0,302;1,005;9,35E-5;93,49;8,92E-5;288,32;0,00
11,070;0,302;1,005;9,35E-5;93,48;1,18E-4;288,32;0,00
11,071;0,300;1,003;9,34E-5;93,43;3,66E-4;288,14;0,00
11,072;0,300;1,004;9,34E-5;93,44;2,91E-4;288,19;0,00
11,073;0,300;1,004;9,34E-5;93,45;2,80E-4;288,26;0,00
11,074;0,301;1,004;9,34E-5;93,45;2,75E-4;288,19;0,00
11,075;0,300;1,003;9,34E-5;93,43;3,75E-4;288,11;0,00
11,076;0,300;1,003;9,34E-5;93,42;4,17E-4;288,09;0,00
11,077;0,301;1,004;9,35E-5;93,45;2,40E-4;288,23;0,00
11,078;0,301;1,004;9,34E-5;93,45;2,68E-4;288,24;0,00
11,079;0,298;1,001;9,34E-5;93,37;6,17E-4;287,94;0,00
11,080;0,300;1,003;9,34E-5;93,43;3,40E-4;288,12;0,00
11,081;0,301;1,004;9,34E-5;93,45;2,66E-4;288,20;0,00
11,082;0,300;1,003;9,34E-5;93,43;3,55E-4;288,12;0,00
11,083;0,300;1,004;9,34E-5;93,45;2,80E-4;288,22;0,00
11,084;0,301;1,004;9,35E-5;93,46;2,00E-4;288,29;0,00
11,085;0,302;1,005;9,35E-5;93,50;1,82E-5;288,40;0,00
11,086;0,302;1,005;9,35E-5;93,50;1,82E-5;288,40;0,00
11,087;0,301;1,004;9,35E-5;93,46;2,15E-4;288,24;0,00
11,088;0,301;1,004;9,35E-5;93,45;2,48E-4;288,23;0,00
11,089;0,300;1,002;9,34E-5;93,42;4,10E-4;288,07;0,00
11,090;0,301;1,004;9,35E-5;93,45;2,38E-4;288,22;0,00
11,091;0,300;1,003;9,34E-5;93,42;3,90E-4;288,11;0,00
11,092;0,300;1,003;9,34E-5;93,42;4,24E-4;288,10;0,00
11,093;0,301;1,004;9,35E-5;93,46;2,31E-4;288,22;0,00
11,094;0,300;1,003;9,34E-5;93,42;4,17E-4;288,12;0,00
11,095;0,300;1,003;9,34E-5;93,44;2,91E-4;288,14;0,00
11,096;0,301;1,004;9,35E-5;93,47;1,69E-4;288,25;0,00
11,097;0,301;1,004;9,35E-5;93,46;2,29E-4;288,22;0,00
11,098;0,301;1,004;9,35E-5;93,47;1,67E-4;288,27;0,00
11,099;0,301;1,004;9,35E-5;93,47;1,82E-4;288,27;0,00
11,100;0,301;1,004;9,35E-5;93,47;1,51E-4;288,30;0,00
11,101;0,302;1,005;9,35E-5;93,50;4,55E-5;288,33;0,00
11,102;0,300;1,003;9,34E-5;93,44;3,22E-4;288,17;0,00
11,103;0,299;1,002;9,34E-5;93,41;4,52E-4;288,04;0,00
11,104;0,300;1,003;9,34E-5;93,42;3,86E-4;288,14;0,00
11,105;0,300;1,003;9,34E-5;93,43;3,64E-4;288,09;0,00
11,106;0,300;1,003;9,34E-5;93,43;3,75E-4;288,12;0,00
11,107;0,300;1,003;9,34E-5;93,43;3,39E-4;288,15;0,00
11,108;0,301;1,004;9,34E-5;93,45;2,66E-4;288,20;0,00
11,109;0,302;1,005;9,35E-5;93,49;9,83E-5;288,34;0,00
11,110;0,301;1,004;9,35E-5;93,46;2,24E-4;288,24;0,00
11,111;0,302;1,005;9,35E-5;93,49;7,83E-5;288,32;0,00
11,112;0,302;1,005;9,35E-5;93,49;8,55E-5;288,34;0,00
11,113;0,301;1,004;9,35E-5;93,46;1,93E-4;288,22;0,00
11,114;0,301;1,004;9,35E-5;93,48;1,42E-4;288,29;0,00
11,115;0,302;1,005;9,35E-5;93,48;1,27E-4;288,31;0,00
11,116;0,302;1,005;9,35E-5;93,48;1,04E-4;288,31;0,00
11,117;0,301;1,005;9,35E-5;93,47;1,55E-4;288,31;0,00
11,118;0,300;1,003;9,34E-5;93,42;3,95E-4;288,12;0,00
11,119;0,300;1,003;9,34E-5;93,44;3,02E-4;288,16;0,00
11,120;0,300;1,003;9,34E-5;93,43;3,59E-4;288,14;0,00
11,121;0,301;1,005;9,35E-5;93,47;1,87E-4;288,31;0,00
11,122;0,302;1,004;9,35E-5;93,48;1,29E-4;288,28;0,00
11,123;0,301;1,004;9,35E-5;93,46;1,98E-4;288,24;0,00
11,124;0,301;1,004;9,35E-5;93,46;1,98E-4;288,26;0,00
11,125;0,301;1,004;9,34E-5;93,45;2,64E-4;288,19;0,00
11,126;0,301;1,004;9,35E-5;93,46;2,04E-4;288,27;0,00
11,127;0,300;1,003;9,34E-5;93,42;3,93E-4;288,08;0,00
11,128;0,299;1,002;9,34E-5;93,41;4,42E-4;288,06;0,00
11,129;0,301;1,004;9,35E-5;93,46;2,33E-4;288,24;0,00
11,130;0,301;1,004;9,35E-5;93,46;2,20E-4;288,27;0,00
11,131;0,300;1,004;9,34E-5;93,44;2,95E-4;288,23;0,00
11,132;0,300;1,003;9,34E-5;93,44;3,24E-4;288,13;0,00
11,133;0,300;1,003;9,34E-5;93,44;2,88E-4;288,15;0,00
11,134;0,301;1,004;9,34E-5;93,45;2,79E-4;288,20;0,00
11,135;0,301;1,004;9,35E-5;93,46;2,08E-4;288,21;0,00
11,136;0,302;1,005;9,35E-5;93,49;6,55E-5;288,33;0,00
11,137;0,301;1,004;9,35E-5;93,45;2,60E-4;288,24;0,00
11,138;0,301;1,004;9,35E-5;93,46;2,02E-4;288,26;0,00
11,139;0,300;1,004;9,34E-5;93,44;2,95E-4;288,22;0,00
11,140;0,302;1,005;9,35E-5;93,50;4,00E-5;288,42;0,00
11,141;0,300;1,003;9,34E-5;93,44;2,91E-4;288,18;0,00
11,142;0,300;1,003;9,34E-5;93,44;3,19E-4;288,15;0,00
11,143;0,302;1,005;9,35E-5;93,49;9,65E-5;288,34;0,00
11,144;0,301;1,004;9,35E-5;93,47;1,47E-4;288,27;0,00
11,145;0,301;1,004;9,35E-5;93,46;2,28E-4;288,23;0,00
11,146;0,300;1,003;9,34E-5;93,44;3,00E-4;288,17;0,00
11,147;0,301;1,004;9,35E-5;93,46;2,00E-4;288,23;0,00
11,148;0,300;1,003;9,34E-5;93,44;3,28E-4;288,16;0,00
11,149;0,301;1,004;9,34E-5;93,45;2,75E-4;288,22;0,00
11,150;0,301;1,004;9,35E-5;93,46;2,06E-4;288,28;0,00
11,151;0,300;1,003;9,34E-5;93,44;3,10E-4;288,14;0,00
11,152;0,301;1,004;9,35E-5;93,47;1,55E-4;288,27;0,00
11,153;0,300;1,003;9,34E-5;93,41;4,26E-4;288,10;0,00
11,154;0,300;1,003;9,34E-5;93,43;3,51E-4;288,16;0,00
11,155;0,300;1,003;9,34E-5;93,44;2,89E-4;288,18;0,00
11,156;0,299;1,002;9,34E-5;93,39;5,23E-4;288,00;0,00
11,157;0,300;1,003;9,34E-5;93,42;4,01E-4;288,11;0,00
11,158;0,300;1,003;9,34E-5;93,42;4,08E-4;288,11;0,00
11,159;0,300;1,003;9,34E-5;93,42;3,88E-4;288,11;0,00
11,160;0,301;1,004;9,35E-5;93,46;2,08E-4;288,28;0,00
11,161;0,300;1,003;9,34E-5;93,43;3,39E-4;288,15;0,00
11,162;0,299;1,002;9,34E-5;93,40;4,92E-4;288,03;0,00
11,163;0,301;1,004;9,34E-5;93,45;2,73E-4;288,21;0,00
11,164;0,301;1,005;9,35E-5;93,48;1,38E-4;288,30;0,00
11,165;0,300;1,003;9,34E-5;93,44;3,04E-4;288,18;0,00
11,166;0,300;1,003;9,34E-5;93,42;4,24E-4;288,11;0,00
11,167;0,300;1,004;9,34E-5;93,44;3,30E-4;288,19;0,00
11,168;0,302;1,005;9,35E-5;93,49;6,19E-5;288,34;0,00
11,169;0,301;1,004;9,35E-5;93,46;2,35E-4;288,20;0,00
11,170;0,300;1,003;9,34E-5;93,44;3,04E-4;288,16;0,00
11,171;0,300;1,003;9,34E-5;93,43;3,64E-4;288,14;0,00
11,172;0,300;1,003;9,34E-5;93,43;3,42E-4;288,15;0,00
11,173;0,302;1,004;9,35E-5;93,48;1,26E-4;288,29;0,00
11,174;0,301;1,004;9,34E-5;93,45;2,69E-4;288,19;0,00
11,175;0,300;1,003;9,34E-5;93,43;3,44E-4;288,18;0,00
11,176;0,301;1,005;9,35E-5;93,48;1,35E-4;288,30;0,00
11,177;0,300;1,003;9,34E-5;93,42;4,01E-4;288,11;0,00
11,178;0,300;1,003;9,34E-5;93,43;3,71E-4;288,14;0,00
11,179;0,301;1,004;9,35E-5;93,45;2,44E-4;288,25;0,00
11,180;0,301;1,004;9,35E-5;93,46;2,22E-4;288,27;0,00
11,181;0,300;1,003;9,34E-5;93,42;4,04E-4;288,10;0,00
11,182;0,300;1,004;9,34E-5;93,44;2,86E-4;288,21;0,00
11,183;0,300;1,003;9,34E-5;93,44;3,02E-4;288,16;0,00
11,184;0,300;1,004;9,34E-5;93,44;2,88E-4;288,19;0,00
11,185;0,301;1,004;9,35E-5;93,45;2,53E-4;288,19;0,00
11,186;0,300;1,003;9,34E-5;93,44;3,22E-4;288,16;0,00
11,187;0,300;1,003;9,34E-5;93,42;4,13E-4;288,09;0,00
11,188;0,300;1,003;9,34E-5;93,43;3,42E-4;288,17;0,00
11,189;0,301;1,004;9,35E-5;93,47;1,78E-4;288,27;0,00
11,190;0,301;1,004;9,35E-5;93,46;2,11E-4;288,24;0,00
11,191;0,301;1,004;9,35E-5;93,46;2,31E-4;288,23;0,00
11,192;0,300;1,003;9,34E-5;93,43;3,68E-4;288,12;0,00
11,193;0,300;1,003;9,34E-5;93,44;3,02E-4;288,16;0,00
11,194;0,301;1,004;9,35E-5;93,47;1,71E-4;288,28;0,00
11,195;0,301;1,004;9,35E-5;93,47;1,71E-4;288,29;0,00
11,196;0,301;1,004;9,35E-5;93,47;1,77E-4;288,28;0,00
11,197;0,299;1,003;9,34E-5;93,41;4,50E-4;288,07;0,00
11,198;0,301;1,004;9,35E-5;93,46;2,06E-4;288,24;0,00
11,199;0,299;1,003;9,34E-5;93,41;4,46E-4;288,09;0,00
11,200;0,300;1,003;9,34E-5;93,43;3,55E-4;288,13;0,00
11,201;0,300;1,004;9,34E-5;93,44;2,93E-4;288,19;0,00
11,202;0,301;1,004;9,35E-5;93,47;1,51E-4;288,27;0,00
11,203;0,301;1,004;9,35E-5;93,46;2,28E-4;288,25;0,00
11,204;0,301;1,004;9,35E-5;93,47;1,89E-4;288,25;0,00
11,205;0,302;1,005;9,35E-5;93,48;1,06E-4;288,34;0,00
11,206;0,302;1,005;9,35E-5;93,49;9,28E-5;288,32;0,00
11,207;0,302;1,005;9,35E-5;93,50;1,27E-5;288,41;0,00
11,208;0,301;1,004;9,35E-5;93,47;1,66E-4;288,26;0,00
11,209;0,301;1,004;9,35E-5;93,46;1,95E-4;288,25;0,00
11,210;0,300;1,003;9,34E-5;93,44;3,19E-4;288,14;0,00
11,211;0,300;1,003;9,34E-5;93,43;3,57E-4;288,13;0,00
11,212;0,301;1,005;9,35E-5;93,48;1,35E-4;288,33;0,00
11,213;0,301;1,005;9,35E-5;93,48;1,31E-4;288,31;0,00
11,214;0,301;1,004;9,34E-5;93,45;2,64E-4;288,22;0,00
11,215;0,301;1,004;9,35E-5;93,47;1,58E-4;288,26;0,00
11,216;0,302;1,005;9,35E-5;93,50;1,09E-5;288,40;0,00
