"Time (s) Run #1";"Voltage, Ch A (V) Run #1";"Voltage, Ch B (V) Run #1";"V₀ (m³) Run #1";"V (cm³) Run #1";"XV (units) Run #1";"T (K) Run #1";"YT (units) Run #1"
0,000;4,371;0,995;2,24E-4;224,10;0,00;287,21;0,00
0,001;4,370;0,995;2,24E-4;224,09;8,35E-6;287,21;-4,31E-6
0,002;4,371;0,996;2,24E-4;224,10;-2,28E-6;287,26;7,97E-5
0,003;4,371;0,996;2,24E-4;224,10;-9,11E-6;287,28;1,06E-4
0,004;4,370;0,995;2,24E-4;224,07;3,95E-5;287,17;-5,60E-5
0,005;4,371;0,995;2,24E-4;224,09;3,04E-6;287,22;1,51E-5
0,006;4,371;0,995;2,24E-4;224,09;2,28E-6;287,23;3,23E-5
0,007;4,371;0,996;2,24E-4;224,11;-3,27E-5;287,32;1,68E-4
0,008;4,372;0,997;2,24E-4;224,13;-6,53E-5;287,37;2,50E-4
0,009;4,371;0,996;2,24E-4;224,11;-3,49E-5;287,29;1,25E-4
0,010;4,371;0,995;2,24E-4;224,10;-1,22E-5;287,25;6,25E-5
0,011;4,371;0,996;2,24E-4;224,09;7,59E-7;287,29;1,29E-4
0,012;4,371;0,995;2,24E-4;224,09;7,59E-7;287,22;2,15E-5
0,013;4,370;0,995;2,24E-4;224,08;2,96E-5;287,18;-4,52E-5
0,014;4,369;0,994;2,24E-4;224,05;8,05E-5;287,10;-1,62E-4
0,015;4,371;0,996;2,24E-4;224,10;-1,52E-6;287,26;8,19E-5
0,016;4,371;0,995;2,24E-4;224,10;-3,80E-6;287,24;5,17E-5
0,017;4,371;0,996;2,24E-4;224,12;-3,95E-5;287,29;1,29E-4
0,018;4,371;0,996;2,24E-4;224,11;-2,58E-5;287,29;1,29E-4
0,019;4,371;0,996;2,24E-4;224,10;-6,08E-6;287,26;7,97E-5
0,020;4,371;0,996;2,24E-4;224,10;-1,90E-5;287,26;7,76E-5
0,021;4,371;0,996;2,24E-4;224,12;-5,09E-5;287,33;1,90E-4
0,022;4,372;0,996;2,24E-4;224,13;-6,53E-5;287,34;2,02E-4
0,023;4,370;0,994;2,24E-4;224,07;5,54E-5;287,13;-1,21E-4
0,024;4,371;0,995;2,24E-4;224,10;-5,32E-6;287,21;-2,15E-6
0,025;4,370;0,995;2,24E-4;224,07;5,16E-5;287,16;-6,90E-5
0,026;4,369;0,994;2,24E-4;224,05;8,20E-5;287,10;-1,57E-4
0,027;4,372;0,996;2,24E-4;224,13;-6,68E-5;287,34;2,02E-4
0,028;4,370;0,995;2,24E-4;224,09;1,14E-5;287,21;4,31E-6
0,029;4,372;0,997;2,24E-4;224,14;-9,26E-5;287,42;3,14E-4
0,030;4,371;0,996;2,24E-4;224,11;-3,27E-5;287,32;1,74E-4
0,031;4,371;0,995;2,24E-4;224,10;-6,83E-6;287,24;5,39E-5
0,032;4,370;0,995;2,24E-4;224,08;2,81E-5;287,20;-1,51E-5
0,033;4,370;0,994;2,24E-4;224,07;4,02E-5;287,12;-1,36E-4
0,034;4,372;0,996;2,24E-4;224,13;-6,00E-5;287,36;2,28E-4
0,035;4,372;0,997;2,24E-4;224,14;-8,43E-5;287,40;2,95E-4
0,036;4,371;0,996;2,24E-4;224,11;-2,05E-5;287,28;1,14E-4
0,037;4,370;0,995;2,24E-4;224,09;1,52E-5;287,21;0,00
0,038;4,371;0,996;2,24E-4;224,11;-3,57E-5;287,28;1,10E-4
0,039;4,371;0,996;2,24E-4;224,12;-5,24E-5;287,33;1,81E-4
0,040;4,370;0,995;2,24E-4;224,07;4,56E-5;287,18;-3,88E-5
0,041;4,371;0,996;2,24E-4;224,11;-3,27E-5;287,26;8,40E-5
0,042;4,370;0,995;2,24E-4;224,08;2,81E-5;287,19;-3,02E-5
0,043;4,371;0,995;2,24E-4;224,11;-3,11E-5;287,23;4,09E-5
0,044;4,371;0,996;2,24E-4;224,11;-2,35E-5;287,29;1,23E-4
0,045;4,372;0,996;2,24E-4;224,13;-6,15E-5;287,36;2,24E-4
0,046;4,371;0,996;2,24E-4;224,12;-5,16E-5;287,31;1,62E-4
0,047;4,370;0,995;2,24E-4;224,08;3,04E-5;287,15;-8,62E-5
0,048;4,371;0,996;2,24E-4;224,11;-2,43E-5;287,32;1,66E-4
0,049;4,372;0,996;2,24E-4;224,13;-6,15E-5;287,35;2,22E-4
0,050;4,372;0,997;2,24E-4;224,13;-7,29E-5;287,39;2,80E-4
0,051;4,372;0,997;2,24E-4;224,15;-1,15E-4;287,44;3,49E-4
0,052;4,372;0,997;2,24E-4;224,13;-7,44E-5;287,38;2,58E-4
0,053;4,371;0,996;2,24E-4;224,10;0,00;287,25;7,11E-5
0,054;4,372;0,996;2,24E-4;224,13;-5,85E-5;287,34;2,05E-4
0,055;4,372;0,996;2,24E-4;224,13;-5,92E-5;287,34;2,02E-4
0,056;4,371;0,996;2,24E-4;224,11;-3,27E-5;287,31;1,49E-4
0,057;4,371;0,995;2,24E-4;224,10;-1,67E-5;287,24;5,39E-5
0,058;4,370;0,995;2,24E-4;224,07;4,56E-5;287,17;-5,60E-5
0,059;4,369;0,994;2,24E-4;224,04;1,12E-4;287,04;-2,54E-4
0,060;4,370;0,995;2,24E-4;224,07;5,47E-5;287,15;-8,62E-5
0,061;4,370;0,995;2,24E-4;224,09;1,06E-5;287,19;-2,37E-5
0,062;4,371;0,996;2,24E-4;224,11;-3,80E-5;287,30;1,44E-4
0,063;4,371;0,996;2,24E-4;224,11;-1,97E-5;287,29;1,31E-4
0,064;4,371;0,996;2,24E-4;224,11;-2,81E-5;287,29;1,29E-4
0,065;4,370;0,995;2,24E-4;224,09;1,29E-5;287,22;1,29E-5
0,066;4,371;0,996;2,24E-4;224,10;-2,28E-6;287,26;7,76E-5
0,067;4,371;0,996;2,24E-4;224,12;-5,01E-5;287,33;1,79E-4
0,068;4,371;0,997;2,24E-4;224,12;-5,16E-5;287,37;2,50E-4
0,069;4,372;0,997;2,24E-4;224,13;-7,52E-5;287,37;2,52E-4
0,070;4,372;0,997;2,24E-4;224,13;-6,61E-5;287,38;2,54E-4
0,071;4,371;0,996;2,24E-4;224,11;-2,28E-5;287,31;1,51E-4
0,072;4,372;0,997;2,24E-4;224,15;-1,06E-4;287,48;4,13E-4
0,073;4,372;0,997;2,24E-4;224,14;-8,05E-5;287,39;2,80E-4
0,074;4,372;0,996;2,24E-4;224,13;-7,44E-5;287,36;2,35E-4
0,075;4,371;0,995;2,24E-4;224,10;-1,14E-5;287,22;2,37E-5
0,076;4,371;0,996;2,24E-4;224,12;-4,86E-5;287,35;2,18E-4
0,077;4,371;0,996;2,24E-4;224,12;-4,63E-5;287,31;1,53E-4
0,078;4,371;0,995;2,24E-4;224,09;3,04E-6;287,22;1,29E-5
0,079;4,370;0,995;2,24E-4;224,08;2,13E-5;287,19;-2,37E-5
0,080;4,370;0,995;2,24E-4;224,08;3,65E-5;287,14;-1,08E-4
0,081;4,370;0,994;2,24E-4;224,07;5,39E-5;287,11;-1,42E-4
0,082;4,371;0,996;2,24E-4;224,12;-4,02E-5;287,32;1,74E-4
0,083;4,370;0,995;2,24E-4;224,08;3,87E-5;287,14;-1,06E-4
0,084;4,371;0,996;2,24E-4;224,10;-8,35E-6;287,26;7,33E-5
0,085;4,371;0,996;2,24E-4;224,11;-2,66E-5;287,26;8,19E-5
0,086;4,371;0,996;2,24E-4;224,10;-1,75E-5;287,26;7,54E-5
0,087;4,371;0,996;2,24E-4;224,12;-5,32E-5;287,36;2,28E-4
0,088;4,372;0,997;2,24E-4;224,14;-7,90E-5;287,39;2,80E-4
0,089;4,371;0,996;2,24E-4;224,11;-2,58E-5;287,25;6,89E-5
0,090;4,371;0,996;2,24E-4;224,10;-1,67E-5;287,25;6,89E-5
0,091;4,370;0,995;2,24E-4;224,07;4,56E-5;287,14;-1,06E-4
0,092;4,370;0,995;2,24E-4;224,08;3,04E-5;287,18;-4,74E-5
0,093;4,371;0,996;2,24E-4;224,12;-5,70E-5;287,32;1,74E-4
0,094;4,371;0,996;2,24E-4;224,10;-6,83E-6;287,26;7,97E-5
0,095;4,372;0,996;2,24E-4;224,13;-6,83E-5;287,35;2,15E-4
0,096;4,372;0,997;2,24E-4;224,16;-1,19E-4;287,45;3,60E-4
0,097;4,371;0,995;2,24E-4;224,10;-4,56E-6;287,22;2,37E-5
0,098;4,371;0,996;2,24E-4;224,11;-3,49E-5;287,29;1,27E-4
0,099;4,370;0,995;2,24E-4;224,09;9,11E-6;287,22;1,29E-5
0,100;4,370;0,995;2,24E-4;224,07;4,25E-5;287,15;-8,19E-5
0,101;4,371;0,996;2,24E-4;224,10;-1,67E-5;287,28;1,12E-4
0,102;4,371;0,996;2,24E-4;224,11;-1,97E-5;287,26;8,62E-5
0,103;4,371;0,995;2,24E-4;224,10;-1,14E-5;287,23;4,09E-5
0,104;4,373;0,997;2,24E-4;224,16;-1,33E-4;287,47;3,92E-4
0,105;4,370;0,995;2,24E-4;224,09;1,37E-5;287,18;-4,09E-5
0,106;4,370;0,995;2,24E-4;224,08;3,72E-5;287,16;-7,54E-5
0,107;4,370;0,994;2,24E-4;224,06;6,61E-5;287,09;-1,77E-4
0,108;4,369;0,994;2,24E-4;224,06;7,14E-5;287,08;-1,90E-4
0,109;4,370;0,995;2,24E-4;224,07;4,63E-5;287,16;-7,11E-5
0,110;4,370;0,995;2,24E-4;224,09;1,75E-5;287,19;-2,80E-5
0,111;4,371;0,995;2,24E-4;224,10;-2,28E-6;287,24;5,60E-5
0,112;4,372;0,996;2,24E-4;224,13;-6,45E-5;287,37;2,39E-4
0,113;4,370;0,994;2,24E-4;224,07;5,01E-5;287,13;-1,16E-4
0,114;4,369;0,994;2,24E-4;224,05;8,20E-5;287,07;-2,13E-4
0,115;4,370;0,995;2,24E-4;224,07;5,09E-5;287,15;-9,27E-5
0,116;4,369;0,994;2,24E-4;224,04;1,06E-4;287,04;-2,54E-4
0,117;4,372;0,996;2,24E-4;224,14;-8,12E-5;287,32;1,72E-4
0,118;4,371;0,996;2,24E-4;224,11;-2,51E-5;287,26;8,62E-5
0,119;4,370;0,995;2,24E-4;224,09;9,11E-6;287,22;1,51E-5
0,120;4,371;0,996;2,24E-4;224,12;-4,18E-5;287,34;2,00E-4
0,121;4,372;0,996;2,24E-4;224,13;-6,38E-5;287,36;2,24E-4
0,122;4,371;0,996;2,24E-4;224,11;-1,97E-5;287,26;7,54E-5
0,123;4,370;0,995;2,24E-4;224,09;1,52E-5;287,20;-8,62E-6
0,124;4,371;0,996;2,24E-4;224,11;-2,73E-5;287,28;1,06E-4
0,125;4,372;0,996;2,24E-4;224,13;-5,85E-5;287,36;2,37E-4
0,126;4,371;0,995;2,24E-4;224,10;0,00;287,23;3,23E-5
0,127;4,371;0,996;2,24E-4;224,11;-3,04E-5;287,28;1,08E-4
0,128;4,371;0,996;2,24E-4;224,12;-5,01E-5;287,33;1,79E-4
0,129;4,371;0,996;2,24E-4;224,10;-5,32E-6;287,26;7,97E-5
0,130;4,372;0,997;2,24E-4;224,15;-1,00E-4;287,44;3,51E-4
0,131;4,373;0,998;2,24E-4;224,17;-1,40E-4;287,50;4,37E-4
0,132;4,372;0,997;2,24E-4;224,14;-9,04E-5;287,42;3,14E-4
0,133;4,372;0,996;2,24E-4;224,13;-5,85E-5;287,35;2,11E-4
0,134;4,371;0,996;2,24E-4;224,11;-2,43E-5;287,29;1,23E-4
0,135;4,370;0,995;2,24E-4;224,09;1,90E-5;287,18;-3,66E-5
0,136;4,372;0,997;2,24E-4;224,14;-8,50E-5;287,44;3,53E-4
0,137;4,372;0,997;2,24E-4;224,13;-7,67E-5;287,43;3,40E-4
0,138;4,372;0,997;2,24E-4;224,15;-1,03E-4;287,46;3,81E-4
0,139;4,370;0,996;2,24E-4;224,09;7,59E-6;287,27;9,48E-5
0,140;4,370;0,994;2,24E-4;224,07;5,70E-5;287,12;-1,31E-4
0,141;4,370;0,994;2,24E-4;224,07;4,48E-5;287,12;-1,29E-4
0,142;4,371;0,995;2,24E-4;224,10;-3,04E-6;287,22;2,15E-5
0,143;4,370;0,995;2,24E-4;224,08;2,28E-5;287,16;-6,68E-5
0,144;4,370;0,995;2,24E-4;224,09;6,83E-6;287,24;4,31E-5
0,145;4,370;0,995;2,24E-4;224,07;4,10E-5;287,17;-5,82E-5
0,146;4,371;0,995;2,24E-4;224,10;-9,87E-6;287,24;4,52E-5
0,147;4,370;0,995;2,24E-4;224,09;1,44E-5;287,21;-2,15E-6
0,148;4,370;0,995;2,24E-4;224,09;1,82E-5;287,19;-2,37E-5
0,149;4,372;0,996;2,24E-4;224,13;-6,45E-5;287,36;2,30E-4
0,150;4,372;0,997;2,24E-4;224,14;-8,50E-5;287,39;2,82E-4
0,151;4,371;0,996;2,24E-4;224,12;-4,48E-5;287,29;1,23E-4
0,152;4,371;0,996;2,24E-4;224,12;-4,40E-5;287,27;1,01E-4
0,153;4,371;0,995;2,24E-4;224,10;-1,52E-5;287,24;5,60E-5
0,154;4,371;0,997;2,24E-4;224,12;-4,94E-5;287,38;2,67E-4
0,155;4,371;0,995;2,24E-4;224,10;-2,28E-6;287,21;4,31E-6
0,156;4,371;0,996;2,24E-4;224,10;-7,59E-6;287,28;1,03E-4
0,157;4,371;0,996;2,24E-4;224,11;-3,57E-5;287,31;1,51E-4
0,158;4,371;0,995;2,24E-4;224,10;-4,56E-6;287,24;5,17E-5
0,159;4,372;0,996;2,24E-4;224,14;-8,20E-5;287,37;2,39E-4
0,160;4,371;0,996;2,24E-4;224,11;-2,96E-5;287,31;1,57E-4
0,161;4,370;0,995;2,24E-4;224,09;1,22E-5;287,24;4,96E-5
0,162;4,370;0,995;2,24E-4;224,07;4,18E-5;287,16;-7,97E-5
0,163;4,370;0,994;2,24E-4;224,07;5,70E-5;287,11;-1,53E-4
0,164;4,370;0,995;2,24E-4;224,06;6,46E-5;287,14;-1,08E-4
0,165;4,370;0,995;2,24E-4;224,08;2,35E-5;287,20;-8,62E-6
0,166;4,371;0,996;2,24E-4;224,10;-2,28E-6;287,26;8,40E-5
0,167;4,371;0,996;2,24E-4;224,12;-4,63E-5;287,32;1,70E-4
0,168;4,372;0,996;2,24E-4;224,13;-5,85E-5;287,35;2,20E-4
0,169;4,371;0,995;2,24E-4;224,10;-5,32E-6;287,22;2,59E-5
0,170;4,371;0,996;2,24E-4;224,11;-3,34E-5;287,29;1,21E-4
0,171;4,371;0,995;2,24E-4;224,11;-2,51E-5;287,24;4,52E-5
0,172;4,370;0,995;2,24E-4;224,08;2,73E-5;287,22;2,59E-5
0,173;4,371;0,995;2,24E-4;224,09;1,52E-6;287,22;2,37E-5
0,174;4,371;0,996;2,24E-4;224,11;-2,81E-5;287,27;9,69E-5
0,175;4,370;0,995;2,24E-4;224,08;3,57E-5;287,17;-5,82E-5
0,176;4,370;0,995;2,24E-4;224,09;1,14E-5;287,21;-4,31E-6
0,177;4,370;0,995;2,24E-4;224,08;3,87E-5;287,17;-5,60E-5
0,178;4,370;0,994;2,24E-4;224,07;5,54E-5;287,11;-1,47E-4
0,179;4,370;0,995;2,24E-4;224,08;3,72E-5;287,21;-2,15E-6
0,180;4,371;0,995;2,24E-4;224,10;-4,56E-6;287,23;4,09E-5
0,181;4,372;0,997;2,24E-4;224,15;-1,01E-4;287,39;2,80E-4
0,182;4,372;0,997;2,24E-4;224,14;-8,58E-5;287,39;2,76E-4
0,183;4,371;0,996;2,24E-4;224,11;-2,43E-5;287,26;8,62E-5
0,184;4,371;0,996;2,24E-4;224,12;-3,87E-5;287,33;1,81E-4
0,185;4,372;0,997;2,24E-4;224,14;-7,75E-5;287,41;3,10E-4
0,186;4,371;0,996;2,24E-4;224,11;-2,35E-5;287,26;7,76E-5
0,187;4,369;0,994;2,24E-4;224,06;6,68E-5;287,13;-1,21E-4
0,188;4,370;0,995;2,24E-4;224,08;2,43E-5;287,18;-4,74E-5
0,189;4,369;0,994;2,24E-4;224,05;9,57E-5;287,06;-2,20E-4
0,190;4,369;0,994;2,24E-4;224,06;6,91E-5;287,11;-1,47E-4
0,191;4,370;0,995;2,24E-4;224,07;4,33E-5;287,17;-6,25E-5
0,192;4,371;0,996;2,24E-4;224,11;-2,28E-5;287,27;8,83E-5
0,193;4,370;0,995;2,24E-4;224,08;3,42E-5;287,18;-4,74E-5
0,194;4,371;0,996;2,24E-4;224,10;0,00;287,26;8,62E-5
0,195;4,371;0,996;2,24E-4;224,12;-4,71E-5;287,33;1,90E-4
0,196;4,372;0,996;2,24E-4;224,13;-7,59E-5;287,35;2,11E-4
0,197;4,370;0,995;2,24E-4;224,09;4,56E-6;287,20;-1,29E-5
0,198;4,370;0,995;2,24E-4;224,08;3,57E-5;287,17;-6,46E-5
0,199;4,370;0,995;2,24E-4;224,08;2,66E-5;287,18;-4,52E-5
0,200;4,370;0,995;2,24E-4;224,08;2,58E-5;287,19;-3,45E-5
0,201;4,372;0,996;2,24E-4;224,13;-6,53E-5;287,36;2,24E-4
0,202;4,372;0,996;2,24E-4;224,13;-6,45E-5;287,36;2,28E-4
0,203;4,371;0,996;2,24E-4;224,12;-4,48E-5;287,33;1,92E-4
0,204;4,371;0,996;2,24E-4;224,12;-4,86E-5;287,34;1,94E-4
0,205;4,371;0,996;2,24E-4;224,12;-4,94E-5;287,31;1,62E-4
0,206;4,371;0,995;2,24E-4;224,10;-6,08E-6;287,24;4,31E-5
0,207;4,370;0,995;2,24E-4;224,09;1,06E-5;287,20;-6,46E-6
0,208;4,370;0,995;2,24E-4;224,08;3,80E-5;287,15;-9,27E-5
0,209;4,372;0,997;2,24E-4;224,13;-7,59E-5;287,41;3,06E-4
0,210;4,371;0,997;2,24E-4;224,12;-5,54E-5;287,37;2,41E-4
0,211;4,371;0,995;2,24E-4;224,10;-5,32E-6;287,22;1,51E-5
0,212;4,371;0,996;2,24E-4;224,12;-3,95E-5;287,29;1,23E-4
0,213;4,371;0,995;2,24E-4;224,10;-3,04E-6;287,25;5,82E-5
0,214;4,372;0,996;2,24E-4;224,13;-6,07E-5;287,34;2,05E-4
0,215;4,370;0,994;2,24E-4;224,07;5,01E-5;287,11;-1,49E-4
0,216;4,371;0,996;2,24E-4;224,11;-2,20E-5;287,27;8,83E-5
0,217;4,370;0,995;2,24E-4;224,08;2,13E-5;287,20;-1,29E-5
0,218;4,371;0,996;2,24E-4;224,12;-4,18E-5;287,32;1,72E-4
0,219;4,371;0,996;2,24E-4;224,12;-4,71E-5;287,29;1,21E-4
0,220;4,371;0,996;2,24E-4;224,10;-3,04E-6;287,27;9,69E-5
0,221;4,370;0,995;2,24E-4;224,08;1,97E-5;287,17;-5,39E-5
0,222;4,369;0,994;2,24E-4;224,06;7,37E-5;287,12;-1,34E-4
0,223;4,370;0,995;2,24E-4;224,08;2,58E-5;287,17;-5,60E-5
0,224;4,370;0,994;2,24E-4;224,06;6,61E-5;287,12;-1,38E-4
0,225;4,370;0,995;2,24E-4;224,09;1,29E-5;287,21;4,31E-6
0,226;4,371;0,996;2,24E-4;224,11;-2,35E-5;287,26;8,40E-5
0,227;4,370;0,995;2,24E-4;224,08;2,20E-5;287,22;2,59E-5
0,228;4,370;0,994;2,24E-4;224,06;6,00E-5;287,12;-1,29E-4
0,229;4,371;0,995;2,24E-4;224,10;-5,32E-6;287,22;2,15E-5
0,230;4,371;0,996;2,24E-4;224,11;-3,57E-5;287,32;1,70E-4
0,231;4,370;0,995;2,24E-4;224,09;6,08E-6;287,21;-4,31E-6
0,232;4,371;0,996;2,24E-4;224,11;-2,58E-5;287,25;6,68E-5
0,233;4,370;0,995;2,24E-4;224,07;4,40E-5;287,14;-1,10E-4
0,234;4,370;0,995;2,24E-4;224,08;3,65E-5;287,14;-9,70E-5
0,235;4,371;0,996;2,24E-4;224,11;-3,49E-5;287,30;1,34E-4
0,236;4,370;0,995;2,24E-4;224,09;1,82E-5;287,17;-5,17E-5
0,237;4,369;0,994;2,24E-4;224,05;8,73E-5;287,05;-2,39E-4
0,238;4,370;0,994;2,24E-4;224,08;3,27E-5;287,10;-1,62E-4
0,239;4,370;0,995;2,24E-4;224,08;2,05E-5;287,17;-6,25E-5
0,240;4,371;0,996;2,24E-4;224,10;-2,28E-6;287,26;7,54E-5
0,241;4,371;0,996;2,24E-4;224,12;-5,16E-5;287,32;1,68E-4
0,242;4,370;0,995;2,24E-4;224,07;4,40E-5;287,14;-1,01E-4
0,243;4,370;0,995;2,24E-4;224,09;7,59E-6;287,21;2,15E-6
0,244;4,371;0,996;2,24E-4;224,11;-1,97E-5;287,27;8,83E-5
0,245;4,372;0,997;2,24E-4;224,13;-7,59E-5;287,38;2,54E-4
0,246;4,372;0,997;2,24E-4;224,13;-6,76E-5;287,38;2,61E-4
0,247;4,370;0,995;2,24E-4;224,08;2,66E-5;287,19;-3,45E-5
0,248;4,372;0,996;2,24E-4;224,13;-6,53E-5;287,35;2,11E-4
0,249;4,371;0,995;2,24E-4;224,10;0,00;287,25;6,03E-5
0,250;4,371;0,996;2,24E-4;224,10;-1,44E-5;287,28;1,06E-4
0,251;4,371;0,996;2,24E-4;224,11;-3,57E-5;287,30;1,36E-4
0,252;4,371;0,996;2,24E-4;224,12;-4,40E-5;287,28;1,12E-4
0,253;4,371;0,996;2,24E-4;224,10;-1,59E-5;287,28;1,03E-4
0,254;4,370;0,995;2,24E-4;224,09;9,87E-6;287,24;5,60E-5
0,255;4,370;0,995;2,24E-4;224,09;1,90E-5;287,20;-6,46E-6
0,256;4,371;0,996;2,24E-4;224,10;-6,08E-6;287,26;7,97E-5
0,257;4,372;0,997;2,24E-4;224,13;-7,06E-5;287,39;2,76E-4
0,258;4,370;0,995;2,24E-4;224,09;1,67E-5;287,23;3,45E-5
0,259;4,371;0,995;2,24E-4;224,10;0,00;287,23;3,88E-5
0,260;4,371;0,996;2,24E-4;224,11;-3,42E-5;287,31;1,53E-4
0,261;4,370;0,995;2,24E-4;224,08;3,04E-5;287,16;-6,90E-5
0,262;4,370;0,995;2,24E-4;224,09;1,22E-5;287,23;3,45E-5
0,263;4,369;0,993;2,24E-4;224,04;1,09E-4;287,00;-3,15E-4
0,264;4,370;0,995;2,24E-4;224,07;4,48E-5;287,21;-2,15E-6
0,265;4,370;0,995;2,24E-4;224,07;4,71E-5;287,15;-8,62E-5
0,266;4,371;0,995;2,24E-4;224,10;-7,59E-7;287,25;5,82E-5
0,267;4,372;0,996;2,24E-4;224,13;-5,85E-5;287,32;1,72E-4
0,268;4,372;0,997;2,24E-4;224,14;-8,05E-5;287,40;2,95E-4
0,269;4,371;0,996;2,24E-4;224,12;-5,39E-5;287,36;2,24E-4
0,270;4,371;0,996;2,24E-4;224,12;-4,18E-5;287,33;1,85E-4
0,271;4,371;0,996;2,24E-4;224,12;-3,95E-5;287,30;1,38E-4
0,272;4,371;0,996;2,24E-4;224,12;-5,32E-5;287,33;1,92E-4
0,273;4,371;0,995;2,24E-4;224,09;3,04E-6;287,23;3,45E-5
0,274;4,370;0,995;2,24E-4;224,08;2,05E-5;287,19;-2,15E-5
0,275;4,371;0,996;2,24E-4;224,12;-4,18E-5;287,29;1,21E-4
0,276;4,371;0,996;2,24E-4;224,12;-4,18E-5;287,29;1,23E-4
0,277;4,370;0,995;2,24E-4;224,09;4,56E-6;287,20;-8,62E-6
0,278;4,370;0,995;2,24E-4;224,08;2,96E-5;287,17;-6,46E-5
0,279;4,370;0,994;2,24E-4;224,07;5,54E-5;287,12;-1,34E-4
0,280;4,370;0,994;2,24E-4;224,07;5,39E-5;287,09;-1,72E-4
0,281;4,370;0,995;2,24E-4;224,09;5,32E-6;287,21;-4,31E-6
0,282;4,370;0,995;2,24E-4;224,08;3,19E-5;287,14;-9,70E-5
0,283;4,371;0,996;2,24E-4;224,11;-3,11E-5;287,26;7,76E-5
0,284;4,370;0,995;2,24E-4;224,08;2,73E-5;287,22;1,29E-5
0,285;4,370;0,994;2,24E-4;224,06;6,30E-5;287,12;-1,31E-4
0,286;4,371;0,995;2,24E-4;224,09;7,59E-7;287,23;3,45E-5
0,287;4,372;0,997;2,24E-4;224,13;-7,59E-5;287,41;3,02E-4
0,288;4,371;0,996;2,24E-4;224,11;-3,64E-5;287,32;1,74E-4
0,289;4,370;0,995;2,24E-4;224,08;3,80E-5;287,17;-5,17E-5
0,290;4,371;0,995;2,24E-4;224,10;-3,80E-6;287,23;2,80E-5
0,291;4,370;0,995;2,24E-4;224,09;1,67E-5;287,22;1,72E-5
0,292;4,371;0,996;2,24E-4;224,11;-3,57E-5;287,27;9,69E-5
0,293;4,372;0,996;2,24E-4;224,13;-5,85E-5;287,34;1,96E-4
0,294;4,371;0,996;2,24E-4;224,11;-3,80E-5;287,35;2,11E-4
0,295;4,370;0,995;2,24E-4;224,09;1,44E-5;287,19;-2,15E-5
0,296;4,370;0,995;2,24E-4;224,06;6,23E-5;287,16;-7,97E-5
0,297;4,371;0,996;2,24E-4;224,10;-1,52E-5;287,29;1,31E-4
0,298;4,371;0,996;2,24E-4;224,11;-2,05E-5;287,26;7,76E-5
0,299;4,371;0,996;2,24E-4;224,12;-5,47E-5;287,31;1,57E-4
0,300;4,371;0,996;2,24E-4;224,12;-5,39E-5;287,32;1,70E-4
0,301;4,371;0,996;2,24E-4;224,11;-2,05E-5;287,25;7,11E-5
0,302;4,371;0,996;2,24E-4;224,12;-5,39E-5;287,32;1,70E-4
0,303;4,371;0,996;2,24E-4;224,11;-2,96E-5;287,31;1,55E-4
0,304;4,372;0,996;2,24E-4;224,13;-6,00E-5;287,31;1,55E-4
0,305;4,370;0,995;2,24E-4;224,09;1,22E-5;287,22;2,15E-5
0,306;4,370;0,995;2,24E-4;224,09;5,32E-6;287,24;5,17E-5
0,307;4,371;0,996;2,24E-4;224,12;-5,16E-5;287,33;1,79E-4
0,308;4,371;0,996;2,24E-4;224,10;-1,44E-5;287,27;1,01E-4
0,309;4,372;0,996;2,24E-4;224,13;-7,14E-5;287,36;2,37E-4
0,310;4,371;0,996;2,24E-4;224,10;-1,59E-5;287,27;9,48E-5
0,311;4,371;0,996;2,24E-4;224,12;-4,63E-5;287,35;2,11E-4
0,312;4,371;0,996;2,24E-4;224,10;-1,67E-5;287,26;7,54E-5
0,313;4,372;0,997;2,24E-4;224,14;-7,97E-5;287,39;2,80E-4
0,314;4,372;0,997;2,24E-4;224,15;-1,14E-4;287,46;3,86E-4
0,315;4,371;0,996;2,24E-4;224,12;-4,94E-5;287,31;1,51E-4
0,316;4,372;0,996;2,24E-4;224,13;-6,53E-5;287,35;2,13E-4
0,317;4,370;0,995;2,24E-4;224,08;2,28E-5;287,18;-4,96E-5
0,318;4,369;0,993;2,24E-4;224,03;1,22E-4;286,99;-3,25E-4
0,319;4,369;0,994;2,24E-4;224,04;1,03E-4;287,06;-2,18E-4
0,320;4,370;0,994;2,24E-4;224,06;6,38E-5;287,12;-1,29E-4
0,321;4,371;0,995;2,24E-4;224,10;-1,52E-5;287,25;6,46E-5
0,322;4,372;0,996;2,24E-4;224,13;-6,68E-5;287,35;2,18E-4
0,323;4,372;0,996;2,24E-4;224,13;-6,38E-5;287,35;2,20E-4
0,324;4,371;0,995;2,24E-4;224,09;7,59E-7;287,22;1,29E-5
0,325;4,371;0,996;2,24E-4;224,10;-1,06E-5;287,28;1,06E-4
0,326;4,371;0,996;2,24E-4;224,12;-4,33E-5;287,34;2,07E-4
0,327;4,370;0,995;2,24E-4;224,07;4,02E-5;287,18;-4,74E-5
0,328;4,370;0,995;2,24E-4;224,09;1,22E-5;287,21;8,62E-6
0,329;4,371;0,996;2,24E-4;224,11;-3,27E-5;287,29;1,21E-4
0,330;4,371;0,996;2,24E-4;224,12;-5,54E-5;287,36;2,28E-4
0,331;4,372;0,996;2,24E-4;224,13;-5,85E-5;287,35;2,22E-4
0,332;4,370;0,995;2,24E-4;224,08;3,49E-5;287,14;-1,08E-4
0,333;4,371;0,996;2,24E-4;224,12;-4,25E-5;287,35;2,15E-4
0,334;4,371;0,996;2,24E-4;224,10;-1,75E-5;287,27;9,91E-5
0,335;4,371;0,996;2,24E-4;224,11;-2,96E-5;287,27;9,26E-5
0,336;4,371;0,995;2,24E-4;224,10;-1,52E-6;287,22;1,72E-5
0,337;4,371;0,995;2,24E-4;224,09;2,28E-6;287,23;4,09E-5
0,338;4,371;0,996;2,24E-4;224,12;-4,02E-5;287,33;1,79E-4
0,339;4,370;0,995;2,24E-4;224,08;2,89E-5;287,17;-5,60E-5
0,340;4,371;0,996;2,24E-4;224,11;-3,49E-5;287,32;1,64E-4
0,341;4,372;0,997;2,24E-4;224,15;-9,87E-5;287,42;3,14E-4
0,342;4,372;0,997;2,24E-4;224,15;-1,01E-4;287,42;3,21E-4
0,343;4,370;0,995;2,24E-4;224,09;1,14E-5;287,18;-4,52E-5
0,344;4,370;0,996;2,24E-4;224,09;5,32E-6;287,26;7,97E-5
0,345;4,371;0,996;2,24E-4;224,11;-3,72E-5;287,32;1,64E-4
0,346;4,370;0,995;2,24E-4;224,09;8,35E-6;287,24;5,60E-5
0,347;4,371;0,995;2,24E-4;224,10;-1,29E-5;287,24;5,17E-5
0,348;4,370;0,995;2,24E-4;224,09;1,44E-5;287,22;2,59E-5
0,349;4,370;0,995;2,24E-4;224,09;1,82E-5;287,22;1,72E-5
0,350;4,369;0,994;2,24E-4;224,04;1,03E-4;287,06;-2,26E-4
0,351;4,370;0,995;2,24E-4;224,09;1,75E-5;287,19;-3,45E-5
0,352;4,370;0,995;2,24E-4;224,07;3,95E-5;287,14;-1,01E-4
0,353;4,370;0,995;2,24E-4;224,08;2,28E-5;287,19;-2,37E-5
0,354;4,371;0,995;2,24E-4;224,10;-3,80E-6;287,19;-2,37E-5
0,355;4,370;0,995;2,24E-4;224,09;4,56E-6;287,23;3,88E-5
0,356;4,371;0,995;2,24E-4;224,09;1,52E-6;287,23;2,80E-5
0,357;4,371;0,996;2,24E-4;224,12;-4,40E-5;287,29;1,27E-4
0,358;4,371;0,995;2,24E-4;224,10;-1,44E-5;287,25;6,25E-5
0,359;4,370;0,995;2,24E-4;224,07;5,47E-5;287,14;-1,08E-4
0,360;4,370;0,995;2,24E-4;224,09;1,37E-5;287,19;-2,37E-5
0,361;4,370;0,995;2,24E-4;224,09;9,11E-6;287,19;-2,15E-5
0,362;4,371;0,996;2,24E-4;224,11;-3,34E-5;287,29;1,31E-4
0,363;4,372;0,997;2,24E-4;224,14;-9,42E-5;287,41;3,12E-4
0,364;4,371;0,995;2,24E-4;224,09;2,28E-6;287,21;8,62E-6
0,365;4,371;0,996;2,24E-4;224,12;-4,63E-5;287,33;1,85E-4
0,366;4,371;0,996;2,24E-4;224,11;-3,34E-5;287,28;1,06E-4
0,367;4,369;0,994;2,24E-4;224,06;7,44E-5;287,08;-1,90E-4
0,368;4,370;0,995;2,24E-4;224,07;4,86E-5;287,16;-6,68E-5
0,369;4,370;0,995;2,24E-4;224,07;4,25E-5;287,16;-6,90E-5
0,370;4,371;0,996;2,24E-4;224,10;-3,80E-6;287,26;8,62E-5
0,371;4,370;0,995;2,24E-4;224,07;5,70E-5;287,14;-1,01E-4
0,372;4,370;0,995;2,24E-4;224,07;5,39E-5;287,14;-1,06E-4
0,373;4,370;0,995;2,24E-4;224,09;1,59E-5;287,18;-4,09E-5
0,374;4,372;0,996;2,24E-4;224,13;-5,85E-5;287,33;1,85E-4
0,375;4,371;0,995;2,24E-4;224,10;-1,67E-5;287,25;6,03E-5
0,376;4,370;0,995;2,24E-4;224,09;1,37E-5;287,19;-3,23E-5
0,377;4,371;0,995;2,24E-4;224,10;-8,35E-6;287,25;6,03E-5
0,378;4,372;0,997;2,24E-4;224,14;-8,88E-5;287,41;2,99E-4
0,379;4,370;0,995;2,24E-4;224,07;4,18E-5;287,16;-7,76E-5
0,380;4,369;0,994;2,24E-4;224,05;7,97E-5;287,05;-2,37E-4
0,381;4,370;0,994;2,24E-4;224,08;3,65E-5;287,13;-1,23E-4
0,382;4,371;0,995;2,24E-4;224,09;2,28E-6;287,23;3,66E-5
0,383;4,371;0,996;2,24E-4;224,11;-3,42E-5;287,29;1,31E-4
0,384;4,371;0,996;2,24E-4;224,12;-4,40E-5;287,31;1,49E-4
0,385;4,371;0,996;2,24E-4;224,11;-3,57E-5;287,30;1,38E-4
0,386;4,370;0,995;2,24E-4;224,09;1,14E-5;287,21;6,46E-6
0,387;4,371;0,995;2,24E-4;224,09;3,04E-6;287,21;6,46E-6
0,388;4,371;0,996;2,24E-4;224,11;-2,73E-5;287,28;1,12E-4
0,389;4,372;0,997;2,24E-4;224,16;-1,16E-4;287,40;2,93E-4
0,390;4,371;0,996;2,24E-4;224,12;-5,47E-5;287,32;1,64E-4
0,391;4,370;0,995;2,24E-4;224,08;2,66E-5;287,17;-6,46E-5
0,392;4,371;0,995;2,24E-4;224,09;2,28E-6;287,22;2,37E-5
0,393;4,371;0,996;2,24E-4;224,11;-3,72E-5;287,33;1,79E-4
0,394;4,371;0,995;2,24E-4;224,09;3,80E-6;287,19;-2,15E-5
0,395;4,371;0,995;2,24E-4;224,10;-3,80E-6;287,23;3,23E-5
0,396;4,371;0,995;2,24E-4;224,09;7,59E-7;287,23;3,45E-5
0,397;4,371;0,995;2,24E-4;224,10;0,00;287,22;2,15E-5
0,398;4,371;0,996;2,24E-4;224,12;-3,95E-5;287,30;1,34E-4
0,399;4,372;0,997;2,24E-4;224,14;-7,82E-5;287,38;2,58E-4
0,400;4,371;0,995;2,24E-4;224,11;-2,28E-5;287,25;5,82E-5
0,401;4,371;0,996;2,24E-4;224,11;-3,27E-5;287,26;7,76E-5
0,402;4,372;0,996;2,24E-4;224,13;-7,14E-5;287,36;2,35E-4
0,403;4,371;0,996;2,24E-4;224,10;-1,67E-5;287,29;1,25E-4
0,404;4,371;0,996;2,24E-4;224,11;-3,64E-5;287,32;1,77E-4
0,405;4,371;0,996;2,24E-4;224,11;-2,81E-5;287,26;8,40E-5
0,406;4,371;0,996;2,24E-4;224,12;-5,54E-5;287,35;2,22E-4
0,407;4,372;0,996;2,24E-4;224,14;-7,82E-5;287,36;2,35E-4
0,408;4,371;0,995;2,24E-4;224,10;-4,56E-6;287,23;3,23E-5
0,409;4,372;0,997;2,24E-4;224,13;-6,83E-5;287,39;2,78E-4
0,410;4,371;0,996;2,24E-4;224,11;-3,19E-5;287,29;1,31E-4
0,411;4,372;0,997;2,24E-4;224,15;-9,87E-5;287,39;2,69E-4
0,412;4,371;0,996;2,24E-4;224,12;-4,48E-5;287,32;1,77E-4
0,413;4,371;0,996;2,24E-4;224,10;-9,11E-6;287,26;7,54E-5
0,414;4,370;0,996;2,24E-4;224,09;6,08E-6;287,28;1,10E-4
0,415;4,371;0,996;2,24E-4;224,11;-2,20E-5;287,27;9,69E-5
0,416;4,371;0,996;2,24E-4;224,10;-1,29E-5;287,26;8,40E-5
0,417;4,370;0,995;2,24E-4;224,09;8,35E-6;287,22;1,72E-5
0,418;4,371;0,996;2,24E-4;224,10;-9,87E-6;287,26;8,19E-5
0,419;4,371;0,996;2,24E-4;224,10;-1,67E-5;287,26;8,62E-5
0,420;4,371;0,995;2,24E-4;224,10;-1,06E-5;287,24;4,52E-5
0,421;4,371;0,996;2,24E-4;224,12;-5,62E-5;287,33;1,90E-4
0,422;4,372;0,997;2,24E-4;224,13;-6,15E-5;287,37;2,52E-4
0,423;4,371;0,996;2,24E-4;224,11;-3,04E-5;287,27;9,26E-5
0,424;4,371;0,996;2,24E-4;224,12;-5,54E-5;287,32;1,64E-4
0,425;4,370;0,995;2,24E-4;224,07;5,77E-5;287,14;-1,06E-4
0,426;4,370;0,994;2,24E-4;224,07;5,39E-5;287,13;-1,23E-4
0,427;4,370;0,994;2,24E-4;224,07;5,62E-5;287,13;-1,16E-4
0,428;4,371;0,996;2,24E-4;224,11;-2,43E-5;287,30;1,46E-4
0,429;4,371;0,995;2,24E-4;224,10;-1,06E-5;287,23;3,02E-5
0,430;4,371;0,996;2,24E-4;224,10;-1,52E-5;287,27;1,01E-4
0,431;4,371;0,996;2,24E-4;224,12;-4,18E-5;287,32;1,64E-4
0,432;4,371;0,996;2,24E-4;224,11;-3,80E-5;287,33;1,83E-4
0,433;4,371;0,996;2,24E-4;224,10;-1,90E-5;287,28;1,03E-4
0,434;4,370;0,994;2,24E-4;224,07;4,63E-5;287,11;-1,42E-4
0,435;4,371;0,995;2,24E-4;224,10;-9,87E-6;287,25;5,82E-5
0,436;4,370;0,995;2,24E-4;224,08;2,73E-5;287,18;-3,66E-5
0,437;4,370;0,995;2,24E-4;224,08;2,66E-5;287,14;-9,91E-5
0,438;4,371;0,995;2,24E-4;224,09;7,59E-7;287,22;2,37E-5
0,439;4,371;0,995;2,24E-4;224,09;3,80E-6;287,23;3,88E-5
0,440;4,371;0,996;2,24E-4;224,10;-9,87E-6;287,27;8,83E-5
0,441;4,370;0,995;2,24E-4;224,08;3,04E-5;287,17;-6,03E-5
0,442;4,371;0,996;2,24E-4;224,12;-4,63E-5;287,33;1,83E-4
0,443;4,370;0,995;2,24E-4;224,09;4,56E-6;287,19;-3,02E-5
0,444;4,372;0,997;2,24E-4;224,14;-9,04E-5;287,44;3,45E-4
0,445;4,371;0,996;2,24E-4;224,10;-1,52E-5;287,27;9,91E-5
0,446;4,370;0,995;2,24E-4;224,09;1,82E-5;287,22;1,29E-5
0,447;4,371;0,996;2,24E-4;224,12;-4,86E-5;287,31;1,53E-4
0,448;4,370;0,995;2,24E-4;224,08;3,42E-5;287,22;1,51E-5
0,449;4,370;0,995;2,24E-4;224,08;2,35E-5;287,17;-5,39E-5
0,450;4,371;0,995;2,24E-4;224,10;-4,56E-6;287,23;3,23E-5
0,451;4,370;0,994;2,24E-4;224,07;4,86E-5;287,13;-1,14E-4
0,452;4,370;0,994;2,24E-4;224,07;5,32E-5;287,12;-1,27E-4
0,453;4,370;0,995;2,24E-4;224,09;6,08E-6;287,19;-2,59E-5
0,454;4,371;0,995;2,24E-4;224,10;-1,59E-5;287,25;6,03E-5
0,455;4,371;0,996;2,24E-4;224,11;-3,04E-5;287,29;1,21E-4
0,456;4,370;0,995;2,24E-4;224,09;1,14E-5;287,17;-5,82E-5
0,457;4,370;0,995;2,24E-4;224,08;3,04E-5;287,18;-4,96E-5
0,458;4,370;0,994;2,24E-4;224,07;4,56E-5;287,11;-1,51E-4
0,459;4,371;0,996;2,24E-4;224,11;-3,34E-5;287,29;1,29E-4
0,460;4,371;0,995;2,24E-4;224,10;-9,11E-6;287,24;4,96E-5
0,461;4,371;0,995;2,24E-4;224,10;-1,37E-5;287,22;2,15E-5
0,462;4,370;0,994;2,24E-4;224,07;4,10E-5;287,13;-1,25E-4
0,463;4,371;0,996;2,24E-4;224,11;-3,42E-5;287,29;1,29E-4
0,464;4,371;0,995;2,24E-4;224,10;-1,52E-6;287,22;1,51E-5
0,465;4,371;0,996;2,24E-4;224,12;-4,10E-5;287,31;1,49E-4
0,466;4,372;0,997;2,24E-4;224,14;-9,11E-5;287,37;2,46E-4
0,467;4,370;0,995;2,24E-4;224,09;1,06E-5;287,21;2,15E-6
0,468;4,370;0,995;2,24E-4;224,08;2,73E-5;287,20;-1,51E-5
0,469;4,371;0,996;2,24E-4;224,11;-2,58E-5;287,26;7,76E-5
0,470;4,371;0,996;2,24E-4;224,11;-3,11E-5;287,31;1,59E-4
0,471;4,372;0,997;2,24E-4;224,13;-6,30E-5;287,37;2,52E-4
0,472;4,371;0,995;2,24E-4;224,09;1,52E-6;287,22;2,15E-5
0,473;4,370;0,995;2,24E-4;224,09;1,82E-5;287,18;-4,96E-5
0,474;4,370;0,995;2,24E-4;224,08;2,73E-5;287,16;-6,68E-5
0,475;4,370;0,995;2,24E-4;224,09;1,22E-5;287,21;2,15E-6
0,476;4,371;0,996;2,24E-4;224,11;-3,64E-5;287,28;1,03E-4
0,477;4,372;0,996;2,24E-4;224,13;-7,59E-5;287,34;1,94E-4
0,478;4,370;0,995;2,24E-4;224,09;6,08E-6;287,21;2,15E-6
0,479;4,372;0,997;2,24E-4;224,13;-6,91E-5;287,37;2,41E-4
0,480;4,372;0,997;2,24E-4;224,14;-8,66E-5;287,37;2,43E-4
0,481;4,371;0,995;2,24E-4;224,10;-1,22E-5;287,25;5,82E-5
0,482;4,370;0,994;2,24E-4;224,07;5,54E-5;287,07;-2,03E-4
0,483;4,370;0,995;2,24E-4;224,09;9,11E-6;287,21;4,31E-6
0,484;4,371;0,996;2,24E-4;224,11;-2,66E-5;287,29;1,31E-4
0,485;4,371;0,996;2,24E-4;224,12;-5,77E-5;287,33;1,81E-4
0,486;4,371;0,995;2,24E-4;224,10;-7,59E-6;287,25;6,46E-5
0,487;4,369;0,994;2,24E-4;224,05;9,19E-5;287,06;-2,18E-4
0,488;4,371;0,995;2,24E-4;224,10;-1,52E-6;287,23;3,66E-5
0,489;4,371;0,996;2,24E-4;224,11;-2,89E-5;287,29;1,23E-4
0,490;4,371;0,996;2,24E-4;224,11;-2,05E-5;287,29;1,29E-4
0,491;4,371;0,995;2,24E-4;224,10;-4,56E-6;287,22;1,94E-5
0,492;4,372;0,996;2,24E-4;224,13;-6,23E-5;287,34;2,05E-4
0,493;4,371;0,996;2,24E-4;224,12;-5,77E-5;287,36;2,30E-4
0,494;4,371;0,996;2,24E-4;224,12;-4,18E-5;287,30;1,44E-4
0,495;4,370;0,995;2,24E-4;224,08;3,80E-5;287,15;-9,48E-5
0,496;4,370;0,995;2,24E-4;224,08;2,35E-5;287,20;-1,51E-5
0,497;4,372;0,997;2,24E-4;224,15;-9,72E-5;287,41;3,08E-4
0,498;4,372;0,997;2,24E-4;224,14;-7,97E-5;287,39;2,76E-4
0,499;4,371;0,996;2,24E-4;224,11;-3,57E-5;287,30;1,42E-4
0,500;4,371;0,996;2,24E-4;224,10;-1,06E-5;287,25;7,11E-5
0,501;4,371;0,995;2,24E-4;224,10;-1,90E-5;287,25;6,03E-5
0,502;4,371;0,996;2,24E-4;224,12;-3,95E-5;287,28;1,06E-4
0,503;4,370;0,995;2,24E-4;224,08;2,51E-5;287,19;-3,02E-5
0,504;4,370;0,995;2,24E-4;224,08;3,27E-5;287,17;-5,39E-5
0,505;4,372;0,997;2,24E-4;224,14;-8,12E-5;287,39;2,76E-4
0,506;4,371;0,996;2,24E-4;224,12;-5,09E-5;287,34;2,05E-4
0,507;4,371;0,996;2,24E-4;224,11;-3,72E-5;287,29;1,21E-4
0,508;4,371;0,995;2,24E-4;224,09;3,04E-6;287,23;3,23E-5
0,509;4,370;0,995;2,24E-4;224,07;4,56E-5;287,16;-6,68E-5
0,510;4,371;0,995;2,24E-4;224,10;-1,06E-5;287,20;-1,08E-5
0,511;4,370;0,995;2,24E-4;224,09;1,59E-5;287,21;4,31E-6
0,512;4,370;0,995;2,24E-4;224,09;1,14E-5;287,19;-2,37E-5
0,513;4,370;0,995;2,24E-4;224,08;2,43E-5;287,17;-6,03E-5
0,514;4,371;0,996;2,24E-4;224,10;-1,67E-5;287,26;7,54E-5
0,515;4,371;0,996;2,24E-4;224,11;-2,81E-5;287,27;9,05E-5
0,516;4,369;0,994;2,24E-4;224,06;7,67E-5;287,04;-2,50E-4
0,517;4,372;0,996;2,24E-4;224,13;-6,15E-5;287,34;2,00E-4
0,518;4,372;0,996;2,24E-4;224,13;-5,92E-5;287,33;1,83E-4
0,519;4,371;0,996;2,24E-4;224,12;-5,39E-5;287,33;1,83E-4
0,520;4,371;0,995;2,24E-4;224,10;-1,37E-5;287,24;4,31E-5
0,521;4,370;0,995;2,24E-4;224,07;4,63E-5;287,14;-1,10E-4
0,522;4,370;0,995;2,24E-4;224,07;4,94E-5;287,16;-7,97E-5
0,523;4,370;0,995;2,24E-4;224,09;1,75E-5;287,19;-2,59E-5
0,524;4,371;0,996;2,24E-4;224,11;-3,64E-5;287,35;2,20E-4
0,525;4,372;0,997;2,24E-4;224,13;-6,00E-5;287,38;2,54E-4
0,526;4,370;0,995;2,24E-4;224,08;2,05E-5;287,22;1,29E-5
0,527;4,371;0,996;2,24E-4;224,11;-2,35E-5;287,29;1,18E-4
0,528;4,371;0,996;2,24E-4;224,11;-2,81E-5;287,27;9,26E-5
0,529;4,370;0,995;2,24E-4;224,08;3,80E-5;287,14;-1,01E-4
0,530;4,371;0,995;2,24E-4;224,10;-5,32E-6;287,24;4,96E-5
0,531;4,371;0,996;2,24E-4;224,11;-2,81E-5;287,30;1,42E-4
0,532;4,371;0,995;2,24E-4;224,10;-2,28E-6;287,24;5,39E-5
0,533;4,372;0,997;2,24E-4;224,14;-7,97E-5;287,37;2,43E-4
0,534;4,371;0,995;2,24E-4;224,10;-1,44E-5;287,24;4,52E-5
0,535;4,371;0,996;2,24E-4;224,10;-1,67E-5;287,26;7,54E-5
0,536;4,371;0,996;2,24E-4;224,11;-2,43E-5;287,27;9,91E-5
0,537;4,371;0,996;2,24E-4;224,10;-1,06E-5;287,26;8,62E-5
0,538;4,371;0,995;2,24E-4;224,10;-1,22E-5;287,25;6,03E-5
0,539;4,370;0,995;2,24E-4;224,09;1,44E-5;287,24;4,74E-5
0,540;4,370;0,995;2,24E-4;224,08;2,28E-5;287,17;-5,60E-5
0,541;4,371;0,996;2,24E-4;224,11;-2,73E-5;287,26;8,62E-5
0,542;4,372;0,996;2,24E-4;224,13;-6,38E-5;287,33;1,81E-4
0,543;4,372;0,997;2,24E-4;224,13;-5,85E-5;287,38;2,58E-4
0,544;4,371;0,996;2,24E-4;224,12;-4,71E-5;287,32;1,72E-4
0,545;4,370;0,995;2,24E-4;224,08;3,57E-5;287,21;2,15E-6
0,546;4,371;0,996;2,24E-4;224,10;-1,90E-5;287,25;6,68E-5
0,547;4,371;0,996;2,24E-4;224,10;-1,82E-5;287,28;1,06E-4
0,548;4,370;0,995;2,24E-4;224,07;3,95E-5;287,14;-9,91E-5
0,549;4,370;0,994;2,24E-4;224,06;6,53E-5;287,13;-1,14E-4
0,550;4,371;0,995;2,24E-4;224,09;7,59E-7;287,22;2,37E-5
0,551;4,371;0,996;2,24E-4;224,10;-1,75E-5;287,27;8,83E-5
0,552;4,370;0,995;2,24E-4;224,09;6,83E-6;287,24;4,74E-5
0,553;4,371;0,995;2,24E-4;224,10;-6,83E-6;287,24;4,31E-5
0,554;4,371;0,996;2,24E-4;224,12;-5,47E-5;287,36;2,37E-4
0,555;4,370;0,995;2,24E-4;224,09;1,14E-5;287,24;4,31E-5
0,556;4,372;0,996;2,24E-4;224,13;-6,76E-5;287,35;2,22E-4
0,557;4,371;0,996;2,24E-4;224,12;-5,39E-5;287,33;1,83E-4
0,558;4,371;0,996;2,24E-4;224,10;-1,75E-5;287,25;6,68E-5
0,559;4,371;0,996;2,24E-4;224,12;-4,78E-5;287,30;1,36E-4
0,560;4,370;0,995;2,24E-4;224,08;2,13E-5;287,21;-2,15E-6
0,561;4,370;0,995;2,24E-4;224,08;2,20E-5;287,23;3,23E-5
0,562;4,371;0,996;2,24E-4;224,11;-1,97E-5;287,26;8,40E-5
0,563;4,370;0,995;2,24E-4;224,08;3,49E-5;287,15;-8,19E-5
0,564;4,371;0,995;2,24E-4;224,11;-2,81E-5;287,25;5,82E-5
0,565;4,371;0,995;2,24E-4;224,09;3,80E-6;287,24;4,96E-5
0,566;4,371;0,996;2,24E-4;224,10;-1,06E-5;287,25;7,11E-5
0,567;4,371;0,995;2,24E-4;224,09;3,04E-6;287,18;-4,09E-5
0,568;4,371;0,995;2,24E-4;224,10;-3,04E-6;287,19;-2,37E-5
0,569;4,371;0,995;2,24E-4;224,09;1,52E-6;287,20;-1,08E-5
0,570;4,370;0,995;2,24E-4;224,09;1,44E-5;287,21;4,31E-6
0,571;4,371;0,995;2,24E-4;224,10;-3,04E-6;287,25;6,03E-5
0,572;4,371;0,996;2,24E-4;224,12;-5,54E-5;287,36;2,24E-4
0,573;4,372;0,996;2,24E-4;224,13;-7,06E-5;287,36;2,35E-4
0,574;4,372;0,997;2,24E-4;224,14;-7,90E-5;287,39;2,74E-4
0,575;4,371;0,995;2,24E-4;224,09;3,80E-6;287,20;-1,08E-5
0,576;4,369;0,994;2,24E-4;224,05;8,73E-5;287,08;-1,94E-4
0,577;4,370;0,995;2,24E-4;224,08;2,05E-5;287,19;-2,37E-5
0,578;4,369;0,994;2,24E-4;224,06;6,68E-5;287,08;-1,90E-4
0,579;4,370;0,995;2,24E-4;224,09;1,59E-5;287,22;1,51E-5
0,580;4,371;0,996;2,24E-4;224,10;-1,75E-5;287,30;1,36E-4
0,581;4,371;0,996;2,24E-4;224,11;-2,96E-5;287,27;8,83E-5
0,582;4,372;0,996;2,24E-4;224,13;-7,59E-5;287,37;2,39E-4
0,583;4,371;0,995;2,24E-4;224,11;-3,42E-5;287,25;5,82E-5
0,584;4,371;0,996;2,24E-4;224,12;-5,62E-5;287,30;1,38E-4
0,585;4,370;0,994;2,24E-4;224,07;5,54E-5;287,10;-1,68E-4
0,586;4,370;0,995;2,24E-4;224,09;8,35E-6;287,21;6,46E-6
0,587;4,371;0,995;2,24E-4;224,11;-1,97E-5;287,23;3,66E-5
0,588;4,370;0,995;2,24E-4;224,09;6,08E-6;287,22;2,59E-5
0,589;4,370;0,995;2,24E-4;224,08;3,11E-5;287,20;-1,94E-5
0,590;4,371;0,996;2,24E-4;224,11;-2,81E-5;287,30;1,40E-4
0,591;4,371;0,996;2,24E-4;224,10;-4,56E-6;287,26;7,54E-5
0,592;4,371;0,995;2,24E-4;224,10;-1,52E-6;287,23;3,45E-5
0,593;4,370;0,995;2,24E-4;224,07;4,56E-5;287,18;-4,96E-5
0,594;4,370;0,995;2,24E-4;224,08;1,97E-5;287,20;-1,08E-5
0,595;4,369;0,994;2,24E-4;224,06;7,37E-5;287,08;-1,98E-4
0,596;4,371;0,996;2,24E-4;224,12;-5,09E-5;287,33;1,87E-4
0,597;4,372;0,996;2,24E-4;224,13;-6,15E-5;287,32;1,72E-4
0,598;4,371;0,996;2,24E-4;224,11;-2,51E-5;287,27;1,01E-4
0,599;4,371;0,996;2,24E-4;224,10;-1,52E-5;287,25;7,11E-5
0,600;4,372;0,996;2,24E-4;224,14;-8,35E-5;287,36;2,33E-4
0,601;4,372;0,997;2,24E-4;224,13;-7,52E-5;287,37;2,48E-4
0,602;4,371;0,996;2,24E-4;224,11;-2,43E-5;287,27;1,01E-4
0,603;4,371;0,996;2,24E-4;224,11;-3,49E-5;287,34;2,00E-4
0,604;4,372;0,996;2,24E-4;224,13;-7,21E-5;287,35;2,09E-4
0,605;4,371;0,996;2,24E-4;224,12;-4,18E-5;287,29;1,27E-4
0,606;4,371;0,996;2,24E-4;224,12;-5,16E-5;287,36;2,24E-4
0,607;4,372;0,997;2,24E-4;224,14;-7,90E-5;287,38;2,65E-4
0,608;4,370;0,994;2,24E-4;224,07;5,39E-5;287,13;-1,12E-4
0,609;4,371;0,995;2,24E-4;224,09;3,04E-6;287,22;2,37E-5
0,610;4,371;0,996;2,24E-4;224,11;-2,89E-5;287,29;1,27E-4
0,611;4,371;0,996;2,24E-4;224,10;-1,75E-5;287,27;9,05E-5
0,612;4,372;0,996;2,24E-4;224,13;-7,14E-5;287,31;1,57E-4
0,613;4,373;0,998;2,24E-4;224,17;-1,39E-4;287,48;4,18E-4
0,614;4,370;0,995;2,24E-4;224,09;1,14E-5;287,21;6,46E-6
0,615;4,370;0,995;2,24E-4;224,08;2,96E-5;287,16;-6,68E-5
0,616;4,371;0,996;2,24E-4;224,10;-1,44E-5;287,27;1,01E-4
0,617;4,371;0,995;2,24E-4;224,10;-1,67E-5;287,25;6,03E-5
0,618;4,370;0,995;2,24E-4;224,08;3,80E-5;287,15;-9,48E-5
0,619;4,372;0,997;2,24E-4;224,13;-7,21E-5;287,38;2,54E-4
0,620;4,371;0,996;2,24E-4;224,12;-4,63E-5;287,32;1,70E-4
0,621;4,370;0,995;2,24E-4;224,09;8,35E-6;287,22;1,72E-5
0,622;4,371;0,996;2,24E-4;224,11;-2,35E-5;287,26;7,97E-5
0,623;4,370;0,995;2,24E-4;224,08;3,11E-5;287,19;-3,02E-5
0,624;4,371;0,995;2,24E-4;224,10;-1,44E-5;287,24;4,96E-5
0,625;4,371;0,996;2,24E-4;224,11;-2,43E-5;287,28;1,08E-4
0,626;4,371;0,996;2,24E-4;224,11;-3,80E-5;287,33;1,81E-4
0,627;4,371;0,995;2,24E-4;224,10;-7,59E-6;287,24;4,96E-5
0,628;4,371;0,996;2,24E-4;224,11;-2,81E-5;287,31;1,55E-4
0,629;4,372;0,997;2,24E-4;224,13;-6,15E-5;287,37;2,41E-4
0,630;4,371;0,996;2,24E-4;224,11;-2,89E-5;287,26;7,54E-5
0,631;4,370;0,995;2,24E-4;224,08;3,34E-5;287,16;-7,76E-5
0,632;4,371;0,996;2,24E-4;224,11;-2,73E-5;287,27;9,48E-5
0,633;4,371;0,996;2,24E-4;224,11;-3,57E-5;287,28;1,06E-4
0,634;4,370;0,995;2,24E-4;224,08;2,81E-5;287,20;-1,94E-5
0,635;4,371;0,995;2,24E-4;224,10;-1,82E-5;287,25;6,46E-5
0,636;4,372;0,997;2,24E-4;224,13;-7,21E-5;287,38;2,54E-4
0,637;4,371;0,996;2,24E-4;224,12;-3,87E-5;287,32;1,66E-4
0,638;4,372;0,997;2,24E-4;224,14;-8,35E-5;287,37;2,41E-4
0,639;4,371;0,997;2,24E-4;224,12;-5,62E-5;287,38;2,65E-4
0,640;4,372;0,997;2,24E-4;224,14;-8,88E-5;287,39;2,71E-4
0,641;4,372;0,997;2,24E-4;224,13;-7,21E-5;287,38;2,67E-4
0,642;4,371;0,995;2,24E-4;224,09;3,04E-6;287,23;3,66E-5
0,643;4,370;0,995;2,24E-4;224,08;2,13E-5;287,23;3,88E-5
0,644;4,370;0,995;2,24E-4;224,07;4,40E-5;287,15;-8,40E-5
0,645;4,370;0,995;2,24E-4;224,09;1,06E-5;287,21;8,62E-6
0,646;4,369;0,994;2,24E-4;224,05;7,90E-5;287,11;-1,44E-4
0,647;4,370;0,995;2,24E-4;224,07;4,78E-5;287,15;-9,27E-5
0,648;4,371;0,996;2,24E-4;224,11;-2,81E-5;287,32;1,64E-4
0,649;4,371;0,996;2,24E-4;224,09;3,80E-6;287,27;8,83E-5
0,650;4,371;0,996;2,24E-4;224,11;-2,28E-5;287,27;9,91E-5
0,651;4,370;0,995;2,24E-4;224,09;1,06E-5;287,21;8,62E-6
0,652;4,370;0,995;2,24E-4;224,07;5,01E-5;287,14;-1,06E-4
0,653;4,371;0,996;2,24E-4;224,10;-1,90E-5;287,32;1,68E-4
0,654;4,371;0,996;2,24E-4;224,11;-2,13E-5;287,27;9,26E-5
0,655;4,370;0,995;2,24E-4;224,08;2,66E-5;287,19;-2,37E-5
0,656;4,371;0,996;2,24E-4;224,10;-1,59E-5;287,30;1,38E-4
0,657;4,371;0,996;2,24E-4;224,12;-4,18E-5;287,30;1,38E-4
0,658;4,370;0,995;2,24E-4;224,08;2,28E-5;287,17;-6,46E-5
0,659;4,370;0,994;2,24E-4;224,06;6,61E-5;287,12;-1,31E-4
0,660;4,370;0,995;2,24E-4;224,09;1,67E-5;287,17;-6,46E-5
0,661;4,371;0,996;2,24E-4;224,10;-1,90E-5;287,28;1,10E-4
0,662;4,370;0,995;2,24E-4;224,09;6,83E-6;287,20;-1,29E-5
0,663;4,370;0,995;2,24E-4;224,08;3,42E-5;287,20;-1,51E-5
0,664;4,371;0,995;2,24E-4;224,10;-3,80E-6;287,25;6,25E-5
0,665;4,370;0,995;2,24E-4;224,08;2,20E-5;287,17;-6,25E-5
0,666;4,370;0,995;2,24E-4;224,09;1,52E-5;287,18;-3,66E-5
0,667;4,369;0,994;2,24E-4;224,06;7,52E-5;287,10;-1,62E-4
0,668;4,371;0,995;2,24E-4;224,11;-1,97E-5;287,25;6,25E-5
0,669;4,370;0,995;2,24E-4;224,09;1,29E-5;287,22;1,51E-5
0,670;4,372;0,997;2,24E-4;224,13;-7,21E-5;287,37;2,43E-4
0,671;4,371;0,996;2,24E-4;224,10;-2,28E-6;287,26;7,33E-5
0,672;4,370;0,995;2,24E-4;224,09;1,52E-5;287,22;2,37E-5
0,673;4,370;0,995;2,24E-4;224,07;4,48E-5;287,14;-1,01E-4
0,674;4,371;0,996;2,24E-4;224,12;-5,24E-5;287,34;1,98E-4
0,675;4,371;0,996;2,24E-4;224,09;1,52E-6;287,27;8,83E-5
0,676;4,372;0,997;2,24E-4;224,15;-1,02E-4;287,40;2,86E-4
0,677;4,371;0,996;2,24E-4;224,10;-1,90E-5;287,28;1,12E-4
0,678;4,371;0,996;2,24E-4;224,12;-5,32E-5;287,32;1,77E-4
0,679;4,371;0,996;2,24E-4;224,10;-7,59E-6;287,26;7,97E-5
0,680;4,370;0,995;2,24E-4;224,08;3,27E-5;287,19;-2,15E-5
0,681;4,370;0,995;2,24E-4;224,08;3,72E-5;287,16;-6,68E-5
0,682;4,370;0,995;2,24E-4;224,09;6,08E-6;287,23;3,88E-5
0,683;4,370;0,995;2,24E-4;224,08;2,89E-5;287,15;-9,27E-5
0,684;4,371;0,996;2,24E-4;224,11;-2,35E-5;287,33;1,87E-4
0,685;4,371;0,996;2,24E-4;224,10;-6,08E-6;287,26;7,97E-5
0,686;4,371;0,996;2,24E-4;224,11;-2,35E-5;287,28;1,10E-4
0,687;4,370;0,995;2,24E-4;224,09;5,32E-6;287,21;6,46E-6
0,688;4,371;0,996;2,24E-4;224,11;-2,73E-5;287,34;2,00E-4
0,689;4,373;0,997;2,24E-4;224,16;-1,24E-4;287,47;3,96E-4
0,690;4,372;0,996;2,24E-4;224,13;-7,37E-5;287,36;2,30E-4
0,691;4,371;0,995;2,24E-4;224,10;-6,83E-6;287,24;5,60E-5
0,692;4,371;0,996;2,24E-4;224,12;-4,94E-5;287,28;1,14E-4
0,693;4,371;0,996;2,24E-4;224,12;-4,25E-5;287,33;1,92E-4
0,694;4,371;0,996;2,24E-4;224,10;-1,14E-5;287,26;8,40E-5
0,695;4,370;0,995;2,24E-4;224,07;4,63E-5;287,14;-1,08E-4
0,696;4,371;0,996;2,24E-4;224,12;-5,01E-5;287,31;1,55E-4
0,697;4,371;0,996;2,24E-4;224,10;-1,82E-5;287,29;1,25E-4
0,698;4,371;0,996;2,24E-4;224,12;-3,95E-5;287,36;2,24E-4
0,699;4,371;0,996;2,24E-4;224,10;-7,59E-6;287,27;1,01E-4
0,700;4,371;0,996;2,24E-4;224,12;-4,10E-5;287,30;1,46E-4
0,701;4,370;0,995;2,24E-4;224,08;2,43E-5;287,20;-1,51E-5
0,702;4,371;0,995;2,24E-4;224,10;-1,52E-6;287,22;1,72E-5
0,703;4,370;0,995;2,24E-4;224,07;5,39E-5;287,17;-6,46E-5
0,704;4,372;0,997;2,24E-4;224,13;-7,52E-5;287,39;2,71E-4
0,705;4,371;0,995;2,24E-4;224,09;1,52E-6;287,25;6,03E-5
0,706;4,371;0,996;2,24E-4;224,12;-5,01E-5;287,34;1,94E-4
0,707;4,372;0,996;2,24E-4;224,13;-6,45E-5;287,34;2,02E-4
0,708;4,370;0,995;2,24E-4;224,08;1,97E-5;287,21;1,08E-5
0,709;4,372;0,997;2,24E-4;224,13;-6,61E-5;287,38;2,58E-4
0,710;4,371;0,996;2,24E-4;224,12;-3,95E-5;287,32;1,72E-4
0,711;4,371;0,995;2,24E-4;224,09;7,59E-7;287,23;4,09E-5
0,712;4,371;0,996;2,24E-4;224,12;-5,39E-5;287,35;2,09E-4
0,713;4,371;0,996;2,24E-4;224,10;-7,59E-6;287,26;8,19E-5
0,714;4,372;0,996;2,24E-4;224,13;-5,92E-5;287,36;2,28E-4
0,715;4,372;0,997;2,24E-4;224,13;-6,38E-5;287,43;3,32E-4
0,716;4,372;0,997;2,24E-4;224,15;-1,06E-4;287,46;3,75E-4
0,717;4,371;0,995;2,24E-4;224,10;0,00;287,23;3,66E-5
0,718;4,371;0,995;2,24E-4;224,10;0,00;287,24;4,74E-5
0,719;4,372;0,996;2,24E-4;224,13;-5,92E-5;287,36;2,28E-4
0,720;4,372;0,997;2,24E-4;224,15;-1,07E-4;287,48;4,16E-4
0,721;4,371;0,996;2,24E-4;224,12;-3,87E-5;287,30;1,42E-4
0,722;4,370;0,995;2,24E-4;224,08;2,66E-5;287,18;-4,96E-5
0,723;4,370;0,995;2,24E-4;224,07;4,48E-5;287,16;-7,76E-5
0,724;4,371;0,996;2,24E-4;224,12;-4,86E-5;287,34;2,05E-4
0,725;4,372;0,997;2,24E-4;224,14;-7,82E-5;287,37;2,41E-4
0,726;4,371;0,996;2,24E-4;224,12;-4,71E-5;287,35;2,11E-4
0,727;4,371;0,995;2,24E-4;224,10;-3,80E-6;287,25;6,25E-5
0,728;4,371;0,996;2,24E-4;224,11;-3,80E-5;287,32;1,66E-4
0,729;4,370;0,995;2,24E-4;224,08;3,19E-5;287,16;-7,33E-5
0,730;4,370;0,995;2,24E-4;224,07;4,18E-5;287,18;-4,74E-5
0,731;4,370;0,995;2,24E-4;224,08;2,58E-5;287,21;0,00
0,732;4,371;0,996;2,24E-4;224,12;-4,63E-5;287,34;1,94E-4
0,733;4,371;0,996;2,24E-4;224,10;-1,59E-5;287,27;9,05E-5
0,734;4,370;0,995;2,24E-4;224,08;3,19E-5;287,20;-1,08E-5
0,735;4,370;0,995;2,24E-4;224,09;1,67E-5;287,21;4,31E-6
0,736;4,370;0,995;2,24E-4;224,09;6,08E-6;287,22;1,51E-5
0,737;4,370;0,995;2,24E-4;224,09;6,83E-6;287,24;4,31E-5
0,738;4,370;0,995;2,24E-4;224,09;9,11E-6;287,21;2,15E-6
0,739;4,370;0,995;2,24E-4;224,08;3,87E-5;287,17;-5,60E-5
0,740;4,371;0,996;2,24E-4;224,11;-2,43E-5;287,30;1,34E-4
0,741;4,371;0,996;2,24E-4;224,12;-4,40E-5;287,28;1,06E-4
0,742;4,371;0,996;2,24E-4;224,10;-6,08E-6;287,27;9,05E-5
0,743;4,371;0,996;2,24E-4;224,12;-4,71E-5;287,33;1,81E-4
0,744;4,371;0,996;2,24E-4;224,11;-3,42E-5;287,32;1,66E-4
0,745;4,372;0,997;2,24E-4;224,14;-9,64E-5;287,47;4,01E-4
0,746;4,373;0,998;2,24E-4;224,16;-1,28E-4;287,49;4,33E-4
0,747;4,371;0,996;2,24E-4;224,11;-3,80E-5;287,31;1,53E-4
0,748;4,371;0,996;2,24E-4;224,11;-2,73E-5;287,29;1,23E-4
0,749;4,371;0,996;2,24E-4;224,10;-1,06E-5;287,28;1,12E-4
0,750;4,371;0,995;2,24E-4;224,10;-2,28E-6;287,24;5,60E-5
0,751;4,371;0,996;2,24E-4;224,11;-3,64E-5;287,31;1,49E-4
0,752;4,371;0,996;2,24E-4;224,11;-2,66E-5;287,29;1,31E-4
0,753;4,371;0,996;2,24E-4;224,10;-3,04E-6;287,26;7,76E-5
0,754;4,372;0,996;2,24E-4;224,13;-6,91E-5;287,36;2,37E-4
0,755;4,372;0,997;2,24E-4;224,16;-1,17E-4;287,48;4,07E-4
0,756;4,371;0,996;2,24E-4;224,10;-1,90E-5;287,31;1,57E-4
0,757;4,372;0,996;2,24E-4;224,13;-6,61E-5;287,32;1,77E-4
0,758;4,371;0,996;2,24E-4;224,11;-1,97E-5;287,29;1,23E-4
0,759;4,370;0,995;2,24E-4;224,09;1,82E-5;287,18;-3,66E-5
0,760;4,370;0,995;2,24E-4;224,07;4,86E-5;287,15;-8,40E-5
0,761;4,370;0,994;2,24E-4;224,07;4,33E-5;287,12;-1,29E-4
0,762;4,371;0,995;2,24E-4;224,10;-5,32E-6;287,24;4,96E-5
0,763;4,371;0,996;2,24E-4;224,11;-3,72E-5;287,34;2,05E-4
0,764;4,371;0,996;2,24E-4;224,11;-3,11E-5;287,29;1,25E-4
0,765;4,371;0,996;2,24E-4;224,11;-3,34E-5;287,29;1,31E-4
0,766;4,371;0,996;2,24E-4;224,10;-7,59E-6;287,27;9,48E-5
0,767;4,372;0,997;2,24E-4;224,15;-1,03E-4;287,44;3,53E-4
0,768;4,371;0,996;2,24E-4;224,10;-5,32E-6;287,26;7,97E-5
0,769;4,371;0,995;2,24E-4;224,10;0,00;287,24;4,31E-5
0,770;4,372;0,997;2,24E-4;224,14;-7,90E-5;287,38;2,56E-4
0,771;4,371;0,996;2,24E-4;224,12;-4,25E-5;287,33;1,87E-4
0,772;4,371;0,996;2,24E-4;224,10;-1,67E-5;287,29;1,29E-4
0,773;4,371;0,995;2,24E-4;224,10;-1,22E-5;287,24;4,52E-5
0,774;4,370;0,995;2,24E-4;224,07;4,56E-5;287,17;-6,46E-5
0,775;4,371;0,996;2,24E-4;224,10;-1,82E-5;287,27;8,83E-5
0,776;4,371;0,996;2,24E-4;224,12;-4,78E-5;287,32;1,66E-4
0,777;4,370;0,995;2,24E-4;224,09;9,11E-6;287,24;4,52E-5
0,778;4,371;0,996;2,24E-4;224,12;-5,39E-5;287,37;2,39E-4
0,779;4,370;0,995;2,24E-4;224,08;3,65E-5;287,15;-8,62E-5
0,780;4,371;0,996;2,24E-4;224,11;-2,13E-5;287,30;1,40E-4
0,781;4,372;0,997;2,24E-4;224,13;-6,45E-5;287,38;2,56E-4
0,782;4,371;0,996;2,24E-4;224,10;-1,37E-5;287,30;1,38E-4
0,783;4,369;0,995;2,24E-4;224,06;7,21E-5;287,17;-6,46E-5
0,784;4,371;0,996;2,24E-4;224,09;7,59E-7;287,27;9,26E-5
0,785;4,371;0,996;2,24E-4;224,12;-4,40E-5;287,34;1,94E-4
0,786;4,371;0,996;2,24E-4;224,11;-3,42E-5;287,32;1,64E-4
0,787;4,371;0,996;2,24E-4;224,10;-1,44E-5;287,29;1,18E-4
0,788;4,370;0,994;2,24E-4;224,07;5,16E-5;287,11;-1,53E-4
0,789;4,371;0,996;2,24E-4;224,11;-2,51E-5;287,30;1,34E-4
0,790;4,370;0,995;2,24E-4;224,09;1,06E-5;287,21;8,62E-6
0,791;4,370;0,995;2,24E-4;224,08;3,65E-5;287,20;-1,72E-5
0,792;4,371;0,996;2,24E-4;224,11;-2,51E-5;287,27;9,05E-5
0,793;4,370;0,995;2,24E-4;224,09;1,67E-5;287,21;4,31E-6
0,794;4,370;0,995;2,24E-4;224,07;4,63E-5;287,14;-9,91E-5
0,795;4,371;0,995;2,24E-4;224,10;-5,32E-6;287,21;8,62E-6
0,796;4,371;0,996;2,24E-4;224,10;-8,35E-6;287,27;9,05E-5
0,797;4,371;0,996;2,24E-4;224,11;-2,20E-5;287,33;1,85E-4
0,798;4,371;0,996;2,24E-4;224,10;-1,06E-5;287,26;7,33E-5
0,799;4,370;0,995;2,24E-4;224,08;2,96E-5;287,21;0,00
0,800;4,370;0,995;2,24E-4;224,09;6,08E-6;287,23;3,45E-5
0,801;4,370;0,996;2,24E-4;224,09;9,11E-6;287,27;9,69E-5
0,802;4,371;0,995;2,24E-4;224,10;0,00;287,24;4,52E-5
0,803;4,372;0,997;2,24E-4;224,13;-6,45E-5;287,37;2,43E-4
0,804;4,372;0,997;2,24E-4;224,13;-5,85E-5;287,38;2,54E-4
0,805;4,370;0,995;2,24E-4;224,09;8,35E-6;287,25;5,82E-5
0,806;4,371;0,995;2,24E-4;224,10;-3,04E-6;287,24;4,31E-5
0,807;4,370;0,995;2,24E-4;224,09;1,22E-5;287,23;3,02E-5
0,808;4,370;0,995;2,24E-4;224,06;6,30E-5;287,16;-6,68E-5
0,809;4,370;0,995;2,24E-4;224,09;1,14E-5;287,24;5,60E-5
0,810;4,371;0,996;2,24E-4;224,12;-5,47E-5;287,33;1,87E-4
0,811;4,371;0,996;2,24E-4;224,12;-4,18E-5;287,32;1,64E-4
0,812;4,371;0,996;2,24E-4;224,12;-4,25E-5;287,32;1,70E-4
0,813;4,371;0,996;2,24E-4;224,10;-1,14E-5;287,28;1,06E-4
0,814;4,371;0,996;2,24E-4;224,10;-1,14E-5;287,26;7,97E-5
0,815;4,370;0,995;2,24E-4;224,08;3,65E-5;287,17;-6,03E-5
0,816;4,370;0,995;2,24E-4;224,09;8,35E-6;287,25;6,46E-5
0,817;4,371;0,996;2,24E-4;224,12;-4,56E-5;287,32;1,70E-4
0,818;4,370;0,996;2,24E-4;224,09;4,56E-6;287,26;7,54E-5
0,819;4,370;0,995;2,24E-4;224,08;3,57E-5;287,20;-1,94E-5
0,820;4,370;0,995;2,24E-4;224,08;2,20E-5;287,18;-4,96E-5
0,821;4,371;0,996;2,24E-4;224,11;-2,28E-5;287,27;9,26E-5
0,822;4,371;0,996;2,24E-4;224,10;-1,06E-5;287,26;8,19E-5
0,823;4,370;0,995;2,24E-4;224,08;2,58E-5;287,20;-1,29E-5
0,824;4,370;0,995;2,24E-4;224,08;3,80E-5;287,21;-4,31E-6
0,825;4,372;0,996;2,24E-4;224,13;-5,92E-5;287,36;2,30E-4
0,826;4,372;0,997;2,24E-4;224,14;-7,97E-5;287,42;3,14E-4
0,827;4,371;0,996;2,24E-4;224,12;-4,33E-5;287,35;2,20E-4
0,828;4,372;0,997;2,24E-4;224,14;-8,58E-5;287,41;2,99E-4
0,829;4,371;0,996;2,24E-4;224,11;-2,28E-5;287,27;1,01E-4
0,830;4,370;0,994;2,24E-4;224,06;6,46E-5;287,12;-1,27E-4
0,831;4,369;0,994;2,24E-4;224,05;8,58E-5;287,13;-1,19E-4
0,832;4,370;0,995;2,24E-4;224,09;6,83E-6;287,21;0,00
0,833;4,371;0,996;2,24E-4;224,10;-9,11E-6;287,29;1,18E-4
0,834;4,370;0,995;2,24E-4;224,09;1,90E-5;287,20;-6,46E-6
0,835;4,371;0,995;2,24E-4;224,11;-2,20E-5;287,24;5,60E-5
0,836;4,372;0,997;2,24E-4;224,14;-7,90E-5;287,38;2,65E-4
0,837;4,371;0,996;2,24E-4;224,11;-3,42E-5;287,31;1,51E-4
0,838;4,371;0,996;2,24E-4;224,11;-2,58E-5;287,31;1,57E-4
0,839;4,371;0,996;2,24E-4;224,09;3,04E-6;287,26;7,76E-5
0,840;4,371;0,996;2,24E-4;224,10;-9,11E-6;287,25;7,11E-5
0,841;4,370;0,995;2,24E-4;224,08;3,72E-5;287,22;2,37E-5
0,842;4,371;0,996;2,24E-4;224,11;-3,57E-5;287,33;1,83E-4
0,843;4,371;0,996;2,24E-4;224,12;-4,25E-5;287,31;1,59E-4
0,844;4,371;0,996;2,24E-4;224,10;-1,82E-5;287,30;1,44E-4
0,845;4,370;0,995;2,24E-4;224,09;1,14E-5;287,24;4,31E-5
0,846;4,371;0,996;2,24E-4;224,09;3,04E-6;287,26;8,19E-5
0,847;4,371;0,996;2,24E-4;224,11;-2,35E-5;287,32;1,70E-4
0,848;4,371;0,996;2,24E-4;224,11;-3,57E-5;287,30;1,46E-4
0,849;4,372;0,997;2,24E-4;224,14;-8,43E-5;287,41;3,12E-4
0,850;4,372;0,997;2,24E-4;224,13;-7,29E-5;287,37;2,52E-4
0,851;4,371;0,996;2,24E-4;224,12;-5,32E-5;287,36;2,35E-4
0,852;4,371;0,996;2,24E-4;224,12;-4,33E-5;287,34;2,05E-4
0,853;4,371;0,996;2,24E-4;224,10;-1,14E-5;287,25;6,89E-5
0,854;4,371;0,995;2,24E-4;224,10;0,00;287,22;1,72E-5
0,855;4,371;0,996;2,24E-4;224,10;-1,67E-5;287,26;8,40E-5
0,856;4,370;0,995;2,24E-4;224,08;3,11E-5;287,16;-7,11E-5
0,857;4,371;0,995;2,24E-4;224,10;-1,52E-5;287,25;5,82E-5
0,858;4,372;0,997;2,24E-4;224,13;-6,38E-5;287,37;2,50E-4
0,859;4,370;0,995;2,24E-4;224,07;5,70E-5;287,14;-1,03E-4
0,860;4,370;0,994;2,24E-4;224,07;4,56E-5;287,13;-1,21E-4
0,861;4,371;0,996;2,24E-4;224,10;-6,08E-6;287,28;1,06E-4
0,862;4,372;0,997;2,24E-4;224,14;-9,49E-5;287,41;3,10E-4
0,863;4,370;0,995;2,24E-4;224,09;5,32E-6;287,23;3,45E-5
0,864;4,370;0,995;2,24E-4;224,06;5,92E-5;287,17;-6,46E-5
0,865;4,371;0,996;2,24E-4;224,10;-1,37E-5;287,27;8,83E-5
0,866;4,371;0,996;2,24E-4;224,12;-4,63E-5;287,30;1,46E-4
0,867;4,372;0,997;2,24E-4;224,14;-8,35E-5;287,41;3,12E-4
0,868;4,372;0,998;2,24E-4;224,15;-1,06E-4;287,49;4,22E-4
0,869;4,370;0,994;2,24E-4;224,06;6,15E-5;287,13;-1,14E-4
0,870;4,370;0,995;2,24E-4;224,09;6,83E-6;287,19;-3,45E-5
0,871;4,371;0,996;2,24E-4;224,12;-5,70E-5;287,31;1,62E-4
0,872;4,371;0,996;2,24E-4;224,11;-3,11E-5;287,29;1,23E-4
0,873;4,371;0,996;2,24E-4;224,10;-8,35E-6;287,29;1,23E-4
0,874;4,371;0,995;2,24E-4;224,10;-1,06E-5;287,23;4,09E-5
0,875;4,370;0,995;2,24E-4;224,08;3,04E-5;287,17;-5,60E-5
0,876;4,371;0,996;2,24E-4;224,11;-2,66E-5;287,28;1,03E-4
0,877;4,371;0,996;2,24E-4;224,11;-3,27E-5;287,31;1,51E-4
0,878;4,371;0,996;2,24E-4;224,12;-5,47E-5;287,32;1,66E-4
0,879;4,372;0,997;2,24E-4;224,13;-7,14E-5;287,39;2,80E-4
0,880;4,370;0,995;2,24E-4;224,09;1,44E-5;287,20;-6,46E-6
0,881;4,370;0,995;2,24E-4;224,08;2,20E-5;287,22;1,94E-5
0,882;4,370;0,994;2,24E-4;224,06;6,15E-5;287,12;-1,36E-4
0,883;4,371;0,996;2,24E-4;224,10;-3,04E-6;287,26;8,62E-5
0,884;4,372;0,997;2,24E-4;224,14;-8,12E-5;287,41;3,02E-4
0,885;4,372;0,996;2,24E-4;224,13;-5,85E-5;287,36;2,24E-4
0,886;4,371;0,995;2,24E-4;224,10;-7,59E-6;287,25;6,03E-5
0,887;4,372;0,996;2,24E-4;224,13;-6,23E-5;287,33;1,92E-4
0,888;4,371;0,995;2,24E-4;224,10;-6,83E-6;287,25;6,46E-5
0,889;4,369;0,994;2,24E-4;224,05;7,90E-5;287,11;-1,47E-4
0,890;4,371;0,996;2,24E-4;224,10;-1,22E-5;287,26;7,54E-5
0,891;4,370;0,996;2,24E-4;224,09;4,56E-6;287,27;9,26E-5
0,892;4,371;0,996;2,24E-4;224,11;-3,11E-5;287,30;1,40E-4
0,893;4,371;0,995;2,24E-4;224,10;-2,28E-6;287,22;1,72E-5
0,894;4,372;0,997;2,24E-4;224,15;-9,80E-5;287,40;2,93E-4
0,895;4,372;0,996;2,24E-4;224,14;-8,28E-5;287,36;2,28E-4
0,896;4,371;0,996;2,24E-4;224,11;-2,96E-5;287,26;8,40E-5
0,897;4,369;0,994;2,24E-4;224,05;7,97E-5;287,06;-2,20E-4
0,898;4,369;0,994;2,24E-4;224,06;6,84E-5;287,09;-1,72E-4
0,899;4,371;0,995;2,24E-4;224,10;-1,22E-5;287,24;4,96E-5
0,900;4,372;0,996;2,24E-4;224,13;-6,15E-5;287,34;2,02E-4
0,901;4,371;0,996;2,24E-4;224,11;-2,51E-5;287,32;1,72E-4
0,902;4,372;0,996;2,24E-4;224,13;-6,68E-5;287,36;2,35E-4
0,903;4,371;0,996;2,24E-4;224,10;-1,90E-5;287,28;1,10E-4
0,904;4,372;0,997;2,24E-4;224,14;-9,04E-5;287,42;3,19E-4
0,905;4,372;0,997;2,24E-4;224,14;-8,81E-5;287,41;2,99E-4
0,906;4,371;0,996;2,24E-4;224,12;-4,56E-5;287,31;1,57E-4
0,907;4,371;0,996;2,24E-4;224,12;-5,39E-5;287,34;2,00E-4
0,908;4,372;0,997;2,24E-4;224,15;-1,08E-4;287,43;3,36E-4
0,909;4,372;0,997;2,24E-4;224,14;-9,19E-5;287,39;2,76E-4
0,910;4,371;0,995;2,24E-4;224,10;-1,06E-5;287,22;1,29E-5
0,911;4,370;0,995;2,24E-4;224,09;1,59E-5;287,19;-3,23E-5
0,912;4,371;0,996;2,24E-4;224,10;-1,90E-5;287,27;8,83E-5
0,913;4,371;0,995;2,24E-4;224,10;-3,04E-6;287,21;1,08E-5
0,914;4,370;0,995;2,24E-4;224,09;1,14E-5;287,22;1,29E-5
0,915;4,369;0,994;2,24E-4;224,06;7,06E-5;287,10;-1,64E-4
0,916;4,371;0,996;2,24E-4;224,10;-1,82E-5;287,27;8,83E-5
0,917;4,371;0,996;2,24E-4;224,12;-4,10E-5;287,29;1,18E-4
0,918;4,370;0,995;2,24E-4;224,07;5,24E-5;287,14;-9,91E-5
0,919;4,370;0,994;2,24E-4;224,07;5,77E-5;287,13;-1,12E-4
0,920;4,370;0,995;2,24E-4;224,08;2,81E-5;287,19;-2,59E-5
0,921;4,371;0,996;2,24E-4;224,12;-4,94E-5;287,32;1,77E-4
0,922;4,371;0,996;2,24E-4;224,11;-2,66E-5;287,29;1,25E-4
0,923;4,371;0,996;2,24E-4;224,12;-5,16E-5;287,30;1,36E-4
0,924;4,372;0,997;2,24E-4;224,14;-8,73E-5;287,42;3,25E-4
0,925;4,372;0,997;2,24E-4;224,15;-9,95E-5;287,42;3,17E-4
0,926;4,371;0,996;2,24E-4;224,10;-3,04E-6;287,26;7,54E-5
0,927;4,372;0,996;2,24E-4;224,13;-6,45E-5;287,36;2,37E-4
0,928;4,371;0,996;2,24E-4;224,12;-5,54E-5;287,36;2,33E-4
0,929;4,371;0,995;2,24E-4;224,10;-7,59E-6;287,23;3,66E-5
0,930;4,370;0,995;2,24E-4;224,08;2,20E-5;287,20;-8,62E-6
0,931;4,371;0,996;2,24E-4;224,12;-4,25E-5;287,30;1,34E-4
0,932;4,373;0,997;2,24E-4;224,16;-1,21E-4;287,48;4,11E-4
0,933;4,372;0,997;2,24E-4;224,13;-5,92E-5;287,37;2,43E-4
0,934;4,370;0,995;2,24E-4;224,08;3,49E-5;287,19;-3,23E-5
0,935;4,371;0,995;2,24E-4;224,11;-2,96E-5;287,24;4,96E-5
0,936;4,371;0,996;2,24E-4;224,10;-3,04E-6;287,25;6,68E-5
0,937;4,371;0,995;2,24E-4;224,10;-1,67E-5;287,24;5,17E-5
0,938;4,372;0,997;2,24E-4;224,14;-9,42E-5;287,41;3,08E-4
0,939;4,371;0,996;2,24E-4;224,10;-1,82E-5;287,28;1,16E-4
0,940;4,371;0,995;2,24E-4;224,10;-3,80E-6;287,23;3,66E-5
0,941;4,371;0,996;2,24E-4;224,12;-4,02E-5;287,33;1,90E-4
0,942;4,372;0,997;2,24E-4;224,13;-6,99E-5;287,39;2,76E-4
0,943;4,372;0,997;2,24E-4;224,14;-8,66E-5;287,40;2,93E-4
0,944;4,371;0,996;2,24E-4;224,11;-3,11E-5;287,32;1,70E-4
0,945;4,371;0,996;2,24E-4;224,10;-1,14E-5;287,26;7,97E-5
0,946;4,370;0,995;2,24E-4;224,08;2,28E-5;287,17;-5,82E-5
0,947;4,370;0,995;2,24E-4;224,08;3,27E-5;287,21;0,00
0,948;4,371;0,996;2,24E-4;224,12;-4,78E-5;287,37;2,39E-4
0,949;4,370;0,995;2,24E-4;224,08;2,73E-5;287,17;-6,25E-5
0,950;4,370;0,995;2,24E-4;224,09;1,14E-5;287,19;-2,80E-5
0,951;4,370;0,995;2,24E-4;224,07;4,02E-5;287,17;-5,82E-5
0,952;4,370;0,995;2,24E-4;224,09;1,59E-5;287,23;3,45E-5
0,953;4,372;0,996;2,24E-4;224,13;-6,07E-5;287,34;2,07E-4
0,954;4,371;0,996;2,24E-4;224,11;-2,43E-5;287,30;1,34E-4
0,955;4,371;0,996;2,24E-4;224,11;-2,58E-5;287,32;1,72E-4
0,956;4,372;0,996;2,24E-4;224,13;-7,52E-5;287,36;2,28E-4
0,957;4,372;0,996;2,24E-4;224,13;-5,85E-5;287,33;1,92E-4
0,958;4,370;0,995;2,24E-4;224,09;9,11E-6;287,19;-3,23E-5
0,959;4,372;0,996;2,24E-4;224,14;-7,90E-5;287,36;2,30E-4
0,960;4,372;0,997;2,24E-4;224,15;-1,09E-4;287,44;3,55E-4
0,961;4,372;0,997;2,24E-4;224,13;-7,59E-5;287,39;2,74E-4
0,962;4,371;0,996;2,24E-4;224,12;-5,01E-5;287,36;2,24E-4
0,963;4,372;0,996;2,24E-4;224,13;-6,30E-5;287,33;1,92E-4
0,964;4,371;0,996;2,24E-4;224,11;-2,05E-5;287,26;8,19E-5
0,965;4,371;0,996;2,24E-4;224,12;-4,10E-5;287,31;1,51E-4
0,966;4,370;0,995;2,24E-4;224,07;4,56E-5;287,16;-7,97E-5
0,967;4,371;0,996;2,24E-4;224,11;-2,28E-5;287,28;1,03E-4
0,968;4,370;0,995;2,24E-4;224,07;4,86E-5;287,15;-9,27E-5
0,969;4,371;0,996;2,24E-4;224,12;-5,39E-5;287,35;2,18E-4
0,970;4,372;0,997;2,24E-4;224,13;-6,53E-5;287,38;2,54E-4
0,971;4,372;0,996;2,24E-4;224,13;-6,61E-5;287,35;2,18E-4
0,972;4,371;0,995;2,24E-4;224,09;3,04E-6;287,25;6,25E-5
0,973;4,370;0,995;2,24E-4;224,07;4,71E-5;287,14;-9,91E-5
0,974;4,370;0,995;2,24E-4;224,09;1,67E-5;287,21;1,08E-5
0,975;4,371;0,995;2,24E-4;224,10;-5,32E-6;287,24;4,96E-5
0,976;4,372;0,997;2,24E-4;224,14;-8,96E-5;287,38;2,65E-4
0,977;4,371;0,996;2,24E-4;224,12;-5,01E-5;287,35;2,09E-4
0,978;4,371;0,995;2,24E-4;224,10;-8,35E-6;287,23;4,09E-5
0,979;4,371;0,996;2,24E-4;224,11;-2,89E-5;287,27;9,48E-5
0,980;4,372;0,996;2,24E-4;224,13;-5,85E-5;287,30;1,40E-4
0,981;4,371;0,996;2,24E-4;224,12;-4,78E-5;287,28;1,03E-4
0,982;4,371;0,995;2,24E-4;224,10;0,00;287,21;8,62E-6
0,983;4,372;0,996;2,24E-4;224,13;-7,29E-5;287,35;2,22E-4
0,984;4,371;0,996;2,24E-4;224,11;-2,20E-5;287,28;1,08E-4
0,985;4,371;0,996;2,24E-4;224,12;-4,33E-5;287,31;1,55E-4
0,986;4,371;0,996;2,24E-4;224,11;-3,72E-5;287,27;1,01E-4
0,987;4,371;0,996;2,24E-4;224,10;-7,59E-7;287,25;7,11E-5
0,988;4,371;0,996;2,24E-4;224,12;-4,10E-5;287,31;1,55E-4
0,989;4,372;0,997;2,24E-4;224,15;-1,07E-4;287,47;4,01E-4
0,990;4,370;0,995;2,24E-4;224,09;4,56E-6;287,23;3,45E-5
0,991;4,370;0,995;2,24E-4;224,08;2,43E-5;287,19;-3,23E-5
0,992;4,370;0,995;2,24E-4;224,08;2,51E-5;287,21;8,62E-6
0,993;4,371;0,996;2,24E-4;224,12;-4,86E-5;287,31;1,51E-4
0,994;4,371;0,996;2,24E-4;224,11;-2,51E-5;287,30;1,46E-4
0,995;4,371;0,996;2,24E-4;224,12;-5,16E-5;287,33;1,79E-4
0,996;4,371;0,996;2,24E-4;224,10;-1,90E-5;287,26;7,97E-5
0,997;4,370;0,995;2,24E-4;224,08;2,05E-5;287,19;-3,02E-5
0,998;4,371;0,996;2,24E-4;224,11;-3,04E-5;287,26;7,33E-5
0,999;4,371;0,996;2,24E-4;224,12;-4,63E-5;287,34;1,94E-4
1,000;4,370;0,995;2,24E-4;224,08;3,72E-5;287,17;-5,82E-5
1,001;4,372;0,996;2,24E-4;224,13;-5,85E-5;287,35;2,20E-4
1,002;4,372;0,996;2,24E-4;224,13;-5,85E-5;287,33;1,87E-4
1,003;4,372;0,996;2,24E-4;224,13;-6,53E-5;287,35;2,18E-4
1,004;4,371;0,996;2,24E-4;224,10;-1,22E-5;287,29;1,27E-4
1,005;4,372;0,997;2,24E-4;224,15;-1,07E-4;287,39;2,80E-4
1,006;4,372;0,996;2,24E-4;224,13;-7,59E-5;287,36;2,28E-4
1,007;4,372;0,997;2,24E-4;224,13;-6,61E-5;287,38;2,65E-4
1,008;4,371;0,996;2,24E-4;224,12;-4,63E-5;287,35;2,09E-4
1,009;4,370;0,995;2,24E-4;224,09;7,59E-6;287,23;4,09E-5
1,010;4,371;0,996;2,24E-4;224,11;-2,66E-5;287,26;8,40E-5
1,011;4,371;0,996;2,24E-4;224,10;-8,35E-6;287,25;6,89E-5
1,012;4,371;0,996;2,24E-4;224,12;-4,33E-5;287,30;1,42E-4
1,013;4,371;0,995;2,24E-4;224,10;-6,08E-6;287,24;5,60E-5
1,014;4,371;0,996;2,24E-4;224,11;-2,89E-5;287,29;1,18E-4
1,015;4,371;0,996;2,24E-4;224,12;-5,32E-5;287,34;2,00E-4
1,016;4,371;0,996;2,24E-4;224,11;-3,57E-5;287,27;1,01E-4
1,017;4,371;0,996;2,24E-4;224,12;-4,78E-5;287,31;1,49E-4
1,018;4,372;0,996;2,24E-4;224,13;-6,61E-5;287,35;2,20E-4
1,019;4,372;0,996;2,24E-4;224,13;-6,23E-5;287,34;2,00E-4
1,020;4,371;0,996;2,24E-4;224,11;-2,13E-5;287,29;1,27E-4
1,021;4,372;0,997;2,24E-4;224,14;-8,05E-5;287,39;2,71E-4
1,022;4,371;0,996;2,24E-4;224,11;-3,80E-5;287,32;1,66E-4
1,023;4,371;0,996;2,24E-4;224,11;-2,28E-5;287,27;9,91E-5
1,024;4,371;0,995;2,24E-4;224,10;-2,28E-6;287,22;1,94E-5
1,025;4,371;0,996;2,24E-4;224,11;-2,96E-5;287,27;1,01E-4
1,026;4,370;0,995;2,24E-4;224,09;5,32E-6;287,20;-8,62E-6
1,027;4,370;0,995;2,24E-4;224,08;3,34E-5;287,17;-5,17E-5
1,028;4,371;0,995;2,24E-4;224,11;-2,05E-5;287,24;4,74E-5
1,029;4,371;0,996;2,24E-4;224,12;-4,02E-5;287,31;1,49E-4
1,030;4,371;0,995;2,24E-4;224,10;-1,52E-6;287,23;3,02E-5
1,031;4,371;0,995;2,24E-4;224,10;-1,44E-5;287,20;-8,62E-6
1,032;4,371;0,996;2,24E-4;224,12;-5,24E-5;287,32;1,70E-4
1,033;4,371;0,996;2,24E-4;224,11;-2,81E-5;287,25;6,89E-5
1,034;4,372;0,997;2,24E-4;224,15;-1,07E-4;287,43;3,30E-4
1,035;4,370;0,995;2,24E-4;224,07;4,25E-5;287,17;-5,39E-5
1,036;4,371;0,996;2,24E-4;224,12;-4,18E-5;287,29;1,21E-4
1,037;4,371;0,995;2,24E-4;224,11;-2,13E-5;287,24;4,96E-5
1,038;4,371;0,996;2,24E-4;224,11;-2,05E-5;287,29;1,27E-4
1,039;4,371;0,995;2,24E-4;224,09;3,04E-6;287,21;-2,15E-6
1,040;4,371;0,996;2,24E-4;224,12;-4,48E-5;287,32;1,72E-4
1,041;4,372;0,997;2,24E-4;224,14;-9,34E-5;287,45;3,62E-4
1,042;4,371;0,996;2,24E-4;224,12;-5,16E-5;287,33;1,85E-4
1,043;4,370;0,995;2,24E-4;224,08;2,66E-5;287,19;-3,02E-5
1,044;4,371;0,996;2,24E-4;224,12;-5,62E-5;287,35;2,22E-4
1,045;4,371;0,996;2,24E-4;224,12;-4,63E-5;287,33;1,92E-4
1,046;4,371;0,996;2,24E-4;224,10;-1,06E-5;287,27;1,01E-4
1,047;4,372;0,997;2,24E-4;224,14;-9,04E-5;287,43;3,36E-4
1,048;4,372;0,997;2,24E-4;224,14;-8,12E-5;287,37;2,52E-4
1,049;4,371;0,995;2,24E-4;224,09;3,04E-6;287,23;3,66E-5
1,050;4,371;0,996;2,24E-4;224,11;-2,51E-5;287,29;1,18E-4
1,051;4,371;0,996;2,24E-4;224,11;-2,96E-5;287,25;7,11E-5
1,052;4,371;0,996;2,24E-4;224,11;-2,05E-5;287,28;1,10E-4
1,053;4,372;0,997;2,24E-4;224,14;-7,97E-5;287,41;3,06E-4
1,054;4,370;0,995;2,24E-4;224,09;1,67E-5;287,23;3,45E-5
1,055;4,371;0,996;2,24E-4;224,12;-4,02E-5;287,28;1,03E-4
1,056;4,371;0,996;2,24E-4;224,10;-1,22E-5;287,26;7,33E-5
1,057;4,371;0,995;2,24E-4;224,10;-4,56E-6;287,24;4,31E-5
1,058;4,371;0,996;2,24E-4;224,11;-2,81E-5;287,27;9,91E-5
1,059;4,371;0,995;2,24E-4;224,10;-1,14E-5;287,23;3,23E-5
1,060;4,371;0,995;2,24E-4;224,10;-1,67E-5;287,24;4,96E-5
1,061;4,371;0,996;2,24E-4;224,12;-3,87E-5;287,29;1,27E-4
1,062;4,371;0,996;2,24E-4;224,12;-4,33E-5;287,29;1,18E-4
1,063;4,372;0,997;2,24E-4;224,14;-8,28E-5;287,38;2,58E-4
1,064;4,372;0,997;2,24E-4;224,13;-7,37E-5;287,38;2,61E-4
1,065;4,371;0,996;2,24E-4;224,12;-4,48E-5;287,32;1,66E-4
1,066;4,371;0,996;2,24E-4;224,12;-4,10E-5;287,32;1,68E-4
1,067;4,372;0,997;2,24E-4;224,14;-7,90E-5;287,38;2,63E-4
1,068;4,371;0,996;2,24E-4;224,11;-3,80E-5;287,31;1,55E-4
1,069;4,370;0,994;2,24E-4;224,06;6,46E-5;287,11;-1,44E-4
1,070;4,372;0,996;2,24E-4;224,13;-7,06E-5;287,35;2,15E-4
1,071;4,371;0,996;2,24E-4;224,11;-3,72E-5;287,29;1,27E-4
1,072;4,371;0,996;2,24E-4;224,11;-3,42E-5;287,31;1,51E-4
1,073;4,371;0,996;2,24E-4;224,11;-3,04E-5;287,27;1,01E-4
1,074;4,371;0,996;2,24E-4;224,10;-1,06E-5;287,27;1,01E-4
1,075;4,372;0,996;2,24E-4;224,13;-6,83E-5;287,35;2,20E-4
1,076;4,371;0,995;2,24E-4;224,10;-8,35E-6;287,24;5,17E-5
1,077;4,372;0,997;2,24E-4;224,13;-7,29E-5;287,39;2,74E-4
1,078;4,371;0,996;2,24E-4;224,11;-2,96E-5;287,26;7,54E-5
1,079;4,371;0,996;2,24E-4;224,11;-2,43E-5;287,30;1,42E-4
1,080;4,370;0,994;2,24E-4;224,07;4,18E-5;287,13;-1,16E-4
1,081;4,370;0,994;2,24E-4;224,07;5,39E-5;287,13;-1,25E-4
1,082;4,371;0,996;2,24E-4;224,11;-3,27E-5;287,33;1,81E-4
1,083;4,372;0,996;2,24E-4;224,14;-8,58E-5;287,35;2,20E-4
1,084;4,372;0,997;2,24E-4;224,15;-1,03E-4;287,42;3,23E-4
1,085;4,371;0,995;2,24E-4;224,10;-1,52E-5;287,24;4,31E-5
1,086;4,370;0,995;2,24E-4;224,08;2,05E-5;287,16;-7,11E-5
1,087;4,371;0,996;2,24E-4;224,12;-3,87E-5;287,28;1,14E-4
1,088;4,372;0,996;2,24E-4;224,13;-6,53E-5;287,32;1,68E-4
1,089;4,371;0,996;2,24E-4;224,12;-5,70E-5;287,33;1,81E-4
1,090;4,371;0,996;2,24E-4;224,11;-3,11E-5;287,28;1,14E-4
1,091;4,371;0,996;2,24E-4;224,11;-3,72E-5;287,30;1,34E-4
1,092;4,371;0,995;2,24E-4;224,10;-8,35E-6;287,24;4,31E-5
1,093;4,370;0,995;2,24E-4;224,08;2,43E-5;287,16;-6,68E-5
1,094;4,370;0,996;2,24E-4;224,09;1,44E-5;287,25;6,89E-5
1,095;4,371;0,996;2,24E-4;224,11;-3,11E-5;287,28;1,10E-4
1,096;4,371;0,996;2,24E-4;224,12;-4,25E-5;287,31;1,57E-4
1,097;4,371;0,996;2,24E-4;224,11;-2,20E-5;287,25;6,89E-5
1,098;4,371;0,996;2,24E-4;224,11;-2,43E-5;287,27;9,26E-5
1,099;4,372;0,997;2,24E-4;224,16;-1,16E-4;287,42;3,17E-4
1,100;4,373;0,997;2,24E-4;224,17;-1,37E-4;287,45;3,70E-4
1,101;4,372;0,997;2,24E-4;224,15;-1,12E-4;287,45;3,64E-4
1,102;4,372;0,996;2,24E-4;224,13;-6,68E-5;287,34;2,00E-4
1,103;4,372;0,997;2,24E-4;224,13;-7,37E-5;287,37;2,50E-4
1,104;4,371;0,995;2,24E-4;224,10;-1,67E-5;287,24;4,74E-5
1,105;4,371;0,995;2,24E-4;224,10;-7,59E-7;287,24;4,96E-5
1,106;4,371;0,996;2,24E-4;224,10;-1,67E-5;287,27;1,01E-4
1,107;4,371;0,995;2,24E-4;224,10;-2,28E-6;287,20;-6,46E-6
1,108;4,371;0,995;2,24E-4;224,11;-1,97E-5;287,25;6,03E-5
1,109;4,371;0,996;2,24E-4;224,12;-5,39E-5;287,26;8,40E-5
1,110;4,371;0,996;2,24E-4;224,11;-3,80E-5;287,29;1,27E-4
1,111;4,371;0,996;2,24E-4;224,12;-4,18E-5;287,28;1,16E-4
1,112;4,370;0,995;2,24E-4;224,08;3,04E-5;287,21;4,31E-6
1,113;4,370;0,995;2,24E-4;224,08;2,51E-5;287,21;2,15E-6
1,114;4,369;0,994;2,24E-4;224,06;6,76E-5;287,10;-1,59E-4
1,115;4,372;0,997;2,24E-4;224,13;-7,06E-5;287,37;2,50E-4
1,116;4,371;0,996;2,24E-4;224,10;-1,82E-5;287,31;1,57E-4
1,117;4,371;0,996;2,24E-4;224,11;-3,27E-5;287,29;1,27E-4
1,118;4,371;0,996;2,24E-4;224,11;-2,43E-5;287,30;1,46E-4
1,119;4,372;0,997;2,24E-4;224,15;-9,80E-5;287,38;2,54E-4
1,120;4,372;0,997;2,24E-4;224,13;-7,37E-5;287,38;2,67E-4
1,121;4,370;0,995;2,24E-4;224,09;1,52E-5;287,20;-1,72E-5
1,122;4,371;0,996;2,24E-4;224,12;-4,25E-5;287,30;1,46E-4
1,123;4,371;0,995;2,24E-4;224,10;-1,37E-5;287,25;6,46E-5
1,124;4,370;0,995;2,24E-4;224,09;4,56E-6;287,24;4,52E-5
1,125;4,370;0,995;2,24E-4;224,08;2,66E-5;287,20;-8,62E-6
1,126;4,370;0,994;2,24E-4;224,06;5,92E-5;287,08;-1,96E-4
1,127;4,370;0,995;2,24E-4;224,08;1,97E-5;287,18;-4,74E-5
1,128;4,370;0,995;2,24E-4;224,09;1,75E-5;287,24;4,74E-5
1,129;4,370;0,995;2,24E-4;224,09;1,67E-5;287,18;-4,74E-5
1,130;4,371;0,996;2,24E-4;224,10;-1,75E-5;287,26;8,62E-5
1,131;4,372;0,996;2,24E-4;224,13;-6,23E-5;287,34;1,98E-4
1,132;4,371;0,995;2,24E-4;224,10;-1,14E-5;287,23;3,02E-5
1,133;4,371;0,995;2,24E-4;224,10;-1,22E-5;287,23;3,45E-5
1,134;4,371;0,996;2,24E-4;224,11;-3,80E-5;287,30;1,34E-4
1,135;4,371;0,996;2,24E-4;224,11;-2,96E-5;287,32;1,66E-4
1,136;4,370;0,995;2,24E-4;224,08;2,35E-5;287,15;-8,40E-5
1,137;4,372;0,996;2,24E-4;224,13;-7,29E-5;287,35;2,20E-4
1,138;4,372;0,997;2,24E-4;224,14;-8,12E-5;287,38;2,67E-4
1,139;4,372;0,997;2,24E-4;224,15;-9,95E-5;287,39;2,76E-4
1,140;4,372;0,997;2,24E-4;224,14;-9,04E-5;287,39;2,82E-4
1,141;4,371;0,995;2,24E-4;224,10;-1,22E-5;287,23;3,88E-5
1,142;4,371;0,995;2,24E-4;224,10;-1,82E-5;287,24;5,39E-5
1,143;4,372;0,997;2,24E-4;224,14;-9,04E-5;287,40;2,97E-4
1,144;4,371;0,996;2,24E-4;224,12;-4,71E-5;287,27;8,83E-5
1,145;4,371;0,996;2,24E-4;224,11;-2,66E-5;287,30;1,42E-4
1,146;4,372;0,996;2,24E-4;224,13;-6,99E-5;287,37;2,39E-4
1,147;4,372;0,997;2,24E-4;224,15;-1,06E-4;287,44;3,53E-4
1,148;4,372;0,996;2,24E-4;224,14;-8,28E-5;287,36;2,33E-4
1,149;4,371;0,996;2,24E-4;224,12;-5,09E-5;287,34;2,02E-4
1,150;4,371;0,996;2,24E-4;224,12;-5,09E-5;287,32;1,68E-4
1,151;4,371;0,995;2,24E-4;224,09;1,52E-6;287,23;3,23E-5
1,152;4,371;0,996;2,24E-4;224,12;-5,32E-5;287,31;1,57E-4
1,153;4,371;0,996;2,24E-4;224,11;-2,89E-5;287,27;9,69E-5
1,154;4,372;0,997;2,24E-4;224,14;-8,43E-5;287,38;2,63E-4
1,155;4,372;0,997;2,24E-4;224,14;-7,90E-5;287,39;2,69E-4
1,156;4,372;0,997;2,24E-4;224,14;-8,20E-5;287,39;2,82E-4
1,157;4,371;0,996;2,24E-4;224,12;-5,54E-5;287,33;1,90E-4
1,158;4,371;0,995;2,24E-4;224,10;-1,29E-5;287,25;6,03E-5
1,159;4,372;0,997;2,24E-4;224,14;-8,96E-5;287,41;2,99E-4
1,160;4,372;0,997;2,24E-4;224,13;-7,67E-5;287,42;3,21E-4
1,161;4,371;0,995;2,24E-4;224,10;-1,37E-5;287,24;4,52E-5
1,162;4,371;0,996;2,24E-4;224,12;-5,54E-5;287,33;1,92E-4
1,163;4,371;0,996;2,24E-4;224,10;-1,67E-5;287,27;9,69E-5
1,164;4,370;0,995;2,24E-4;224,07;3,95E-5;287,17;-5,17E-5
1,165;4,370;0,996;2,24E-4;224,09;6,08E-6;287,26;8,19E-5
1,166;4,371;0,995;2,24E-4;224,10;-5,32E-6;287,25;6,03E-5
1,167;4,370;0,995;2,24E-4;224,09;1,37E-5;287,22;2,15E-5
1,168;4,371;0,996;2,24E-4;224,11;-2,20E-5;287,33;1,79E-4
1,169;4,370;0,995;2,24E-4;224,09;1,22E-5;287,22;2,15E-5
1,170;4,371;0,995;2,24E-4;224,09;3,80E-6;287,25;6,46E-5
1,171;4,371;0,995;2,24E-4;224,10;-3,80E-6;287,22;1,72E-5
1,172;4,372;0,997;2,24E-4;224,14;-8,50E-5;287,40;2,95E-4
1,173;4,371;0,996;2,24E-4;224,11;-3,04E-5;287,33;1,79E-4
1,174;4,371;0,995;2,24E-4;224,10;-9,11E-6;287,25;6,25E-5
1,175;4,371;0,995;2,24E-4;224,10;-6,83E-6;287,24;5,17E-5
1,176;4,370;0,995;2,24E-4;224,07;3,95E-5;287,18;-3,66E-5
1,177;4,371;0,996;2,24E-4;224,11;-3,57E-5;287,30;1,36E-4
1,178;4,371;0,996;2,24E-4;224,12;-3,95E-5;287,29;1,31E-4
1,179;4,372;0,996;2,24E-4;224,14;-7,90E-5;287,37;2,39E-4
1,180;4,371;0,996;2,24E-4;224,12;-4,78E-5;287,34;1,94E-4
1,181;4,371;0,996;2,24E-4;224,11;-2,81E-5;287,31;1,53E-4
1,182;4,371;0,996;2,24E-4;224,11;-2,89E-5;287,27;9,26E-5
1,183;4,371;0,996;2,24E-4;224,10;-1,29E-5;287,26;7,33E-5
1,184;4,371;0,996;2,24E-4;224,10;-9,87E-6;287,28;1,06E-4
1,185;4,371;0,996;2,24E-4;224,11;-3,11E-5;287,33;1,81E-4
1,186;4,373;0,998;2,24E-4;224,17;-1,39E-4;287,51;4,57E-4
1,187;4,372;0,997;2,24E-4;224,15;-1,09E-4;287,44;3,45E-4
1,188;4,371;0,996;2,24E-4;224,11;-3,11E-5;287,29;1,23E-4
1,189;4,370;0,995;2,24E-4;224,09;1,29E-5;287,18;-3,66E-5
1,190;4,373;0,998;2,24E-4;224,16;-1,21E-4;287,48;4,18E-4
1,191;4,371;0,996;2,24E-4;224,12;-4,33E-5;287,34;1,98E-4
1,192;4,371;0,996;2,24E-4;224,12;-4,48E-5;287,31;1,59E-4
1,193;4,371;0,995;2,24E-4;224,10;-6,83E-6;287,23;3,23E-5
1,194;4,371;0,996;2,24E-4;224,12;-4,94E-5;287,32;1,68E-4
1,195;4,371;0,996;2,24E-4;224,11;-3,64E-5;287,32;1,74E-4
1,196;4,371;0,996;2,24E-4;224,10;-1,14E-5;287,27;9,05E-5
1,197;4,371;0,996;2,24E-4;224,11;-3,64E-5;287,28;1,10E-4
1,198;4,373;0,997;2,24E-4;224,16;-1,28E-4;287,48;4,05E-4
1,199;4,372;0,996;2,24E-4;224,13;-7,14E-5;287,36;2,33E-4
1,200;4,370;0,995;2,24E-4;224,09;1,37E-5;287,23;3,45E-5
1,201;4,370;0,995;2,24E-4;224,07;5,77E-5;287,14;-9,70E-5
1,202;4,371;0,995;2,24E-4;224,10;-9,87E-6;287,23;3,45E-5
1,203;4,370;0,995;2,24E-4;224,07;5,62E-5;287,14;-9,91E-5
1,204;4,370;0,995;2,24E-4;224,07;4,33E-5;287,16;-7,76E-5
1,205;4,371;0,996;2,24E-4;224,11;-2,13E-5;287,26;8,40E-5
1,206;4,371;0,996;2,24E-4;224,11;-2,81E-5;287,28;1,10E-4
1,207;4,371;0,996;2,24E-4;224,11;-3,34E-5;287,33;1,81E-4
1,208;4,371;0,996;2,24E-4;224,12;-4,18E-5;287,31;1,62E-4
1,209;4,370;0,994;2,24E-4;224,07;5,54E-5;287,13;-1,21E-4
1,210;4,371;0,995;2,24E-4;224,10;-1,82E-5;287,25;6,46E-5
1,211;4,371;0,995;2,24E-4;224,10;-6,08E-6;287,24;4,96E-5
1,212;4,371;0,996;2,24E-4;224,10;-1,82E-5;287,29;1,18E-4
1,213;4,370;0,995;2,24E-4;224,07;4,02E-5;287,14;-1,01E-4
1,214;4,370;0,995;2,24E-4;224,07;5,09E-5;287,14;-1,03E-4
1,215;4,370;0,995;2,24E-4;224,09;1,67E-5;287,20;-1,94E-5
1,216;4,371;0,995;2,24E-4;224,10;-7,59E-6;287,25;5,82E-5
1,217;4,371;0,996;2,24E-4;224,11;-2,35E-5;287,30;1,40E-4
1,218;4,370;0,995;2,24E-4;224,09;4,56E-6;287,22;1,29E-5
1,219;4,370;0,995;2,24E-4;224,09;6,08E-6;287,25;5,82E-5
1,220;4,371;0,996;2,24E-4;224,12;-4,10E-5;287,31;1,49E-4
1,221;4,371;0,996;2,24E-4;224,11;-3,72E-5;287,30;1,40E-4
1,222;4,371;0,996;2,24E-4;224,11;-2,89E-5;287,32;1,68E-4
1,223;4,371;0,996;2,24E-4;224,11;-3,27E-5;287,32;1,64E-4
1,224;4,372;0,997;2,24E-4;224,16;-1,17E-4;287,44;3,45E-4
1,225;4,371;0,995;2,24E-4;224,10;-1,22E-5;287,21;1,08E-5
1,226;4,371;0,995;2,24E-4;224,10;-1,22E-5;287,25;6,03E-5
1,227;4,371;0,996;2,24E-4;224,12;-5,62E-5;287,31;1,55E-4
1,228;4,372;0,996;2,24E-4;224,13;-7,14E-5;287,31;1,49E-4
1,229;4,372;0,997;2,24E-4;224,15;-1,06E-4;287,46;3,88E-4
1,230;4,373;0,997;2,24E-4;224,16;-1,28E-4;287,44;3,55E-4
1,231;4,372;0,996;2,24E-4;224,13;-7,06E-5;287,36;2,37E-4
1,232;4,371;0,996;2,24E-4;224,12;-5,32E-5;287,35;2,11E-4
1,233;4,371;0,996;2,24E-4;224,12;-4,18E-5;287,30;1,46E-4
1,234;4,371;0,996;2,24E-4;224,11;-2,51E-5;287,27;1,01E-4
1,235;4,370;0,995;2,24E-4;224,09;9,87E-6;287,21;-2,15E-6
1,236;4,372;0,997;2,24E-4;224,14;-8,12E-5;287,40;2,84E-4
1,237;4,371;0,996;2,24E-4;224,12;-5,77E-5;287,33;1,81E-4
1,238;4,371;0,996;2,24E-4;224,10;-1,29E-5;287,26;8,62E-5
1,239;4,372;0,997;2,24E-4;224,14;-8,43E-5;287,38;2,61E-4
1,240;4,371;0,996;2,24E-4;224,12;-4,86E-5;287,31;1,57E-4
1,241;4,372;0,997;2,24E-4;224,14;-8,20E-5;287,40;2,84E-4
1,242;4,369;0,994;2,24E-4;224,06;7,14E-5;287,10;-1,64E-4
1,243;4,369;0,994;2,24E-4;224,05;7,97E-5;287,12;-1,29E-4
1,244;4,370;0,995;2,24E-4;224,08;2,96E-5;287,14;-1,01E-4
1,245;4,371;0,995;2,24E-4;224,10;-1,67E-5;287,25;6,03E-5
1,246;4,371;0,996;2,24E-4;224,10;-3,80E-6;287,25;6,89E-5
1,247;4,370;0,995;2,24E-4;224,08;2,20E-5;287,16;-7,54E-5
1,248;4,371;0,996;2,24E-4;224,11;-2,43E-5;287,29;1,18E-4
1,249;4,370;0,995;2,24E-4;224,09;1,29E-5;287,22;1,94E-5
1,250;4,371;0,995;2,24E-4;224,09;7,59E-7;287,23;3,02E-5
1,251;4,371;0,996;2,24E-4;224,10;-1,82E-5;287,28;1,08E-4
1,252;4,370;0,995;2,24E-4;224,09;1,75E-5;287,20;-8,62E-6
1,253;4,371;0,995;2,24E-4;224,10;-1,14E-5;287,25;6,03E-5
1,254;4,370;0,995;2,24E-4;224,08;3,34E-5;287,19;-3,02E-5
1,255;4,370;0,996;2,24E-4;224,09;1,29E-5;287,28;1,06E-4
1,256;4,371;0,995;2,24E-4;224,10;-3,80E-6;287,24;5,39E-5
1,257;4,371;0,996;2,24E-4;224,12;-3,87E-5;287,30;1,36E-4
1,258;4,372;0,997;2,24E-4;224,14;-8,58E-5;287,39;2,74E-4
1,259;4,370;0,995;2,24E-4;224,08;3,11E-5;287,17;-5,60E-5
1,260;4,371;0,996;2,24E-4;224,10;-1,44E-5;287,28;1,14E-4
1,261;4,371;0,996;2,24E-4;224,12;-5,24E-5;287,32;1,74E-4
1,262;4,372;0,996;2,24E-4;224,13;-6,53E-5;287,34;1,94E-4
1,263;4,371;0,996;2,24E-4;224,10;-8,35E-6;287,28;1,10E-4
1,264;4,371;0,996;2,24E-4;224,11;-2,58E-5;287,34;1,94E-4
1,265;4,370;0,995;2,24E-4;224,08;2,05E-5;287,21;8,62E-6
1,266;4,371;0,996;2,24E-4;224,12;-4,18E-5;287,33;1,83E-4
1,267;4,372;0,996;2,24E-4;224,13;-6,07E-5;287,33;1,87E-4
1,268;4,371;0,996;2,24E-4;224,11;-2,89E-5;287,26;8,19E-5
1,269;4,371;0,996;2,24E-4;224,12;-4,10E-5;287,31;1,62E-4
1,270;4,370;0,995;2,24E-4;224,09;4,56E-6;287,24;4,31E-5
1,271;4,371;0,996;2,24E-4;224,12;-3,87E-5;287,31;1,51E-4
1,272;4,372;0,996;2,24E-4;224,13;-5,85E-5;287,36;2,26E-4
1,273;4,371;0,996;2,24E-4;224,11;-2,13E-5;287,26;7,54E-5
1,274;4,371;0,996;2,24E-4;224,12;-5,39E-5;287,33;1,79E-4
1,275;4,371;0,996;2,24E-4;224,11;-2,73E-5;287,29;1,27E-4
1,276;4,371;0,996;2,24E-4;224,11;-2,20E-5;287,28;1,03E-4
1,277;4,371;0,996;2,24E-4;224,12;-5,39E-5;287,29;1,25E-4
1,278;4,370;0,995;2,24E-4;224,07;4,63E-5;287,17;-5,17E-5
1,279;4,371;0,996;2,24E-4;224,11;-3,34E-5;287,34;1,98E-4
1,280;4,372;0,996;2,24E-4;224,13;-6,00E-5;287,36;2,26E-4
1,281;4,371;0,996;2,24E-4;224,10;-1,82E-5;287,26;8,62E-5
1,282;4,370;0,995;2,24E-4;224,09;6,83E-6;287,20;-1,29E-5
1,283;4,369;0,994;2,24E-4;224,05;8,05E-5;287,09;-1,81E-4
1,284;4,371;0,996;2,24E-4;224,10;-1,75E-5;287,28;1,08E-4
1,285;4,371;0,996;2,24E-4;224,11;-2,05E-5;287,27;9,48E-5
1,286;4,370;0,995;2,24E-4;224,08;2,43E-5;287,22;2,37E-5
1,287;4,370;0,995;2,24E-4;224,09;1,29E-5;287,19;-3,23E-5
1,288;4,369;0,994;2,24E-4;224,05;7,90E-5;287,09;-1,81E-4
1,289;4,371;0,996;2,24E-4;224,10;-1,29E-5;287,26;8,19E-5
1,290;4,372;0,997;2,24E-4;224,14;-8,20E-5;287,43;3,32E-4
1,291;4,371;0,996;2,24E-4;224,12;-4,48E-5;287,34;2,00E-4
1,292;4,371;0,996;2,24E-4;224,11;-3,72E-5;287,32;1,70E-4
1,293;4,370;0,994;2,24E-4;224,07;4,40E-5;287,13;-1,23E-4
1,294;4,371;0,996;2,24E-4;224,12;-4,10E-5;287,32;1,66E-4
1,295;4,371;0,996;2,24E-4;224,12;-4,63E-5;287,36;2,26E-4
1,296;4,371;0,996;2,24E-4;224,12;-5,16E-5;287,31;1,59E-4
1,297;4,372;0,997;2,24E-4;224,13;-6,00E-5;287,38;2,67E-4
1,298;4,371;0,996;2,24E-4;224,10;-6,83E-6;287,27;9,69E-5
1,299;4,370;0,994;2,24E-4;224,07;5,54E-5;287,12;-1,38E-4
1,300;4,370;0,994;2,24E-4;224,07;5,70E-5;287,12;-1,29E-4
1,301;4,370;0,995;2,24E-4;224,08;2,28E-5;287,21;4,31E-6
1,302;4,370;0,995;2,24E-4;224,08;2,35E-5;287,18;-3,66E-5
1,303;4,370;0,995;2,24E-4;224,09;1,75E-5;287,24;5,17E-5
1,304;4,371;0,996;2,24E-4;224,12;-5,09E-5;287,30;1,42E-4
1,305;4,371;0,995;2,24E-4;224,11;-1,97E-5;287,25;5,82E-5
1,306;4,372;0,997;2,24E-4;224,15;-1,03E-4;287,41;3,04E-4
1,307;4,371;0,996;2,24E-4;224,12;-5,09E-5;287,33;1,92E-4
1,308;4,371;0,996;2,24E-4;224,11;-2,73E-5;287,28;1,12E-4
1,309;4,371;0,995;2,24E-4;224,10;-2,28E-6;287,21;1,08E-5
1,310;4,371;0,995;2,24E-4;224,10;-7,59E-7;287,25;5,82E-5
1,311;4,371;0,996;2,24E-4;224,11;-3,11E-5;287,28;1,10E-4
1,312;4,371;0,996;2,24E-4;224,12;-5,16E-5;287,34;1,94E-4
1,313;4,370;0,995;2,24E-4;224,09;1,06E-5;287,23;2,80E-5
1,314;4,372;0,996;2,24E-4;224,13;-5,92E-5;287,36;2,28E-4
1,315;4,370;0,995;2,24E-4;224,07;3,95E-5;287,18;-3,66E-5
1,316;4,371;0,996;2,24E-4;224,11;-3,64E-5;287,31;1,49E-4
1,317;4,371;0,996;2,24E-4;224,10;-9,87E-6;287,25;6,89E-5
1,318;4,370;0,995;2,24E-4;224,08;2,96E-5;287,18;-4,31E-5
1,319;4,371;0,995;2,24E-4;224,10;0,00;287,22;1,72E-5
1,320;4,369;0,994;2,24E-4;224,06;6,76E-5;287,13;-1,14E-4
1,321;4,370;0,995;2,24E-4;224,07;4,71E-5;287,15;-9,05E-5
1,322;4,372;0,997;2,24E-4;224,14;-7,90E-5;287,41;3,10E-4
1,323;4,372;0,997;2,24E-4;224,13;-7,06E-5;287,39;2,69E-4
1,324;4,370;0,995;2,24E-4;224,07;3,95E-5;287,18;-4,52E-5
1,325;4,371;0,996;2,24E-4;224,10;-1,75E-5;287,30;1,42E-4
1,326;4,372;0,996;2,24E-4;224,13;-6,99E-5;287,36;2,24E-4
1,327;4,370;0,995;2,24E-4;224,08;3,19E-5;287,19;-3,02E-5
1,328;4,370;0,995;2,24E-4;224,08;1,97E-5;287,17;-6,46E-5
1,329;4,370;0,995;2,24E-4;224,08;2,05E-5;287,16;-6,68E-5
1,330;4,371;0,996;2,24E-4;224,12;-3,95E-5;287,30;1,46E-4
1,331;4,371;0,996;2,24E-4;224,11;-2,13E-5;287,26;8,62E-5
1,332;4,370;0,995;2,24E-4;224,08;2,13E-5;287,21;1,08E-5
1,333;4,371;0,996;2,24E-4;224,11;-2,35E-5;287,29;1,27E-4
1,334;4,371;0,996;2,24E-4;224,11;-3,49E-5;287,31;1,62E-4
1,335;4,370;0,995;2,24E-4;224,09;1,59E-5;287,20;-1,29E-5
1,336;4,371;0,996;2,24E-4;224,12;-4,10E-5;287,32;1,64E-4
1,337;4,370;0,995;2,24E-4;224,07;5,62E-5;287,14;-1,10E-4
1,338;4,370;0,995;2,24E-4;224,09;1,90E-5;287,22;2,15E-5
1,339;4,370;0,994;2,24E-4;224,07;5,16E-5;287,13;-1,25E-4
1,340;4,371;0,996;2,24E-4;224,10;-7,59E-7;287,26;8,40E-5
1,341;4,371;0,996;2,24E-4;224,11;-2,28E-5;287,26;7,54E-5
1,342;4,371;0,996;2,24E-4;224,11;-3,57E-5;287,31;1,49E-4
1,343;4,370;0,995;2,24E-4;224,09;7,59E-6;287,23;3,45E-5
1,344;4,371;0,996;2,24E-4;224,10;-1,29E-5;287,26;7,54E-5
1,345;4,371;0,996;2,24E-4;224,10;-1,22E-5;287,28;1,06E-4
1,346;4,371;0,996;2,24E-4;224,11;-2,51E-5;287,28;1,10E-4
1,347;4,370;0,995;2,24E-4;224,07;4,02E-5;287,17;-6,46E-5
1,348;4,371;0,996;2,24E-4;224,10;-1,52E-5;287,27;9,91E-5
1,349;4,371;0,995;2,24E-4;224,09;2,28E-6;287,23;3,88E-5
1,350;4,372;0,996;2,24E-4;224,13;-5,85E-5;287,34;2,05E-4
1,351;4,371;0,996;2,24E-4;224,11;-2,43E-5;287,28;1,06E-4
1,352;4,372;0,996;2,24E-4;224,13;-6,23E-5;287,36;2,28E-4
1,353;4,372;0,996;2,24E-4;224,13;-6,07E-5;287,33;1,92E-4
1,354;4,371;0,996;2,24E-4;224,11;-3,27E-5;287,29;1,25E-4
1,355;4,371;0,995;2,24E-4;224,09;3,80E-6;287,23;2,80E-5
1,356;4,371;0,995;2,24E-4;224,09;2,28E-6;287,24;4,31E-5
1,357;4,372;0,997;2,24E-4;224,13;-7,06E-5;287,37;2,48E-4
1,358;4,371;0,996;2,24E-4;224,11;-3,11E-5;287,30;1,34E-4
1,359;4,371;0,996;2,24E-4;224,11;-2,05E-5;287,28;1,16E-4
1,360;4,372;0,996;2,24E-4;224,13;-6,30E-5;287,31;1,55E-4
1,361;4,371;0,995;2,24E-4;224,10;-3,80E-6;287,23;2,80E-5
1,362;4,370;0,995;2,24E-4;224,09;9,87E-6;287,21;8,62E-6
1,363;4,371;0,996;2,24E-4;224,11;-2,28E-5;287,29;1,25E-4
1,364;4,371;0,996;2,24E-4;224,11;-2,58E-5;287,28;1,12E-4
1,365;4,371;0,996;2,24E-4;224,10;-1,75E-5;287,28;1,08E-4
1,366;4,371;0,996;2,24E-4;224,12;-4,48E-5;287,35;2,11E-4
1,367;4,371;0,995;2,24E-4;224,10;-7,59E-7;287,24;5,39E-5
1,368;4,372;0,996;2,24E-4;224,13;-6,61E-5;287,36;2,28E-4
1,369;4,373;0,997;2,24E-4;224,16;-1,35E-4;287,47;4,03E-4
1,370;4,372;0,996;2,24E-4;224,13;-5,92E-5;287,36;2,26E-4
1,371;4,372;0,996;2,24E-4;224,13;-6,07E-5;287,37;2,39E-4
1,372;4,370;0,995;2,24E-4;224,09;1,82E-5;287,20;-6,46E-6
1,373;4,371;0,996;2,24E-4;224,11;-2,96E-5;287,28;1,14E-4
1,374;4,371;0,995;2,24E-4;224,10;-3,04E-6;287,22;2,59E-5
1,375;4,370;0,995;2,24E-4;224,08;2,89E-5;287,16;-7,97E-5
1,376;4,371;0,995;2,24E-4;224,10;-7,59E-7;287,22;1,72E-5
1,377;4,371;0,995;2,24E-4;224,10;-6,08E-6;287,23;3,88E-5
1,378;4,370;0,995;2,24E-4;224,08;2,13E-5;287,19;-2,15E-5
1,379;4,370;0,994;2,24E-4;224,07;4,33E-5;287,12;-1,36E-4
1,380;4,370;0,995;2,24E-4;224,09;1,06E-5;287,22;1,51E-5
1,381;4,372;0,997;2,24E-4;224,14;-8,43E-5;287,40;2,86E-4
1,382;4,371;0,996;2,24E-4;224,12;-5,54E-5;287,31;1,53E-4
1,383;4,370;0,995;2,24E-4;224,07;5,09E-5;287,14;-1,06E-4
1,384;4,370;0,996;2,24E-4;224,09;9,11E-6;287,25;6,89E-5
1,385;4,369;0,994;2,24E-4;224,06;6,76E-5;287,12;-1,29E-4
1,386;4,371;0,996;2,24E-4;224,11;-3,72E-5;287,29;1,25E-4
1,387;4,371;0,996;2,24E-4;224,10;-1,44E-5;287,30;1,36E-4
1,388;4,371;0,996;2,24E-4;224,11;-2,89E-5;287,32;1,66E-4
1,389;4,372;0,996;2,24E-4;224,13;-6,76E-5;287,37;2,39E-4
1,390;4,370;0,995;2,24E-4;224,08;2,73E-5;287,25;6,25E-5
1,391;4,371;0,996;2,24E-4;224,10;-3,80E-6;287,25;6,89E-5
1,392;4,371;0,996;2,24E-4;224,11;-2,35E-5;287,32;1,72E-4
1,393;4,371;0,996;2,24E-4;224,11;-3,11E-5;287,26;8,62E-5
1,394;4,370;0,995;2,24E-4;224,09;9,11E-6;287,22;1,72E-5
1,395;4,372;0,996;2,24E-4;224,13;-7,14E-5;287,35;2,15E-4
1,396;4,372;0,996;2,24E-4;224,13;-7,44E-5;287,35;2,09E-4
1,397;4,371;0,995;2,24E-4;224,10;-1,44E-5;287,22;2,59E-5
1,398;4,371;0,996;2,24E-4;224,10;-8,35E-6;287,27;9,26E-5
1,399;4,372;0,997;2,24E-4;224,14;-7,90E-5;287,38;2,56E-4
1,400;4,370;0,995;2,24E-4;224,09;7,59E-6;287,22;1,29E-5
1,401;4,370;0,995;2,24E-4;224,08;1,97E-5;287,21;0,00
1,402;4,372;0,997;2,24E-4;224,14;-8,96E-5;287,41;3,10E-4
1,403;4,372;0,996;2,24E-4;224,13;-5,85E-5;287,33;1,92E-4
1,404;4,370;0,995;2,24E-4;224,08;2,51E-5;287,20;-1,29E-5
1,405;4,371;0,996;2,24E-4;224,12;-4,78E-5;287,34;1,96E-4
1,406;4,371;0,996;2,24E-4;224,11;-1,97E-5;287,31;1,62E-4
1,407;4,372;0,996;2,24E-4;224,13;-6,53E-5;287,33;1,79E-4
1,408;4,371;0,996;2,24E-4;224,11;-3,42E-5;287,29;1,27E-4
1,409;4,371;0,996;2,24E-4;224,11;-2,73E-5;287,29;1,18E-4
1,410;4,371;0,996;2,24E-4;224,10;-1,52E-6;287,27;9,69E-5
1,411;4,371;0,996;2,24E-4;224,11;-2,96E-5;287,28;1,16E-4
1,412;4,371;0,996;2,24E-4;224,10;-1,22E-5;287,27;9,48E-5
1,413;4,370;0,995;2,24E-4;224,09;1,75E-5;287,22;2,59E-5
1,414;4,372;0,997;2,24E-4;224,13;-6,99E-5;287,38;2,56E-4
1,415;4,371;0,996;2,24E-4;224,10;0,00;287,28;1,08E-4
1,416;4,371;0,996;2,24E-4;224,12;-4,94E-5;287,30;1,44E-4
1,417;4,372;0,996;2,24E-4;224,13;-6,23E-5;287,31;1,57E-4
1,418;4,371;0,996;2,24E-4;224,11;-2,43E-5;287,29;1,27E-4
1,419;4,371;0,996;2,24E-4;224,11;-2,28E-5;287,25;6,89E-5
1,420;4,371;0,996;2,24E-4;224,12;-5,54E-5;287,35;2,11E-4
1,421;4,373;0,998;2,24E-4;224,16;-1,31E-4;287,53;4,82E-4
1,422;4,371;0,996;2,24E-4;224,12;-4,18E-5;287,31;1,57E-4
1,423;4,372;0,997;2,24E-4;224,14;-8,81E-5;287,40;2,93E-4
1,424;4,373;0,997;2,24E-4;224,16;-1,26E-4;287,46;3,77E-4
1,425;4,372;0,997;2,24E-4;224,13;-6,15E-5;287,39;2,74E-4
1,426;4,371;0,996;2,24E-4;224,11;-3,11E-5;287,31;1,59E-4
1,427;4,371;0,996;2,24E-4;224,12;-5,24E-5;287,33;1,83E-4
1,428;4,371;0,996;2,24E-4;224,12;-4,71E-5;287,32;1,68E-4
1,429;4,370;0,995;2,24E-4;224,08;2,89E-5;287,15;-8,62E-5
1,430;4,370;0,995;2,24E-4;224,06;6,30E-5;287,15;-8,19E-5
1,431;4,370;0,995;2,24E-4;224,07;4,56E-5;287,15;-9,05E-5
1,432;4,371;0,996;2,24E-4;224,12;-5,62E-5;287,31;1,55E-4
1,433;4,371;0,996;2,24E-4;224,12;-5,77E-5;287,34;1,98E-4
1,434;4,372;0,997;2,24E-4;224,15;-1,03E-4;287,41;3,06E-4
1,435;4,370;0,995;2,24E-4;224,09;1,06E-5;287,21;8,62E-6
1,436;4,371;0,995;2,24E-4;224,10;-1,44E-5;287,24;5,60E-5
1,437;4,371;0,996;2,24E-4;224,11;-3,34E-5;287,31;1,53E-4
1,438;4,371;0,996;2,24E-4;224,11;-2,96E-5;287,32;1,72E-4
1,439;4,370;0,995;2,24E-4;224,08;2,20E-5;287,23;3,45E-5
1,440;4,370;0,995;2,24E-4;224,07;4,25E-5;287,14;-1,06E-4
1,441;4,372;0,996;2,24E-4;224,13;-6,99E-5;287,32;1,72E-4
1,442;4,372;0,997;2,24E-4;224,14;-7,97E-5;287,37;2,46E-4
1,443;4,371;0,996;2,24E-4;224,10;-1,29E-5;287,27;9,26E-5
1,444;4,369;0,994;2,24E-4;224,04;1,00E-4;287,09;-1,81E-4
1,445;4,370;0,995;2,24E-4;224,09;6,08E-6;287,23;3,23E-5
1,446;4,369;0,994;2,24E-4;224,04;1,09E-4;287,05;-2,44E-4
1,447;4,369;0,993;2,24E-4;224,03;1,22E-4;287,01;-3,00E-4
1,448;4,368;0,993;2,24E-4;224,02;1,51E-4;286,95;-3,84E-4
1,449;4,369;0,994;2,24E-4;224,04;9,95E-5;287,07;-2,13E-4
1,450;4,370;0,994;2,24E-4;224,07;5,01E-5;287,11;-1,44E-4
1,451;4,371;0,996;2,24E-4;224,11;-2,73E-5;287,31;1,53E-4
1,452;4,371;0,996;2,24E-4;224,11;-2,20E-5;287,28;1,10E-4
1,453;4,371;0,996;2,24E-4;224,11;-3,11E-5;287,29;1,23E-4
1,454;4,371;0,996;2,24E-4;224,11;-2,73E-5;287,31;1,53E-4
1,455;4,370;0,995;2,24E-4;224,08;1,97E-5;287,17;-6,25E-5
1,456;4,370;0,995;2,24E-4;224,08;2,89E-5;287,20;-1,94E-5
1,457;4,370;0,995;2,24E-4;224,08;3,11E-5;287,21;2,15E-6
1,458;4,371;0,996;2,24E-4;224,11;-3,49E-5;287,31;1,51E-4
1,459;4,370;0,995;2,24E-4;224,09;1,29E-5;287,17;-6,03E-5
1,460;4,370;0,995;2,24E-4;224,07;5,54E-5;287,16;-7,97E-5
1,461;4,371;0,996;2,24E-4;224,11;-3,57E-5;287,31;1,53E-4
1,462;4,371;0,995;2,24E-4;224,10;-1,52E-6;287,23;3,66E-5
1,463;4,371;0,997;2,24E-4;224,12;-5,54E-5;287,37;2,41E-4
1,464;4,372;0,997;2,24E-4;224,14;-7,82E-5;287,38;2,61E-4
1,465;4,371;0,996;2,24E-4;224,10;-1,29E-5;287,26;7,76E-5
1,466;4,369;0,994;2,24E-4;224,06;7,59E-5;287,10;-1,64E-4
1,467;4,370;0,995;2,24E-4;224,08;3,65E-5;287,17;-5,39E-5
1,468;4,371;0,996;2,24E-4;224,11;-3,34E-5;287,34;2,02E-4
1,469;4,371;0,996;2,24E-4;224,11;-2,43E-5;287,30;1,46E-4
1,470;4,372;0,997;2,24E-4;224,14;-8,12E-5;287,41;3,02E-4
1,471;4,372;0,996;2,24E-4;224,13;-7,37E-5;287,35;2,20E-4
1,472;4,371;0,996;2,24E-4;224,10;-1,37E-5;287,27;9,91E-5
1,473;4,371;0,996;2,24E-4;224,12;-5,32E-5;287,32;1,70E-4
1,474;4,370;0,996;2,24E-4;224,09;7,59E-6;287,25;6,89E-5
1,475;4,371;0,996;2,24E-4;224,12;-4,71E-5;287,36;2,26E-4
1,476;4,371;0,996;2,24E-4;224,12;-4,33E-5;287,33;1,90E-4
1,477;4,370;0,994;2,24E-4;224,07;4,10E-5;287,12;-1,36E-4
1,478;4,370;0,995;2,24E-4;224,09;1,22E-5;287,24;4,74E-5
1,479;4,372;0,996;2,24E-4;224,13;-6,15E-5;287,33;1,83E-4
1,480;4,371;0,996;2,24E-4;224,11;-2,43E-5;287,28;1,03E-4
1,481;4,371;0,996;2,24E-4;224,12;-5,24E-5;287,35;2,15E-4
1,482;4,370;0,995;2,24E-4;224,09;1,14E-5;287,24;4,96E-5
1,483;4,372;0,997;2,24E-4;224,14;-7,75E-5;287,37;2,48E-4
1,484;4,371;0,996;2,24E-4;224,11;-1,97E-5;287,30;1,36E-4
1,485;4,370;0,995;2,24E-4;224,08;2,58E-5;287,19;-3,02E-5
1,486;4,371;0,996;2,24E-4;224,12;-4,10E-5;287,35;2,13E-4
1,487;4,371;0,995;2,24E-4;224,09;1,52E-6;287,22;2,15E-5
1,488;4,370;0,995;2,24E-4;224,08;2,35E-5;287,21;4,31E-6
1,489;4,370;0,995;2,24E-4;224,08;3,65E-5;287,20;-6,46E-6
1,490;4,372;0,996;2,24E-4;224,13;-6,23E-5;287,34;2,00E-4
1,491;4,371;0,996;2,24E-4;224,12;-5,70E-5;287,33;1,92E-4
1,492;4,370;0,995;2,24E-4;224,09;1,14E-5;287,19;-2,15E-5
1,493;4,371;0,996;2,24E-4;224,10;-1,29E-5;287,29;1,23E-4
1,494;4,371;0,995;2,24E-4;224,09;3,04E-6;287,24;5,17E-5
1,495;4,371;0,996;2,24E-4;224,09;7,59E-7;287,27;9,91E-5
1,496;4,371;0,996;2,24E-4;224,10;-1,29E-5;287,29;1,23E-4
1,497;4,369;0,994;2,24E-4;224,06;7,44E-5;287,07;-2,03E-4
1,498;4,369;0,994;2,24E-4;224,06;6,76E-5;287,13;-1,14E-4
1,499;4,370;0,995;2,24E-4;224,07;5,01E-5;287,16;-7,76E-5
1,500;4,371;0,996;2,24E-4;224,10;-9,87E-6;287,26;8,19E-5
1,501;4,371;0,996;2,24E-4;224,11;-2,35E-5;287,30;1,40E-4
1,502;4,371;0,995;2,24E-4;224,10;-3,80E-6;287,25;6,46E-5
1,503;4,370;0,995;2,24E-4;224,08;3,04E-5;287,22;2,59E-5
1,504;4,373;0,997;2,24E-4;224,17;-1,40E-4;287,47;3,96E-4
1,505;4,372;0,997;2,24E-4;224,13;-6,83E-5;287,37;2,50E-4
1,506;4,371;0,996;2,24E-4;224,11;-3,64E-5;287,28;1,12E-4
1,507;4,370;0,995;2,24E-4;224,07;4,94E-5;287,17;-5,60E-5
1,508;4,370;0,995;2,24E-4;224,09;7,59E-6;287,20;-1,94E-5
1,509;4,371;0,996;2,24E-4;224,10;-5,32E-6;287,28;1,03E-4
1,510;4,370;0,995;2,24E-4;224,09;7,59E-6;287,24;5,17E-5
1,511;4,371;0,996;2,24E-4;224,10;-1,52E-5;287,29;1,21E-4
1,512;4,370;0,995;2,24E-4;224,08;3,27E-5;287,15;-8,40E-5
1,513;4,371;0,995;2,24E-4;224,10;-5,32E-6;287,22;2,15E-5
1,514;4,371;0,995;2,24E-4;224,10;-3,04E-6;287,22;1,29E-5
1,515;4,371;0,996;2,24E-4;224,10;-1,22E-5;287,26;7,54E-5
1,516;4,370;0,995;2,24E-4;224,08;2,58E-5;287,20;-1,72E-5
1,517;4,371;0,995;2,24E-4;224,10;-7,59E-7;287,23;2,80E-5
1,518;4,371;0,996;2,24E-4;224,12;-5,77E-5;287,34;1,96E-4
1,519;4,372;0,996;2,24E-4;224,13;-6,45E-5;287,35;2,09E-4
1,520;4,371;0,996;2,24E-4;224,10;-1,75E-5;287,29;1,18E-4
1,521;4,371;0,996;2,24E-4;224,10;-4,56E-6;287,27;8,83E-5
1,522;4,371;0,995;2,24E-4;224,10;-1,37E-5;287,24;4,74E-5
1,523;4,371;0,996;2,24E-4;224,10;-1,82E-5;287,29;1,31E-4
1,524;4,372;0,997;2,24E-4;224,15;-1,07E-4;287,42;3,21E-4
1,525;4,373;0,998;2,24E-4;224,16;-1,25E-4;287,49;4,20E-4
1,526;4,372;0,997;2,24E-4;224,13;-7,59E-5;287,38;2,56E-4
1,527;4,371;0,996;2,24E-4;224,12;-5,32E-5;287,35;2,15E-4
1,528;4,371;0,996;2,24E-4;224,12;-5,39E-5;287,34;1,98E-4
1,529;4,371;0,996;2,24E-4;224,11;-3,27E-5;287,30;1,46E-4
1,530;4,371;0,997;2,24E-4;224,12;-5,62E-5;287,37;2,41E-4
1,531;4,371;0,995;2,24E-4;224,10;-1,52E-6;287,23;3,88E-5
1,532;4,371;0,996;2,24E-4;224,10;-2,28E-6;287,26;7,97E-5
1,533;4,370;0,995;2,24E-4;224,09;1,06E-5;287,21;-2,15E-6
1,534;4,370;0,995;2,24E-4;224,08;3,72E-5;287,17;-6,03E-5
1,535;4,371;0,996;2,24E-4;224,10;-1,59E-5;287,28;1,10E-4
1,536;4,370;0,995;2,24E-4;224,08;3,49E-5;287,17;-5,39E-5
1,537;4,370;0,995;2,24E-4;224,06;5,92E-5;287,15;-9,48E-5
1,538;4,370;0,994;2,24E-4;224,08;3,87E-5;287,12;-1,27E-4
1,539;4,370;0,995;2,24E-4;224,07;5,09E-5;287,16;-7,33E-5
1,540;4,370;0,995;2,24E-4;224,08;2,81E-5;287,21;8,62E-6
1,541;4,370;0,995;2,24E-4;224,08;3,27E-5;287,18;-4,52E-5
1,542;4,370;0,994;2,24E-4;224,06;6,15E-5;287,09;-1,83E-4
1,543;4,370;0,994;2,24E-4;224,06;6,00E-5;287,12;-1,34E-4
1,544;4,370;0,995;2,24E-4;224,08;2,20E-5;287,18;-4,09E-5
1,545;4,371;0,995;2,24E-4;224,10;-1,75E-5;287,24;4,74E-5
1,546;4,371;0,996;2,24E-4;224,11;-3,80E-5;287,29;1,27E-4
1,547;4,370;0,996;2,24E-4;224,09;7,59E-6;287,27;9,05E-5
1,548;4,371;0,996;2,24E-4;224,11;-3,04E-5;287,29;1,21E-4
1,549;4,371;0,995;2,24E-4;224,09;1,52E-6;287,21;8,62E-6
1,550;4,371;0,996;2,24E-4;224,11;-2,43E-5;287,25;7,11E-5
1,551;4,371;0,996;2,24E-4;224,10;-1,82E-5;287,28;1,03E-4
1,552;4,370;0,996;2,24E-4;224,09;5,32E-6;287,29;1,23E-4
1,553;4,371;0,996;2,24E-4;224,10;-1,06E-5;287,27;1,01E-4
1,554;4,371;0,995;2,24E-4;224,10;-5,32E-6;287,25;6,03E-5
1,555;4,371;0,995;2,24E-4;224,10;-1,29E-5;287,24;4,31E-5
1,556;4,371;0,996;2,24E-4;224,11;-3,72E-5;287,31;1,49E-4
1,557;4,371;0,995;2,24E-4;224,10;-1,52E-6;287,24;5,60E-5
1,558;4,370;0,995;2,24E-4;224,08;2,05E-5;287,15;-8,19E-5
1,559;4,370;0,995;2,24E-4;224,09;1,90E-5;287,17;-5,82E-5
1,560;4,370;0,995;2,24E-4;224,09;7,59E-6;287,19;-2,59E-5
1,561;4,370;0,995;2,24E-4;224,08;2,58E-5;287,15;-8,19E-5
1,562;4,371;0,996;2,24E-4;224,11;-3,04E-5;287,31;1,53E-4
1,563;4,371;0,996;2,24E-4;224,11;-3,57E-5;287,28;1,12E-4
1,564;4,371;0,996;2,24E-4;224,12;-4,02E-5;287,32;1,70E-4
1,565;4,370;0,996;2,24E-4;224,09;8,35E-6;287,26;8,62E-5
1,566;4,372;0,996;2,24E-4;224,13;-6,00E-5;287,36;2,24E-4
1,567;4,372;0,997;2,24E-4;224,13;-5,92E-5;287,38;2,58E-4
1,568;4,371;0,996;2,24E-4;224,12;-5,24E-5;287,32;1,74E-4
1,569;4,371;0,996;2,24E-4;224,11;-2,66E-5;287,31;1,53E-4
1,570;4,370;0,995;2,24E-4;224,08;3,19E-5;287,17;-6,25E-5
1,571;4,371;0,996;2,24E-4;224,12;-4,94E-5;287,30;1,40E-4
1,572;4,371;0,996;2,24E-4;224,12;-4,48E-5;287,31;1,62E-4
1,573;4,371;0,996;2,24E-4;224,11;-3,64E-5;287,29;1,23E-4
1,574;4,371;0,996;2,24E-4;224,11;-2,13E-5;287,28;1,06E-4
1,575;4,371;0,996;2,24E-4;224,12;-4,33E-5;287,31;1,57E-4
1,576;4,373;0,998;2,24E-4;224,18;-1,61E-4;287,55;5,12E-4
1,577;4,372;0,996;2,24E-4;224,14;-7,75E-5;287,33;1,83E-4
1,578;4,370;0,995;2,24E-4;224,08;2,35E-5;287,17;-5,82E-5
1,579;4,369;0,994;2,24E-4;224,05;8,58E-5;287,09;-1,81E-4
1,580;4,368;0,993;2,24E-4;224,03;1,34E-4;286,98;-3,38E-4
1,581;4,371;0,996;2,24E-4;224,11;-3,27E-5;287,28;1,12E-4
1,582;4,370;0,995;2,24E-4;224,08;2,66E-5;287,22;2,59E-5
1,583;4,370;0,995;2,24E-4;224,08;3,72E-5;287,20;-8,62E-6
1,584;4,370;0,995;2,24E-4;224,07;5,85E-5;287,14;-1,10E-4
1,585;4,370;0,995;2,24E-4;224,09;1,37E-5;287,23;3,66E-5
1,586;4,371;0,996;2,24E-4;224,11;-3,11E-5;287,28;1,16E-4
1,587;4,372;0,997;2,24E-4;224,14;-7,97E-5;287,39;2,71E-4
1,588;4,372;0,997;2,24E-4;224,13;-6,15E-5;287,40;2,91E-4
1,589;4,370;0,995;2,24E-4;224,09;5,32E-6;287,25;6,25E-5
1,590;4,372;0,996;2,24E-4;224,13;-6,38E-5;287,35;2,18E-4
1,591;4,371;0,996;2,24E-4;224,12;-4,86E-5;287,32;1,77E-4
1,592;4,371;0,996;2,24E-4;224,12;-5,77E-5;287,33;1,85E-4
1,593;4,371;0,997;2,24E-4;224,12;-4,18E-5;287,38;2,61E-4
1,594;4,372;0,997;2,24E-4;224,14;-9,26E-5;287,44;3,49E-4
1,595;4,371;0,996;2,24E-4;224,11;-3,34E-5;287,31;1,55E-4
1,596;4,371;0,996;2,24E-4;224,12;-5,32E-5;287,30;1,44E-4
1,597;4,371;0,996;2,24E-4;224,12;-5,39E-5;287,33;1,79E-4
1,598;4,371;0,995;2,24E-4;224,11;-1,97E-5;287,25;5,82E-5
1,599;4,371;0,996;2,24E-4;224,11;-2,05E-5;287,29;1,31E-4
1,600;4,371;0,995;2,24E-4;224,10;-1,44E-5;287,23;3,66E-5
1,601;4,371;0,995;2,24E-4;224,09;2,28E-6;287,21;0,00
1,602;4,370;0,995;2,24E-4;224,08;2,20E-5;287,18;-4,09E-5
1,603;4,371;0,995;2,24E-4;224,10;-3,04E-6;287,22;2,37E-5
1,604;4,371;0,996;2,24E-4;224,11;-3,57E-5;287,30;1,40E-4
1,605;4,370;0,995;2,24E-4;224,07;4,63E-5;287,19;-3,45E-5
1,606;4,369;0,994;2,24E-4;224,04;1,03E-4;287,06;-2,28E-4
1,607;4,371;0,996;2,24E-4;224,11;-2,43E-5;287,32;1,64E-4
1,608;4,371;0,995;2,24E-4;224,10;-1,44E-5;287,24;5,17E-5
1,609;4,371;0,996;2,24E-4;224,10;-1,22E-5;287,26;8,19E-5
1,610;4,371;0,996;2,24E-4;224,11;-3,04E-5;287,27;9,48E-5
1,611;4,372;0,997;2,24E-4;224,14;-9,11E-5;287,39;2,69E-4
1,612;4,371;0,995;2,24E-4;224,10;-3,04E-6;287,23;4,09E-5
1,613;4,371;0,996;2,24E-4;224,10;-5,32E-6;287,25;6,68E-5
1,614;4,371;0,996;2,24E-4;224,11;-1,97E-5;287,27;9,05E-5
1,615;4,371;0,996;2,24E-4;224,12;-3,87E-5;287,33;1,87E-4
1,616;4,370;0,995;2,24E-4;224,09;9,11E-6;287,24;4,96E-5
1,617;4,371;0,996;2,24E-4;224,12;-5,47E-5;287,30;1,42E-4
1,618;4,372;0,996;2,24E-4;224,14;-8,05E-5;287,36;2,30E-4
1,619;4,371;0,996;2,24E-4;224,12;-5,24E-5;287,35;2,22E-4
1,620;4,370;0,995;2,24E-4;224,07;5,54E-5;287,17;-5,17E-5
1,621;4,370;0,995;2,24E-4;224,09;7,59E-6;287,20;-6,46E-6
1,622;4,370;0,995;2,24E-4;224,09;1,52E-5;287,23;3,66E-5
1,623;4,372;0,997;2,24E-4;224,13;-7,29E-5;287,39;2,69E-4
1,624;4,371;0,996;2,24E-4;224,12;-4,78E-5;287,34;1,96E-4
1,625;4,372;0,996;2,24E-4;224,13;-7,29E-5;287,36;2,37E-4
1,626;4,371;0,996;2,24E-4;224,10;-1,75E-5;287,29;1,25E-4
1,627;4,371;0,996;2,24E-4;224,11;-3,64E-5;287,34;2,05E-4
1,628;4,371;0,996;2,24E-4;224,12;-4,18E-5;287,35;2,15E-4
1,629;4,370;0,995;2,24E-4;224,08;3,80E-5;287,20;-6,46E-6
1,630;4,370;0,995;2,24E-4;224,09;8,35E-6;287,20;-8,62E-6
1,631;4,371;0,996;2,24E-4;224,12;-5,47E-5;287,36;2,37E-4
1,632;4,372;0,997;2,24E-4;224,14;-8,88E-5;287,39;2,82E-4
1,633;4,371;0,996;2,24E-4;224,11;-3,64E-5;287,31;1,49E-4
1,634;4,370;0,995;2,24E-4;224,09;6,08E-6;287,21;4,31E-6
1,635;4,370;0,995;2,24E-4;224,07;4,71E-5;287,14;-1,03E-4
1,636;4,371;0,996;2,24E-4;224,12;-4,71E-5;287,31;1,49E-4
1,637;4,371;0,996;2,24E-4;224,11;-3,11E-5;287,30;1,44E-4
1,638;4,370;0,995;2,24E-4;224,09;1,22E-5;287,20;-1,51E-5
1,639;4,370;0,995;2,24E-4;224,07;5,32E-5;287,16;-6,68E-5
1,640;4,371;0,996;2,24E-4;224,10;-1,06E-5;287,26;7,97E-5
1,641;4,372;0,997;2,24E-4;224,13;-6,23E-5;287,37;2,41E-4
1,642;4,372;0,997;2,24E-4;224,14;-7,75E-5;287,37;2,50E-4
1,643;4,371;0,996;2,24E-4;224,12;-4,25E-5;287,33;1,90E-4
1,644;4,371;0,995;2,24E-4;224,10;-6,08E-6;287,24;4,96E-5
1,645;4,372;0,997;2,24E-4;224,14;-9,49E-5;287,41;3,10E-4
1,646;4,371;0,996;2,24E-4;224,12;-5,47E-5;287,33;1,85E-4
1,647;4,371;0,996;2,24E-4;224,09;7,59E-7;287,27;1,01E-4
1,648;4,371;0,996;2,24E-4;224,12;-4,18E-5;287,31;1,49E-4
1,649;4,371;0,996;2,24E-4;224,10;-1,59E-5;287,30;1,46E-4
1,650;4,371;0,995;2,24E-4;224,10;-1,29E-5;287,22;2,59E-5
1,651;4,369;0,994;2,24E-4;224,06;7,29E-5;287,12;-1,38E-4
1,652;4,371;0,995;2,24E-4;224,10;0,00;287,23;3,02E-5
1,653;4,371;0,995;2,24E-4;224,10;-1,52E-6;287,24;5,17E-5
1,654;4,370;0,995;2,24E-4;224,09;8,35E-6;287,24;5,39E-5
1,655;4,370;0,995;2,24E-4;224,07;5,09E-5;287,16;-7,97E-5
1,656;4,370;0,995;2,24E-4;224,07;4,78E-5;287,19;-3,45E-5
1,657;4,370;0,995;2,24E-4;224,09;9,11E-6;287,25;6,46E-5
1,658;4,371;0,995;2,24E-4;224,10;-6,08E-6;287,21;4,31E-6
1,659;4,371;0,996;2,24E-4;224,10;-1,44E-5;287,30;1,34E-4
1,660;4,371;0,996;2,24E-4;224,10;-4,56E-6;287,26;7,33E-5
1,661;4,372;0,996;2,24E-4;224,13;-5,85E-5;287,36;2,26E-4
1,662;4,372;0,997;2,24E-4;224,13;-7,67E-5;287,37;2,46E-4
1,663;4,371;0,996;2,24E-4;224,12;-5,62E-5;287,34;2,07E-4
1,664;4,372;0,996;2,24E-4;224,14;-7,75E-5;287,36;2,37E-4
1,665;4,371;0,996;2,24E-4;224,12;-3,95E-5;287,33;1,79E-4
1,666;4,372;0,997;2,24E-4;224,14;-8,20E-5;287,38;2,67E-4
1,667;4,372;0,997;2,24E-4;224,13;-7,37E-5;287,42;3,21E-4
1,668;4,372;0,997;2,24E-4;224,14;-8,12E-5;287,40;2,91E-4
1,669;4,370;0,995;2,24E-4;224,09;8,35E-6;287,22;1,72E-5
1,670;4,370;0,995;2,24E-4;224,08;2,13E-5;287,21;2,15E-6
1,671;4,371;0,995;2,24E-4;224,09;7,59E-7;287,22;2,59E-5
1,672;4,371;0,995;2,24E-4;224,10;-7,59E-7;287,24;5,17E-5
1,673;4,371;0,995;2,24E-4;224,09;3,80E-6;287,25;6,25E-5
1,674;4,370;0,995;2,24E-4;224,07;3,95E-5;287,14;-9,70E-5
1,675;4,370;0,995;2,24E-4;224,09;1,67E-5;287,20;-6,46E-6
1,676;4,371;0,995;2,24E-4;224,10;-7,59E-6;287,23;3,02E-5
1,677;4,370;0,995;2,24E-4;224,08;2,89E-5;287,16;-7,97E-5
1,678;4,371;0,995;2,24E-4;224,10;-1,22E-5;287,24;5,60E-5
1,679;4,371;0,996;2,24E-4;224,12;-4,56E-5;287,35;2,22E-4
1,680;4,371;0,996;2,24E-4;224,12;-5,01E-5;287,27;9,48E-5
1,681;4,371;0,996;2,24E-4;224,11;-1,97E-5;287,27;9,69E-5
1,682;4,371;0,996;2,24E-4;224,10;-9,11E-6;287,25;6,89E-5
1,683;4,370;0,995;2,24E-4;224,09;1,82E-5;287,18;-4,74E-5
1,684;4,370;0,995;2,24E-4;224,09;8,35E-6;287,19;-3,02E-5
1,685;4,371;0,996;2,24E-4;224,11;-2,73E-5;287,28;1,03E-4
1,686;4,372;0,997;2,24E-4;224,14;-9,26E-5;287,46;3,75E-4
1,687;4,371;0,996;2,24E-4;224,12;-5,39E-5;287,34;2,00E-4
1,688;4,370;0,995;2,24E-4;224,09;7,59E-6;287,23;3,66E-5
1,689;4,371;0,996;2,24E-4;224,12;-4,78E-5;287,33;1,92E-4
1,690;4,370;0,995;2,24E-4;224,09;6,08E-6;287,24;4,31E-5
1,691;4,372;0,996;2,24E-4;224,13;-7,37E-5;287,36;2,33E-4
1,692;4,370;0,995;2,24E-4;224,09;1,90E-5;287,16;-7,11E-5
1,693;4,370;0,995;2,24E-4;224,08;2,13E-5;287,19;-3,45E-5
1,694;4,371;0,996;2,24E-4;224,11;-2,20E-5;287,27;9,69E-5
1,695;4,370;0,995;2,24E-4;224,08;3,34E-5;287,15;-8,83E-5
1,696;4,371;0,996;2,24E-4;224,10;-1,82E-5;287,25;6,68E-5
1,697;4,372;0,996;2,24E-4;224,13;-6,30E-5;287,34;2,07E-4
1,698;4,372;0,997;2,24E-4;224,15;-1,08E-4;287,40;2,89E-4
1,699;4,370;0,995;2,24E-4;224,09;1,22E-5;287,20;-1,51E-5
1,700;4,371;0,996;2,24E-4;224,09;1,52E-6;287,27;9,69E-5
1,701;4,371;0,995;2,24E-4;224,09;3,04E-6;287,19;-3,45E-5
1,702;4,370;0,995;2,24E-4;224,08;2,05E-5;287,20;-1,72E-5
1,703;4,371;0,996;2,24E-4;224,11;-2,66E-5;287,27;1,01E-4
1,704;4,372;0,997;2,24E-4;224,14;-8,43E-5;287,40;2,95E-4
1,705;4,370;0,995;2,24E-4;224,07;4,63E-5;287,19;-3,02E-5
1,706;4,370;0,995;2,24E-4;224,07;4,71E-5;287,16;-7,76E-5
1,707;4,371;0,996;2,24E-4;224,10;-9,11E-6;287,25;7,11E-5
1,708;4,373;0,998;2,24E-4;224,17;-1,41E-4;287,50;4,39E-4
1,709;4,370;0,995;2,24E-4;224,09;1,90E-5;287,20;-1,94E-5
1,710;4,372;0,996;2,24E-4;224,13;-6,83E-5;287,32;1,74E-4
1,711;4,372;0,997;2,24E-4;224,13;-6,91E-5;287,37;2,48E-4
1,712;4,371;0,996;2,24E-4;224,12;-5,62E-5;287,35;2,18E-4
1,713;4,371;0,995;2,24E-4;224,10;-6,08E-6;287,23;3,23E-5
1,714;4,370;0,994;2,24E-4;224,06;6,38E-5;287,09;-1,75E-4
1,715;4,371;0,996;2,24E-4;224,12;-4,40E-5;287,34;2,00E-4
1,716;4,371;0,995;2,24E-4;224,10;-5,32E-6;287,24;5,60E-5
1,717;4,372;0,996;2,24E-4;224,13;-7,14E-5;287,35;2,18E-4
1,718;4,371;0,996;2,24E-4;224,11;-3,57E-5;287,29;1,25E-4
1,719;4,371;0,995;2,24E-4;224,09;7,59E-7;287,21;8,62E-6
1,720;4,370;0,995;2,24E-4;224,09;1,52E-5;287,16;-6,68E-5
1,721;4,371;0,996;2,24E-4;224,11;-3,34E-5;287,28;1,14E-4
1,722;4,371;0,996;2,24E-4;224,11;-3,34E-5;287,27;9,91E-5
1,723;4,371;0,996;2,24E-4;224,10;-1,06E-5;287,26;8,40E-5
1,724;4,371;0,996;2,24E-4;224,11;-2,81E-5;287,27;8,83E-5
1,725;4,371;0,995;2,24E-4;224,10;-9,11E-6;287,24;4,52E-5
1,726;4,371;0,996;2,24E-4;224,11;-2,89E-5;287,27;9,91E-5
1,727;4,371;0,996;2,24E-4;224,12;-4,25E-5;287,26;8,19E-5
1,728;4,371;0,996;2,24E-4;224,10;-9,11E-6;287,27;8,83E-5
1,729;4,371;0,996;2,24E-4;224,11;-3,34E-5;287,28;1,03E-4
1,730;4,372;0,997;2,24E-4;224,15;-1,11E-4;287,47;4,03E-4
1,731;4,371;0,996;2,24E-4;224,11;-2,05E-5;287,27;9,69E-5
1,732;4,371;0,996;2,24E-4;224,10;-1,52E-5;287,27;9,05E-5
1,733;4,371;0,996;2,24E-4;224,10;-1,06E-5;287,28;1,06E-4
1,734;4,371;0,996;2,24E-4;224,11;-2,89E-5;287,27;9,91E-5
1,735;4,370;0,994;2,24E-4;224,08;2,81E-5;287,13;-1,23E-4
1,736;4,371;0,996;2,24E-4;224,12;-3,87E-5;287,30;1,38E-4
1,737;4,372;0,997;2,24E-4;224,15;-1,03E-4;287,42;3,19E-4
1,738;4,371;0,996;2,24E-4;224,12;-4,56E-5;287,28;1,14E-4
1,739;4,372;0,997;2,24E-4;224,14;-8,81E-5;287,40;2,91E-4
1,740;4,371;0,996;2,24E-4;224,12;-4,48E-5;287,34;2,05E-4
1,741;4,371;0,996;2,24E-4;224,12;-3,87E-5;287,31;1,62E-4
1,742;4,371;0,996;2,24E-4;224,12;-5,39E-5;287,35;2,18E-4
1,743;4,371;0,996;2,24E-4;224,10;-1,75E-5;287,28;1,14E-4
1,744;4,371;0,996;2,24E-4;224,10;-1,59E-5;287,27;9,05E-5
1,745;4,371;0,995;2,24E-4;224,10;-9,87E-6;287,24;4,52E-5
1,746;4,371;0,996;2,24E-4;224,12;-4,48E-5;287,32;1,64E-4
1,747;4,371;0,995;2,24E-4;224,11;-3,27E-5;287,25;6,25E-5
1,748;4,371;0,996;2,24E-4;224,12;-5,70E-5;287,36;2,37E-4
1,749;4,370;0,995;2,24E-4;224,09;1,22E-5;287,23;2,80E-5
1,750;4,370;0,996;2,24E-4;224,09;6,08E-6;287,26;8,40E-5
1,751;4,371;0,996;2,24E-4;224,12;-5,09E-5;287,32;1,77E-4
1,752;4,371;0,996;2,24E-4;224,11;-3,11E-5;287,30;1,34E-4
1,753;4,372;0,997;2,24E-4;224,13;-6,00E-5;287,37;2,52E-4
1,754;4,371;0,996;2,24E-4;224,12;-3,95E-5;287,28;1,03E-4
1,755;4,371;0,996;2,24E-4;224,11;-2,96E-5;287,27;9,26E-5
1,756;4,370;0,995;2,24E-4;224,09;1,29E-5;287,16;-6,68E-5
1,757;4,371;0,995;2,24E-4;224,09;2,28E-6;287,22;2,37E-5
1,758;4,373;0,998;2,24E-4;224,16;-1,27E-4;287,48;4,18E-4
1,759;4,372;0,997;2,24E-4;224,15;-1,06E-4;287,46;3,88E-4
1,760;4,371;0,996;2,24E-4;224,12;-4,56E-5;287,31;1,55E-4
1,761;4,370;0,995;2,24E-4;224,08;3,42E-5;287,21;6,46E-6
1,762;4,371;0,996;2,24E-4;224,11;-3,49E-5;287,29;1,23E-4
1,763;4,371;0,996;2,24E-4;224,12;-4,48E-5;287,33;1,79E-4
1,764;4,371;0,996;2,24E-4;224,12;-5,01E-5;287,34;1,94E-4
1,765;4,371;0,996;2,24E-4;224,10;-1,22E-5;287,29;1,31E-4
1,766;4,370;0,995;2,24E-4;224,08;3,80E-5;287,17;-5,17E-5
1,767;4,370;0,994;2,24E-4;224,06;6,00E-5;287,12;-1,38E-4
1,768;4,371;0,996;2,24E-4;224,12;-5,47E-5;287,34;1,96E-4
1,769;4,371;0,996;2,24E-4;224,10;-9,11E-6;287,27;9,48E-5
1,770;4,372;0,996;2,24E-4;224,14;-8,35E-5;287,36;2,26E-4
1,771;4,371;0,996;2,24E-4;224,12;-4,02E-5;287,31;1,53E-4
1,772;4,371;0,996;2,24E-4;224,11;-2,89E-5;287,26;8,19E-5
1,773;4,372;0,996;2,24E-4;224,13;-6,83E-5;287,37;2,39E-4
1,774;4,372;0,996;2,24E-4;224,13;-6,07E-5;287,32;1,68E-4
1,775;4,371;0,996;2,24E-4;224,12;-5,39E-5;287,34;1,96E-4
1,776;4,373;0,997;2,24E-4;224,16;-1,28E-4;287,44;3,53E-4
1,777;4,371;0,997;2,24E-4;224,12;-5,16E-5;287,37;2,41E-4
1,778;4,372;0,996;2,24E-4;224,13;-6,91E-5;287,33;1,83E-4
1,779;4,371;0,996;2,24E-4;224,12;-5,09E-5;287,35;2,18E-4
1,780;4,371;0,996;2,24E-4;224,12;-3,95E-5;287,31;1,62E-4
1,781;4,370;0,995;2,24E-4;224,07;5,39E-5;287,16;-6,68E-5
1,782;4,370;0,996;2,24E-4;224,09;1,52E-5;287,28;1,03E-4
1,783;4,369;0,995;2,24E-4;224,05;8,28E-5;287,14;-1,03E-4
1,784;4,368;0,994;2,24E-4;224,02;1,40E-4;287,10;-1,64E-4
1,785;4,368;0,995;2,24E-4;224,02;1,38E-4;287,16;-7,54E-5
1,786;4,369;0,995;2,24E-4;224,04;1,16E-4;287,21;8,62E-6
1,787;4,370;0,996;2,24E-4;224,07;5,62E-5;287,30;1,40E-4
1,788;4,371;0,996;2,24E-4;224,10;-6,08E-6;287,34;2,07E-4
1,789;4,370;0,996;2,24E-4;224,09;1,75E-5;287,29;1,21E-4
1,790;4,370;0,996;2,24E-4;224,09;8,35E-6;287,27;9,91E-5
1,791;4,370;0,995;2,24E-4;224,06;6,00E-5;287,21;-2,15E-6
1,792;4,369;0,995;2,24E-4;224,06;6,84E-5;287,17;-5,17E-5
1,793;4,370;0,996;2,24E-4;224,07;4,33E-5;287,26;7,97E-5
1,794;4,370;0,996;2,24E-4;224,08;2,05E-5;287,26;8,19E-5
1,795;4,371;0,995;2,24E-4;224,10;-9,87E-6;287,23;3,66E-5
1,796;4,370;0,994;2,24E-4;224,08;3,34E-5;287,12;-1,27E-4
1,797;4,370;0,995;2,24E-4;224,08;2,35E-5;287,22;1,51E-5
1,798;4,370;0,995;2,24E-4;224,06;6,23E-5;287,22;2,37E-5
1,799;4,370;0,995;2,24E-4;224,06;6,38E-5;287,24;4,96E-5
1,800;4,370;0,996;2,24E-4;224,08;2,35E-5;287,34;1,96E-4
1,801;4,370;0,996;2,24E-4;224,06;6,30E-5;287,29;1,25E-4
1,802;4,370;0,995;2,24E-4;224,07;4,94E-5;287,22;1,94E-5
1,803;4,369;0,995;2,24E-4;224,06;7,29E-5;287,24;5,39E-5
1,804;4,370;0,996;2,24E-4;224,09;1,06E-5;287,30;1,38E-4
1,805;4,371;0,996;2,24E-4;224,10;-1,52E-6;287,35;2,15E-4
1,806;4,371;0,997;2,24E-4;224,10;-6,08E-6;287,37;2,41E-4
1,807;4,370;0,996;2,24E-4;224,06;6,46E-5;287,27;9,26E-5
1,808;4,370;0,996;2,24E-4;224,09;9,11E-6;287,31;1,59E-4
1,809;4,369;0,995;2,24E-4;224,05;9,04E-5;287,21;6,46E-6
1,810;4,369;0,994;2,24E-4;224,03;1,18E-4;287,08;-1,98E-4
1,811;4,370;0,995;2,24E-4;224,07;4,25E-5;287,24;4,74E-5
1,812;4,369;0,995;2,24E-4;224,04;1,14E-4;287,18;-4,31E-5
1,813;4,369;0,994;2,24E-4;224,04;1,09E-4;287,13;-1,14E-4
1,814;4,370;0,996;2,24E-4;224,08;2,58E-5;287,28;1,06E-4
1,815;4,371;0,997;2,24E-4;224,11;-2,58E-5;287,42;3,17E-4
1,816;4,371;0,996;2,24E-4;224,10;-1,52E-6;287,35;2,22E-4
1,817;4,370;0,996;2,24E-4;224,09;1,75E-5;287,35;2,15E-4
1,818;4,370;0,996;2,24E-4;224,07;5,70E-5;287,26;8,19E-5
1,819;4,370;0,996;2,24E-4;224,07;4,02E-5;287,32;1,77E-4
1,820;4,370;0,996;2,24E-4;224,08;3,49E-5;287,28;1,14E-4
1,821;4,370;0,996;2,24E-4;224,08;2,43E-5;287,32;1,74E-4
1,822;4,370;0,996;2,24E-4;224,09;1,67E-5;287,35;2,11E-4
1,823;4,368;0,995;2,24E-4;224,02;1,37E-4;287,15;-9,48E-5
1,824;4,369;0,995;2,24E-4;224,05;9,27E-5;287,19;-2,80E-5
1,825;4,370;0,996;2,24E-4;224,07;5,70E-5;287,29;1,31E-4
1,826;4,370;0,996;2,24E-4;224,08;3,80E-5;287,32;1,74E-4
1,827;4,370;0,996;2,24E-4;224,07;4,71E-5;287,29;1,18E-4
1,828;4,370;0,996;2,24E-4;224,06;6,30E-5;287,27;9,26E-5
1,829;4,371;0,997;2,24E-4;224,12;-3,95E-5;287,45;3,73E-4
1,830;4,370;0,996;2,24E-4;224,09;7,59E-6;287,36;2,33E-4
1,831;4,371;0,997;2,24E-4;224,10;-9,11E-6;287,42;3,27E-4
1,832;4,370;0,996;2,24E-4;224,09;1,06E-5;287,35;2,13E-4
1,833;4,370;0,996;2,24E-4;224,07;4,63E-5;287,32;1,64E-4
1,834;4,370;0,996;2,24E-4;224,09;1,59E-5;287,34;2,07E-4
1,835;4,370;0,996;2,24E-4;224,08;3,34E-5;287,33;1,79E-4
1,836;4,370;0,996;2,24E-4;224,07;4,94E-5;287,32;1,68E-4
1,837;4,370;0,996;2,24E-4;224,07;5,54E-5;287,28;1,16E-4
1,838;4,370;0,996;2,24E-4;224,08;2,81E-5;287,34;1,96E-4
1,839;4,370;0,996;2,24E-4;224,08;2,89E-5;287,33;1,87E-4
1,840;4,369;0,996;2,24E-4;224,06;6,99E-5;287,27;9,69E-5
1,841;4,369;0,996;2,24E-4;224,06;6,99E-5;287,27;9,05E-5
1,842;4,371;0,996;2,24E-4;224,10;-7,59E-7;287,35;2,22E-4
1,843;4,372;0,998;2,24E-4;224,14;-8,20E-5;287,52;4,74E-4
1,844;4,370;0,996;2,24E-4;224,08;3,11E-5;287,34;1,98E-4
1,845;4,370;0,996;2,24E-4;224,07;4,18E-5;287,31;1,57E-4
1,846;4,369;0,995;2,24E-4;224,06;7,06E-5;287,24;5,17E-5
1,847;4,369;0,996;2,24E-4;224,06;7,06E-5;287,28;1,12E-4
1,848;4,370;0,997;2,24E-4;224,08;2,51E-5;287,37;2,46E-4
1,849;4,369;0,995;2,24E-4;224,05;8,20E-5;287,24;4,52E-5
1,850;4,370;0,996;2,24E-4;224,07;4,10E-5;287,30;1,42E-4
1,851;4,370;0,996;2,24E-4;224,08;2,89E-5;287,33;1,87E-4
1,852;4,371;0,997;2,24E-4;224,10;-8,35E-6;287,41;3,06E-4
1,853;4,371;0,997;2,24E-4;224,10;-1,06E-5;287,41;3,04E-4
1,854;4,370;0,996;2,24E-4;224,08;2,81E-5;287,34;1,96E-4
1,855;4,369;0,995;2,24E-4;224,04;1,10E-4;287,20;-1,94E-5
1,856;4,370;0,997;2,24E-4;224,09;8,35E-6;287,39;2,80E-4
1,857;4,369;0,995;2,24E-4;224,05;9,27E-5;287,23;3,02E-5
1,858;4,369;0,995;2,24E-4;224,04;1,12E-4;287,22;1,72E-5
1,859;4,370;0,996;2,24E-4;224,07;4,63E-5;287,28;1,10E-4
1,860;4,371;0,997;2,24E-4;224,11;-2,81E-5;287,48;4,05E-4
1,861;4,371;0,997;2,24E-4;224,10;-9,11E-6;287,39;2,71E-4
1,862;4,370;0,996;2,24E-4;224,07;4,78E-5;287,33;1,83E-4
1,863;4,372;0,998;2,24E-4;224,13;-6,23E-5;287,53;4,91E-4
1,864;4,371;0,997;2,24E-4;224,10;-1,29E-5;287,41;3,08E-4
1,865;4,370;0,997;2,24E-4;224,09;6,08E-6;287,41;2,99E-4
1,866;4,370;0,996;2,24E-4;224,07;4,10E-5;287,34;2,05E-4
1,867;4,368;0,995;2,24E-4;224,03;1,36E-4;287,19;-2,59E-5
1,868;4,369;0,996;2,24E-4;224,06;6,91E-5;287,28;1,16E-4
1,869;4,371;0,997;2,24E-4;224,10;-6,83E-6;287,45;3,70E-4
1,870;4,370;0,996;2,24E-4;224,07;5,24E-5;287,33;1,87E-4
1,871;4,370;0,997;2,24E-4;224,08;2,81E-5;287,39;2,76E-4
1,872;4,370;0,996;2,24E-4;224,07;4,48E-5;287,30;1,46E-4
1,873;4,371;0,997;2,24E-4;224,09;7,59E-7;287,40;2,91E-4
1,874;4,370;0,997;2,24E-4;224,09;9,11E-6;287,42;3,17E-4
1,875;4,370;0,995;2,24E-4;224,06;6,61E-5;287,24;4,74E-5
1,876;4,369;0,996;2,24E-4;224,05;8,13E-5;287,26;8,62E-5
1,877;4,370;0,996;2,24E-4;224,07;4,18E-5;287,35;2,09E-4
1,878;4,371;0,997;2,24E-4;224,09;7,59E-7;287,41;2,99E-4
1,879;4,369;0,996;2,24E-4;224,06;7,59E-5;287,28;1,16E-4
1,880;4,369;0,995;2,24E-4;224,04;1,00E-4;287,23;2,80E-5
1,881;4,369;0,996;2,24E-4;224,06;7,06E-5;287,28;1,08E-4
1,882;4,369;0,996;2,24E-4;224,06;6,76E-5;287,29;1,25E-4
1,883;4,370;0,997;2,24E-4;224,08;2,89E-5;287,37;2,46E-4
1,884;4,368;0,994;2,24E-4;224,01;1,60E-4;287,11;-1,55E-4
1,885;4,368;0,995;2,24E-4;224,02;1,37E-4;287,18;-4,74E-5
1,886;4,370;0,996;2,24E-4;224,08;2,81E-5;287,36;2,37E-4
1,887;4,369;0,996;2,24E-4;224,06;6,91E-5;287,29;1,25E-4
1,888;4,369;0,996;2,24E-4;224,06;7,52E-5;287,28;1,08E-4
1,889;4,370;0,997;2,24E-4;224,09;5,32E-6;287,41;3,08E-4
1,890;4,369;0,995;2,24E-4;224,05;8,51E-5;287,24;5,17E-5
1,891;4,369;0,995;2,24E-4;224,05;9,19E-5;287,25;6,03E-5
1,892;4,370;0,996;2,24E-4;224,07;4,78E-5;287,31;1,57E-4
1,893;4,369;0,996;2,24E-4;224,06;7,14E-5;287,29;1,21E-4
1,894;4,370;0,997;2,24E-4;224,09;1,59E-5;287,41;3,10E-4
1,895;4,370;0,996;2,24E-4;224,06;6,30E-5;287,29;1,18E-4
1,896;4,369;0,996;2,24E-4;224,06;7,06E-5;287,28;1,12E-4
1,897;4,369;0,995;2,24E-4;224,05;8,35E-5;287,23;3,02E-5
1,898;4,370;0,996;2,24E-4;224,06;6,23E-5;287,31;1,51E-4
1,899;4,370;0,997;2,24E-4;224,08;2,28E-5;287,39;2,71E-4
1,900;4,369;0,996;2,24E-4;224,06;7,06E-5;287,27;1,01E-4
1,901;4,370;0,996;2,24E-4;224,06;6,53E-5;287,28;1,14E-4
1,902;4,370;0,996;2,24E-4;224,07;5,39E-5;287,30;1,36E-4
1,903;4,369;0,995;2,24E-4;224,03;1,18E-4;287,17;-5,82E-5
1,904;4,369;0,995;2,24E-4;224,03;1,28E-4;287,16;-7,76E-5
1,905;4,369;0,995;2,24E-4;224,04;1,03E-4;287,22;2,59E-5
1,906;4,371;0,997;2,24E-4;224,11;-2,05E-5;287,44;3,55E-4
1,907;4,371;0,997;2,24E-4;224,11;-2,05E-5;287,43;3,38E-4
1,908;4,369;0,995;2,24E-4;224,04;1,00E-4;287,22;1,51E-5
1,909;4,370;0,997;2,24E-4;224,08;3,49E-5;287,38;2,54E-4
1,910;4,370;0,996;2,24E-4;224,08;2,81E-5;287,33;1,85E-4
1,911;4,370;0,996;2,24E-4;224,06;6,61E-5;287,27;1,01E-4
1,912;4,370;0,996;2,24E-4;224,08;3,80E-5;287,35;2,15E-4
1,913;4,369;0,995;2,24E-4;224,05;8,81E-5;287,24;4,74E-5
1,914;4,370;0,996;2,24E-4;224,07;4,86E-5;287,32;1,66E-4
1,915;4,371;0,997;2,24E-4;224,11;-2,20E-5;287,44;3,53E-4
1,916;4,369;0,996;2,24E-4;224,06;7,59E-5;287,28;1,14E-4
1,917;4,369;0,995;2,24E-4;224,03;1,23E-4;287,17;-5,39E-5
1,918;4,367;0,993;2,24E-4;223,98;2,18E-4;287,01;-2,93E-4
1,919;4,368;0,994;2,24E-4;224,01;1,56E-4;287,10;-1,64E-4
1,920;4,370;0,996;2,24E-4;224,07;5,62E-5;287,28;1,08E-4
1,921;4,370;0,996;2,24E-4;224,07;5,70E-5;287,30;1,38E-4
1,922;4,369;0,996;2,24E-4;224,06;6,76E-5;287,29;1,27E-4
1,923;4,369;0,996;2,24E-4;224,06;6,68E-5;287,25;6,89E-5
1,924;4,370;0,996;2,24E-4;224,08;2,96E-5;287,34;2,00E-4
1,925;4,370;0,996;2,24E-4;224,08;3,87E-5;287,34;2,02E-4
1,926;4,370;0,996;2,24E-4;224,06;6,46E-5;287,32;1,68E-4
1,927;4,370;0,997;2,24E-4;224,08;3,65E-5;287,37;2,48E-4
1,928;4,369;0,996;2,24E-4;224,06;7,21E-5;287,29;1,23E-4
1,929;4,369;0,995;2,24E-4;224,05;8,89E-5;287,22;1,29E-5
1,930;4,370;0,996;2,24E-4;224,09;1,82E-5;287,35;2,20E-4
1,931;4,370;0,996;2,24E-4;224,09;1,67E-5;287,35;2,20E-4
1,932;4,370;0,997;2,24E-4;224,08;3,87E-5;287,38;2,54E-4
1,933;4,369;0,995;2,24E-4;224,04;9,95E-5;287,21;6,46E-6
1,934;4,370;0,996;2,24E-4;224,06;6,38E-5;287,26;7,76E-5
1,935;4,370;0,996;2,24E-4;224,07;5,32E-5;287,26;8,40E-5
1,936;4,370;0,996;2,24E-4;224,07;5,32E-5;287,29;1,31E-4
1,937;4,370;0,996;2,24E-4;224,07;4,78E-5;287,32;1,64E-4
1,938;4,370;0,996;2,24E-4;224,07;5,70E-5;287,31;1,51E-4
1,939;4,370;0,996;2,24E-4;224,07;5,39E-5;287,28;1,10E-4
1,940;4,370;0,996;2,24E-4;224,06;6,46E-5;287,27;9,48E-5
1,941;4,370;0,996;2,24E-4;224,07;4,02E-5;287,33;1,79E-4
1,942;4,369;0,995;2,24E-4;224,04;9,87E-5;287,19;-2,59E-5
1,943;4,369;0,996;2,24E-4;224,06;7,29E-5;287,26;7,54E-5
1,944;4,369;0,995;2,24E-4;224,03;1,24E-4;287,21;0,00
1,945;4,369;0,995;2,24E-4;224,05;8,66E-5;287,22;1,94E-5
1,946;4,369;0,996;2,24E-4;224,05;8,20E-5;287,30;1,36E-4
1,947;4,369;0,995;2,24E-4;224,03;1,28E-4;287,18;-4,96E-5
1,948;4,369;0,995;2,24E-4;224,03;1,18E-4;287,18;-4,74E-5
1,949;4,368;0,994;2,24E-4;224,00;1,85E-4;287,04;-2,50E-4
1,950;4,369;0,996;2,24E-4;224,06;7,67E-5;287,28;1,16E-4
1,951;4,369;0,996;2,24E-4;224,04;1,03E-4;287,26;8,62E-5
1,952;4,369;0,995;2,24E-4;224,03;1,21E-4;287,19;-3,02E-5
1,953;4,369;0,996;2,24E-4;224,06;7,59E-5;287,28;1,06E-4
1,954;4,369;0,995;2,24E-4;224,05;7,82E-5;287,23;3,02E-5
1,955;4,370;0,996;2,24E-4;224,07;4,02E-5;287,34;1,94E-4
1,956;4,370;0,996;2,24E-4;224,08;2,58E-5;287,35;2,15E-4
1,957;4,370;0,996;2,24E-4;224,08;2,96E-5;287,36;2,30E-4
1,958;4,370;0,996;2,24E-4;224,08;3,42E-5;287,36;2,26E-4
1,959;4,369;0,995;2,24E-4;224,03;1,19E-4;287,24;4,74E-5
1,960;4,370;0,996;2,24E-4;224,07;4,18E-5;287,35;2,15E-4
1,961;4,371;0,998;2,24E-4;224,12;-5,62E-5;287,54;4,95E-4
1,962;4,370;0,997;2,24E-4;224,08;2,20E-5;287,39;2,76E-4
1,963;4,371;0,997;2,24E-4;224,10;-1,90E-5;287,48;4,07E-4
1,964;4,370;0,996;2,24E-4;224,06;5,92E-5;287,29;1,18E-4
1,965;4,369;0,996;2,24E-4;224,05;8,81E-5;287,26;8,62E-5
1,966;4,368;0,995;2,24E-4;224,03;1,35E-4;287,16;-7,76E-5
1,967;4,368;0,995;2,24E-4;224,02;1,46E-4;287,18;-4,52E-5
1,968;4,368;0,994;2,24E-4;224,03;1,35E-4;287,10;-1,64E-4
1,969;4,369;0,995;2,24E-4;224,04;1,02E-4;287,20;-1,51E-5
1,970;4,369;0,995;2,24E-4;224,05;8,20E-5;287,21;-2,15E-6
1,971;4,369;0,995;2,24E-4;224,04;1,14E-4;287,18;-4,74E-5
1,972;4,370;0,996;2,24E-4;224,08;2,73E-5;287,36;2,37E-4
1,973;4,368;0,995;2,24E-4;224,03;1,34E-4;287,19;-3,02E-5
1,974;4,369;0,996;2,24E-4;224,06;7,59E-5;287,26;7,33E-5
1,975;4,370;0,996;2,24E-4;224,07;5,32E-5;287,29;1,27E-4
1,976;4,368;0,995;2,24E-4;224,03;1,36E-4;287,17;-5,39E-5
1,977;4,369;0,996;2,24E-4;224,06;7,44E-5;287,27;1,01E-4
1,978;4,369;0,995;2,24E-4;224,04;1,15E-4;287,22;1,29E-5
1,979;4,369;0,995;2,24E-4;224,05;7,82E-5;287,25;6,03E-5
1,980;4,369;0,995;2,24E-4;224,03;1,28E-4;287,20;-1,08E-5
1,981;4,370;0,996;2,24E-4;224,06;6,23E-5;287,30;1,34E-4
1,982;4,369;0,996;2,24E-4;224,05;9,42E-5;287,26;7,76E-5
1,983;4,370;0,996;2,24E-4;224,07;4,63E-5;287,34;1,94E-4
1,984;4,370;0,996;2,24E-4;224,07;4,63E-5;287,35;2,18E-4
1,985;4,370;0,997;2,24E-4;224,09;6,83E-6;287,41;2,99E-4
1,986;4,370;0,996;2,24E-4;224,08;2,89E-5;287,36;2,35E-4
1,987;4,370;0,996;2,24E-4;224,07;4,86E-5;287,35;2,13E-4
1,988;4,369;0,995;2,24E-4;224,05;9,34E-5;287,23;3,88E-5
1,989;4,369;0,996;2,24E-4;224,06;6,68E-5;287,30;1,42E-4
1,990;4,370;0,997;2,24E-4;224,09;1,52E-5;287,41;3,10E-4
1,991;4,370;0,997;2,24E-4;224,08;2,13E-5;287,40;2,84E-4
1,992;4,371;0,997;2,24E-4;224,10;-7,59E-6;287,42;3,17E-4
1,993;4,370;0,996;2,24E-4;224,07;4,02E-5;287,35;2,13E-4
1,994;4,370;0,996;2,24E-4;224,08;3,65E-5;287,28;1,12E-4
1,995;4,370;0,996;2,24E-4;224,07;5,24E-5;287,32;1,74E-4
1,996;4,369;0,995;2,24E-4;224,04;1,15E-4;287,19;-2,15E-5
1,997;4,370;0,996;2,24E-4;224,09;1,82E-5;287,36;2,33E-4
1,998;4,369;0,995;2,24E-4;224,05;8,43E-5;287,22;2,37E-5
1,999;4,370;0,996;2,24E-4;224,07;5,47E-5;287,33;1,92E-4
2,000;4,369;0,995;2,24E-4;224,05;7,97E-5;287,24;5,60E-5
2,001;4,369;0,995;2,24E-4;224,04;1,03E-4;287,20;-8,62E-6
2,002;4,369;0,995;2,24E-4;224,04;1,01E-4;287,22;2,59E-5
2,003;4,370;0,996;2,24E-4;224,08;2,81E-5;287,34;2,07E-4
2,004;4,371;0,997;2,24E-4;224,10;-9,87E-6;287,42;3,23E-4
2,005;4,370;0,996;2,24E-4;224,08;2,96E-5;287,36;2,24E-4
2,006;4,369;0,995;2,24E-4;224,04;1,07E-4;287,18;-4,09E-5
2,007;4,369;0,995;2,24E-4;224,04;1,15E-4;287,21;2,15E-6
2,008;4,370;0,996;2,24E-4;224,07;5,62E-5;287,34;1,96E-4
2,009;4,370;0,996;2,24E-4;224,06;6,00E-5;287,32;1,77E-4
2,010;4,370;0,996;2,24E-4;224,08;3,04E-5;287,36;2,30E-4
2,011;4,370;0,996;2,24E-4;224,07;5,70E-5;287,27;9,48E-5
2,012;4,368;0,995;2,24E-4;224,02;1,37E-4;287,15;-8,40E-5
2,013;4,369;0,996;2,24E-4;224,05;7,82E-5;287,26;7,76E-5
2,014;4,370;0,996;2,24E-4;224,08;2,66E-5;287,36;2,37E-4
2,015;4,369;0,996;2,24E-4;224,06;7,06E-5;287,26;7,54E-5
2,016;4,369;0,995;2,24E-4;224,05;9,04E-5;287,25;5,82E-5
2,017;4,370;0,996;2,24E-4;224,06;5,92E-5;287,30;1,40E-4
2,018;4,369;0,996;2,24E-4;224,05;9,19E-5;287,27;9,48E-5
2,019;4,370;0,996;2,24E-4;224,07;4,63E-5;287,29;1,25E-4
2,020;4,370;0,997;2,24E-4;224,08;3,19E-5;287,39;2,78E-4
2,021;4,370;0,996;2,24E-4;224,08;2,89E-5;287,32;1,77E-4
2,022;4,370;0,996;2,24E-4;224,08;3,42E-5;287,35;2,11E-4
2,023;4,370;0,997;2,24E-4;224,08;2,13E-5;287,39;2,71E-4
2,024;4,369;0,996;2,24E-4;224,05;7,97E-5;287,29;1,25E-4
2,025;4,369;0,995;2,24E-4;224,04;1,14E-4;287,24;4,31E-5
2,026;4,368;0,994;2,24E-4;224,01;1,64E-4;287,09;-1,83E-4
2,027;4,369;0,995;2,24E-4;224,05;9,65E-5;287,21;1,08E-5
2,028;4,369;0,996;2,24E-4;224,05;8,05E-5;287,26;8,40E-5
2,029;4,369;0,996;2,24E-4;224,06;6,99E-5;287,26;8,40E-5
2,030;4,369;0,996;2,24E-4;224,06;6,91E-5;287,30;1,34E-4
2,031;4,370;0,996;2,24E-4;224,08;2,96E-5;287,36;2,30E-4
2,032;4,369;0,996;2,24E-4;224,06;7,29E-5;287,30;1,46E-4
2,033;4,369;0,996;2,24E-4;224,06;7,67E-5;287,30;1,34E-4
2,034;4,369;0,996;2,24E-4;224,04;1,03E-4;287,28;1,06E-4
2,035;4,369;0,996;2,24E-4;224,06;7,75E-5;287,26;7,33E-5
2,036;4,369;0,995;2,24E-4;224,05;9,72E-5;287,22;2,59E-5
2,037;4,370;0,997;2,24E-4;224,08;2,58E-5;287,37;2,48E-4
2,038;4,370;0,996;2,24E-4;224,06;6,53E-5;287,32;1,68E-4
2,039;4,370;0,996;2,24E-4;224,07;5,62E-5;287,30;1,38E-4
2,040;4,369;0,996;2,24E-4;224,06;7,52E-5;287,30;1,40E-4
2,041;4,369;0,996;2,24E-4;224,06;7,14E-5;287,26;8,62E-5
2,042;4,369;0,996;2,24E-4;224,05;8,13E-5;287,26;7,54E-5
2,043;4,369;0,995;2,24E-4;224,03;1,22E-4;287,17;-5,39E-5
2,044;4,370;0,997;2,24E-4;224,09;1,52E-5;287,38;2,65E-4
2,045;4,368;0,995;2,24E-4;224,03;1,30E-4;287,22;2,37E-5
2,046;4,370;0,996;2,24E-4;224,06;6,30E-5;287,36;2,26E-4
2,047;4,369;0,995;2,24E-4;224,05;9,49E-5;287,23;4,09E-5
2,048;4,369;0,996;2,24E-4;224,05;9,27E-5;287,27;9,91E-5
2,049;4,370;0,996;2,24E-4;224,08;3,27E-5;287,36;2,28E-4
2,050;4,370;0,996;2,24E-4;224,07;4,63E-5;287,33;1,92E-4
2,051;4,369;0,995;2,24E-4;224,03;1,27E-4;287,17;-5,82E-5
2,052;4,369;0,995;2,24E-4;224,04;1,16E-4;287,18;-4,52E-5
2,053;4,369;0,995;2,24E-4;224,03;1,28E-4;287,18;-4,74E-5
2,054;4,370;0,996;2,24E-4;224,06;6,38E-5;287,25;6,68E-5
2,055;4,369;0,995;2,24E-4;224,05;9,04E-5;287,25;5,82E-5
2,056;4,370;0,996;2,24E-4;224,08;3,49E-5;287,36;2,24E-4
2,057;4,369;0,995;2,24E-4;224,05;9,27E-5;287,24;5,17E-5
2,058;4,369;0,995;2,24E-4;224,04;1,06E-4;287,19;-3,45E-5
2,059;4,370;0,996;2,24E-4;224,07;4,86E-5;287,30;1,40E-4
2,060;4,368;0,995;2,24E-4;224,03;1,29E-4;287,16;-7,33E-5
2,061;4,369;0,995;2,24E-4;224,06;7,44E-5;287,24;5,17E-5
2,062;4,370;0,997;2,24E-4;224,08;2,51E-5;287,39;2,74E-4
2,063;4,370;0,996;2,24E-4;224,09;1,06E-5;287,37;2,39E-4
2,064;4,370;0,997;2,24E-4;224,08;2,89E-5;287,38;2,67E-4
2,065;4,369;0,996;2,24E-4;224,06;6,68E-5;287,28;1,16E-4
2,066;4,369;0,995;2,24E-4;224,03;1,20E-4;287,22;2,59E-5
2,067;4,369;0,995;2,24E-4;224,04;9,80E-5;287,24;5,39E-5
2,068;4,369;0,995;2,24E-4;224,05;9,49E-5;287,22;1,94E-5
2,069;4,369;0,996;2,24E-4;224,05;8,81E-5;287,27;8,83E-5
2,070;4,370;0,996;2,24E-4;224,07;5,70E-5;287,29;1,21E-4
2,071;4,370;0,997;2,24E-4;224,09;6,83E-6;287,38;2,61E-4
2,072;4,369;0,996;2,24E-4;224,04;1,05E-4;287,26;7,33E-5
2,073;4,368;0,995;2,24E-4;224,02;1,54E-4;287,15;-8,62E-5
2,074;4,369;0,995;2,24E-4;224,03;1,18E-4;287,22;2,15E-5
2,075;4,369;0,995;2,24E-4;224,03;1,25E-4;287,18;-4,96E-5
2,076;4,369;0,995;2,24E-4;224,05;9,27E-5;287,23;4,09E-5
2,077;4,369;0,996;2,24E-4;224,06;7,67E-5;287,27;9,91E-5
2,078;4,370;0,997;2,24E-4;224,08;2,43E-5;287,37;2,43E-4
2,079;4,370;0,997;2,24E-4;224,08;3,87E-5;287,37;2,52E-4
2,080;4,369;0,995;2,24E-4;224,05;9,65E-5;287,21;2,15E-6
2,081;4,370;0,996;2,24E-4;224,07;4,40E-5;287,32;1,66E-4
2,082;4,370;0,997;2,24E-4;224,09;1,44E-5;287,40;2,86E-4
2,083;4,370;0,997;2,24E-4;224,09;1,06E-5;287,37;2,50E-4
2,084;4,371;0,997;2,24E-4;224,09;3,80E-6;287,41;2,99E-4
2,085;4,370;0,996;2,24E-4;224,07;4,78E-5;287,33;1,79E-4
2,086;4,368;0,995;2,24E-4;224,02;1,54E-4;287,14;-1,03E-4
2,087;4,368;0,994;2,24E-4;224,00;1,79E-4;287,06;-2,18E-4
2,088;4,368;0,995;2,24E-4;224,01;1,60E-4;287,15;-8,19E-5
2,089;4,369;0,996;2,24E-4;224,06;6,84E-5;287,28;1,10E-4
2,090;4,370;0,997;2,24E-4;224,07;4,48E-5;287,38;2,63E-4
2,091;4,370;0,996;2,24E-4;224,07;4,10E-5;287,35;2,11E-4
2,092;4,370;0,996;2,24E-4;224,07;4,63E-5;287,32;1,72E-4
2,093;4,369;0,995;2,24E-4;224,05;9,49E-5;287,20;-1,51E-5
2,094;4,370;0,996;2,24E-4;224,07;5,39E-5;287,29;1,21E-4
2,095;4,369;0,996;2,24E-4;224,06;7,37E-5;287,28;1,10E-4
2,096;4,369;0,996;2,24E-4;224,05;9,04E-5;287,26;7,97E-5
2,097;4,369;0,996;2,24E-4;224,05;8,28E-5;287,27;9,26E-5
2,098;4,369;0,995;2,24E-4;224,05;8,66E-5;287,22;2,59E-5
2,099;4,369;0,995;2,24E-4;224,06;7,75E-5;287,22;2,37E-5
2,100;4,369;0,996;2,24E-4;224,06;7,44E-5;287,28;1,08E-4
2,101;4,370;0,996;2,24E-4;224,08;3,34E-5;287,31;1,53E-4
2,102;4,368;0,994;2,24E-4;224,02;1,53E-4;287,11;-1,55E-4
2,103;4,369;0,996;2,24E-4;224,04;9,80E-5;287,29;1,25E-4
2,104;4,369;0,995;2,24E-4;224,05;8,43E-5;287,24;5,17E-5
2,105;4,369;0,996;2,24E-4;224,04;9,87E-5;287,26;8,40E-5
2,106;4,368;0,994;2,24E-4;224,01;1,65E-4;287,09;-1,72E-4
2,107;4,369;0,995;2,24E-4;224,04;9,80E-5;287,24;4,74E-5
2,108;4,369;0,995;2,24E-4;224,04;1,12E-4;287,23;4,09E-5
2,109;4,370;0,997;2,24E-4;224,09;1,59E-5;287,37;2,46E-4
2,110;4,370;0,996;2,24E-4;224,07;5,32E-5;287,34;2,00E-4
2,111;4,370;0,997;2,24E-4;224,09;1,44E-5;287,40;2,84E-4
2,112;4,370;0,996;2,24E-4;224,07;5,70E-5;287,31;1,49E-4
2,113;4,369;0,995;2,24E-4;224,05;8,96E-5;287,24;4,31E-5
2,114;4,369;0,995;2,24E-4;224,05;9,42E-5;287,23;4,09E-5
2,115;4,370;0,996;2,24E-4;224,06;5,92E-5;287,32;1,66E-4
2,116;4,370;0,997;2,24E-4;224,09;1,44E-5;287,43;3,34E-4
2,117;4,371;0,997;2,24E-4;224,10;0,00;287,38;2,56E-4
2,118;4,370;0,996;2,24E-4;224,06;6,15E-5;287,30;1,46E-4
2,119;4,370;0,996;2,24E-4;224,07;5,39E-5;287,33;1,83E-4
2,120;4,369;0,996;2,24E-4;224,06;7,59E-5;287,26;8,19E-5
2,121;4,371;0,997;2,24E-4;224,10;-1,52E-5;287,46;3,77E-4
2,122;4,370;0,997;2,24E-4;224,09;8,35E-6;287,40;2,84E-4
2,123;4,370;0,997;2,24E-4;224,09;1,22E-5;287,40;2,97E-4
2,124;4,371;0,997;2,24E-4;224,11;-2,28E-5;287,44;3,51E-4
2,125;4,371;0,997;2,24E-4;224,10;-2,28E-6;287,44;3,51E-4
2,126;4,369;0,995;2,24E-4;224,03;1,17E-4;287,22;1,29E-5
2,127;4,370;0,996;2,24E-4;224,06;6,15E-5;287,29;1,18E-4
2,128;4,370;0,996;2,24E-4;224,06;6,00E-5;287,30;1,36E-4
2,129;4,370;0,996;2,24E-4;224,08;2,58E-5;287,36;2,30E-4
2,130;4,370;0,996;2,24E-4;224,06;5,92E-5;287,27;9,26E-5
2,131;4,369;0,995;2,24E-4;224,04;1,09E-4;287,22;1,29E-5
2,132;4,369;0,995;2,24E-4;224,04;1,06E-4;287,18;-4,74E-5
2,133;4,369;0,996;2,24E-4;224,05;9,27E-5;287,26;8,40E-5
2,134;4,368;0,995;2,24E-4;224,02;1,43E-4;287,17;-5,82E-5
2,135;4,369;0,995;2,24E-4;224,05;9,57E-5;287,22;2,37E-5
2,136;4,370;0,996;2,24E-4;224,07;4,71E-5;287,31;1,53E-4
2,137;4,370;0,997;2,24E-4;224,08;3,27E-5;287,39;2,82E-4
2,138;4,369;0,996;2,24E-4;224,05;8,51E-5;287,25;6,68E-5
2,139;4,369;0,995;2,24E-4;224,04;9,87E-5;287,21;8,62E-6
2,140;4,369;0,995;2,24E-4;224,04;1,12E-4;287,20;-1,94E-5
2,141;4,369;0,996;2,24E-4;224,05;9,27E-5;287,27;9,05E-5
2,142;4,369;0,996;2,24E-4;224,05;8,28E-5;287,25;7,11E-5
2,143;4,370;0,996;2,24E-4;224,06;6,30E-5;287,30;1,40E-4
2,144;4,370;0,996;2,24E-4;224,08;3,04E-5;287,36;2,33E-4
2,145;4,369;0,996;2,24E-4;224,06;6,91E-5;287,31;1,51E-4
2,146;4,369;0,996;2,24E-4;224,04;9,87E-5;287,27;9,26E-5
2,147;4,370;0,996;2,24E-4;224,07;4,71E-5;287,31;1,57E-4
2,148;4,368;0,995;2,24E-4;224,02;1,44E-4;287,14;-1,08E-4
2,149;4,370;0,996;2,24E-4;224,06;6,08E-5;287,30;1,40E-4
2,150;4,371;0,997;2,24E-4;224,09;3,80E-6;287,42;3,23E-4
2,151;4,371;0,997;2,24E-4;224,09;3,80E-6;287,40;2,89E-4
2,152;4,368;0,995;2,24E-4;224,03;1,33E-4;287,20;-1,94E-5
2,153;4,370;0,996;2,24E-4;224,08;2,35E-5;287,34;2,05E-4
2,154;4,370;0,996;2,24E-4;224,07;4,78E-5;287,33;1,87E-4
2,155;4,369;0,995;2,24E-4;224,05;8,51E-5;287,22;1,94E-5
2,156;4,369;0,996;2,24E-4;224,06;6,99E-5;287,26;8,40E-5
2,157;4,369;0,996;2,24E-4;224,06;7,29E-5;287,32;1,70E-4
2,158;4,369;0,995;2,24E-4;224,05;9,57E-5;287,23;3,88E-5
2,159;4,369;0,995;2,24E-4;224,05;8,05E-5;287,24;5,39E-5
2,160;4,370;0,996;2,24E-4;224,07;5,32E-5;287,28;1,10E-4
2,161;4,368;0,995;2,24E-4;224,03;1,32E-4;287,19;-2,59E-5
2,162;4,370;0,996;2,24E-4;224,06;6,00E-5;287,27;9,69E-5
2,163;4,370;0,997;2,24E-4;224,09;4,56E-6;287,41;3,08E-4
2,164;4,370;0,997;2,24E-4;224,08;2,96E-5;287,37;2,41E-4
2,165;4,370;0,997;2,24E-4;224,08;2,96E-5;287,41;3,02E-4
2,166;4,369;0,995;2,24E-4;224,04;1,14E-4;287,18;-3,88E-5
2,167;4,369;0,995;2,24E-4;224,04;1,15E-4;287,17;-5,60E-5
2,168;4,370;0,996;2,24E-4;224,09;4,56E-6;287,35;2,11E-4
2,169;4,370;0,996;2,24E-4;224,07;4,33E-5;287,34;1,96E-4
2,170;4,370;0,996;2,24E-4;224,09;1,90E-5;287,34;2,07E-4
2,171;4,369;0,996;2,24E-4;224,06;6,76E-5;287,30;1,36E-4
2,172;4,369;0,995;2,24E-4;224,05;9,65E-5;287,22;1,51E-5
2,173;4,368;0,994;2,24E-4;224,01;1,56E-4;287,13;-1,19E-4
2,174;4,368;0,995;2,24E-4;224,03;1,31E-4;287,18;-4,96E-5
2,175;4,369;0,995;2,24E-4;224,05;8,28E-5;287,24;5,17E-5
2,176;4,369;0,996;2,24E-4;224,05;8,43E-5;287,26;8,62E-5
2,177;4,368;0,995;2,24E-4;224,03;1,34E-4;287,15;-9,48E-5
2,178;4,369;0,995;2,24E-4;224,03;1,17E-4;287,17;-5,39E-5
2,179;4,368;0,995;2,24E-4;224,02;1,50E-4;287,15;-8,62E-5
2,180;4,369;0,995;2,24E-4;224,03;1,21E-4;287,21;2,15E-6
2,181;4,368;0,995;2,24E-4;224,03;1,31E-4;287,14;-1,01E-4
2,182;4,370;0,996;2,24E-4;224,06;6,08E-5;287,27;9,69E-5
2,183;4,370;0,996;2,24E-4;224,07;5,39E-5;287,32;1,70E-4
2,184;4,371;0,997;2,24E-4;224,11;-3,64E-5;287,46;3,75E-4
2,185;4,370;0,997;2,24E-4;224,07;4,33E-5;287,40;2,91E-4
2,186;4,371;0,997;2,24E-4;224,09;1,52E-6;287,43;3,30E-4
2,187;4,369;0,995;2,24E-4;224,04;1,01E-4;287,22;2,59E-5
2,188;4,370;0,996;2,24E-4;224,07;5,62E-5;287,31;1,59E-4
2,189;4,371;0,997;2,24E-4;224,12;-4,63E-5;287,48;4,05E-4
2,190;4,370;0,997;2,24E-4;224,08;2,58E-5;287,38;2,63E-4
2,191;4,369;0,995;2,24E-4;224,04;1,12E-4;287,21;-4,31E-6
2,192;4,369;0,996;2,24E-4;224,05;9,04E-5;287,26;7,33E-5
2,193;4,370;0,996;2,24E-4;224,07;4,40E-5;287,30;1,40E-4
2,194;4,369;0,996;2,24E-4;224,06;6,84E-5;287,29;1,27E-4
2,195;4,368;0,994;2,24E-4;224,01;1,65E-4;287,11;-1,42E-4
2,196;4,369;0,996;2,24E-4;224,05;9,65E-5;287,27;8,83E-5
2,197;4,369;0,995;2,24E-4;224,04;1,06E-4;287,21;6,46E-6
2,198;4,369;0,995;2,24E-4;224,04;1,16E-4;287,15;-8,62E-5
2,199;4,370;0,996;2,24E-4;224,08;2,81E-5;287,31;1,59E-4
2,200;4,370;0,996;2,24E-4;224,07;5,70E-5;287,35;2,09E-4
2,201;4,370;0,996;2,24E-4;224,07;4,71E-5;287,34;2,07E-4
2,202;4,370;0,996;2,24E-4;224,07;3,95E-5;287,36;2,28E-4
2,203;4,370;0,996;2,24E-4;224,06;6,38E-5;287,30;1,40E-4
2,204;4,368;0,994;2,24E-4;224,02;1,51E-4;287,11;-1,49E-4
2,205;4,369;0,995;2,24E-4;224,05;9,57E-5;287,20;-1,08E-5
2,206;4,370;0,996;2,24E-4;224,06;6,00E-5;287,29;1,21E-4
2,207;4,369;0,995;2,24E-4;224,04;1,15E-4;287,20;-8,62E-6
2,208;4,369;0,995;2,24E-4;224,03;1,25E-4;287,18;-4,96E-5
2,209;4,369;0,995;2,24E-4;224,04;1,12E-4;287,23;2,80E-5
2,210;4,368;0,994;2,24E-4;224,01;1,64E-4;287,10;-1,64E-4
2,211;4,370;0,996;2,24E-4;224,06;6,30E-5;287,29;1,27E-4
2,212;4,370;0,996;2,24E-4;224,07;5,01E-5;287,30;1,36E-4
2,213;4,370;0,996;2,24E-4;224,07;4,40E-5;287,34;1,96E-4
2,214;4,370;0,996;2,24E-4;224,06;6,53E-5;287,27;8,83E-5
2,215;4,369;0,995;2,24E-4;224,04;9,80E-5;287,24;5,17E-5
2,216;4,369;0,995;2,24E-4;224,05;8,28E-5;287,23;3,45E-5
2,217;4,368;0,995;2,24E-4;224,02;1,45E-4;287,17;-6,25E-5
2,218;4,369;0,995;2,24E-4;224,03;1,21E-4;287,18;-4,52E-5
2,219;4,368;0,995;2,24E-4;224,02;1,38E-4;287,15;-8,62E-5
2,220;4,370;0,996;2,24E-4;224,07;4,40E-5;287,35;2,22E-4
2,221;4,370;0,996;2,24E-4;224,08;3,19E-5;287,35;2,13E-4
2,222;4,372;0,998;2,24E-4;224,13;-6,45E-5;287,52;4,69E-4
2,223;4,369;0,996;2,24E-4;224,06;7,06E-5;287,29;1,27E-4
2,224;4,370;0,996;2,24E-4;224,06;6,38E-5;287,30;1,38E-4
2,225;4,369;0,995;2,24E-4;224,05;9,65E-5;287,21;1,08E-5
2,226;4,369;0,995;2,24E-4;224,04;9,87E-5;287,22;1,51E-5
2,227;4,369;0,996;2,24E-4;224,05;8,05E-5;287,26;8,40E-5
2,228;4,369;0,996;2,24E-4;224,05;8,20E-5;287,26;8,19E-5
2,229;4,370;0,997;2,24E-4;224,08;2,58E-5;287,38;2,56E-4
2,230;4,370;0,997;2,24E-4;224,09;8,35E-6;287,38;2,65E-4
2,231;4,370;0,996;2,24E-4;224,08;2,81E-5;287,33;1,85E-4
2,232;4,370;0,996;2,24E-4;224,07;5,32E-5;287,30;1,46E-4
2,233;4,370;0,997;2,24E-4;224,08;2,66E-5;287,38;2,58E-4
2,234;4,372;0,998;2,24E-4;224,13;-6,45E-5;287,51;4,57E-4
2,235;4,370;0,997;2,24E-4;224,09;1,22E-5;287,40;2,93E-4
2,236;4,370;0,996;2,24E-4;224,07;4,48E-5;287,34;1,98E-4
2,237;4,369;0,995;2,24E-4;224,04;1,06E-4;287,21;1,08E-5
2,238;4,370;0,997;2,24E-4;224,07;4,10E-5;287,37;2,52E-4
2,239;4,369;0,996;2,24E-4;224,05;9,19E-5;287,27;9,91E-5
2,240;4,369;0,996;2,24E-4;224,05;9,04E-5;287,29;1,23E-4
2,241;4,369;0,996;2,24E-4;224,05;8,66E-5;287,26;8,19E-5
2,242;4,368;0,994;2,24E-4;224,03;1,31E-4;287,13;-1,16E-4
2,243;4,369;0,996;2,24E-4;224,05;8,43E-5;287,25;6,89E-5
2,244;4,370;0,996;2,24E-4;224,07;5,70E-5;287,29;1,31E-4
2,245;4,368;0,995;2,24E-4;224,03;1,33E-4;287,17;-6,25E-5
2,246;4,370;0,996;2,24E-4;224,07;5,32E-5;287,30;1,42E-4
2,247;4,370;0,997;2,24E-4;224,09;1,22E-5;287,37;2,52E-4
2,248;4,369;0,996;2,24E-4;224,05;8,66E-5;287,27;9,69E-5
2,249;4,371;0,997;2,24E-4;224,11;-2,20E-5;287,45;3,70E-4
2,250;4,370;0,997;2,24E-4;224,09;6,08E-6;287,39;2,78E-4
2,251;4,371;0,997;2,24E-4;224,10;-1,06E-5;287,47;3,90E-4
2,252;4,370;0,997;2,24E-4;224,09;1,75E-5;287,37;2,48E-4
2,253;4,370;0,997;2,24E-4;224,08;2,20E-5;287,40;2,95E-4
2,254;4,371;0,997;2,24E-4;224,10;-7,59E-7;287,39;2,71E-4
2,255;4,370;0,996;2,24E-4;224,07;4,48E-5;287,30;1,46E-4
2,256;4,370;0,996;2,24E-4;224,08;3,04E-5;287,35;2,22E-4
2,257;4,370;0,996;2,24E-4;224,07;5,77E-5;287,32;1,77E-4
2,258;4,370;0,996;2,24E-4;224,06;6,23E-5;287,31;1,49E-4
2,259;4,370;0,996;2,24E-4;224,06;6,30E-5;287,29;1,31E-4
2,260;4,369;0,995;2,24E-4;224,03;1,18E-4;287,18;-4,09E-5
2,261;4,370;0,996;2,24E-4;224,07;5,01E-5;287,35;2,18E-4
2,262;4,370;0,997;2,24E-4;224,08;2,28E-5;287,38;2,58E-4
2,263;4,369;0,995;2,24E-4;224,06;7,67E-5;287,24;4,74E-5
2,264;4,369;0,996;2,24E-4;224,05;9,49E-5;287,25;7,11E-5
2,265;4,369;0,995;2,24E-4;224,05;9,34E-5;287,24;4,31E-5
2,266;4,369;0,996;2,24E-4;224,05;8,51E-5;287,25;6,89E-5
2,267;4,369;0,996;2,24E-4;224,06;6,99E-5;287,27;9,69E-5
2,268;4,369;0,996;2,24E-4;224,06;7,29E-5;287,30;1,44E-4
2,269;4,369;0,995;2,24E-4;224,04;1,05E-4;287,25;6,25E-5
2,270;4,370;0,996;2,24E-4;224,06;6,46E-5;287,29;1,25E-4
2,271;4,369;0,996;2,24E-4;224,05;9,42E-5;287,26;8,40E-5
2,272;4,372;0,998;2,24E-4;224,13;-5,92E-5;287,49;4,29E-4
2,273;4,370;0,997;2,24E-4;224,09;1,75E-5;287,39;2,69E-4
2,274;4,370;0,996;2,24E-4;224,07;5,32E-5;287,29;1,27E-4
2,275;4,368;0,995;2,24E-4;224,02;1,48E-4;287,14;-1,08E-4
2,276;4,368;0,994;2,24E-4;224,01;1,69E-4;287,07;-2,16E-4
2,277;4,370;0,996;2,24E-4;224,06;6,38E-5;287,29;1,25E-4
2,278;4,370;0,996;2,24E-4;224,08;3,11E-5;287,35;2,18E-4
2,279;4,369;0,996;2,24E-4;224,06;7,67E-5;287,27;9,48E-5
2,280;4,370;0,996;2,24E-4;224,07;5,32E-5;287,30;1,36E-4
2,281;4,370;0,995;2,24E-4;224,06;6,00E-5;287,25;6,03E-5
2,282;4,370;0,996;2,24E-4;224,07;4,33E-5;287,35;2,20E-4
2,283;4,370;0,996;2,24E-4;224,07;5,54E-5;287,33;1,79E-4
2,284;4,369;0,996;2,24E-4;224,06;7,75E-5;287,29;1,31E-4
2,285;4,370;0,996;2,24E-4;224,08;3,57E-5;287,35;2,11E-4
2,286;4,370;0,996;2,24E-4;224,08;2,35E-5;287,34;2,05E-4
2,287;4,370;0,996;2,24E-4;224,07;4,48E-5;287,31;1,53E-4
2,288;4,369;0,996;2,24E-4;224,06;7,14E-5;287,26;7,97E-5
2,289;4,370;0,996;2,24E-4;224,07;5,85E-5;287,32;1,70E-4
2,290;4,368;0,994;2,24E-4;224,01;1,72E-4;287,09;-1,81E-4
2,291;4,369;0,995;2,24E-4;224,04;1,10E-4;287,23;3,23E-5
2,292;4,369;0,996;2,24E-4;224,06;7,37E-5;287,27;9,48E-5
2,293;4,370;0,996;2,24E-4;224,06;5,92E-5;287,32;1,64E-4
2,294;4,369;0,995;2,24E-4;224,04;1,03E-4;287,21;8,62E-6
2,295;4,370;0,996;2,24E-4;224,08;3,42E-5;287,34;2,00E-4
2,296;4,370;0,996;2,24E-4;224,06;6,38E-5;287,27;9,48E-5
2,297;4,369;0,996;2,24E-4;224,06;7,06E-5;287,27;9,26E-5
2,298;4,369;0,995;2,24E-4;224,04;1,06E-4;287,22;1,51E-5
2,299;4,369;0,996;2,24E-4;224,06;6,76E-5;287,26;7,97E-5
2,300;4,368;0,994;2,24E-4;224,01;1,59E-4;287,12;-1,27E-4
2,301;4,368;0,995;2,24E-4;224,03;1,31E-4;287,17;-6,46E-5
2,302;4,368;0,995;2,24E-4;224,03;1,30E-4;287,22;1,72E-5
2,303;4,369;0,996;2,24E-4;224,06;7,21E-5;287,31;1,49E-4
2,304;4,370;0,996;2,24E-4;224,07;4,48E-5;287,35;2,11E-4
2,305;4,369;0,995;2,24E-4;224,05;8,20E-5;287,25;6,03E-5
2,306;4,370;0,996;2,24E-4;224,07;4,25E-5;287,34;2,02E-4
2,307;4,369;0,995;2,24E-4;224,04;9,80E-5;287,23;3,88E-5
2,308;4,369;0,996;2,24E-4;224,06;6,68E-5;287,32;1,72E-4
2,309;4,370;0,996;2,24E-4;224,08;3,19E-5;287,36;2,28E-4
2,310;4,369;0,995;2,24E-4;224,04;1,09E-4;287,20;-1,29E-5
2,311;4,369;0,995;2,24E-4;224,05;8,51E-5;287,23;3,02E-5
2,312;4,369;0,996;2,24E-4;224,06;6,99E-5;287,27;9,69E-5
2,313;4,370;0,996;2,24E-4;224,06;6,08E-5;287,26;8,19E-5
2,314;4,370;0,996;2,24E-4;224,07;4,40E-5;287,29;1,21E-4
2,315;4,368;0,995;2,24E-4;224,02;1,47E-4;287,20;-1,08E-5
2,316;4,370;0,996;2,24E-4;224,07;5,47E-5;287,31;1,51E-4
2,317;4,370;0,996;2,24E-4;224,08;3,11E-5;287,33;1,90E-4
2,318;4,370;0,996;2,24E-4;224,07;5,39E-5;287,35;2,11E-4
2,319;4,370;0,996;2,24E-4;224,06;5,92E-5;287,31;1,57E-4
2,320;4,370;0,996;2,24E-4;224,07;3,95E-5;287,32;1,66E-4
2,321;4,369;0,996;2,24E-4;224,05;8,20E-5;287,27;1,01E-4
2,322;4,368;0,995;2,24E-4;224,02;1,52E-4;287,14;-1,06E-4
2,323;4,369;0,995;2,24E-4;224,04;9,95E-5;287,22;1,29E-5
2,324;4,370;0,996;2,24E-4;224,07;5,09E-5;287,28;1,06E-4
2,325;4,369;0,995;2,24E-4;224,03;1,18E-4;287,17;-5,39E-5
2,326;4,369;0,995;2,24E-4;224,05;7,90E-5;287,25;6,25E-5
2,327;4,370;0,996;2,24E-4;224,07;5,39E-5;287,26;8,40E-5
2,328;4,369;0,995;2,24E-4;224,03;1,27E-4;287,18;-4,31E-5
2,329;4,369;0,996;2,24E-4;224,05;8,05E-5;287,25;6,68E-5
2,330;4,369;0,995;2,24E-4;224,05;9,19E-5;287,21;8,62E-6
2,331;4,370;0,996;2,24E-4;224,08;2,81E-5;287,36;2,37E-4
2,332;4,370;0,996;2,24E-4;224,07;5,24E-5;287,32;1,74E-4
2,333;4,370;0,996;2,24E-4;224,06;6,46E-5;287,33;1,83E-4
2,334;4,371;0,997;2,24E-4;224,09;2,28E-6;287,41;3,08E-4
2,335;4,369;0,995;2,24E-4;224,04;9,80E-5;287,24;4,96E-5
2,336;4,369;0,995;2,24E-4;224,03;1,19E-4;287,21;1,08E-5
2,337;4,369;0,995;2,24E-4;224,05;9,27E-5;287,24;5,39E-5
2,338;4,370;0,996;2,24E-4;224,06;6,61E-5;287,28;1,16E-4
2,339;4,369;0,996;2,24E-4;224,05;7,82E-5;287,28;1,03E-4
2,340;4,368;0,995;2,24E-4;224,03;1,30E-4;287,16;-6,90E-5
2,341;4,369;0,995;2,24E-4;224,04;1,05E-4;287,24;5,60E-5
2,342;4,370;0,996;2,24E-4;224,08;3,27E-5;287,34;1,98E-4
2,343;4,371;0,997;2,24E-4;224,11;-2,05E-5;287,48;4,16E-4
2,344;4,370;0,996;2,24E-4;224,06;6,30E-5;287,27;8,83E-5
2,345;4,370;0,996;2,24E-4;224,07;4,63E-5;287,36;2,30E-4
2,346;4,370;0,997;2,24E-4;224,09;1,59E-5;287,37;2,48E-4
2,347;4,369;0,996;2,24E-4;224,06;7,37E-5;287,30;1,38E-4
2,348;4,370;0,996;2,24E-4;224,07;5,24E-5;287,31;1,51E-4
2,349;4,369;0,996;2,24E-4;224,05;8,89E-5;287,25;7,11E-5
2,350;4,369;0,995;2,24E-4;224,03;1,19E-4;287,23;2,80E-5
2,351;4,370;0,996;2,24E-4;224,07;4,56E-5;287,33;1,83E-4
2,352;4,368;0,994;2,24E-4;224,02;1,50E-4;287,12;-1,34E-4
2,353;4,369;0,995;2,24E-4;224,03;1,24E-4;287,18;-4,52E-5
2,354;4,368;0,994;2,24E-4;224,02;1,42E-4;287,13;-1,25E-4
2,355;4,369;0,996;2,24E-4;224,05;8,13E-5;287,25;6,89E-5
2,356;4,370;0,996;2,24E-4;224,08;3,57E-5;287,32;1,64E-4
2,357;4,369;0,996;2,24E-4;224,06;7,44E-5;287,31;1,57E-4
2,358;4,370;0,995;2,24E-4;224,06;6,46E-5;287,25;5,82E-5
2,359;4,369;0,995;2,24E-4;224,04;1,11E-4;287,19;-2,59E-5
2,360;4,370;0,997;2,24E-4;224,09;1,82E-5;287,37;2,52E-4
2,361;4,370;0,996;2,24E-4;224,07;4,56E-5;287,33;1,87E-4
2,362;4,371;0,997;2,24E-4;224,10;-1,29E-5;287,43;3,36E-4
2,363;4,370;0,997;2,24E-4;224,09;1,75E-5;287,40;2,89E-4
2,364;4,370;0,996;2,24E-4;224,09;1,59E-5;287,36;2,33E-4
2,365;4,370;0,997;2,24E-4;224,09;1,82E-5;287,37;2,46E-4
2,366;4,371;0,997;2,24E-4;224,10;-3,04E-6;287,42;3,25E-4
2,367;4,368;0,995;2,24E-4;224,03;1,30E-4;287,17;-5,60E-5
2,368;4,370;0,996;2,24E-4;224,07;4,78E-5;287,33;1,87E-4
2,369;4,369;0,996;2,24E-4;224,06;7,37E-5;287,27;8,83E-5
2,370;4,369;0,995;2,24E-4;224,04;1,14E-4;287,20;-6,46E-6
2,371;4,369;0,995;2,24E-4;224,04;9,80E-5;287,24;4,52E-5
2,372;4,369;0,996;2,24E-4;224,05;8,51E-5;287,27;1,01E-4
2,373;4,370;0,996;2,24E-4;224,08;3,42E-5;287,35;2,09E-4
2,374;4,369;0,995;2,24E-4;224,04;1,00E-4;287,24;4,31E-5
2,375;4,369;0,995;2,24E-4;224,04;1,06E-4;287,21;-2,15E-6
2,376;4,368;0,995;2,24E-4;224,03;1,31E-4;287,21;2,15E-6
2,377;4,370;0,997;2,24E-4;224,09;1,14E-5;287,41;3,10E-4
2,378;4,369;0,996;2,24E-4;224,05;8,13E-5;287,27;9,05E-5
2,379;4,368;0,994;2,24E-4;224,01;1,56E-4;287,12;-1,27E-4
2,380;4,369;0,996;2,24E-4;224,05;7,97E-5;287,26;8,62E-5
2,381;4,370;0,996;2,24E-4;224,09;1,06E-5;287,36;2,35E-4
2,382;4,368;0,994;2,24E-4;224,01;1,74E-4;287,07;-2,05E-4
2,383;4,369;0,996;2,24E-4;224,06;7,37E-5;287,26;8,19E-5
2,384;4,369;0,995;2,24E-4;224,04;1,10E-4;287,16;-7,11E-5
2,385;4,369;0,995;2,24E-4;224,03;1,19E-4;287,19;-2,37E-5
2,386;4,368;0,994;2,24E-4;224,01;1,69E-4;287,10;-1,70E-4
2,387;4,369;0,996;2,24E-4;224,06;7,06E-5;287,31;1,55E-4
2,388;4,369;0,995;2,24E-4;224,04;1,00E-4;287,21;6,46E-6
2,389;4,369;0,995;2,24E-4;224,05;9,27E-5;287,25;6,46E-5
2,390;4,370;0,996;2,24E-4;224,07;4,94E-5;287,34;1,94E-4
2,391;4,370;0,996;2,24E-4;224,08;3,72E-5;287,33;1,90E-4
2,392;4,370;0,996;2,24E-4;224,08;3,19E-5;287,34;2,00E-4
2,393;4,369;0,995;2,24E-4;224,04;9,80E-5;287,24;5,60E-5
2,394;4,370;0,996;2,24E-4;224,06;6,23E-5;287,25;6,68E-5
2,395;4,369;0,996;2,24E-4;224,06;7,67E-5;287,25;7,11E-5
2,396;4,369;0,995;2,24E-4;224,05;8,89E-5;287,21;8,62E-6
2,397;4,370;0,997;2,24E-4;224,08;3,04E-5;287,37;2,50E-4
2,398;4,370;0,996;2,24E-4;224,07;5,39E-5;287,29;1,25E-4
2,399;4,370;0,996;2,24E-4;224,08;3,19E-5;287,33;1,79E-4
2,400;4,370;0,996;2,24E-4;224,08;2,28E-5;287,34;1,96E-4
2,401;4,369;0,996;2,24E-4;224,05;8,43E-5;287,27;9,05E-5
2,402;4,369;0,995;2,24E-4;224,04;1,08E-4;287,20;-6,46E-6
2,403;4,368;0,994;2,24E-4;224,03;1,31E-4;287,13;-1,21E-4
2,404;4,369;0,995;2,24E-4;224,03;1,27E-4;287,17;-5,82E-5
2,405;4,369;0,996;2,24E-4;224,05;8,96E-5;287,27;1,01E-4
2,406;4,371;0,997;2,24E-4;224,09;2,28E-6;287,40;2,86E-4
2,407;4,369;0,996;2,24E-4;224,05;7,97E-5;287,26;8,40E-5
2,408;4,369;0,995;2,24E-4;224,03;1,27E-4;287,18;-4,74E-5
2,409;4,370;0,997;2,24E-4;224,08;2,73E-5;287,37;2,43E-4
2,410;4,370;0,996;2,24E-4;224,07;4,63E-5;287,30;1,44E-4
2,411;4,369;0,996;2,24E-4;224,06;7,29E-5;287,25;7,11E-5
2,412;4,370;0,997;2,24E-4;224,09;6,83E-6;287,42;3,25E-4
2,413;4,370;0,996;2,24E-4;224,07;4,63E-5;287,30;1,38E-4
2,414;4,369;0,996;2,24E-4;224,05;8,58E-5;287,26;8,62E-5
2,415;4,369;0,996;2,24E-4;224,04;9,80E-5;287,25;6,68E-5
2,416;4,369;0,995;2,24E-4;224,03;1,22E-4;287,20;-1,94E-5
2,417;4,370;0,996;2,24E-4;224,07;4,86E-5;287,34;1,96E-4
2,418;4,369;0,995;2,24E-4;224,04;1,08E-4;287,18;-4,31E-5
2,419;4,369;0,996;2,24E-4;224,06;7,67E-5;287,26;8,19E-5
2,420;4,370;0,996;2,24E-4;224,06;6,61E-5;287,28;1,03E-4
2,421;4,370;0,996;2,24E-4;224,07;4,40E-5;287,32;1,72E-4
2,422;4,369;0,995;2,24E-4;224,05;9,11E-5;287,24;4,52E-5
2,423;4,369;0,995;2,24E-4;224,05;9,57E-5;287,21;2,15E-6
2,424;4,370;0,997;2,24E-4;224,08;2,73E-5;287,37;2,50E-4
2,425;4,371;0,997;2,24E-4;224,10;-3,04E-6;287,41;3,06E-4
2,426;4,369;0,995;2,24E-4;224,05;9,72E-5;287,22;2,59E-5
2,427;4,370;0,997;2,24E-4;224,07;3,95E-5;287,37;2,48E-4
2,428;4,370;0,997;2,24E-4;224,09;8,35E-6;287,40;2,84E-4
2,429;4,371;0,997;2,24E-4;224,10;-3,04E-6;287,45;3,68E-4
2,430;4,369;0,995;2,24E-4;224,04;1,15E-4;287,19;-2,15E-5
2,431;4,369;0,996;2,24E-4;224,05;9,49E-5;287,26;8,40E-5
2,432;4,368;0,995;2,24E-4;224,02;1,41E-4;287,15;-8,83E-5
2,433;4,368;0,995;2,24E-4;224,03;1,29E-4;287,21;4,31E-6
2,434;4,370;0,996;2,24E-4;224,06;6,00E-5;287,28;1,10E-4
2,435;4,370;0,996;2,24E-4;224,07;4,40E-5;287,33;1,83E-4
2,436;4,371;0,997;2,24E-4;224,10;-3,04E-6;287,44;3,47E-4
2,437;4,369;0,996;2,24E-4;224,06;7,67E-5;287,26;8,62E-5
2,438;4,370;0,997;2,24E-4;224,09;6,83E-6;287,40;2,97E-4
2,439;4,370;0,996;2,24E-4;224,07;5,16E-5;287,33;1,81E-4
2,440;4,369;0,995;2,24E-4;224,04;1,08E-4;287,19;-3,23E-5
2,441;4,369;0,996;2,24E-4;224,05;8,66E-5;287,28;1,10E-4
2,442;4,369;0,996;2,24E-4;224,06;6,99E-5;287,28;1,08E-4
2,443;4,369;0,995;2,24E-4;224,03;1,25E-4;287,17;-5,60E-5
2,444;4,370;0,996;2,24E-4;224,06;6,30E-5;287,29;1,21E-4
2,445;4,369;0,996;2,24E-4;224,06;7,44E-5;287,30;1,38E-4
2,446;4,369;0,995;2,24E-4;224,04;1,02E-4;287,24;4,52E-5
2,447;4,368;0,995;2,24E-4;224,02;1,39E-4;287,14;-1,08E-4
2,448;4,369;0,995;2,24E-4;224,04;1,06E-4;287,24;4,31E-5
2,449;4,370;0,997;2,24E-4;224,08;2,13E-5;287,40;2,89E-4
2,450;4,371;0,997;2,24E-4;224,12;-4,02E-5;287,47;4,01E-4
2,451;4,371;0,997;2,24E-4;224,11;-3,72E-5;287,46;3,75E-4
2,452;4,369;0,995;2,24E-4;224,03;1,23E-4;287,17;-5,82E-5
2,453;4,369;0,995;2,24E-4;224,06;6,91E-5;287,25;5,82E-5
2,454;4,370;0,997;2,24E-4;224,09;1,14E-5;287,39;2,74E-4
2,455;4,369;0,995;2,24E-4;224,05;8,51E-5;287,24;4,52E-5
2,456;4,369;0,995;2,24E-4;224,04;1,14E-4;287,20;-1,29E-5
2,457;4,370;0,996;2,24E-4;224,07;4,94E-5;287,32;1,64E-4
2,458;4,371;0,997;2,24E-4;224,09;1,52E-6;287,40;2,95E-4
2,459;4,370;0,996;2,24E-4;224,07;4,86E-5;287,30;1,36E-4
2,460;4,370;0,996;2,24E-4;224,07;4,56E-5;287,28;1,12E-4
2,461;4,369;0,995;2,24E-4;224,05;8,51E-5;287,24;4,74E-5
2,462;4,371;0,997;2,24E-4;224,10;-3,04E-6;287,42;3,25E-4
2,463;4,370;0,997;2,24E-4;224,09;1,29E-5;287,41;3,02E-4
2,464;4,370;0,996;2,24E-4;224,07;5,39E-5;287,31;1,51E-4
2,465;4,369;0,995;2,24E-4;224,04;1,10E-4;287,20;-1,08E-5
2,466;4,370;0,996;2,24E-4;224,06;6,15E-5;287,30;1,46E-4
2,467;4,369;0,996;2,24E-4;224,05;8,35E-5;287,27;1,01E-4
2,468;4,371;0,997;2,24E-4;224,10;-1,14E-5;287,44;3,49E-4
2,469;4,371;0,997;2,24E-4;224,10;-1,37E-5;287,41;3,12E-4
2,470;4,371;0,997;2,24E-4;224,10;-6,08E-6;287,42;3,17E-4
2,471;4,369;0,995;2,24E-4;224,05;9,19E-5;287,25;5,82E-5
2,472;4,370;0,996;2,24E-4;224,06;6,15E-5;287,26;8,62E-5
2,473;4,370;0,996;2,24E-4;224,07;5,54E-5;287,30;1,42E-4
2,474;4,370;0,996;2,24E-4;224,08;2,13E-5;287,35;2,18E-4
2,475;4,369;0,995;2,24E-4;224,04;1,03E-4;287,24;4,31E-5
2,476;4,370;0,996;2,24E-4;224,07;5,09E-5;287,31;1,62E-4
2,477;4,370;0,996;2,24E-4;224,07;5,70E-5;287,33;1,83E-4
2,478;4,370;0,996;2,24E-4;224,09;1,59E-5;287,36;2,37E-4
2,479;4,370;0,996;2,24E-4;224,07;4,02E-5;287,33;1,79E-4
2,480;4,370;0,997;2,24E-4;224,09;1,59E-5;287,39;2,74E-4
2,481;4,369;0,995;2,24E-4;224,06;7,75E-5;287,25;6,25E-5
2,482;4,370;0,997;2,24E-4;224,08;3,27E-5;287,37;2,52E-4
2,483;4,370;0,997;2,24E-4;224,08;2,81E-5;287,39;2,69E-4
2,484;4,370;0,997;2,24E-4;224,09;1,59E-5;287,37;2,43E-4
2,485;4,370;0,996;2,24E-4;224,07;5,32E-5;287,34;1,96E-4
2,486;4,370;0,996;2,24E-4;224,07;3,95E-5;287,30;1,42E-4
2,487;4,369;0,995;2,24E-4;224,05;9,65E-5;287,22;2,37E-5
2,488;4,370;0,996;2,24E-4;224,07;5,16E-5;287,33;1,87E-4
2,489;4,370;0,997;2,24E-4;224,08;2,81E-5;287,38;2,63E-4
2,490;4,372;0,998;2,24E-4;224,13;-5,92E-5;287,54;4,97E-4
2,491;4,368;0,994;2,24E-4;224,00;1,81E-4;287,10;-1,62E-4
2,492;4,369;0,995;2,24E-4;224,03;1,27E-4;287,19;-2,80E-5
2,493;4,368;0,995;2,24E-4;224,03;1,35E-4;287,17;-5,39E-5
2,494;4,369;0,995;2,24E-4;224,03;1,18E-4;287,19;-2,37E-5
2,495;4,369;0,996;2,24E-4;224,06;7,14E-5;287,26;8,40E-5
2,496;4,370;0,996;2,24E-4;224,09;1,75E-5;287,36;2,24E-4
2,497;4,369;0,995;2,24E-4;224,04;1,16E-4;287,15;-9,27E-5
2,498;4,369;0,996;2,24E-4;224,05;7,90E-5;287,25;7,11E-5
2,499;4,370;0,996;2,24E-4;224,06;6,15E-5;287,31;1,57E-4
2,500;4,369;0,996;2,24E-4;224,06;7,06E-5;287,25;6,68E-5
2,501;4,370;0,996;2,24E-4;224,06;6,38E-5;287,29;1,18E-4
2,502;4,370;0,996;2,24E-4;224,07;4,78E-5;287,30;1,46E-4
2,503;4,371;0,997;2,24E-4;224,10;-1,14E-5;287,42;3,14E-4
2,504;4,370;0,996;2,24E-4;224,08;3,57E-5;287,36;2,24E-4
2,505;4,370;0,997;2,24E-4;224,08;2,35E-5;287,38;2,63E-4
2,506;4,369;0,996;2,24E-4;224,06;7,44E-5;287,32;1,74E-4
2,507;4,369;0,995;2,24E-4;224,05;8,81E-5;287,25;6,03E-5
2,508;4,369;0,996;2,24E-4;224,05;8,89E-5;287,32;1,72E-4
2,509;4,369;0,995;2,24E-4;224,04;9,87E-5;287,21;4,31E-6
2,510;4,369;0,995;2,24E-4;224,04;1,15E-4;287,23;3,02E-5
2,511;4,370;0,996;2,24E-4;224,07;5,16E-5;287,33;1,92E-4
2,512;4,370;0,996;2,24E-4;224,07;4,02E-5;287,34;2,07E-4
2,513;4,369;0,996;2,24E-4;224,05;9,19E-5;287,25;6,89E-5
2,514;4,369;0,996;2,24E-4;224,06;6,68E-5;287,29;1,31E-4
2,515;4,369;0,995;2,24E-4;224,06;6,91E-5;287,24;4,74E-5
2,516;4,370;0,996;2,24E-4;224,08;3,57E-5;287,36;2,33E-4
2,517;4,370;0,996;2,24E-4;224,08;3,65E-5;287,34;2,07E-4
2,518;4,370;0,996;2,24E-4;224,07;5,16E-5;287,33;1,79E-4
2,519;4,370;0,997;2,24E-4;224,09;8,35E-6;287,43;3,34E-4
2,520;4,369;0,996;2,24E-4;224,05;9,19E-5;287,26;8,19E-5
2,521;4,370;0,996;2,24E-4;224,07;4,02E-5;287,33;1,81E-4
2,522;4,370;0,996;2,24E-4;224,07;5,62E-5;287,30;1,46E-4
2,523;4,370;0,996;2,24E-4;224,07;5,70E-5;287,35;2,15E-4
2,524;4,370;0,996;2,24E-4;224,06;6,53E-5;287,28;1,12E-4
2,525;4,369;0,995;2,24E-4;224,04;9,80E-5;287,24;4,74E-5
2,526;4,369;0,995;2,24E-4;224,04;1,06E-4;287,24;4,52E-5
2,527;4,370;0,997;2,24E-4;224,09;1,67E-5;287,41;3,02E-4
2,528;4,371;0,997;2,24E-4;224,11;-2,20E-5;287,48;4,05E-4
2,529;4,371;0,997;2,24E-4;224,10;-7,59E-7;287,42;3,17E-4
2,530;4,371;0,997;2,24E-4;224,10;-4,56E-6;287,44;3,58E-4
2,531;4,370;0,996;2,24E-4;224,07;5,09E-5;287,34;2,02E-4
2,532;4,368;0,995;2,24E-4;224,03;1,31E-4;287,20;-1,94E-5
2,533;4,370;0,996;2,24E-4;224,07;5,09E-5;287,35;2,22E-4
2,534;4,370;0,996;2,24E-4;224,07;5,16E-5;287,30;1,44E-4
2,535;4,368;0,995;2,24E-4;224,03;1,31E-4;287,20;-1,29E-5
2,536;4,371;0,997;2,24E-4;224,09;7,59E-7;287,38;2,61E-4
2,537;4,370;0,996;2,24E-4;224,06;6,15E-5;287,29;1,29E-4
2,538;4,369;0,996;2,24E-4;224,06;7,37E-5;287,27;9,26E-5
2,539;4,369;0,995;2,24E-4;224,04;1,02E-4;287,24;4,74E-5
2,540;4,369;0,995;2,24E-4;224,05;9,57E-5;287,24;4,52E-5
2,541;4,369;0,995;2,24E-4;224,05;9,19E-5;287,25;6,03E-5
2,542;4,370;0,997;2,24E-4;224,08;2,43E-5;287,38;2,54E-4
2,543;4,369;0,996;2,24E-4;224,06;6,91E-5;287,33;1,87E-4
2,544;4,370;0,996;2,24E-4;224,07;4,78E-5;287,29;1,31E-4
2,545;4,371;0,997;2,24E-4;224,11;-2,05E-5;287,46;3,86E-4
2,546;4,370;0,996;2,24E-4;224,09;1,82E-5;287,36;2,24E-4
2,547;4,370;0,996;2,24E-4;224,08;2,13E-5;287,36;2,26E-4
2,548;4,370;0,996;2,24E-4;224,08;3,57E-5;287,36;2,35E-4
2,549;4,369;0,995;2,24E-4;224,04;1,16E-4;287,21;2,15E-6
2,550;4,369;0,996;2,24E-4;224,06;7,44E-5;287,30;1,38E-4
2,551;4,370;0,996;2,24E-4;224,09;1,82E-5;287,36;2,33E-4
2,552;4,370;0,996;2,24E-4;224,06;6,15E-5;287,31;1,51E-4
2,553;4,369;0,995;2,24E-4;224,03;1,25E-4;287,19;-3,02E-5
2,554;4,369;0,995;2,24E-4;224,04;1,15E-4;287,20;-8,62E-6
2,555;4,369;0,995;2,24E-4;224,04;1,04E-4;287,23;3,66E-5
2,556;4,370;0,996;2,24E-4;224,07;4,25E-5;287,33;1,87E-4
2,557;4,369;0,996;2,24E-4;224,06;6,91E-5;287,28;1,16E-4
2,558;4,369;0,996;2,24E-4;224,05;8,13E-5;287,27;8,83E-5
2,559;4,370;0,996;2,24E-4;224,07;4,78E-5;287,33;1,90E-4
2,560;4,370;0,996;2,24E-4;224,07;5,77E-5;287,28;1,10E-4
2,561;4,369;0,996;2,24E-4;224,05;7,97E-5;287,28;1,14E-4
2,562;4,370;0,996;2,24E-4;224,07;5,16E-5;287,32;1,66E-4
2,563;4,369;0,996;2,24E-4;224,06;6,91E-5;287,31;1,53E-4
2,564;4,370;0,997;2,24E-4;224,09;1,44E-5;287,38;2,65E-4
2,565;4,369;0,996;2,24E-4;224,05;8,58E-5;287,29;1,29E-4
2,566;4,370;0,996;2,24E-4;224,08;3,80E-5;287,34;1,96E-4
2,567;4,370;0,997;2,24E-4;224,08;3,19E-5;287,37;2,43E-4
2,568;4,370;0,996;2,24E-4;224,07;5,47E-5;287,34;2,05E-4
2,569;4,370;0,996;2,24E-4;224,08;2,73E-5;287,32;1,77E-4
2,570;4,370;0,996;2,24E-4;224,07;4,56E-5;287,34;1,94E-4
2,571;4,370;0,996;2,24E-4;224,06;6,61E-5;287,27;9,91E-5
2,572;4,370;0,996;2,24E-4;224,06;6,61E-5;287,29;1,23E-4
2,573;4,369;0,995;2,24E-4;224,05;9,49E-5;287,23;2,80E-5
2,574;4,370;0,996;2,24E-4;224,07;3,95E-5;287,31;1,57E-4
2,575;4,369;0,996;2,24E-4;224,06;6,91E-5;287,29;1,21E-4
2,576;4,370;0,996;2,24E-4;224,08;2,28E-5;287,35;2,20E-4
2,577;4,370;0,997;2,24E-4;224,08;2,20E-5;287,37;2,41E-4
2,578;4,370;0,996;2,24E-4;224,06;6,38E-5;287,29;1,18E-4
2,579;4,370;0,996;2,24E-4;224,07;5,77E-5;287,31;1,59E-4
2,580;4,370;0,997;2,24E-4;224,09;1,44E-5;287,37;2,50E-4
2,581;4,369;0,996;2,24E-4;224,06;7,06E-5;287,33;1,87E-4
2,582;4,368;0,995;2,24E-4;224,03;1,31E-4;287,15;-8,40E-5
2,583;4,369;0,995;2,24E-4;224,04;1,10E-4;287,23;2,80E-5
2,584;4,370;0,996;2,24E-4;224,08;3,11E-5;287,36;2,33E-4
2,585;4,370;0,996;2,24E-4;224,07;4,94E-5;287,36;2,35E-4
2,586;4,370;0,996;2,24E-4;224,07;5,01E-5;287,31;1,53E-4
2,587;4,370;0,997;2,24E-4;224,09;1,59E-5;287,37;2,48E-4
2,588;4,370;0,997;2,24E-4;224,08;3,04E-5;287,38;2,65E-4
2,589;4,370;0,996;2,24E-4;224,06;6,15E-5;287,30;1,44E-4
2,590;4,369;0,996;2,24E-4;224,04;9,87E-5;287,26;7,76E-5
2,591;4,368;0,995;2,24E-4;224,03;1,34E-4;287,20;-1,51E-5
2,592;4,370;0,996;2,24E-4;224,07;4,48E-5;287,33;1,92E-4
2,593;4,370;0,997;2,24E-4;224,09;4,56E-6;287,41;3,02E-4
2,594;4,371;0,998;2,24E-4;224,12;-4,40E-5;287,49;4,26E-4
2,595;4,370;0,997;2,24E-4;224,08;2,96E-5;287,39;2,78E-4
2,596;4,371;0,997;2,24E-4;224,09;3,80E-6;287,42;3,21E-4
2,597;4,370;0,996;2,24E-4;224,08;2,81E-5;287,35;2,22E-4
2,598;4,369;0,996;2,24E-4;224,05;9,27E-5;287,25;7,11E-5
2,599;4,369;0,996;2,24E-4;224,05;8,96E-5;287,29;1,23E-4
2,600;4,370;0,996;2,24E-4;224,06;6,15E-5;287,30;1,38E-4
2,601;4,370;0,996;2,24E-4;224,07;5,70E-5;287,33;1,85E-4
2,602;4,369;0,996;2,24E-4;224,04;1,02E-4;287,25;6,89E-5
2,603;4,370;0,997;2,24E-4;224,07;4,78E-5;287,38;2,58E-4
2,604;4,370;0,997;2,24E-4;224,08;2,51E-5;287,40;2,91E-4
2,605;4,370;0,996;2,24E-4;224,06;6,23E-5;287,34;2,02E-4
2,606;4,370;0,997;2,24E-4;224,09;5,32E-6;287,43;3,42E-4
2,607;4,370;0,996;2,24E-4;224,06;5,92E-5;287,31;1,49E-4
2,608;4,369;0,996;2,24E-4;224,06;6,68E-5;287,33;1,83E-4
2,609;4,369;0,995;2,24E-4;224,05;9,34E-5;287,24;5,39E-5
2,610;4,370;0,997;2,24E-4;224,07;3,95E-5;287,37;2,50E-4
2,611;4,370;0,996;2,24E-4;224,07;5,01E-5;287,30;1,40E-4
2,612;4,369;0,996;2,24E-4;224,05;8,35E-5;287,25;6,89E-5
2,613;4,369;0,996;2,24E-4;224,06;6,91E-5;287,31;1,55E-4
2,614;4,370;0,996;2,24E-4;224,07;4,25E-5;287,32;1,70E-4
2,615;4,369;0,995;2,24E-4;224,03;1,25E-4;287,21;8,62E-6
2,616;4,369;0,996;2,24E-4;224,05;9,19E-5;287,26;7,76E-5
2,617;4,370;0,997;2,24E-4;224,07;4,63E-5;287,37;2,43E-4
2,618;4,370;0,996;2,24E-4;224,06;6,30E-5;287,33;1,79E-4
2,619;4,370;0,996;2,24E-4;224,07;4,63E-5;287,33;1,87E-4
2,620;4,368;0,994;2,24E-4;224,00;1,82E-4;287,09;-1,85E-4
2,621;4,368;0,995;2,24E-4;224,02;1,39E-4;287,17;-5,82E-5
2,622;4,369;0,995;2,24E-4;224,04;1,05E-4;287,22;1,51E-5
2,623;4,369;0,995;2,24E-4;224,03;1,22E-4;287,21;-2,15E-6
2,624;4,369;0,995;2,24E-4;224,04;1,07E-4;287,23;3,88E-5
2,625;4,369;0,996;2,24E-4;224,06;7,37E-5;287,29;1,18E-4
2,626;4,369;0,996;2,24E-4;224,05;8,66E-5;287,27;9,48E-5
2,627;4,369;0,996;2,24E-4;224,06;6,68E-5;287,33;1,79E-4
2,628;4,370;0,996;2,24E-4;224,07;5,70E-5;287,32;1,66E-4
2,629;4,371;0,997;2,24E-4;224,10;-1,29E-5;287,43;3,38E-4
2,630;4,370;0,996;2,24E-4;224,07;4,78E-5;287,36;2,30E-4
2,631;4,370;0,997;2,24E-4;224,08;3,34E-5;287,37;2,50E-4
2,632;4,369;0,996;2,24E-4;224,04;1,00E-4;287,28;1,06E-4
2,633;4,371;0,997;2,24E-4;224,10;-1,75E-5;287,48;4,11E-4
2,634;4,371;0,997;2,24E-4;224,10;-1,14E-5;287,45;3,66E-4
2,635;4,370;0,996;2,24E-4;224,07;5,01E-5;287,32;1,70E-4
2,636;4,369;0,996;2,24E-4;224,05;9,27E-5;287,26;7,97E-5
2,637;4,369;0,995;2,24E-4;224,03;1,18E-4;287,19;-3,02E-5
2,638;4,368;0,995;2,24E-4;224,03;1,31E-4;287,17;-5,17E-5
2,639;4,370;0,996;2,24E-4;224,07;5,39E-5;287,31;1,49E-4
2,640;4,370;0,996;2,24E-4;224,07;5,09E-5;287,34;2,02E-4
2,641;4,370;0,996;2,24E-4;224,07;4,18E-5;287,36;2,24E-4
2,642;4,370;0,996;2,24E-4;224,07;5,01E-5;287,35;2,15E-4
2,643;4,370;0,996;2,24E-4;224,06;6,23E-5;287,28;1,14E-4
2,644;4,370;0,996;2,24E-4;224,06;6,61E-5;287,29;1,21E-4
2,645;4,369;0,995;2,24E-4;224,05;9,72E-5;287,25;6,03E-5
2,646;4,369;0,995;2,24E-4;224,03;1,18E-4;287,22;1,29E-5
2,647;4,369;0,996;2,24E-4;224,05;7,97E-5;287,29;1,21E-4
2,648;4,369;0,996;2,24E-4;224,05;8,51E-5;287,27;9,91E-5
2,649;4,369;0,995;2,24E-4;224,03;1,22E-4;287,20;-1,94E-5
2,650;4,369;0,995;2,24E-4;224,04;1,06E-4;287,23;3,45E-5
2,651;4,369;0,995;2,24E-4;224,04;1,05E-4;287,21;8,62E-6
2,652;4,369;0,995;2,24E-4;224,04;1,16E-4;287,21;1,08E-5
2,653;4,369;0,996;2,24E-4;224,05;8,96E-5;287,25;6,68E-5
2,654;4,370;0,996;2,24E-4;224,06;6,15E-5;287,30;1,42E-4
2,655;4,371;0,997;2,24E-4;224,10;-1,44E-5;287,43;3,34E-4
2,656;4,371;0,997;2,24E-4;224,10;-1,82E-5;287,46;3,86E-4
2,657;4,371;0,997;2,24E-4;224,10;-1,06E-5;287,46;3,75E-4
2,658;4,370;0,996;2,24E-4;224,06;6,15E-5;287,28;1,06E-4
2,659;4,370;0,996;2,24E-4;224,07;4,71E-5;287,32;1,72E-4
2,660;4,369;0,996;2,24E-4;224,04;9,95E-5;287,26;8,40E-5
2,661;4,370;0,996;2,24E-4;224,07;5,47E-5;287,29;1,21E-4
2,662;4,370;0,996;2,24E-4;224,07;4,56E-5;287,33;1,79E-4
2,663;4,370;0,997;2,24E-4;224,09;6,83E-6;287,41;3,08E-4
2,664;4,370;0,996;2,24E-4;224,07;5,24E-5;287,32;1,68E-4
2,665;4,369;0,996;2,24E-4;224,06;7,14E-5;287,28;1,10E-4
2,666;4,370;0,996;2,24E-4;224,09;1,67E-5;287,32;1,74E-4
2,667;4,370;0,997;2,24E-4;224,09;9,11E-6;287,41;3,04E-4
2,668;4,370;0,996;2,24E-4;224,08;3,57E-5;287,37;2,39E-4
2,669;4,370;0,996;2,24E-4;224,07;4,48E-5;287,35;2,20E-4
2,670;4,369;0,995;2,24E-4;224,04;1,11E-4;287,23;3,23E-5
2,671;4,369;0,996;2,24E-4;224,05;7,97E-5;287,26;7,54E-5
2,672;4,368;0,994;2,24E-4;224,02;1,41E-4;287,13;-1,19E-4
2,673;4,369;0,995;2,24E-4;224,03;1,20E-4;287,21;0,00
2,674;4,369;0,995;2,24E-4;224,05;8,13E-5;287,24;4,52E-5
2,675;4,370;0,996;2,24E-4;224,08;3,65E-5;287,35;2,18E-4
2,676;4,371;0,997;2,24E-4;224,10;-1,44E-5;287,44;3,45E-4
2,677;4,370;0,996;2,24E-4;224,06;6,53E-5;287,30;1,42E-4
2,678;4,370;0,996;2,24E-4;224,07;3,95E-5;287,35;2,11E-4
2,679;4,370;0,996;2,24E-4;224,08;3,42E-5;287,36;2,26E-4
2,680;4,370;0,996;2,24E-4;224,07;5,70E-5;287,32;1,68E-4
2,681;4,371;0,997;2,24E-4;224,10;-1,52E-6;287,40;2,97E-4
2,682;4,370;0,996;2,24E-4;224,07;5,77E-5;287,33;1,87E-4
2,683;4,369;0,995;2,24E-4;224,04;1,13E-4;287,23;3,23E-5
2,684;4,370;0,997;2,24E-4;224,08;3,42E-5;287,38;2,54E-4
2,685;4,371;0,997;2,24E-4;224,10;-2,28E-6;287,42;3,14E-4
2,686;4,369;0,996;2,24E-4;224,06;7,37E-5;287,26;7,97E-5
2,687;4,369;0,995;2,24E-4;224,03;1,23E-4;287,24;5,17E-5
2,688;4,370;0,996;2,24E-4;224,07;5,85E-5;287,30;1,46E-4
2,689;4,369;0,995;2,24E-4;224,04;1,11E-4;287,20;-8,62E-6
2,690;4,370;0,996;2,24E-4;224,07;4,86E-5;287,31;1,53E-4
2,691;4,370;0,996;2,24E-4;224,07;4,02E-5;287,34;1,96E-4
2,692;4,369;0,996;2,24E-4;224,06;6,68E-5;287,29;1,27E-4
2,693;4,369;0,995;2,24E-4;224,03;1,21E-4;287,20;-1,94E-5
2,694;4,368;0,994;2,24E-4;224,02;1,42E-4;287,13;-1,19E-4
2,695;4,369;0,995;2,24E-4;224,04;1,11E-4;287,23;4,09E-5
2,696;4,369;0,996;2,24E-4;224,05;7,90E-5;287,30;1,46E-4
2,697;4,370;0,996;2,24E-4;224,08;3,72E-5;287,35;2,22E-4
2,698;4,369;0,995;2,24E-4;224,04;1,03E-4;287,17;-5,82E-5
2,699;4,370;0,996;2,24E-4;224,07;5,32E-5;287,31;1,55E-4
2,700;4,370;0,996;2,24E-4;224,07;5,47E-5;287,36;2,24E-4
2,701;4,369;0,996;2,24E-4;224,05;7,97E-5;287,26;7,33E-5
2,702;4,370;0,997;2,24E-4;224,09;1,67E-5;287,37;2,48E-4
2,703;4,370;0,996;2,24E-4;224,08;2,89E-5;287,36;2,33E-4
2,704;4,371;0,997;2,24E-4;224,11;-3,11E-5;287,48;4,09E-4
2,705;4,369;0,996;2,24E-4;224,05;8,73E-5;287,28;1,06E-4
2,706;4,370;0,996;2,24E-4;224,08;3,80E-5;287,37;2,39E-4
2,707;4,369;0,996;2,24E-4;224,06;6,84E-5;287,31;1,57E-4
2,708;4,371;0,997;2,24E-4;224,10;-1,22E-5;287,44;3,58E-4
2,709;4,370;0,996;2,24E-4;224,08;3,42E-5;287,34;1,98E-4
2,710;4,370;0,996;2,24E-4;224,07;4,10E-5;287,34;2,00E-4
2,711;4,369;0,996;2,24E-4;224,06;7,67E-5;287,29;1,23E-4
2,712;4,369;0,995;2,24E-4;224,04;1,03E-4;287,22;2,59E-5
2,713;4,369;0,996;2,24E-4;224,05;8,05E-5;287,25;6,68E-5
2,714;4,371;0,997;2,24E-4;224,10;-1,44E-5;287,46;3,77E-4
2,715;4,371;0,997;2,24E-4;224,10;-4,56E-6;287,42;3,23E-4
2,716;4,370;0,997;2,24E-4;224,09;1,59E-5;287,37;2,43E-4
2,717;4,370;0,996;2,24E-4;224,08;3,19E-5;287,34;2,00E-4
2,718;4,370;0,996;2,24E-4;224,06;6,00E-5;287,27;9,69E-5
2,719;4,370;0,996;2,24E-4;224,06;6,23E-5;287,31;1,51E-4
2,720;4,370;0,996;2,24E-4;224,09;1,06E-5;287,36;2,24E-4
2,721;4,371;0,997;2,24E-4;224,11;-2,89E-5;287,45;3,70E-4
2,722;4,370;0,996;2,24E-4;224,08;2,35E-5;287,36;2,30E-4
2,723;4,369;0,996;2,24E-4;224,06;6,99E-5;287,33;1,87E-4
2,724;4,369;0,996;2,24E-4;224,05;8,13E-5;287,30;1,38E-4
2,725;4,369;0,995;2,24E-4;224,05;8,43E-5;287,22;2,15E-5
2,726;4,369;0,995;2,24E-4;224,04;1,11E-4;287,21;0,00
2,727;4,371;0,997;2,24E-4;224,10;-2,28E-6;287,39;2,71E-4
2,728;4,369;0,996;2,24E-4;224,06;6,84E-5;287,30;1,42E-4
2,729;4,371;0,998;2,24E-4;224,12;-4,71E-5;287,50;4,35E-4
2,730;4,370;0,996;2,24E-4;224,07;4,33E-5;287,33;1,90E-4
2,731;4,370;0,996;2,24E-4;224,06;6,38E-5;287,30;1,36E-4
2,732;4,370;0,996;2,24E-4;224,06;6,08E-5;287,31;1,53E-4
2,733;4,367;0,994;2,24E-4;223,99;2,01E-4;287,05;-2,41E-4
2,734;4,369;0,996;2,24E-4;224,06;6,76E-5;287,29;1,29E-4
2,735;4,369;0,996;2,24E-4;224,05;8,43E-5;287,26;7,76E-5
2,736;4,369;0,995;2,24E-4;224,04;1,02E-4;287,23;2,80E-5
2,737;4,369;0,995;2,24E-4;224,04;1,01E-4;287,23;3,23E-5
2,738;4,370;0,997;2,24E-4;224,08;2,13E-5;287,37;2,43E-4
2,739;4,370;0,997;2,24E-4;224,09;9,87E-6;287,40;2,84E-4
2,740;4,371;0,997;2,24E-4;224,09;3,04E-6;287,40;2,89E-4
2,741;4,369;0,995;2,24E-4;224,04;1,16E-4;287,18;-4,52E-5
2,742;4,370;0,996;2,24E-4;224,08;3,19E-5;287,35;2,11E-4
2,743;4,368;0,995;2,24E-4;224,02;1,37E-4;287,19;-3,45E-5
2,744;4,369;0,995;2,24E-4;224,03;1,21E-4;287,21;2,15E-6
2,745;4,370;0,996;2,24E-4;224,08;3,27E-5;287,36;2,35E-4
2,746;4,370;0,996;2,24E-4;224,07;5,32E-5;287,35;2,15E-4
2,747;4,370;0,997;2,24E-4;224,07;4,56E-5;287,37;2,43E-4
2,748;4,370;0,996;2,24E-4;224,07;4,71E-5;287,34;1,96E-4
2,749;4,369;0,995;2,24E-4;224,04;1,04E-4;287,23;2,80E-5
2,750;4,369;0,996;2,24E-4;224,06;7,29E-5;287,27;9,91E-5
2,751;4,369;0,995;2,24E-4;224,04;1,13E-4;287,19;-2,15E-5
2,752;4,367;0,994;2,24E-4;223,99;2,13E-4;287,04;-2,52E-4
2,753;4,368;0,994;2,24E-4;224,00;1,75E-4;287,08;-1,96E-4
2,754;4,368;0,995;2,24E-4;224,03;1,34E-4;287,15;-8,19E-5
2,755;4,370;0,996;2,24E-4;224,07;5,70E-5;287,30;1,36E-4
2,756;4,371;0,997;2,24E-4;224,10;-7,59E-6;287,44;3,55E-4
2,757;4,369;0,996;2,24E-4;224,06;7,75E-5;287,27;8,83E-5
2,758;4,370;0,996;2,24E-4;224,07;4,40E-5;287,33;1,92E-4
2,759;4,370;0,996;2,24E-4;224,07;5,70E-5;287,30;1,36E-4
2,760;4,371;0,998;2,24E-4;224,12;-3,95E-5;287,49;4,33E-4
2,761;4,371;0,998;2,24E-4;224,11;-3,27E-5;287,50;4,41E-4
2,762;4,370;0,997;2,24E-4;224,08;1,97E-5;287,37;2,46E-4
2,763;4,370;0,996;2,24E-4;224,07;5,54E-5;287,30;1,40E-4
2,764;4,369;0,995;2,24E-4;224,05;8,66E-5;287,23;4,09E-5
2,765;4,369;0,995;2,24E-4;224,05;8,43E-5;287,24;5,60E-5
2,766;4,370;0,996;2,24E-4;224,07;5,32E-5;287,33;1,85E-4
2,767;4,369;0,996;2,24E-4;224,05;8,28E-5;287,29;1,18E-4
2,768;4,368;0,995;2,24E-4;224,02;1,44E-4;287,16;-6,90E-5
2,769;4,369;0,995;2,24E-4;224,05;8,51E-5;287,24;5,39E-5
2,770;4,370;0,996;2,24E-4;224,07;5,24E-5;287,32;1,77E-4
2,771;4,369;0,996;2,24E-4;224,06;7,52E-5;287,25;6,68E-5
2,772;4,369;0,995;2,24E-4;224,05;8,81E-5;287,21;8,62E-6
2,773;4,370;0,996;2,24E-4;224,07;4,33E-5;287,30;1,36E-4
2,774;4,371;0,997;2,24E-4;224,10;-1,29E-5;287,43;3,36E-4
2,775;4,369;0,996;2,24E-4;224,06;7,59E-5;287,28;1,08E-4
2,776;4,369;0,995;2,24E-4;224,03;1,28E-4;287,16;-6,68E-5
2,777;4,368;0,994;2,24E-4;224,02;1,44E-4;287,13;-1,12E-4
2,778;4,369;0,996;2,24E-4;224,05;8,28E-5;287,25;7,11E-5
2,779;4,369;0,996;2,24E-4;224,05;8,28E-5;287,27;9,05E-5
2,780;4,369;0,995;2,24E-4;224,06;7,44E-5;287,25;6,46E-5
2,781;4,370;0,996;2,24E-4;224,09;1,90E-5;287,36;2,33E-4
2,782;4,370;0,996;2,24E-4;224,06;6,53E-5;287,25;6,89E-5
2,783;4,369;0,995;2,24E-4;224,05;8,81E-5;287,25;5,82E-5
2,784;4,369;0,995;2,24E-4;224,05;9,34E-5;287,19;-2,15E-5
2,785;4,369;0,995;2,24E-4;224,04;1,03E-4;287,21;0,00
2,786;4,369;0,995;2,24E-4;224,05;9,65E-5;287,23;3,45E-5
2,787;4,369;0,996;2,24E-4;224,05;9,34E-5;287,25;6,68E-5
2,788;4,370;0,996;2,24E-4;224,07;4,18E-5;287,31;1,57E-4
2,789;4,369;0,995;2,24E-4;224,05;9,04E-5;287,25;5,82E-5
2,790;4,368;0,995;2,24E-4;224,03;1,29E-4;287,14;-1,03E-4
2,791;4,369;0,995;2,24E-4;224,05;8,73E-5;287,19;-2,37E-5
2,792;4,370;0,996;2,24E-4;224,08;3,42E-5;287,33;1,83E-4
2,793;4,370;0,996;2,24E-4;224,07;5,70E-5;287,25;7,11E-5
2,794;4,369;0,996;2,24E-4;224,05;8,66E-5;287,26;7,54E-5
2,795;4,369;0,996;2,24E-4;224,06;6,99E-5;287,27;9,91E-5
2,796;4,369;0,996;2,24E-4;224,06;6,84E-5;287,29;1,31E-4
2,797;4,370;0,996;2,24E-4;224,07;5,39E-5;287,25;7,11E-5
2,798;4,369;0,995;2,24E-4;224,05;8,96E-5;287,21;1,08E-5
2,799;4,369;0,995;2,24E-4;224,04;1,03E-4;287,24;4,31E-5
2,800;4,369;0,996;2,24E-4;224,05;9,04E-5;287,29;1,27E-4
2,801;4,369;0,996;2,24E-4;224,06;7,06E-5;287,28;1,03E-4
2,802;4,369;0,995;2,24E-4;224,05;9,57E-5;287,21;4,31E-6
2,803;4,370;0,996;2,24E-4;224,07;3,95E-5;287,33;1,92E-4
2,804;4,370;0,997;2,24E-4;224,09;1,82E-5;287,42;3,23E-4
2,805;4,370;0,996;2,24E-4;224,07;5,77E-5;287,31;1,62E-4
2,806;4,368;0,995;2,24E-4;224,03;1,31E-4;287,15;-8,19E-5
2,807;4,370;0,996;2,24E-4;224,07;4,63E-5;287,32;1,66E-4
2,808;4,370;0,997;2,24E-4;224,09;1,22E-5;287,42;3,14E-4
2,809;4,370;0,996;2,24E-4;224,06;6,08E-5;287,34;1,94E-4
2,810;4,370;0,996;2,24E-4;224,07;5,39E-5;287,33;1,92E-4
2,811;4,371;0,997;2,24E-4;224,10;-7,59E-6;287,44;3,49E-4
2,812;4,370;0,996;2,24E-4;224,07;4,94E-5;287,31;1,53E-4
2,813;4,370;0,996;2,24E-4;224,07;5,09E-5;287,31;1,49E-4
2,814;4,371;0,998;2,24E-4;224,12;-4,40E-5;287,51;4,61E-4
2,815;4,371;0,997;2,24E-4;224,09;2,28E-6;287,37;2,52E-4
2,816;4,370;0,996;2,24E-4;224,07;4,02E-5;287,34;1,98E-4
2,817;4,370;0,996;2,24E-4;224,08;3,42E-5;287,34;2,05E-4
2,818;4,370;0,996;2,24E-4;224,07;3,95E-5;287,33;1,85E-4
2,819;4,370;0,996;2,24E-4;224,06;6,30E-5;287,27;9,05E-5
2,820;4,369;0,996;2,24E-4;224,05;8,28E-5;287,27;9,91E-5
2,821;4,370;0,996;2,24E-4;224,08;2,35E-5;287,33;1,83E-4
2,822;4,369;0,995;2,24E-4;224,05;8,28E-5;287,24;4,52E-5
2,823;4,369;0,995;2,24E-4;224,05;9,65E-5;287,23;4,09E-5
2,824;4,369;0,995;2,24E-4;224,04;9,80E-5;287,22;2,59E-5
2,825;4,369;0,995;2,24E-4;224,03;1,28E-4;287,20;-1,08E-5
2,826;4,369;0,996;2,24E-4;224,05;8,51E-5;287,29;1,21E-4
2,827;4,369;0,995;2,24E-4;224,05;8,20E-5;287,25;6,46E-5
2,828;4,371;0,998;2,24E-4;224,12;-3,95E-5;287,49;4,29E-4
2,829;4,370;0,996;2,24E-4;224,07;5,16E-5;287,30;1,40E-4
2,830;4,370;0,997;2,24E-4;224,09;1,67E-5;287,39;2,80E-4
2,831;4,370;0,996;2,24E-4;224,08;2,35E-5;287,36;2,33E-4
2,832;4,369;0,995;2,24E-4;224,04;1,15E-4;287,17;-5,39E-5
2,833;4,369;0,995;2,24E-4;224,05;9,65E-5;287,21;6,46E-6
2,834;4,369;0,995;2,24E-4;224,04;1,06E-4;287,20;-1,72E-5
2,835;4,369;0,996;2,24E-4;224,06;7,52E-5;287,28;1,10E-4
2,836;4,370;0,997;2,24E-4;224,09;1,22E-5;287,37;2,50E-4
2,837;4,370;0,996;2,24E-4;224,08;3,87E-5;287,32;1,74E-4
2,838;4,369;0,995;2,24E-4;224,04;1,12E-4;287,20;-1,51E-5
2,839;4,369;0,996;2,24E-4;224,05;8,05E-5;287,25;6,89E-5
2,840;4,369;0,996;2,24E-4;224,06;7,29E-5;287,29;1,25E-4
2,841;4,371;0,997;2,24E-4;224,10;-6,08E-6;287,41;3,12E-4
2,842;4,370;0,996;2,24E-4;224,08;2,58E-5;287,36;2,37E-4
2,843;4,369;0,996;2,24E-4;224,05;8,13E-5;287,26;7,97E-5
2,844;4,370;0,997;2,24E-4;224,09;8,35E-6;287,40;2,84E-4
2,845;4,370;0,996;2,24E-4;224,08;3,65E-5;287,32;1,64E-4
2,846;4,370;0,997;2,24E-4;224,08;2,66E-5;287,38;2,61E-4
2,847;4,369;0,995;2,24E-4;224,05;8,96E-5;287,25;5,82E-5
2,848;4,369;0,995;2,24E-4;224,05;9,65E-5;287,22;1,94E-5
2,849;4,369;0,995;2,24E-4;224,04;1,15E-4;287,16;-7,97E-5
2,850;4,369;0,996;2,24E-4;224,06;6,76E-5;287,26;8,62E-5
2,851;4,369;0,995;2,24E-4;224,03;1,24E-4;287,18;-4,31E-5
2,852;4,368;0,995;2,24E-4;224,02;1,51E-4;287,15;-8,40E-5
2,853;4,368;0,995;2,24E-4;224,02;1,41E-4;287,14;-1,06E-4
2,854;4,368;0,995;2,24E-4;224,02;1,40E-4;287,17;-5,82E-5
2,855;4,370;0,996;2,24E-4;224,07;4,10E-5;287,34;2,07E-4
2,856;4,370;0,996;2,24E-4;224,08;2,89E-5;287,35;2,11E-4
2,857;4,371;0,997;2,24E-4;224,11;-2,73E-5;287,47;3,98E-4
2,858;4,370;0,996;2,24E-4;224,07;4,94E-5;287,31;1,53E-4
2,859;4,370;0,996;2,24E-4;224,07;5,54E-5;287,31;1,59E-4
2,860;4,369;0,995;2,24E-4;224,04;9,80E-5;287,22;2,37E-5
2,861;4,369;0,996;2,24E-4;224,04;1,00E-4;287,25;7,11E-5
2,862;4,368;0,994;2,24E-4;224,00;1,78E-4;287,08;-2,00E-4
2,863;4,369;0,995;2,24E-4;224,04;1,09E-4;287,25;6,46E-5
2,864;4,370;0,996;2,24E-4;224,06;5,92E-5;287,29;1,18E-4
2,865;4,370;0,996;2,24E-4;224,07;5,09E-5;287,34;2,05E-4
2,866;4,369;0,995;2,24E-4;224,04;1,02E-4;287,21;8,62E-6
2,867;4,369;0,995;2,24E-4;224,03;1,18E-4;287,21;6,46E-6
2,868;4,370;0,996;2,24E-4;224,06;6,61E-5;287,27;9,91E-5
2,869;4,370;0,996;2,24E-4;224,08;2,73E-5;287,36;2,35E-4
2,870;4,370;0,996;2,24E-4;224,06;6,15E-5;287,28;1,06E-4
2,871;4,370;0,997;2,24E-4;224,09;1,29E-5;287,43;3,34E-4
2,872;4,369;0,995;2,24E-4;224,04;1,15E-4;287,17;-6,25E-5
2,873;4,369;0,995;2,24E-4;224,03;1,20E-4;287,19;-3,02E-5
2,874;4,368;0,995;2,24E-4;224,03;1,32E-4;287,16;-7,54E-5
2,875;4,369;0,995;2,24E-4;224,04;1,02E-4;287,24;4,96E-5
2,876;4,370;0,996;2,24E-4;224,09;1,67E-5;287,35;2,15E-4
2,877;4,370;0,996;2,24E-4;224,06;5,92E-5;287,30;1,46E-4
2,878;4,368;0,995;2,24E-4;224,02;1,37E-4;287,16;-7,76E-5
2,879;4,369;0,995;2,24E-4;224,04;1,15E-4;287,19;-2,80E-5
2,880;4,370;0,996;2,24E-4;224,07;5,16E-5;287,32;1,74E-4
2,881;4,369;0,995;2,24E-4;224,04;1,03E-4;287,25;5,82E-5
2,882;4,368;0,994;2,24E-4;224,01;1,71E-4;287,08;-1,98E-4
2,883;4,368;0,995;2,24E-4;224,02;1,37E-4;287,15;-9,27E-5
2,884;4,368;0,994;2,24E-4;224,02;1,53E-4;287,11;-1,49E-4
2,885;4,369;0,995;2,24E-4;224,05;8,35E-5;287,24;5,17E-5
2,886;4,370;0,996;2,24E-4;224,06;6,30E-5;287,26;8,40E-5
2,887;4,370;0,996;2,24E-4;224,08;3,57E-5;287,30;1,44E-4
2,888;4,370;0,997;2,24E-4;224,09;1,14E-5;287,37;2,50E-4
2,889;4,370;0,996;2,24E-4;224,07;5,39E-5;287,29;1,18E-4
2,890;4,369;0,996;2,24E-4;224,06;6,76E-5;287,30;1,42E-4
2,891;4,370;0,995;2,24E-4;224,06;6,61E-5;287,24;4,52E-5
2,892;4,369;0,995;2,24E-4;224,04;1,06E-4;287,20;-8,62E-6
2,893;4,371;0,997;2,24E-4;224,10;-1,82E-5;287,40;2,84E-4
2,894;4,370;0,996;2,24E-4;224,08;3,34E-5;287,32;1,72E-4
2,895;4,370;0,997;2,24E-4;224,09;9,11E-6;287,39;2,74E-4
2,896;4,370;0,995;2,24E-4;224,07;5,77E-5;287,24;5,60E-5
2,897;4,370;0,996;2,24E-4;224,07;5,39E-5;287,34;2,05E-4
2,898;4,370;0,995;2,24E-4;224,06;6,61E-5;287,25;5,82E-5
2,899;4,369;0,995;2,24E-4;224,05;9,34E-5;287,21;4,31E-6
2,900;4,369;0,995;2,24E-4;224,04;1,13E-4;287,17;-5,60E-5
2,901;4,369;0,995;2,24E-4;224,04;1,03E-4;287,25;6,25E-5
2,902;4,370;0,996;2,24E-4;224,09;1,90E-5;287,35;2,13E-4
2,903;4,370;0,996;2,24E-4;224,07;3,95E-5;287,31;1,51E-4
2,904;4,370;0,996;2,24E-4;224,08;3,65E-5;287,34;2,07E-4
2,905;4,370;0,996;2,24E-4;224,08;3,27E-5;287,34;2,05E-4
2,906;4,370;0,996;2,24E-4;224,07;4,86E-5;287,33;1,83E-4
2,907;4,370;0,996;2,24E-4;224,07;5,54E-5;287,30;1,42E-4
2,908;4,369;0,996;2,24E-4;224,06;6,76E-5;287,29;1,18E-4
2,909;4,370;0,995;2,24E-4;224,06;6,23E-5;287,25;6,46E-5
2,910;4,369;0,995;2,24E-4;224,05;8,51E-5;287,24;4,96E-5
2,911;4,370;0,996;2,24E-4;224,07;5,09E-5;287,33;1,92E-4
2,912;4,370;0,996;2,24E-4;224,07;4,10E-5;287,32;1,66E-4
2,913;4,370;0,996;2,24E-4;224,07;4,86E-5;287,30;1,42E-4
2,914;4,369;0,995;2,24E-4;224,05;8,58E-5;287,22;1,94E-5
2,915;4,369;0,995;2,24E-4;224,05;9,42E-5;287,24;5,39E-5
2,916;4,368;0,994;2,24E-4;224,02;1,41E-4;287,10;-1,59E-4
2,917;4,368;0,995;2,24E-4;224,02;1,39E-4;287,15;-8,40E-5
2,918;4,370;0,996;2,24E-4;224,07;4,48E-5;287,32;1,66E-4
2,919;4,369;0,996;2,24E-4;224,05;8,58E-5;287,26;8,62E-5
2,920;4,370;0,996;2,24E-4;224,08;2,96E-5;287,33;1,85E-4
2,921;4,371;0,997;2,24E-4;224,09;7,59E-7;287,43;3,30E-4
2,922;4,369;0,995;2,24E-4;224,04;1,13E-4;287,21;1,08E-5
2,923;4,370;0,996;2,24E-4;224,07;5,16E-5;287,33;1,81E-4
2,924;4,370;0,997;2,24E-4;224,09;9,11E-6;287,38;2,54E-4
2,925;4,370;0,996;2,24E-4;224,07;4,71E-5;287,31;1,51E-4
2,926;4,370;0,996;2,24E-4;224,08;3,42E-5;287,32;1,74E-4
2,927;4,369;0,995;2,24E-4;224,04;9,87E-5;287,24;4,52E-5
2,928;4,371;0,997;2,24E-4;224,10;-1,52E-6;287,41;2,99E-4
2,929;4,369;0,995;2,24E-4;224,04;1,01E-4;287,19;-2,37E-5
2,930;4,368;0,994;2,24E-4;224,02;1,47E-4;287,12;-1,31E-4
2,931;4,369;0,996;2,24E-4;224,06;7,21E-5;287,28;1,10E-4
2,932;4,368;0,994;2,24E-4;224,00;1,83E-4;287,05;-2,39E-4
2,933;4,369;0,995;2,24E-4;224,04;1,11E-4;287,22;1,94E-5
2,934;4,370;0,996;2,24E-4;224,07;5,16E-5;287,31;1,53E-4
2,935;4,368;0,994;2,24E-4;224,01;1,69E-4;287,08;-1,87E-4
2,936;4,368;0,994;2,24E-4;224,02;1,46E-4;287,09;-1,81E-4
2,937;4,369;0,996;2,24E-4;224,05;8,05E-5;287,25;6,68E-5
2,938;4,368;0,994;2,24E-4;224,01;1,62E-4;287,12;-1,38E-4
2,939;4,368;0,995;2,24E-4;224,01;1,63E-4;287,14;-9,91E-5
2,940;4,369;0,995;2,24E-4;224,06;7,37E-5;287,23;4,09E-5
2,941;4,369;0,996;2,24E-4;224,05;7,82E-5;287,29;1,27E-4
2,942;4,370;0,996;2,24E-4;224,07;4,18E-5;287,34;2,07E-4
2,943;4,370;0,996;2,24E-4;224,07;5,54E-5;287,30;1,44E-4
2,944;4,370;0,996;2,24E-4;224,07;4,78E-5;287,33;1,83E-4
2,945;4,370;0,996;2,24E-4;224,07;5,77E-5;287,29;1,31E-4
2,946;4,371;0,997;2,24E-4;224,10;-1,44E-5;287,43;3,42E-4
2,947;4,370;0,996;2,24E-4;224,07;5,32E-5;287,29;1,21E-4
2,948;4,370;0,996;2,24E-4;224,09;1,52E-5;287,36;2,33E-4
2,949;4,369;0,996;2,24E-4;224,05;7,97E-5;287,27;9,69E-5
2,950;4,370;0,996;2,24E-4;224,08;3,04E-5;287,31;1,59E-4
2,951;4,369;0,996;2,24E-4;224,06;7,37E-5;287,25;7,11E-5
2,952;4,369;0,995;2,24E-4;224,06;7,75E-5;287,23;3,88E-5
2,953;4,369;0,995;2,24E-4;224,05;8,13E-5;287,21;0,00
2,954;4,370;0,996;2,24E-4;224,08;3,72E-5;287,36;2,24E-4
2,955;4,369;0,995;2,24E-4;224,05;8,28E-5;287,21;4,31E-6
2,956;4,371;0,997;2,24E-4;224,11;-2,96E-5;287,43;3,42E-4
2,957;4,370;0,997;2,24E-4;224,09;1,06E-5;287,37;2,41E-4
2,958;4,370;0,996;2,24E-4;224,07;4,94E-5;287,26;8,40E-5
2,959;4,369;0,995;2,24E-4;224,05;9,49E-5;287,20;-1,29E-5
2,960;4,370;0,996;2,24E-4;224,07;5,54E-5;287,25;7,11E-5
2,961;4,370;0,996;2,24E-4;224,08;3,65E-5;287,29;1,25E-4
2,962;4,370;0,996;2,24E-4;224,07;4,40E-5;287,30;1,42E-4
2,963;4,371;0,997;2,24E-4;224,11;-2,13E-5;287,41;3,12E-4
2,964;4,370;0,996;2,24E-4;224,08;2,89E-5;287,34;2,05E-4
2,965;4,369;0,995;2,24E-4;224,06;7,75E-5;287,22;2,59E-5
2,966;4,370;0,996;2,24E-4;224,06;6,00E-5;287,28;1,08E-4
2,967;4,369;0,995;2,24E-4;224,04;1,09E-4;287,20;-1,08E-5
2,968;4,370;0,996;2,24E-4;224,07;5,77E-5;287,30;1,38E-4
2,969;4,369;0,995;2,24E-4;224,03;1,25E-4;287,18;-4,31E-5
2,970;4,369;0,995;2,24E-4;224,05;9,49E-5;287,22;1,51E-5
2,971;4,370;0,996;2,24E-4;224,08;3,72E-5;287,33;1,92E-4
2,972;4,370;0,996;2,24E-4;224,06;6,00E-5;287,30;1,36E-4
2,973;4,370;0,997;2,24E-4;224,07;4,10E-5;287,37;2,48E-4
2,974;4,371;0,998;2,24E-4;224,12;-4,63E-5;287,50;4,46E-4
2,975;4,371;0,997;2,24E-4;224,09;3,80E-6;287,42;3,17E-4
2,976;4,371;0,997;2,24E-4;224,10;-1,52E-6;287,39;2,71E-4
2,977;4,370;0,996;2,24E-4;224,08;3,65E-5;287,33;1,92E-4
2,978;4,370;0,996;2,24E-4;224,06;6,23E-5;287,31;1,51E-4
2,979;4,369;0,996;2,24E-4;224,04;1,02E-4;287,26;7,33E-5
2,980;4,368;0,995;2,24E-4;224,02;1,39E-4;287,16;-7,33E-5
2,981;4,368;0,995;2,24E-4;224,02;1,38E-4;287,18;-4,52E-5
2,982;4,370;0,997;2,24E-4;224,08;2,89E-5;287,37;2,46E-4
2,983;4,369;0,996;2,24E-4;224,05;8,89E-5;287,30;1,38E-4
2,984;4,369;0,995;2,24E-4;224,03;1,19E-4;287,19;-3,02E-5
2,985;4,368;0,994;2,24E-4;224,01;1,56E-4;287,12;-1,34E-4
2,986;4,368;0,995;2,24E-4;224,01;1,59E-4;287,17;-6,46E-5
2,987;4,368;0,995;2,24E-4;224,03;1,29E-4;287,21;8,62E-6
2,988;4,370;0,996;2,24E-4;224,07;4,33E-5;287,36;2,26E-4
2,989;4,369;0,995;2,24E-4;224,03;1,28E-4;287,23;3,45E-5
2,990;4,369;0,995;2,24E-4;224,05;8,58E-5;287,25;6,25E-5
2,991;4,369;0,995;2,24E-4;224,04;1,07E-4;287,22;2,15E-5
2,992;4,368;0,995;2,24E-4;224,02;1,38E-4;287,22;2,59E-5
2,993;4,370;0,997;2,24E-4;224,08;2,28E-5;287,39;2,78E-4
2,994;4,369;0,995;2,24E-4;224,03;1,18E-4;287,19;-2,15E-5
2,995;4,369;0,996;2,24E-4;224,05;8,28E-5;287,31;1,51E-4
2,996;4,369;0,995;2,24E-4;224,03;1,19E-4;287,24;5,60E-5
2,997;4,368;0,995;2,24E-4;224,03;1,35E-4;287,22;2,59E-5
2,998;4,369;0,996;2,24E-4;224,05;9,42E-5;287,30;1,34E-4
2,999;4,369;0,996;2,24E-4;224,05;8,66E-5;287,28;1,03E-4
3,000;4,370;0,996;2,24E-4;224,07;4,48E-5;287,36;2,37E-4
3,001;4,370;0,997;2,24E-4;224,08;2,20E-5;287,44;3,58E-4
3,002;4,370;0,996;2,24E-4;224,07;5,77E-5;287,36;2,37E-4
3,003;4,369;0,996;2,24E-4;224,06;7,52E-5;287,35;2,18E-4
3,004;4,369;0,996;2,24E-4;224,05;9,27E-5;287,25;6,68E-5
3,005;4,370;0,997;2,24E-4;224,08;3,57E-5;287,45;3,73E-4
3,006;4,370;0,996;2,24E-4;224,06;6,46E-5;287,36;2,37E-4
3,007;4,369;0,996;2,24E-4;224,04;1,15E-4;287,29;1,18E-4
3,008;4,369;0,997;2,24E-4;224,04;1,06E-4;287,39;2,78E-4
3,009;4,369;0,996;2,24E-4;224,04;1,03E-4;287,32;1,72E-4
3,010;4,369;0,996;2,24E-4;224,04;9,95E-5;287,31;1,57E-4
3,011;4,368;0,996;2,24E-4;224,03;1,34E-4;287,27;1,01E-4
3,012;4,368;0,995;2,24E-4;224,01;1,56E-4;287,23;3,66E-5
3,013;4,368;0,995;2,24E-4;224,00;1,81E-4;287,15;-8,19E-5
3,014;4,368;0,995;2,24E-4;224,02;1,53E-4;287,24;4,52E-5
3,015;4,369;0,997;2,24E-4;224,05;8,43E-5;287,38;2,61E-4
3,016;4,369;0,996;2,24E-4;224,04;1,06E-4;287,31;1,55E-4
3,017;4,368;0,995;2,24E-4;224,01;1,57E-4;287,23;3,88E-5
3,018;4,369;0,997;2,24E-4;224,05;8,66E-5;287,37;2,52E-4
3,019;4,369;0,996;2,24E-4;224,04;1,10E-4;287,31;1,59E-4
3,020;4,369;0,996;2,24E-4;224,03;1,23E-4;287,32;1,68E-4
3,021;4,368;0,996;2,24E-4;224,02;1,50E-4;287,25;7,11E-5
3,022;4,368;0,995;2,24E-4;224,01;1,70E-4;287,22;1,51E-5
3,023;4,369;0,997;2,24E-4;224,05;9,72E-5;287,37;2,41E-4
3,024;4,368;0,996;2,24E-4;224,01;1,56E-4;287,30;1,38E-4
3,025;4,368;0,996;2,24E-4;224,03;1,34E-4;287,29;1,21E-4
3,026;4,370;0,998;2,24E-4;224,07;5,39E-5;287,48;4,18E-4
3,027;4,368;0,996;2,24E-4;224,01;1,66E-4;287,26;7,54E-5
3,028;4,368;0,996;2,24E-4;224,02;1,44E-4;287,29;1,21E-4
3,029;4,369;0,996;2,24E-4;224,03;1,22E-4;287,31;1,51E-4
3,030;4,369;0,996;2,24E-4;224,05;9,49E-5;287,37;2,39E-4
3,031;4,369;0,996;2,24E-4;224,03;1,22E-4;287,35;2,18E-4
3,032;4,369;0,996;2,24E-4;224,04;1,10E-4;287,36;2,24E-4
3,033;4,369;0,997;2,24E-4;224,04;1,02E-4;287,38;2,63E-4
3,034;4,370;0,997;2,24E-4;224,06;6,53E-5;287,40;2,93E-4
3,035;4,368;0,996;2,24E-4;224,02;1,44E-4;287,26;8,62E-5
3,036;4,369;0,996;2,24E-4;224,04;1,15E-4;287,36;2,24E-4
3,037;4,368;0,995;2,24E-4;224,01;1,56E-4;287,23;4,09E-5
3,038;4,368;0,995;2,24E-4;224,00;1,86E-4;287,19;-2,80E-5
3,039;4,368;0,995;2,24E-4;224,02;1,50E-4;287,24;5,39E-5
3,040;4,369;0,996;2,24E-4;224,04;1,12E-4;287,33;1,85E-4
3,041;4,368;0,995;2,24E-4;224,02;1,49E-4;287,22;2,59E-5
3,042;4,368;0,996;2,24E-4;224,03;1,34E-4;287,33;1,81E-4
3,043;4,368;0,996;2,24E-4;224,02;1,37E-4;287,28;1,06E-4
3,044;4,368;0,996;2,24E-4;224,02;1,43E-4;287,31;1,53E-4
3,045;4,369;0,996;2,24E-4;224,03;1,19E-4;287,32;1,72E-4
3,046;4,369;0,996;2,24E-4;224,04;9,87E-5;287,35;2,11E-4
3,047;4,368;0,996;2,24E-4;224,03;1,31E-4;287,32;1,66E-4
3,048;4,368;0,996;2,24E-4;224,01;1,65E-4;287,25;6,89E-5
3,049;4,368;0,995;2,24E-4;224,00;1,82E-4;287,22;1,94E-5
3,050;4,369;0,996;2,24E-4;224,04;1,09E-4;287,34;1,94E-4
3,051;4,368;0,996;2,24E-4;224,02;1,45E-4;287,30;1,40E-4
3,052;4,368;0,996;2,24E-4;224,02;1,49E-4;287,28;1,14E-4
3,053;4,369;0,996;2,24E-4;224,04;9,80E-5;287,36;2,37E-4
3,054;4,369;0,997;2,24E-4;224,05;8,35E-5;287,38;2,61E-4
3,055;4,369;0,996;2,24E-4;224,04;1,15E-4;287,33;1,90E-4
3,056;4,369;0,996;2,24E-4;224,04;1,15E-4;287,34;1,94E-4
3,057;4,368;0,996;2,24E-4;224,02;1,44E-4;287,27;9,05E-5
3,058;4,369;0,996;2,24E-4;224,04;1,15E-4;287,30;1,34E-4
3,059;4,369;0,996;2,24E-4;224,03;1,18E-4;287,32;1,70E-4
3,060;4,368;0,996;2,24E-4;224,02;1,42E-4;287,29;1,29E-4
3,061;4,369;0,997;2,24E-4;224,05;8,81E-5;287,38;2,61E-4
3,062;4,369;0,996;2,24E-4;224,05;7,90E-5;287,35;2,22E-4
3,063;4,369;0,996;2,24E-4;224,04;1,12E-4;287,31;1,49E-4
3,064;4,370;0,998;2,24E-4;224,09;9,87E-6;287,51;4,50E-4
3,065;4,369;0,997;2,24E-4;224,06;6,76E-5;287,42;3,23E-4
3,066;4,368;0,996;2,24E-4;224,02;1,44E-4;287,31;1,53E-4
3,067;4,368;0,996;2,24E-4;224,02;1,39E-4;287,29;1,31E-4
3,068;4,369;0,996;2,24E-4;224,03;1,22E-4;287,30;1,46E-4
3,069;4,368;0,996;2,24E-4;224,02;1,45E-4;287,28;1,14E-4
3,070;4,368;0,995;2,24E-4;224,02;1,43E-4;287,25;6,03E-5
3,071;4,367;0,995;2,24E-4;223,99;1,97E-4;287,20;-8,62E-6
3,072;4,369;0,997;2,24E-4;224,05;8,89E-5;287,37;2,52E-4
3,073;4,369;0,996;2,24E-4;224,03;1,20E-4;287,32;1,72E-4
3,074;4,369;0,996;2,24E-4;224,03;1,25E-4;287,29;1,23E-4
3,075;4,369;0,996;2,24E-4;224,03;1,27E-4;287,29;1,29E-4
3,076;4,369;0,996;2,24E-4;224,04;1,10E-4;287,32;1,72E-4
3,077;4,369;0,996;2,24E-4;224,03;1,26E-4;287,31;1,55E-4
3,078;4,368;0,996;2,24E-4;224,02;1,37E-4;287,27;9,91E-5
3,079;4,369;0,996;2,24E-4;224,04;1,00E-4;287,33;1,87E-4
3,080;4,369;0,996;2,24E-4;224,05;9,72E-5;287,34;1,94E-4
3,081;4,369;0,996;2,24E-4;224,03;1,22E-4;287,36;2,24E-4
3,082;4,368;0,995;2,24E-4;224,00;1,76E-4;287,21;1,08E-5
3,083;4,368;0,996;2,24E-4;224,03;1,31E-4;287,27;9,91E-5
3,084;4,368;0,996;2,24E-4;224,02;1,44E-4;287,30;1,36E-4
3,085;4,369;0,996;2,24E-4;224,04;1,00E-4;287,36;2,33E-4
3,086;4,369;0,996;2,24E-4;224,05;9,27E-5;287,36;2,28E-4
3,087;4,369;0,996;2,24E-4;224,04;1,12E-4;287,36;2,35E-4
3,088;4,369;0,997;2,24E-4;224,04;1,09E-4;287,37;2,41E-4
3,089;4,369;0,997;2,24E-4;224,05;8,13E-5;287,39;2,76E-4
3,090;4,369;0,997;2,24E-4;224,05;9,34E-5;287,37;2,52E-4
3,091;4,369;0,996;2,24E-4;224,04;1,09E-4;287,35;2,22E-4
3,092;4,368;0,995;2,24E-4;224,01;1,66E-4;287,22;2,15E-5
3,093;4,369;0,996;2,24E-4;224,04;1,12E-4;287,32;1,64E-4
3,094;4,368;0,995;2,24E-4;224,01;1,66E-4;287,20;-1,51E-5
3,095;4,369;0,996;2,24E-4;224,04;1,08E-4;287,35;2,13E-4
3,096;4,368;0,995;2,24E-4;224,02;1,50E-4;287,24;4,96E-5
3,097;4,368;0,995;2,24E-4;224,01;1,68E-4;287,23;3,23E-5
3,098;4,367;0,994;2,24E-4;223,97;2,42E-4;287,09;-1,83E-4
3,099;4,367;0,994;2,24E-4;223,98;2,21E-4;287,10;-1,64E-4
3,100;4,368;0,996;2,24E-4;224,02;1,53E-4;287,25;7,11E-5
3,101;4,368;0,996;2,24E-4;224,02;1,41E-4;287,29;1,29E-4
3,102;4,367;0,994;2,24E-4;223,97;2,39E-4;287,13;-1,25E-4
3,103;4,369;0,996;2,24E-4;224,04;1,05E-4;287,34;2,00E-4
3,104;4,369;0,996;2,24E-4;224,04;9,95E-5;287,36;2,28E-4
3,105;4,369;0,996;2,24E-4;224,04;1,07E-4;287,36;2,28E-4
3,106;4,369;0,996;2,24E-4;224,04;1,08E-4;287,34;2,02E-4
3,107;4,369;0,996;2,24E-4;224,03;1,28E-4;287,33;1,79E-4
3,108;4,368;0,995;2,24E-4;224,01;1,56E-4;287,20;-1,29E-5
3,109;4,369;0,996;2,24E-4;224,03;1,28E-4;287,32;1,77E-4
3,110;4,368;0,995;2,24E-4;224,02;1,48E-4;287,24;5,60E-5
3,111;4,368;0,996;2,24E-4;224,02;1,45E-4;287,26;7,97E-5
3,112;4,368;0,996;2,24E-4;224,03;1,31E-4;287,30;1,44E-4
3,113;4,370;0,997;2,24E-4;224,07;4,71E-5;287,43;3,38E-4
3,114;4,369;0,997;2,24E-4;224,06;7,29E-5;287,41;3,02E-4
3,115;4,369;0,996;2,24E-4;224,03;1,20E-4;287,33;1,79E-4
3,116;4,369;0,996;2,24E-4;224,05;9,57E-5;287,32;1,72E-4
3,117;4,369;0,996;2,24E-4;224,03;1,18E-4;287,34;1,98E-4
3,118;4,368;0,996;2,24E-4;224,02;1,51E-4;287,26;8,40E-5
3,119;4,369;0,997;2,24E-4;224,05;8,66E-5;287,37;2,41E-4
3,120;4,370;0,997;2,24E-4;224,07;5,85E-5;287,45;3,62E-4
3,121;4,369;0,996;2,24E-4;224,03;1,28E-4;287,31;1,55E-4
3,122;4,369;0,997;2,24E-4;224,06;7,52E-5;287,43;3,32E-4
3,123;4,368;0,996;2,24E-4;224,03;1,34E-4;287,30;1,38E-4
3,124;4,368;0,995;2,24E-4;224,01;1,69E-4;287,24;5,60E-5
3,125;4,368;0,996;2,24E-4;224,02;1,43E-4;287,29;1,23E-4
3,126;4,370;0,997;2,24E-4;224,07;4,18E-5;287,45;3,68E-4
3,127;4,370;0,997;2,24E-4;224,06;6,53E-5;287,45;3,62E-4
3,128;4,370;0,998;2,24E-4;224,09;8,35E-6;287,52;4,69E-4
3,129;4,369;0,997;2,24E-4;224,06;6,68E-5;287,41;3,04E-4
3,130;4,369;0,997;2,24E-4;224,05;9,72E-5;287,38;2,63E-4
3,131;4,369;0,996;2,24E-4;224,04;1,06E-4;287,35;2,18E-4
3,132;4,368;0,996;2,24E-4;224,03;1,34E-4;287,28;1,06E-4
3,133;4,369;0,997;2,24E-4;224,05;9,19E-5;287,39;2,69E-4
3,134;4,368;0,996;2,24E-4;224,02;1,38E-4;287,28;1,16E-4
3,135;4,369;0,996;2,24E-4;224,03;1,25E-4;287,34;1,94E-4
3,136;4,368;0,995;2,24E-4;224,01;1,67E-4;287,25;6,25E-5
3,137;4,368;0,995;2,24E-4;224,01;1,56E-4;287,25;6,25E-5
3,138;4,369;0,997;2,24E-4;224,05;9,65E-5;287,40;2,86E-4
3,139;4,369;0,996;2,24E-4;224,04;1,15E-4;287,34;2,07E-4
3,140;4,369;0,997;2,24E-4;224,04;9,87E-5;287,37;2,46E-4
3,141;4,369;0,997;2,24E-4;224,05;8,81E-5;287,40;2,93E-4
3,142;4,368;0,996;2,24E-4;224,02;1,46E-4;287,27;9,69E-5
3,143;4,369;0,996;2,24E-4;224,03;1,25E-4;287,27;9,48E-5
3,144;4,367;0,995;2,24E-4;223,99;2,04E-4;287,15;-9,05E-5
3,145;4,369;0,996;2,24E-4;224,04;9,87E-5;287,34;1,94E-4
3,146;4,368;0,996;2,24E-4;224,03;1,33E-4;287,30;1,42E-4
3,147;4,369;0,997;2,24E-4;224,05;8,51E-5;287,38;2,65E-4
3,148;4,368;0,996;2,24E-4;224,02;1,50E-4;287,27;9,48E-5
3,149;4,369;0,997;2,24E-4;224,06;7,52E-5;287,42;3,27E-4
3,150;4,369;0,996;2,24E-4;224,04;1,01E-4;287,33;1,85E-4
3,151;4,368;0,995;2,24E-4;224,00;1,88E-4;287,21;-2,15E-6
3,152;4,368;0,995;2,24E-4;224,00;1,76E-4;287,19;-2,15E-5
3,153;4,369;0,996;2,24E-4;224,04;1,02E-4;287,33;1,83E-4
3,154;4,368;0,995;2,24E-4;224,00;1,80E-4;287,21;8,62E-6
3,155;4,368;0,996;2,24E-4;224,01;1,58E-4;287,25;7,11E-5
3,156;4,368;0,995;2,24E-4;224,01;1,66E-4;287,20;-6,46E-6
3,157;4,368;0,996;2,24E-4;224,03;1,29E-4;287,32;1,77E-4
3,158;4,369;0,996;2,24E-4;224,03;1,18E-4;287,33;1,83E-4
3,159;4,368;0,996;2,24E-4;224,02;1,41E-4;287,28;1,03E-4
3,160;4,368;0,996;2,24E-4;224,02;1,42E-4;287,30;1,44E-4
3,161;4,369;0,996;2,24E-4;224,03;1,28E-4;287,32;1,66E-4
3,162;4,368;0,996;2,24E-4;224,02;1,40E-4;287,29;1,21E-4
3,163;4,368;0,996;2,24E-4;224,02;1,45E-4;287,25;6,89E-5
3,164;4,369;0,997;2,24E-4;224,05;8,58E-5;287,39;2,80E-4
3,165;4,369;0,996;2,24E-4;224,03;1,22E-4;287,31;1,55E-4
3,166;4,368;0,995;2,24E-4;224,00;1,85E-4;287,22;1,29E-5
3,167;4,368;0,996;2,24E-4;224,02;1,39E-4;287,28;1,08E-4
3,168;4,368;0,996;2,24E-4;224,02;1,38E-4;287,28;1,03E-4
3,169;4,368;0,996;2,24E-4;224,02;1,49E-4;287,25;6,68E-5
3,170;4,368;0,996;2,24E-4;224,02;1,53E-4;287,27;8,83E-5
3,171;4,369;0,997;2,24E-4;224,04;1,03E-4;287,37;2,52E-4
3,172;4,369;0,997;2,24E-4;224,04;1,06E-4;287,37;2,43E-4
3,173;4,368;0,996;2,24E-4;224,01;1,60E-4;287,27;8,83E-5
3,174;4,367;0,995;2,24E-4;223,99;2,04E-4;287,15;-9,27E-5
3,175;4,368;0,995;2,24E-4;224,00;1,82E-4;287,20;-1,51E-5
3,176;4,368;0,995;2,24E-4;224,00;1,81E-4;287,18;-4,09E-5
3,177;4,369;0,996;2,24E-4;224,03;1,23E-4;287,33;1,90E-4
3,178;4,369;0,996;2,24E-4;224,03;1,28E-4;287,29;1,23E-4
3,179;4,369;0,997;2,24E-4;224,05;8,51E-5;287,38;2,61E-4
3,180;4,369;0,996;2,24E-4;224,03;1,21E-4;287,35;2,09E-4
3,181;4,369;0,997;2,24E-4;224,05;9,19E-5;287,37;2,43E-4
3,182;4,369;0,996;2,24E-4;224,03;1,25E-4;287,33;1,92E-4
3,183;4,368;0,995;2,24E-4;224,01;1,71E-4;287,21;8,62E-6
3,184;4,369;0,996;2,24E-4;224,04;9,95E-5;287,34;2,07E-4
3,185;4,369;0,997;2,24E-4;224,06;7,29E-5;287,40;2,93E-4
3,186;4,368;0,996;2,24E-4;224,03;1,36E-4;287,28;1,14E-4
3,187;4,369;0,996;2,24E-4;224,04;1,15E-4;287,32;1,70E-4
3,188;4,369;0,996;2,24E-4;224,03;1,23E-4;287,31;1,55E-4
3,189;4,367;0,994;2,24E-4;223,97;2,40E-4;287,09;-1,83E-4
3,190;4,369;0,996;2,24E-4;224,03;1,23E-4;287,31;1,59E-4
3,191;4,369;0,997;2,24E-4;224,05;7,97E-5;287,38;2,65E-4
3,192;4,368;0,995;2,24E-4;224,02;1,42E-4;287,24;5,39E-5
3,193;4,369;0,997;2,24E-4;224,06;7,06E-5;287,39;2,80E-4
3,194;4,369;0,997;2,24E-4;224,05;8,96E-5;287,39;2,71E-4
3,195;4,369;0,996;2,24E-4;224,03;1,19E-4;287,32;1,77E-4
3,196;4,369;0,997;2,24E-4;224,04;1,07E-4;287,38;2,54E-4
3,197;4,369;0,997;2,24E-4;224,06;6,99E-5;287,38;2,56E-4
3,198;4,371;0,998;2,24E-4;224,10;-6,83E-6;287,52;4,78E-4
3,199;4,369;0,997;2,24E-4;224,06;7,75E-5;287,39;2,71E-4
3,200;4,370;0,997;2,24E-4;224,06;6,15E-5;287,40;2,97E-4
3,201;4,370;0,997;2,24E-4;224,08;3,49E-5;287,47;3,96E-4
3,202;4,368;0,995;2,24E-4;224,00;1,85E-4;287,22;2,15E-5
3,203;4,367;0,995;2,24E-4;223,98;2,20E-4;287,15;-9,05E-5
3,204;4,370;0,997;2,24E-4;224,06;6,08E-5;287,43;3,42E-4
3,205;4,369;0,996;2,24E-4;224,05;8,43E-5;287,36;2,37E-4
3,206;4,369;0,997;2,24E-4;224,05;9,72E-5;287,42;3,19E-4
3,207;4,368;0,996;2,24E-4;224,03;1,33E-4;287,27;1,01E-4
3,208;4,370;0,997;2,24E-4;224,08;3,27E-5;287,48;4,05E-4
3,209;4,369;0,997;2,24E-4;224,05;9,57E-5;287,38;2,63E-4
3,210;4,370;0,997;2,24E-4;224,06;6,53E-5;287,41;3,06E-4
3,211;4,368;0,996;2,24E-4;224,03;1,29E-4;287,32;1,77E-4
3,212;4,369;0,996;2,24E-4;224,04;1,00E-4;287,34;1,96E-4
3,213;4,369;0,996;2,24E-4;224,04;1,09E-4;287,32;1,77E-4
3,214;4,367;0,995;2,24E-4;223,99;2,12E-4;287,15;-9,48E-5
3,215;4,367;0,995;2,24E-4;223,99;1,97E-4;287,18;-3,66E-5
3,216;4,368;0,995;2,24E-4;224,01;1,73E-4;287,25;6,25E-5
3,217;4,368;0,995;2,24E-4;224,01;1,59E-4;287,25;5,82E-5
3,218;4,368;0,995;2,24E-4;224,00;1,88E-4;287,22;2,59E-5
3,219;4,369;0,997;2,24E-4;224,05;8,81E-5;287,37;2,52E-4
3,220;4,369;0,996;2,24E-4;224,03;1,25E-4;287,30;1,42E-4
3,221;4,369;0,997;2,24E-4;224,05;8,28E-5;287,39;2,76E-4
3,222;4,369;0,997;2,24E-4;224,05;8,89E-5;287,38;2,63E-4
3,223;4,369;0,996;2,24E-4;224,03;1,25E-4;287,29;1,27E-4
3,224;4,367;0,994;2,24E-4;223,98;2,31E-4;287,09;-1,77E-4
3,225;4,368;0,995;2,24E-4;224,00;1,76E-4;287,23;3,23E-5
3,226;4,367;0,995;2,24E-4;224,00;1,94E-4;287,17;-6,46E-5
3,227;4,367;0,995;2,24E-4;223,98;2,19E-4;287,14;-1,08E-4
3,228;4,367;0,994;2,24E-4;223,99;2,05E-4;287,13;-1,16E-4
3,229;4,368;0,996;2,24E-4;224,01;1,73E-4;287,26;8,40E-5
3,230;4,370;0,997;2,24E-4;224,06;6,00E-5;287,40;2,95E-4
3,231;4,369;0,997;2,24E-4;224,06;7,44E-5;287,38;2,65E-4
3,232;4,369;0,996;2,24E-4;224,05;9,65E-5;287,34;2,02E-4
3,233;4,369;0,996;2,24E-4;224,05;9,49E-5;287,32;1,70E-4
3,234;4,369;0,996;2,24E-4;224,04;1,03E-4;287,35;2,22E-4
3,235;4,369;0,996;2,24E-4;224,05;8,51E-5;287,34;1,96E-4
3,236;4,369;0,997;2,24E-4;224,05;8,73E-5;287,39;2,74E-4
3,237;4,370;0,997;2,24E-4;224,06;6,30E-5;287,39;2,74E-4
3,238;4,368;0,995;2,24E-4;224,00;1,76E-4;287,16;-7,11E-5
3,239;4,368;0,996;2,24E-4;224,03;1,31E-4;287,28;1,12E-4
3,240;4,369;0,996;2,24E-4;224,04;1,11E-4;287,34;1,94E-4
3,241;4,368;0,996;2,24E-4;224,03;1,29E-4;287,33;1,85E-4
3,242;4,368;0,995;2,24E-4;224,01;1,65E-4;287,21;1,08E-5
3,243;4,369;0,996;2,24E-4;224,03;1,28E-4;287,27;8,83E-5
3,244;4,368;0,995;2,24E-4;224,00;1,86E-4;287,23;3,45E-5
3,245;4,369;0,997;2,24E-4;224,04;9,87E-5;287,37;2,46E-4
3,246;4,368;0,996;2,24E-4;224,02;1,48E-4;287,27;9,48E-5
3,247;4,368;0,996;2,24E-4;224,02;1,49E-4;287,26;7,33E-5
3,248;4,369;0,997;2,24E-4;224,05;9,49E-5;287,38;2,54E-4
3,249;4,368;0,996;2,24E-4;224,03;1,34E-4;287,27;9,69E-5
3,250;4,368;0,996;2,24E-4;224,02;1,44E-4;287,33;1,90E-4
3,251;4,369;0,997;2,24E-4;224,06;6,84E-5;287,42;3,19E-4
3,252;4,369;0,996;2,24E-4;224,03;1,18E-4;287,31;1,51E-4
3,253;4,368;0,995;2,24E-4;224,02;1,47E-4;287,24;4,74E-5
3,254;4,368;0,995;2,24E-4;224,01;1,72E-4;287,22;1,94E-5
3,255;4,369;0,997;2,24E-4;224,06;7,44E-5;287,42;3,21E-4
3,256;4,368;0,996;2,24E-4;224,02;1,47E-4;287,29;1,27E-4
3,257;4,369;0,996;2,24E-4;224,03;1,25E-4;287,32;1,64E-4
3,258;4,369;0,996;2,24E-4;224,04;9,80E-5;287,33;1,92E-4
3,259;4,368;0,996;2,24E-4;224,03;1,31E-4;287,28;1,14E-4
3,260;4,368;0,995;2,24E-4;224,01;1,74E-4;287,17;-6,25E-5
3,261;4,369;0,996;2,24E-4;224,05;8,66E-5;287,35;2,09E-4
3,262;4,369;0,996;2,24E-4;224,06;7,75E-5;287,36;2,33E-4
3,263;4,369;0,996;2,24E-4;224,03;1,24E-4;287,32;1,77E-4
3,264;4,368;0,996;2,24E-4;224,03;1,32E-4;287,30;1,42E-4
3,265;4,368;0,995;2,24E-4;224,01;1,62E-4;287,22;1,72E-5
3,266;4,369;0,996;2,24E-4;224,03;1,28E-4;287,31;1,57E-4
3,267;4,369;0,996;2,24E-4;224,04;1,09E-4;287,35;2,11E-4
3,268;4,369;0,997;2,24E-4;224,06;7,75E-5;287,41;3,10E-4
3,269;4,369;0,997;2,24E-4;224,06;6,91E-5;287,39;2,74E-4
3,270;4,369;0,996;2,24E-4;224,03;1,26E-4;287,29;1,25E-4
3,271;4,368;0,995;2,24E-4;224,01;1,69E-4;287,23;3,66E-5
3,272;4,369;0,996;2,24E-4;224,03;1,26E-4;287,30;1,44E-4
3,273;4,370;0,997;2,24E-4;224,06;6,08E-5;287,42;3,19E-4
3,274;4,369;0,996;2,24E-4;224,05;9,11E-5;287,32;1,77E-4
3,275;4,368;0,995;2,24E-4;224,00;1,80E-4;287,19;-3,02E-5
3,276;4,368;0,995;2,24E-4;224,01;1,63E-4;287,19;-2,15E-5
3,277;4,369;0,997;2,24E-4;224,06;6,99E-5;287,38;2,56E-4
3,278;4,369;0,997;2,24E-4;224,05;8,51E-5;287,39;2,69E-4
3,279;4,368;0,995;2,24E-4;224,01;1,57E-4;287,21;8,62E-6
3,280;4,367;0,995;2,24E-4;223,99;2,03E-4;287,14;-1,08E-4
3,281;4,368;0,995;2,24E-4;224,00;1,85E-4;287,20;-1,29E-5
3,282;4,368;0,995;2,24E-4;224,02;1,50E-4;287,24;4,74E-5
3,283;4,369;0,996;2,24E-4;224,03;1,25E-4;287,31;1,51E-4
3,284;4,368;0,996;2,24E-4;224,02;1,39E-4;287,27;8,83E-5
3,285;4,369;0,997;2,24E-4;224,06;7,75E-5;287,38;2,61E-4
3,286;4,368;0,995;2,24E-4;224,02;1,45E-4;287,25;6,46E-5
3,287;4,370;0,998;2,24E-4;224,08;3,27E-5;287,50;4,35E-4
3,288;4,370;0,997;2,24E-4;224,07;5,32E-5;287,45;3,64E-4
3,289;4,369;0,996;2,24E-4;224,03;1,27E-4;287,33;1,87E-4
3,290;4,369;0,996;2,24E-4;224,04;1,09E-4;287,35;2,18E-4
3,291;4,369;0,997;2,24E-4;224,06;7,75E-5;287,38;2,61E-4
3,292;4,370;0,997;2,24E-4;224,06;6,38E-5;287,43;3,34E-4
3,293;4,370;0,997;2,24E-4;224,07;4,86E-5;287,43;3,34E-4
3,294;4,368;0,996;2,24E-4;224,02;1,44E-4;287,28;1,10E-4
3,295;4,368;0,995;2,24E-4;224,00;1,85E-4;287,17;-6,46E-5
3,296;4,367;0,995;2,24E-4;223,99;1,96E-4;287,17;-6,03E-5
3,297;4,367;0,994;2,24E-4;223,98;2,17E-4;287,10;-1,68E-4
3,298;4,368;0,996;2,24E-4;224,02;1,50E-4;287,27;9,05E-5
3,299;4,369;0,996;2,24E-4;224,03;1,25E-4;287,25;6,68E-5
3,300;4,368;0,995;2,24E-4;224,01;1,65E-4;287,17;-5,60E-5
3,301;4,368;0,995;2,24E-4;224,02;1,48E-4;287,25;6,03E-5
3,302;4,368;0,996;2,24E-4;224,03;1,34E-4;287,25;7,11E-5
3,303;4,367;0,994;2,24E-4;223,97;2,51E-4;287,06;-2,24E-4
3,304;4,367;0,995;2,24E-4;223,99;2,11E-4;287,16;-7,54E-5
3,305;4,368;0,996;2,24E-4;224,03;1,33E-4;287,30;1,38E-4
3,306;4,368;0,995;2,24E-4;224,01;1,66E-4;287,25;6,25E-5
3,307;4,366;0,994;2,24E-4;223,96;2,54E-4;287,05;-2,37E-4
3,308;4,367;0,995;2,24E-4;223,98;2,19E-4;287,14;-1,03E-4
3,309;4,367;0,995;2,24E-4;223,99;1,99E-4;287,17;-5,17E-5
3,310;4,369;0,996;2,24E-4;224,05;9,72E-5;287,35;2,13E-4
3,311;4,368;0,995;2,24E-4;224,01;1,71E-4;287,23;3,23E-5
3,312;4,367;0,995;2,24E-4;224,00;1,93E-4;287,17;-6,25E-5
3,313;4,369;0,996;2,24E-4;224,03;1,26E-4;287,33;1,79E-4
3,314;4,369;0,996;2,24E-4;224,03;1,23E-4;287,31;1,51E-4
3,315;4,369;0,997;2,24E-4;224,05;9,65E-5;287,37;2,43E-4
3,316;4,368;0,995;2,24E-4;224,01;1,72E-4;287,23;2,80E-5
3,317;4,368;0,996;2,24E-4;224,02;1,42E-4;287,26;8,62E-5
3,318;4,368;0,995;2,24E-4;224,01;1,73E-4;287,17;-5,82E-5
3,319;4,367;0,995;2,24E-4;223,99;2,08E-4;287,18;-3,66E-5
3,320;4,368;0,995;2,24E-4;224,01;1,56E-4;287,23;2,80E-5
3,321;4,368;0,996;2,24E-4;224,02;1,47E-4;287,27;8,83E-5
3,322;4,370;0,997;2,24E-4;224,06;6,08E-5;287,41;3,08E-4
3,323;4,368;0,995;2,24E-4;224,01;1,66E-4;287,23;3,88E-5
3,324;4,367;0,995;2,24E-4;223,99;2,01E-4;287,19;-3,02E-5
3,325;4,369;0,996;2,24E-4;224,04;1,11E-4;287,34;1,98E-4
3,326;4,368;0,995;2,24E-4;224,01;1,66E-4;287,24;5,60E-5
3,327;4,369;0,996;2,24E-4;224,05;8,73E-5;287,36;2,35E-4
3,328;4,369;0,997;2,24E-4;224,06;6,99E-5;287,39;2,80E-4
3,329;4,369;0,996;2,24E-4;224,04;1,15E-4;287,32;1,74E-4
3,330;4,369;0,996;2,24E-4;224,05;9,49E-5;287,30;1,38E-4
3,331;4,368;0,995;2,24E-4;224,02;1,45E-4;287,23;3,88E-5
3,332;4,369;0,996;2,24E-4;224,04;1,12E-4;287,32;1,66E-4
3,333;4,368;0,996;2,24E-4;224,03;1,31E-4;287,28;1,08E-4
3,334;4,368;0,995;2,24E-4;224,02;1,55E-4;287,24;4,96E-5
3,335;4,370;0,997;2,24E-4;224,06;6,15E-5;287,41;2,99E-4
3,336;4,369;0,996;2,24E-4;224,04;1,16E-4;287,34;2,02E-4
3,337;4,369;0,996;2,24E-4;224,04;1,06E-4;287,34;2,00E-4
3,338;4,367;0,995;2,24E-4;223,99;2,04E-4;287,16;-7,33E-5
3,339;4,367;0,995;2,24E-4;223,99;2,04E-4;287,15;-8,62E-5
3,340;4,369;0,996;2,24E-4;224,03;1,22E-4;287,30;1,36E-4
3,341;4,368;0,995;2,24E-4;224,02;1,42E-4;287,23;4,09E-5
3,342;4,369;0,996;2,24E-4;224,05;9,34E-5;287,35;2,18E-4
3,343;4,369;0,996;2,24E-4;224,03;1,19E-4;287,30;1,40E-4
3,344;4,369;0,996;2,24E-4;224,04;1,07E-4;287,34;2,07E-4
3,345;4,369;0,996;2,24E-4;224,04;1,03E-4;287,32;1,70E-4
3,346;4,368;0,995;2,24E-4;224,01;1,58E-4;287,21;8,62E-6
3,347;4,367;0,995;2,24E-4;223,99;1,98E-4;287,19;-3,45E-5
3,348;4,368;0,995;2,24E-4;224,00;1,84E-4;287,18;-4,74E-5
3,349;4,367;0,995;2,24E-4;223,98;2,24E-4;287,16;-6,90E-5
3,350;4,368;0,996;2,24E-4;224,02;1,45E-4;287,29;1,23E-4
3,351;4,368;0,996;2,24E-4;224,02;1,45E-4;287,27;9,69E-5
3,352;4,369;0,996;2,24E-4;224,04;1,07E-4;287,35;2,13E-4
3,353;4,368;0,996;2,24E-4;224,02;1,47E-4;287,26;8,19E-5
3,354;4,368;0,995;2,24E-4;224,01;1,71E-4;287,22;2,15E-5
3,355;4,369;0,996;2,24E-4;224,04;1,13E-4;287,32;1,74E-4
3,356;4,369;0,996;2,24E-4;224,05;9,65E-5;287,32;1,64E-4
3,357;4,369;0,996;2,24E-4;224,03;1,22E-4;287,26;7,97E-5
3,358;4,368;0,996;2,24E-4;224,03;1,31E-4;287,29;1,27E-4
3,359;4,369;0,996;2,24E-4;224,04;1,12E-4;287,34;1,98E-4
3,360;4,368;0,995;2,24E-4;224,01;1,61E-4;287,22;2,59E-5
3,361;4,369;0,996;2,24E-4;224,04;1,07E-4;287,33;1,87E-4
3,362;4,370;0,997;2,24E-4;224,07;4,18E-5;287,46;3,86E-4
3,363;4,369;0,997;2,24E-4;224,04;1,01E-4;287,38;2,63E-4
3,364;4,368;0,995;2,24E-4;224,01;1,74E-4;287,21;-2,15E-6
3,365;4,368;0,995;2,24E-4;224,00;1,77E-4;287,20;-1,51E-5
3,366;4,369;0,996;2,24E-4;224,03;1,24E-4;287,27;9,48E-5
3,367;4,368;0,996;2,24E-4;224,03;1,34E-4;287,30;1,38E-4
3,368;4,369;0,997;2,24E-4;224,06;7,75E-5;287,42;3,27E-4
3,369;4,369;0,996;2,24E-4;224,04;9,80E-5;287,34;1,94E-4
3,370;4,369;0,997;2,24E-4;224,05;9,42E-5;287,39;2,76E-4
3,371;4,368;0,995;2,24E-4;224,00;1,79E-4;287,19;-3,23E-5
3,372;4,369;0,996;2,24E-4;224,03;1,27E-4;287,27;9,26E-5
3,373;4,368;0,995;2,24E-4;224,01;1,63E-4;287,25;6,46E-5
3,374;4,369;0,996;2,24E-4;224,04;1,06E-4;287,33;1,85E-4
3,375;4,369;0,997;2,24E-4;224,05;7,82E-5;287,42;3,19E-4
3,376;4,369;0,996;2,24E-4;224,03;1,24E-4;287,31;1,59E-4
3,377;4,369;0,996;2,24E-4;224,06;6,91E-5;287,36;2,35E-4
3,378;4,368;0,996;2,24E-4;224,03;1,30E-4;287,27;9,91E-5
3,379;4,368;0,995;2,24E-4;224,01;1,60E-4;287,25;6,46E-5
3,380;4,368;0,995;2,24E-4;224,00;1,78E-4;287,20;-1,29E-5
3,381;4,369;0,996;2,24E-4;224,04;1,03E-4;287,31;1,53E-4
3,382;4,368;0,995;2,24E-4;224,01;1,57E-4;287,24;4,52E-5
3,383;4,369;0,996;2,24E-4;224,04;1,11E-4;287,35;2,22E-4
3,384;4,368;0,995;2,24E-4;224,03;1,35E-4;287,25;6,03E-5
3,385;4,369;0,996;2,24E-4;224,03;1,25E-4;287,31;1,57E-4
3,386;4,368;0,996;2,24E-4;224,02;1,46E-4;287,26;8,19E-5
3,387;4,369;0,997;2,24E-4;224,06;7,37E-5;287,38;2,56E-4
3,388;4,369;0,996;2,24E-4;224,03;1,22E-4;287,29;1,25E-4
3,389;4,369;0,997;2,24E-4;224,05;8,05E-5;287,39;2,80E-4
3,390;4,369;0,996;2,24E-4;224,04;9,87E-5;287,35;2,15E-4
3,391;4,369;0,996;2,24E-4;224,03;1,28E-4;287,29;1,27E-4
3,392;4,367;0,995;2,24E-4;224,00;1,92E-4;287,21;-2,15E-6
3,393;4,369;0,996;2,24E-4;224,03;1,23E-4;287,30;1,38E-4
3,394;4,368;0,995;2,24E-4;224,02;1,53E-4;287,23;3,02E-5
3,395;4,369;0,996;2,24E-4;224,03;1,27E-4;287,27;9,26E-5
3,396;4,369;0,996;2,24E-4;224,03;1,26E-4;287,29;1,23E-4
3,397;4,369;0,996;2,24E-4;224,04;1,07E-4;287,34;1,94E-4
3,398;4,368;0,996;2,24E-4;224,02;1,45E-4;287,29;1,27E-4
3,399;4,368;0,996;2,24E-4;224,02;1,49E-4;287,26;7,76E-5
3,400;4,367;0,995;2,24E-4;223,99;1,97E-4;287,16;-6,68E-5
3,401;4,368;0,995;2,24E-4;224,01;1,73E-4;287,24;5,60E-5
3,402;4,368;0,995;2,24E-4;224,02;1,49E-4;287,22;2,37E-5
3,403;4,369;0,996;2,24E-4;224,04;1,04E-4;287,37;2,39E-4
3,404;4,369;0,996;2,24E-4;224,04;1,04E-4;287,32;1,66E-4
3,405;4,368;0,995;2,24E-4;224,01;1,67E-4;287,22;1,29E-5
3,406;4,368;0,995;2,24E-4;224,02;1,55E-4;287,20;-6,46E-6
3,407;4,369;0,996;2,24E-4;224,03;1,27E-4;287,30;1,44E-4
3,408;4,368;0,995;2,24E-4;224,01;1,67E-4;287,21;-4,31E-6
3,409;4,369;0,996;2,24E-4;224,04;1,00E-4;287,36;2,37E-4
3,410;4,368;0,996;2,24E-4;224,02;1,44E-4;287,28;1,10E-4
3,411;4,368;0,996;2,24E-4;224,02;1,42E-4;287,25;7,11E-5
3,412;4,368;0,996;2,24E-4;224,03;1,31E-4;287,31;1,51E-4
3,413;4,367;0,995;2,24E-4;223,99;1,97E-4;287,16;-7,76E-5
3,414;4,369;0,997;2,24E-4;224,06;7,75E-5;287,37;2,50E-4
3,415;4,368;0,995;2,24E-4;224,01;1,66E-4;287,23;3,66E-5
3,416;4,369;0,997;2,24E-4;224,05;9,65E-5;287,38;2,56E-4
3,417;4,369;0,997;2,24E-4;224,05;9,72E-5;287,38;2,63E-4
3,418;4,368;0,995;2,24E-4;224,02;1,47E-4;287,25;6,46E-5
3,419;4,369;0,996;2,24E-4;224,04;1,00E-4;287,35;2,11E-4
3,420;4,369;0,996;2,24E-4;224,03;1,22E-4;287,29;1,23E-4
3,421;4,368;0,995;2,24E-4;224,00;1,87E-4;287,21;1,08E-5
3,422;4,368;0,996;2,24E-4;224,01;1,57E-4;287,27;9,69E-5
3,423;4,369;0,996;2,24E-4;224,05;9,42E-5;287,35;2,22E-4
3,424;4,368;0,995;2,24E-4;224,01;1,58E-4;287,23;3,23E-5
3,425;4,369;0,996;2,24E-4;224,04;1,02E-4;287,33;1,92E-4
3,426;4,367;0,995;2,24E-4;223,99;1,96E-4;287,18;-3,66E-5
3,427;4,368;0,996;2,24E-4;224,02;1,55E-4;287,26;7,97E-5
3,428;4,368;0,996;2,24E-4;224,02;1,50E-4;287,26;7,54E-5
3,429;4,368;0,996;2,24E-4;224,02;1,47E-4;287,30;1,44E-4
3,430;4,369;0,997;2,24E-4;224,05;8,96E-5;287,40;2,84E-4
3,431;4,370;0,997;2,24E-4;224,07;5,70E-5;287,42;3,17E-4
3,432;4,368;0,995;2,24E-4;224,01;1,69E-4;287,21;6,46E-6
3,433;4,369;0,996;2,24E-4;224,03;1,26E-4;287,32;1,66E-4
3,434;4,368;0,996;2,24E-4;224,02;1,55E-4;287,27;9,69E-5
3,435;4,369;0,997;2,24E-4;224,05;8,20E-5;287,40;2,97E-4
3,436;4,368;0,995;2,24E-4;224,02;1,48E-4;287,25;6,25E-5
3,437;4,367;0,995;2,24E-4;223,99;2,00E-4;287,17;-5,82E-5
3,438;4,369;0,997;2,24E-4;224,06;7,37E-5;287,39;2,82E-4
3,439;4,369;0,996;2,24E-4;224,04;1,15E-4;287,34;2,07E-4
3,440;4,369;0,996;2,24E-4;224,03;1,23E-4;287,30;1,44E-4
3,441;4,368;0,996;2,24E-4;224,03;1,32E-4;287,29;1,18E-4
3,442;4,369;0,997;2,24E-4;224,05;8,43E-5;287,38;2,56E-4
3,443;4,369;0,997;2,24E-4;224,05;9,57E-5;287,39;2,80E-4
3,444;4,369;0,997;2,24E-4;224,06;6,68E-5;287,40;2,86E-4
3,445;4,370;0,997;2,24E-4;224,07;5,32E-5;287,44;3,51E-4
3,446;4,369;0,997;2,24E-4;224,05;9,49E-5;287,38;2,56E-4
3,447;4,369;0,996;2,24E-4;224,04;1,06E-4;287,34;2,07E-4
3,448;4,369;0,996;2,24E-4;224,03;1,22E-4;287,35;2,20E-4
3,449;4,369;0,997;2,24E-4;224,05;9,04E-5;287,40;2,95E-4
3,450;4,369;0,996;2,24E-4;224,04;1,09E-4;287,36;2,37E-4
3,451;4,369;0,996;2,24E-4;224,03;1,19E-4;287,30;1,46E-4
3,452;4,368;0,996;2,24E-4;224,03;1,31E-4;287,27;9,05E-5
3,453;4,369;0,996;2,24E-4;224,05;8,43E-5;287,37;2,39E-4
3,454;4,368;0,995;2,24E-4;224,01;1,63E-4;287,22;2,37E-5
3,455;4,368;0,995;2,24E-4;224,00;1,81E-4;287,18;-3,66E-5
3,456;4,368;0,995;2,24E-4;224,01;1,69E-4;287,21;1,08E-5
3,457;4,369;0,996;2,24E-4;224,03;1,26E-4;287,32;1,66E-4
3,458;4,369;0,997;2,24E-4;224,05;8,73E-5;287,39;2,69E-4
3,459;4,368;0,995;2,24E-4;224,01;1,70E-4;287,16;-6,90E-5
3,460;4,369;0,996;2,24E-4;224,03;1,25E-4;287,32;1,68E-4
3,461;4,369;0,997;2,24E-4;224,06;7,59E-5;287,39;2,82E-4
3,462;4,369;0,997;2,24E-4;224,05;7,82E-5;287,38;2,63E-4
3,463;4,368;0,996;2,24E-4;224,03;1,34E-4;287,28;1,14E-4
3,464;4,368;0,996;2,24E-4;224,02;1,47E-4;287,26;8,40E-5
3,465;4,368;0,996;2,24E-4;224,03;1,31E-4;287,28;1,03E-4
3,466;4,369;0,996;2,24E-4;224,04;1,13E-4;287,31;1,62E-4
3,467;4,369;0,996;2,24E-4;224,03;1,17E-4;287,28;1,10E-4
3,468;4,369;0,997;2,24E-4;224,04;1,13E-4;287,37;2,43E-4
3,469;4,368;0,996;2,24E-4;224,03;1,32E-4;287,25;6,68E-5
3,470;4,368;0,995;2,24E-4;224,01;1,66E-4;287,22;1,72E-5
3,471;4,368;0,995;2,24E-4;224,02;1,42E-4;287,24;5,60E-5
3,472;4,369;0,996;2,24E-4;224,04;1,08E-4;287,31;1,59E-4
3,473;4,370;0,997;2,24E-4;224,07;5,16E-5;287,42;3,25E-4
3,474;4,368;0,995;2,24E-4;224,01;1,72E-4;287,21;2,15E-6
3,475;4,368;0,995;2,24E-4;224,01;1,74E-4;287,20;-1,72E-5
3,476;4,369;0,996;2,24E-4;224,04;1,10E-4;287,32;1,68E-4
3,477;4,367;0,994;2,24E-4;223,98;2,18E-4;287,12;-1,29E-4
3,478;4,368;0,995;2,24E-4;224,00;1,76E-4;287,15;-8,40E-5
3,479;4,368;0,995;2,24E-4;224,01;1,75E-4;287,15;-9,48E-5
3,480;4,369;0,996;2,24E-4;224,03;1,27E-4;287,28;1,12E-4
3,481;4,368;0,996;2,24E-4;224,02;1,44E-4;287,27;9,48E-5
3,482;4,369;0,996;2,24E-4;224,03;1,17E-4;287,32;1,66E-4
3,483;4,369;0,996;2,24E-4;224,03;1,20E-4;287,32;1,77E-4
3,484;4,368;0,995;2,24E-4;224,00;1,81E-4;287,23;3,23E-5
3,485;4,368;0,996;2,24E-4;224,02;1,37E-4;287,29;1,29E-4
3,486;4,369;0,997;2,24E-4;224,05;7,82E-5;287,41;3,08E-4
3,487;4,370;0,997;2,24E-4;224,06;5,92E-5;287,39;2,74E-4
3,488;4,369;0,996;2,24E-4;224,04;1,10E-4;287,32;1,70E-4
3,489;4,369;0,996;2,24E-4;224,05;9,11E-5;287,36;2,37E-4
3,490;4,369;0,996;2,24E-4;224,06;7,75E-5;287,37;2,39E-4
3,491;4,369;0,997;2,24E-4;224,04;9,87E-5;287,37;2,43E-4
3,492;4,367;0,995;2,24E-4;223,99;1,99E-4;287,16;-6,68E-5
3,493;4,369;0,997;2,24E-4;224,04;1,09E-4;287,38;2,54E-4
3,494;4,369;0,996;2,24E-4;224,04;9,87E-5;287,35;2,11E-4
3,495;4,369;0,996;2,24E-4;224,03;1,24E-4;287,30;1,36E-4
3,496;4,368;0,995;2,24E-4;224,01;1,63E-4;287,23;3,45E-5
3,497;4,369;0,996;2,24E-4;224,04;9,80E-5;287,35;2,15E-4
3,498;4,369;0,996;2,24E-4;224,05;9,49E-5;287,33;1,87E-4
3,499;4,368;0,995;2,24E-4;224,01;1,75E-4;287,18;-4,74E-5
3,500;4,368;0,995;2,24E-4;224,02;1,47E-4;287,23;4,09E-5
3,501;4,368;0,996;2,24E-4;224,03;1,33E-4;287,29;1,29E-4
3,502;4,369;0,997;2,24E-4;224,05;8,43E-5;287,39;2,82E-4
3,503;4,367;0,995;2,24E-4;224,00;1,93E-4;287,18;-3,88E-5
3,504;4,368;0,996;2,24E-4;224,02;1,38E-4;287,29;1,31E-4
3,505;4,368;0,996;2,24E-4;224,02;1,40E-4;287,29;1,31E-4
3,506;4,368;0,996;2,24E-4;224,03;1,31E-4;287,30;1,40E-4
3,507;4,368;0,995;2,24E-4;224,02;1,45E-4;287,25;6,46E-5
3,508;4,367;0,995;2,24E-4;223,99;2,04E-4;287,18;-4,31E-5
3,509;4,368;0,995;2,24E-4;224,00;1,82E-4;287,19;-3,02E-5
3,510;4,368;0,996;2,24E-4;224,02;1,51E-4;287,27;1,01E-4
3,511;4,368;0,996;2,24E-4;224,03;1,35E-4;287,27;8,83E-5
3,512;4,369;0,997;2,24E-4;224,04;1,09E-4;287,37;2,41E-4
3,513;4,369;0,996;2,24E-4;224,04;1,04E-4;287,36;2,30E-4
3,514;4,369;0,996;2,24E-4;224,04;1,05E-4;287,37;2,39E-4
3,515;4,368;0,995;2,24E-4;224,01;1,66E-4;287,22;2,37E-5
3,516;4,369;0,996;2,24E-4;224,05;9,34E-5;287,34;2,00E-4
3,517;4,370;0,997;2,24E-4;224,08;2,43E-5;287,48;4,09E-4
3,518;4,368;0,995;2,24E-4;224,02;1,41E-4;287,24;4,74E-5
3,519;4,367;0,994;2,24E-4;223,99;2,12E-4;287,12;-1,29E-4
3,520;4,367;0,994;2,24E-4;223,97;2,49E-4;287,09;-1,85E-4
3,521;4,367;0,994;2,24E-4;223,97;2,51E-4;287,11;-1,47E-4
3,522;4,368;0,996;2,24E-4;224,02;1,38E-4;287,26;7,33E-5
3,523;4,368;0,995;2,24E-4;224,00;1,78E-4;287,20;-1,08E-5
3,524;4,367;0,994;2,24E-4;223,97;2,34E-4;287,11;-1,55E-4
3,525;4,368;0,996;2,24E-4;224,02;1,43E-4;287,27;9,69E-5
3,526;4,368;0,996;2,24E-4;224,02;1,37E-4;287,31;1,57E-4
3,527;4,370;0,997;2,24E-4;224,08;3,57E-5;287,46;3,83E-4
3,528;4,369;0,996;2,24E-4;224,06;7,37E-5;287,36;2,28E-4
3,529;4,368;0,996;2,24E-4;224,01;1,57E-4;287,29;1,25E-4
3,530;4,368;0,996;2,24E-4;224,02;1,38E-4;287,27;9,26E-5
3,531;4,369;0,996;2,24E-4;224,04;1,02E-4;287,36;2,24E-4
3,532;4,369;0,996;2,24E-4;224,05;8,13E-5;287,34;2,00E-4
3,533;4,369;0,996;2,24E-4;224,04;1,12E-4;287,36;2,28E-4
3,534;4,370;0,997;2,24E-4;224,07;5,77E-5;287,45;3,64E-4
3,535;4,368;0,995;2,24E-4;224,02;1,54E-4;287,25;6,25E-5
3,536;4,369;0,996;2,24E-4;224,04;1,08E-4;287,33;1,85E-4
3,537;4,368;0,996;2,24E-4;224,02;1,37E-4;287,27;9,48E-5
3,538;4,368;0,996;2,24E-4;224,01;1,56E-4;287,26;8,62E-5
3,539;4,368;0,995;2,24E-4;224,00;1,86E-4;287,17;-5,60E-5
3,540;4,369;0,996;2,24E-4;224,05;9,57E-5;287,34;1,96E-4
3,541;4,369;0,996;2,24E-4;224,04;1,12E-4;287,31;1,49E-4
3,542;4,368;0,995;2,24E-4;224,01;1,63E-4;287,25;6,03E-5
3,543;4,368;0,995;2,24E-4;224,01;1,66E-4;287,21;8,62E-6
3,544;4,369;0,996;2,24E-4;224,05;9,27E-5;287,36;2,35E-4
3,545;4,368;0,995;2,24E-4;224,00;1,82E-4;287,22;1,51E-5
3,546;4,368;0,996;2,24E-4;224,02;1,49E-4;287,25;6,68E-5
3,547;4,368;0,996;2,24E-4;224,02;1,51E-4;287,27;8,83E-5
3,548;4,368;0,996;2,24E-4;224,03;1,33E-4;287,27;9,91E-5
3,549;4,367;0,994;2,24E-4;223,98;2,20E-4;287,12;-1,27E-4
3,550;4,368;0,995;2,24E-4;224,00;1,89E-4;287,18;-3,88E-5
3,551;4,369;0,997;2,24E-4;224,05;8,81E-5;287,39;2,69E-4
3,552;4,369;0,996;2,24E-4;224,03;1,27E-4;287,33;1,81E-4
3,553;4,369;0,996;2,24E-4;224,04;1,07E-4;287,33;1,90E-4
3,554;4,369;0,997;2,24E-4;224,06;6,91E-5;287,40;2,89E-4
3,555;4,370;0,997;2,24E-4;224,07;5,24E-5;287,41;3,08E-4
3,556;4,370;0,998;2,24E-4;224,08;2,20E-5;287,49;4,22E-4
3,557;4,369;0,996;2,24E-4;224,03;1,26E-4;287,29;1,23E-4
3,558;4,368;0,996;2,24E-4;224,02;1,46E-4;287,27;9,69E-5
3,559;4,368;0,995;2,24E-4;224,01;1,56E-4;287,25;5,82E-5
3,560;4,369;0,996;2,24E-4;224,03;1,22E-4;287,27;9,69E-5
3,561;4,367;0,994;2,24E-4;223,98;2,22E-4;287,13;-1,14E-4
3,562;4,368;0,995;2,24E-4;224,01;1,69E-4;287,23;3,02E-5
3,563;4,369;0,997;2,24E-4;224,06;6,99E-5;287,41;3,02E-4
3,564;4,368;0,996;2,24E-4;224,02;1,39E-4;287,29;1,25E-4
3,565;4,368;0,995;2,24E-4;224,01;1,57E-4;287,25;6,46E-5
3,566;4,368;0,995;2,24E-4;224,00;1,80E-4;287,20;-8,62E-6
3,567;4,369;0,996;2,24E-4;224,04;1,16E-4;287,31;1,59E-4
3,568;4,368;0,995;2,24E-4;224,01;1,75E-4;287,17;-6,03E-5
3,569;4,368;0,995;2,24E-4;224,01;1,70E-4;287,21;6,46E-6
3,570;4,367;0,995;2,24E-4;223,99;1,98E-4;287,17;-6,25E-5
3,571;4,368;0,995;2,24E-4;224,02;1,42E-4;287,23;2,80E-5
3,572;4,368;0,996;2,24E-4;224,03;1,31E-4;287,27;9,48E-5
3,573;4,368;0,995;2,24E-4;224,01;1,63E-4;287,21;1,08E-5
3,574;4,368;0,996;2,24E-4;224,02;1,38E-4;287,30;1,40E-4
3,575;4,368;0,995;2,24E-4;224,02;1,47E-4;287,22;2,59E-5
3,576;4,368;0,995;2,24E-4;224,00;1,83E-4;287,19;-3,45E-5
3,577;4,368;0,996;2,24E-4;224,02;1,44E-4;287,27;9,91E-5
3,578;4,368;0,995;2,24E-4;224,01;1,66E-4;287,24;5,39E-5
3,579;4,368;0,996;2,24E-4;224,03;1,31E-4;287,30;1,44E-4
3,580;4,369;0,996;2,24E-4;224,04;1,04E-4;287,31;1,59E-4
3,581;4,367;0,995;2,24E-4;223,99;2,03E-4;287,18;-4,09E-5
3,582;4,368;0,996;2,24E-4;224,02;1,46E-4;287,27;1,01E-4
3,583;4,368;0,996;2,24E-4;224,01;1,71E-4;287,25;6,89E-5
3,584;4,368;0,995;2,24E-4;224,01;1,65E-4;287,25;5,82E-5
3,585;4,368;0,996;2,24E-4;224,02;1,51E-4;287,26;7,76E-5
3,586;4,368;0,996;2,24E-4;224,02;1,54E-4;287,30;1,44E-4
3,587;4,369;0,996;2,24E-4;224,03;1,26E-4;287,31;1,51E-4
3,588;4,369;0,997;2,24E-4;224,04;1,12E-4;287,37;2,48E-4
3,589;4,369;0,996;2,24E-4;224,05;7,90E-5;287,36;2,26E-4
3,590;4,369;0,997;2,24E-4;224,05;8,35E-5;287,39;2,69E-4
3,591;4,369;0,996;2,24E-4;224,05;7,97E-5;287,36;2,30E-4
3,592;4,368;0,996;2,24E-4;224,03;1,36E-4;287,27;8,83E-5
3,593;4,368;0,996;2,24E-4;224,02;1,53E-4;287,28;1,08E-4
3,594;4,369;0,996;2,24E-4;224,03;1,20E-4;287,30;1,44E-4
3,595;4,370;0,997;2,24E-4;224,06;6,46E-5;287,42;3,25E-4
3,596;4,369;0,996;2,24E-4;224,03;1,28E-4;287,28;1,12E-4
3,597;4,368;0,996;2,24E-4;224,03;1,33E-4;287,28;1,08E-4
3,598;4,367;0,995;2,24E-4;223,99;2,04E-4;287,14;-9,91E-5
3,599;4,368;0,996;2,24E-4;224,02;1,37E-4;287,28;1,12E-4
3,600;4,368;0,995;2,24E-4;224,02;1,47E-4;287,24;4,52E-5
3,601;4,368;0,995;2,24E-4;224,01;1,68E-4;287,22;1,72E-5
3,602;4,369;0,996;2,24E-4;224,04;1,15E-4;287,37;2,39E-4
3,603;4,368;0,995;2,24E-4;224,02;1,47E-4;287,24;5,60E-5
3,604;4,368;0,996;2,24E-4;224,02;1,54E-4;287,26;7,97E-5
3,605;4,367;0,995;2,24E-4;223,99;1,95E-4;287,21;0,00
3,606;4,367;0,995;2,24E-4;223,99;1,95E-4;287,20;-1,51E-5
3,607;4,368;0,996;2,24E-4;224,02;1,55E-4;287,25;6,68E-5
3,608;4,368;0,995;2,24E-4;224,01;1,69E-4;287,22;1,51E-5
3,609;4,368;0,996;2,24E-4;224,02;1,43E-4;287,29;1,29E-4
3,610;4,368;0,995;2,24E-4;224,00;1,90E-4;287,21;1,08E-5
3,611;4,368;0,996;2,24E-4;224,02;1,44E-4;287,28;1,16E-4
3,612;4,368;0,995;2,24E-4;224,01;1,74E-4;287,24;5,17E-5
3,613;4,369;0,997;2,24E-4;224,05;9,72E-5;287,38;2,67E-4
3,614;4,369;0,996;2,24E-4;224,06;6,99E-5;287,35;2,13E-4
3,615;4,369;0,996;2,24E-4;224,03;1,21E-4;287,31;1,59E-4
3,616;4,368;0,995;2,24E-4;224,01;1,64E-4;287,23;3,66E-5
3,617;4,369;0,996;2,24E-4;224,04;9,80E-5;287,33;1,90E-4
3,618;4,370;0,997;2,24E-4;224,07;4,40E-5;287,44;3,45E-4
3,619;4,369;0,996;2,24E-4;224,05;9,57E-5;287,32;1,77E-4
3,620;4,369;0,997;2,24E-4;224,05;9,42E-5;287,38;2,65E-4
3,621;4,369;0,996;2,24E-4;224,04;1,03E-4;287,36;2,35E-4
3,622;4,369;0,997;2,24E-4;224,05;8,20E-5;287,42;3,27E-4
3,623;4,369;0,997;2,24E-4;224,04;1,00E-4;287,38;2,54E-4
3,624;4,369;0,996;2,24E-4;224,06;7,67E-5;287,37;2,39E-4
3,625;4,370;0,997;2,24E-4;224,07;5,47E-5;287,45;3,68E-4
3,626;4,369;0,996;2,24E-4;224,03;1,28E-4;287,31;1,49E-4
3,627;4,369;0,996;2,24E-4;224,04;1,16E-4;287,32;1,70E-4
3,628;4,370;0,997;2,24E-4;224,08;2,66E-5;287,44;3,53E-4
3,629;4,370;0,997;2,24E-4;224,06;6,61E-5;287,39;2,82E-4
3,630;4,369;0,996;2,24E-4;224,05;9,27E-5;287,36;2,37E-4
3,631;4,369;0,996;2,24E-4;224,04;1,06E-4;287,33;1,81E-4
3,632;4,369;0,996;2,24E-4;224,04;1,11E-4;287,30;1,40E-4
3,633;4,368;0,995;2,24E-4;224,02;1,49E-4;287,24;5,60E-5
3,634;4,368;0,996;2,24E-4;224,02;1,40E-4;287,29;1,18E-4
3,635;4,368;0,995;2,24E-4;224,00;1,88E-4;287,15;-8,83E-5
3,636;4,369;0,996;2,24E-4;224,05;8,96E-5;287,33;1,85E-4
3,637;4,369;0,996;2,24E-4;224,06;6,99E-5;287,34;2,07E-4
3,638;4,370;0,997;2,24E-4;224,08;2,81E-5;287,48;4,13E-4
3,639;4,369;0,995;2,24E-4;224,03;1,18E-4;287,23;3,02E-5
3,640;4,369;0,996;2,24E-4;224,04;1,08E-4;287,32;1,70E-4
3,641;4,368;0,995;2,24E-4;224,00;1,89E-4;287,15;-8,40E-5
3,642;4,368;0,995;2,24E-4;224,01;1,73E-4;287,17;-5,82E-5
3,643;4,370;0,997;2,24E-4;224,06;5,92E-5;287,42;3,17E-4
3,644;4,369;0,996;2,24E-4;224,03;1,22E-4;287,27;9,48E-5
3,645;4,368;0,996;2,24E-4;224,03;1,35E-4;287,28;1,10E-4
3,646;4,369;0,996;2,24E-4;224,04;1,10E-4;287,28;1,08E-4
3,647;4,370;0,997;2,24E-4;224,07;5,47E-5;287,43;3,34E-4
3,648;4,369;0,996;2,24E-4;224,04;1,00E-4;287,34;2,05E-4
3,649;4,367;0,994;2,24E-4;223,97;2,43E-4;287,08;-1,90E-4
3,650;4,368;0,995;2,24E-4;224,00;1,84E-4;287,15;-8,19E-5
3,651;4,369;0,996;2,24E-4;224,05;8,96E-5;287,33;1,85E-4
3,652;4,369;0,996;2,24E-4;224,04;1,10E-4;287,27;1,01E-4
3,653;4,369;0,996;2,24E-4;224,04;1,14E-4;287,33;1,79E-4
3,654;4,368;0,996;2,24E-4;224,02;1,47E-4;287,25;7,11E-5
3,655;4,369;0,996;2,24E-4;224,05;9,49E-5;287,37;2,39E-4
3,656;4,369;0,996;2,24E-4;224,03;1,22E-4;287,29;1,23E-4
3,657;4,368;0,995;2,24E-4;224,01;1,69E-4;287,22;1,51E-5
3,658;4,370;0,997;2,24E-4;224,07;5,62E-5;287,41;3,10E-4
3,659;4,369;0,997;2,24E-4;224,06;6,99E-5;287,40;2,86E-4
3,660;4,369;0,996;2,24E-4;224,03;1,23E-4;287,25;6,89E-5
3,661;4,368;0,995;2,24E-4;224,00;1,80E-4;287,20;-1,29E-5
3,662;4,368;0,996;2,24E-4;224,02;1,39E-4;287,26;8,62E-5
3,663;4,368;0,995;2,24E-4;224,01;1,66E-4;287,22;2,37E-5
3,664;4,369;0,996;2,24E-4;224,04;1,15E-4;287,30;1,46E-4
3,665;4,369;0,996;2,24E-4;224,03;1,23E-4;287,27;1,01E-4
3,666;4,368;0,995;2,24E-4;224,02;1,41E-4;287,21;8,62E-6
3,667;4,369;0,996;2,24E-4;224,04;1,10E-4;287,32;1,66E-4
3,668;4,368;0,996;2,24E-4;224,03;1,31E-4;287,28;1,06E-4
3,669;4,367;0,995;2,24E-4;223,99;2,11E-4;287,18;-4,09E-5
3,670;4,367;0,994;2,24E-4;223,98;2,30E-4;287,09;-1,72E-4
3,671;4,368;0,995;2,24E-4;224,01;1,63E-4;287,23;2,80E-5
3,672;4,369;0,996;2,24E-4;224,05;9,57E-5;287,32;1,70E-4
3,673;4,370;0,997;2,24E-4;224,06;6,53E-5;287,38;2,58E-4
3,674;4,368;0,995;2,24E-4;224,03;1,34E-4;287,25;6,46E-5
3,675;4,369;0,997;2,24E-4;224,06;7,06E-5;287,37;2,46E-4
3,676;4,368;0,995;2,24E-4;224,01;1,56E-4;287,25;5,82E-5
3,677;4,369;0,996;2,24E-4;224,04;1,12E-4;287,28;1,12E-4
3,678;4,367;0,994;2,24E-4;223,98;2,14E-4;287,13;-1,16E-4
3,679;4,367;0,994;2,24E-4;223,97;2,42E-4;287,09;-1,85E-4
3,680;4,368;0,995;2,24E-4;224,00;1,83E-4;287,19;-3,23E-5
3,681;4,368;0,995;2,24E-4;224,01;1,74E-4;287,19;-2,80E-5
3,682;4,367;0,995;2,24E-4;223,99;1,98E-4;287,16;-7,76E-5
3,683;4,369;0,996;2,24E-4;224,03;1,24E-4;287,29;1,23E-4
3,684;4,369;0,997;2,24E-4;224,05;8,28E-5;287,40;2,91E-4
3,685;4,369;0,997;2,24E-4;224,06;6,99E-5;287,37;2,43E-4
3,686;4,369;0,996;2,24E-4;224,03;1,24E-4;287,30;1,44E-4
3,687;4,367;0,994;2,24E-4;223,99;2,01E-4;287,11;-1,49E-4
3,688;4,368;0,995;2,24E-4;224,00;1,82E-4;287,19;-2,59E-5
3,689;4,368;0,995;2,24E-4;224,00;1,79E-4;287,18;-3,88E-5
3,690;4,367;0,994;2,24E-4;223,98;2,22E-4;287,10;-1,68E-4
3,691;4,369;0,996;2,24E-4;224,03;1,22E-4;287,27;9,69E-5
3,692;4,370;0,997;2,24E-4;224,08;2,05E-5;287,48;4,09E-4
3,693;4,369;0,996;2,24E-4;224,04;1,15E-4;287,28;1,10E-4
3,694;4,368;0,995;2,24E-4;224,00;1,87E-4;287,14;-1,08E-4
3,695;4,368;0,995;2,24E-4;224,03;1,35E-4;287,24;4,74E-5
3,696;4,369;0,997;2,24E-4;224,06;7,37E-5;287,40;2,86E-4
3,697;4,369;0,996;2,24E-4;224,06;7,06E-5;287,35;2,13E-4
3,698;4,369;0,996;2,24E-4;224,06;7,14E-5;287,36;2,33E-4
3,699;4,369;0,996;2,24E-4;224,05;8,51E-5;287,33;1,92E-4
3,700;4,369;0,996;2,24E-4;224,05;9,04E-5;287,35;2,09E-4
3,701;4,368;0,995;2,24E-4;224,01;1,56E-4;287,23;2,80E-5
3,702;4,369;0,996;2,24E-4;224,03;1,18E-4;287,27;9,91E-5
3,703;4,369;0,996;2,24E-4;224,05;9,57E-5;287,33;1,79E-4
3,704;4,368;0,995;2,24E-4;224,02;1,50E-4;287,22;2,15E-5
3,705;4,370;0,997;2,24E-4;224,07;5,85E-5;287,37;2,50E-4
3,706;4,369;0,996;2,24E-4;224,04;1,09E-4;287,29;1,27E-4
3,707;4,369;0,996;2,24E-4;224,04;1,09E-4;287,28;1,14E-4
3,708;4,370;0,997;2,24E-4;224,08;3,65E-5;287,42;3,17E-4
3,709;4,368;0,996;2,24E-4;224,02;1,41E-4;287,26;8,62E-5
3,710;4,369;0,996;2,24E-4;224,04;1,15E-4;287,33;1,81E-4
3,711;4,370;0,997;2,24E-4;224,06;5,92E-5;287,42;3,25E-4
3,712;4,369;0,996;2,24E-4;224,06;7,37E-5;287,36;2,26E-4
3,713;4,370;0,997;2,24E-4;224,08;3,11E-5;287,47;3,90E-4
3,714;4,370;0,997;2,24E-4;224,07;4,94E-5;287,42;3,14E-4
3,715;4,369;0,996;2,24E-4;224,04;1,07E-4;287,26;7,76E-5
3,716;4,368;0,995;2,24E-4;224,03;1,33E-4;287,25;6,25E-5
3,717;4,369;0,996;2,24E-4;224,03;1,23E-4;287,26;7,54E-5
3,718;4,370;0,997;2,24E-4;224,07;5,62E-5;287,40;2,84E-4
3,719;4,369;0,996;2,24E-4;224,05;8,43E-5;287,33;1,83E-4
3,720;4,369;0,996;2,24E-4;224,03;1,23E-4;287,26;7,76E-5
3,721;4,368;0,995;2,24E-4;224,01;1,60E-4;287,19;-2,37E-5
3,722;4,370;0,997;2,24E-4;224,07;5,47E-5;287,39;2,78E-4
3,723;4,369;0,996;2,24E-4;224,05;9,34E-5;287,30;1,42E-4
3,724;4,368;0,996;2,24E-4;224,03;1,29E-4;287,26;7,33E-5
3,725;4,368;0,995;2,24E-4;224,01;1,68E-4;287,19;-3,23E-5
3,726;4,369;0,996;2,24E-4;224,05;8,89E-5;287,34;2,00E-4
3,727;4,369;0,997;2,24E-4;224,06;6,91E-5;287,40;2,84E-4
3,728;4,369;0,996;2,24E-4;224,04;1,12E-4;287,27;8,83E-5
3,729;4,370;0,997;2,24E-4;224,07;4,71E-5;287,42;3,19E-4
3,730;4,369;0,997;2,24E-4;224,06;6,76E-5;287,40;2,84E-4
3,731;4,368;0,995;2,24E-4;224,02;1,41E-4;287,20;-8,62E-6
3,732;4,369;0,996;2,24E-4;224,05;8,58E-5;287,33;1,87E-4
3,733;4,371;0,998;2,24E-4;224,10;-1,44E-5;287,52;4,76E-4
3,734;4,371;0,998;2,24E-4;224,11;-3,19E-5;287,57;5,53E-4
3,735;4,370;0,997;2,24E-4;224,07;4,25E-5;287,41;3,12E-4
3,736;4,368;0,996;2,24E-4;224,03;1,34E-4;287,28;1,03E-4
3,737;4,368;0,995;2,24E-4;224,00;1,89E-4;287,16;-7,11E-5
3,738;4,368;0,995;2,24E-4;224,02;1,50E-4;287,21;1,08E-5
3,739;4,368;0,995;2,24E-4;224,01;1,58E-4;287,22;1,94E-5
3,740;4,367;0,994;2,24E-4;223,99;1,97E-4;287,13;-1,19E-4
3,741;4,367;0,994;2,24E-4;223,99;2,04E-4;287,12;-1,31E-4
3,742;4,369;0,996;2,24E-4;224,04;1,09E-4;287,27;9,26E-5
3,743;4,369;0,996;2,24E-4;224,03;1,28E-4;287,28;1,03E-4
3,744;4,369;0,995;2,24E-4;224,03;1,27E-4;287,23;3,23E-5
3,745;4,369;0,996;2,24E-4;224,04;1,06E-4;287,30;1,40E-4
3,746;4,369;0,997;2,24E-4;224,06;7,06E-5;287,39;2,78E-4
3,747;4,369;0,996;2,24E-4;224,04;1,04E-4;287,27;9,91E-5
3,748;4,369;0,996;2,24E-4;224,05;9,34E-5;287,36;2,28E-4
3,749;4,368;0,996;2,24E-4;224,03;1,34E-4;287,28;1,06E-4
3,750;4,369;0,996;2,24E-4;224,03;1,21E-4;287,27;9,91E-5
3,751;4,369;0,996;2,24E-4;224,04;1,03E-4;287,30;1,46E-4
3,752;4,369;0,996;2,24E-4;224,05;8,58E-5;287,30;1,42E-4
3,753;4,369;0,996;2,24E-4;224,03;1,18E-4;287,26;7,76E-5
3,754;4,369;0,995;2,24E-4;224,03;1,28E-4;287,24;4,52E-5
3,755;4,368;0,995;2,24E-4;224,03;1,35E-4;287,22;1,94E-5
3,756;4,368;0,995;2,24E-4;224,03;1,33E-4;287,23;2,80E-5
3,757;4,368;0,995;2,24E-4;224,02;1,42E-4;287,22;2,15E-5
3,758;4,368;0,995;2,24E-4;224,02;1,53E-4;287,21;-2,15E-6
3,759;4,368;0,995;2,24E-4;224,01;1,57E-4;287,18;-3,88E-5
3,760;4,367;0,994;2,24E-4;223,98;2,21E-4;287,05;-2,41E-4
3,761;4,368;0,995;2,24E-4;224,01;1,69E-4;287,15;-8,62E-5
3,762;4,369;0,996;2,24E-4;224,04;1,10E-4;287,26;8,40E-5
3,763;4,368;0,995;2,24E-4;224,01;1,73E-4;287,16;-7,33E-5
3,764;4,368;0,995;2,24E-4;224,01;1,71E-4;287,19;-3,45E-5
3,765;4,369;0,996;2,24E-4;224,03;1,18E-4;287,26;7,33E-5
3,766;4,368;0,995;2,24E-4;224,02;1,37E-4;287,19;-2,37E-5
3,767;4,367;0,994;2,24E-4;223,98;2,16E-4;287,09;-1,77E-4
3,768;4,369;0,995;2,24E-4;224,03;1,25E-4;287,25;6,25E-5
3,769;4,369;0,995;2,24E-4;224,03;1,26E-4;287,25;6,03E-5
3,770;4,369;0,995;2,24E-4;224,04;1,15E-4;287,24;5,39E-5
3,771;4,369;0,996;2,24E-4;224,05;9,19E-5;287,30;1,34E-4
3,772;4,368;0,995;2,24E-4;224,02;1,41E-4;287,22;2,59E-5
3,773;4,370;0,996;2,24E-4;224,06;6,38E-5;287,35;2,09E-4
3,774;4,369;0,996;2,24E-4;224,04;1,03E-4;287,29;1,18E-4
3,775;4,369;0,996;2,24E-4;224,04;1,06E-4;287,28;1,12E-4
3,776;4,368;0,995;2,24E-4;224,03;1,34E-4;287,25;6,46E-5
3,777;4,368;0,995;2,24E-4;224,03;1,33E-4;287,23;3,45E-5
3,778;4,368;0,995;2,24E-4;224,01;1,65E-4;287,18;-4,31E-5
3,779;4,370;0,996;2,24E-4;224,06;6,15E-5;287,37;2,39E-4
3,780;4,368;0,995;2,24E-4;224,01;1,74E-4;287,15;-9,48E-5
3,781;4,368;0,995;2,24E-4;224,03;1,31E-4;287,25;6,46E-5
3,782;4,368;0,994;2,24E-4;224,01;1,74E-4;287,11;-1,49E-4
3,783;4,368;0,996;2,24E-4;224,02;1,41E-4;287,27;9,26E-5
3,784;4,369;0,996;2,24E-4;224,04;1,04E-4;287,28;1,16E-4
3,785;4,368;0,995;2,24E-4;224,01;1,66E-4;287,18;-4,09E-5
3,786;4,368;0,995;2,24E-4;224,03;1,29E-4;287,24;4,52E-5
3,787;4,368;0,995;2,24E-4;224,02;1,41E-4;287,23;3,23E-5
3,788;4,369;0,996;2,24E-4;224,05;7,97E-5;287,33;1,92E-4
3,789;4,369;0,996;2,24E-4;224,06;7,67E-5;287,31;1,51E-4
3,790;4,369;0,995;2,24E-4;224,03;1,24E-4;287,22;1,94E-5
3,791;4,370;0,997;2,24E-4;224,08;3,49E-5;287,44;3,53E-4
3,792;4,370;0,996;2,24E-4;224,06;6,30E-5;287,37;2,39E-4
3,793;4,368;0,995;2,24E-4;224,02;1,37E-4;287,22;1,94E-5
3,794;4,368;0,994;2,24E-4;224,01;1,70E-4;287,13;-1,21E-4
3,795;4,368;0,995;2,24E-4;224,02;1,52E-4;287,22;2,59E-5
3,796;4,369;0,996;2,24E-4;224,03;1,18E-4;287,26;7,76E-5
3,797;4,369;0,995;2,24E-4;224,03;1,23E-4;287,22;2,59E-5
3,798;4,369;0,996;2,24E-4;224,05;8,28E-5;287,33;1,90E-4
3,799;4,370;0,997;2,24E-4;224,08;3,49E-5;287,40;2,86E-4
3,800;4,369;0,996;2,24E-4;224,06;7,59E-5;287,34;2,05E-4
3,801;4,369;0,996;2,24E-4;224,05;8,58E-5;287,33;1,81E-4
3,802;4,369;0,996;2,24E-4;224,06;6,84E-5;287,34;1,94E-4
3,803;4,369;0,996;2,24E-4;224,05;8,05E-5;287,32;1,72E-4
3,804;4,369;0,996;2,24E-4;224,04;1,09E-4;287,28;1,10E-4
3,805;4,368;0,995;2,24E-4;224,02;1,52E-4;287,20;-8,62E-6
3,806;4,368;0,995;2,24E-4;224,01;1,57E-4;287,16;-7,54E-5
3,807;4,368;0,995;2,24E-4;224,01;1,66E-4;287,24;4,52E-5
3,808;4,368;0,996;2,24E-4;224,03;1,36E-4;287,25;6,68E-5
3,809;4,369;0,996;2,24E-4;224,04;1,12E-4;287,28;1,14E-4
3,810;4,369;0,996;2,24E-4;224,05;7,97E-5;287,35;2,18E-4
3,811;4,369;0,996;2,24E-4;224,04;1,12E-4;287,28;1,08E-4
3,812;4,368;0,994;2,24E-4;224,00;1,86E-4;287,13;-1,19E-4
3,813;4,369;0,996;2,24E-4;224,03;1,17E-4;287,27;9,48E-5
3,814;4,369;0,996;2,24E-4;224,04;1,12E-4;287,30;1,40E-4
3,815;4,369;0,995;2,24E-4;224,03;1,23E-4;287,24;4,31E-5
3,816;4,369;0,995;2,24E-4;224,03;1,23E-4;287,25;5,82E-5
3,817;4,368;0,995;2,24E-4;224,02;1,54E-4;287,18;-4,31E-5
3,818;4,367;0,994;2,24E-4;223,99;2,05E-4;287,10;-1,62E-4
3,819;4,368;0,995;2,24E-4;224,02;1,50E-4;287,20;-1,08E-5
3,820;4,369;0,996;2,24E-4;224,04;9,87E-5;287,32;1,68E-4
3,821;4,370;0,997;2,24E-4;224,08;2,13E-5;287,42;3,14E-4
3,822;4,369;0,996;2,24E-4;224,04;1,13E-4;287,31;1,49E-4
3,823;4,369;0,996;2,24E-4;224,04;1,06E-4;287,32;1,77E-4
3,824;4,369;0,995;2,24E-4;224,03;1,27E-4;287,22;2,37E-5
3,825;4,369;0,996;2,24E-4;224,05;9,11E-5;287,30;1,46E-4
3,826;4,370;0,997;2,24E-4;224,09;1,37E-5;287,45;3,66E-4
3,827;4,370;0,997;2,24E-4;224,08;3,19E-5;287,42;3,23E-4
3,828;4,370;0,997;2,24E-4;224,08;3,11E-5;287,43;3,42E-4
3,829;4,369;0,997;2,24E-4;224,06;6,76E-5;287,38;2,61E-4
3,830;4,367;0,994;2,24E-4;223,99;2,04E-4;287,10;-1,68E-4
3,831;4,369;0,996;2,24E-4;224,03;1,28E-4;287,26;8,62E-5
3,832;4,369;0,996;2,24E-4;224,06;6,91E-5;287,35;2,22E-4
3,833;4,369;0,996;2,24E-4;224,04;9,80E-5;287,29;1,31E-4
3,834;4,369;0,996;2,24E-4;224,04;1,06E-4;287,30;1,42E-4
3,835;4,369;0,996;2,24E-4;224,04;1,13E-4;287,30;1,44E-4
3,836;4,369;0,996;2,24E-4;224,04;1,03E-4;287,27;9,48E-5
3,837;4,367;0,994;2,24E-4;224,00;1,94E-4;287,12;-1,40E-4
3,838;4,368;0,995;2,24E-4;224,02;1,54E-4;287,21;8,62E-6
3,839;4,368;0,995;2,24E-4;224,02;1,46E-4;287,22;1,72E-5
3,840;4,368;0,995;2,24E-4;224,02;1,53E-4;287,20;-1,72E-5
3,841;4,369;0,996;2,24E-4;224,04;1,01E-4;287,33;1,79E-4
3,842;4,369;0,996;2,24E-4;224,06;7,37E-5;287,36;2,30E-4
3,843;4,369;0,996;2,24E-4;224,03;1,25E-4;287,26;8,62E-5
3,844;4,368;0,995;2,24E-4;224,02;1,50E-4;287,24;5,39E-5
3,845;4,368;0,995;2,24E-4;224,02;1,37E-4;287,22;1,29E-5
3,846;4,368;0,996;2,24E-4;224,03;1,34E-4;287,27;8,83E-5
3,847;4,369;0,996;2,24E-4;224,03;1,25E-4;287,26;7,97E-5
3,848;4,369;0,995;2,24E-4;224,03;1,20E-4;287,22;2,15E-5
3,849;4,368;0,995;2,24E-4;224,03;1,31E-4;287,24;4,31E-5
3,850;4,369;0,996;2,24E-4;224,05;9,27E-5;287,30;1,42E-4
3,851;4,369;0,996;2,24E-4;224,04;1,16E-4;287,28;1,03E-4
3,852;4,369;0,996;2,24E-4;224,05;7,90E-5;287,37;2,39E-4
3,853;4,369;0,996;2,24E-4;224,04;1,14E-4;287,30;1,40E-4
3,854;4,370;0,997;2,24E-4;224,07;4,18E-5;287,44;3,45E-4
3,855;4,369;0,996;2,24E-4;224,05;8,81E-5;287,33;1,83E-4
3,856;4,368;0,995;2,24E-4;224,02;1,40E-4;287,24;4,31E-5
3,857;4,370;0,997;2,24E-4;224,08;3,42E-5;287,42;3,25E-4
3,858;4,369;0,996;2,24E-4;224,04;1,05E-4;287,34;1,98E-4
3,859;4,368;0,995;2,24E-4;224,02;1,39E-4;287,23;3,45E-5
3,860;4,369;0,995;2,24E-4;224,03;1,25E-4;287,25;5,82E-5
3,861;4,370;0,997;2,24E-4;224,07;4,56E-5;287,37;2,52E-4
3,862;4,368;0,996;2,24E-4;224,02;1,41E-4;287,26;7,54E-5
3,863;4,369;0,996;2,24E-4;224,04;1,02E-4;287,29;1,29E-4
3,864;4,369;0,996;2,24E-4;224,04;1,11E-4;287,26;8,62E-5
3,865;4,368;0,995;2,24E-4;224,02;1,52E-4;287,15;-8,83E-5
3,866;4,367;0,995;2,24E-4;224,00;1,91E-4;287,14;-1,06E-4
3,867;4,368;0,996;2,24E-4;224,02;1,41E-4;287,26;7,33E-5
3,868;4,367;0,994;2,24E-4;223,99;1,94E-4;287,13;-1,19E-4
3,869;4,368;0,995;2,24E-4;224,01;1,72E-4;287,14;-1,01E-4
3,870;4,368;0,995;2,24E-4;224,01;1,60E-4;287,14;-1,10E-4
3,871;4,369;0,996;2,24E-4;224,03;1,19E-4;287,25;6,68E-5
3,872;4,369;0,995;2,24E-4;224,03;1,27E-4;287,21;0,00
3,873;4,370;0,997;2,24E-4;224,08;3,11E-5;287,38;2,67E-4
3,874;4,370;0,997;2,24E-4;224,07;4,25E-5;287,37;2,46E-4
3,875;4,369;0,996;2,24E-4;224,05;7,90E-5;287,33;1,92E-4
3,876;4,369;0,995;2,24E-4;224,04;1,15E-4;287,22;1,94E-5
3,877;4,369;0,996;2,24E-4;224,05;8,73E-5;287,31;1,51E-4
3,878;4,369;0,996;2,24E-4;224,03;1,20E-4;287,26;7,97E-5
3,879;4,368;0,995;2,24E-4;224,03;1,34E-4;287,24;4,52E-5
3,880;4,370;0,997;2,24E-4;224,07;4,33E-5;287,41;3,08E-4
3,881;4,369;0,996;2,24E-4;224,04;9,80E-5;287,27;9,26E-5
3,882;4,370;0,997;2,24E-4;224,06;6,15E-5;287,37;2,46E-4
3,883;4,369;0,996;2,24E-4;224,04;9,80E-5;287,27;9,05E-5
3,884;4,369;0,996;2,24E-4;224,06;7,29E-5;287,32;1,74E-4
3,885;4,369;0,996;2,24E-4;224,04;1,08E-4;287,27;8,83E-5
3,886;4,369;0,996;2,24E-4;224,03;1,23E-4;287,25;6,89E-5
3,887;4,370;0,997;2,24E-4;224,08;3,72E-5;287,38;2,61E-4
3,888;4,369;0,996;2,24E-4;224,05;7,82E-5;287,33;1,90E-4
3,889;4,368;0,995;2,24E-4;224,02;1,46E-4;287,20;-8,62E-6
3,890;4,368;0,995;2,24E-4;224,02;1,48E-4;287,19;-3,45E-5
3,891;4,368;0,996;2,24E-4;224,03;1,36E-4;287,26;7,54E-5
3,892;4,368;0,995;2,24E-4;224,02;1,46E-4;287,21;8,62E-6
3,893;4,369;0,996;2,24E-4;224,05;9,42E-5;287,30;1,38E-4
3,894;4,370;0,997;2,24E-4;224,09;1,22E-5;287,42;3,17E-4
3,895;4,369;0,996;2,24E-4;224,05;8,58E-5;287,31;1,51E-4
3,896;4,368;0,995;2,24E-4;224,01;1,63E-4;287,15;-8,62E-5
3,897;4,369;0,996;2,24E-4;224,04;9,95E-5;287,28;1,06E-4
3,898;4,369;0,996;2,24E-4;224,03;1,28E-4;287,27;9,48E-5
3,899;4,369;0,996;2,24E-4;224,06;7,29E-5;287,32;1,72E-4
3,900;4,368;0,995;2,24E-4;224,02;1,42E-4;287,23;3,66E-5
3,901;4,368;0,995;2,24E-4;224,03;1,34E-4;287,24;4,74E-5
3,902;4,368;0,995;2,24E-4;224,02;1,55E-4;287,20;-6,46E-6
3,903;4,368;0,995;2,24E-4;224,00;1,80E-4;287,21;-4,31E-6
3,904;4,368;0,995;2,24E-4;224,01;1,71E-4;287,18;-4,96E-5
3,905;4,369;0,996;2,24E-4;224,05;8,13E-5;287,31;1,51E-4
3,906;4,368;0,995;2,24E-4;224,02;1,38E-4;287,24;5,17E-5
3,907;4,368;0,995;2,24E-4;224,01;1,67E-4;287,20;-1,72E-5
3,908;4,369;0,996;2,24E-4;224,05;9,57E-5;287,30;1,38E-4
3,909;4,369;0,996;2,24E-4;224,04;1,11E-4;287,29;1,31E-4
3,910;4,369;0,996;2,24E-4;224,04;1,06E-4;287,27;9,05E-5
3,911;4,369;0,996;2,24E-4;224,06;7,29E-5;287,36;2,24E-4
3,912;4,369;0,996;2,24E-4;224,04;9,80E-5;287,30;1,34E-4
3,913;4,369;0,996;2,24E-4;224,05;7,82E-5;287,34;1,94E-4
3,914;4,369;0,996;2,24E-4;224,04;1,15E-4;287,31;1,49E-4
3,915;4,368;0,995;2,24E-4;224,02;1,46E-4;287,21;-2,15E-6
3,916;4,368;0,996;2,24E-4;224,02;1,41E-4;287,27;9,05E-5
3,917;4,369;0,996;2,24E-4;224,04;1,10E-4;287,27;9,48E-5
3,918;4,369;0,996;2,24E-4;224,03;1,20E-4;287,33;1,87E-4
3,919;4,368;0,995;2,24E-4;224,03;1,31E-4;287,21;1,08E-5
3,920;4,368;0,996;2,24E-4;224,03;1,32E-4;287,30;1,38E-4
3,921;4,369;0,997;2,24E-4;224,05;8,05E-5;287,40;2,89E-4
3,922;4,368;0,995;2,24E-4;224,00;1,78E-4;287,18;-4,09E-5
3,923;4,369;0,996;2,24E-4;224,03;1,19E-4;287,30;1,40E-4
3,924;4,370;0,997;2,24E-4;224,06;6,30E-5;287,40;2,97E-4
3,925;4,369;0,996;2,24E-4;224,03;1,22E-4;287,30;1,34E-4
3,926;4,369;0,997;2,24E-4;224,05;8,13E-5;287,40;2,86E-4
3,927;4,368;0,995;2,24E-4;224,01;1,70E-4;287,24;4,96E-5
3,928;4,369;0,996;2,24E-4;224,03;1,19E-4;287,33;1,79E-4
3,929;4,368;0,995;2,24E-4;224,01;1,69E-4;287,20;-6,46E-6
3,930;4,369;0,996;2,24E-4;224,03;1,24E-4;287,31;1,57E-4
3,931;4,368;0,995;2,24E-4;224,01;1,62E-4;287,20;-8,62E-6
3,932;4,369;0,996;2,24E-4;224,03;1,20E-4;287,30;1,36E-4
3,933;4,369;0,996;2,24E-4;224,03;1,25E-4;287,31;1,62E-4
3,934;4,368;0,995;2,24E-4;224,01;1,66E-4;287,23;3,66E-5
3,935;4,368;0,995;2,24E-4;224,01;1,66E-4;287,21;1,08E-5
3,936;4,369;0,997;2,24E-4;224,05;9,72E-5;287,39;2,74E-4
3,937;4,368;0,996;2,24E-4;224,02;1,48E-4;287,31;1,53E-4
3,938;4,368;0,995;2,24E-4;224,00;1,83E-4;287,20;-1,08E-5
3,939;4,369;0,997;2,24E-4;224,04;9,80E-5;287,41;3,06E-4
3,940;4,368;0,996;2,24E-4;224,02;1,55E-4;287,31;1,53E-4
3,941;4,368;0,996;2,24E-4;224,01;1,66E-4;287,29;1,23E-4
3,942;4,368;0,996;2,24E-4;224,01;1,72E-4;287,35;2,09E-4
3,943;4,368;0,996;2,24E-4;224,00;1,91E-4;287,31;1,57E-4
3,944;4,366;0,995;2,24E-4;223,96;2,66E-4;287,25;6,46E-5
3,945;4,366;0,996;2,24E-4;223,95;2,85E-4;287,27;9,69E-5
3,946;4,365;0,996;2,24E-4;223,92;3,36E-4;287,32;1,68E-4
3,947;4,364;0,996;2,24E-4;223,87;4,29E-4;287,33;1,90E-4
3,948;4,360;0,995;2,24E-4;223,76;6,43E-4;287,25;5,82E-5
3,949;4,358;0,996;2,24E-4;223,68;8,03E-4;287,34;2,02E-4
3,950;4,353;0,996;2,24E-4;223,52;0,00;287,31;1,55E-4
3,951;4,347;0,996;2,23E-4;223,33;0,00;287,35;2,13E-4
3,952;4,339;0,997;2,23E-4;223,08;0,00;287,48;4,13E-4
3,953;4,330;0,998;2,23E-4;222,80;0,00;287,58;5,58E-4
3,954;4,318;0,996;2,22E-4;222,40;0,00;287,35;2,15E-4
3,955;4,306;0,997;2,22E-4;222,01;0,00;287,39;2,71E-4
3,956;4,295;0,999;2,22E-4;221,65;0,00;287,61;6,03E-4
3,957;4,281;0,999;2,21E-4;221,23;0,01;287,61;6,01E-4
3,958;4,267;0,999;2,21E-4;220,77;0,01;287,71;7,58E-4
3,959;4,249;1,001;2,20E-4;220,19;0,01;287,91;0,00
3,960;4,232;1,003;2,20E-4;219,63;0,01;288,10;0,00
3,961;4,214;1,003;2,19E-4;219,06;0,01;288,16;0,00
3,962;4,195;1,005;2,18E-4;218,46;0,01;288,36;0,00
3,963;4,175;1,006;2,18E-4;217,81;0,01;288,51;0,00
3,964;4,152;1,007;2,17E-4;217,09;0,01;288,55;0,00
3,965;4,131;1,008;2,16E-4;216,39;0,02;288,71;0,00
3,966;4,108;1,009;2,16E-4;215,66;0,02;288,78;0,00
3,967;4,086;1,011;2,15E-4;214,96;0,02;289,10;0,00
3,968;4,063;1,013;2,14E-4;214,23;0,02;289,33;0,00
3,969;4,040;1,017;2,13E-4;213,50;0,02;289,71;0,00
3,970;4,017;1,019;2,13E-4;212,74;0,02;289,96;0,00
3,971;3,990;1,019;2,12E-4;211,89;0,02;290,02;0,00
3,972;3,967;1,023;2,11E-4;211,14;0,03;290,44;0,00
3,973;3,942;1,025;2,10E-4;210,33;0,03;290,68;0,01
3,974;3,918;1,029;2,10E-4;209,57;0,03;291,16;0,01
3,975;3,892;1,031;2,09E-4;208,73;0,03;291,41;0,01
3,976;3,865;1,033;2,08E-4;207,87;0,03;291,59;0,01
3,977;3,840;1,037;2,07E-4;207,08;0,03;292,06;0,01
3,978;3,814;1,040;2,06E-4;206,23;0,04;292,40;0,01
3,979;3,788;1,043;2,05E-4;205,38;0,04;292,82;0,01
3,980;3,760;1,046;2,04E-4;204,49;0,04;293,19;0,01
3,981;3,732;1,050;2,04E-4;203,60;0,04;293,57;0,01
3,982;3,705;1,054;2,03E-4;202,73;0,04;294,13;0,01
3,983;3,676;1,057;2,02E-4;201,78;0,05;294,47;0,01
3,984;3,646;1,060;2,01E-4;200,82;0,05;294,77;0,01
3,985;3,618;1,065;2,00E-4;199,93;0,05;295,32;0,01
3,986;3,589;1,069;1,99E-4;199,01;0,05;295,83;0,01
3,987;3,562;1,074;1,98E-4;198,13;0,05;296,46;0,01
3,988;3,532;1,078;1,97E-4;197,16;0,06;296,84;0,01
3,989;3,503;1,083;1,96E-4;196,25;0,06;297,41;0,02
3,990;3,473;1,087;1,95E-4;195,28;0,06;297,96;0,02
3,991;3,442;1,091;1,94E-4;194,27;0,06;298,43;0,02
3,992;3,411;1,097;1,93E-4;193,30;0,06;299,04;0,02
3,993;3,379;1,101;1,92E-4;192,28;0,07;299,57;0,02
3,994;3,349;1,106;1,91E-4;191,30;0,07;300,19;0,02
3,995;3,317;1,110;1,90E-4;190,28;0,07;300,63;0,02
3,996;3,286;1,116;1,89E-4;189,29;0,07;301,26;0,02
3,997;3,255;1,121;1,88E-4;188,27;0,08;301,92;0,02
3,998;3,224;1,127;1,87E-4;187,29;0,08;302,58;0,02
3,999;3,191;1,132;1,86E-4;186,24;0,08;303,19;0,02
4,000;3,159;1,138;1,85E-4;185,22;0,08;303,87;0,02
4,001;3,127;1,143;1,84E-4;184,17;0,09;304,47;0,03
4,002;3,096;1,150;1,83E-4;183,18;0,09;305,33;0,03
4,003;3,063;1,157;1,82E-4;182,13;0,09;306,05;0,03
4,004;3,029;1,161;1,81E-4;181,03;0,09;306,62;0,03
4,005;2,996;1,168;1,80E-4;179,98;0,10;307,41;0,03
4,006;2,962;1,174;1,79E-4;178,88;0,10;308,10;0,03
4,007;2,930;1,181;1,78E-4;177,84;0,10;308,95;0,03
4,008;2,896;1,188;1,77E-4;176,75;0,10;309,72;0,03
4,009;2,860;1,195;1,76E-4;175,62;0,11;310,52;0,03
4,010;2,825;1,202;1,74E-4;174,49;0,11;311,32;0,04
4,011;2,790;1,208;1,73E-4;173,35;0,11;312,11;0,04
4,012;2,753;1,215;1,72E-4;172,18;0,11;312,92;0,04
4,013;2,717;1,223;1,71E-4;171,01;0,12;313,80;0,04
4,014;2,680;1,230;1,70E-4;169,84;0,12;314,67;0,04
4,015;2,643;1,237;1,69E-4;168,64;0,12;315,47;0,04
4,016;2,605;1,244;1,67E-4;167,43;0,13;316,24;0,04
4,017;2,568;1,252;1,66E-4;166,24;0,13;317,15;0,04
4,018;2,532;1,261;1,65E-4;165,07;0,13;318,22;0,04
4,019;2,495;1,269;1,64E-4;163,88;0,14;319,20;0,05
4,020;2,456;1,277;1,63E-4;162,65;0,14;320,09;0,05
4,021;2,417;1,285;1,61E-4;161,38;0,14;321,04;0,05
4,022;2,380;1,295;1,60E-4;160,20;0,15;322,24;0,05
4,023;2,344;1,303;1,59E-4;159,06;0,15;323,20;0,05
4,024;2,308;1,312;1,58E-4;157,89;0,15;324,16;0,05
4,025;2,270;1,321;1,57E-4;156,66;0,16;325,28;0,05
4,026;2,230;1,331;1,55E-4;155,37;0,16;326,46;0,06
4,027;2,190;1,341;1,54E-4;154,08;0,16;327,54;0,06
4,028;2,151;1,351;1,53E-4;152,83;0,17;328,74;0,06
4,029;2,110;1,360;1,52E-4;151,53;0,17;329,75;0,06
4,030;2,071;1,370;1,50E-4;150,29;0,17;330,91;0,06
4,031;2,034;1,381;1,49E-4;149,11;0,18;332,26;0,06
4,032;1,996;1,391;1,48E-4;147,86;0,18;333,40;0,06
4,033;1,957;1,401;1,47E-4;146,62;0,18;334,56;0,07
4,034;1,920;1,413;1,45E-4;145,43;0,19;335,95;0,07
4,035;1,883;1,424;1,44E-4;144,24;0,19;337,28;0,07
4,036;1,845;1,434;1,43E-4;143,01;0,20;338,47;0,07
4,037;1,806;1,445;1,42E-4;141,78;0,20;339,69;0,07
4,038;1,768;1,455;1,41E-4;140,55;0,20;340,89;0,07
4,039;1,734;1,468;1,39E-4;139,45;0,21;342,38;0,08
4,040;1,698;1,479;1,38E-4;138,32;0,21;343,69;0,08
4,041;1,661;1,491;1,37E-4;137,13;0,21;345,03;0,08
4,042;1,624;1,503;1,36E-4;135,94;0,22;346,45;0,08
4,043;1,588;1,515;1,35E-4;134,78;0,22;347,92;0,08
4,044;1,553;1,528;1,34E-4;133,65;0,22;349,40;0,09
4,045;1,518;1,540;1,33E-4;132,53;0,23;350,86;0,09
4,046;1,483;1,553;1,31E-4;131,42;0,23;352,30;0,09
4,047;1,450;1,566;1,30E-4;130,34;0,24;353,79;0,09
4,048;1,415;1,577;1,29E-4;129,22;0,24;355,17;0,09
4,049;1,381;1,590;1,28E-4;128,13;0,24;356,62;0,09
4,050;1,348;1,603;1,27E-4;127,07;0,25;358,16;0,10
4,051;1,315;1,616;1,26E-4;126,03;0,25;359,68;0,10
4,052;1,284;1,630;1,25E-4;125,01;0,25;361,26;0,10
4,053;1,252;1,643;1,24E-4;123,99;0,26;362,80;0,10
4,054;1,222;1,657;1,23E-4;123,02;0,26;364,45;0,10
4,055;1,191;1,670;1,22E-4;122,03;0,26;366,02;0,11
4,056;1,160;1,683;1,21E-4;121,03;0,27;367,50;0,11
4,057;1,132;1,698;1,20E-4;120,13;0,27;369,20;0,11
4,058;1,102;1,711;1,19E-4;119,18;0,27;370,76;0,11
4,059;1,073;1,724;1,18E-4;118,26;0,28;372,34;0,11
4,060;1,044;1,738;1,17E-4;117,31;0,28;373,94;0,11
4,061;1,014;1,752;1,16E-4;116,36;0,28;375,51;0,12
4,062;0,986;1,766;1,15E-4;115,45;0,29;377,13;0,12
4,063;0,960;1,781;1,15E-4;114,62;0,29;378,89;0,12
4,064;0,933;1,794;1,14E-4;113,75;0,29;380,49;0,12
4,065;0,906;1,808;1,13E-4;112,87;0,30;382,09;0,12
4,066;0,880;1,823;1,12E-4;112,04;0,30;383,81;0,13
4,067;0,853;1,837;1,11E-4;111,18;0,30;385,46;0,13
4,068;0,826;1,851;1,10E-4;110,33;0,31;387,10;0,13
4,069;0,802;1,866;1,10E-4;109,55;0,31;388,85;0,13
4,070;0,778;1,879;1,09E-4;108,77;0,31;390,38;0,13
4,071;0,755;1,893;1,08E-4;108,02;0,32;391,98;0,14
4,072;0,733;1,908;1,07E-4;107,34;0,32;393,73;0,14
4,073;0,713;1,923;1,07E-4;106,67;0,32;395,46;0,14
4,074;0,693;1,938;1,06E-4;106,04;0,32;397,22;0,14
4,075;0,672;1,952;1,05E-4;105,36;0,33;398,85;0,14
4,076;0,651;1,966;1,05E-4;104,70;0,33;400,52;0,14
4,077;0,631;1,981;1,04E-4;104,07;0,33;402,24;0,15
4,078;0,610;1,994;1,03E-4;103,37;0,34;403,84;0,15
4,079;0,590;2,010;1,03E-4;102,75;0,34;405,62;0,15
4,080;0,568;2,023;1,02E-4;102,05;0,34;407,15;0,15
4,081;0,548;2,036;1,01E-4;101,39;0,34;408,69;0,15
4,082;0,532;2,051;1,01E-4;100,87;0,35;410,47;0,16
4,083;0,515;2,065;1,00E-4;100,34;0,35;412,07;0,16
4,084;0,499;2,078;9,98E-5;99,83;0,35;413,66;0,16
4,085;0,483;2,091;9,93E-5;99,32;0,35;415,15;0,16
4,086;0,467;2,104;9,88E-5;98,79;0,36;416,62;0,16
4,087;0,451;2,118;9,83E-5;98,27;0,36;418,31;0,16
4,088;0,435;2,132;9,78E-5;97,76;0,36;419,91;0,16
4,089;0,418;2,144;9,72E-5;97,21;0,36;421,28;0,17
4,090;0,403;2,157;9,67E-5;96,73;0,36;422,82;0,17
4,091;0,388;2,169;9,62E-5;96,25;0,37;424,25;0,17
4,092;0,374;2,182;9,58E-5;95,81;0,37;425,76;0,17
4,093;0,361;2,195;9,54E-5;95,40;0,37;427,28;0,17
4,094;0,350;2,209;9,50E-5;95,05;0,37;428,91;0,17
4,095;0,337;2,221;9,46E-5;94,63;0,37;430,26;0,18
4,096;0,328;2,234;9,43E-5;94,32;0,38;431,79;0,18
4,097;0,318;2,246;9,40E-5;94,00;0,38;433,22;0,18
4,098;0,308;2,257;9,37E-5;93,67;0,38;434,51;0,18
4,099;0,302;2,268;9,35E-5;93,50;0,38;435,73;0,18
4,100;0,302;2,280;9,35E-5;93,51;0,38;437,15;0,18
4,101;0,302;2,289;9,35E-5;93,49;0,38;438,27;0,18
4,102;0,304;2,301;9,35E-5;93,55;0,38;439,62;0,18
4,103;0,304;2,311;9,36E-5;93,55;0,38;440,80;0,19
4,104;0,303;2,320;9,35E-5;93,51;0,38;441,82;0,19
4,105;0,303;2,329;9,35E-5;93,53;0,38;442,91;0,19
4,106;0,304;2,338;9,35E-5;93,55;0,38;443,99;0,19
4,107;0,303;2,346;9,35E-5;93,52;0,38;444,87;0,19
4,108;0,303;2,354;9,35E-5;93,52;0,38;445,84;0,19
4,109;0,302;2,362;9,35E-5;93,50;0,38;446,77;0,19
4,110;0,303;2,369;9,35E-5;93,51;0,38;447,63;0,19
4,111;0,302;2,376;9,35E-5;93,49;0,38;448,42;0,19
4,112;0,302;2,383;9,35E-5;93,51;0,38;449,24;0,19
4,113;0,301;2,389;9,35E-5;93,48;0,38;449,93;0,19
4,114;0,302;2,396;9,35E-5;93,51;0,38;450,78;0,20
4,115;0,303;2,402;9,35E-5;93,54;0,38;451,48;0,20
4,116;0,304;2,408;9,36E-5;93,57;0,38;452,17;0,20
4,117;0,304;2,413;9,36E-5;93,57;0,38;452,72;0,20
4,118;0,305;2,418;9,36E-5;93,58;0,38;453,32;0,20
4,119;0,306;2,424;9,36E-5;93,61;0,38;453,99;0,20
4,120;0,306;2,430;9,36E-5;93,63;0,38;454,68;0,20
4,121;0,306;2,434;9,36E-5;93,61;0,38;455,18;0,20
4,122;0,304;2,437;9,36E-5;93,57;0,38;455,53;0,20
4,123;0,305;2,441;9,36E-5;93,58;0,38;456,02;0,20
4,124;0,305;2,446;9,36E-5;93,60;0,38;456,56;0,20
4,125;0,305;2,450;9,36E-5;93,60;0,38;457,02;0,20
4,126;0,305;2,453;9,36E-5;93,58;0,38;457,40;0,20
4,127;0,305;2,458;9,36E-5;93,58;0,38;457,93;0,20
4,128;0,303;2,460;9,35E-5;93,53;0,38;458,23;0,20
4,129;0,302;2,463;9,35E-5;93,50;0,38;458,60;0,20
4,130;0,302;2,466;9,35E-5;93,50;0,38;458,95;0,20
4,131;0,303;2,470;9,35E-5;93,53;0,38;459,38;0,20
4,132;0,303;2,473;9,35E-5;93,54;0,38;459,68;0,20
4,133;0,303;2,475;9,35E-5;93,54;0,38;459,91;0,20
4,134;0,305;2,479;9,36E-5;93,59;0,38;460,37;0,20
4,135;0,304;2,481;9,36E-5;93,56;0,38;460,60;0,21
4,136;0,305;2,483;9,36E-5;93,59;0,38;460,93;0,21
4,137;0,306;2,487;9,36E-5;93,62;0,38;461,31;0,21
4,138;0,307;2,489;9,36E-5;93,64;0,38;461,55;0,21
4,139;0,307;2,490;9,37E-5;93,67;0,38;461,74;0,21
4,140;0,309;2,493;9,37E-5;93,72;0,38;462,01;0,21
4,141;0,310;2,494;9,37E-5;93,75;0,38;462,21;0,21
4,142;0,310;2,496;9,37E-5;93,74;0,38;462,36;0,21
4,143;0,309;2,498;9,37E-5;93,71;0,38;462,61;0,21
4,144;0,308;2,499;9,37E-5;93,67;0,38;462,75;0,21
4,145;0,307;2,501;9,36E-5;93,64;0,38;462,97;0,21
4,146;0,304;2,501;9,36E-5;93,55;0,38;463,00;0,21
4,147;0,305;2,504;9,36E-5;93,58;0,38;463,37;0,21
4,148;0,304;2,505;9,36E-5;93,57;0,38;463,40;0,21
4,149;0,306;2,506;9,36E-5;93,62;0,38;463,54;0,21
4,150;0,306;2,508;9,36E-5;93,63;0,38;463,75;0,21
4,151;0,305;2,508;9,36E-5;93,59;0,38;463,76;0,21
4,152;0,307;2,511;9,37E-5;93,65;0,38;464,11;0,21
4,153;0,308;2,512;9,37E-5;93,69;0,38;464,29;0,21
4,154;0,308;2,512;9,37E-5;93,68;0,38;464,29;0,21
4,155;0,307;2,512;9,37E-5;93,67;0,38;464,32;0,21
4,156;0,308;2,513;9,37E-5;93,68;0,38;464,43;0,21
4,157;0,307;2,514;9,37E-5;93,65;0,38;464,52;0,21
4,158;0,306;2,516;9,36E-5;93,63;0,38;464,75;0,21
4,159;0,306;2,518;9,36E-5;93,63;0,38;464,95;0,21
4,160;0,304;2,517;9,36E-5;93,57;0,38;464,85;0,21
4,161;0,304;2,517;9,36E-5;93,56;0,38;464,87;0,21
4,162;0,305;2,519;9,36E-5;93,60;0,38;465,09;0,21
4,163;0,306;2,520;9,36E-5;93,61;0,38;465,17;0,21
4,164;0,304;2,519;9,36E-5;93,56;0,38;465,09;0,21
4,165;0,305;2,520;9,36E-5;93,59;0,38;465,15;0,21
4,166;0,305;2,520;9,36E-5;93,58;0,38;465,20;0,21
4,167;0,306;2,521;9,36E-5;93,63;0,38;465,31;0,21
4,168;0,307;2,521;9,36E-5;93,64;0,38;465,37;0,21
4,169;0,307;2,522;9,37E-5;93,67;0,38;465,48;0,21
4,170;0,308;2,523;9,37E-5;93,69;0,38;465,56;0,21
4,171;0,307;2,522;9,36E-5;93,65;0,38;465,38;0,21
4,172;0,306;2,521;9,36E-5;93,62;0,38;465,33;0,21
4,173;0,306;2,521;9,36E-5;93,63;0,38;465,33;0,21
4,174;0,306;2,521;9,36E-5;93,63;0,38;465,30;0,21
4,175;0,306;2,522;9,36E-5;93,63;0,38;465,38;0,21
4,176;0,306;2,522;9,36E-5;93,63;0,38;465,38;0,21
4,177;0,307;2,523;9,37E-5;93,66;0,38;465,51;0,21
4,178;0,307;2,522;9,37E-5;93,66;0,38;465,43;0,21
4,179;0,306;2,521;9,36E-5;93,62;0,38;465,26;0,21
4,180;0,306;2,520;9,36E-5;93,62;0,38;465,18;0,21
4,181;0,307;2,520;9,36E-5;93,65;0,38;465,22;0,21
4,182;0,308;2,521;9,37E-5;93,69;0,38;465,34;0,21
4,183;0,308;2,520;9,37E-5;93,69;0,38;465,23;0,21
4,184;0,309;2,520;9,37E-5;93,71;0,38;465,19;0,21
4,185;0,309;2,520;9,37E-5;93,73;0,38;465,16;0,21
4,186;0,308;2,518;9,37E-5;93,69;0,38;464,99;0,21
4,187;0,309;2,518;9,37E-5;93,71;0,38;464,99;0,21
4,188;0,308;2,517;9,37E-5;93,69;0,38;464,85;0,21
4,189;0,307;2,516;9,37E-5;93,67;0,38;464,68;0,21
4,190;0,308;2,516;9,37E-5;93,69;0,38;464,70;0,21
4,191;0,307;2,514;9,37E-5;93,66;0,38;464,44;0,21
4,192;0,308;2,513;9,37E-5;93,69;0,38;464,43;0,21
4,193;0,309;2,513;9,37E-5;93,72;0,38;464,41;0,21
4,194;0,308;2,512;9,37E-5;93,70;0,38;464,23;0,21
4,195;0,309;2,512;9,37E-5;93,73;0,38;464,22;0,21
4,196;0,310;2,511;9,37E-5;93,75;0,38;464,11;0,21
4,197;0,310;2,509;9,37E-5;93,74;0,38;463,90;0,21
4,198;0,310;2,508;9,37E-5;93,75;0,38;463,77;0,21
4,199;0,311;2,507;9,38E-5;93,78;0,38;463,65;0,21
4,200;0,311;2,505;9,38E-5;93,78;0,38;463,46;0,21
4,201;0,313;2,505;9,38E-5;93,84;0,38;463,40;0,21
4,202;0,315;2,504;9,39E-5;93,91;0,38;463,36;0,21
4,203;0,316;2,503;9,40E-5;93,96;0,38;463,23;0,21
4,204;0,317;2,501;9,40E-5;93,97;0,38;462,95;0,21
4,205;0,318;2,500;9,40E-5;94,02;0,38;462,81;0,21
4,206;0,320;2,498;9,41E-5;94,08;0,38;462,61;0,21
4,207;0,323;2,497;9,42E-5;94,15;0,38;462,48;0,21
4,208;0,326;2,496;9,43E-5;94,25;0,38;462,39;0,21
4,209;0,327;2,494;9,43E-5;94,30;0,38;462,11;0,21
4,210;0,329;2,492;9,44E-5;94,37;0,38;461,92;0,21
4,211;0,331;2,490;9,44E-5;94,44;0,38;461,66;0,21
4,212;0,336;2,490;9,46E-5;94,59;0,37;461,66;0,21
4,213;0,340;2,488;9,47E-5;94,70;0,37;461,42;0,21
4,214;0,341;2,484;9,48E-5;94,76;0,37;461,05;0,21
4,215;0,345;2,483;9,49E-5;94,89;0,37;460,89;0,21
4,216;0,348;2,480;9,50E-5;94,97;0,37;460,59;0,21
4,217;0,350;2,477;9,50E-5;95,03;0,37;460,16;0,20
4,218;0,354;2,476;9,52E-5;95,17;0,37;460,05;0,20
4,219;0,359;2,475;9,53E-5;95,34;0,37;459,92;0,20
4,220;0,363;2,473;9,55E-5;95,46;0,37;459,67;0,20
4,221;0,368;2,471;9,56E-5;95,60;0,37;459,44;0,20
4,222;0,371;2,467;9,57E-5;95,70;0,37;459,07;0,20
4,223;0,375;2,465;9,58E-5;95,83;0,37;458,77;0,20
4,224;0,380;2,463;9,60E-5;96,00;0,37;458,57;0,20
4,225;0,384;2,460;9,61E-5;96,13;0,37;458,15;0,20
4,226;0,389;2,457;9,63E-5;96,27;0,37;457,79;0,20
4,227;0,394;2,454;9,65E-5;96,46;0,37;457,55;0,20
4,228;0,399;2,451;9,66E-5;96,61;0,37;457,11;0,20
4,229;0,405;2,448;9,68E-5;96,79;0,36;456,80;0,20
4,230;0,411;2,446;9,70E-5;96,99;0,36;456,52;0,20
4,231;0,418;2,443;9,72E-5;97,22;0,36;456,27;0,20
4,232;0,425;2,441;9,74E-5;97,44;0,36;455,96;0,20
4,233;0,433;2,438;9,77E-5;97,69;0,36;455,65;0,20
4,234;0,440;2,435;9,79E-5;97,92;0,36;455,24;0,20
4,235;0,446;2,431;9,81E-5;98,12;0,36;454,82;0,20
4,236;0,453;2,427;9,83E-5;98,35;0,36;454,33;0,20
4,237;0,462;2,425;9,86E-5;98,62;0,36;454,09;0,20
4,238;0,470;2,422;9,89E-5;98,89;0,36;453,71;0,20
4,239;0,477;2,417;9,91E-5;99,10;0,35;453,13;0,20
4,240;0,485;2,414;9,94E-5;99,37;0,35;452,79;0,20
4,241;0,493;2,410;9,96E-5;99,63;0,35;452,41;0,20
4,242;0,502;2,407;9,99E-5;99,90;0,35;452,05;0,20
4,243;0,509;2,403;1,00E-4;100,14;0,35;451,49;0,20
4,244;0,518;2,398;1,00E-4;100,42;0,35;450,93;0,20
4,245;0,527;2,393;1,01E-4;100,71;0,35;450,41;0,20
4,246;0,537;2,390;1,01E-4;101,05;0,35;449,99;0,20
4,247;0,547;2,384;1,01E-4;101,36;0,34;449,38;0,19
4,248;0,559;2,380;1,02E-4;101,73;0,34;448,85;0,19
4,249;0,571;2,376;1,02E-4;102,11;0,34;448,40;0,19
4,250;0,582;2,371;1,02E-4;102,50;0,34;447,81;0,19
4,251;0,596;2,367;1,03E-4;102,93;0,34;447,34;0,19
4,252;0,608;2,363;1,03E-4;103,33;0,34;446,82;0,19
4,253;0,620;2,356;1,04E-4;103,69;0,33;446,09;0,19
4,254;0,631;2,350;1,04E-4;104,05;0,33;445,40;0,19
4,255;0,644;2,346;1,04E-4;104,46;0,33;444,90;0,19
4,256;0,656;2,341;1,05E-4;104,85;0,33;444,31;0,19
4,257;0,669;2,336;1,05E-4;105,27;0,33;443,75;0,19
4,258;0,681;2,331;1,06E-4;105,66;0,33;443,13;0,19
4,259;0,692;2,324;1,06E-4;106,02;0,33;442,29;0,19
4,260;0,704;2,318;1,06E-4;106,41;0,32;441,61;0,19
4,261;0,717;2,312;1,07E-4;106,82;0,32;440,93;0,19
4,262;0,730;2,306;1,07E-4;107,24;0,32;440,21;0,19
4,263;0,744;2,300;1,08E-4;107,67;0,32;439,47;0,18
4,264;0,757;2,292;1,08E-4;108,09;0,32;438,63;0,18
4,265;0,771;2,286;1,09E-4;108,56;0,31;437,91;0,18
4,266;0,788;2,281;1,09E-4;109,09;0,31;437,30;0,18
4,267;0,802;2,272;1,10E-4;109,53;0,31;436,31;0,18
4,268;0,818;2,265;1,10E-4;110,05;0,31;435,48;0,18
4,269;0,835;2,257;1,11E-4;110,60;0,31;434,56;0,18
4,270;0,854;2,251;1,11E-4;111,20;0,30;433,77;0,18
4,271;0,873;2,244;1,12E-4;111,83;0,30;433,04;0,18
4,272;0,891;2,236;1,12E-4;112,41;0,30;432,08;0,18
4,273;0,907;2,226;1,13E-4;112,93;0,30;430,94;0,18
4,274;0,925;2,218;1,14E-4;113,50;0,30;429,96;0,18
4,275;0,944;2,211;1,14E-4;114,09;0,29;429,10;0,17
4,276;0,961;2,202;1,15E-4;114,65;0,29;428,09;0,17
4,277;0,979;2,194;1,15E-4;115,22;0,29;427,09;0,17
4,278;0,997;2,185;1,16E-4;115,81;0,29;426,07;0,17
4,279;1,016;2,176;1,16E-4;116,40;0,28;425,06;0,17
4,280;1,037;2,169;1,17E-4;117,08;0,28;424,19;0,17
4,281;1,055;2,158;1,18E-4;117,68;0,28;422,96;0,17
4,282;1,075;2,149;1,18E-4;118,31;0,28;421,92;0,17
4,283;1,095;2,140;1,19E-4;118,95;0,28;420,81;0,17
4,284;1,115;2,131;1,20E-4;119,58;0,27;419,76;0,16
4,285;1,135;2,121;1,20E-4;120,22;0,27;418,60;0,16
4,286;1,155;2,111;1,21E-4;120,86;0,27;417,46;0,16
4,287;1,175;2,101;1,22E-4;121,51;0,27;416,34;0,16
4,288;1,194;2,090;1,22E-4;122,12;0,26;415,04;0,16
4,289;1,215;2,081;1,23E-4;122,81;0,26;413,94;0,16
4,290;1,236;2,071;1,23E-4;123,48;0,26;412,78;0,16
4,291;1,257;2,061;1,24E-4;124,14;0,26;411,60;0,16
4,292;1,276;2,049;1,25E-4;124,77;0,25;410,27;0,15
4,293;1,297;2,039;1,25E-4;125,42;0,25;409,04;0,15
4,294;1,318;2,029;1,26E-4;126,12;0,25;407,86;0,15
4,295;1,340;2,018;1,27E-4;126,81;0,25;406,65;0,15
4,296;1,360;2,007;1,27E-4;127,46;0,25;405,28;0,15
4,297;1,382;1,996;1,28E-4;128,16;0,24;404,07;0,15
4,298;1,403;1,985;1,29E-4;128,83;0,24;402,74;0,15
4,299;1,425;1,975;1,30E-4;129,55;0,24;401,56;0,15
4,300;1,446;1,963;1,30E-4;130,20;0,24;400,14;0,14
4,301;1,467;1,951;1,31E-4;130,88;0,23;398,81;0,14
4,302;1,489;1,940;1,32E-4;131,59;0,23;397,52;0,14
4,303;1,512;1,930;1,32E-4;132,33;0,23;396,34;0,14
4,304;1,534;1,920;1,33E-4;133,05;0,23;395,13;0,14
4,305;1,556;1,907;1,34E-4;133,73;0,22;393,66;0,14
4,306;1,578;1,897;1,34E-4;134,46;0,22;392,46;0,14
4,307;1,601;1,886;1,35E-4;135,18;0,22;391,16;0,13
4,308;1,623;1,874;1,36E-4;135,89;0,22;389,76;0,13
4,309;1,646;1,864;1,37E-4;136,64;0,21;388,61;0,13
4,310;1,669;1,852;1,37E-4;137,38;0,21;387,25;0,13
4,311;1,693;1,842;1,38E-4;138,13;0,21;386,08;0,13
4,312;1,714;1,831;1,39E-4;138,82;0,21;384,77;0,13
4,313;1,734;1,818;1,39E-4;139,45;0,21;383,31;0,13
4,314;1,756;1,809;1,40E-4;140,18;0,20;382,23;0,12
4,315;1,777;1,797;1,41E-4;140,85;0,20;380,85;0,12
4,316;1,798;1,786;1,42E-4;141,52;0,20;379,48;0,12
4,317;1,820;1,775;1,42E-4;142,23;0,20;378,25;0,12
4,318;1,842;1,765;1,43E-4;142,93;0,20;377,05;0,12
4,319;1,862;1,752;1,44E-4;143,56;0,19;375,58;0,12
4,320;1,882;1,742;1,44E-4;144,23;0,19;374,37;0,12
4,321;1,902;1,731;1,45E-4;144,86;0,19;373,05;0,11
4,322;1,922;1,719;1,46E-4;145,51;0,19;371,74;0,11
4,323;1,943;1,709;1,46E-4;146,18;0,19;370,57;0,11
4,324;1,963;1,698;1,47E-4;146,80;0,18;369,30;0,11
4,325;1,983;1,688;1,47E-4;147,44;0,18;368,07;0,11
4,326;2,001;1,677;1,48E-4;148,04;0,18;366,82;0,11
4,327;2,021;1,668;1,49E-4;148,67;0,18;365,72;0,10
4,328;2,041;1,659;1,49E-4;149,32;0,18;364,67;0,10
4,329;2,059;1,648;1,50E-4;149,89;0,17;363,45;0,10
4,330;2,076;1,637;1,50E-4;150,43;0,17;362,10;0,10
4,331;2,094;1,627;1,51E-4;151,03;0,17;361,01;0,10
4,332;2,112;1,618;1,52E-4;151,60;0,17;359,88;0,10
4,333;2,130;1,609;1,52E-4;152,18;0,17;358,81;0,10
4,334;2,148;1,600;1,53E-4;152,76;0,17;357,76;0,10
4,335;2,164;1,589;1,53E-4;153,26;0,17;356,50;0,09
4,336;2,182;1,580;1,54E-4;153,83;0,16;355,46;0,09
4,337;2,199;1,571;1,54E-4;154,38;0,16;354,41;0,09
4,338;2,216;1,563;1,55E-4;154,94;0,16;353,47;0,09
4,339;2,234;1,555;1,56E-4;155,52;0,16;352,53;0,09
4,340;2,250;1,544;1,56E-4;156,01;0,16;351,31;0,09
4,341;2,267;1,536;1,57E-4;156,56;0,16;350,32;0,09
4,342;2,283;1,528;1,57E-4;157,10;0,15;349,36;0,09
4,343;2,298;1,518;1,58E-4;157,57;0,15;348,21;0,08
4,344;2,312;1,509;1,58E-4;158,01;0,15;347,21;0,08
4,345;2,326;1,501;1,58E-4;158,46;0,15;346,25;0,08
4,346;2,340;1,494;1,59E-4;158,92;0,15;345,41;0,08
4,347;2,352;1,484;1,59E-4;159,30;0,15;344,30;0,08
4,348;2,366;1,478;1,60E-4;159,76;0,15;343,59;0,08
4,349;2,381;1,471;1,60E-4;160,22;0,15;342,71;0,08
4,350;2,395;1,463;1,61E-4;160,68;0,14;341,84;0,08
4,351;2,409;1,455;1,61E-4;161,12;0,14;340,90;0,07
4,352;2,423;1,448;1,62E-4;161,58;0,14;340,02;0,07
4,353;2,437;1,440;1,62E-4;162,02;0,14;339,12;0,07
4,354;2,452;1,433;1,62E-4;162,50;0,14;338,33;0,07
4,355;2,464;1,425;1,63E-4;162,91;0,14;337,41;0,07
4,356;2,478;1,418;1,63E-4;163,35;0,14;336,58;0,07
4,357;2,491;1,410;1,64E-4;163,76;0,14;335,68;0,07
4,358;2,506;1,405;1,64E-4;164,24;0,13;335,08;0,07
4,359;2,518;1,398;1,65E-4;164,63;0,13;334,25;0,07
4,360;2,531;1,391;1,65E-4;165,06;0,13;333,46;0,06
4,361;2,545;1,385;1,65E-4;165,50;0,13;332,75;0,06
4,362;2,559;1,379;1,66E-4;165,93;0,13;331,99;0,06
4,363;2,570;1,371;1,66E-4;166,29;0,13;331,12;0,06
4,364;2,583;1,365;1,67E-4;166,70;0,13;330,37;0,06
4,365;2,595;1,359;1,67E-4;167,10;0,13;329,65;0,06
4,366;2,607;1,352;1,67E-4;167,50;0,13;328,91;0,06
4,367;2,620;1,347;1,68E-4;167,89;0,13;328,23;0,06
4,368;2,632;1,341;1,68E-4;168,30;0,12;327,59;0,06
4,369;2,644;1,335;1,69E-4;168,67;0,12;326,83;0,06
4,370;2,655;1,328;1,69E-4;169,03;0,12;326,11;0,06
4,371;2,666;1,322;1,69E-4;169,39;0,12;325,34;0,05
4,372;2,678;1,316;1,70E-4;169,77;0,12;324,66;0,05
4,373;2,691;1,312;1,70E-4;170,19;0,12;324,23;0,05
4,374;2,703;1,307;1,71E-4;170,55;0,12;323,57;0,05
4,375;2,713;1,300;1,71E-4;170,89;0,12;322,83;0,05
4,376;2,723;1,294;1,71E-4;171,21;0,12;322,10;0,05
4,377;2,735;1,289;1,72E-4;171,61;0,12;321,55;0,05
4,378;2,747;1,285;1,72E-4;171,98;0,11;321,02;0,05
4,379;2,758;1,279;1,72E-4;172,32;0,11;320,33;0,05
4,380;2,770;1,275;1,73E-4;172,71;0,11;319,84;0,05
4,381;2,779;1,268;1,73E-4;173,00;0,11;319,07;0,05
4,382;2,790;1,264;1,73E-4;173,37;0,11;318,55;0,04
4,383;2,802;1,260;1,74E-4;173,75;0,11;318,11;0,04
4,384;2,813;1,256;1,74E-4;174,09;0,11;317,61;0,04
4,385;2,823;1,251;1,74E-4;174,41;0,11;317,04;0,04
4,386;2,831;1,245;1,75E-4;174,68;0,11;316,35;0,04
4,387;2,842;1,241;1,75E-4;175,02;0,11;315,87;0,04
4,388;2,851;1,236;1,75E-4;175,32;0,11;315,32;0,04
4,389;2,862;1,233;1,76E-4;175,67;0,11;314,95;0,04
4,390;2,871;1,228;1,76E-4;175,96;0,11;314,38;0,04
4,391;2,879;1,222;1,76E-4;176,22;0,10;313,71;0,04
4,392;2,889;1,218;1,77E-4;176,53;0,10;313,25;0,04
4,393;2,897;1,213;1,77E-4;176,80;0,10;312,66;0,04
4,394;2,907;1,210;1,77E-4;177,11;0,10;312,27;0,04
4,395;2,917;1,207;1,77E-4;177,44;0,10;311,93;0,04
4,396;2,926;1,203;1,78E-4;177,72;0,10;311,42;0,04
4,397;2,934;1,199;1,78E-4;177,99;0,10;310,97;0,03
4,398;2,942;1,193;1,78E-4;178,24;0,10;310,36;0,03
4,399;2,953;1,192;1,79E-4;178,59;0,10;310,14;0,03
4,400;2,961;1,187;1,79E-4;178,85;0,10;309,63;0,03
4,401;2,969;1,183;1,79E-4;179,12;0,10;309,15;0,03
4,402;2,978;1,179;1,79E-4;179,39;0,10;308,67;0,03
4,403;2,987;1,175;1,80E-4;179,68;0,10;308,25;0,03
4,404;2,995;1,172;1,80E-4;179,95;0,10;307,82;0,03
4,405;3,004;1,169;1,80E-4;180,24;0,09;307,45;0,03
4,406;3,013;1,165;1,81E-4;180,51;0,09;307,03;0,03
4,407;3,020;1,161;1,81E-4;180,76;0,09;306,53;0,03
4,408;3,029;1,158;1,81E-4;181,02;0,09;306,17;0,03
4,409;3,036;1,153;1,81E-4;181,26;0,09;305,64;0,03
4,410;3,045;1,151;1,82E-4;181,54;0,09;305,35;0,03
4,411;3,054;1,148;1,82E-4;181,82;0,09;305,01;0,03
4,412;3,059;1,143;1,82E-4;182,01;0,09;304,43;0,03
4,413;3,069;1,141;1,82E-4;182,31;0,09;304,20;0,02
4,414;3,076;1,138;1,83E-4;182,54;0,09;303,84;0,02
4,415;3,084;1,135;1,83E-4;182,80;0,09;303,56;0,02
4,416;3,092;1,132;1,83E-4;183,05;0,09;303,22;0,02
4,417;3,097;1,128;1,83E-4;183,22;0,09;302,75;0,02
4,418;3,105;1,126;1,83E-4;183,46;0,09;302,47;0,02
4,419;3,111;1,123;1,84E-4;183,68;0,09;302,12;0,02
4,420;3,117;1,119;1,84E-4;183,87;0,09;301,68;0,02
4,421;3,124;1,117;1,84E-4;184,07;0,09;301,43;0,02
4,422;3,130;1,115;1,84E-4;184,28;0,08;301,22;0,02
4,423;3,135;1,112;1,84E-4;184,43;0,08;300,79;0,02
4,424;3,141;1,108;1,85E-4;184,62;0,08;300,38;0,02
4,425;3,147;1,106;1,85E-4;184,82;0,08;300,19;0,02
4,426;3,150;1,102;1,85E-4;184,93;0,08;299,63;0,02
4,427;3,156;1,099;1,85E-4;185,10;0,08;299,37;0,02
4,428;3,163;1,098;1,85E-4;185,33;0,08;299,20;0,02
4,429;3,168;1,095;1,85E-4;185,48;0,08;298,92;0,02
4,430;3,174;1,094;1,86E-4;185,69;0,08;298,74;0,02
4,431;3,179;1,092;1,86E-4;185,86;0,08;298,49;0,02
4,432;3,184;1,089;1,86E-4;186,01;0,08;298,16;0,02
4,433;3,190;1,088;1,86E-4;186,20;0,08;298,04;0,02
4,434;3,193;1,084;1,86E-4;186,29;0,08;297,52;0,02
4,435;3,198;1,081;1,86E-4;186,45;0,08;297,28;0,01
4,436;3,203;1,080;1,87E-4;186,62;0,08;297,12;0,01
4,437;3,208;1,078;1,87E-4;186,79;0,08;296,93;0,01
4,438;3,213;1,077;1,87E-4;186,95;0,08;296,73;0,01
4,439;3,217;1,074;1,87E-4;187,08;0,08;296,42;0,01
4,440;3,222;1,072;1,87E-4;187,22;0,08;296,23;0,01
4,441;3,227;1,071;1,87E-4;187,37;0,08;296,02;0,01
4,442;3,233;1,070;1,88E-4;187,57;0,08;295,98;0,01
4,443;3,237;1,069;1,88E-4;187,69;0,08;295,78;0,01
4,444;3,239;1,065;1,88E-4;187,77;0,08;295,32;0,01
4,445;3,244;1,064;1,88E-4;187,95;0,08;295,20;0,01
4,446;3,249;1,062;1,88E-4;188,09;0,08;295,00;0,01
4,447;3,252;1,059;1,88E-4;188,19;0,08;294,64;0,01
4,448;3,256;1,057;1,88E-4;188,32;0,08;294,46;0,01
4,449;3,261;1,057;1,88E-4;188,49;0,08;294,42;0,01
4,450;3,265;1,054;1,89E-4;188,59;0,07;294,09;0,01
4,451;3,269;1,053;1,89E-4;188,72;0,07;293,95;0,01
4,452;3,272;1,051;1,89E-4;188,82;0,07;293,77;0,01
4,453;3,276;1,050;1,89E-4;188,95;0,07;293,56;0,01
4,454;3,279;1,048;1,89E-4;189,07;0,07;293,37;0,01
4,455;3,284;1,047;1,89E-4;189,21;0,07;293,29;0,01
4,456;3,285;1,044;1,89E-4;189,26;0,07;292,95;0,01
4,457;3,291;1,045;1,89E-4;189,43;0,07;292,99;0,01
4,458;3,294;1,043;1,90E-4;189,52;0,07;292,82;0,01
4,459;3,297;1,042;1,90E-4;189,63;0,07;292,69;0,01
4,460;3,299;1,040;1,90E-4;189,71;0,07;292,44;0,01
4,461;3,302;1,039;1,90E-4;189,81;0,07;292,29;0,01
4,462;3,305;1,038;1,90E-4;189,90;0,07;292,21;0,01
4,463;3,308;1,036;1,90E-4;189,99;0,07;292,04;0,01
4,464;3,310;1,034;1,90E-4;190,05;0,07;291,77;0,01
4,465;3,314;1,035;1,90E-4;190,19;0,07;291,86;0,01
4,466;3,317;1,033;1,90E-4;190,26;0,07;291,61;0,01
4,467;3,319;1,032;1,90E-4;190,34;0,07;291,47;0,01
4,468;3,321;1,030;1,90E-4;190,40;0,07;291,33;0,01
4,469;3,323;1,029;1,90E-4;190,48;0,07;291,17;0,01
4,470;3,326;1,029;1,91E-4;190,57;0,07;291,12;0,01
4,471;3,329;1,029;1,91E-4;190,66;0,07;291,11;0,01
4,472;3,332;1,028;1,91E-4;190,74;0,07;290,99;0,01
4,473;3,333;1,026;1,91E-4;190,80;0,07;290,78;0,01
4,474;3,337;1,026;1,91E-4;190,92;0,07;290,86;0,01
4,475;3,338;1,024;1,91E-4;190,95;0,07;290,61;0,01
4,476;3,340;1,023;1,91E-4;191,00;0,07;290,44;0,00
4,477;3,342;1,022;1,91E-4;191,06;0,07;290,30;0,00
4,478;3,343;1,020;1,91E-4;191,11;0,07;290,16;0,00
4,479;3,346;1,021;1,91E-4;191,21;0,07;290,20;0,00
4,480;3,349;1,020;1,91E-4;191,29;0,07;290,11;0,00
4,481;3,351;1,019;1,91E-4;191,36;0,07;290,03;0,00
4,482;3,353;1,018;1,91E-4;191,44;0,07;289,93;0,00
4,483;3,357;1,019;1,92E-4;191,55;0,07;289,94;0,00
4,484;3,358;1,017;1,92E-4;191,60;0,07;289,80;0,00
4,485;3,360;1,016;1,92E-4;191,65;0,07;289,63;0,00
4,486;3,361;1,014;1,92E-4;191,68;0,07;289,41;0,00
4,487;3,363;1,014;1,92E-4;191,76;0,07;289,37;0,00
4,488;3,366;1,013;1,92E-4;191,85;0,07;289,35;0,00
4,489;3,370;1,014;1,92E-4;191,98;0,07;289,43;0,00
4,490;3,372;1,013;1,92E-4;192,04;0,07;289,28;0,00
4,491;3,374;1,012;1,92E-4;192,11;0,07;289,15;0,00
4,492;3,377;1,011;1,92E-4;192,19;0,07;289,07;0,00
4,493;3,379;1,010;1,92E-4;192,25;0,07;288,92;0,00
4,494;3,382;1,010;1,92E-4;192,35;0,07;288,92;0,00
4,495;3,384;1,010;1,92E-4;192,44;0,07;288,92;0,00
4,496;3,387;1,010;1,93E-4;192,53;0,07;288,93;0,00
4,497;3,389;1,008;1,93E-4;192,58;0,07;288,71;0,00
4,498;3,391;1,008;1,93E-4;192,64;0,07;288,68;0,00
4,499;3,393;1,007;1,93E-4;192,71;0,07;288,56;0,00
4,500;3,396;1,007;1,93E-4;192,81;0,07;288,59;0,00
4,501;3,399;1,007;1,93E-4;192,91;0,07;288,62;0,00
4,502;3,400;1,005;1,93E-4;192,93;0,07;288,41;0,00
4,503;3,401;1,004;1,93E-4;192,97;0,06;288,29;0,00
4,504;3,402;1,003;1,93E-4;193,02;0,06;288,15;0,00
4,505;3,406;1,004;1,93E-4;193,12;0,06;288,24;0,00
4,506;3,408;1,004;1,93E-4;193,19;0,06;288,21;0,00
4,507;3,410;1,003;1,93E-4;193,25;0,06;288,17;0,00
4,508;3,410;1,002;1,93E-4;193,27;0,06;287,98;0,00
4,509;3,411;1,000;1,93E-4;193,30;0,06;287,83;9,43E-4
4,510;3,413;1,001;1,93E-4;193,35;0,06;287,84;9,56E-4
4,511;3,414;1,000;1,93E-4;193,40;0,06;287,77;8,48E-4
4,512;3,415;0,999;1,93E-4;193,44;0,06;287,70;7,38E-4
4,513;3,417;0,999;1,93E-4;193,50;0,06;287,71;7,60E-4
4,514;3,418;0,998;1,94E-4;193,51;0,06;287,55;5,17E-4
4,515;3,419;0,998;1,94E-4;193,55;0,06;287,50;4,39E-4
4,516;3,422;0,999;1,94E-4;193,65;0,06;287,71;7,62E-4
4,517;3,423;0,999;1,94E-4;193,69;0,06;287,64;6,52E-4
4,518;3,424;0,999;1,94E-4;193,72;0,06;287,63;6,31E-4
4,519;3,425;0,997;1,94E-4;193,75;0,06;287,47;3,98E-4
4,520;3,428;0,998;1,94E-4;193,83;0,06;287,58;5,64E-4
4,521;3,428;0,998;1,94E-4;193,84;0,06;287,51;4,63E-4
4,522;3,428;0,997;1,94E-4;193,84;0,06;287,43;3,42E-4
4,523;3,430;0,997;1,94E-4;193,92;0,06;287,47;3,98E-4
4,524;3,430;0,996;1,94E-4;193,92;0,06;287,30;1,46E-4
4,525;3,432;0,997;1,94E-4;193,97;0,06;287,37;2,43E-4
4,526;3,432;0,996;1,94E-4;193,97;0,06;287,28;1,16E-4
4,527;3,433;0,995;1,94E-4;193,99;0,06;287,25;5,82E-5
4,528;3,434;0,995;1,94E-4;194,02;0,06;287,24;5,17E-5
4,529;3,434;0,994;1,94E-4;194,02;0,06;287,11;-1,42E-4
4,530;3,436;0,995;1,94E-4;194,08;0,06;287,24;4,96E-5
4,531;3,434;0,993;1,94E-4;194,04;0,06;286,94;-4,12E-4
4,532;3,435;0,993;1,94E-4;194,07;0,06;286,95;-3,86E-4
4,533;3,437;0,994;1,94E-4;194,11;0,06;287,04;-2,48E-4
4,534;3,437;0,993;1,94E-4;194,13;0,06;287,01;-3,06E-4
4,535;3,437;0,992;1,94E-4;194,12;0,06;286,90;-4,72E-4
4,536;3,438;0,993;1,94E-4;194,16;0,06;286,96;-3,69E-4
4,537;3,438;0,993;1,94E-4;194,16;0,06;286,90;-4,59E-4
4,538;3,438;0,992;1,94E-4;194,16;0,06;286,84;-5,52E-4
4,539;3,439;0,993;1,94E-4;194,20;0,06;286,93;-4,27E-4
4,540;3,440;0,993;1,94E-4;194,23;0,06;286,99;-3,23E-4
4,541;3,439;0,992;1,94E-4;194,19;0,06;286,80;-6,23E-4
4,542;3,440;0,993;1,94E-4;194,24;0,06;286,91;-4,44E-4
4,543;3,441;0,993;1,94E-4;194,27;0,06;286,96;-3,75E-4
4,544;3,441;0,992;1,94E-4;194,25;0,06;286,90;-4,68E-4
4,545;3,442;0,993;1,94E-4;194,30;0,06;286,95;-3,84E-4
4,546;3,441;0,992;1,94E-4;194,27;0,06;286,88;-4,94E-4
4,547;3,442;0,992;1,94E-4;194,29;0,06;286,83;-5,74E-4
4,548;3,443;0,992;1,94E-4;194,30;0,06;286,87;-5,09E-4
4,549;3,442;0,992;1,94E-4;194,29;0,06;286,79;-6,36E-4
4,550;3,442;0,990;1,94E-4;194,28;0,06;286,65;-8,50E-4
4,551;3,443;0,991;1,94E-4;194,32;0,06;286,77;-6,66E-4
4,552;3,444;0,992;1,94E-4;194,34;0,06;286,84;-5,61E-4
4,553;3,444;0,992;1,94E-4;194,36;0,06;286,82;-5,84E-4
4,554;3,445;0,992;1,94E-4;194,39;0,06;286,87;-5,13E-4
4,555;3,444;0,991;1,94E-4;194,37;0,06;286,72;-7,35E-4
4,556;3,446;0,992;1,94E-4;194,41;0,06;286,83;-5,65E-4
4,557;3,446;0,992;1,94E-4;194,42;0,06;286,84;-5,58E-4
4,558;3,447;0,992;1,94E-4;194,45;0,06;286,86;-5,28E-4
4,559;3,447;0,992;1,94E-4;194,46;0,06;286,82;-5,93E-4
4,560;3,445;0,990;1,94E-4;194,40;0,06;286,57;-9,66E-4
4,561;3,447;0,991;1,94E-4;194,44;0,06;286,67;-8,15E-4
4,562;3,448;0,992;1,94E-4;194,49;0,06;286,81;-6,06E-4
4,563;3,448;0,991;1,94E-4;194,47;0,06;286,68;-7,96E-4
4,564;3,449;0,992;1,95E-4;194,52;0,06;286,80;-6,10E-4
4,565;3,450;0,992;1,95E-4;194,54;0,06;286,79;-6,32E-4
4,566;3,450;0,992;1,95E-4;194,54;0,06;286,83;-5,67E-4
4,567;3,450;0,992;1,95E-4;194,56;0,06;286,78;-6,40E-4
4,568;3,450;0,990;1,95E-4;194,53;0,06;286,65;-8,48E-4
4,569;3,450;0,991;1,95E-4;194,56;0,06;286,71;-7,46E-4
4,570;3,451;0,990;1,95E-4;194,57;0,06;286,66;-8,22E-4
4,571;3,451;0,991;1,95E-4;194,58;0,06;286,67;-8,17E-4
4,572;3,452;0,991;1,95E-4;194,61;0,06;286,73;-7,22E-4
4,573;3,453;0,991;1,95E-4;194,65;0,06;286,77;-6,68E-4
4,574;3,452;0,990;1,95E-4;194,60;0,06;286,63;-8,76E-4
4,575;3,452;0,990;1,95E-4;194,61;0,06;286,61;-9,08E-4
4,576;3,453;0,991;1,95E-4;194,63;0,06;286,67;-8,15E-4
4,577;3,453;0,990;1,95E-4;194,63;0,06;286,65;-8,43E-4
4,578;3,453;0,990;1,95E-4;194,64;0,06;286,63;-8,71E-4
4,579;3,455;0,991;1,95E-4;194,69;0,06;286,75;-6,94E-4
4,580;3,454;0,991;1,95E-4;194,68;0,06;286,69;-7,81E-4
4,581;3,455;0,991;1,95E-4;194,70;0,06;286,73;-7,25E-4
4,582;3,455;0,991;1,95E-4;194,69;0,06;286,67;-8,15E-4
4,583;3,455;0,990;1,95E-4;194,70;0,06;286,62;-8,91E-4
4,584;3,456;0,991;1,95E-4;194,73;0,06;286,72;-7,40E-4
4,585;3,455;0,990;1,95E-4;194,72;0,06;286,62;-8,86E-4
4,586;3,456;0,991;1,95E-4;194,75;0,06;286,71;-7,59E-4
4,587;3,456;0,990;1,95E-4;194,74;0,06;286,64;-8,65E-4
4,588;3,458;0,992;1,95E-4;194,79;0,06;286,81;-6,06E-4
4,589;3,458;0,991;1,95E-4;194,79;0,06;286,72;-7,38E-4
4,590;3,458;0,991;1,95E-4;194,81;0,06;286,75;-6,88E-4
4,591;3,458;0,990;1,95E-4;194,79;0,06;286,64;-8,65E-4
4,592;3,459;0,991;1,95E-4;194,83;0,06;286,75;-6,99E-4
4,593;3,457;0,990;1,95E-4;194,78;0,06;286,58;-9,51E-4
4,594;3,458;0,990;1,95E-4;194,80;0,06;286,58;-9,45E-4
4,595;3,459;0,991;1,95E-4;194,84;0,06;286,70;-7,70E-4
4,596;3,458;0,989;1,95E-4;194,81;0,06;286,55;-9,97E-4
4,597;3,460;0,991;1,95E-4;194,85;0,06;286,68;-8,04E-4
4,598;3,460;0,990;1,95E-4;194,86;0,06;286,63;-8,82E-4
4,599;3,460;0,990;1,95E-4;194,87;0,06;286,62;-8,97E-4
4,600;3,460;0,990;1,95E-4;194,88;0,06;286,61;-9,10E-4
4,601;3,461;0,990;1,95E-4;194,89;0,06;286,64;-8,67E-4
4,602;3,462;0,991;1,95E-4;194,92;0,06;286,68;-8,04E-4
4,603;3,463;0,991;1,95E-4;194,95;0,06;286,73;-7,27E-4
4,604;3,462;0,990;1,95E-4;194,95;0,06;286,64;-8,63E-4
4,605;3,462;0,990;1,95E-4;194,94;0,06;286,56;-9,81E-4
4,606;3,462;0,989;1,95E-4;194,94;0,06;286,53;0,00
4,607;3,463;0,989;1,95E-4;194,95;0,06;286,55;0,00
4,608;3,463;0,989;1,95E-4;194,95;0,06;286,52;0,00
4,609;3,463;0,990;1,95E-4;194,98;0,06;286,57;-9,62E-4
4,610;3,463;0,989;1,95E-4;194,97;0,06;286,50;0,00
4,611;3,464;0,989;1,95E-4;195,00;0,06;286,51;0,00
4,612;3,464;0,989;1,95E-4;195,01;0,06;286,50;0,00
4,613;3,466;0,991;1,95E-4;195,06;0,06;286,68;-8,04E-4
4,614;3,465;0,989;1,95E-4;195,02;0,06;286,45;0,00
4,615;3,467;0,991;1,95E-4;195,09;0,06;286,74;-7,14E-4
4,616;3,466;0,990;1,95E-4;195,07;0,06;286,56;-9,88E-4
4,617;3,466;0,989;1,95E-4;195,06;0,06;286,53;0,00
4,618;3,466;0,989;1,95E-4;195,05;0,06;286,49;0,00
4,619;3,467;0,990;1,95E-4;195,09;0,06;286,57;-9,69E-4
4,620;3,466;0,988;1,95E-4;195,05;0,06;286,42;0,00
4,621;3,467;0,989;1,95E-4;195,08;0,06;286,53;0,00
4,622;3,468;0,990;1,95E-4;195,11;0,06;286,58;-9,51E-4
4,623;3,469;0,990;1,95E-4;195,14;0,06;286,67;-8,20E-4
4,624;3,468;0,990;1,95E-4;195,13;0,06;286,62;-8,89E-4
4,625;3,469;0,990;1,95E-4;195,15;0,06;286,65;-8,52E-4
4,626;3,469;0,990;1,95E-4;195,14;0,06;286,59;-9,32E-4
4,627;3,470;0,991;1,95E-4;195,17;0,06;286,68;-8,04E-4
4,628;3,469;0,990;1,95E-4;195,14;0,06;286,55;-9,90E-4
4,629;3,469;0,990;1,95E-4;195,16;0,06;286,57;-9,64E-4
4,630;3,468;0,989;1,95E-4;195,13;0,06;286,44;0,00
4,631;3,470;0,990;1,95E-4;195,18;0,06;286,56;-9,88E-4
4,632;3,470;0,990;1,95E-4;195,20;0,06;286,62;-8,89E-4
4,633;3,471;0,990;1,95E-4;195,22;0,06;286,63;-8,69E-4
4,634;3,471;0,989;1,95E-4;195,20;0,06;286,52;0,00
4,635;3,470;0,989;1,95E-4;195,20;0,06;286,49;0,00
4,636;3,470;0,988;1,95E-4;195,19;0,06;286,42;0,00
4,637;3,471;0,989;1,95E-4;195,22;0,06;286,51;0,00
4,638;3,471;0,989;1,95E-4;195,23;0,06;286,47;0,00
4,639;3,471;0,989;1,95E-4;195,23;0,06;286,43;0,00
4,640;3,472;0,989;1,95E-4;195,26;0,06;286,51;0,00
4,641;3,472;0,989;1,95E-4;195,27;0,06;286,46;0,00
4,642;3,473;0,989;1,95E-4;195,28;0,06;286,48;0,00
4,643;3,472;0,988;1,95E-4;195,26;0,06;286,38;0,00
4,644;3,473;0,988;1,95E-4;195,27;0,06;286,40;0,00
4,645;3,473;0,988;1,95E-4;195,30;0,06;286,41;0,00
4,646;3,473;0,988;1,95E-4;195,28;0,06;286,34;0,00
4,647;3,473;0,987;1,95E-4;195,27;0,06;286,25;0,00
4,648;3,474;0,987;1,95E-4;195,30;0,06;286,30;0,00
4,649;3,475;0,989;1,95E-4;195,35;0,06;286,46;0,00
4,650;3,474;0,988;1,95E-4;195,33;0,06;286,33;0,00
4,651;3,474;0,987;1,95E-4;195,33;0,06;286,26;0,00
4,652;3,475;0,987;1,95E-4;195,34;0,06;286,26;0,00
4,653;3,476;0,987;1,95E-4;195,37;0,06;286,28;0,00
4,654;3,476;0,988;1,95E-4;195,38;0,06;286,32;0,00
4,655;3,476;0,987;1,95E-4;195,37;0,06;286,22;0,00
4,656;3,476;0,987;1,95E-4;195,39;0,06;286,27;0,00
4,657;3,477;0,987;1,95E-4;195,42;0,06;286,30;0,00
4,658;3,476;0,986;1,95E-4;195,38;0,06;286,16;0,00
4,659;3,477;0,987;1,95E-4;195,42;0,06;286,27;0,00
4,660;3,477;0,987;1,95E-4;195,42;0,06;286,23;0,00
4,661;3,477;0,986;1,95E-4;195,43;0,06;286,19;0,00
4,662;3,477;0,986;1,95E-4;195,42;0,06;286,14;0,00
4,663;3,478;0,986;1,95E-4;195,44;0,06;286,18;0,00
4,664;3,479;0,987;1,95E-4;195,47;0,06;286,29;0,00
4,665;3,478;0,985;1,95E-4;195,43;0,06;286,06;0,00
4,666;3,479;0,987;1,95E-4;195,48;0,06;286,23;0,00
4,667;3,478;0,985;1,95E-4;195,46;0,06;286,07;0,00
4,668;3,477;0,984;1,95E-4;195,42;0,06;285,96;0,00
4,669;3,478;0,985;1,95E-4;195,45;0,06;286,05;0,00
4,670;3,478;0,985;1,95E-4;195,44;0,06;285,99;0,00
4,671;3,478;0,985;1,95E-4;195,46;0,06;285,97;0,00
4,672;3,478;0,985;1,95E-4;195,46;0,06;285,98;0,00
4,673;3,480;0,986;1,96E-4;195,50;0,06;286,09;0,00
4,674;3,480;0,985;1,96E-4;195,51;0,06;286,04;0,00
4,675;3,480;0,985;1,96E-4;195,52;0,06;286,05;0,00
4,676;3,481;0,985;1,96E-4;195,53;0,06;286,03;0,00
4,677;3,481;0,985;1,96E-4;195,53;0,06;286,01;0,00
4,678;3,481;0,985;1,96E-4;195,54;0,06;285,98;0,00
4,679;3,480;0,984;1,96E-4;195,52;0,06;285,86;0,00
4,680;3,481;0,983;1,96E-4;195,52;0,06;285,85;0,00
4,681;3,482;0,984;1,96E-4;195,57;0,06;285,92;0,00
4,682;3,482;0,984;1,96E-4;195,56;0,06;285,87;0,00
4,683;3,482;0,984;1,96E-4;195,57;0,06;285,88;0,00
4,684;3,481;0,981;1,96E-4;195,53;0,06;285,62;0,00
4,685;3,482;0,983;1,96E-4;195,58;0,06;285,76;0,00
4,686;3,483;0,983;1,96E-4;195,61;0,06;285,82;0,00
4,687;3,482;0,982;1,96E-4;195,57;0,06;285,69;0,00
4,688;3,482;0,982;1,96E-4;195,57;0,06;285,65;0,00
4,689;3,483;0,982;1,96E-4;195,60;0,06;285,70;0,00
4,690;3,483;0,982;1,96E-4;195,60;0,06;285,67;0,00
4,691;3,482;0,980;1,96E-4;195,56;0,06;285,44;0,00
4,692;3,483;0,981;1,96E-4;195,60;0,06;285,54;0,00
4,693;3,484;0,981;1,96E-4;195,63;0,06;285,59;0,00
4,694;3,484;0,981;1,96E-4;195,62;0,06;285,52;0,00
4,695;3,484;0,980;1,96E-4;195,63;0,06;285,46;0,00
4,696;3,484;0,980;1,96E-4;195,64;0,06;285,46;0,00
4,697;3,485;0,981;1,96E-4;195,68;0,06;285,62;0,00
4,698;3,485;0,981;1,96E-4;195,68;0,06;285,53;0,00
4,699;3,484;0,980;1,96E-4;195,65;0,06;285,38;0,00
4,700;3,484;0,979;1,96E-4;195,64;0,06;285,30;0,00
4,701;3,484;0,979;1,96E-4;195,65;0,06;285,35;0,00
4,702;3,485;0,979;1,96E-4;195,68;0,06;285,34;0,00
4,703;3,485;0,979;1,96E-4;195,68;0,06;285,32;0,00
4,704;3,486;0,979;1,96E-4;195,71;0,06;285,37;0,00
4,705;3,487;0,980;1,96E-4;195,73;0,06;285,41;0,00
4,706;3,485;0,978;1,96E-4;195,68;0,06;285,19;0,00
4,707;3,485;0,977;1,96E-4;195,67;0,06;285,13;0,00
4,708;3,486;0,979;1,96E-4;195,72;0,06;285,30;0,00
4,709;3,487;0,979;1,96E-4;195,74;0,06;285,30;0,00
4,710;3,486;0,977;1,96E-4;195,71;0,06;285,13;0,00
4,711;3,487;0,977;1,96E-4;195,72;0,06;285,12;0,00
4,712;3,487;0,977;1,96E-4;195,74;0,06;285,14;0,00
4,713;3,486;0,976;1,96E-4;195,71;0,06;284,96;0,00
4,714;3,487;0,976;1,96E-4;195,73;0,06;285,00;0,00
4,715;3,487;0,976;1,96E-4;195,74;0,06;284,96;0,00
4,716;3,488;0,977;1,96E-4;195,77;0,06;285,04;0,00
4,717;3,488;0,976;1,96E-4;195,77;0,06;284,99;0,00
4,718;3,488;0,976;1,96E-4;195,77;0,06;284,93;0,00
4,719;3,487;0,974;1,96E-4;195,74;0,06;284,80;0,00
4,720;3,489;0,976;1,96E-4;195,81;0,06;284,95;0,00
4,721;3,489;0,975;1,96E-4;195,79;0,06;284,86;0,00
4,722;3,491;0,976;1,96E-4;195,85;0,06;285,01;0,00
4,723;3,490;0,975;1,96E-4;195,81;0,06;284,88;0,00
4,724;3,492;0,976;1,96E-4;195,88;0,06;284,99;0,00
4,725;3,491;0,976;1,96E-4;195,87;0,06;284,94;0,00
4,726;3,491;0,975;1,96E-4;195,87;0,06;284,90;0,00
4,727;3,491;0,974;1,96E-4;195,87;0,06;284,78;0,00
4,728;3,492;0,974;1,96E-4;195,88;0,06;284,79;0,00
4,729;3,492;0,975;1,96E-4;195,90;0,06;284,81;0,00
4,730;3,492;0,974;1,96E-4;195,90;0,06;284,73;0,00
4,731;3,491;0,972;1,96E-4;195,86;0,06;284,49;0,00
4,732;3,492;0,973;1,96E-4;195,89;0,06;284,57;0,00
4,733;3,493;0,973;1,96E-4;195,91;0,06;284,58;0,00
4,734;3,493;0,973;1,96E-4;195,93;0,06;284,62;0,00
4,735;3,494;0,973;1,96E-4;195,95;0,06;284,61;0,00
4,736;3,494;0,973;1,96E-4;195,96;0,06;284,62;0,00
4,737;3,493;0,971;1,96E-4;195,93;0,06;284,45;0,00
4,738;3,492;0,970;1,96E-4;195,90;0,06;284,31;0,00
4,739;3,493;0,971;1,96E-4;195,94;0,06;284,37;0,00
4,740;3,494;0,971;1,96E-4;195,94;0,06;284,35;0,00
4,741;3,494;0,971;1,96E-4;195,95;0,06;284,34;0,00
4,742;3,493;0,969;1,96E-4;195,92;0,06;284,20;0,00
4,743;3,492;0,968;1,96E-4;195,90;0,06;284,06;0,00
4,744;3,494;0,969;1,96E-4;195,95;0,06;284,16;0,00
4,745;3,495;0,970;1,96E-4;195,98;0,06;284,29;0,00
4,746;3,495;0,970;1,96E-4;196,00;0,06;284,28;0,00
4,747;3,495;0,970;1,96E-4;195,99;0,06;284,23;0,00
4,748;3,495;0,969;1,96E-4;195,98;0,06;284,12;0,00
4,749;3,495;0,969;1,96E-4;195,99;0,06;284,11;0,00
4,750;3,496;0,969;1,96E-4;196,03;0,06;284,18;0,00
4,751;3,496;0,969;1,96E-4;196,03;0,06;284,13;0,00
4,752;3,495;0,968;1,96E-4;196,00;0,06;284,01;0,00
4,753;3,495;0,967;1,96E-4;196,00;0,06;283,92;-0,01
4,754;3,496;0,968;1,96E-4;196,03;0,06;283,99;0,00
4,755;3,496;0,966;1,96E-4;196,01;0,06;283,85;-0,01
4,756;3,497;0,967;1,96E-4;196,05;0,06;283,97;0,00
4,757;3,496;0,967;1,96E-4;196,04;0,06;283,87;-0,01
4,758;3,497;0,967;1,96E-4;196,06;0,06;283,90;-0,01
4,759;3,496;0,965;1,96E-4;196,03;0,06;283,75;-0,01
4,760;3,498;0,966;1,96E-4;196,07;0,06;283,82;-0,01
4,761;3,497;0,965;1,96E-4;196,05;0,06;283,73;-0,01
4,762;3,497;0,965;1,96E-4;196,06;0,06;283,71;-0,01
4,763;3,497;0,965;1,96E-4;196,07;0,06;283,68;-0,01
4,764;3,497;0,964;1,96E-4;196,04;0,06;283,53;-0,01
4,765;3,498;0,965;1,96E-4;196,08;0,06;283,69;-0,01
4,766;3,498;0,964;1,96E-4;196,09;0,06;283,61;-0,01
4,767;3,498;0,964;1,96E-4;196,08;0,06;283,52;-0,01
4,768;3,499;0,964;1,96E-4;196,12;0,06;283,62;-0,01
4,769;3,499;0,964;1,96E-4;196,12;0,06;283,61;-0,01
4,770;3,499;0,963;1,96E-4;196,11;0,06;283,49;-0,01
4,771;3,499;0,963;1,96E-4;196,11;0,06;283,42;-0,01
4,772;3,500;0,963;1,96E-4;196,14;0,06;283,46;-0,01
4,773;3,500;0,962;1,96E-4;196,14;0,06;283,40;-0,01
4,774;3,499;0,961;1,96E-4;196,11;0,06;283,28;-0,01
4,775;3,499;0,961;1,96E-4;196,11;0,06;283,21;-0,01
4,776;3,500;0,962;1,96E-4;196,15;0,06;283,30;-0,01
4,777;3,500;0,961;1,96E-4;196,14;0,06;283,23;-0,01
4,778;3,500;0,961;1,96E-4;196,15;0,06;283,22;-0,01
4,779;3,500;0,961;1,96E-4;196,16;0,06;283,24;-0,01
4,780;3,501;0,961;1,96E-4;196,17;0,06;283,22;-0,01
4,781;3,500;0,960;1,96E-4;196,16;0,06;283,14;-0,01
4,782;3,501;0,961;1,96E-4;196,19;0,06;283,18;-0,01
4,783;3,501;0,960;1,96E-4;196,18;0,06;283,05;-0,01
4,784;3,500;0,959;1,96E-4;196,15;0,06;282,97;-0,01
4,785;3,501;0,959;1,96E-4;196,17;0,06;283,02;-0,01
4,786;3,500;0,958;1,96E-4;196,15;0,06;282,92;-0,01
4,787;3,501;0,959;1,96E-4;196,20;0,06;283,00;-0,01
4,788;3,501;0,958;1,96E-4;196,19;0,06;282,92;-0,01
4,789;3,501;0,958;1,96E-4;196,18;0,06;282,88;-0,01
4,790;3,500;0,957;1,96E-4;196,16;0,06;282,76;-0,01
4,791;3,502;0,959;1,96E-4;196,23;0,06;282,96;-0,01
4,792;3,502;0,958;1,96E-4;196,22;0,06;282,85;-0,01
4,793;3,501;0,956;1,96E-4;196,18;0,06;282,65;-0,01
4,794;3,501;0,956;1,96E-4;196,17;0,06;282,58;-0,01
4,795;3,501;0,956;1,96E-4;196,19;0,06;282,63;-0,01
4,796;3,501;0,955;1,96E-4;196,18;0,06;282,52;-0,01
4,797;3,502;0,956;1,96E-4;196,20;0,06;282,58;-0,01
4,798;3,501;0,955;1,96E-4;196,19;0,06;282,52;-0,01
4,799;3,502;0,955;1,96E-4;196,22;0,06;282,54;-0,01
4,800;3,502;0,955;1,96E-4;196,23;0,06;282,49;-0,01
4,801;3,502;0,954;1,96E-4;196,23;0,06;282,45;-0,01
4,802;3,503;0,955;1,96E-4;196,25;0,06;282,50;-0,01
4,803;3,503;0,954;1,96E-4;196,25;0,06;282,44;-0,01
4,804;3,503;0,954;1,96E-4;196,24;0,06;282,35;-0,01
4,805;3,503;0,953;1,96E-4;196,24;0,06;282,33;-0,01
4,806;3,503;0,953;1,96E-4;196,26;0,06;282,34;-0,01
4,807;3,504;0,953;1,96E-4;196,27;0,06;282,34;-0,01
4,808;3,504;0,953;1,96E-4;196,28;0,06;282,34;-0,01
4,809;3,504;0,953;1,96E-4;196,28;0,06;282,24;-0,01
4,810;3,505;0,953;1,96E-4;196,30;0,06;282,27;-0,01
4,811;3,504;0,952;1,96E-4;196,27;0,06;282,14;-0,01
4,812;3,504;0,951;1,96E-4;196,26;0,06;282,02;-0,01
4,813;3,504;0,951;1,96E-4;196,27;0,06;282,00;-0,01
4,814;3,504;0,950;1,96E-4;196,27;0,06;281,96;-0,01
4,815;3,504;0,950;1,96E-4;196,28;0,06;281,96;-0,01
4,816;3,505;0,951;1,96E-4;196,32;0,06;282,04;-0,01
4,817;3,506;0,951;1,96E-4;196,34;0,06;282,04;-0,01
4,818;3,505;0,950;1,96E-4;196,32;0,06;281,93;-0,01
4,819;3,506;0,950;1,96E-4;196,35;0,06;281,98;-0,01
4,820;3,505;0,949;1,96E-4;196,31;0,06;281,79;-0,01
4,821;3,506;0,949;1,96E-4;196,33;0,06;281,83;-0,01
4,822;3,505;0,948;1,96E-4;196,32;0,06;281,74;-0,01
4,823;3,506;0,949;1,96E-4;196,34;0,06;281,77;-0,01
4,824;3,505;0,947;1,96E-4;196,30;0,06;281,56;-0,01
4,825;3,506;0,948;1,96E-4;196,35;0,06;281,70;-0,01
4,826;3,507;0,948;1,96E-4;196,36;0,06;281,71;-0,01
4,827;3,506;0,947;1,96E-4;196,34;0,06;281,56;-0,01
4,828;3,508;0,948;1,96E-4;196,40;0,06;281,73;-0,01
4,829;3,508;0,948;1,96E-4;196,41;0,06;281,69;-0,01
4,830;3,507;0,947;1,96E-4;196,38;0,06;281,56;-0,01
4,831;3,507;0,946;1,96E-4;196,38;0,06;281,52;-0,01
4,832;3,507;0,945;1,96E-4;196,37;0,06;281,41;-0,01
4,833;3,507;0,945;1,96E-4;196,39;0,06;281,37;-0,01
4,834;3,508;0,946;1,96E-4;196,40;0,06;281,44;-0,01
4,835;3,508;0,946;1,96E-4;196,42;0,06;281,47;-0,01
4,836;3,510;0,947;1,96E-4;196,46;0,06;281,55;-0,01
4,837;3,510;0,946;1,96E-4;196,46;0,06;281,49;-0,01
4,838;3,509;0,945;1,96E-4;196,44;0,06;281,39;-0,01
4,839;3,508;0,944;1,96E-4;196,41;0,06;281,21;-0,01
4,840;3,509;0,944;1,96E-4;196,44;0,06;281,26;-0,01
4,841;3,509;0,943;1,96E-4;196,43;0,06;281,16;-0,01
4,842;3,509;0,944;1,96E-4;196,45;0,06;281,23;-0,01
4,843;3,509;0,944;1,96E-4;196,45;0,06;281,21;-0,01
4,844;3,509;0,943;1,96E-4;196,45;0,06;281,17;-0,01
4,845;3,510;0,944;1,96E-4;196,48;0,06;281,23;-0,01
4,846;3,509;0,943;1,96E-4;196,45;0,06;281,07;-0,01
4,847;3,510;0,943;1,96E-4;196,48;0,06;281,11;-0,01
4,848;3,509;0,942;1,96E-4;196,45;0,06;280,99;-0,01
4,849;3,509;0,941;1,96E-4;196,44;0,06;280,89;-0,01
4,850;3,509;0,940;1,96E-4;196,44;0,06;280,82;-0,01
4,851;3,510;0,941;1,96E-4;196,48;0,06;280,94;-0,01
4,852;3,510;0,941;1,96E-4;196,48;0,06;280,88;-0,01
4,853;3,511;0,942;1,97E-4;196,52;0,06;280,97;-0,01
4,854;3,511;0,940;1,96E-4;196,49;0,06;280,83;-0,01
4,855;3,510;0,940;1,96E-4;196,48;0,06;280,76;-0,01
4,856;3,510;0,940;1,96E-4;196,47;0,06;280,73;-0,01
4,857;3,511;0,940;1,96E-4;196,50;0,06;280,74;-0,01
4,858;3,511;0,940;1,97E-4;196,51;0,06;280,78;-0,01
4,859;3,512;0,940;1,97E-4;196,54;0,06;280,83;-0,01
4,860;3,513;0,941;1,97E-4;196,56;0,06;280,84;-0,01
4,861;3,512;0,940;1,97E-4;196,53;0,06;280,72;-0,01
4,862;3,511;0,939;1,97E-4;196,50;0,06;280,62;-0,01
4,863;3,512;0,939;1,97E-4;196,54;0,06;280,66;-0,01
4,864;3,512;0,938;1,97E-4;196,53;0,06;280,59;-0,01
4,865;3,511;0,938;1,97E-4;196,52;0,06;280,52;-0,01
4,866;3,512;0,938;1,97E-4;196,53;0,06;280,56;-0,01
4,867;3,513;0,938;1,97E-4;196,56;0,06;280,59;-0,01
4,868;3,513;0,938;1,97E-4;196,56;0,06;280,55;-0,01
4,869;3,511;0,936;1,96E-4;196,50;0,06;280,30;-0,01
4,870;3,513;0,937;1,97E-4;196,56;0,06;280,48;-0,01
4,871;3,512;0,937;1,97E-4;196,55;0,06;280,43;-0,01
4,872;3,512;0,936;1,97E-4;196,52;0,06;280,31;-0,01
4,873;3,512;0,936;1,97E-4;196,54;0,06;280,32;-0,01
4,874;3,512;0,935;1,97E-4;196,53;0,06;280,24;-0,01
4,875;3,513;0,936;1,97E-4;196,56;0,06;280,28;-0,01
4,876;3,514;0,937;1,97E-4;196,60;0,06;280,39;-0,01
4,877;3,514;0,937;1,97E-4;196,60;0,06;280,38;-0,01
4,878;3,513;0,935;1,97E-4;196,56;0,06;280,22;-0,01
4,879;3,514;0,936;1,97E-4;196,61;0,06;280,28;-0,01
4,880;3,513;0,935;1,97E-4;196,56;0,06;280,14;-0,01
4,881;3,512;0,933;1,97E-4;196,54;0,06;280,01;-0,01
4,882;3,513;0,934;1,97E-4;196,57;0,06;280,12;-0,01
4,883;3,513;0,934;1,97E-4;196,57;0,06;280,04;-0,01
4,884;3,511;0,932;1,97E-4;196,52;0,06;279,84;-0,01
4,885;3,512;0,933;1,97E-4;196,55;0,06;279,91;-0,01
4,886;3,513;0,933;1,97E-4;196,56;0,06;279,95;-0,01
4,887;3,512;0,931;1,97E-4;196,53;0,06;279,78;-0,01
4,888;3,513;0,932;1,97E-4;196,56;0,06;279,83;-0,01
4,889;3,513;0,931;1,97E-4;196,56;0,06;279,78;-0,01
4,890;3,514;0,932;1,97E-4;196,59;0,06;279,87;-0,01
4,891;3,514;0,932;1,97E-4;196,61;0,06;279,87;-0,01
4,892;3,515;0,933;1,97E-4;196,63;0,06;279,94;-0,01
4,893;3,516;0,933;1,97E-4;196,65;0,06;279,94;-0,01
4,894;3,514;0,931;1,97E-4;196,61;0,06;279,78;-0,01
4,895;3,513;0,930;1,97E-4;196,57;0,06;279,64;-0,01
4,896;3,514;0,931;1,97E-4;196,60;0,06;279,69;-0,01
4,897;3,515;0,932;1,97E-4;196,64;0,06;279,79;-0,01
4,898;3,515;0,931;1,97E-4;196,63;0,06;279,70;-0,01
4,899;3,516;0,931;1,97E-4;196,65;0,06;279,74;-0,01
4,900;3,515;0,930;1,97E-4;196,63;0,06;279,64;-0,01
4,901;3,515;0,930;1,97E-4;196,63;0,06;279,60;-0,01
4,902;3,516;0,931;1,97E-4;196,68;0,06;279,73;-0,01
4,903;3,516;0,930;1,97E-4;196,66;0,06;279,62;-0,01
4,904;3,513;0,928;1,97E-4;196,58;0,06;279,35;-0,01
4,905;3,514;0,928;1,97E-4;196,60;0,06;279,34;-0,01
4,906;3,516;0,929;1,97E-4;196,67;0,06;279,54;-0,01
4,907;3,516;0,929;1,97E-4;196,65;0,06;279,46;-0,01
4,908;3,516;0,928;1,97E-4;196,66;0,06;279,41;-0,01
4,909;3,516;0,929;1,97E-4;196,67;0,06;279,45;-0,01
4,910;3,516;0,928;1,97E-4;196,67;0,06;279,43;-0,01
4,911;3,517;0,929;1,97E-4;196,70;0,06;279,51;-0,01
4,912;3,517;0,929;1,97E-4;196,71;0,06;279,52;-0,01
4,913;3,517;0,928;1,97E-4;196,70;0,06;279,41;-0,01
4,914;3,516;0,927;1,97E-4;196,66;0,06;279,28;-0,01
4,915;3,517;0,928;1,97E-4;196,70;0,06;279,34;-0,01
4,916;3,518;0,928;1,97E-4;196,71;0,06;279,38;-0,01
4,917;3,518;0,927;1,97E-4;196,71;0,06;279,30;-0,01
4,918;3,516;0,926;1,97E-4;196,66;0,06;279,14;-0,01
4,919;3,518;0,927;1,97E-4;196,72;0,06;279,26;-0,01
4,920;3,518;0,927;1,97E-4;196,73;0,06;279,29;-0,01
4,921;3,517;0,927;1,97E-4;196,71;0,06;279,22;-0,01
4,922;3,519;0,927;1,97E-4;196,75;0,06;279,27;-0,01
4,923;3,519;0,927;1,97E-4;196,75;0,06;279,28;-0,01
4,924;3,518;0,926;1,97E-4;196,73;0,06;279,16;-0,01
4,925;3,519;0,926;1,97E-4;196,75;0,06;279,17;-0,01
4,926;3,518;0,925;1,97E-4;196,72;0,06;279,07;-0,01
4,927;3,518;0,925;1,97E-4;196,71;0,06;278,97;-0,01
4,928;3,519;0,926;1,97E-4;196,76;0,06;279,16;-0,01
4,929;3,519;0,926;1,97E-4;196,77;0,06;279,13;-0,01
4,930;3,519;0,926;1,97E-4;196,76;0,06;279,12;-0,01
4,931;3,519;0,925;1,97E-4;196,75;0,06;279,05;-0,01
4,932;3,519;0,925;1,97E-4;196,75;0,06;278,99;-0,01
4,933;3,519;0,925;1,97E-4;196,76;0,06;278,98;-0,01
4,934;3,518;0,923;1,97E-4;196,73;0,06;278,82;-0,01
4,935;3,519;0,924;1,97E-4;196,77;0,06;278,94;-0,01
4,936;3,520;0,925;1,97E-4;196,80;0,06;279,05;-0,01
4,937;3,519;0,924;1,97E-4;196,78;0,06;278,95;-0,01
4,938;3,519;0,924;1,97E-4;196,76;0,06;278,90;-0,01
4,939;3,519;0,923;1,97E-4;196,75;0,06;278,82;-0,01
4,940;3,519;0,923;1,97E-4;196,76;0,06;278,81;-0,01
4,941;3,520;0,924;1,97E-4;196,80;0,06;278,96;-0,01
4,942;3,521;0,925;1,97E-4;196,82;0,06;279,01;-0,01
4,943;3,521;0,924;1,97E-4;196,82;0,06;278,95;-0,01
4,944;3,520;0,923;1,97E-4;196,78;0,06;278,82;-0,01
4,945;3,520;0,923;1,97E-4;196,78;0,06;278,77;-0,01
4,946;3,520;0,923;1,97E-4;196,80;0,06;278,77;-0,01
4,947;3,520;0,923;1,97E-4;196,79;0,06;278,76;-0,01
4,948;3,521;0,923;1,97E-4;196,81;0,06;278,80;-0,01
4,949;3,521;0,923;1,97E-4;196,81;0,06;278,79;-0,01
4,950;3,521;0,923;1,97E-4;196,83;0,06;278,82;-0,01
4,951;3,520;0,922;1,97E-4;196,80;0,06;278,66;-0,01
4,952;3,519;0,921;1,97E-4;196,76;0,06;278,52;-0,01
4,953;3,519;0,920;1,97E-4;196,77;0,06;278,48;-0,01
4,954;3,520;0,921;1,97E-4;196,78;0,06;278,57;-0,01
4,955;3,521;0,922;1,97E-4;196,82;0,06;278,65;-0,01
4,956;3,520;0,920;1,97E-4;196,78;0,06;278,49;-0,01
4,957;3,520;0,920;1,97E-4;196,78;0,06;278,47;-0,01
4,958;3,520;0,920;1,97E-4;196,81;0,06;278,49;-0,01
4,959;3,522;0,922;1,97E-4;196,85;0,06;278,66;-0,01
4,960;3,521;0,921;1,97E-4;196,83;0,06;278,56;-0,01
4,961;3,522;0,922;1,97E-4;196,87;0,06;278,71;-0,01
4,962;3,522;0,921;1,97E-4;196,84;0,06;278,61;-0,01
4,963;3,522;0,921;1,97E-4;196,86;0,06;278,61;-0,01
4,964;3,521;0,920;1,97E-4;196,83;0,06;278,49;-0,01
4,965;3,521;0,920;1,97E-4;196,82;0,06;278,46;-0,01
4,966;3,522;0,921;1,97E-4;196,85;0,06;278,51;-0,01
4,967;3,521;0,920;1,97E-4;196,82;0,06;278,39;-0,01
4,968;3,522;0,920;1,97E-4;196,85;0,06;278,45;-0,01
4,969;3,522;0,920;1,97E-4;196,85;0,06;278,45;-0,01
4,970;3,522;0,920;1,97E-4;196,85;0,06;278,41;-0,01
4,971;3,521;0,918;1,97E-4;196,82;0,06;278,26;-0,01
4,972;3,522;0,920;1,97E-4;196,87;0,06;278,44;-0,01
4,973;3,523;0,920;1,97E-4;196,88;0,06;278,47;-0,01
4,974;3,522;0,919;1,97E-4;196,85;0,06;278,31;-0,01
4,975;3,522;0,919;1,97E-4;196,87;0,06;278,35;-0,01
4,976;3,522;0,919;1,97E-4;196,85;0,06;278,30;-0,01
4,977;3,522;0,918;1,97E-4;196,85;0,06;278,26;-0,01
4,978;3,523;0,919;1,97E-4;196,88;0,06;278,31;-0,01
4,979;3,525;0,922;1,97E-4;196,95;0,06;278,61;-0,01
4,980;3,523;0,919;1,97E-4;196,89;0,06;278,32;-0,01
4,981;3,523;0,918;1,97E-4;196,89;0,06;278,24;-0,01
4,982;3,524;0,919;1,97E-4;196,91;0,06;278,37;-0,01
4,983;3,523;0,919;1,97E-4;196,90;0,06;278,31;-0,01
4,984;3,525;0,919;1,97E-4;196,94;0,06;278,37;-0,01
4,985;3,524;0,919;1,97E-4;196,92;0,06;278,33;-0,01
4,986;3,523;0,918;1,97E-4;196,89;0,06;278,22;-0,01
4,987;3,524;0,919;1,97E-4;196,94;0,06;278,33;-0,01
4,988;3,524;0,919;1,97E-4;196,92;0,06;278,28;-0,01
4,989;3,523;0,917;1,97E-4;196,89;0,06;278,14;-0,01
4,990;3,524;0,918;1,97E-4;196,91;0,06;278,18;-0,01
4,991;3,523;0,918;1,97E-4;196,90;0,06;278,16;-0,01
4,992;3,524;0,918;1,97E-4;196,93;0,06;278,24;-0,01
4,993;3,525;0,919;1,97E-4;196,95;0,06;278,28;-0,01
4,994;3,525;0,919;1,97E-4;196,95;0,06;278,31;-0,01
4,995;3,523;0,917;1,97E-4;196,90;0,06;278,08;-0,01
4,996;3,525;0,918;1,97E-4;196,96;0,06;278,25;-0,01
4,997;3,526;0,919;1,97E-4;196,97;0,06;278,27;-0,01
4,998;3,525;0,917;1,97E-4;196,94;0,06;278,12;-0,01
4,999;3,524;0,917;1,97E-4;196,93;0,06;278,10;-0,01
5,000;3,526;0,918;1,97E-4;196,97;0,06;278,22;-0,01
5,001;3,524;0,917;1,97E-4;196,94;0,06;278,06;-0,01
5,002;3,525;0,917;1,97E-4;196,94;0,06;278,08;-0,01
5,003;3,525;0,916;1,97E-4;196,94;0,06;278,02;-0,01
5,004;3,526;0,917;1,97E-4;196,97;0,06;278,12;-0,01
5,005;3,525;0,917;1,97E-4;196,96;0,06;278,09;-0,01
5,006;3,525;0,916;1,97E-4;196,94;0,06;278,01;-0,01
5,007;3,525;0,916;1,97E-4;196,95;0,06;278,01;-0,01
5,008;3,526;0,917;1,97E-4;196,98;0,06;278,12;-0,01
5,009;3,526;0,918;1,97E-4;196,99;0,06;278,17;-0,01
5,010;3,526;0,917;1,97E-4;196,98;0,06;278,09;-0,01
5,011;3,527;0,918;1,97E-4;197,02;0,06;278,19;-0,01
5,012;3,527;0,918;1,97E-4;197,01;0,06;278,17;-0,01
5,013;3,526;0,917;1,97E-4;197,00;0,06;278,14;-0,01
5,014;3,527;0,918;1,97E-4;197,03;0,06;278,21;-0,01
5,015;3,527;0,917;1,97E-4;197,01;0,06;278,15;-0,01
5,016;3,527;0,918;1,97E-4;197,02;0,06;278,16;-0,01
5,017;3,526;0,917;1,97E-4;197,00;0,06;278,06;-0,01
5,018;3,527;0,917;1,97E-4;197,02;0,06;278,09;-0,01
5,019;3,526;0,916;1,97E-4;196,98;0,06;277,96;-0,01
5,020;3,527;0,916;1,97E-4;197,00;0,06;278,01;-0,01
5,021;3,527;0,917;1,97E-4;197,01;0,06;278,04;-0,01
5,022;3,527;0,916;1,97E-4;197,00;0,06;278,02;-0,01
5,023;3,528;0,917;1,97E-4;197,03;0,06;278,12;-0,01
5,024;3,527;0,917;1,97E-4;197,03;0,06;278,10;-0,01
5,025;3,526;0,916;1,97E-4;196,99;0,06;277,94;-0,01
5,026;3,527;0,916;1,97E-4;197,01;0,06;278,03;-0,01
5,027;3,526;0,916;1,97E-4;196,99;0,06;277,96;-0,01
5,028;3,526;0,916;1,97E-4;197,00;0,06;277,98;-0,01
5,029;3,527;0,917;1,97E-4;197,03;0,06;278,06;-0,01
5,030;3,527;0,916;1,97E-4;197,02;0,06;278,02;-0,01
5,031;3,526;0,916;1,97E-4;197,00;0,06;277,94;-0,01
5,032;3,527;0,916;1,97E-4;197,01;0,06;277,94;-0,01
5,033;3,526;0,916;1,97E-4;196,99;0,06;277,92;-0,01
5,034;3,527;0,916;1,97E-4;197,03;0,06;278,01;-0,01
5,035;3,528;0,917;1,97E-4;197,05;0,06;278,12;-0,01
5,036;3,528;0,917;1,97E-4;197,06;0,06;278,12;-0,01
5,037;3,528;0,917;1,97E-4;197,04;0,06;278,05;-0,01
5,038;3,528;0,917;1,97E-4;197,04;0,06;278,06;-0,01
5,039;3,528;0,917;1,97E-4;197,04;0,06;278,03;-0,01
5,040;3,527;0,916;1,97E-4;197,00;0,06;277,92;-0,01
5,041;3,528;0,916;1,97E-4;197,04;0,06;277,97;-0,01
5,042;3,528;0,916;1,97E-4;197,06;0,06;278,02;-0,01
5,043;3,529;0,918;1,97E-4;197,08;0,06;278,15;-0,01
5,044;3,528;0,917;1,97E-4;197,06;0,06;278,06;-0,01
5,045;3,528;0,916;1,97E-4;197,04;0,06;278,01;-0,01
5,046;3,529;0,917;1,97E-4;197,08;0,06;278,09;-0,01
5,047;3,528;0,916;1,97E-4;197,05;0,06;278,02;-0,01
5,048;3,528;0,916;1,97E-4;197,06;0,06;278,03;-0,01
5,049;3,528;0,916;1,97E-4;197,05;0,06;277,97;-0,01
5,050;3,528;0,916;1,97E-4;197,05;0,06;277,98;-0,01
5,051;3,528;0,915;1,97E-4;197,04;0,06;277,91;-0,01
5,052;3,528;0,916;1,97E-4;197,04;0,06;277,93;-0,01
5,053;3,528;0,916;1,97E-4;197,05;0,06;277,98;-0,01
5,054;3,528;0,915;1,97E-4;197,04;0,06;277,90;-0,01
5,055;3,528;0,916;1,97E-4;197,06;0,06;277,96;-0,01
5,056;3,529;0,916;1,97E-4;197,07;0,06;277,96;-0,01
5,057;3,529;0,916;1,97E-4;197,08;0,06;278,01;-0,01
5,058;3,528;0,915;1,97E-4;197,05;0,06;277,87;-0,01
5,059;3,530;0,917;1,97E-4;197,10;0,06;278,05;-0,01
5,060;3,529;0,916;1,97E-4;197,09;0,06;278,02;-0,01
5,061;3,530;0,917;1,97E-4;197,10;0,06;278,03;-0,01
5,062;3,529;0,916;1,97E-4;197,09;0,06;278,02;-0,01
5,063;3,529;0,916;1,97E-4;197,07;0,06;277,94;-0,01
5,064;3,530;0,917;1,97E-4;197,10;0,06;278,03;-0,01
5,065;3,530;0,917;1,97E-4;197,13;0,06;278,11;-0,01
5,066;3,529;0,916;1,97E-4;197,09;0,06;277,98;-0,01
5,067;3,528;0,915;1,97E-4;197,05;0,06;277,83;-0,01
5,068;3,530;0,917;1,97E-4;197,12;0,06;278,05;-0,01
5,069;3,530;0,916;1,97E-4;197,11;0,06;278,03;-0,01
5,070;3,530;0,916;1,97E-4;197,10;0,06;277,98;-0,01
5,071;3,531;0,918;1,97E-4;197,15;0,06;278,17;-0,01
5,072;3,530;0,916;1,97E-4;197,12;0,06;278,03;-0,01
5,073;3,531;0,917;1,97E-4;197,14;0,06;278,13;-0,01
5,074;3,531;0,917;1,97E-4;197,14;0,06;278,10;-0,01
5,075;3,531;0,917;1,97E-4;197,14;0,06;278,12;-0,01
5,076;3,532;0,918;1,97E-4;197,17;0,06;278,22;-0,01
5,077;3,533;0,919;1,97E-4;197,21;0,06;278,30;-0,01
5,078;3,533;0,919;1,97E-4;197,20;0,06;278,28;-0,01
5,079;3,531;0,916;1,97E-4;197,13;0,06;278,00;-0,01
5,080;3,530;0,917;1,97E-4;197,12;0,06;278,03;-0,01
5,081;3,532;0,917;1,97E-4;197,17;0,06;278,15;-0,01
5,082;3,532;0,918;1,97E-4;197,18;0,06;278,18;-0,01
5,083;3,532;0,918;1,97E-4;197,17;0,06;278,16;-0,01
5,084;3,532;0,918;1,97E-4;197,17;0,06;278,16;-0,01
5,085;3,531;0,917;1,97E-4;197,16;0,06;278,15;-0,01
5,086;3,531;0,917;1,97E-4;197,15;0,06;278,09;-0,01
5,087;3,533;0,918;1,97E-4;197,20;0,06;278,26;-0,01
5,088;3,532;0,917;1,97E-4;197,17;0,06;278,13;-0,01
5,089;3,532;0,917;1,97E-4;197,17;0,06;278,12;-0,01
5,090;3,531;0,917;1,97E-4;197,15;0,06;278,07;-0,01
5,091;3,530;0,916;1,97E-4;197,13;0,06;277,96;-0,01
5,092;3,530;0,916;1,97E-4;197,12;0,06;277,98;-0,01
5,093;3,531;0,917;1,97E-4;197,15;0,06;278,07;-0,01
5,094;3,532;0,917;1,97E-4;197,17;0,06;278,12;-0,01
5,095;3,532;0,917;1,97E-4;197,17;0,06;278,12;-0,01
5,096;3,533;0,918;1,97E-4;197,21;0,06;278,25;-0,01
5,097;3,533;0,918;1,97E-4;197,20;0,06;278,22;-0,01
5,098;3,533;0,918;1,97E-4;197,20;0,06;278,20;-0,01
5,099;3,532;0,918;1,97E-4;197,19;0,06;278,17;-0,01
5,100;3,532;0,918;1,97E-4;197,18;0,06;278,17;-0,01
5,101;3,531;0,916;1,97E-4;197,14;0,06;278,03;-0,01
5,102;3,533;0,918;1,97E-4;197,20;0,06;278,25;-0,01
5,103;3,533;0,918;1,97E-4;197,21;0,06;278,22;-0,01
5,104;3,532;0,917;1,97E-4;197,18;0,06;278,15;-0,01
5,105;3,533;0,918;1,97E-4;197,21;0,06;278,20;-0,01
5,106;3,533;0,919;1,97E-4;197,21;0,06;278,27;-0,01
5,107;3,533;0,919;1,97E-4;197,22;0,06;278,28;-0,01
5,108;3,533;0,919;1,97E-4;197,22;0,06;278,30;-0,01
5,109;3,533;0,919;1,97E-4;197,22;0,06;278,32;-0,01
5,110;3,533;0,918;1,97E-4;197,21;0,06;278,25;-0,01
5,111;3,534;0,919;1,97E-4;197,23;0,06;278,28;-0,01
5,112;3,533;0,918;1,97E-4;197,20;0,06;278,23;-0,01
5,113;3,533;0,919;1,97E-4;197,21;0,06;278,27;-0,01
5,114;3,533;0,918;1,97E-4;197,21;0,06;278,25;-0,01
5,115;3,532;0,918;1,97E-4;197,19;0,06;278,21;-0,01
5,116;3,534;0,920;1,97E-4;197,25;0,06;278,41;-0,01
5,117;3,533;0,918;1,97E-4;197,21;0,06;278,25;-0,01
5,118;3,534;0,919;1,97E-4;197,23;0,06;278,37;-0,01
5,119;3,534;0,920;1,97E-4;197,24;0,06;278,40;-0,01
5,120;3,533;0,919;1,97E-4;197,22;0,06;278,31;-0,01
5,121;3,534;0,919;1,97E-4;197,24;0,06;278,36;-0,01
5,122;3,534;0,920;1,97E-4;197,25;0,06;278,43;-0,01
5,123;3,532;0,918;1,97E-4;197,19;0,06;278,23;-0,01
5,124;3,534;0,919;1,97E-4;197,24;0,06;278,37;-0,01
5,125;3,535;0,921;1,97E-4;197,27;0,06;278,52;-0,01
5,126;3,534;0,920;1,97E-4;197,24;0,06;278,39;-0,01
5,127;3,534;0,920;1,97E-4;197,25;0,06;278,43;-0,01
5,128;3,533;0,918;1,97E-4;197,21;0,06;278,25;-0,01
5,129;3,535;0,920;1,97E-4;197,27;0,06;278,45;-0,01
5,130;3,534;0,920;1,97E-4;197,24;0,06;278,42;-0,01
5,131;3,534;0,919;1,97E-4;197,23;0,06;278,35;-0,01
5,132;3,535;0,921;1,97E-4;197,27;0,06;278,50;-0,01
5,133;3,534;0,919;1,97E-4;197,23;0,06;278,37;-0,01
5,134;3,534;0,920;1,97E-4;197,25;0,06;278,47;-0,01
5,135;3,534;0,920;1,97E-4;197,25;0,06;278,47;-0,01
5,136;3,534;0,920;1,97E-4;197,24;0,06;278,43;-0,01
5,137;3,535;0,920;1,97E-4;197,27;0,06;278,49;-0,01
5,138;3,534;0,920;1,97E-4;197,25;0,06;278,46;-0,01
5,139;3,533;0,919;1,97E-4;197,21;0,06;278,29;-0,01
5,140;3,535;0,920;1,97E-4;197,26;0,06;278,45;-0,01
5,141;3,534;0,920;1,97E-4;197,25;0,06;278,46;-0,01
5,142;3,535;0,921;1,97E-4;197,27;0,06;278,52;-0,01
5,143;3,535;0,921;1,97E-4;197,26;0,06;278,53;-0,01
5,144;3,535;0,921;1,97E-4;197,27;0,06;278,54;-0,01
5,145;3,534;0,920;1,97E-4;197,23;0,06;278,39;-0,01
5,146;3,534;0,920;1,97E-4;197,23;0,06;278,38;-0,01
5,147;3,534;0,919;1,97E-4;197,23;0,06;278,36;-0,01
5,148;3,535;0,921;1,97E-4;197,27;0,06;278,52;-0,01
5,149;3,535;0,921;1,97E-4;197,27;0,06;278,50;-0,01
5,150;3,535;0,920;1,97E-4;197,26;0,06;278,48;-0,01
5,151;3,535;0,921;1,97E-4;197,28;0,06;278,60;-0,01
5,152;3,536;0,922;1,97E-4;197,31;0,06;278,67;-0,01
5,153;3,536;0,922;1,97E-4;197,30;0,06;278,65;-0,01
5,154;3,536;0,922;1,97E-4;197,32;0,06;278,70;-0,01
5,155;3,537;0,922;1,97E-4;197,32;0,06;278,71;-0,01
5,156;3,535;0,921;1,97E-4;197,29;0,06;278,57;-0,01
5,157;3,535;0,921;1,97E-4;197,29;0,06;278,56;-0,01
5,158;3,535;0,921;1,97E-4;197,27;0,06;278,53;-0,01
5,159;3,536;0,922;1,97E-4;197,29;0,06;278,64;-0,01
5,160;3,535;0,921;1,97E-4;197,28;0,06;278,55;-0,01
5,161;3,535;0,921;1,97E-4;197,28;0,06;278,57;-0,01
5,162;3,536;0,922;1,97E-4;197,30;0,06;278,63;-0,01
5,163;3,535;0,921;1,97E-4;197,29;0,06;278,60;-0,01
5,164;3,536;0,922;1,97E-4;197,29;0,06;278,62;-0,01
5,165;3,536;0,922;1,97E-4;197,31;0,06;278,70;-0,01
5,166;3,536;0,922;1,97E-4;197,30;0,06;278,70;-0,01
5,167;3,537;0,923;1,97E-4;197,33;0,06;278,80;-0,01
5,168;3,538;0,924;1,97E-4;197,37;0,06;278,89;-0,01
5,169;3,537;0,923;1,97E-4;197,33;0,06;278,76;-0,01
5,170;3,537;0,923;1,97E-4;197,33;0,06;278,80;-0,01
5,171;3,537;0,922;1,97E-4;197,32;0,06;278,72;-0,01
5,172;3,536;0,922;1,97E-4;197,31;0,06;278,72;-0,01
5,173;3,537;0,924;1,97E-4;197,35;0,06;278,85;-0,01
5,174;3,536;0,922;1,97E-4;197,31;0,06;278,68;-0,01
5,175;3,536;0,922;1,97E-4;197,32;0,06;278,71;-0,01
5,176;3,537;0,923;1,97E-4;197,33;0,06;278,82;-0,01
5,177;3,536;0,923;1,97E-4;197,32;0,06;278,75;-0,01
5,178;3,537;0,923;1,97E-4;197,33;0,06;278,76;-0,01
5,179;3,537;0,923;1,97E-4;197,33;0,06;278,79;-0,01
5,180;3,535;0,921;1,97E-4;197,28;0,06;278,60;-0,01
5,181;3,537;0,923;1,97E-4;197,32;0,06;278,77;-0,01
5,182;3,536;0,922;1,97E-4;197,30;0,06;278,70;-0,01
5,183;3,536;0,922;1,97E-4;197,29;0,06;278,68;-0,01
5,184;3,537;0,923;1,97E-4;197,34;0,06;278,82;-0,01
5,185;3,537;0,923;1,97E-4;197,34;0,06;278,84;-0,01
5,186;3,538;0,924;1,97E-4;197,36;0,06;278,91;-0,01
5,187;3,537;0,923;1,97E-4;197,33;0,06;278,79;-0,01
5,188;3,537;0,923;1,97E-4;197,33;0,06;278,82;-0,01
5,189;3,538;0,924;1,97E-4;197,36;0,06;278,94;-0,01
5,190;3,538;0,924;1,97E-4;197,37;0,06;278,92;-0,01
5,191;3,538;0,924;1,97E-4;197,36;0,06;278,89;-0,01
5,192;3,538;0,924;1,97E-4;197,36;0,06;278,91;-0,01
5,193;3,538;0,924;1,97E-4;197,37;0,06;278,94;-0,01
5,194;3,538;0,924;1,97E-4;197,38;0,06;278,95;-0,01
5,195;3,537;0,924;1,97E-4;197,35;0,06;278,93;-0,01
5,196;3,539;0,925;1,97E-4;197,39;0,06;278,98;-0,01
5,197;3,538;0,924;1,97E-4;197,38;0,06;278,96;-0,01
5,198;3,538;0,925;1,97E-4;197,39;0,06;279,00;-0,01
5,199;3,537;0,923;1,97E-4;197,33;0,06;278,80;-0,01
5,200;3,538;0,924;1,97E-4;197,37;0,06;278,94;-0,01
5,201;3,537;0,924;1,97E-4;197,34;0,06;278,86;-0,01
5,202;3,538;0,925;1,97E-4;197,38;0,06;279,02;-0,01
5,203;3,540;0,926;1,97E-4;197,42;0,06;279,16;-0,01
5,204;3,538;0,925;1,97E-4;197,37;0,06;278,96;-0,01
5,205;3,539;0,926;1,97E-4;197,41;0,06;279,08;-0,01
5,206;3,538;0,924;1,97E-4;197,36;0,06;278,88;-0,01
5,207;3,537;0,924;1,97E-4;197,35;0,06;278,88;-0,01
5,208;3,539;0,926;1,97E-4;197,41;0,06;279,11;-0,01
5,209;3,539;0,925;1,97E-4;197,40;0,06;279,04;-0,01
5,210;3,539;0,925;1,97E-4;197,40;0,06;279,02;-0,01
5,211;3,539;0,925;1,97E-4;197,39;0,06;279,01;-0,01
5,212;3,539;0,925;1,97E-4;197,41;0,06;279,08;-0,01
5,213;3,539;0,926;1,97E-4;197,40;0,06;279,10;-0,01
5,214;3,540;0,926;1,97E-4;197,44;0,05;279,19;-0,01
5,215;3,538;0,925;1,97E-4;197,38;0,06;279,03;-0,01
5,216;3,538;0,925;1,97E-4;197,38;0,06;279,00;-0,01
5,217;3,538;0,925;1,97E-4;197,37;0,06;279,00;-0,01
5,218;3,539;0,925;1,97E-4;197,40;0,06;279,06;-0,01
5,219;3,539;0,925;1,97E-4;197,40;0,06;279,05;-0,01
5,220;3,539;0,926;1,97E-4;197,40;0,06;279,09;-0,01
5,221;3,541;0,927;1,97E-4;197,45;0,05;279,27;-0,01
5,222;3,540;0,926;1,97E-4;197,42;0,06;279,17;-0,01
5,223;3,540;0,927;1,97E-4;197,42;0,06;279,20;-0,01
5,224;3,538;0,925;1,97E-4;197,37;0,06;278,99;-0,01
5,225;3,538;0,925;1,97E-4;197,38;0,06;279,07;-0,01
5,226;3,539;0,926;1,97E-4;197,41;0,06;279,17;-0,01
5,227;3,539;0,926;1,97E-4;197,39;0,06;279,11;-0,01
5,228;3,539;0,926;1,97E-4;197,41;0,06;279,11;-0,01
5,229;3,538;0,925;1,97E-4;197,37;0,06;278,99;-0,01
5,230;3,538;0,925;1,97E-4;197,36;0,06;278,97;-0,01
5,231;3,539;0,926;1,97E-4;197,40;0,06;279,10;-0,01
5,232;3,540;0,927;1,97E-4;197,43;0,06;279,24;-0,01
5,233;3,540;0,927;1,97E-4;197,45;0,05;279,24;-0,01
5,234;3,540;0,926;1,97E-4;197,42;0,06;279,20;-0,01
5,235;3,539;0,927;1,97E-4;197,42;0,06;279,20;-0,01
5,236;3,540;0,927;1,97E-4;197,44;0,06;279,26;-0,01
5,237;3,540;0,927;1,97E-4;197,43;0,06;279,22;-0,01
5,238;3,540;0,927;1,97E-4;197,44;0,05;279,28;-0,01
5,239;3,541;0,928;1,97E-4;197,46;0,05;279,35;-0,01
5,240;3,540;0,927;1,97E-4;197,44;0,05;279,29;-0,01
5,241;3,540;0,927;1,97E-4;197,42;0,06;279,20;-0,01
5,242;3,540;0,927;1,97E-4;197,43;0,06;279,27;-0,01
5,243;3,540;0,927;1,97E-4;197,42;0,06;279,23;-0,01
5,244;3,539;0,926;1,97E-4;197,40;0,06;279,17;-0,01
5,245;3,540;0,927;1,97E-4;197,43;0,06;279,25;-0,01
5,246;3,540;0,927;1,97E-4;197,42;0,06;279,21;-0,01
5,247;3,541;0,928;1,97E-4;197,47;0,05;279,41;-0,01
5,248;3,541;0,928;1,97E-4;197,46;0,05;279,35;-0,01
5,249;3,541;0,929;1,97E-4;197,47;0,05;279,45;-0,01
5,250;3,540;0,928;1,97E-4;197,44;0,05;279,32;-0,01
5,251;3,540;0,928;1,97E-4;197,44;0,05;279,33;-0,01
5,252;3,540;0,927;1,97E-4;197,44;0,05;279,29;-0,01
5,253;3,541;0,928;1,97E-4;197,45;0,05;279,36;-0,01
5,254;3,540;0,927;1,97E-4;197,43;0,06;279,27;-0,01
5,255;3,541;0,928;1,97E-4;197,46;0,05;279,35;-0,01
5,256;3,541;0,928;1,97E-4;197,46;0,05;279,37;-0,01
5,257;3,540;0,928;1,97E-4;197,45;0,05;279,33;-0,01
5,258;3,540;0,928;1,97E-4;197,45;0,05;279,34;-0,01
5,259;3,540;0,927;1,97E-4;197,44;0,06;279,31;-0,01
5,260;3,540;0,928;1,97E-4;197,43;0,06;279,35;-0,01
5,261;3,540;0,927;1,97E-4;197,43;0,06;279,28;-0,01
5,262;3,541;0,928;1,97E-4;197,47;0,05;279,41;-0,01
5,263;3,541;0,929;1,97E-4;197,48;0,05;279,45;-0,01
5,264;3,540;0,928;1,97E-4;197,44;0,06;279,32;-0,01
5,265;3,540;0,927;1,97E-4;197,42;0,06;279,28;-0,01
5,266;3,541;0,928;1,97E-4;197,46;0,05;279,41;-0,01
5,267;3,541;0,929;1,97E-4;197,47;0,05;279,50;-0,01
5,268;3,541;0,928;1,97E-4;197,45;0,05;279,39;-0,01
5,269;3,541;0,929;1,97E-4;197,47;0,05;279,47;-0,01
5,270;3,542;0,929;1,97E-4;197,49;0,05;279,49;-0,01
5,271;3,541;0,929;1,97E-4;197,47;0,05;279,44;-0,01
5,272;3,542;0,929;1,97E-4;197,50;0,05;279,54;-0,01
5,273;3,542;0,930;1,97E-4;197,50;0,05;279,55;-0,01
5,274;3,542;0,929;1,97E-4;197,49;0,05;279,52;-0,01
5,275;3,542;0,929;1,97E-4;197,49;0,05;279,50;-0,01
5,276;3,541;0,929;1,97E-4;197,47;0,05;279,48;-0,01
5,277;3,543;0,931;1,98E-4;197,53;0,05;279,67;-0,01
5,278;3,542;0,929;1,97E-4;197,50;0,05;279,54;-0,01
5,279;3,542;0,929;1,97E-4;197,49;0,05;279,54;-0,01
5,280;3,542;0,929;1,97E-4;197,49;0,05;279,55;-0,01
5,281;3,542;0,929;1,97E-4;197,48;0,05;279,52;-0,01
5,282;3,541;0,929;1,97E-4;197,48;0,05;279,49;-0,01
5,283;3,540;0,928;1,97E-4;197,44;0,06;279,35;-0,01
5,284;3,542;0,929;1,97E-4;197,49;0,05;279,54;-0,01
5,285;3,543;0,931;1,98E-4;197,52;0,05;279,68;-0,01
5,286;3,542;0,930;1,98E-4;197,51;0,05;279,58;-0,01
5,287;3,543;0,931;1,98E-4;197,52;0,05;279,67;-0,01
5,288;3,543;0,931;1,98E-4;197,52;0,05;279,68;-0,01
5,289;3,542;0,929;1,97E-4;197,49;0,05;279,49;-0,01
5,290;3,542;0,930;1,97E-4;197,50;0,05;279,56;-0,01
5,291;3,543;0,930;1,98E-4;197,52;0,05;279,63;-0,01
5,292;3,542;0,930;1,98E-4;197,50;0,05;279,55;-0,01
5,293;3,542;0,929;1,97E-4;197,48;0,05;279,48;-0,01
5,294;3,542;0,930;1,98E-4;197,51;0,05;279,64;-0,01
5,295;3,542;0,930;1,98E-4;197,51;0,05;279,64;-0,01
5,296;3,541;0,929;1,97E-4;197,47;0,05;279,48;-0,01
5,297;3,541;0,929;1,97E-4;197,48;0,05;279,50;-0,01
5,298;3,542;0,930;1,98E-4;197,51;0,05;279,64;-0,01
5,299;3,544;0,931;1,98E-4;197,55;0,05;279,73;-0,01
5,300;3,541;0,929;1,97E-4;197,46;0,05;279,45;-0,01
5,301;3,543;0,930;1,98E-4;197,52;0,05;279,64;-0,01
5,302;3,542;0,930;1,98E-4;197,51;0,05;279,65;-0,01
5,303;3,542;0,930;1,98E-4;197,51;0,05;279,66;-0,01
5,304;3,544;0,932;1,98E-4;197,55;0,05;279,80;-0,01
5,305;3,543;0,931;1,98E-4;197,53;0,05;279,71;-0,01
5,306;3,542;0,930;1,98E-4;197,50;0,05;279,61;-0,01
5,307;3,543;0,931;1,98E-4;197,53;0,05;279,69;-0,01
5,308;3,544;0,932;1,98E-4;197,56;0,05;279,85;-0,01
5,309;3,544;0,932;1,98E-4;197,56;0,05;279,80;-0,01
5,310;3,543;0,931;1,98E-4;197,53;0,05;279,69;-0,01
5,311;3,542;0,930;1,98E-4;197,50;0,05;279,64;-0,01
5,312;3,543;0,931;1,98E-4;197,54;0,05;279,72;-0,01
5,313;3,543;0,931;1,98E-4;197,54;0,05;279,76;-0,01
5,314;3,543;0,931;1,98E-4;197,53;0,05;279,74;-0,01
5,315;3,543;0,931;1,98E-4;197,54;0,05;279,72;-0,01
5,316;3,543;0,930;1,98E-4;197,52;0,05;279,66;-0,01
5,317;3,544;0,931;1,98E-4;197,55;0,05;279,78;-0,01
5,318;3,543;0,931;1,98E-4;197,52;0,05;279,70;-0,01
5,319;3,544;0,932;1,98E-4;197,55;0,05;279,79;-0,01
5,320;3,542;0,930;1,98E-4;197,50;0,05;279,65;-0,01
5,321;3,543;0,931;1,98E-4;197,52;0,05;279,72;-0,01
5,322;3,543;0,931;1,98E-4;197,52;0,05;279,73;-0,01
5,323;3,544;0,932;1,98E-4;197,57;0,05;279,87;-0,01
5,324;3,544;0,932;1,98E-4;197,57;0,05;279,88;-0,01
5,325;3,545;0,933;1,98E-4;197,59;0,05;279,96;-0,01
5,326;3,543;0,931;1,98E-4;197,54;0,05;279,77;-0,01
5,327;3,543;0,931;1,98E-4;197,54;0,05;279,78;-0,01
5,328;3,543;0,931;1,98E-4;197,53;0,05;279,78;-0,01
5,329;3,543;0,931;1,98E-4;197,53;0,05;279,76;-0,01
5,330;3,544;0,932;1,98E-4;197,56;0,05;279,82;-0,01
5,331;3,543;0,932;1,98E-4;197,54;0,05;279,78;-0,01
5,332;3,544;0,932;1,98E-4;197,57;0,05;279,88;-0,01
5,333;3,544;0,932;1,98E-4;197,56;0,05;279,89;-0,01
5,334;3,545;0,933;1,98E-4;197,58;0,05;279,93;-0,01
5,335;3,545;0,934;1,98E-4;197,61;0,05;280,04;-0,01
5,336;3,543;0,931;1,98E-4;197,52;0,05;279,75;-0,01
5,337;3,543;0,931;1,98E-4;197,52;0,05;279,76;-0,01
5,338;3,543;0,931;1,98E-4;197,53;0,05;279,78;-0,01
5,339;3,544;0,932;1,98E-4;197,56;0,05;279,87;-0,01
5,340;3,545;0,933;1,98E-4;197,59;0,05;279,98;-0,01
5,341;3,544;0,932;1,98E-4;197,56;0,05;279,89;-0,01
5,342;3,545;0,934;1,98E-4;197,59;0,05;280,04;-0,01
5,343;3,544;0,933;1,98E-4;197,57;0,05;279,94;-0,01
5,344;3,544;0,933;1,98E-4;197,56;0,05;279,90;-0,01
5,345;3,544;0,933;1,98E-4;197,56;0,05;279,91;-0,01
5,346;3,544;0,933;1,98E-4;197,56;0,05;279,93;-0,01
5,347;3,543;0,933;1,98E-4;197,54;0,05;279,90;-0,01
5,348;3,544;0,933;1,98E-4;197,57;0,05;279,91;-0,01
5,349;3,543;0,932;1,98E-4;197,54;0,05;279,85;-0,01
5,350;3,545;0,933;1,98E-4;197,58;0,05;279,99;-0,01
5,351;3,545;0,933;1,98E-4;197,59;0,05;280,01;-0,01
5,352;3,544;0,933;1,98E-4;197,56;0,05;279,94;-0,01
5,353;3,544;0,933;1,98E-4;197,57;0,05;279,99;-0,01
5,354;3,545;0,934;1,98E-4;197,58;0,05;280,03;-0,01
5,355;3,544;0,933;1,98E-4;197,55;0,05;279,95;-0,01
5,356;3,543;0,932;1,98E-4;197,53;0,05;279,86;-0,01
5,357;3,544;0,933;1,98E-4;197,56;0,05;279,94;-0,01
5,358;3,544;0,933;1,98E-4;197,55;0,05;279,92;-0,01
5,359;3,545;0,934;1,98E-4;197,59;0,05;280,07;-0,01
5,360;3,544;0,934;1,98E-4;197,58;0,05;280,02;-0,01
5,361;3,544;0,934;1,98E-4;197,57;0,05;280,06;-0,01
5,362;3,545;0,934;1,98E-4;197,59;0,05;280,05;-0,01
5,363;3,545;0,934;1,98E-4;197,58;0,05;280,10;-0,01
5,364;3,544;0,933;1,98E-4;197,57;0,05;280,01;-0,01
5,365;3,544;0,934;1,98E-4;197,58;0,05;280,04;-0,01
5,366;3,545;0,934;1,98E-4;197,58;0,05;280,08;-0,01
5,367;3,544;0,934;1,98E-4;197,57;0,05;280,04;-0,01
5,368;3,545;0,934;1,98E-4;197,59;0,05;280,13;-0,01
5,369;3,546;0,935;1,98E-4;197,62;0,05;280,21;-0,01
5,370;3,546;0,935;1,98E-4;197,61;0,05;280,14;-0,01
5,371;3,545;0,934;1,98E-4;197,60;0,05;280,11;-0,01
5,372;3,546;0,935;1,98E-4;197,63;0,05;280,24;-0,01
5,373;3,544;0,934;1,98E-4;197,57;0,05;280,07;-0,01
5,374;3,544;0,933;1,98E-4;197,57;0,05;279,97;-0,01
5,375;3,544;0,934;1,98E-4;197,58;0,05;280,05;-0,01
5,376;3,545;0,934;1,98E-4;197,58;0,05;280,09;-0,01
5,377;3,545;0,935;1,98E-4;197,60;0,05;280,13;-0,01
5,378;3,546;0,935;1,98E-4;197,62;0,05;280,23;-0,01
5,379;3,545;0,934;1,98E-4;197,59;0,05;280,12;-0,01
5,380;3,544;0,934;1,98E-4;197,56;0,05;280,02;-0,01
5,381;3,544;0,934;1,98E-4;197,57;0,05;280,07;-0,01
5,382;3,546;0,935;1,98E-4;197,63;0,05;280,24;-0,01
5,383;3,546;0,936;1,98E-4;197,62;0,05;280,26;-0,01
5,384;3,546;0,936;1,98E-4;197,63;0,05;280,27;-0,01
5,385;3,546;0,935;1,98E-4;197,62;0,05;280,21;-0,01
5,386;3,547;0,937;1,98E-4;197,65;0,05;280,38;-0,01
5,387;3,546;0,936;1,98E-4;197,64;0,05;280,34;-0,01
5,388;3,545;0,935;1,98E-4;197,60;0,05;280,21;-0,01
5,389;3,546;0,936;1,98E-4;197,64;0,05;280,29;-0,01
5,390;3,546;0,936;1,98E-4;197,63;0,05;280,29;-0,01
5,391;3,546;0,936;1,98E-4;197,62;0,05;280,29;-0,01
5,392;3,546;0,936;1,98E-4;197,63;0,05;280,31;-0,01
5,393;3,546;0,936;1,98E-4;197,62;0,05;280,28;-0,01
5,394;3,546;0,935;1,98E-4;197,61;0,05;280,24;-0,01
5,395;3,545;0,935;1,98E-4;197,58;0,05;280,17;-0,01
5,396;3,547;0,937;1,98E-4;197,65;0,05;280,41;-0,01
5,397;3,546;0,936;1,98E-4;197,63;0,05;280,34;-0,01
5,398;3,545;0,936;1,98E-4;197,60;0,05;280,29;-0,01
5,399;3,547;0,937;1,98E-4;197,65;0,05;280,42;-0,01
5,400;3,546;0,936;1,98E-4;197,63;0,05;280,33;-0,01
5,401;3,547;0,938;1,98E-4;197,67;0,05;280,49;-0,01
5,402;3,546;0,936;1,98E-4;197,62;0,05;280,32;-0,01
5,403;3,546;0,936;1,98E-4;197,61;0,05;280,36;-0,01
5,404;3,545;0,935;1,98E-4;197,59;0,05;280,23;-0,01
5,405;3,545;0,936;1,98E-4;197,61;0,05;280,26;-0,01
5,406;3,546;0,936;1,98E-4;197,61;0,05;280,30;-0,01
5,407;3,546;0,937;1,98E-4;197,63;0,05;280,40;-0,01
5,408;3,546;0,937;1,98E-4;197,62;0,05;280,37;-0,01
5,409;3,545;0,936;1,98E-4;197,60;0,05;280,30;-0,01
5,410;3,546;0,937;1,98E-4;197,62;0,05;280,42;-0,01
5,411;3,546;0,937;1,98E-4;197,64;0,05;280,42;-0,01
5,412;3,546;0,937;1,98E-4;197,61;0,05;280,37;-0,01
5,413;3,546;0,937;1,98E-4;197,64;0,05;280,43;-0,01
5,414;3,547;0,938;1,98E-4;197,66;0,05;280,53;-0,01
5,415;3,546;0,937;1,98E-4;197,61;0,05;280,37;-0,01
5,416;3,546;0,937;1,98E-4;197,62;0,05;280,38;-0,01
5,417;3,546;0,937;1,98E-4;197,62;0,05;280,37;-0,01
5,418;3,546;0,937;1,98E-4;197,62;0,05;280,42;-0,01
5,419;3,547;0,938;1,98E-4;197,66;0,05;280,56;-0,01
5,420;3,547;0,938;1,98E-4;197,67;0,05;280,58;-0,01
5,421;3,546;0,937;1,98E-4;197,63;0,05;280,43;-0,01
5,422;3,546;0,937;1,98E-4;197,63;0,05;280,48;-0,01
5,423;3,547;0,939;1,98E-4;197,67;0,05;280,60;-0,01
5,424;3,546;0,937;1,98E-4;197,62;0,05;280,43;-0,01
5,425;3,545;0,936;1,98E-4;197,60;0,05;280,32;-0,01
5,426;3,546;0,937;1,98E-4;197,61;0,05;280,40;-0,01
5,427;3,546;0,937;1,98E-4;197,63;0,05;280,42;-0,01
5,428;3,546;0,937;1,98E-4;197,62;0,05;280,46;-0,01
5,429;3,546;0,937;1,98E-4;197,61;0,05;280,43;-0,01
5,430;3,547;0,938;1,98E-4;197,64;0,05;280,54;-0,01
5,431;3,546;0,937;1,98E-4;197,61;0,05;280,43;-0,01
5,432;3,546;0,937;1,98E-4;197,61;0,05;280,43;-0,01
5,433;3,546;0,938;1,98E-4;197,64;0,05;280,52;-0,01
5,434;3,546;0,937;1,98E-4;197,62;0,05;280,45;-0,01
5,435;3,547;0,939;1,98E-4;197,66;0,05;280,61;-0,01
5,436;3,546;0,938;1,98E-4;197,63;0,05;280,50;-0,01
5,437;3,546;0,938;1,98E-4;197,63;0,05;280,54;-0,01
5,438;3,547;0,938;1,98E-4;197,65;0,05;280,59;-0,01
5,439;3,547;0,939;1,98E-4;197,65;0,05;280,63;-0,01
5,440;3,546;0,938;1,98E-4;197,63;0,05;280,51;-0,01
5,441;3,547;0,939;1,98E-4;197,65;0,05;280,64;-0,01
5,442;3,547;0,939;1,98E-4;197,66;0,05;280,68;-0,01
5,443;3,546;0,938;1,98E-4;197,64;0,05;280,59;-0,01
5,444;3,546;0,938;1,98E-4;197,63;0,05;280,54;-0,01
5,445;3,547;0,939;1,98E-4;197,64;0,05;280,60;-0,01
5,446;3,548;0,940;1,98E-4;197,70;0,05;280,80;-0,01
5,447;3,548;0,940;1,98E-4;197,67;0,05;280,73;-0,01
5,448;3,546;0,938;1,98E-4;197,63;0,05;280,58;-0,01
5,449;3,547;0,939;1,98E-4;197,65;0,05;280,66;-0,01
5,450;3,547;0,939;1,98E-4;197,66;0,05;280,69;-0,01
5,451;3,548;0,940;1,98E-4;197,68;0,05;280,77;-0,01
5,452;3,548;0,940;1,98E-4;197,69;0,05;280,81;-0,01
5,453;3,548;0,940;1,98E-4;197,67;0,05;280,75;-0,01
5,454;3,547;0,940;1,98E-4;197,66;0,05;280,72;-0,01
5,455;3,547;0,939;1,98E-4;197,65;0,05;280,69;-0,01
5,456;3,547;0,940;1,98E-4;197,66;0,05;280,72;-0,01
5,457;3,547;0,939;1,98E-4;197,65;0,05;280,66;-0,01
5,458;3,548;0,941;1,98E-4;197,69;0,05;280,87;-0,01
5,459;3,548;0,940;1,98E-4;197,68;0,05;280,78;-0,01
5,460;3,547;0,940;1,98E-4;197,67;0,05;280,80;-0,01
5,461;3,547;0,940;1,98E-4;197,65;0,05;280,72;-0,01
5,462;3,547;0,939;1,98E-4;197,65;0,05;280,71;-0,01
5,463;3,548;0,941;1,98E-4;197,68;0,05;280,85;-0,01
5,464;3,548;0,941;1,98E-4;197,69;0,05;280,89;-0,01
5,465;3,547;0,940;1,98E-4;197,66;0,05;280,78;-0,01
5,466;3,548;0,941;1,98E-4;197,69;0,05;280,91;-0,01
5,467;3,547;0,940;1,98E-4;197,67;0,05;280,81;-0,01
5,468;3,547;0,941;1,98E-4;197,67;0,05;280,86;-0,01
5,469;3,547;0,940;1,98E-4;197,66;0,05;280,82;-0,01
5,470;3,546;0,939;1,98E-4;197,64;0,05;280,71;-0,01
5,471;3,547;0,940;1,98E-4;197,67;0,05;280,79;-0,01
5,472;3,547;0,941;1,98E-4;197,67;0,05;280,84;-0,01
5,473;3,548;0,942;1,98E-4;197,70;0,05;280,97;-0,01
5,474;3,547;0,940;1,98E-4;197,67;0,05;280,83;-0,01
5,475;3,547;0,940;1,98E-4;197,66;0,05;280,83;-0,01
5,476;3,546;0,940;1,98E-4;197,63;0,05;280,74;-0,01
5,477;3,548;0,941;1,98E-4;197,68;0,05;280,88;-0,01
5,478;3,546;0,940;1,98E-4;197,64;0,05;280,77;-0,01
5,479;3,547;0,941;1,98E-4;197,66;0,05;280,85;-0,01
5,480;3,547;0,941;1,98E-4;197,67;0,05;280,91;-0,01
5,481;3,548;0,942;1,98E-4;197,68;0,05;280,96;-0,01
5,482;3,548;0,942;1,98E-4;197,69;0,05;280,96;-0,01
5,483;3,547;0,941;1,98E-4;197,67;0,05;280,91;-0,01
5,484;3,549;0,942;1,98E-4;197,71;0,05;281,04;-0,01
5,485;3,549;0,943;1,98E-4;197,72;0,05;281,10;-0,01
5,486;3,549;0,942;1,98E-4;197,71;0,05;281,04;-0,01
5,487;3,548;0,942;1,98E-4;197,70;0,05;281,03;-0,01
5,488;3,548;0,942;1,98E-4;197,69;0,05;280,97;-0,01
5,489;3,547;0,941;1,98E-4;197,65;0,05;280,89;-0,01
5,490;3,547;0,941;1,98E-4;197,64;0,05;280,86;-0,01
5,491;3,546;0,941;1,98E-4;197,64;0,05;280,83;-0,01
5,492;3,548;0,942;1,98E-4;197,67;0,05;281,01;-0,01
5,493;3,546;0,941;1,98E-4;197,64;0,05;280,83;-0,01
5,494;3,548;0,942;1,98E-4;197,68;0,05;281,00;-0,01
5,495;3,548;0,942;1,98E-4;197,68;0,05;281,03;-0,01
5,496;3,548;0,942;1,98E-4;197,68;0,05;281,04;-0,01
5,497;3,547;0,942;1,98E-4;197,66;0,05;280,95;-0,01
5,498;3,547;0,942;1,98E-4;197,65;0,05;280,98;-0,01
5,499;3,547;0,942;1,98E-4;197,67;0,05;281,02;-0,01
5,500;3,547;0,941;1,98E-4;197,64;0,05;280,94;-0,01
5,501;3,547;0,942;1,98E-4;197,66;0,05;281,04;-0,01
5,502;3,547;0,942;1,98E-4;197,66;0,05;281,06;-0,01
5,503;3,548;0,943;1,98E-4;197,70;0,05;281,17;-0,01
5,504;3,549;0,943;1,98E-4;197,71;0,05;281,18;-0,01
5,505;3,547;0,942;1,98E-4;197,67;0,05;281,03;-0,01
5,506;3,547;0,942;1,98E-4;197,67;0,05;281,05;-0,01
5,507;3,546;0,942;1,98E-4;197,64;0,05;281,03;-0,01
5,508;3,547;0,942;1,98E-4;197,66;0,05;281,04;-0,01
5,509;3,547;0,942;1,98E-4;197,65;0,05;281,03;-0,01
5,510;3,546;0,942;1,98E-4;197,64;0,05;281,03;-0,01
5,511;3,548;0,943;1,98E-4;197,68;0,05;281,10;-0,01
5,512;3,547;0,944;1,98E-4;197,67;0,05;281,18;-0,01
5,513;3,547;0,943;1,98E-4;197,66;0,05;281,10;-0,01
5,514;3,546;0,942;1,98E-4;197,63;0,05;280,98;-0,01
5,515;3,548;0,944;1,98E-4;197,69;0,05;281,22;-0,01
5,516;3,547;0,943;1,98E-4;197,67;0,05;281,13;-0,01
5,517;3,548;0,944;1,98E-4;197,69;0,05;281,21;-0,01
5,518;3,548;0,944;1,98E-4;197,68;0,05;281,18;-0,01
5,519;3,547;0,943;1,98E-4;197,66;0,05;281,15;-0,01
5,520;3,547;0,943;1,98E-4;197,66;0,05;281,13;-0,01
5,521;3,547;0,943;1,98E-4;197,67;0,05;281,14;-0,01
5,522;3,548;0,944;1,98E-4;197,68;0,05;281,22;-0,01
5,523;3,548;0,944;1,98E-4;197,68;0,05;281,22;-0,01
5,524;3,547;0,944;1,98E-4;197,66;0,05;281,19;-0,01
5,525;3,548;0,944;1,98E-4;197,69;0,05;281,27;-0,01
5,526;3,547;0,944;1,98E-4;197,67;0,05;281,24;-0,01
5,527;3,548;0,945;1,98E-4;197,69;0,05;281,30;-0,01
5,528;3,547;0,943;1,98E-4;197,65;0,05;281,17;-0,01
5,529;3,547;0,944;1,98E-4;197,65;0,05;281,19;-0,01
5,530;3,546;0,943;1,98E-4;197,63;0,05;281,10;-0,01
5,531;3,546;0,943;1,98E-4;197,64;0,05;281,16;-0,01
5,532;3,548;0,945;1,98E-4;197,68;0,05;281,30;-0,01
5,533;3,548;0,945;1,98E-4;197,69;0,05;281,37;-0,01
5,534;3,548;0,944;1,98E-4;197,68;0,05;281,29;-0,01
5,535;3,548;0,946;1,98E-4;197,70;0,05;281,42;-0,01
5,536;3,548;0,945;1,98E-4;197,69;0,05;281,34;-0,01
5,537;3,548;0,946;1,98E-4;197,70;0,05;281,42;-0,01
5,538;3,548;0,945;1,98E-4;197,70;0,05;281,41;-0,01
5,539;3,547;0,944;1,98E-4;197,65;0,05;281,26;-0,01
5,540;3,548;0,945;1,98E-4;197,68;0,05;281,40;-0,01
5,541;3,547;0,944;1,98E-4;197,64;0,05;281,20;-0,01
5,542;3,546;0,944;1,98E-4;197,64;0,05;281,19;-0,01
5,543;3,547;0,944;1,98E-4;197,65;0,05;281,28;-0,01
5,544;3,546;0,944;1,98E-4;197,63;0,05;281,19;-0,01
5,545;3,546;0,944;1,98E-4;197,64;0,05;281,23;-0,01
5,546;3,548;0,945;1,98E-4;197,69;0,05;281,41;-0,01
5,547;3,547;0,946;1,98E-4;197,67;0,05;281,43;-0,01
5,548;3,548;0,946;1,98E-4;197,69;0,05;281,46;-0,01
5,549;3,548;0,946;1,98E-4;197,70;0,05;281,48;-0,01
5,550;3,547;0,945;1,98E-4;197,67;0,05;281,38;-0,01
5,551;3,548;0,946;1,98E-4;197,68;0,05;281,47;-0,01
5,552;3,547;0,945;1,98E-4;197,64;0,05;281,31;-0,01
5,553;3,547;0,945;1,98E-4;197,65;0,05;281,34;-0,01
5,554;3,547;0,945;1,98E-4;197,65;0,05;281,31;-0,01
5,555;3,547;0,945;1,98E-4;197,65;0,05;281,35;-0,01
5,556;3,547;0,945;1,98E-4;197,65;0,05;281,36;-0,01
5,557;3,546;0,945;1,98E-4;197,64;0,05;281,36;-0,01
5,558;3,548;0,946;1,98E-4;197,69;0,05;281,51;-0,01
5,559;3,547;0,946;1,98E-4;197,66;0,05;281,44;-0,01
5,560;3,548;0,946;1,98E-4;197,68;0,05;281,48;-0,01
5,561;3,548;0,946;1,98E-4;197,68;0,05;281,51;-0,01
5,562;3,548;0,947;1,98E-4;197,68;0,05;281,53;-0,01
5,563;3,548;0,947;1,98E-4;197,70;0,05;281,59;-0,01
5,564;3,547;0,946;1,98E-4;197,67;0,05;281,53;-0,01
5,565;3,548;0,947;1,98E-4;197,69;0,05;281,56;-0,01
5,566;3,549;0,948;1,98E-4;197,72;0,05;281,73;-0,01
5,567;3,548;0,947;1,98E-4;197,69;0,05;281,59;-0,01
5,568;3,547;0,947;1,98E-4;197,65;0,05;281,54;-0,01
5,569;3,547;0,946;1,98E-4;197,66;0,05;281,52;-0,01
5,570;3,548;0,948;1,98E-4;197,70;0,05;281,70;-0,01
5,571;3,547;0,946;1,98E-4;197,67;0,05;281,53;-0,01
5,572;3,546;0,946;1,98E-4;197,63;0,05;281,44;-0,01
5,573;3,547;0,947;1,98E-4;197,67;0,05;281,62;-0,01
5,574;3,549;0,948;1,98E-4;197,71;0,05;281,73;-0,01
5,575;3,548;0,948;1,98E-4;197,69;0,05;281,70;-0,01
5,576;3,548;0,948;1,98E-4;197,71;0,05;281,70;-0,01
5,577;3,547;0,947;1,98E-4;197,65;0,05;281,59;-0,01
5,578;3,547;0,947;1,98E-4;197,66;0,05;281,59;-0,01
5,579;3,548;0,948;1,98E-4;197,69;0,05;281,71;-0,01
5,580;3,548;0,948;1,98E-4;197,69;0,05;281,69;-0,01
5,581;3,546;0,947;1,98E-4;197,64;0,05;281,56;-0,01
5,582;3,546;0,946;1,98E-4;197,63;0,05;281,53;-0,01
5,583;3,547;0,948;1,98E-4;197,67;0,05;281,67;-0,01
5,584;3,548;0,948;1,98E-4;197,69;0,05;281,71;-0,01
5,585;3,548;0,948;1,98E-4;197,68;0,05;281,72;-0,01
5,586;3,547;0,947;1,98E-4;197,65;0,05;281,63;-0,01
5,587;3,547;0,948;1,98E-4;197,66;0,05;281,68;-0,01
5,588;3,549;0,949;1,98E-4;197,71;0,05;281,87;-0,01
5,589;3,549;0,950;1,98E-4;197,72;0,05;281,90;-0,01
5,590;3,547;0,948;1,98E-4;197,67;0,05;281,71;-0,01
5,591;3,548;0,948;1,98E-4;197,68;0,05;281,72;-0,01
5,592;3,547;0,948;1,98E-4;197,66;0,05;281,66;-0,01
5,593;3,548;0,949;1,98E-4;197,70;0,05;281,85;-0,01
5,594;3,547;0,948;1,98E-4;197,67;0,05;281,73;-0,01
5,595;3,547;0,948;1,98E-4;197,67;0,05;281,75;-0,01
5,596;3,547;0,948;1,98E-4;197,67;0,05;281,72;-0,01
5,597;3,547;0,948;1,98E-4;197,67;0,05;281,73;-0,01
5,598;3,548;0,949;1,98E-4;197,68;0,05;281,81;-0,01
5,599;3,548;0,950;1,98E-4;197,71;0,05;281,89;-0,01
5,600;3,548;0,949;1,98E-4;197,69;0,05;281,86;-0,01
5,601;3,548;0,949;1,98E-4;197,68;0,05;281,85;-0,01
5,602;3,548;0,949;1,98E-4;197,68;0,05;281,84;-0,01
5,603;3,548;0,950;1,98E-4;197,69;0,05;281,91;-0,01
5,604;3,548;0,949;1,98E-4;197,68;0,05;281,85;-0,01
5,605;3,547;0,949;1,98E-4;197,67;0,05;281,83;-0,01
5,606;3,548;0,950;1,98E-4;197,70;0,05;281,96;-0,01
5,607;3,548;0,950;1,98E-4;197,70;0,05;281,95;-0,01
5,608;3,548;0,950;1,98E-4;197,69;0,05;281,89;-0,01
5,609;3,547;0,949;1,98E-4;197,65;0,05;281,79;-0,01
5,610;3,548;0,950;1,98E-4;197,68;0,05;281,92;-0,01
5,611;3,547;0,949;1,98E-4;197,66;0,05;281,86;-0,01
5,612;3,549;0,951;1,98E-4;197,72;0,05;282,07;-0,01
5,613;3,549;0,951;1,98E-4;197,73;0,05;282,11;-0,01
5,614;3,548;0,950;1,98E-4;197,69;0,05;281,93;-0,01
5,615;3,547;0,949;1,98E-4;197,66;0,05;281,84;-0,01
5,616;3,547;0,950;1,98E-4;197,66;0,05;281,90;-0,01
5,617;3,548;0,950;1,98E-4;197,68;0,05;281,95;-0,01
5,618;3,548;0,950;1,98E-4;197,69;0,05;281,97;-0,01
5,619;3,548;0,951;1,98E-4;197,69;0,05;282,01;-0,01
5,620;3,547;0,950;1,98E-4;197,67;0,05;281,96;-0,01
5,621;3,548;0,951;1,98E-4;197,68;0,05;282,01;-0,01
5,622;3,548;0,951;1,98E-4;197,70;0,05;282,10;-0,01
5,623;3,548;0,951;1,98E-4;197,70;0,05;282,11;-0,01
5,624;3,548;0,951;1,98E-4;197,69;0,05;282,04;-0,01
5,625;3,547;0,950;1,98E-4;197,67;0,05;281,99;-0,01
5,626;3,548;0,951;1,98E-4;197,70;0,05;282,07;-0,01
5,627;3,547;0,950;1,98E-4;197,67;0,05;281,99;-0,01
5,628;3,548;0,951;1,98E-4;197,68;0,05;282,04;-0,01
5,629;3,548;0,951;1,98E-4;197,69;0,05;282,11;-0,01
5,630;3,547;0,950;1,98E-4;197,67;0,05;282,00;-0,01
5,631;3,548;0,952;1,98E-4;197,70;0,05;282,14;-0,01
5,632;3,549;0,952;1,98E-4;197,72;0,05;282,19;-0,01
5,633;3,548;0,951;1,98E-4;197,68;0,05;282,08;-0,01
5,634;3,548;0,951;1,98E-4;197,69;0,05;282,11;-0,01
5,635;3,547;0,951;1,98E-4;197,67;0,05;282,06;-0,01
5,636;3,548;0,951;1,98E-4;197,68;0,05;282,11;-0,01
5,637;3,547;0,951;1,98E-4;197,65;0,05;282,03;-0,01
5,638;3,547;0,951;1,98E-4;197,66;0,05;282,09;-0,01
5,639;3,547;0,951;1,98E-4;197,66;0,05;282,07;-0,01
5,640;3,546;0,951;1,98E-4;197,64;0,05;282,00;-0,01
5,641;3,547;0,952;1,98E-4;197,67;0,05;282,13;-0,01
5,642;3,549;0,953;1,98E-4;197,71;0,05;282,28;-0,01
5,643;3,547;0,952;1,98E-4;197,67;0,05;282,13;-0,01
5,644;3,546;0,950;1,98E-4;197,63;0,05;281,96;-0,01
5,645;3,548;0,953;1,98E-4;197,68;0,05;282,24;-0,01
5,646;3,548;0,952;1,98E-4;197,69;0,05;282,22;-0,01
5,647;3,548;0,953;1,98E-4;197,68;0,05;282,25;-0,01
5,648;3,548;0,952;1,98E-4;197,69;0,05;282,23;-0,01
5,649;3,547;0,952;1,98E-4;197,66;0,05;282,18;-0,01
5,650;3,548;0,953;1,98E-4;197,70;0,05;282,29;-0,01
5,651;3,548;0,953;1,98E-4;197,68;0,05;282,28;-0,01
5,652;3,548;0,953;1,98E-4;197,70;0,05;282,27;-0,01
5,653;3,547;0,952;1,98E-4;197,66;0,05;282,19;-0,01
5,654;3,548;0,953;1,98E-4;197,69;0,05;282,30;-0,01
5,655;3,547;0,952;1,98E-4;197,65;0,05;282,13;-0,01
5,656;3,547;0,952;1,98E-4;197,65;0,05;282,20;-0,01
5,657;3,547;0,953;1,98E-4;197,67;0,05;282,28;-0,01
5,658;3,549;0,954;1,98E-4;197,72;0,05;282,39;-0,01
5,659;3,547;0,953;1,98E-4;197,67;0,05;282,24;-0,01
5,660;3,547;0,953;1,98E-4;197,67;0,05;282,27;-0,01
5,661;3,547;0,952;1,98E-4;197,65;0,05;282,21;-0,01
5,662;3,547;0,953;1,98E-4;197,66;0,05;282,23;-0,01
5,663;3,547;0,952;1,98E-4;197,65;0,05;282,21;-0,01
5,664;3,548;0,954;1,98E-4;197,69;0,05;282,41;-0,01
5,665;3,549;0,954;1,98E-4;197,71;0,05;282,45;-0,01
5,666;3,548;0,954;1,98E-4;197,71;0,05;282,45;-0,01
5,667;3,547;0,953;1,98E-4;197,66;0,05;282,28;-0,01
5,668;3,548;0,954;1,98E-4;197,68;0,05;282,41;-0,01
5,669;3,546;0,952;1,98E-4;197,63;0,05;282,23;-0,01
5,670;3,547;0,953;1,98E-4;197,65;0,05;282,29;-0,01
5,671;3,547;0,953;1,98E-4;197,67;0,05;282,31;-0,01
5,672;3,547;0,953;1,98E-4;197,65;0,05;282,33;-0,01
5,673;3,548;0,954;1,98E-4;197,68;0,05;282,41;-0,01
5,674;3,547;0,953;1,98E-4;197,65;0,05;282,32;-0,01
5,675;3,547;0,954;1,98E-4;197,67;0,05;282,37;-0,01
5,676;3,547;0,954;1,98E-4;197,66;0,05;282,35;-0,01
5,677;3,548;0,954;1,98E-4;197,68;0,05;282,45;-0,01
5,678;3,548;0,954;1,98E-4;197,68;0,05;282,44;-0,01
5,679;3,547;0,955;1,98E-4;197,67;0,05;282,47;-0,01
5,680;3,547;0,954;1,98E-4;197,66;0,05;282,42;-0,01
5,681;3,549;0,956;1,98E-4;197,71;0,05;282,60;-0,01
5,682;3,548;0,955;1,98E-4;197,68;0,05;282,50;-0,01
5,683;3,548;0,955;1,98E-4;197,70;0,05;282,53;-0,01
5,684;3,547;0,954;1,98E-4;197,65;0,05;282,42;-0,01
5,685;3,546;0,954;1,98E-4;197,64;0,05;282,38;-0,01
5,686;3,548;0,955;1,98E-4;197,69;0,05;282,53;-0,01
5,687;3,548;0,955;1,98E-4;197,69;0,05;282,53;-0,01
5,688;3,547;0,954;1,98E-4;197,65;0,05;282,44;-0,01
5,689;3,547;0,955;1,98E-4;197,66;0,05;282,48;-0,01
5,690;3,547;0,954;1,98E-4;197,66;0,05;282,45;-0,01
5,691;3,547;0,955;1,98E-4;197,67;0,05;282,49;-0,01
5,692;3,547;0,955;1,98E-4;197,67;0,05;282,56;-0,01
5,693;3,548;0,956;1,98E-4;197,69;0,05;282,60;-0,01
5,694;3,550;0,957;1,98E-4;197,74;0,05;282,79;-0,01
5,695;3,549;0,957;1,98E-4;197,72;0,05;282,70;-0,01
5,696;3,548;0,956;1,98E-4;197,69;0,05;282,63;-0,01
5,697;3,547;0,955;1,98E-4;197,66;0,05;282,50;-0,01
5,698;3,548;0,956;1,98E-4;197,68;0,05;282,63;-0,01
5,699;3,547;0,955;1,98E-4;197,66;0,05;282,56;-0,01
5,700;3,546;0,954;1,98E-4;197,63;0,05;282,46;-0,01
5,701;3,548;0,956;1,98E-4;197,69;0,05;282,68;-0,01
5,702;3,547;0,955;1,98E-4;197,65;0,05;282,56;-0,01
5,703;3,547;0,956;1,98E-4;197,66;0,05;282,59;-0,01
5,704;3,548;0,956;1,98E-4;197,68;0,05;282,64;-0,01
5,705;3,547;0,956;1,98E-4;197,67;0,05;282,59;-0,01
5,706;3,548;0,956;1,98E-4;197,68;0,05;282,65;-0,01
5,707;3,548;0,957;1,98E-4;197,70;0,05;282,73;-0,01
5,708;3,547;0,956;1,98E-4;197,66;0,05;282,63;-0,01
5,709;3,547;0,956;1,98E-4;197,67;0,05;282,68;-0,01
5,710;3,547;0,956;1,98E-4;197,66;0,05;282,64;-0,01
5,711;3,547;0,956;1,98E-4;197,66;0,05;282,65;-0,01
5,712;3,548;0,957;1,98E-4;197,70;0,05;282,78;-0,01
5,713;3,548;0,958;1,98E-4;197,70;0,05;282,85;-0,01
5,714;3,548;0,957;1,98E-4;197,68;0,05;282,71;-0,01
5,715;3,548;0,957;1,98E-4;197,69;0,05;282,78;-0,01
5,716;3,548;0,957;1,98E-4;197,68;0,05;282,76;-0,01
5,717;3,547;0,956;1,98E-4;197,67;0,05;282,67;-0,01
5,718;3,547;0,957;1,98E-4;197,66;0,05;282,71;-0,01
5,719;3,548;0,957;1,98E-4;197,68;0,05;282,77;-0,01
5,720;3,548;0,957;1,98E-4;197,69;0,05;282,81;-0,01
5,721;3,547;0,957;1,98E-4;197,67;0,05;282,75;-0,01
5,722;3,547;0,957;1,98E-4;197,67;0,05;282,77;-0,01
5,723;3,547;0,957;1,98E-4;197,66;0,05;282,75;-0,01
5,724;3,549;0,958;1,98E-4;197,71;0,05;282,91;-0,01
5,725;3,549;0,959;1,98E-4;197,72;0,05;282,99;-0,01
5,726;3,549;0,959;1,98E-4;197,73;0,05;283,00;-0,01
5,727;3,547;0,958;1,98E-4;197,67;0,05;282,82;-0,01
5,728;3,548;0,958;1,98E-4;197,70;0,05;282,90;-0,01
5,729;3,548;0,958;1,98E-4;197,69;0,05;282,89;-0,01
5,730;3,546;0,957;1,98E-4;197,64;0,05;282,71;-0,01
5,731;3,546;0,957;1,98E-4;197,64;0,05;282,75;-0,01
5,732;3,547;0,957;1,98E-4;197,66;0,05;282,80;-0,01
5,733;3,547;0,957;1,98E-4;197,66;0,05;282,81;-0,01
5,734;3,548;0,958;1,98E-4;197,69;0,05;282,92;-0,01
5,735;3,546;0,957;1,98E-4;197,63;0,05;282,74;-0,01
5,736;3,547;0,958;1,98E-4;197,67;0,05;282,89;-0,01
5,737;3,548;0,958;1,98E-4;197,68;0,05;282,88;-0,01
5,738;3,547;0,958;1,98E-4;197,65;0,05;282,83;-0,01
5,739;3,547;0,958;1,98E-4;197,67;0,05;282,87;-0,01
5,740;3,547;0,958;1,98E-4;197,66;0,05;282,87;-0,01
5,741;3,547;0,958;1,98E-4;197,67;0,05;282,93;-0,01
5,742;3,547;0,958;1,98E-4;197,65;0,05;282,86;-0,01
5,743;3,547;0,958;1,98E-4;197,65;0,05;282,82;-0,01
5,744;3,547;0,958;1,98E-4;197,66;0,05;282,85;-0,01
5,745;3,547;0,958;1,98E-4;197,65;0,05;282,87;-0,01
5,746;3,546;0,958;1,98E-4;197,64;0,05;282,83;-0,01
5,747;3,547;0,958;1,98E-4;197,66;0,05;282,93;-0,01
5,748;3,548;0,960;1,98E-4;197,70;0,05;283,06;-0,01
5,749;3,548;0,960;1,98E-4;197,70;0,05;283,05;-0,01
5,750;3,549;0,961;1,98E-4;197,72;0,05;283,17;-0,01
5,751;3,549;0,960;1,98E-4;197,71;0,05;283,10;-0,01
5,752;3,547;0,959;1,98E-4;197,66;0,05;282,97;-0,01
5,753;3,548;0,959;1,98E-4;197,69;0,05;283,03;-0,01
5,754;3,546;0,958;1,98E-4;197,64;0,05;282,92;-0,01
5,755;3,549;0,961;1,98E-4;197,72;0,05;283,20;-0,01
5,756;3,548;0,960;1,98E-4;197,70;0,05;283,10;-0,01
5,757;3,547;0,959;1,98E-4;197,66;0,05;282,97;-0,01
5,758;3,548;0,960;1,98E-4;197,70;0,05;283,15;-0,01
5,759;3,548;0,960;1,98E-4;197,68;0,05;283,07;-0,01
5,760;3,547;0,960;1,98E-4;197,67;0,05;283,05;-0,01
5,761;3,548;0,960;1,98E-4;197,68;0,05;283,10;-0,01
5,762;3,547;0,959;1,98E-4;197,66;0,05;283,04;-0,01
5,763;3,547;0,960;1,98E-4;197,67;0,05;283,10;-0,01
5,764;3,547;0,960;1,98E-4;197,66;0,05;283,06;-0,01
5,765;3,547;0,959;1,98E-4;197,66;0,05;283,02;-0,01
5,766;3,547;0,960;1,98E-4;197,66;0,05;283,06;-0,01
5,767;3,546;0,959;1,98E-4;197,64;0,05;283,02;-0,01
5,768;3,547;0,960;1,98E-4;197,66;0,05;283,08;-0,01
5,769;3,548;0,960;1,98E-4;197,69;0,05;283,13;-0,01
5,770;3,548;0,960;1,98E-4;197,68;0,05;283,13;-0,01
5,771;3,547;0,960;1,98E-4;197,66;0,05;283,07;-0,01
5,772;3,548;0,961;1,98E-4;197,68;0,05;283,17;-0,01
5,773;3,548;0,961;1,98E-4;197,70;0,05;283,21;-0,01
5,774;3,548;0,961;1,98E-4;197,68;0,05;283,20;-0,01
5,775;3,548;0,961;1,98E-4;197,68;0,05;283,21;-0,01
5,776;3,548;0,961;1,98E-4;197,68;0,05;283,21;-0,01
5,777;3,547;0,960;1,98E-4;197,65;0,05;283,05;-0,01
5,778;3,548;0,961;1,98E-4;197,69;0,05;283,28;-0,01
5,779;3,548;0,962;1,98E-4;197,70;0,05;283,30;-0,01
5,780;3,547;0,961;1,98E-4;197,66;0,05;283,17;-0,01
5,781;3,548;0,961;1,98E-4;197,68;0,05;283,24;-0,01
5,782;3,547;0,960;1,98E-4;197,65;0,05;283,16;-0,01
5,783;3,548;0,961;1,98E-4;197,68;0,05;283,22;-0,01
5,784;3,547;0,961;1,98E-4;197,67;0,05;283,24;-0,01
5,785;3,547;0,961;1,98E-4;197,67;0,05;283,24;-0,01
5,786;3,547;0,961;1,98E-4;197,65;0,05;283,18;-0,01
5,787;3,548;0,961;1,98E-4;197,69;0,05;283,28;-0,01
5,788;3,548;0,962;1,98E-4;197,70;0,05;283,35;-0,01
5,789;3,547;0,961;1,98E-4;197,67;0,05;283,26;-0,01
5,790;3,547;0,961;1,98E-4;197,67;0,05;283,23;-0,01
5,791;3,547;0,960;1,98E-4;197,64;0,05;283,14;-0,01
5,792;3,547;0,961;1,98E-4;197,66;0,05;283,22;-0,01
5,793;3,549;0,963;1,98E-4;197,72;0,05;283,44;-0,01
5,794;3,549;0,962;1,98E-4;197,71;0,05;283,39;-0,01
5,795;3,547;0,961;1,98E-4;197,67;0,05;283,26;-0,01
5,796;3,548;0,962;1,98E-4;197,68;0,05;283,34;-0,01
5,797;3,548;0,962;1,98E-4;197,69;0,05;283,37;-0,01
5,798;3,547;0,962;1,98E-4;197,67;0,05;283,34;-0,01
5,799;3,547;0,961;1,98E-4;197,66;0,05;283,25;-0,01
5,800;3,547;0,962;1,98E-4;197,67;0,05;283,36;-0,01
5,801;3,548;0,962;1,98E-4;197,69;0,05;283,36;-0,01
5,802;3,547;0,962;1,98E-4;197,66;0,05;283,36;-0,01
5,803;3,549;0,963;1,98E-4;197,72;0,05;283,51;-0,01
5,804;3,549;0,964;1,98E-4;197,73;0,05;283,56;-0,01
5,805;3,549;0,964;1,98E-4;197,72;0,05;283,55;-0,01
5,806;3,548;0,963;1,98E-4;197,69;0,05;283,40;-0,01
5,807;3,547;0,962;1,98E-4;197,66;0,05;283,33;-0,01
5,808;3,547;0,962;1,98E-4;197,66;0,05;283,34;-0,01
5,809;3,547;0,962;1,98E-4;197,67;0,05;283,38;-0,01
5,810;3,548;0,962;1,98E-4;197,67;0,05;283,38;-0,01
5,811;3,548;0,963;1,98E-4;197,68;0,05;283,42;-0,01
5,812;3,547;0,962;1,98E-4;197,65;0,05;283,34;-0,01
5,813;3,547;0,962;1,98E-4;197,66;0,05;283,36;-0,01
5,814;3,547;0,962;1,98E-4;197,66;0,05;283,38;-0,01
5,815;3,549;0,964;1,98E-4;197,71;0,05;283,58;-0,01
5,816;3,548;0,963;1,98E-4;197,68;0,05;283,45;-0,01
5,817;3,548;0,964;1,98E-4;197,69;0,05;283,52;-0,01
5,818;3,548;0,964;1,98E-4;197,69;0,05;283,52;-0,01
5,819;3,548;0,964;1,98E-4;197,71;0,05;283,55;-0,01
5,820;3,548;0,963;1,98E-4;197,69;0,05;283,51;-0,01
5,821;3,549;0,964;1,98E-4;197,72;0,05;283,59;-0,01
5,822;3,547;0,963;1,98E-4;197,67;0,05;283,46;-0,01
5,823;3,549;0,965;1,98E-4;197,72;0,05;283,65;-0,01
5,824;3,548;0,964;1,98E-4;197,70;0,05;283,56;-0,01
5,825;3,547;0,963;1,98E-4;197,67;0,05;283,49;-0,01
5,826;3,547;0,963;1,98E-4;197,66;0,05;283,44;-0,01
5,827;3,547;0,963;1,98E-4;197,66;0,05;283,46;-0,01
5,828;3,547;0,964;1,98E-4;197,67;0,05;283,52;-0,01
5,829;3,547;0,963;1,98E-4;197,65;0,05;283,46;-0,01
5,830;3,548;0,964;1,98E-4;197,69;0,05;283,60;-0,01
5,831;3,548;0,964;1,98E-4;197,70;0,05;283,62;-0,01
5,832;3,548;0,965;1,98E-4;197,71;0,05;283,70;-0,01
5,833;3,548;0,965;1,98E-4;197,70;0,05;283,67;-0,01
5,834;3,547;0,964;1,98E-4;197,67;0,05;283,53;-0,01
5,835;3,547;0,963;1,98E-4;197,65;0,05;283,43;-0,01
5,836;3,548;0,965;1,98E-4;197,69;0,05;283,65;-0,01
5,837;3,547;0,964;1,98E-4;197,67;0,05;283,55;-0,01
5,838;3,547;0,964;1,98E-4;197,67;0,05;283,55;-0,01
5,839;3,547;0,964;1,98E-4;197,66;0,05;283,52;-0,01
5,840;3,548;0,965;1,98E-4;197,68;0,05;283,64;-0,01
5,841;3,549;0,966;1,98E-4;197,73;0,05;283,82;-0,01
5,842;3,548;0,964;1,98E-4;197,68;0,05;283,63;-0,01
5,843;3,548;0,965;1,98E-4;197,68;0,05;283,66;-0,01
5,844;3,548;0,964;1,98E-4;197,68;0,05;283,60;-0,01
5,845;3,547;0,964;1,98E-4;197,67;0,05;283,61;-0,01
5,846;3,546;0,963;1,98E-4;197,63;0,05;283,51;-0,01
5,847;3,548;0,966;1,98E-4;197,69;0,05;283,76;-0,01
5,848;3,548;0,965;1,98E-4;197,70;0,05;283,74;-0,01
5,849;3,547;0,964;1,98E-4;197,67;0,05;283,61;-0,01
5,850;3,546;0,964;1,98E-4;197,64;0,05;283,54;-0,01
5,851;3,547;0,965;1,98E-4;197,67;0,05;283,70;-0,01
5,852;3,548;0,965;1,98E-4;197,69;0,05;283,73;-0,01
5,853;3,547;0,965;1,98E-4;197,67;0,05;283,66;-0,01
5,854;3,549;0,966;1,98E-4;197,71;0,05;283,84;-0,01
5,855;3,549;0,966;1,98E-4;197,71;0,05;283,80;-0,01
5,856;3,547;0,964;1,98E-4;197,65;0,05;283,61;-0,01
5,857;3,547;0,965;1,98E-4;197,66;0,05;283,67;-0,01
5,858;3,548;0,966;1,98E-4;197,70;0,05;283,83;-0,01
5,859;3,548;0,966;1,98E-4;197,70;0,05;283,83;-0,01
5,860;3,548;0,966;1,98E-4;197,70;0,05;283,84;-0,01
5,861;3,547;0,965;1,98E-4;197,67;0,05;283,72;-0,01
5,862;3,548;0,966;1,98E-4;197,70;0,05;283,83;-0,01
5,863;3,549;0,967;1,98E-4;197,72;0,05;283,90;-0,01
5,864;3,549;0,967;1,98E-4;197,72;0,05;283,88;-0,01
5,865;3,548;0,966;1,98E-4;197,70;0,05;283,85;-0,01
5,866;3,547;0,966;1,98E-4;197,67;0,05;283,78;-0,01
5,867;3,548;0,967;1,98E-4;197,71;0,05;283,87;-0,01
5,868;3,549;0,967;1,98E-4;197,72;0,05;283,97;0,00
5,869;3,548;0,966;1,98E-4;197,69;0,05;283,85;-0,01
5,870;3,548;0,967;1,98E-4;197,70;0,05;283,89;-0,01
5,871;3,547;0,965;1,98E-4;197,67;0,05;283,74;-0,01
5,872;3,547;0,965;1,98E-4;197,64;0,05;283,69;-0,01
5,873;3,547;0,966;1,98E-4;197,66;0,05;283,78;-0,01
5,874;3,548;0,966;1,98E-4;197,68;0,05;283,86;-0,01
5,875;3,548;0,967;1,98E-4;197,71;0,05;283,89;-0,01
5,876;3,548;0,966;1,98E-4;197,68;0,05;283,83;-0,01
5,877;3,547;0,966;1,98E-4;197,67;0,05;283,82;-0,01
5,878;3,548;0,967;1,98E-4;197,69;0,05;283,91;-0,01
5,879;3,549;0,968;1,98E-4;197,72;0,05;284,00;0,00
5,880;3,549;0,968;1,98E-4;197,72;0,05;284,04;0,00
5,881;3,549;0,968;1,98E-4;197,74;0,05;284,09;0,00
5,882;3,548;0,967;1,98E-4;197,70;0,05;283,90;-0,01
5,883;3,547;0,966;1,98E-4;197,65;0,05;283,80;-0,01
5,884;3,547;0,967;1,98E-4;197,66;0,05;283,87;-0,01
5,885;3,548;0,967;1,98E-4;197,68;0,05;283,90;-0,01
5,886;3,548;0,966;1,98E-4;197,68;0,05;283,86;-0,01
5,887;3,548;0,967;1,98E-4;197,68;0,05;283,95;0,00
5,888;3,548;0,967;1,98E-4;197,67;0,05;283,90;-0,01
5,889;3,548;0,967;1,98E-4;197,69;0,05;283,94;0,00
5,890;3,548;0,967;1,98E-4;197,68;0,05;283,98;0,00
5,891;3,548;0,967;1,98E-4;197,69;0,05;283,97;0,00
5,892;3,548;0,967;1,98E-4;197,68;0,05;283,93;0,00
5,893;3,547;0,967;1,98E-4;197,67;0,05;283,88;-0,01
5,894;3,547;0,967;1,98E-4;197,67;0,05;283,93;0,00
5,895;3,546;0,966;1,98E-4;197,64;0,05;283,81;-0,01
5,896;3,546;0,966;1,98E-4;197,63;0,05;283,81;-0,01
5,897;3,548;0,968;1,98E-4;197,69;0,05;283,99;0,00
5,898;3,547;0,967;1,98E-4;197,67;0,05;283,95;0,00
5,899;3,547;0,967;1,98E-4;197,66;0,05;283,97;0,00
5,900;3,549;0,969;1,98E-4;197,72;0,05;284,12;0,00
5,901;3,548;0,968;1,98E-4;197,68;0,05;283,99;0,00
5,902;3,548;0,968;1,98E-4;197,69;0,05;284,03;0,00
5,903;3,548;0,968;1,98E-4;197,68;0,05;284,02;0,00
5,904;3,547;0,967;1,98E-4;197,67;0,05;283,94;0,00
5,905;3,548;0,968;1,98E-4;197,68;0,05;284,01;0,00
5,906;3,548;0,968;1,98E-4;197,68;0,05;283,99;0,00
5,907;3,548;0,968;1,98E-4;197,69;0,05;284,04;0,00
5,908;3,548;0,968;1,98E-4;197,68;0,05;284,06;0,00
5,909;3,546;0,967;1,98E-4;197,64;0,05;283,93;0,00
5,910;3,547;0,967;1,98E-4;197,66;0,05;283,95;0,00
5,911;3,548;0,968;1,98E-4;197,68;0,05;284,05;0,00
5,912;3,548;0,969;1,98E-4;197,69;0,05;284,11;0,00
5,913;3,547;0,968;1,98E-4;197,67;0,05;284,02;0,00
5,914;3,548;0,969;1,98E-4;197,69;0,05;284,12;0,00
5,915;3,549;0,969;1,98E-4;197,72;0,05;284,21;0,00
5,916;3,548;0,969;1,98E-4;197,70;0,05;284,19;0,00
5,917;3,549;0,969;1,98E-4;197,71;0,05;284,16;0,00
5,918;3,549;0,969;1,98E-4;197,71;0,05;284,21;0,00
5,919;3,548;0,969;1,98E-4;197,69;0,05;284,14;0,00
5,920;3,547;0,968;1,98E-4;197,67;0,05;284,07;0,00
5,921;3,547;0,968;1,98E-4;197,66;0,05;284,01;0,00
5,922;3,548;0,969;1,98E-4;197,68;0,05;284,11;0,00
5,923;3,547;0,968;1,98E-4;197,64;0,05;283,99;0,00
5,924;3,548;0,969;1,98E-4;197,70;0,05;284,19;0,00
5,925;3,548;0,969;1,98E-4;197,68;0,05;284,18;0,00
5,926;3,547;0,968;1,98E-4;197,65;0,05;284,05;0,00
5,927;3,548;0,969;1,98E-4;197,69;0,05;284,19;0,00
5,928;3,548;0,969;1,98E-4;197,68;0,05;284,18;0,00
5,929;3,547;0,968;1,98E-4;197,66;0,05;284,07;0,00
5,930;3,548;0,969;1,98E-4;197,68;0,05;284,17;0,00
5,931;3,549;0,970;1,98E-4;197,72;0,05;284,25;0,00
5,932;3,549;0,970;1,98E-4;197,71;0,05;284,33;0,00
5,933;3,548;0,969;1,98E-4;197,69;0,05;284,20;0,00
5,934;3,548;0,969;1,98E-4;197,69;0,05;284,20;0,00
5,935;3,548;0,969;1,98E-4;197,69;0,05;284,18;0,00
5,936;3,549;0,970;1,98E-4;197,71;0,05;284,31;0,00
5,937;3,549;0,971;1,98E-4;197,71;0,05;284,35;0,00
5,938;3,548;0,969;1,98E-4;197,68;0,05;284,17;0,00
5,939;3,548;0,970;1,98E-4;197,69;0,05;284,23;0,00
5,940;3,547;0,969;1,98E-4;197,67;0,05;284,19;0,00
5,941;3,548;0,969;1,98E-4;197,68;0,05;284,21;0,00
5,942;3,548;0,969;1,98E-4;197,68;0,05;284,19;0,00
5,943;3,547;0,969;1,98E-4;197,67;0,05;284,20;0,00
5,944;3,548;0,970;1,98E-4;197,69;0,05;284,28;0,00
5,945;3,547;0,969;1,98E-4;197,65;0,05;284,14;0,00
5,946;3,547;0,969;1,98E-4;197,67;0,05;284,18;0,00
5,947;3,547;0,969;1,98E-4;197,67;0,05;284,20;0,00
5,948;3,547;0,969;1,98E-4;197,65;0,05;284,16;0,00
5,949;3,547;0,969;1,98E-4;197,65;0,05;284,16;0,00
5,950;3,547;0,970;1,98E-4;197,67;0,05;284,28;0,00
5,951;3,548;0,970;1,98E-4;197,69;0,05;284,32;0,00
5,952;3,547;0,969;1,98E-4;197,67;0,05;284,18;0,00
5,953;3,547;0,969;1,98E-4;197,65;0,05;284,18;0,00
5,954;3,547;0,970;1,98E-4;197,66;0,05;284,22;0,00
5,955;3,546;0,969;1,98E-4;197,63;0,05;284,10;0,00
5,956;3,549;0,972;1,98E-4;197,72;0,05;284,46;0,00
5,957;3,547;0,969;1,98E-4;197,65;0,05;284,19;0,00
5,958;3,546;0,969;1,98E-4;197,64;0,05;284,17;0,00
5,959;3,547;0,969;1,98E-4;197,66;0,05;284,20;0,00
5,960;3,548;0,970;1,98E-4;197,68;0,05;284,29;0,00
5,961;3,548;0,971;1,98E-4;197,69;0,05;284,37;0,00
5,962;3,548;0,971;1,98E-4;197,69;0,05;284,39;0,00
5,963;3,547;0,970;1,98E-4;197,66;0,05;284,25;0,00
5,964;3,549;0,972;1,98E-4;197,71;0,05;284,46;0,00
5,965;3,547;0,970;1,98E-4;197,67;0,05;284,33;0,00
5,966;3,547;0,970;1,98E-4;197,67;0,05;284,32;0,00
5,967;3,548;0,971;1,98E-4;197,70;0,05;284,37;0,00
5,968;3,547;0,970;1,98E-4;197,66;0,05;284,26;0,00
5,969;3,547;0,970;1,98E-4;197,66;0,05;284,27;0,00
5,970;3,548;0,971;1,98E-4;197,70;0,05;284,44;0,00
5,971;3,546;0,969;1,98E-4;197,64;0,05;284,18;0,00
5,972;3,547;0,970;1,98E-4;197,67;0,05;284,29;0,00
5,973;3,546;0,969;1,98E-4;197,63;0,05;284,17;0,00
5,974;3,548;0,971;1,98E-4;197,69;0,05;284,40;0,00
5,975;3,548;0,970;1,98E-4;197,68;0,05;284,33;0,00
5,976;3,548;0,971;1,98E-4;197,69;0,05;284,40;0,00
5,977;3,547;0,970;1,98E-4;197,67;0,05;284,33;0,00
5,978;3,547;0,970;1,98E-4;197,66;0,05;284,31;0,00
5,979;3,547;0,971;1,98E-4;197,67;0,05;284,35;0,00
5,980;3,547;0,971;1,98E-4;197,67;0,05;284,38;0,00
5,981;3,548;0,971;1,98E-4;197,68;0,05;284,41;0,00
5,982;3,547;0,971;1,98E-4;197,66;0,05;284,37;0,00
5,983;3,549;0,972;1,98E-4;197,71;0,05;284,54;0,00
5,984;3,547;0,970;1,98E-4;197,65;0,05;284,33;0,00
5,985;3,548;0,971;1,98E-4;197,68;0,05;284,41;0,00
5,986;3,548;0,971;1,98E-4;197,68;0,05;284,44;0,00
5,987;3,548;0,972;1,98E-4;197,70;0,05;284,50;0,00
5,988;3,548;0,972;1,98E-4;197,67;0,05;284,45;0,00
5,989;3,547;0,971;1,98E-4;197,67;0,05;284,43;0,00
5,990;3,548;0,972;1,98E-4;197,70;0,05;284,51;0,00
5,991;3,547;0,971;1,98E-4;197,66;0,05;284,38;0,00
5,992;3,547;0,970;1,98E-4;197,64;0,05;284,28;0,00
5,993;3,547;0,971;1,98E-4;197,65;0,05;284,38;0,00
5,994;3,548;0,972;1,98E-4;197,69;0,05;284,52;0,00
5,995;3,548;0,973;1,98E-4;197,70;0,05;284,59;0,00
5,996;3,548;0,973;1,98E-4;197,71;0,05;284,59;0,00
5,997;3,548;0,972;1,98E-4;197,69;0,05;284,55;0,00
5,998;3,549;0,973;1,98E-4;197,71;0,05;284,60;0,00
5,999;3,549;0,973;1,98E-4;197,72;0,05;284,61;0,00
6,000;3,547;0,972;1,98E-4;197,67;0,05;284,47;0,00
6,001;3,548;0,972;1,98E-4;197,68;0,05;284,54;0,00
6,002;3,548;0,973;1,98E-4;197,70;0,05;284,59;0,00
6,003;3,547;0,971;1,98E-4;197,66;0,05;284,41;0,00
6,004;3,547;0,972;1,98E-4;197,67;0,05;284,45;0,00
6,005;3,546;0,971;1,98E-4;197,63;0,05;284,36;0,00
6,006;3,547;0,972;1,98E-4;197,67;0,05;284,48;0,00
6,007;3,547;0,971;1,98E-4;197,65;0,05;284,43;0,00
6,008;3,547;0,972;1,98E-4;197,66;0,05;284,50;0,00
6,009;3,546;0,971;1,98E-4;197,64;0,05;284,41;0,00
6,010;3,547;0,971;1,98E-4;197,64;0,05;284,39;0,00
6,011;3,547;0,972;1,98E-4;197,65;0,05;284,47;0,00
6,012;3,548;0,973;1,98E-4;197,68;0,05;284,59;0,00
6,013;3,547;0,972;1,98E-4;197,66;0,05;284,51;0,00
6,014;3,547;0,972;1,98E-4;197,65;0,05;284,45;0,00
6,015;3,547;0,971;1,98E-4;197,65;0,05;284,44;0,00
6,016;3,547;0,972;1,98E-4;197,66;0,05;284,52;0,00
6,017;3,548;0,973;1,98E-4;197,68;0,05;284,59;0,00
6,018;3,546;0,971;1,98E-4;197,64;0,05;284,42;0,00
6,019;3,547;0,972;1,98E-4;197,65;0,05;284,50;0,00
6,020;3,547;0,972;1,98E-4;197,66;0,05;284,52;0,00
6,021;3,547;0,972;1,98E-4;197,67;0,05;284,56;0,00
6,022;3,547;0,972;1,98E-4;197,66;0,05;284,49;0,00
6,023;3,547;0,973;1,98E-4;197,67;0,05;284,58;0,00
6,024;3,547;0,972;1,98E-4;197,65;0,05;284,51;0,00
6,025;3,548;0,973;1,98E-4;197,68;0,05;284,59;0,00
6,026;3,547;0,972;1,98E-4;197,67;0,05;284,53;0,00
6,027;3,547;0,973;1,98E-4;197,67;0,05;284,59;0,00
6,028;3,549;0,974;1,98E-4;197,71;0,05;284,73;0,00
6,029;3,547;0,973;1,98E-4;197,67;0,05;284,60;0,00
6,030;3,547;0,973;1,98E-4;197,67;0,05;284,60;0,00
6,031;3,548;0,974;1,98E-4;197,71;0,05;284,70;0,00
6,032;3,548;0,974;1,98E-4;197,70;0,05;284,69;0,00
6,033;3,549;0,974;1,98E-4;197,72;0,05;284,78;0,00
6,034;3,548;0,973;1,98E-4;197,69;0,05;284,68;0,00
6,035;3,548;0,973;1,98E-4;197,69;0,05;284,68;0,00
6,036;3,547;0,972;1,98E-4;197,64;0,05;284,53;0,00
6,037;3,548;0,974;1,98E-4;197,69;0,05;284,73;0,00
6,038;3,548;0,974;1,98E-4;197,69;0,05;284,71;0,00
6,039;3,548;0,974;1,98E-4;197,68;0,05;284,70;0,00
6,040;3,547;0,973;1,98E-4;197,66;0,05;284,63;0,00
6,041;3,546;0,972;1,98E-4;197,63;0,05;284,50;0,00
6,042;3,546;0,972;1,98E-4;197,64;0,05;284,51;0,00
6,043;3,547;0,973;1,98E-4;197,66;0,05;284,63;0,00
6,044;3,548;0,974;1,98E-4;197,70;0,05;284,78;0,00
6,045;3,547;0,974;1,98E-4;197,67;0,05;284,71;0,00
6,046;3,547;0,973;1,98E-4;197,67;0,05;284,63;0,00
6,047;3,548;0,974;1,98E-4;197,69;0,05;284,75;0,00
6,048;3,548;0,974;1,98E-4;197,69;0,05;284,75;0,00
6,049;3,549;0,975;1,98E-4;197,71;0,05;284,83;0,00
6,050;3,548;0,974;1,98E-4;197,68;0,05;284,76;0,00
6,051;3,548;0,975;1,98E-4;197,70;0,05;284,80;0,00
6,052;3,547;0,974;1,98E-4;197,67;0,05;284,74;0,00
6,053;3,547;0,973;1,98E-4;197,66;0,05;284,61;0,00
6,054;3,548;0,974;1,98E-4;197,69;0,05;284,79;0,00
6,055;3,547;0,973;1,98E-4;197,65;0,05;284,66;0,00
6,056;3,548;0,974;1,98E-4;197,68;0,05;284,73;0,00
6,057;3,547;0,973;1,98E-4;197,65;0,05;284,67;0,00
6,058;3,547;0,974;1,98E-4;197,67;0,05;284,78;0,00
6,059;3,548;0,975;1,98E-4;197,70;0,05;284,86;0,00
6,060;3,547;0,974;1,98E-4;197,67;0,05;284,73;0,00
6,061;3,547;0,974;1,98E-4;197,67;0,05;284,76;0,00
6,062;3,549;0,976;1,98E-4;197,72;0,05;284,94;0,00
6,063;3,547;0,973;1,98E-4;197,64;0,05;284,66;0,00
6,064;3,547;0,974;1,98E-4;197,67;0,05;284,72;0,00
6,065;3,548;0,974;1,98E-4;197,68;0,05;284,78;0,00
6,066;3,546;0,973;1,98E-4;197,64;0,05;284,60;0,00
6,067;3,546;0,973;1,98E-4;197,63;0,05;284,59;0,00
6,068;3,548;0,975;1,98E-4;197,68;0,05;284,83;0,00
6,069;3,547;0,975;1,98E-4;197,67;0,05;284,82;0,00
6,070;3,546;0,974;1,98E-4;197,64;0,05;284,69;0,00
6,071;3,548;0,975;1,98E-4;197,69;0,05;284,81;0,00
6,072;3,548;0,975;1,98E-4;197,68;0,05;284,86;0,00
6,073;3,547;0,974;1,98E-4;197,65;0,05;284,75;0,00
6,074;3,547;0,974;1,98E-4;197,67;0,05;284,77;0,00
6,075;3,548;0,975;1,98E-4;197,70;0,05;284,88;0,00
6,076;3,549;0,976;1,98E-4;197,72;0,05;284,96;0,00
6,077;3,547;0,975;1,98E-4;197,67;0,05;284,81;0,00
6,078;3,547;0,974;1,98E-4;197,66;0,05;284,78;0,00
6,079;3,549;0,976;1,98E-4;197,72;0,05;285,00;0,00
6,080;3,547;0,974;1,98E-4;197,67;0,05;284,74;0,00
6,081;3,547;0,975;1,98E-4;197,67;0,05;284,83;0,00
6,082;3,548;0,975;1,98E-4;197,68;0,05;284,89;0,00
6,083;3,547;0,975;1,98E-4;197,66;0,05;284,81;0,00
6,084;3,547;0,974;1,98E-4;197,66;0,05;284,78;0,00
6,085;3,548;0,975;1,98E-4;197,68;0,05;284,91;0,00
6,086;3,548;0,976;1,98E-4;197,69;0,05;284,94;0,00
6,087;3,548;0,976;1,98E-4;197,70;0,05;284,96;0,00
6,088;3,548;0,975;1,98E-4;197,69;0,05;284,90;0,00
6,089;3,548;0,975;1,98E-4;197,68;0,05;284,88;0,00
6,090;3,547;0,975;1,98E-4;197,65;0,05;284,80;0,00
6,091;3,548;0,975;1,98E-4;197,69;0,05;284,88;0,00
6,092;3,546;0,974;1,98E-4;197,63;0,05;284,72;0,00
6,093;3,548;0,976;1,98E-4;197,69;0,05;284,93;0,00
6,094;3,547;0,975;1,98E-4;197,66;0,05;284,87;0,00
6,095;3,547;0,975;1,98E-4;197,66;0,05;284,83;0,00
6,096;3,547;0,975;1,98E-4;197,66;0,05;284,85;0,00
6,097;3,547;0,975;1,98E-4;197,67;0,05;284,84;0,00
6,098;3,548;0,975;1,98E-4;197,68;0,05;284,90;0,00
6,099;3,547;0,975;1,98E-4;197,67;0,05;284,85;0,00
6,100;3,548;0,976;1,98E-4;197,69;0,05;284,96;0,00
6,101;3,548;0,976;1,98E-4;197,70;0,05;284,98;0,00
6,102;3,548;0,976;1,98E-4;197,68;0,05;284,96;0,00
6,103;3,548;0,976;1,98E-4;197,69;0,05;285,01;0,00
6,104;3,547;0,975;1,98E-4;197,65;0,05;284,83;0,00
6,105;3,547;0,974;1,98E-4;197,64;0,05;284,78;0,00
6,106;3,547;0,975;1,98E-4;197,66;0,05;284,88;0,00
6,107;3,546;0,974;1,98E-4;197,64;0,05;284,76;0,00
6,108;3,548;0,976;1,98E-4;197,69;0,05;284,95;0,00
6,109;3,549;0,977;1,98E-4;197,71;0,05;285,04;0,00
6,110;3,547;0,976;1,98E-4;197,67;0,05;284,93;0,00
6,111;3,546;0,974;1,98E-4;197,63;0,05;284,79;0,00
6,112;3,547;0,975;1,98E-4;197,65;0,05;284,87;0,00
6,113;3,547;0,976;1,98E-4;197,67;0,05;284,93;0,00
6,114;3,548;0,977;1,98E-4;197,69;0,05;285,05;0,00
6,115;3,548;0,976;1,98E-4;197,67;0,05;284,94;0,00
6,116;3,548;0,977;1,98E-4;197,70;0,05;285,07;0,00
6,117;3,547;0,976;1,98E-4;197,67;0,05;284,94;0,00
6,118;3,548;0,976;1,98E-4;197,68;0,05;285,01;0,00
6,119;3,547;0,976;1,98E-4;197,67;0,05;284,95;0,00
6,120;3,548;0,976;1,98E-4;197,68;0,05;285,03;0,00
6,121;3,548;0,977;1,98E-4;197,69;0,05;285,04;0,00
6,122;3,549;0,978;1,98E-4;197,71;0,05;285,17;0,00
6,123;3,547;0,976;1,98E-4;197,66;0,05;284,95;0,00
6,124;3,547;0,976;1,98E-4;197,67;0,05;285,01;0,00
6,125;3,547;0,976;1,98E-4;197,65;0,05;284,95;0,00
6,126;3,548;0,976;1,98E-4;197,69;0,05;285,03;0,00
6,127;3,548;0,977;1,98E-4;197,68;0,05;285,05;0,00
6,128;3,548;0,977;1,98E-4;197,68;0,05;285,05;0,00
6,129;3,546;0,975;1,98E-4;197,64;0,05;284,88;0,00
6,130;3,547;0,975;1,98E-4;197,64;0,05;284,88;0,00
6,131;3,547;0,976;1,98E-4;197,67;0,05;284,97;0,00
6,132;3,546;0,975;1,98E-4;197,64;0,05;284,87;0,00
6,133;3,547;0,976;1,98E-4;197,65;0,05;285,00;0,00
6,134;3,548;0,977;1,98E-4;197,68;0,05;285,04;0,00
6,135;3,548;0,977;1,98E-4;197,68;0,05;285,05;0,00
6,136;3,549;0,978;1,98E-4;197,72;0,05;285,19;0,00
6,137;3,548;0,977;1,98E-4;197,69;0,05;285,06;0,00
6,138;3,548;0,978;1,98E-4;197,71;0,05;285,15;0,00
6,139;3,549;0,978;1,98E-4;197,72;0,05;285,22;0,00
6,140;3,548;0,977;1,98E-4;197,69;0,05;285,07;0,00
6,141;3,547;0,976;1,98E-4;197,65;0,05;285,00;0,00
6,142;3,548;0,977;1,98E-4;197,70;0,05;285,13;0,00
6,143;3,548;0,977;1,98E-4;197,69;0,05;285,10;0,00
6,144;3,548;0,977;1,98E-4;197,68;0,05;285,09;0,00
6,145;3,546;0,975;1,98E-4;197,63;0,05;284,88;0,00
6,146;3,546;0,975;1,98E-4;197,62;0,05;284,87;0,00
6,147;3,548;0,977;1,98E-4;197,69;0,05;285,12;0,00
6,148;3,546;0,976;1,98E-4;197,63;0,05;284,95;0,00
6,149;3,545;0,975;1,98E-4;197,61;0,05;284,82;0,00
6,150;3,548;0,977;1,98E-4;197,69;0,05;285,14;0,00
6,151;3,548;0,978;1,98E-4;197,69;0,05;285,16;0,00
6,152;3,548;0,977;1,98E-4;197,68;0,05;285,11;0,00
6,153;3,549;0,979;1,98E-4;197,72;0,05;285,28;0,00
6,154;3,547;0,976;1,98E-4;197,66;0,05;285,00;0,00
6,155;3,548;0,978;1,98E-4;197,69;0,05;285,21;0,00
6,156;3,548;0,977;1,98E-4;197,68;0,05;285,11;0,00
6,157;3,547;0,977;1,98E-4;197,67;0,05;285,10;0,00
6,158;3,548;0,977;1,98E-4;197,69;0,05;285,14;0,00
6,159;3,547;0,977;1,98E-4;197,67;0,05;285,13;0,00
6,160;3,548;0,978;1,98E-4;197,69;0,05;285,19;0,00
6,161;3,548;0,978;1,98E-4;197,69;0,05;285,17;0,00
6,162;3,548;0,978;1,98E-4;197,70;0,05;285,20;0,00
6,163;3,548;0,978;1,98E-4;197,70;0,05;285,21;0,00
6,164;3,547;0,977;1,98E-4;197,65;0,05;285,06;0,00
6,165;3,547;0,977;1,98E-4;197,67;0,05;285,08;0,00
6,166;3,546;0,977;1,98E-4;197,64;0,05;285,04;0,00
6,167;3,547;0,977;1,98E-4;197,65;0,05;285,05;0,00
6,168;3,548;0,978;1,98E-4;197,69;0,05;285,16;0,00
6,169;3,548;0,978;1,98E-4;197,68;0,05;285,16;0,00
6,170;3,548;0,978;1,98E-4;197,69;0,05;285,22;0,00
6,171;3,547;0,978;1,98E-4;197,67;0,05;285,16;0,00
6,172;3,548;0,978;1,98E-4;197,70;0,05;285,21;0,00
6,173;3,548;0,977;1,98E-4;197,68;0,05;285,14;0,00
6,174;3,549;0,978;1,98E-4;197,71;0,05;285,25;0,00
6,175;3,547;0,977;1,98E-4;197,67;0,05;285,15;0,00
6,176;3,547;0,977;1,98E-4;197,66;0,05;285,10;0,00
6,177;3,548;0,978;1,98E-4;197,68;0,05;285,18;0,00
6,178;3,548;0,978;1,98E-4;197,70;0,05;285,24;0,00
6,179;3,548;0,978;1,98E-4;197,70;0,05;285,22;0,00
6,180;3,546;0,977;1,98E-4;197,63;0,05;285,06;0,00
6,181;3,546;0,977;1,98E-4;197,64;0,05;285,06;0,00
6,182;3,547;0,978;1,98E-4;197,67;0,05;285,18;0,00
6,183;3,549;0,979;1,98E-4;197,72;0,05;285,35;0,00
6,184;3,549;0,979;1,98E-4;197,71;0,05;285,35;0,00
6,185;3,548;0,978;1,98E-4;197,68;0,05;285,21;0,00
6,186;3,548;0,978;1,98E-4;197,68;0,05;285,21;0,00
6,187;3,547;0,978;1,98E-4;197,67;0,05;285,21;0,00
6,188;3,547;0,978;1,98E-4;197,67;0,05;285,23;0,00
6,189;3,548;0,978;1,98E-4;197,69;0,05;285,23;0,00
6,190;3,547;0,977;1,98E-4;197,65;0,05;285,14;0,00
6,191;3,547;0,977;1,98E-4;197,65;0,05;285,10;0,00
6,192;3,548;0,979;1,98E-4;197,70;0,05;285,30;0,00
6,193;3,547;0,978;1,98E-4;197,67;0,05;285,24;0,00
6,194;3,547;0,977;1,98E-4;197,65;0,05;285,13;0,00
6,195;3,547;0,978;1,98E-4;197,66;0,05;285,20;0,00
6,196;3,548;0,979;1,98E-4;197,70;0,05;285,29;0,00
6,197;3,548;0,978;1,98E-4;197,68;0,05;285,26;0,00
6,198;3,547;0,978;1,98E-4;197,67;0,05;285,22;0,00
6,199;3,548;0,978;1,98E-4;197,68;0,05;285,25;0,00
6,200;3,547;0,978;1,98E-4;197,66;0,05;285,18;0,00
6,201;3,548;0,979;1,98E-4;197,69;0,05;285,28;0,00
6,202;3,547;0,977;1,98E-4;197,65;0,05;285,11;0,00
6,203;3,547;0,978;1,98E-4;197,67;0,05;285,23;0,00
6,204;3,548;0,979;1,98E-4;197,67;0,05;285,27;0,00
6,205;3,548;0,979;1,98E-4;197,68;0,05;285,30;0,00
6,206;3,548;0,979;1,98E-4;197,68;0,05;285,28;0,00
6,207;3,547;0,978;1,98E-4;197,66;0,05;285,17;0,00
6,208;3,548;0,978;1,98E-4;197,68;0,05;285,26;0,00
6,209;3,547;0,978;1,98E-4;197,65;0,05;285,16;0,00
6,210;3,548;0,979;1,98E-4;197,69;0,05;285,34;0,00
6,211;3,548;0,979;1,98E-4;197,68;0,05;285,29;0,00
6,212;3,548;0,979;1,98E-4;197,69;0,05;285,28;0,00
6,213;3,548;0,979;1,98E-4;197,68;0,05;285,27;0,00
6,214;3,548;0,979;1,98E-4;197,68;0,05;285,32;0,00
6,215;3,546;0,977;1,98E-4;197,63;0,05;285,11;0,00
6,216;3,547;0,978;1,98E-4;197,64;0,05;285,17;0,00
6,217;3,547;0,978;1,98E-4;197,65;0,05;285,18;0,00
6,218;3,547;0,978;1,98E-4;197,65;0,05;285,16;0,00
6,219;3,548;0,980;1,98E-4;197,70;0,05;285,40;0,00
6,220;3,548;0,979;1,98E-4;197,69;0,05;285,38;0,00
6,221;3,547;0,978;1,98E-4;197,65;0,05;285,26;0,00
6,222;3,548;0,980;1,98E-4;197,70;0,05;285,42;0,00
6,223;3,547;0,978;1,98E-4;197,65;0,05;285,26;0,00
6,224;3,548;0,979;1,98E-4;197,69;0,05;285,35;0,00
6,225;3,546;0,978;1,98E-4;197,64;0,05;285,18;0,00
6,226;3,546;0,977;1,98E-4;197,63;0,05;285,15;0,00
6,227;3,548;0,979;1,98E-4;197,68;0,05;285,29;0,00
6,228;3,548;0,980;1,98E-4;197,70;0,05;285,40;0,00
6,229;3,548;0,979;1,98E-4;197,68;0,05;285,32;0,00
6,230;3,548;0,980;1,98E-4;197,70;0,05;285,42;0,00
6,231;3,549;0,980;1,98E-4;197,72;0,05;285,48;0,00
6,232;3,548;0,979;1,98E-4;197,69;0,05;285,38;0,00
6,233;3,548;0,980;1,98E-4;197,69;0,05;285,40;0,00
6,234;3,548;0,980;1,98E-4;197,69;0,05;285,41;0,00
6,235;3,548;0,980;1,98E-4;197,69;0,05;285,41;0,00
6,236;3,548;0,980;1,98E-4;197,70;0,05;285,42;0,00
6,237;3,548;0,980;1,98E-4;197,71;0,05;285,48;0,00
6,238;3,547;0,979;1,98E-4;197,66;0,05;285,34;0,00
6,239;3,548;0,979;1,98E-4;197,68;0,05;285,36;0,00
6,240;3,548;0,980;1,98E-4;197,70;0,05;285,45;0,00
6,241;3,548;0,980;1,98E-4;197,70;0,05;285,48;0,00
6,242;3,548;0,980;1,98E-4;197,71;0,05;285,45;0,00
6,243;3,548;0,980;1,98E-4;197,68;0,05;285,39;0,00
6,244;3,547;0,979;1,98E-4;197,67;0,05;285,37;0,00
6,245;3,546;0,978;1,98E-4;197,63;0,05;285,21;0,00
6,246;3,547;0,978;1,98E-4;197,64;0,05;285,25;0,00
6,247;3,548;0,980;1,98E-4;197,68;0,05;285,39;0,00
6,248;3,547;0,979;1,98E-4;197,67;0,05;285,36;0,00
6,249;3,547;0,979;1,98E-4;197,66;0,05;285,30;0,00
6,250;3,548;0,980;1,98E-4;197,68;0,05;285,40;0,00
6,251;3,546;0,978;1,98E-4;197,62;0,05;285,20;0,00
6,252;3,546;0,978;1,98E-4;197,64;0,05;285,20;0,00
6,253;3,548;0,980;1,98E-4;197,68;0,05;285,38;0,00
6,254;3,547;0,979;1,98E-4;197,65;0,05;285,33;0,00
6,255;3,547;0,979;1,98E-4;197,67;0,05;285,37;0,00
6,256;3,549;0,981;1,98E-4;197,71;0,05;285,56;0,00
6,257;3,548;0,980;1,98E-4;197,68;0,05;285,41;0,00
6,258;3,548;0,980;1,98E-4;197,69;0,05;285,41;0,00
6,259;3,548;0,980;1,98E-4;197,71;0,05;285,50;0,00
6,260;3,548;0,980;1,98E-4;197,69;0,05;285,48;0,00
6,261;3,548;0,981;1,98E-4;197,70;0,05;285,55;0,00
6,262;3,548;0,980;1,98E-4;197,69;0,05;285,48;0,00
6,263;3,548;0,980;1,98E-4;197,68;0,05;285,47;0,00
6,264;3,548;0,980;1,98E-4;197,69;0,05;285,47;0,00
6,265;3,547;0,980;1,98E-4;197,66;0,05;285,40;0,00
6,266;3,548;0,980;1,98E-4;197,68;0,05;285,41;0,00
6,267;3,547;0,979;1,98E-4;197,65;0,05;285,32;0,00
6,268;3,548;0,980;1,98E-4;197,69;0,05;285,43;0,00
6,269;3,547;0,980;1,98E-4;197,67;0,05;285,39;0,00
6,270;3,547;0,979;1,98E-4;197,67;0,05;285,37;0,00
6,271;3,547;0,980;1,98E-4;197,67;0,05;285,40;0,00
6,272;3,547;0,979;1,98E-4;197,66;0,05;285,37;0,00
6,273;3,547;0,979;1,98E-4;197,67;0,05;285,38;0,00
6,274;3,547;0,980;1,98E-4;197,67;0,05;285,42;0,00
6,275;3,546;0,979;1,98E-4;197,64;0,05;285,30;0,00
6,276;3,548;0,980;1,98E-4;197,69;0,05;285,48;0,00
6,277;3,547;0,979;1,98E-4;197,66;0,05;285,37;0,00
6,278;3,548;0,980;1,98E-4;197,69;0,05;285,47;0,00
6,279;3,548;0,980;1,98E-4;197,68;0,05;285,42;0,00
6,280;3,548;0,980;1,98E-4;197,68;0,05;285,46;0,00
6,281;3,549;0,982;1,98E-4;197,74;0,05;285,65;0,00
6,282;3,547;0,980;1,98E-4;197,66;0,05;285,42;0,00
6,283;3,548;0,980;1,98E-4;197,68;0,05;285,49;0,00
6,284;3,548;0,981;1,98E-4;197,69;0,05;285,55;0,00
6,285;3,548;0,981;1,98E-4;197,69;0,05;285,56;0,00
6,286;3,549;0,982;1,98E-4;197,73;0,05;285,63;0,00
6,287;3,549;0,981;1,98E-4;197,71;0,05;285,60;0,00
6,288;3,547;0,980;1,98E-4;197,67;0,05;285,50;0,00
6,289;3,548;0,981;1,98E-4;197,70;0,05;285,56;0,00
6,290;3,549;0,982;1,98E-4;197,72;0,05;285,66;0,00
6,291;3,548;0,980;1,98E-4;197,68;0,05;285,47;0,00
6,292;3,547;0,980;1,98E-4;197,67;0,05;285,47;0,00
6,293;3,547;0,980;1,98E-4;197,66;0,05;285,44;0,00
6,294;3,549;0,981;1,98E-4;197,71;0,05;285,59;0,00
6,295;3,547;0,980;1,98E-4;197,67;0,05;285,43;0,00
6,296;3,548;0,980;1,98E-4;197,69;0,05;285,49;0,00
6,297;3,548;0,981;1,98E-4;197,69;0,05;285,55;0,00
6,298;3,547;0,980;1,98E-4;197,66;0,05;285,40;0,00
6,299;3,546;0,979;1,98E-4;197,63;0,05;285,35;0,00
6,300;3,546;0,979;1,98E-4;197,63;0,05;285,33;0,00
6,301;3,546;0,979;1,98E-4;197,64;0,05;285,35;0,00
6,302;3,546;0,979;1,98E-4;197,64;0,05;285,38;0,00
6,303;3,547;0,980;1,98E-4;197,66;0,05;285,47;0,00
6,304;3,548;0,980;1,98E-4;197,68;0,05;285,49;0,00
6,305;3,547;0,980;1,98E-4;197,67;0,05;285,48;0,00
6,306;3,548;0,981;1,98E-4;197,69;0,05;285,58;0,00
6,307;3,548;0,981;1,98E-4;197,68;0,05;285,52;0,00
6,308;3,547;0,980;1,98E-4;197,67;0,05;285,46;0,00
6,309;3,548;0,981;1,98E-4;197,69;0,05;285,58;0,00
6,310;3,547;0,980;1,98E-4;197,66;0,05;285,47;0,00
6,311;3,548;0,981;1,98E-4;197,70;0,05;285,59;0,00
6,312;3,548;0,981;1,98E-4;197,70;0,05;285,59;0,00
6,313;3,548;0,981;1,98E-4;197,68;0,05;285,53;0,00
6,314;3,549;0,982;1,98E-4;197,72;0,05;285,67;0,00
6,315;3,549;0,982;1,98E-4;197,72;0,05;285,71;0,00
6,316;3,547;0,981;1,98E-4;197,67;0,05;285,50;0,00
6,317;3,548;0,981;1,98E-4;197,68;0,05;285,56;0,00
6,318;3,547;0,980;1,98E-4;197,67;0,05;285,47;0,00
6,319;3,547;0,980;1,98E-4;197,66;0,05;285,50;0,00
6,320;3,548;0,981;1,98E-4;197,68;0,05;285,55;0,00
6,321;3,547;0,980;1,98E-4;197,65;0,05;285,41;0,00
6,322;3,546;0,980;1,98E-4;197,63;0,05;285,40;0,00
6,323;3,548;0,982;1,98E-4;197,69;0,05;285,62;0,00
6,324;3,547;0,981;1,98E-4;197,67;0,05;285,54;0,00
6,325;3,548;0,982;1,98E-4;197,70;0,05;285,66;0,00
6,326;3,548;0,981;1,98E-4;197,68;0,05;285,57;0,00
6,327;3,547;0,980;1,98E-4;197,66;0,05;285,50;0,00
6,328;3,547;0,981;1,98E-4;197,67;0,05;285,54;0,00
6,329;3,548;0,981;1,98E-4;197,69;0,05;285,61;0,00
6,330;3,548;0,982;1,98E-4;197,70;0,05;285,68;0,00
6,331;3,549;0,982;1,98E-4;197,71;0,05;285,67;0,00
6,332;3,549;0,982;1,98E-4;197,71;0,05;285,68;0,00
6,333;3,549;0,982;1,98E-4;197,72;0,05;285,72;0,00
6,334;3,548;0,981;1,98E-4;197,68;0,05;285,62;0,00
6,335;3,549;0,982;1,98E-4;197,71;0,05;285,68;0,00
6,336;3,549;0,983;1,98E-4;197,73;0,05;285,80;0,00
6,337;3,548;0,982;1,98E-4;197,70;0,05;285,65;0,00
6,338;3,547;0,981;1,98E-4;197,67;0,05;285,60;0,00
6,339;3,548;0,982;1,98E-4;197,70;0,05;285,68;0,00
6,340;3,549;0,983;1,98E-4;197,72;0,05;285,79;0,00
6,341;3,548;0,982;1,98E-4;197,69;0,05;285,63;0,00
6,342;3,549;0,982;1,98E-4;197,71;0,05;285,72;0,00
6,343;3,549;0,983;1,98E-4;197,71;0,05;285,75;0,00
6,344;3,549;0,983;1,98E-4;197,71;0,05;285,74;0,00
6,345;3,548;0,981;1,98E-4;197,68;0,05;285,62;0,00
6,346;3,548;0,981;1,98E-4;197,68;0,05;285,58;0,00
6,347;3,547;0,981;1,98E-4;197,67;0,05;285,60;0,00
6,348;3,548;0,981;1,98E-4;197,68;0,05;285,61;0,00
6,349;3,548;0,982;1,98E-4;197,70;0,05;285,71;0,00
6,350;3,547;0,981;1,98E-4;197,67;0,05;285,59;0,00
6,351;3,548;0,982;1,98E-4;197,70;0,05;285,72;0,00
6,352;3,549;0,982;1,98E-4;197,71;0,05;285,72;0,00
6,353;3,548;0,982;1,98E-4;197,69;0,05;285,70;0,00
6,354;3,548;0,982;1,98E-4;197,70;0,05;285,71;0,00
6,355;3,547;0,981;1,98E-4;197,66;0,05;285,60;0,00
6,356;3,547;0,981;1,98E-4;197,65;0,05;285,53;0,00
6,357;3,548;0,981;1,98E-4;197,68;0,05;285,60;0,00
6,358;3,549;0,983;1,98E-4;197,73;0,05;285,80;0,00
6,359;3,548;0,982;1,98E-4;197,68;0,05;285,67;0,00
6,360;3,548;0,982;1,98E-4;197,69;0,05;285,73;0,00
6,361;3,547;0,981;1,98E-4;197,67;0,05;285,61;0,00
6,362;3,547;0,982;1,98E-4;197,67;0,05;285,66;0,00
6,363;3,546;0,980;1,98E-4;197,63;0,05;285,47;0,00
6,364;3,546;0,981;1,98E-4;197,64;0,05;285,53;0,00
6,365;3,547;0,981;1,98E-4;197,66;0,05;285,60;0,00
6,366;3,547;0,982;1,98E-4;197,67;0,05;285,66;0,00
6,367;3,548;0,982;1,98E-4;197,68;0,05;285,72;0,00
6,368;3,547;0,981;1,98E-4;197,67;0,05;285,59;0,00
6,369;3,548;0,982;1,98E-4;197,69;0,05;285,73;0,00
6,370;3,548;0,982;1,98E-4;197,69;0,05;285,71;0,00
6,371;3,547;0,981;1,98E-4;197,66;0,05;285,60;0,00
6,372;3,548;0,982;1,98E-4;197,68;0,05;285,66;0,00
6,373;3,548;0,982;1,98E-4;197,69;0,05;285,68;0,00
6,374;3,546;0,981;1,98E-4;197,63;0,05;285,53;0,00
6,375;3,547;0,982;1,98E-4;197,67;0,05;285,65;0,00
6,376;3,547;0,981;1,98E-4;197,65;0,05;285,58;0,00
6,377;3,546;0,981;1,98E-4;197,64;0,05;285,52;0,00
6,378;3,548;0,982;1,98E-4;197,68;0,05;285,69;0,00
6,379;3,548;0,983;1,98E-4;197,70;0,05;285,78;0,00
6,380;3,548;0,982;1,98E-4;197,68;0,05;285,68;0,00
6,381;3,548;0,982;1,98E-4;197,68;0,05;285,68;0,00
6,382;3,547;0,982;1,98E-4;197,66;0,05;285,65;0,00
6,383;3,548;0,982;1,98E-4;197,68;0,05;285,70;0,00
6,384;3,548;0,982;1,98E-4;197,68;0,05;285,69;0,00
6,385;3,548;0,982;1,98E-4;197,68;0,05;285,72;0,00
6,386;3,548;0,983;1,98E-4;197,69;0,05;285,75;0,00
6,387;3,547;0,982;1,98E-4;197,65;0,05;285,62;0,00
6,388;3,548;0,982;1,98E-4;197,69;0,05;285,73;0,00
6,389;3,548;0,982;1,98E-4;197,69;0,05;285,72;0,00
6,390;3,547;0,982;1,98E-4;197,66;0,05;285,62;0,00
6,391;3,546;0,981;1,98E-4;197,64;0,05;285,55;0,00
6,392;3,547;0,981;1,98E-4;197,65;0,05;285,56;0,00
6,393;3,548;0,982;1,98E-4;197,68;0,05;285,73;0,00
6,394;3,548;0,983;1,98E-4;197,70;0,05;285,77;0,00
6,395;3,549;0,983;1,98E-4;197,72;0,05;285,84;0,00
6,396;3,547;0,981;1,98E-4;197,66;0,05;285,60;0,00
6,397;3,547;0,982;1,98E-4;197,65;0,05;285,64;0,00
6,398;3,547;0,982;1,98E-4;197,66;0,05;285,62;0,00
6,399;3,547;0,982;1,98E-4;197,67;0,05;285,66;0,00
6,400;3,546;0,981;1,98E-4;197,63;0,05;285,57;0,00
6,401;3,547;0,982;1,98E-4;197,67;0,05;285,70;0,00
6,402;3,547;0,982;1,98E-4;197,67;0,05;285,65;0,00
6,403;3,549;0,983;1,98E-4;197,71;0,05;285,85;0,00
6,404;3,547;0,982;1,98E-4;197,65;0,05;285,65;0,00
6,405;3,546;0,981;1,98E-4;197,63;0,05;285,55;0,00
6,406;3,547;0,982;1,98E-4;197,65;0,05;285,65;0,00
6,407;3,547;0,981;1,98E-4;197,65;0,05;285,61;0,00
6,408;3,547;0,982;1,98E-4;197,67;0,05;285,68;0,00
6,409;3,547;0,982;1,98E-4;197,65;0,05;285,66;0,00
6,410;3,547;0,982;1,98E-4;197,66;0,05;285,68;0,00
6,411;3,548;0,982;1,98E-4;197,68;0,05;285,73;0,00
6,412;3,548;0,983;1,98E-4;197,70;0,05;285,81;0,00
6,413;3,548;0,983;1,98E-4;197,70;0,05;285,84;0,00
6,414;3,548;0,984;1,98E-4;197,71;0,05;285,91;0,00
6,415;3,547;0,982;1,98E-4;197,65;0,05;285,66;0,00
6,416;3,547;0,982;1,98E-4;197,65;0,05;285,62;0,00
6,417;3,546;0,981;1,98E-4;197,64;0,05;285,60;0,00
6,418;3,548;0,983;1,98E-4;197,69;0,05;285,79;0,00
6,419;3,548;0,983;1,98E-4;197,70;0,05;285,82;0,00
6,420;3,547;0,982;1,98E-4;197,64;0,05;285,63;0,00
6,421;3,548;0,983;1,98E-4;197,69;0,05;285,80;0,00
6,422;3,548;0,984;1,98E-4;197,69;0,05;285,85;0,00
6,423;3,548;0,983;1,98E-4;197,70;0,05;285,82;0,00
6,424;3,548;0,983;1,98E-4;197,68;0,05;285,78;0,00
6,425;3,547;0,983;1,98E-4;197,67;0,05;285,77;0,00
6,426;3,549;0,984;1,98E-4;197,72;0,05;285,91;0,00
6,427;3,549;0,984;1,98E-4;197,71;0,05;285,88;0,00
6,428;3,548;0,983;1,98E-4;197,70;0,05;285,82;0,00
6,429;3,547;0,983;1,98E-4;197,66;0,05;285,74;0,00
6,430;3,548;0,983;1,98E-4;197,69;0,05;285,82;0,00
6,431;3,547;0,982;1,98E-4;197,67;0,05;285,72;0,00
6,432;3,547;0,982;1,98E-4;197,65;0,05;285,70;0,00
6,433;3,547;0,982;1,98E-4;197,65;0,05;285,65;0,00
6,434;3,548;0,984;1,98E-4;197,70;0,05;285,88;0,00
6,435;3,547;0,982;1,98E-4;197,65;0,05;285,67;0,00
6,436;3,548;0,983;1,98E-4;197,69;0,05;285,83;0,00
6,437;3,548;0,983;1,98E-4;197,68;0,05;285,79;0,00
6,438;3,546;0,982;1,98E-4;197,64;0,05;285,62;0,00
6,439;3,548;0,984;1,98E-4;197,70;0,05;285,87;0,00
6,440;3,548;0,983;1,98E-4;197,70;0,05;285,83;0,00
6,441;3,548;0,983;1,98E-4;197,69;0,05;285,83;0,00
6,442;3,548;0,983;1,98E-4;197,68;0,05;285,76;0,00
6,443;3,547;0,982;1,98E-4;197,65;0,05;285,70;0,00
6,444;3,548;0,983;1,98E-4;197,68;0,05;285,78;0,00
6,445;3,548;0,984;1,98E-4;197,70;0,05;285,87;0,00
6,446;3,547;0,982;1,98E-4;197,66;0,05;285,73;0,00
6,447;3,547;0,982;1,98E-4;197,65;0,05;285,71;0,00
6,448;3,547;0,982;1,98E-4;197,65;0,05;285,69;0,00
6,449;3,546;0,982;1,98E-4;197,64;0,05;285,65;0,00
6,450;3,547;0,983;1,98E-4;197,66;0,05;285,74;0,00
6,451;3,547;0,983;1,98E-4;197,66;0,05;285,75;0,00
6,452;3,547;0,983;1,98E-4;197,66;0,05;285,80;0,00
6,453;3,548;0,984;1,98E-4;197,70;0,05;285,91;0,00
6,454;3,547;0,983;1,98E-4;197,67;0,05;285,78;0,00
6,455;3,547;0,983;1,98E-4;197,67;0,05;285,78;0,00
6,456;3,547;0,983;1,98E-4;197,66;0,05;285,76;0,00
6,457;3,548;0,983;1,98E-4;197,68;0,05;285,82;0,00
6,458;3,548;0,984;1,98E-4;197,68;0,05;285,86;0,00
6,459;3,548;0,984;1,98E-4;197,69;0,05;285,89;0,00
6,460;3,547;0,983;1,98E-4;197,67;0,05;285,83;0,00
6,461;3,548;0,984;1,98E-4;197,70;0,05;285,91;0,00
6,462;3,547;0,982;1,98E-4;197,66;0,05;285,73;0,00
6,463;3,548;0,983;1,98E-4;197,69;0,05;285,84;0,00
6,464;3,547;0,983;1,98E-4;197,67;0,05;285,80;0,00
6,465;3,547;0,983;1,98E-4;197,66;0,05;285,82;0,00
6,466;3,547;0,983;1,98E-4;197,67;0,05;285,81;0,00
6,467;3,548;0,984;1,98E-4;197,68;0,05;285,87;0,00
6,468;3,548;0,984;1,98E-4;197,69;0,05;285,90;0,00
6,469;3,547;0,983;1,98E-4;197,66;0,05;285,77;0,00
6,470;3,546;0,982;1,98E-4;197,64;0,05;285,69;0,00
6,471;3,548;0,984;1,98E-4;197,68;0,05;285,86;0,00
6,472;3,547;0,983;1,98E-4;197,66;0,05;285,84;0,00
6,473;3,547;0,983;1,98E-4;197,67;0,05;285,83;0,00
6,474;3,547;0,983;1,98E-4;197,67;0,05;285,79;0,00
6,475;3,549;0,984;1,98E-4;197,71;0,05;285,95;0,00
6,476;3,549;0,985;1,98E-4;197,71;0,05;285,98;0,00
6,477;3,548;0,984;1,98E-4;197,70;0,05;285,91;0,00
6,478;3,548;0,983;1,98E-4;197,68;0,05;285,82;0,00
6,479;3,547;0,983;1,98E-4;197,66;0,05;285,79;0,00
6,480;3,547;0,983;1,98E-4;197,65;0,05;285,80;0,00
6,481;3,548;0,984;1,98E-4;197,68;0,05;285,87;0,00
6,482;3,548;0,984;1,98E-4;197,70;0,05;285,96;0,00
6,483;3,549;0,985;1,98E-4;197,71;0,05;285,98;0,00
6,484;3,547;0,983;1,98E-4;197,66;0,05;285,82;0,00
6,485;3,548;0,984;1,98E-4;197,70;0,05;285,95;0,00
6,486;3,547;0,984;1,98E-4;197,67;0,05;285,89;0,00
6,487;3,548;0,984;1,98E-4;197,69;0,05;285,88;0,00
6,488;3,547;0,983;1,98E-4;197,66;0,05;285,79;0,00
6,489;3,546;0,982;1,98E-4;197,63;0,05;285,68;0,00
6,490;3,547;0,983;1,98E-4;197,66;0,05;285,81;0,00
6,491;3,547;0,983;1,98E-4;197,67;0,05;285,82;0,00
6,492;3,548;0,984;1,98E-4;197,68;0,05;285,93;0,00
6,493;3,549;0,985;1,98E-4;197,71;0,05;286,00;0,00
6,494;3,549;0,985;1,98E-4;197,71;0,05;286,02;0,00
6,495;3,548;0,984;1,98E-4;197,68;0,05;285,89;0,00
6,496;3,549;0,985;1,98E-4;197,72;0,05;286,08;0,00
6,497;3,548;0,984;1,98E-4;197,69;0,05;285,96;0,00
6,498;3,548;0,984;1,98E-4;197,69;0,05;285,94;0,00
6,499;3,548;0,984;1,98E-4;197,68;0,05;285,91;0,00
6,500;3,547;0,984;1,98E-4;197,66;0,05;285,86;0,00
6,501;3,547;0,984;1,98E-4;197,66;0,05;285,87;0,00
6,502;3,548;0,984;1,98E-4;197,68;0,05;285,95;0,00
6,503;3,547;0,983;1,98E-4;197,66;0,05;285,85;0,00
6,504;3,548;0,985;1,98E-4;197,71;0,05;286,01;0,00
6,505;3,548;0,984;1,98E-4;197,70;0,05;285,96;0,00
6,506;3,547;0,984;1,98E-4;197,67;0,05;285,91;0,00
6,507;3,547;0,983;1,98E-4;197,66;0,05;285,84;0,00
6,508;3,547;0,984;1,98E-4;197,67;0,05;285,88;0,00
6,509;3,547;0,984;1,98E-4;197,67;0,05;285,87;0,00
6,510;3,548;0,984;1,98E-4;197,68;0,05;285,95;0,00
6,511;3,548;0,985;1,98E-4;197,70;0,05;286,02;0,00
6,512;3,548;0,985;1,98E-4;197,70;0,05;285,99;0,00
6,513;3,548;0,985;1,98E-4;197,70;0,05;285,98;0,00
6,514;3,548;0,985;1,98E-4;197,71;0,05;286,02;0,00
6,515;3,550;0,986;1,98E-4;197,75;0,05;286,18;0,00
6,516;3,548;0,984;1,98E-4;197,69;0,05;285,96;0,00
6,517;3,547;0,984;1,98E-4;197,67;0,05;285,89;0,00
6,518;3,547;0,984;1,98E-4;197,66;0,05;285,88;0,00
6,519;3,548;0,985;1,98E-4;197,69;0,05;286,01;0,00
6,520;3,548;0,985;1,98E-4;197,69;0,05;286,01;0,00
6,521;3,548;0,984;1,98E-4;197,68;0,05;285,95;0,00
6,522;3,548;0,985;1,98E-4;197,69;0,05;286,00;0,00
6,523;3,547;0,983;1,98E-4;197,66;0,05;285,85;0,00
6,524;3,548;0,985;1,98E-4;197,68;0,05;285,97;0,00
6,525;3,547;0,984;1,98E-4;197,67;0,05;285,92;0,00
6,526;3,547;0,984;1,98E-4;197,67;0,05;285,93;0,00
6,527;3,548;0,985;1,98E-4;197,70;0,05;286,02;0,00
6,528;3,548;0,985;1,98E-4;197,70;0,05;286,02;0,00
6,529;3,548;0,985;1,98E-4;197,69;0,05;285,97;0,00
6,530;3,548;0,985;1,98E-4;197,70;0,05;286,02;0,00
6,531;3,547;0,984;1,98E-4;197,67;0,05;285,93;0,00
6,532;3,547;0,983;1,98E-4;197,65;0,05;285,84;0,00
6,533;3,548;0,985;1,98E-4;197,69;0,05;286,02;0,00
6,534;3,547;0,983;1,98E-4;197,65;0,05;285,84;0,00
6,535;3,547;0,984;1,98E-4;197,65;0,05;285,85;0,00
6,536;3,547;0,984;1,98E-4;197,67;0,05;285,95;0,00
6,537;3,547;0,984;1,98E-4;197,66;0,05;285,93;0,00
6,538;3,548;0,985;1,98E-4;197,70;0,05;286,08;0,00
6,539;3,550;0,987;1,98E-4;197,75;0,05;286,24;0,00
6,540;3,548;0,985;1,98E-4;197,69;0,05;286,05;0,00
6,541;3,546;0,984;1,98E-4;197,64;0,05;285,89;0,00
6,542;3,547;0,984;1,98E-4;197,65;0,05;285,92;0,00
6,543;3,547;0,984;1,98E-4;197,65;0,05;285,90;0,00
6,544;3,548;0,985;1,98E-4;197,69;0,05;286,01;0,00
6,545;3,547;0,984;1,98E-4;197,67;0,05;285,96;0,00
6,546;3,547;0,985;1,98E-4;197,67;0,05;286,02;0,00
6,547;3,548;0,985;1,98E-4;197,69;0,05;286,06;0,00
6,548;3,547;0,985;1,98E-4;197,66;0,05;285,98;0,00
6,549;3,547;0,984;1,98E-4;197,66;0,05;285,95;0,00
6,550;3,548;0,985;1,98E-4;197,69;0,05;286,07;0,00
6,551;3,548;0,985;1,98E-4;197,68;0,05;285,97;0,00
6,552;3,547;0,984;1,98E-4;197,67;0,05;285,96;0,00
6,553;3,548;0,985;1,98E-4;197,69;0,05;286,03;0,00
6,554;3,548;0,985;1,98E-4;197,69;0,05;286,05;0,00
6,555;3,549;0,986;1,98E-4;197,71;0,05;286,12;0,00
6,556;3,548;0,985;1,98E-4;197,68;0,05;286,01;0,00
6,557;3,548;0,985;1,98E-4;197,69;0,05;286,07;0,00
6,558;3,548;0,985;1,98E-4;197,68;0,05;286,02;0,00
6,559;3,547;0,984;1,98E-4;197,66;0,05;285,95;0,00
6,560;3,547;0,985;1,98E-4;197,67;0,05;286,00;0,00
6,561;3,547;0,984;1,98E-4;197,65;0,05;285,94;0,00
6,562;3,548;0,985;1,98E-4;197,68;0,05;285,98;0,00
6,563;3,548;0,985;1,98E-4;197,68;0,05;286,01;0,00
6,564;3,548;0,986;1,98E-4;197,69;0,05;286,09;0,00
6,565;3,548;0,985;1,98E-4;197,68;0,05;286,02;0,00
6,566;3,547;0,984;1,98E-4;197,66;0,05;285,96;0,00
6,567;3,549;0,986;1,98E-4;197,71;0,05;286,11;0,00
6,568;3,549;0,986;1,98E-4;197,72;0,05;286,17;0,00
6,569;3,548;0,985;1,98E-4;197,70;0,05;286,07;0,00
6,570;3,548;0,986;1,98E-4;197,70;0,05;286,11;0,00
6,571;3,547;0,984;1,98E-4;197,65;0,05;285,90;0,00
6,572;3,548;0,986;1,98E-4;197,70;0,05;286,12;0,00
6,573;3,548;0,985;1,98E-4;197,70;0,05;286,07;0,00
6,574;3,548;0,985;1,98E-4;197,68;0,05;286,03;0,00
6,575;3,548;0,985;1,98E-4;197,69;0,05;286,05;0,00
6,576;3,548;0,985;1,98E-4;197,68;0,05;286,05;0,00
6,577;3,548;0,985;1,98E-4;197,68;0,05;286,05;0,00
6,578;3,548;0,986;1,98E-4;197,70;0,05;286,13;0,00
6,579;3,548;0,985;1,98E-4;197,69;0,05;286,07;0,00
6,580;3,548;0,986;1,98E-4;197,70;0,05;286,15;0,00
6,581;3,547;0,985;1,98E-4;197,66;0,05;286,02;0,00
6,582;3,548;0,985;1,98E-4;197,69;0,05;286,06;0,00
6,583;3,548;0,985;1,98E-4;197,68;0,05;286,04;0,00
6,584;3,547;0,985;1,98E-4;197,66;0,05;285,98;0,00
6,585;3,547;0,985;1,98E-4;197,67;0,05;286,02;0,00
6,586;3,547;0,985;1,98E-4;197,66;0,05;285,99;0,00
6,587;3,547;0,985;1,98E-4;197,67;0,05;286,05;0,00
6,588;3,547;0,985;1,98E-4;197,67;0,05;285,99;0,00
6,589;3,548;0,986;1,98E-4;197,69;0,05;286,10;0,00
6,590;3,549;0,987;1,98E-4;197,73;0,05;286,22;0,00
6,591;3,550;0,987;1,98E-4;197,76;0,05;286,29;0,00
6,592;3,549;0,987;1,98E-4;197,72;0,05;286,25;0,00
6,593;3,547;0,985;1,98E-4;197,67;0,05;285,98;0,00
6,594;3,547;0,985;1,98E-4;197,66;0,05;286,01;0,00
6,595;3,546;0,984;1,98E-4;197,64;0,05;285,95;0,00
6,596;3,548;0,986;1,98E-4;197,68;0,05;286,09;0,00
6,597;3,547;0,985;1,98E-4;197,67;0,05;286,03;0,00
6,598;3,547;0,985;1,98E-4;197,66;0,05;285,97;0,00
6,599;3,548;0,986;1,98E-4;197,68;0,05;286,10;0,00
6,600;3,547;0,984;1,98E-4;197,65;0,05;285,96;0,00
6,601;3,547;0,985;1,98E-4;197,67;0,05;286,06;0,00
6,602;3,547;0,985;1,98E-4;197,67;0,05;286,04;0,00
6,603;3,547;0,985;1,98E-4;197,67;0,05;286,03;0,00
6,604;3,547;0,985;1,98E-4;197,67;0,05;286,04;0,00
6,605;3,547;0,985;1,98E-4;197,67;0,05;286,06;0,00
6,606;3,548;0,986;1,98E-4;197,68;0,05;286,09;0,00
6,607;3,548;0,986;1,98E-4;197,68;0,05;286,12;0,00
6,608;3,549;0,987;1,98E-4;197,72;0,05;286,23;0,00
6,609;3,549;0,986;1,98E-4;197,71;0,05;286,19;0,00
6,610;3,548;0,986;1,98E-4;197,69;0,05;286,11;0,00
6,611;3,548;0,985;1,98E-4;197,68;0,05;286,05;0,00
6,612;3,549;0,987;1,98E-4;197,71;0,05;286,21;0,00
6,613;3,549;0,986;1,98E-4;197,71;0,05;286,16;0,00
6,614;3,548;0,986;1,98E-4;197,68;0,05;286,11;0,00
6,615;3,547;0,984;1,98E-4;197,64;0,05;285,95;0,00
6,616;3,547;0,986;1,98E-4;197,67;0,05;286,10;0,00
6,617;3,547;0,985;1,98E-4;197,65;0,05;286,01;0,00
6,618;3,547;0,985;1,98E-4;197,67;0,05;286,06;0,00
6,619;3,547;0,985;1,98E-4;197,66;0,05;286,01;0,00
6,620;3,547;0,985;1,98E-4;197,66;0,05;286,05;0,00
6,621;3,547;0,986;1,98E-4;197,67;0,05;286,11;0,00
6,622;3,548;0,987;1,98E-4;197,71;0,05;286,21;0,00
6,623;3,548;0,986;1,98E-4;197,68;0,05;286,10;0,00
6,624;3,548;0,986;1,98E-4;197,69;0,05;286,17;0,00
6,625;3,549;0,987;1,98E-4;197,71;0,05;286,20;0,00
6,626;3,548;0,986;1,98E-4;197,69;0,05;286,16;0,00
6,627;3,548;0,986;1,98E-4;197,69;0,05;286,16;0,00
6,628;3,548;0,986;1,98E-4;197,68;0,05;286,12;0,00
6,629;3,548;0,986;1,98E-4;197,68;0,05;286,11;0,00
6,630;3,548;0,986;1,98E-4;197,68;0,05;286,11;0,00
6,631;3,547;0,986;1,98E-4;197,67;0,05;286,09;0,00
6,632;3,547;0,986;1,98E-4;197,67;0,05;286,11;0,00
6,633;3,548;0,986;1,98E-4;197,68;0,05;286,12;0,00
6,634;3,547;0,985;1,98E-4;197,66;0,05;286,03;0,00
6,635;3,546;0,984;1,98E-4;197,64;0,05;285,94;0,00
6,636;3,547;0,986;1,98E-4;197,67;0,05;286,12;0,00
6,637;3,548;0,986;1,98E-4;197,68;0,05;286,11;0,00
6,638;3,548;0,986;1,98E-4;197,68;0,05;286,12;0,00
6,639;3,547;0,985;1,98E-4;197,66;0,05;286,07;0,00
6,640;3,548;0,986;1,98E-4;197,68;0,05;286,13;0,00
6,641;3,548;0,986;1,98E-4;197,68;0,05;286,12;0,00
6,642;3,548;0,987;1,98E-4;197,70;0,05;286,23;0,00
6,643;3,548;0,987;1,98E-4;197,70;0,05;286,22;0,00
6,644;3,548;0,986;1,98E-4;197,68;0,05;286,15;0,00
6,645;3,547;0,986;1,98E-4;197,66;0,05;286,10;0,00
6,646;3,548;0,986;1,98E-4;197,69;0,05;286,17;0,00
6,647;3,547;0,985;1,98E-4;197,65;0,05;286,01;0,00
6,648;3,546;0,985;1,98E-4;197,64;0,05;286,00;0,00
6,649;3,546;0,984;1,98E-4;197,62;0,05;285,95;0,00
6,650;3,548;0,986;1,98E-4;197,69;0,05;286,18;0,00
6,651;3,548;0,986;1,98E-4;197,68;0,05;286,10;0,00
6,652;3,547;0,986;1,98E-4;197,67;0,05;286,11;0,00
6,653;3,548;0,987;1,98E-4;197,70;0,05;286,23;0,00
6,654;3,547;0,986;1,98E-4;197,67;0,05;286,09;0,00
6,655;3,547;0,986;1,98E-4;197,67;0,05;286,12;0,00
6,656;3,547;0,985;1,98E-4;197,66;0,05;286,07;0,00
6,657;3,547;0,985;1,98E-4;197,66;0,05;286,05;0,00
6,658;3,548;0,987;1,98E-4;197,70;0,05;286,23;0,00
6,659;3,548;0,987;1,98E-4;197,69;0,05;286,20;0,00
6,660;3,548;0,987;1,98E-4;197,70;0,05;286,22;0,00
6,661;3,547;0,986;1,98E-4;197,67;0,05;286,17;0,00
6,662;3,546;0,985;1,98E-4;197,64;0,05;286,04;0,00
6,663;3,548;0,986;1,98E-4;197,68;0,05;286,16;0,00
6,664;3,548;0,987;1,98E-4;197,69;0,05;286,20;0,00
6,665;3,547;0,986;1,98E-4;197,66;0,05;286,11;0,00
6,666;3,547;0,986;1,98E-4;197,66;0,05;286,09;0,00
6,667;3,548;0,986;1,98E-4;197,67;0,05;286,17;0,00
6,668;3,546;0,985;1,98E-4;197,64;0,05;286,04;0,00
6,669;3,547;0,986;1,98E-4;197,67;0,05;286,12;0,00
6,670;3,548;0,987;1,98E-4;197,70;0,05;286,27;0,00
6,671;3,548;0,986;1,98E-4;197,68;0,05;286,16;0,00
6,672;3,547;0,985;1,98E-4;197,65;0,05;286,08;0,00
6,673;3,546;0,985;1,98E-4;197,62;0,05;285,97;0,00
6,674;3,546;0,985;1,98E-4;197,64;0,05;286,04;0,00
6,675;3,546;0,985;1,98E-4;197,63;0,05;285,98;0,00
6,676;3,548;0,986;1,98E-4;197,68;0,05;286,19;0,00
6,677;3,548;0,986;1,98E-4;197,69;0,05;286,19;0,00
6,678;3,547;0,986;1,98E-4;197,65;0,05;286,11;0,00
6,679;3,547;0,985;1,98E-4;197,65;0,05;286,07;0,00
6,680;3,548;0,986;1,98E-4;197,68;0,05;286,17;0,00
6,681;3,547;0,986;1,98E-4;197,66;0,05;286,15;0,00
6,682;3,547;0,986;1,98E-4;197,65;0,05;286,11;0,00
6,683;3,548;0,987;1,98E-4;197,68;0,05;286,24;0,00
6,684;3,547;0,986;1,98E-4;197,66;0,05;286,16;0,00
6,685;3,547;0,986;1,98E-4;197,66;0,05;286,13;0,00
6,686;3,547;0,986;1,98E-4;197,66;0,05;286,14;0,00
6,687;3,548;0,987;1,98E-4;197,70;0,05;286,26;0,00
6,688;3,547;0,987;1,98E-4;197,67;0,05;286,21;0,00
6,689;3,547;0,986;1,98E-4;197,66;0,05;286,11;0,00
6,690;3,547;0,986;1,98E-4;197,67;0,05;286,15;0,00
6,691;3,548;0,987;1,98E-4;197,69;0,05;286,22;0,00
6,692;3,549;0,988;1,98E-4;197,72;0,05;286,33;0,00
6,693;3,549;0,988;1,98E-4;197,72;0,05;286,41;0,00
6,694;3,548;0,987;1,98E-4;197,70;0,05;286,30;0,00
6,695;3,548;0,987;1,98E-4;197,68;0,05;286,24;0,00
6,696;3,547;0,986;1,98E-4;197,67;0,05;286,19;0,00
6,697;3,547;0,987;1,98E-4;197,67;0,05;286,20;0,00
6,698;3,549;0,988;1,98E-4;197,72;0,05;286,35;0,00
6,699;3,548;0,987;1,98E-4;197,69;0,05;286,31;0,00
6,700;3,547;0,986;1,98E-4;197,65;0,05;286,09;0,00
6,701;3,548;0,986;1,98E-4;197,68;0,05;286,20;0,00
6,702;3,547;0,987;1,98E-4;197,67;0,05;286,20;0,00
6,703;3,548;0,987;1,98E-4;197,70;0,05;286,30;0,00
6,704;3,548;0,988;1,98E-4;197,71;0,05;286,35;0,00
6,705;3,548;0,987;1,98E-4;197,69;0,05;286,30;0,00
6,706;3,548;0,987;1,98E-4;197,68;0,05;286,23;0,00
6,707;3,548;0,987;1,98E-4;197,68;0,05;286,22;0,00
6,708;3,548;0,987;1,98E-4;197,70;0,05;286,31;0,00
6,709;3,549;0,988;1,98E-4;197,73;0,05;286,40;0,00
6,710;3,548;0,987;1,98E-4;197,68;0,05;286,24;0,00
6,711;3,548;0,987;1,98E-4;197,69;0,05;286,25;0,00
6,712;3,548;0,987;1,98E-4;197,68;0,05;286,23;0,00
6,713;3,547;0,987;1,98E-4;197,67;0,05;286,24;0,00
6,714;3,548;0,987;1,98E-4;197,68;0,05;286,26;0,00
6,715;3,549;0,989;1,98E-4;197,74;0,05;286,45;0,00
6,716;3,549;0,988;1,98E-4;197,72;0,05;286,37;0,00
6,717;3,548;0,987;1,98E-4;197,71;0,05;286,31;0,00
6,718;3,548;0,987;1,98E-4;197,70;0,05;286,30;0,00
6,719;3,547;0,986;1,98E-4;197,65;0,05;286,15;0,00
6,720;3,548;0,987;1,98E-4;197,68;0,05;286,25;0,00
6,721;3,549;0,988;1,98E-4;197,71;0,05;286,36;0,00
6,722;3,548;0,987;1,98E-4;197,68;0,05;286,26;0,00
6,723;3,548;0,987;1,98E-4;197,68;0,05;286,27;0,00
6,724;3,548;0,987;1,98E-4;197,69;0,05;286,29;0,00
6,725;3,548;0,987;1,98E-4;197,69;0,05;286,25;0,00
6,726;3,549;0,988;1,98E-4;197,71;0,05;286,37;0,00
6,727;3,549;0,988;1,98E-4;197,71;0,05;286,36;0,00
6,728;3,547;0,987;1,98E-4;197,67;0,05;286,22;0,00
6,729;3,547;0,986;1,98E-4;197,65;0,05;286,14;0,00
6,730;3,548;0,987;1,98E-4;197,68;0,05;286,26;0,00
6,731;3,548;0,988;1,98E-4;197,70;0,05;286,34;0,00
6,732;3,547;0,987;1,98E-4;197,67;0,05;286,22;0,00
6,733;3,547;0,986;1,98E-4;197,67;0,05;286,17;0,00
6,734;3,548;0,987;1,98E-4;197,69;0,05;286,29;0,00
6,735;3,548;0,988;1,98E-4;197,70;0,05;286,36;0,00
6,736;3,547;0,987;1,98E-4;197,66;0,05;286,23;0,00
6,737;3,548;0,987;1,98E-4;197,69;0,05;286,30;0,00
6,738;3,548;0,987;1,98E-4;197,69;0,05;286,30;0,00
6,739;3,548;0,988;1,98E-4;197,69;0,05;286,32;0,00
6,740;3,548;0,988;1,98E-4;197,69;0,05;286,37;0,00
6,741;3,548;0,988;1,98E-4;197,70;0,05;286,37;0,00
6,742;3,548;0,988;1,98E-4;197,69;0,05;286,33;0,00
6,743;3,547;0,987;1,98E-4;197,66;0,05;286,26;0,00
6,744;3,547;0,986;1,98E-4;197,65;0,05;286,15;0,00
6,745;3,547;0,986;1,98E-4;197,65;0,05;286,18;0,00
6,746;3,548;0,987;1,98E-4;197,68;0,05;286,32;0,00
6,747;3,547;0,987;1,98E-4;197,65;0,05;286,21;0,00
6,748;3,547;0,987;1,98E-4;197,67;0,05;286,26;0,00
6,749;3,547;0,986;1,98E-4;197,65;0,05;286,18;0,00
6,750;3,549;0,989;1,98E-4;197,72;0,05;286,44;0,00
6,751;3,548;0,988;1,98E-4;197,69;0,05;286,32;0,00
6,752;3,547;0,987;1,98E-4;197,67;0,05;286,29;0,00
6,753;3,548;0,988;1,98E-4;197,69;0,05;286,33;0,00
6,754;3,548;0,987;1,98E-4;197,68;0,05;286,30;0,00
6,755;3,548;0,987;1,98E-4;197,68;0,05;286,29;0,00
6,756;3,548;0,988;1,98E-4;197,69;0,05;286,36;0,00
6,757;3,548;0,988;1,98E-4;197,70;0,05;286,41;0,00
6,758;3,547;0,986;1,98E-4;197,64;0,05;286,20;0,00
6,759;3,547;0,987;1,98E-4;197,66;0,05;286,22;0,00
6,760;3,548;0,988;1,98E-4;197,68;0,05;286,33;0,00
6,761;3,548;0,988;1,98E-4;197,68;0,05;286,32;0,00
6,762;3,548;0,987;1,98E-4;197,68;0,05;286,31;0,00
6,763;3,548;0,988;1,98E-4;197,69;0,05;286,39;0,00
6,764;3,548;0,987;1,98E-4;197,68;0,05;286,30;0,00
6,765;3,547;0,987;1,98E-4;197,67;0,05;286,25;0,00
6,766;3,549;0,989;1,98E-4;197,72;0,05;286,44;0,00
6,767;3,548;0,988;1,98E-4;197,70;0,05;286,41;0,00
6,768;3,548;0,988;1,98E-4;197,70;0,05;286,42;0,00
6,769;3,547;0,987;1,98E-4;197,67;0,05;286,31;0,00
6,770;3,548;0,988;1,98E-4;197,69;0,05;286,39;0,00
6,771;3,548;0,987;1,98E-4;197,68;0,05;286,31;0,00
6,772;3,548;0,988;1,98E-4;197,70;0,05;286,43;0,00
6,773;3,549;0,989;1,98E-4;197,71;0,05;286,46;0,00
6,774;3,547;0,987;1,98E-4;197,67;0,05;286,30;0,00
6,775;3,547;0,987;1,98E-4;197,67;0,05;286,28;0,00
6,776;3,547;0,987;1,98E-4;197,67;0,05;286,29;0,00
6,777;3,548;0,988;1,98E-4;197,69;0,05;286,36;0,00
6,778;3,548;0,988;1,98E-4;197,69;0,05;286,34;0,00
6,779;3,547;0,986;1,98E-4;197,65;0,05;286,19;0,00
6,780;3,547;0,987;1,98E-4;197,66;0,05;286,24;0,00
6,781;3,548;0,988;1,98E-4;197,68;0,05;286,36;0,00
6,782;3,547;0,987;1,98E-4;197,66;0,05;286,22;0,00
6,783;3,548;0,988;1,98E-4;197,68;0,05;286,34;0,00
6,784;3,548;0,988;1,98E-4;197,70;0,05;286,41;0,00
6,785;3,548;0,988;1,98E-4;197,71;0,05;286,42;0,00
6,786;3,547;0,987;1,98E-4;197,67;0,05;286,28;0,00
6,787;3,548;0,988;1,98E-4;197,70;0,05;286,42;0,00
6,788;3,549;0,989;1,98E-4;197,73;0,05;286,49;0,00
6,789;3,547;0,988;1,98E-4;197,67;0,05;286,34;0,00
6,790;3,548;0,988;1,98E-4;197,68;0,05;286,33;0,00
6,791;3,547;0,987;1,98E-4;197,65;0,05;286,25;0,00
6,792;3,548;0,988;1,98E-4;197,68;0,05;286,35;0,00
6,793;3,547;0,987;1,98E-4;197,66;0,05;286,29;0,00
6,794;3,546;0,987;1,98E-4;197,64;0,05;286,20;0,00
6,795;3,547;0,987;1,98E-4;197,66;0,05;286,25;0,00
6,796;3,547;0,987;1,98E-4;197,66;0,05;286,30;0,00
6,797;3,547;0,987;1,98E-4;197,67;0,05;286,28;0,00
6,798;3,548;0,988;1,98E-4;197,68;0,05;286,37;0,00
6,799;3,548;0,988;1,98E-4;197,69;0,05;286,39;0,00
6,800;3,548;0,988;1,98E-4;197,68;0,05;286,40;0,00
6,801;3,548;0,988;1,98E-4;197,68;0,05;286,33;0,00
6,802;3,548;0,989;1,98E-4;197,70;0,05;286,45;0,00
6,803;3,548;0,988;1,98E-4;197,68;0,05;286,39;0,00
6,804;3,547;0,987;1,98E-4;197,66;0,05;286,31;0,00
6,805;3,547;0,987;1,98E-4;197,65;0,05;286,31;0,00
6,806;3,548;0,988;1,98E-4;197,69;0,05;286,41;0,00
6,807;3,548;0,988;1,98E-4;197,69;0,05;286,41;0,00
6,808;3,548;0,988;1,98E-4;197,68;0,05;286,37;0,00
6,809;3,548;0,988;1,98E-4;197,69;0,05;286,40;0,00
6,810;3,548;0,988;1,98E-4;197,68;0,05;286,39;0,00
6,811;3,547;0,987;1,98E-4;197,66;0,05;286,27;0,00
6,812;3,547;0,987;1,98E-4;197,65;0,05;286,30;0,00
6,813;3,548;0,988;1,98E-4;197,68;0,05;286,32;0,00
6,814;3,548;0,988;1,98E-4;197,68;0,05;286,41;0,00
6,815;3,547;0,987;1,98E-4;197,66;0,05;286,31;0,00
6,816;3,547;0,988;1,98E-4;197,66;0,05;286,33;0,00
6,817;3,548;0,988;1,98E-4;197,69;0,05;286,42;0,00
6,818;3,547;0,987;1,98E-4;197,66;0,05;286,31;0,00
6,819;3,548;0,988;1,98E-4;197,68;0,05;286,38;0,00
6,820;3,547;0,987;1,98E-4;197,65;0,05;286,29;0,00
6,821;3,546;0,987;1,98E-4;197,64;0,05;286,23;0,00
6,822;3,547;0,987;1,98E-4;197,65;0,05;286,31;0,00
6,823;3,547;0,988;1,98E-4;197,67;0,05;286,37;0,00
6,824;3,548;0,988;1,98E-4;197,68;0,05;286,42;0,00
6,825;3,548;0,988;1,98E-4;197,68;0,05;286,39;0,00
6,826;3,548;0,989;1,98E-4;197,69;0,05;286,46;0,00
6,827;3,546;0,987;1,98E-4;197,64;0,05;286,28;0,00
6,828;3,547;0,988;1,98E-4;197,67;0,05;286,37;0,00
6,829;3,548;0,988;1,98E-4;197,69;0,05;286,43;0,00
6,830;3,547;0,988;1,98E-4;197,67;0,05;286,38;0,00
6,831;3,547;0,988;1,98E-4;197,67;0,05;286,35;0,00
6,832;3,547;0,988;1,98E-4;197,66;0,05;286,32;0,00
6,833;3,547;0,988;1,98E-4;197,67;0,05;286,35;0,00
6,834;3,548;0,989;1,98E-4;197,69;0,05;286,45;0,00
6,835;3,549;0,989;1,98E-4;197,72;0,05;286,51;0,00
6,836;3,547;0,988;1,98E-4;197,67;0,05;286,36;0,00
6,837;3,548;0,989;1,98E-4;197,70;0,05;286,51;0,00
6,838;3,547;0,988;1,98E-4;197,67;0,05;286,42;0,00
6,839;3,547;0,988;1,98E-4;197,66;0,05;286,37;0,00
6,840;3,548;0,989;1,98E-4;197,68;0,05;286,44;0,00
6,841;3,547;0,988;1,98E-4;197,67;0,05;286,39;0,00
6,842;3,548;0,989;1,98E-4;197,70;0,05;286,53;0,00
6,843;3,549;0,990;1,98E-4;197,73;0,05;286,60;-9,23E-4
6,844;3,548;0,989;1,98E-4;197,68;0,05;286,44;0,00
6,845;3,547;0,988;1,98E-4;197,66;0,05;286,43;0,00
6,846;3,548;0,988;1,98E-4;197,68;0,05;286,41;0,00
6,847;3,548;0,989;1,98E-4;197,69;0,05;286,46;0,00
6,848;3,547;0,988;1,98E-4;197,67;0,05;286,42;0,00
6,849;3,546;0,987;1,98E-4;197,64;0,05;286,23;0,00
6,850;3,547;0,988;1,98E-4;197,66;0,05;286,35;0,00
6,851;3,546;0,987;1,98E-4;197,64;0,05;286,29;0,00
6,852;3,548;0,988;1,98E-4;197,68;0,05;286,42;0,00
6,853;3,548;0,989;1,98E-4;197,69;0,05;286,48;0,00
6,854;3,548;0,989;1,98E-4;197,70;0,05;286,54;0,00
6,855;3,548;0,989;1,98E-4;197,70;0,05;286,52;0,00
6,856;3,548;0,989;1,98E-4;197,70;0,05;286,53;0,00
6,857;3,546;0,987;1,98E-4;197,64;0,05;286,29;0,00
6,858;3,547;0,988;1,98E-4;197,66;0,05;286,42;0,00
6,859;3,547;0,987;1,98E-4;197,64;0,05;286,28;0,00
6,860;3,547;0,989;1,98E-4;197,66;0,05;286,44;0,00
6,861;3,546;0,988;1,98E-4;197,64;0,05;286,33;0,00
6,862;3,547;0,988;1,98E-4;197,65;0,05;286,37;0,00
6,863;3,548;0,989;1,98E-4;197,69;0,05;286,48;0,00
6,864;3,548;0,989;1,98E-4;197,70;0,05;286,50;0,00
6,865;3,547;0,988;1,98E-4;197,65;0,05;286,41;0,00
6,866;3,546;0,988;1,98E-4;197,64;0,05;286,33;0,00
6,867;3,547;0,988;1,98E-4;197,67;0,05;286,39;0,00
6,868;3,547;0,988;1,98E-4;197,66;0,05;286,35;0,00
6,869;3,547;0,988;1,98E-4;197,66;0,05;286,40;0,00
6,870;3,547;0,988;1,98E-4;197,65;0,05;286,39;0,00
6,871;3,547;0,988;1,98E-4;197,65;0,05;286,38;0,00
6,872;3,548;0,989;1,98E-4;197,70;0,05;286,53;0,00
6,873;3,547;0,988;1,98E-4;197,65;0,05;286,34;0,00
6,874;3,547;0,989;1,98E-4;197,67;0,05;286,44;0,00
6,875;3,547;0,989;1,98E-4;197,67;0,05;286,45;0,00
6,876;3,548;0,989;1,98E-4;197,68;0,05;286,48;0,00
6,877;3,547;0,988;1,98E-4;197,67;0,05;286,39;0,00
6,878;3,548;0,989;1,98E-4;197,68;0,05;286,47;0,00
6,879;3,548;0,989;1,98E-4;197,68;0,05;286,50;0,00
6,880;3,549;0,990;1,98E-4;197,73;0,05;286,65;-8,41E-4
6,881;3,549;0,990;1,98E-4;197,71;0,05;286,58;-9,53E-4
6,882;3,548;0,989;1,98E-4;197,67;0,05;286,44;0,00
6,883;3,547;0,988;1,98E-4;197,66;0,05;286,41;0,00
6,884;3,547;0,988;1,98E-4;197,65;0,05;286,40;0,00
6,885;3,547;0,988;1,98E-4;197,66;0,05;286,43;0,00
6,886;3,547;0,988;1,98E-4;197,67;0,05;286,40;0,00
6,887;3,547;0,988;1,98E-4;197,66;0,05;286,39;0,00
6,888;3,547;0,988;1,98E-4;197,67;0,05;286,42;0,00
6,889;3,546;0,988;1,98E-4;197,64;0,05;286,36;0,00
6,890;3,547;0,989;1,98E-4;197,67;0,05;286,44;0,00
6,891;3,547;0,989;1,98E-4;197,67;0,05;286,45;0,00
6,892;3,548;0,990;1,98E-4;197,69;0,05;286,57;-9,60E-4
6,893;3,548;0,989;1,98E-4;197,69;0,05;286,53;0,00
6,894;3,547;0,988;1,98E-4;197,67;0,05;286,41;0,00
6,895;3,548;0,990;1,98E-4;197,70;0,05;286,58;-9,58E-4
6,896;3,549;0,990;1,98E-4;197,71;0,05;286,59;-9,40E-4
6,897;3,547;0,988;1,98E-4;197,66;0,05;286,38;0,00
6,898;3,547;0,989;1,98E-4;197,67;0,05;286,45;0,00
6,899;3,548;0,989;1,98E-4;197,68;0,05;286,50;0,00
6,900;3,548;0,989;1,98E-4;197,69;0,05;286,51;0,00
6,901;3,548;0,990;1,98E-4;197,69;0,05;286,55;-9,94E-4
6,902;3,548;0,989;1,98E-4;197,69;0,05;286,53;0,00
6,903;3,548;0,989;1,98E-4;197,70;0,05;286,55;0,00
6,904;3,549;0,990;1,98E-4;197,71;0,05;286,59;-9,40E-4
6,905;3,547;0,989;1,98E-4;197,66;0,05;286,45;0,00
6,906;3,546;0,988;1,98E-4;197,63;0,05;286,35;0,00
6,907;3,548;0,989;1,98E-4;197,68;0,05;286,51;0,00
6,908;3,547;0,989;1,98E-4;197,67;0,05;286,46;0,00
6,909;3,547;0,989;1,98E-4;197,66;0,05;286,45;0,00
6,910;3,547;0,989;1,98E-4;197,67;0,05;286,46;0,00
6,911;3,547;0,988;1,98E-4;197,65;0,05;286,41;0,00
6,912;3,547;0,989;1,98E-4;197,67;0,05;286,47;0,00
6,913;3,548;0,990;1,98E-4;197,69;0,05;286,56;-9,86E-4
6,914;3,548;0,990;1,98E-4;197,68;0,05;286,55;-9,92E-4
6,915;3,547;0,989;1,98E-4;197,67;0,05;286,48;0,00
6,916;3,548;0,990;1,98E-4;197,68;0,05;286,57;-9,69E-4
6,917;3,548;0,989;1,98E-4;197,68;0,05;286,49;0,00
6,918;3,547;0,989;1,98E-4;197,66;0,05;286,46;0,00
6,919;3,547;0,989;1,98E-4;197,66;0,05;286,44;0,00
6,920;3,547;0,988;1,98E-4;197,65;0,05;286,43;0,00
6,921;3,548;0,990;1,98E-4;197,70;0,05;286,60;-9,23E-4
6,922;3,548;0,989;1,98E-4;197,68;0,05;286,53;0,00
6,923;3,547;0,988;1,98E-4;197,65;0,05;286,42;0,00
6,924;3,547;0,989;1,98E-4;197,67;0,05;286,48;0,00
6,925;3,548;0,990;1,98E-4;197,70;0,05;286,59;-9,34E-4
6,926;3,548;0,990;1,98E-4;197,70;0,05;286,61;-9,06E-4
6,927;3,547;0,989;1,98E-4;197,66;0,05;286,47;0,00
6,928;3,547;0,989;1,98E-4;197,66;0,05;286,49;0,00
6,929;3,548;0,990;1,98E-4;197,70;0,05;286,59;-9,32E-4
6,930;3,548;0,990;1,98E-4;197,70;0,05;286,58;-9,56E-4
6,931;3,547;0,989;1,98E-4;197,67;0,05;286,52;0,00
6,932;3,547;0,989;1,98E-4;197,65;0,05;286,45;0,00
6,933;3,547;0,989;1,98E-4;197,67;0,05;286,51;0,00
6,934;3,547;0,989;1,98E-4;197,66;0,05;286,50;0,00
6,935;3,548;0,990;1,98E-4;197,69;0,05;286,57;-9,71E-4
6,936;3,548;0,990;1,98E-4;197,70;0,05;286,63;-8,80E-4
6,937;3,548;0,990;1,98E-4;197,69;0,05;286,58;-9,51E-4
6,938;3,547;0,989;1,98E-4;197,67;0,05;286,51;0,00
6,939;3,548;0,990;1,98E-4;197,69;0,05;286,57;-9,69E-4
6,940;3,547;0,989;1,98E-4;197,67;0,05;286,53;0,00
6,941;3,547;0,989;1,98E-4;197,67;0,05;286,51;0,00
6,942;3,548;0,990;1,98E-4;197,69;0,05;286,61;-9,10E-4
6,943;3,548;0,990;1,98E-4;197,70;0,05;286,62;-8,93E-4
6,944;3,547;0,989;1,98E-4;197,67;0,05;286,52;0,00
6,945;3,547;0,989;1,98E-4;197,67;0,05;286,48;0,00
6,946;3,547;0,989;1,98E-4;197,66;0,05;286,47;0,00
6,947;3,549;0,991;1,98E-4;197,72;0,05;286,70;-7,66E-4
6,948;3,549;0,991;1,98E-4;197,72;0,05;286,72;-7,40E-4
6,949;3,549;0,990;1,98E-4;197,71;0,05;286,63;-8,78E-4
6,950;3,548;0,990;1,98E-4;197,69;0,05;286,58;-9,56E-4
6,951;3,548;0,989;1,98E-4;197,68;0,05;286,52;0,00
6,952;3,549;0,991;1,98E-4;197,73;0,05;286,75;-6,96E-4
6,953;3,549;0,991;1,98E-4;197,72;0,05;286,70;-7,66E-4
6,954;3,548;0,990;1,98E-4;197,70;0,05;286,65;-8,50E-4
6,955;3,548;0,989;1,98E-4;197,67;0,05;286,53;0,00
6,956;3,548;0,990;1,98E-4;197,69;0,05;286,62;-8,91E-4
6,957;3,549;0,991;1,98E-4;197,72;0,05;286,71;-7,57E-4
6,958;3,548;0,990;1,98E-4;197,68;0,05;286,58;-9,49E-4
6,959;3,548;0,990;1,98E-4;197,69;0,05;286,61;-9,02E-4
6,960;3,548;0,990;1,98E-4;197,70;0,05;286,65;-8,43E-4
6,961;3,547;0,990;1,98E-4;197,67;0,05;286,56;-9,79E-4
6,962;3,548;0,990;1,98E-4;197,69;0,05;286,58;-9,58E-4
6,963;3,548;0,990;1,98E-4;197,69;0,05;286,62;-8,84E-4
6,964;3,547;0,989;1,98E-4;197,67;0,05;286,52;0,00
6,965;3,546;0,988;1,98E-4;197,63;0,05;286,43;0,00
6,966;3,547;0,990;1,98E-4;197,67;0,05;286,55;-9,94E-4
6,967;3,548;0,990;1,98E-4;197,68;0,05;286,58;-9,53E-4
6,968;3,548;0,990;1,98E-4;197,68;0,05;286,57;-9,71E-4
6,969;3,548;0,990;1,98E-4;197,68;0,05;286,56;-9,86E-4
6,970;3,548;0,990;1,98E-4;197,70;0,05;286,62;-8,97E-4
6,971;3,549;0,991;1,98E-4;197,72;0,05;286,72;-7,31E-4
6,972;3,549;0,991;1,98E-4;197,71;0,05;286,70;-7,74E-4
6,973;3,549;0,990;1,98E-4;197,71;0,05;286,65;-8,39E-4
6,974;3,548;0,990;1,98E-4;197,69;0,05;286,58;-9,56E-4
6,975;3,548;0,990;1,98E-4;197,68;0,05;286,59;-9,32E-4
6,976;3,547;0,989;1,98E-4;197,65;0,05;286,46;0,00
6,977;3,548;0,990;1,98E-4;197,68;0,05;286,58;-9,53E-4
6,978;3,548;0,990;1,98E-4;197,69;0,05;286,62;-8,93E-4
6,979;3,548;0,990;1,98E-4;197,68;0,05;286,61;-9,08E-4
6,980;3,548;0,990;1,98E-4;197,70;0,05;286,65;-8,39E-4
6,981;3,548;0,990;1,98E-4;197,69;0,05;286,57;-9,69E-4
6,982;3,548;0,990;1,98E-4;197,69;0,05;286,62;-8,84E-4
6,983;3,547;0,989;1,98E-4;197,67;0,05;286,54;0,00
6,984;3,547;0,990;1,98E-4;197,67;0,05;286,57;-9,71E-4
6,985;3,547;0,989;1,98E-4;197,66;0,05;286,54;0,00
6,986;3,548;0,990;1,98E-4;197,68;0,05;286,59;-9,32E-4
6,987;3,549;0,991;1,98E-4;197,71;0,05;286,73;-7,27E-4
6,988;3,548;0,991;1,98E-4;197,70;0,05;286,69;-7,79E-4
6,989;3,548;0,991;1,98E-4;197,70;0,05;286,68;-8,00E-4
6,990;3,549;0,991;1,98E-4;197,71;0,05;286,75;-6,86E-4
6,991;3,548;0,991;1,98E-4;197,70;0,05;286,69;-7,81E-4
6,992;3,548;0,990;1,98E-4;197,69;0,05;286,64;-8,56E-4
6,993;3,547;0,990;1,98E-4;197,66;0,05;286,55;-9,92E-4
6,994;3,546;0,989;1,98E-4;197,63;0,05;286,44;0,00
6,995;3,548;0,991;1,98E-4;197,71;0,05;286,71;-7,59E-4
6,996;3,548;0,990;1,98E-4;197,69;0,05;286,61;-9,10E-4
6,997;3,548;0,991;1,98E-4;197,69;0,05;286,68;-7,94E-4
6,998;3,547;0,990;1,98E-4;197,67;0,05;286,57;-9,62E-4
6,999;3,548;0,990;1,98E-4;197,68;0,05;286,60;-9,27E-4
7,000;3,548;0,990;1,98E-4;197,69;0,05;286,64;-8,61E-4
7,001;3,548;0,991;1,98E-4;197,69;0,05;286,68;-7,98E-4
7,002;3,547;0,989;1,98E-4;197,65;0,05;286,52;0,00
7,003;3,547;0,990;1,98E-4;197,67;0,05;286,62;-8,91E-4
7,004;3,547;0,990;1,98E-4;197,66;0,05;286,56;-9,84E-4
7,005;3,548;0,990;1,98E-4;197,69;0,05;286,63;-8,71E-4
7,006;3,548;0,990;1,98E-4;197,68;0,05;286,64;-8,63E-4
7,007;3,547;0,990;1,98E-4;197,67;0,05;286,61;-9,04E-4
7,008;3,548;0,991;1,98E-4;197,69;0,05;286,69;-7,76E-4
7,009;3,549;0,991;1,98E-4;197,72;0,05;286,76;-6,77E-4
7,010;3,548;0,990;1,98E-4;197,68;0,05;286,66;-8,37E-4
7,011;3,547;0,990;1,98E-4;197,67;0,05;286,58;-9,47E-4
7,012;3,548;0,990;1,98E-4;197,68;0,05;286,65;-8,52E-4
7,013;3,547;0,990;1,98E-4;197,66;0,05;286,57;-9,64E-4
7,014;3,548;0,990;1,98E-4;197,68;0,05;286,63;-8,76E-4
7,015;3,547;0,990;1,98E-4;197,66;0,05;286,57;-9,60E-4
7,016;3,547;0,989;1,98E-4;197,66;0,05;286,55;-9,97E-4
7,017;3,547;0,990;1,98E-4;197,67;0,05;286,59;-9,34E-4
7,018;3,549;0,991;1,98E-4;197,71;0,05;286,76;-6,84E-4
7,019;3,548;0,991;1,98E-4;197,70;0,05;286,72;-7,40E-4
7,020;3,547;0,990;1,98E-4;197,66;0,05;286,57;-9,64E-4
7,021;3,548;0,991;1,98E-4;197,68;0,05;286,68;-7,94E-4
7,022;3,547;0,990;1,98E-4;197,67;0,05;286,60;-9,15E-4
7,023;3,548;0,991;1,98E-4;197,70;0,05;286,70;-7,68E-4
7,024;3,547;0,990;1,98E-4;197,67;0,05;286,58;-9,45E-4
7,025;3,548;0,991;1,98E-4;197,69;0,05;286,68;-7,94E-4
7,026;3,547;0,990;1,98E-4;197,67;0,05;286,64;-8,67E-4
7,027;3,548;0,990;1,98E-4;197,68;0,05;286,61;-9,04E-4
7,028;3,548;0,991;1,98E-4;197,69;0,05;286,69;-7,79E-4
7,029;3,547;0,990;1,98E-4;197,67;0,05;286,66;-8,35E-4
7,030;3,548;0,991;1,98E-4;197,68;0,05;286,68;-7,96E-4
7,031;3,548;0,991;1,98E-4;197,71;0,05;286,73;-7,16E-4
7,032;3,549;0,992;1,98E-4;197,72;0,05;286,85;-5,39E-4
7,033;3,547;0,990;1,98E-4;197,66;0,05;286,58;-9,45E-4
7,034;3,547;0,990;1,98E-4;197,66;0,05;286,56;-9,84E-4
7,035;3,546;0,989;1,98E-4;197,63;0,05;286,47;0,00
7,036;3,547;0,989;1,98E-4;197,65;0,05;286,51;0,00
7,037;3,548;0,991;1,98E-4;197,69;0,05;286,70;-7,61E-4
7,038;3,548;0,991;1,98E-4;197,69;0,05;286,71;-7,48E-4
7,039;3,549;0,991;1,98E-4;197,71;0,05;286,75;-6,96E-4
7,040;3,547;0,990;1,98E-4;197,66;0,05;286,63;-8,78E-4
7,041;3,548;0,991;1,98E-4;197,69;0,05;286,72;-7,44E-4
7,042;3,547;0,990;1,98E-4;197,67;0,05;286,64;-8,54E-4
7,043;3,548;0,991;1,98E-4;197,70;0,05;286,73;-7,27E-4
7,044;3,548;0,991;1,98E-4;197,69;0,05;286,69;-7,76E-4
7,045;3,548;0,991;1,98E-4;197,70;0,05;286,75;-6,86E-4
7,046;3,548;0,991;1,98E-4;197,69;0,05;286,71;-7,57E-4
7,047;3,548;0,990;1,98E-4;197,68;0,05;286,64;-8,67E-4
7,048;3,548;0,991;1,98E-4;197,69;0,05;286,71;-7,46E-4
7,049;3,549;0,992;1,98E-4;197,72;0,05;286,81;-5,99E-4
7,050;3,548;0,991;1,98E-4;197,69;0,05;286,71;-7,48E-4
7,051;3,548;0,990;1,98E-4;197,68;0,05;286,66;-8,26E-4
7,052;3,548;0,991;1,98E-4;197,69;0,05;286,72;-7,44E-4
7,053;3,547;0,990;1,98E-4;197,66;0,05;286,65;-8,43E-4
7,054;3,548;0,991;1,98E-4;197,69;0,05;286,72;-7,44E-4
7,055;3,548;0,991;1,98E-4;197,70;0,05;286,70;-7,74E-4
7,056;3,549;0,992;1,98E-4;197,71;0,05;286,81;-5,97E-4
7,057;3,549;0,992;1,98E-4;197,73;0,05;286,84;-5,50E-4
7,058;3,549;0,992;1,98E-4;197,72;0,05;286,82;-5,93E-4
7,059;3,549;0,992;1,98E-4;197,73;0,05;286,86;-5,22E-4
7,060;3,549;0,992;1,98E-4;197,72;0,05;286,85;-5,35E-4
7,061;3,548;0,991;1,98E-4;197,68;0,05;286,72;-7,44E-4
7,062;3,547;0,991;1,98E-4;197,67;0,05;286,71;-7,59E-4
7,063;3,548;0,992;1,98E-4;197,71;0,05;286,80;-6,14E-4
7,064;3,548;0,991;1,98E-4;197,70;0,05;286,78;-6,43E-4
7,065;3,548;0,991;1,98E-4;197,70;0,05;286,73;-7,22E-4
7,066;3,548;0,991;1,98E-4;197,70;0,05;286,75;-6,90E-4
7,067;3,548;0,991;1,98E-4;197,70;0,05;286,76;-6,73E-4
7,068;3,547;0,991;1,98E-4;197,67;0,05;286,67;-8,13E-4
7,069;3,549;0,992;1,98E-4;197,72;0,05;286,84;-5,50E-4
7,070;3,549;0,992;1,98E-4;197,71;0,05;286,82;-5,86E-4
7,071;3,549;0,992;1,98E-4;197,72;0,05;286,85;-5,35E-4
7,072;3,548;0,991;1,98E-4;197,69;0,05;286,76;-6,79E-4
7,073;3,547;0,990;1,98E-4;197,67;0,05;286,66;-8,30E-4
7,074;3,549;0,992;1,98E-4;197,73;0,05;286,89;-4,79E-4
7,075;3,548;0,992;1,98E-4;197,70;0,05;286,80;-6,17E-4
7,076;3,547;0,990;1,98E-4;197,65;0,05;286,61;-9,12E-4
7,077;3,546;0,989;1,98E-4;197,63;0,05;286,53;0,00
7,078;3,548;0,991;1,98E-4;197,69;0,05;286,74;-7,01E-4
7,079;3,549;0,992;1,98E-4;197,72;0,05;286,87;-5,04E-4
7,080;3,546;0,990;1,98E-4;197,64;0,05;286,57;-9,62E-4
7,081;3,547;0,991;1,98E-4;197,67;0,05;286,67;-8,09E-4
7,082;3,548;0,992;1,98E-4;197,70;0,05;286,80;-6,17E-4
7,083;3,548;0,991;1,98E-4;197,68;0,05;286,73;-7,29E-4
7,084;3,549;0,992;1,98E-4;197,73;0,05;286,90;-4,70E-4
7,085;3,548;0,991;1,98E-4;197,69;0,05;286,72;-7,35E-4
7,086;3,548;0,991;1,98E-4;197,70;0,05;286,77;-6,55E-4
7,087;3,547;0,990;1,98E-4;197,65;0,05;286,65;-8,50E-4
7,088;3,548;0,991;1,98E-4;197,68;0,05;286,72;-7,35E-4
7,089;3,546;0,989;1,98E-4;197,63;0,05;286,51;0,00
7,090;3,546;0,990;1,98E-4;197,64;0,05;286,60;-9,23E-4
7,091;3,547;0,990;1,98E-4;197,65;0,05;286,61;-8,99E-4
7,092;3,548;0,991;1,98E-4;197,68;0,05;286,69;-7,89E-4
7,093;3,549;0,992;1,98E-4;197,72;0,05;286,82;-5,82E-4
7,094;3,549;0,992;1,98E-4;197,72;0,05;286,89;-4,87E-4
7,095;3,548;0,991;1,98E-4;197,69;0,05;286,77;-6,64E-4
7,096;3,549;0,992;1,98E-4;197,71;0,05;286,83;-5,69E-4
7,097;3,547;0,991;1,98E-4;197,67;0,05;286,72;-7,35E-4
7,098;3,547;0,990;1,98E-4;197,66;0,05;286,63;-8,71E-4
7,099;3,547;0,991;1,98E-4;197,66;0,05;286,68;-8,00E-4
7,100;3,548;0,991;1,98E-4;197,68;0,05;286,69;-7,76E-4
7,101;3,548;0,992;1,98E-4;197,70;0,05;286,79;-6,36E-4
7,102;3,548;0,991;1,98E-4;197,69;0,05;286,74;-7,05E-4
7,103;3,546;0,990;1,98E-4;197,64;0,05;286,61;-9,06E-4
7,104;3,548;0,991;1,98E-4;197,68;0,05;286,75;-6,99E-4
7,105;3,548;0,992;1,98E-4;197,70;0,05;286,83;-5,67E-4
7,106;3,546;0,990;1,98E-4;197,63;0,05;286,56;-9,75E-4
7,107;3,548;0,991;1,98E-4;197,68;0,05;286,74;-7,01E-4
7,108;3,548;0,992;1,98E-4;197,70;0,05;286,80;-6,17E-4
7,109;3,548;0,991;1,98E-4;197,70;0,05;286,76;-6,75E-4
7,110;3,548;0,992;1,98E-4;197,71;0,05;286,81;-6,08E-4
7,111;3,548;0,991;1,98E-4;197,68;0,05;286,71;-7,53E-4
7,112;3,547;0,991;1,98E-4;197,67;0,05;286,73;-7,27E-4
7,113;3,547;0,991;1,98E-4;197,67;0,05;286,70;-7,68E-4
7,114;3,548;0,991;1,98E-4;197,70;0,05;286,76;-6,73E-4
7,115;3,548;0,991;1,98E-4;197,69;0,05;286,77;-6,66E-4
7,116;3,548;0,992;1,98E-4;197,69;0,05;286,80;-6,17E-4
7,117;3,548;0,992;1,98E-4;197,70;0,05;286,82;-5,86E-4
7,118;3,548;0,991;1,98E-4;197,69;0,05;286,75;-6,94E-4
7,119;3,546;0,989;1,98E-4;197,62;0,05;286,53;0,00
7,120;3,547;0,990;1,98E-4;197,65;0,05;286,62;-8,97E-4
7,121;3,547;0,991;1,98E-4;197,65;0,05;286,69;-7,89E-4
7,122;3,548;0,992;1,98E-4;197,69;0,05;286,80;-6,21E-4
7,123;3,547;0,991;1,98E-4;197,67;0,05;286,73;-7,27E-4
7,124;3,548;0,991;1,98E-4;197,68;0,05;286,74;-7,14E-4
7,125;3,548;0,992;1,98E-4;197,69;0,05;286,81;-6,04E-4
7,126;3,548;0,991;1,98E-4;197,68;0,05;286,77;-6,68E-4
7,127;3,548;0,991;1,98E-4;197,69;0,05;286,77;-6,55E-4
7,128;3,548;0,992;1,98E-4;197,68;0,05;286,80;-6,14E-4
7,129;3,548;0,991;1,98E-4;197,68;0,05;286,77;-6,60E-4
7,130;3,548;0,992;1,98E-4;197,70;0,05;286,80;-6,17E-4
7,131;3,547;0,991;1,98E-4;197,66;0,05;286,68;-7,91E-4
7,132;3,548;0,991;1,98E-4;197,67;0,05;286,73;-7,27E-4
7,133;3,547;0,991;1,98E-4;197,66;0,05;286,67;-8,07E-4
7,134;3,548;0,991;1,98E-4;197,69;0,05;286,77;-6,68E-4
7,135;3,548;0,991;1,98E-4;197,69;0,05;286,77;-6,68E-4
7,136;3,548;0,991;1,98E-4;197,68;0,05;286,76;-6,84E-4
7,137;3,548;0,992;1,98E-4;197,69;0,05;286,79;-6,32E-4
7,138;3,548;0,991;1,98E-4;197,68;0,05;286,78;-6,47E-4
7,139;3,548;0,992;1,98E-4;197,69;0,05;286,80;-6,19E-4
7,140;3,548;0,992;1,98E-4;197,70;0,05;286,82;-5,84E-4
7,141;3,547;0,991;1,98E-4;197,67;0,05;286,74;-7,01E-4
7,142;3,547;0,991;1,98E-4;197,67;0,05;286,77;-6,66E-4
7,143;3,547;0,991;1,98E-4;197,65;0,05;286,71;-7,48E-4
7,144;3,548;0,991;1,98E-4;197,68;0,05;286,75;-6,96E-4
7,145;3,547;0,991;1,98E-4;197,66;0,05;286,71;-7,57E-4
7,146;3,548;0,992;1,98E-4;197,68;0,05;286,79;-6,34E-4
7,147;3,548;0,992;1,98E-4;197,69;0,05;286,84;-5,54E-4
7,148;3,549;0,993;1,98E-4;197,73;0,05;286,98;-3,51E-4
7,149;3,549;0,993;1,98E-4;197,72;0,05;286,93;-4,27E-4
7,150;3,548;0,992;1,98E-4;197,71;0,05;286,89;-4,83E-4
7,151;3,548;0,992;1,98E-4;197,70;0,05;286,88;-5,02E-4
7,152;3,547;0,991;1,98E-4;197,67;0,05;286,74;-7,09E-4
7,153;3,547;0,991;1,98E-4;197,64;0,05;286,69;-7,76E-4
7,154;3,548;0,992;1,98E-4;197,68;0,05;286,83;-5,65E-4
7,155;3,549;0,992;1,98E-4;197,71;0,05;286,89;-4,76E-4
7,156;3,547;0,991;1,98E-4;197,66;0,05;286,72;-7,31E-4
7,157;3,547;0,991;1,98E-4;197,65;0,05;286,68;-8,02E-4
7,158;3,547;0,991;1,98E-4;197,66;0,05;286,72;-7,38E-4
7,159;3,547;0,991;1,98E-4;197,66;0,05;286,75;-6,92E-4
7,160;3,548;0,992;1,98E-4;197,70;0,05;286,88;-5,02E-4
7,161;3,547;0,991;1,98E-4;197,66;0,05;286,72;-7,44E-4
7,162;3,548;0,992;1,98E-4;197,69;0,05;286,83;-5,74E-4
7,163;3,548;0,992;1,98E-4;197,70;0,05;286,89;-4,85E-4
7,164;3,549;0,993;1,98E-4;197,71;0,05;286,92;-4,38E-4
7,165;3,548;0,993;1,98E-4;197,70;0,05;286,90;-4,59E-4
7,166;3,547;0,991;1,98E-4;197,66;0,05;286,74;-7,14E-4
7,167;3,548;0,992;1,98E-4;197,68;0,05;286,81;-6,08E-4
7,168;3,546;0,991;1,98E-4;197,64;0,05;286,67;-8,09E-4
7,169;3,547;0,991;1,98E-4;197,67;0,05;286,75;-6,86E-4
7,170;3,548;0,992;1,98E-4;197,70;0,05;286,89;-4,85E-4
7,171;3,548;0,992;1,98E-4;197,69;0,05;286,83;-5,78E-4
7,172;3,548;0,992;1,98E-4;197,68;0,05;286,82;-5,89E-4
7,173;3,548;0,992;1,98E-4;197,69;0,05;286,87;-5,07E-4
7,174;3,547;0,991;1,98E-4;197,66;0,05;286,73;-7,20E-4
7,175;3,548;0,993;1,98E-4;197,71;0,05;286,92;-4,33E-4
7,176;3,548;0,992;1,98E-4;197,69;0,05;286,86;-5,28E-4
7,177;3,548;0,992;1,98E-4;197,70;0,05;286,88;-5,02E-4
7,178;3,548;0,992;1,98E-4;197,68;0,05;286,79;-6,36E-4
7,179;3,547;0,991;1,98E-4;197,67;0,05;286,74;-7,01E-4
7,180;3,547;0,992;1,98E-4;197,67;0,05;286,82;-5,91E-4
7,181;3,547;0,992;1,98E-4;197,67;0,05;286,80;-6,10E-4
7,182;3,548;0,992;1,98E-4;197,70;0,05;286,90;-4,66E-4
7,183;3,547;0,991;1,98E-4;197,67;0,05;286,78;-6,45E-4
7,184;3,547;0,991;1,98E-4;197,65;0,05;286,70;-7,61E-4
7,185;3,548;0,992;1,98E-4;197,68;0,05;286,85;-5,48E-4
7,186;3,547;0,991;1,98E-4;197,67;0,05;286,75;-6,88E-4
7,187;3,547;0,991;1,98E-4;197,66;0,05;286,73;-7,25E-4
7,188;3,548;0,992;1,98E-4;197,68;0,05;286,83;-5,69E-4
7,189;3,549;0,993;1,98E-4;197,72;0,05;286,92;-4,31E-4
7,190;3,548;0,992;1,98E-4;197,68;0,05;286,85;-5,43E-4
7,191;3,548;0,992;1,98E-4;197,69;0,05;286,88;-5,00E-4
7,192;3,547;0,992;1,98E-4;197,67;0,05;286,79;-6,34E-4
7,193;3,547;0,991;1,98E-4;197,67;0,05;286,76;-6,71E-4
7,194;3,547;0,991;1,98E-4;197,65;0,05;286,75;-6,99E-4
7,195;3,548;0,992;1,98E-4;197,68;0,05;286,86;-5,33E-4
7,196;3,549;0,993;1,98E-4;197,71;0,05;286,93;-4,16E-4
7,197;3,548;0,992;1,98E-4;197,69;0,05;286,90;-4,72E-4
7,198;3,548;0,992;1,98E-4;197,68;0,05;286,84;-5,58E-4
7,199;3,548;0,992;1,98E-4;197,68;0,05;286,82;-5,86E-4
7,200;3,548;0,992;1,98E-4;197,69;0,05;286,89;-4,76E-4
7,201;3,548;0,992;1,98E-4;197,70;0,05;286,88;-4,96E-4
7,202;3,547;0,992;1,98E-4;197,67;0,05;286,79;-6,30E-4
7,203;3,548;0,992;1,98E-4;197,68;0,05;286,82;-5,84E-4
7,204;3,549;0,993;1,98E-4;197,71;0,05;286,97;-3,54E-4
7,205;3,547;0,992;1,98E-4;197,66;0,05;286,79;-6,34E-4
7,206;3,547;0,991;1,98E-4;197,65;0,05;286,76;-6,77E-4
7,207;3,547;0,992;1,98E-4;197,67;0,05;286,83;-5,76E-4
7,208;3,548;0,993;1,98E-4;197,70;0,05;286,95;-3,90E-4
7,209;3,548;0,992;1,98E-4;197,69;0,05;286,90;-4,68E-4
7,210;3,547;0,991;1,98E-4;197,66;0,05;286,77;-6,60E-4
7,211;3,547;0,992;1,98E-4;197,67;0,05;286,81;-5,99E-4
7,212;3,548;0,992;1,98E-4;197,68;0,05;286,84;-5,50E-4
7,213;3,548;0,992;1,98E-4;197,68;0,05;286,81;-5,95E-4
7,214;3,548;0,993;1,98E-4;197,69;0,05;286,90;-4,63E-4
7,215;3,548;0,992;1,98E-4;197,69;0,05;286,89;-4,74E-4
7,216;3,548;0,992;1,98E-4;197,68;0,05;286,87;-5,13E-4
7,217;3,549;0,993;1,98E-4;197,72;0,05;287,01;-2,97E-4
7,218;3,549;0,994;1,98E-4;197,72;0,05;287,02;-2,87E-4
7,219;3,547;0,992;1,98E-4;197,67;0,05;286,82;-5,84E-4
7,220;3,549;0,994;1,98E-4;197,73;0,05;287,05;-2,35E-4
7,221;3,547;0,992;1,98E-4;197,67;0,05;286,87;-5,11E-4
7,222;3,548;0,992;1,98E-4;197,68;0,05;286,84;-5,50E-4
7,223;3,548;0,992;1,98E-4;197,69;0,05;286,87;-5,09E-4
7,224;3,548;0,993;1,98E-4;197,69;0,05;286,93;-4,27E-4
7,225;3,547;0,992;1,98E-4;197,67;0,05;286,81;-6,08E-4
7,226;3,548;0,993;1,98E-4;197,71;0,05;286,97;-3,64E-4
7,227;3,547;0,992;1,98E-4;197,67;0,05;286,82;-5,84E-4
7,228;3,547;0,992;1,98E-4;197,66;0,05;286,80;-6,10E-4
7,229;3,549;0,993;1,98E-4;197,71;0,05;286,97;-3,64E-4
7,230;3,548;0,992;1,98E-4;197,69;0,05;286,87;-5,15E-4
7,231;3,549;0,994;1,98E-4;197,73;0,05;287,04;-2,54E-4
7,232;3,548;0,993;1,98E-4;197,69;0,05;286,92;-4,29E-4
7,233;3,547;0,992;1,98E-4;197,67;0,05;286,86;-5,24E-4
7,234;3,548;0,992;1,98E-4;197,68;0,05;286,88;-5,00E-4
7,235;3,548;0,993;1,98E-4;197,69;0,05;286,91;-4,55E-4
7,236;3,549;0,993;1,98E-4;197,71;0,05;286,99;-3,25E-4
7,237;3,547;0,992;1,98E-4;197,66;0,05;286,84;-5,63E-4
7,238;3,547;0,992;1,98E-4;197,66;0,05;286,80;-6,14E-4
7,239;3,547;0,991;1,98E-4;197,66;0,05;286,78;-6,53E-4
7,240;3,548;0,992;1,98E-4;197,69;0,05;286,90;-4,72E-4
7,241;3,548;0,992;1,98E-4;197,68;0,05;286,87;-5,07E-4
7,242;3,548;0,993;1,98E-4;197,69;0,05;286,93;-4,20E-4
7,243;3,548;0,993;1,98E-4;197,69;0,05;286,94;-4,01E-4
7,244;3,548;0,993;1,98E-4;197,70;0,05;287,00;-3,13E-4
7,245;3,548;0,993;1,98E-4;197,70;0,05;286,94;-4,07E-4
7,246;3,547;0,992;1,98E-4;197,67;0,05;286,88;-4,89E-4
7,247;3,547;0,992;1,98E-4;197,65;0,05;286,80;-6,21E-4
7,248;3,547;0,992;1,98E-4;197,65;0,05;286,80;-6,23E-4
7,249;3,547;0,992;1,98E-4;197,66;0,05;286,79;-6,32E-4
7,250;3,547;0,991;1,98E-4;197,66;0,05;286,77;-6,62E-4
7,251;3,548;0,993;1,98E-4;197,68;0,05;286,91;-4,46E-4
7,252;3,547;0,992;1,98E-4;197,67;0,05;286,85;-5,45E-4
7,253;3,548;0,993;1,98E-4;197,68;0,05;286,90;-4,61E-4
7,254;3,548;0,993;1,98E-4;197,70;0,05;286,94;-4,07E-4
7,255;3,547;0,992;1,98E-4;197,67;0,05;286,84;-5,56E-4
7,256;3,547;0,992;1,98E-4;197,66;0,05;286,82;-5,86E-4
7,257;3,547;0,992;1,98E-4;197,67;0,05;286,85;-5,45E-4
7,258;3,548;0,993;1,98E-4;197,69;0,05;286,95;-3,90E-4
7,259;3,548;0,992;1,98E-4;197,68;0,05;286,89;-4,74E-4
7,260;3,548;0,993;1,98E-4;197,68;0,05;286,94;-4,10E-4
7,261;3,547;0,992;1,98E-4;197,65;0,05;286,80;-6,14E-4
7,262;3,547;0,992;1,98E-4;197,66;0,05;286,82;-5,82E-4
7,263;3,547;0,992;1,98E-4;197,67;0,05;286,89;-4,76E-4
7,264;3,548;0,993;1,98E-4;197,68;0,05;286,96;-3,75E-4
7,265;3,548;0,993;1,98E-4;197,69;0,05;286,94;-4,07E-4
7,266;3,547;0,993;1,98E-4;197,67;0,05;286,92;-4,40E-4
7,267;3,548;0,993;1,98E-4;197,69;0,05;286,94;-4,03E-4
7,268;3,548;0,993;1,98E-4;197,69;0,05;286,95;-3,84E-4
7,269;3,549;0,994;1,98E-4;197,72;0,05;287,02;-2,87E-4
7,270;3,548;0,993;1,98E-4;197,69;0,05;286,92;-4,35E-4
7,271;3,548;0,993;1,98E-4;197,69;0,05;286,93;-4,14E-4
7,272;3,548;0,993;1,98E-4;197,69;0,05;286,95;-3,88E-4
7,273;3,548;0,994;1,98E-4;197,70;0,05;287,02;-2,78E-4
7,274;3,548;0,993;1,98E-4;197,71;0,05;287,01;-3,00E-4
7,275;3,548;0,993;1,98E-4;197,69;0,05;286,97;-3,60E-4
7,276;3,548;0,993;1,98E-4;197,69;0,05;286,96;-3,79E-4
7,277;3,548;0,992;1,98E-4;197,68;0,05;286,90;-4,66E-4
7,278;3,548;0,993;1,98E-4;197,68;0,05;286,91;-4,53E-4
7,279;3,548;0,993;1,98E-4;197,68;0,05;286,91;-4,48E-4
7,280;3,548;0,993;1,98E-4;197,70;0,05;286,98;-3,43E-4
7,281;3,546;0,991;1,98E-4;197,64;0,05;286,74;-7,01E-4
7,282;3,547;0,992;1,98E-4;197,66;0,05;286,89;-4,87E-4
7,283;3,548;0,993;1,98E-4;197,68;0,05;286,90;-4,63E-4
7,284;3,547;0,992;1,98E-4;197,67;0,05;286,88;-4,92E-4
7,285;3,548;0,993;1,98E-4;197,68;0,05;286,94;-4,03E-4
7,286;3,548;0,993;1,98E-4;197,70;0,05;286,98;-3,51E-4
7,287;3,548;0,993;1,98E-4;197,68;0,05;286,94;-4,12E-4
7,288;3,547;0,993;1,98E-4;197,66;0,05;286,90;-4,59E-4
7,289;3,549;0,994;1,98E-4;197,72;0,05;287,07;-2,16E-4
7,290;3,548;0,993;1,98E-4;197,68;0,05;286,91;-4,48E-4
7,291;3,548;0,993;1,98E-4;197,68;0,05;286,91;-4,55E-4
7,292;3,548;0,993;1,98E-4;197,70;0,05;287,00;-3,19E-4
7,293;3,548;0,993;1,98E-4;197,70;0,05;287,01;-3,06E-4
7,294;3,548;0,993;1,98E-4;197,69;0,05;286,96;-3,69E-4
7,295;3,548;0,993;1,98E-4;197,70;0,05;286,98;-3,38E-4
7,296;3,547;0,992;1,98E-4;197,67;0,05;286,88;-4,89E-4
7,297;3,548;0,993;1,98E-4;197,68;0,05;286,91;-4,57E-4
7,298;3,548;0,993;1,98E-4;197,69;0,05;286,96;-3,75E-4
7,299;3,548;0,993;1,98E-4;197,68;0,05;286,92;-4,38E-4
7,300;3,549;0,994;1,98E-4;197,73;0,05;287,10;-1,68E-4
7,301;3,548;0,993;1,98E-4;197,68;0,05;286,90;-4,59E-4
7,302;3,547;0,992;1,98E-4;197,67;0,05;286,85;-5,35E-4
7,303;3,548;0,993;1,98E-4;197,68;0,05;286,93;-4,18E-4
7,304;3,548;0,993;1,98E-4;197,70;0,05;286,99;-3,25E-4
7,305;3,547;0,992;1,98E-4;197,65;0,05;286,85;-5,48E-4
7,306;3,548;0,993;1,98E-4;197,69;0,05;287,00;-3,08E-4
7,307;3,548;0,993;1,98E-4;197,68;0,05;286,98;-3,51E-4
7,308;3,547;0,992;1,98E-4;197,66;0,05;286,87;-5,17E-4
7,309;3,546;0,991;1,98E-4;197,61;0,05;286,72;-7,42E-4
7,310;3,546;0,991;1,98E-4;197,63;0,05;286,75;-6,99E-4
7,311;3,547;0,992;1,98E-4;197,65;0,05;286,86;-5,20E-4
7,312;3,547;0,992;1,98E-4;197,65;0,05;286,82;-5,91E-4
7,313;3,547;0,993;1,98E-4;197,65;0,05;286,92;-4,40E-4
7,314;3,548;0,994;1,98E-4;197,70;0,05;287,03;-2,69E-4
7,315;3,548;0,993;1,98E-4;197,68;0,05;286,95;-3,90E-4
7,316;3,549;0,994;1,98E-4;197,71;0,05;287,05;-2,44E-4
7,317;3,548;0,993;1,98E-4;197,70;0,05;286,99;-3,36E-4
7,318;3,547;0,993;1,98E-4;197,67;0,05;286,96;-3,69E-4
7,319;3,546;0,992;1,98E-4;197,64;0,05;286,83;-5,67E-4
7,320;3,546;0,991;1,98E-4;197,62;0,05;286,76;-6,71E-4
7,321;3,547;0,993;1,98E-4;197,67;0,05;286,93;-4,16E-4
7,322;3,547;0,993;1,98E-4;197,67;0,05;286,94;-4,12E-4
7,323;3,547;0,993;1,98E-4;197,67;0,05;286,91;-4,55E-4
7,324;3,547;0,992;1,98E-4;197,66;0,05;286,88;-4,94E-4
7,325;3,549;0,994;1,98E-4;197,71;0,05;287,08;-1,92E-4
7,326;3,548;0,994;1,98E-4;197,70;0,05;287,04;-2,48E-4
7,327;3,549;0,994;1,98E-4;197,72;0,05;287,12;-1,29E-4
7,328;3,548;0,994;1,98E-4;197,69;0,05;287,03;-2,76E-4
7,329;3,547;0,992;1,98E-4;197,65;0,05;286,90;-4,70E-4
7,330;3,548;0,993;1,98E-4;197,69;0,05;286,99;-3,34E-4
7,331;3,548;0,993;1,98E-4;197,68;0,05;286,93;-4,14E-4
7,332;3,547;0,992;1,98E-4;197,66;0,05;286,88;-4,98E-4
7,333;3,547;0,992;1,98E-4;197,66;0,05;286,87;-5,09E-4
7,334;3,546;0,991;1,98E-4;197,63;0,05;286,76;-6,84E-4
7,335;3,546;0,992;1,98E-4;197,64;0,05;286,82;-5,84E-4
7,336;3,547;0,993;1,98E-4;197,67;0,05;286,93;-4,20E-4
7,337;3,548;0,993;1,98E-4;197,69;0,05;286,97;-3,58E-4
7,338;3,547;0,992;1,98E-4;197,65;0,05;286,86;-5,22E-4
7,339;3,547;0,993;1,98E-4;197,66;0,05;286,93;-4,14E-4
7,340;3,547;0,993;1,98E-4;197,67;0,05;286,96;-3,75E-4
7,341;3,549;0,994;1,98E-4;197,71;0,05;287,08;-2,00E-4
7,342;3,548;0,994;1,98E-4;197,71;0,05;287,09;-1,77E-4
7,343;3,547;0,993;1,98E-4;197,67;0,05;286,93;-4,25E-4
7,344;3,548;0,993;1,98E-4;197,68;0,05;286,96;-3,71E-4
7,345;3,549;0,994;1,98E-4;197,72;0,05;287,10;-1,70E-4
7,346;3,548;0,993;1,98E-4;197,69;0,05;287,01;-3,00E-4
7,347;3,548;0,994;1,98E-4;197,68;0,05;287,02;-2,80E-4
7,348;3,548;0,994;1,98E-4;197,70;0,05;287,05;-2,39E-4
7,349;3,549;0,994;1,98E-4;197,72;0,05;287,13;-1,25E-4
7,350;3,547;0,993;1,98E-4;197,67;0,05;286,95;-3,84E-4
7,351;3,549;0,994;1,98E-4;197,71;0,05;287,07;-2,07E-4
7,352;3,548;0,993;1,98E-4;197,69;0,05;287,02;-2,89E-4
7,353;3,548;0,994;1,98E-4;197,70;0,05;287,03;-2,74E-4
7,354;3,547;0,993;1,98E-4;197,67;0,05;286,96;-3,77E-4
7,355;3,547;0,993;1,98E-4;197,65;0,05;286,90;-4,61E-4
7,356;3,546;0,992;1,98E-4;197,62;0,05;286,79;-6,38E-4
7,357;3,548;0,994;1,98E-4;197,68;0,05;287,02;-2,87E-4
7,358;3,548;0,994;1,98E-4;197,68;0,05;287,02;-2,87E-4
7,359;3,548;0,994;1,98E-4;197,70;0,05;287,09;-1,77E-4
7,360;3,549;0,995;1,98E-4;197,71;0,05;287,15;-9,27E-5
7,361;3,547;0,993;1,98E-4;197,67;0,05;286,92;-4,38E-4
7,362;3,547;0,993;1,98E-4;197,66;0,05;286,96;-3,82E-4
7,363;3,549;0,994;1,98E-4;197,71;0,05;287,13;-1,25E-4
7,364;3,548;0,994;1,98E-4;197,71;0,05;287,09;-1,72E-4
7,365;3,547;0,993;1,98E-4;197,66;0,05;286,94;-3,99E-4
7,366;3,548;0,994;1,98E-4;197,70;0,05;287,04;-2,50E-4
7,367;3,548;0,994;1,98E-4;197,69;0,05;287,09;-1,79E-4
7,368;3,547;0,992;1,98E-4;197,65;0,05;286,86;-5,26E-4
7,369;3,548;0,994;1,98E-4;197,69;0,05;287,04;-2,61E-4
7,370;3,547;0,993;1,98E-4;197,67;0,05;286,97;-3,62E-4
7,371;3,547;0,993;1,98E-4;197,66;0,05;286,96;-3,79E-4
7,372;3,547;0,993;1,98E-4;197,67;0,05;286,97;-3,54E-4
7,373;3,547;0,993;1,98E-4;197,67;0,05;286,98;-3,45E-4
7,374;3,548;0,994;1,98E-4;197,68;0,05;287,04;-2,50E-4
7,375;3,548;0,994;1,98E-4;197,67;0,05;287,03;-2,72E-4
7,376;3,547;0,993;1,98E-4;197,66;0,05;286,92;-4,31E-4
7,377;3,546;0,992;1,98E-4;197,63;0,05;286,86;-5,24E-4
7,378;3,547;0,993;1,98E-4;197,67;0,05;286,95;-3,90E-4
7,379;3,548;0,993;1,98E-4;197,68;0,05;287,01;-2,93E-4
7,380;3,548;0,994;1,98E-4;197,68;0,05;287,02;-2,80E-4
7,381;3,548;0,993;1,98E-4;197,68;0,05;287,01;-3,06E-4
7,382;3,547;0,993;1,98E-4;197,66;0,05;286,95;-3,92E-4
7,383;3,548;0,994;1,98E-4;197,68;0,05;287,03;-2,69E-4
7,384;3,547;0,993;1,98E-4;197,65;0,05;286,92;-4,29E-4
7,385;3,547;0,993;1,98E-4;197,67;0,05;286,97;-3,56E-4
7,386;3,548;0,994;1,98E-4;197,69;0,05;287,05;-2,37E-4
7,387;3,548;0,994;1,98E-4;197,68;0,05;287,04;-2,56E-4
7,388;3,548;0,994;1,98E-4;197,69;0,05;287,10;-1,68E-4
7,389;3,549;0,995;1,98E-4;197,72;0,05;287,18;-4,09E-5
7,390;3,548;0,994;1,98E-4;197,69;0,05;287,07;-2,09E-4
7,391;3,548;0,994;1,98E-4;197,69;0,05;287,03;-2,67E-4
7,392;3,549;0,995;1,98E-4;197,72;0,05;287,17;-5,60E-5
7,393;3,548;0,994;1,98E-4;197,70;0,05;287,11;-1,55E-4
7,394;3,547;0,993;1,98E-4;197,65;0,05;286,95;-3,94E-4
7,395;3,546;0,992;1,98E-4;197,63;0,05;286,83;-5,67E-4
7,396;3,547;0,993;1,98E-4;197,67;0,05;286,99;-3,28E-4
7,397;3,547;0,993;1,98E-4;197,66;0,05;286,96;-3,82E-4
7,398;3,548;0,994;1,98E-4;197,70;0,05;287,10;-1,66E-4
7,399;3,548;0,994;1,98E-4;197,70;0,05;287,11;-1,49E-4
7,400;3,548;0,994;1,98E-4;197,69;0,05;287,08;-1,94E-4
7,401;3,549;0,995;1,98E-4;197,72;0,05;287,20;-8,62E-6
7,402;3,548;0,994;1,98E-4;197,69;0,05;287,07;-2,07E-4
7,403;3,547;0,993;1,98E-4;197,67;0,05;287,00;-3,17E-4
7,404;3,548;0,994;1,98E-4;197,70;0,05;287,10;-1,62E-4
7,405;3,548;0,994;1,98E-4;197,68;0,05;287,06;-2,28E-4
7,406;3,549;0,995;1,98E-4;197,71;0,05;287,15;-9,05E-5
7,407;3,548;0,995;1,98E-4;197,70;0,05;287,16;-7,11E-5
7,408;3,549;0,995;1,98E-4;197,73;0,05;287,22;2,59E-5
7,409;3,548;0,994;1,98E-4;197,69;0,05;287,09;-1,79E-4
7,410;3,547;0,993;1,98E-4;197,67;0,05;286,99;-3,36E-4
7,411;3,547;0,993;1,98E-4;197,67;0,05;287,01;-2,97E-4
7,412;3,549;0,995;1,98E-4;197,71;0,05;287,15;-8,83E-5
7,413;3,548;0,994;1,98E-4;197,69;0,05;287,09;-1,85E-4
7,414;3,549;0,995;1,98E-4;197,72;0,05;287,21;8,62E-6
7,415;3,548;0,994;1,98E-4;197,68;0,05;287,08;-1,98E-4
7,416;3,547;0,993;1,98E-4;197,67;0,05;287,01;-2,93E-4
7,417;3,547;0,994;1,98E-4;197,67;0,05;287,02;-2,78E-4
7,418;3,548;0,994;1,98E-4;197,70;0,05;287,12;-1,38E-4
7,419;3,548;0,994;1,98E-4;197,69;0,05;287,10;-1,59E-4
7,420;3,548;0,994;1,98E-4;197,68;0,05;287,02;-2,78E-4
7,421;3,548;0,994;1,98E-4;197,69;0,05;287,11;-1,47E-4
7,422;3,549;0,995;1,98E-4;197,71;0,05;287,16;-7,33E-5
7,423;3,548;0,995;1,98E-4;197,70;0,05;287,16;-7,33E-5
7,424;3,549;0,995;1,98E-4;197,72;0,05;287,20;-1,29E-5
7,425;3,549;0,995;1,98E-4;197,71;0,05;287,21;-2,15E-6
7,426;3,549;0,995;1,98E-4;197,73;0,05;287,24;5,60E-5
7,427;3,548;0,994;1,98E-4;197,68;0,05;287,06;-2,18E-4
7,428;3,548;0,995;1,98E-4;197,71;0,05;287,14;-1,01E-4
7,429;3,548;0,995;1,98E-4;197,70;0,05;287,15;-9,05E-5
7,430;3,548;0,995;1,98E-4;197,70;0,05;287,15;-9,27E-5
7,431;3,547;0,993;1,98E-4;197,66;0,05;287,01;-2,93E-4
7,432;3,548;0,994;1,98E-4;197,70;0,05;287,11;-1,49E-4
7,433;3,548;0,995;1,98E-4;197,70;0,05;287,16;-6,90E-5
7,434;3,548;0,994;1,98E-4;197,68;0,05;287,07;-2,11E-4
7,435;3,548;0,994;1,98E-4;197,70;0,05;287,10;-1,57E-4
7,436;3,548;0,995;1,98E-4;197,70;0,05;287,14;-9,91E-5
7,437;3,548;0,994;1,98E-4;197,70;0,05;287,12;-1,29E-4
7,438;3,548;0,995;1,98E-4;197,70;0,05;287,16;-7,33E-5
7,439;3,548;0,994;1,98E-4;197,70;0,05;287,13;-1,21E-4
7,440;3,548;0,995;1,98E-4;197,70;0,05;287,14;-1,03E-4
7,441;3,548;0,994;1,98E-4;197,70;0,05;287,13;-1,21E-4
7,442;3,548;0,994;1,98E-4;197,68;0,05;287,08;-1,98E-4
7,443;3,548;0,995;1,98E-4;197,70;0,05;287,14;-1,03E-4
7,444;3,548;0,994;1,98E-4;197,70;0,05;287,13;-1,14E-4
7,445;3,547;0,994;1,98E-4;197,67;0,05;287,04;-2,48E-4
7,446;3,548;0,994;1,98E-4;197,69;0,05;287,10;-1,57E-4
7,447;3,548;0,994;1,98E-4;197,68;0,05;287,08;-1,96E-4
7,448;3,549;0,995;1,98E-4;197,72;0,05;287,24;4,52E-5
7,449;3,548;0,995;1,98E-4;197,71;0,05;287,16;-7,54E-5
7,450;3,549;0,995;1,98E-4;197,73;0,05;287,25;6,25E-5
7,451;3,547;0,994;1,98E-4;197,67;0,05;287,08;-1,98E-4
7,452;3,547;0,993;1,98E-4;197,64;0,05;286,98;-3,45E-4
7,453;3,547;0,994;1,98E-4;197,67;0,05;287,03;-2,72E-4
7,454;3,548;0,995;1,98E-4;197,70;0,05;287,18;-3,66E-5
7,455;3,548;0,994;1,98E-4;197,69;0,05;287,13;-1,14E-4
7,456;3,548;0,994;1,98E-4;197,68;0,05;287,11;-1,51E-4
7,457;3,547;0,994;1,98E-4;197,67;0,05;287,06;-2,24E-4
7,458;3,548;0,994;1,98E-4;197,68;0,05;287,10;-1,70E-4
7,459;3,547;0,994;1,98E-4;197,65;0,05;287,04;-2,61E-4
7,460;3,548;0,994;1,98E-4;197,68;0,05;287,12;-1,40E-4
7,461;3,548;0,995;1,98E-4;197,70;0,05;287,17;-5,39E-5
7,462;3,548;0,995;1,98E-4;197,69;0,05;287,17;-6,25E-5
7,463;3,547;0,994;1,98E-4;197,67;0,05;287,10;-1,57E-4
7,464;3,548;0,995;1,98E-4;197,69;0,05;287,14;-1,01E-4
7,465;3,549;0,995;1,98E-4;197,71;0,05;287,20;-1,08E-5
7,466;3,548;0,995;1,98E-4;197,71;0,05;287,21;-4,31E-6
7,467;3,548;0,994;1,98E-4;197,68;0,05;287,10;-1,64E-4
7,468;3,548;0,994;1,98E-4;197,68;0,05;287,06;-2,20E-4
7,469;3,547;0,993;1,98E-4;197,66;0,05;287,01;-2,95E-4
7,470;3,548;0,994;1,98E-4;197,68;0,05;287,10;-1,57E-4
7,471;3,548;0,995;1,98E-4;197,69;0,05;287,17;-5,17E-5
7,472;3,548;0,995;1,98E-4;197,70;0,05;287,17;-5,39E-5
7,473;3,549;0,995;1,98E-4;197,72;0,05;287,22;2,59E-5
7,474;3,549;0,995;1,98E-4;197,73;0,05;287,25;5,82E-5
7,475;3,548;0,995;1,98E-4;197,71;0,05;287,25;6,46E-5
7,476;3,549;0,995;1,98E-4;197,71;0,05;287,21;-2,15E-6
7,477;3,548;0,994;1,98E-4;197,68;0,05;287,12;-1,38E-4
7,478;3,548;0,995;1,98E-4;197,70;0,05;287,20;-8,62E-6
7,479;3,549;0,996;1,98E-4;197,73;0,05;287,26;8,62E-5
7,480;3,549;0,996;1,98E-4;197,73;0,05;287,29;1,18E-4
7,481;3,548;0,995;1,98E-4;197,71;0,05;287,18;-3,88E-5
7,482;3,547;0,993;1,98E-4;197,66;0,05;287,01;-3,04E-4
7,483;3,548;0,994;1,98E-4;197,68;0,05;287,09;-1,77E-4
7,484;3,548;0,995;1,98E-4;197,69;0,05;287,14;-1,10E-4
7,485;3,549;0,995;1,98E-4;197,72;0,05;287,24;5,39E-5
7,486;3,548;0,994;1,98E-4;197,69;0,05;287,13;-1,14E-4
7,487;3,547;0,994;1,98E-4;197,67;0,05;287,08;-1,87E-4
7,488;3,548;0,994;1,98E-4;197,68;0,05;287,09;-1,72E-4
7,489;3,548;0,994;1,98E-4;197,69;0,05;287,12;-1,34E-4
7,490;3,546;0,993;1,98E-4;197,63;0,05;286,97;-3,58E-4
7,491;3,548;0,995;1,98E-4;197,69;0,05;287,17;-5,60E-5
7,492;3,549;0,995;1,98E-4;197,71;0,05;287,23;3,66E-5
7,493;3,548;0,995;1,98E-4;197,71;0,05;287,21;4,31E-6
7,494;3,548;0,995;1,98E-4;197,69;0,05;287,18;-4,96E-5
7,495;3,548;0,994;1,98E-4;197,68;0,05;287,10;-1,57E-4
7,496;3,548;0,995;1,98E-4;197,68;0,05;287,14;-9,70E-5
7,497;3,547;0,994;1,98E-4;197,67;0,05;287,08;-1,87E-4
7,498;3,548;0,995;1,98E-4;197,70;0,05;287,21;-2,15E-6
7,499;3,548;0,995;1,98E-4;197,69;0,05;287,14;-1,08E-4
7,500;3,548;0,995;1,98E-4;197,69;0,05;287,19;-3,45E-5
7,501;3,548;0,994;1,98E-4;197,68;0,05;287,12;-1,31E-4
7,502;3,545;0,992;1,98E-4;197,61;0,05;286,88;-4,92E-4
7,503;3,548;0,994;1,98E-4;197,68;0,05;287,10;-1,62E-4
7,504;3,548;0,995;1,98E-4;197,69;0,05;287,18;-3,66E-5
7,505;3,549;0,996;1,98E-4;197,72;0,05;287,25;6,68E-5
7,506;3,548;0,995;1,98E-4;197,68;0,05;287,16;-7,54E-5
7,507;3,547;0,994;1,98E-4;197,65;0,05;287,07;-2,16E-4
7,508;3,547;0,994;1,98E-4;197,66;0,05;287,07;-2,03E-4
7,509;3,548;0,995;1,98E-4;197,70;0,05;287,20;-1,29E-5
7,510;3,547;0,994;1,98E-4;197,67;0,05;287,13;-1,12E-4
7,511;3,548;0,994;1,98E-4;197,68;0,05;287,11;-1,44E-4
7,512;3,548;0,995;1,98E-4;197,71;0,05;287,21;4,31E-6
7,513;3,547;0,994;1,98E-4;197,67;0,05;287,07;-2,05E-4
7,514;3,548;0,994;1,98E-4;197,68;0,05;287,12;-1,31E-4
7,515;3,547;0,994;1,98E-4;197,67;0,05;287,13;-1,16E-4
7,516;3,548;0,995;1,98E-4;197,70;0,05;287,18;-3,88E-5
7,517;3,548;0,995;1,98E-4;197,71;0,05;287,22;2,15E-5
7,518;3,549;0,995;1,98E-4;197,71;0,05;287,24;4,74E-5
7,519;3,548;0,995;1,98E-4;197,68;0,05;287,17;-5,60E-5
7,520;3,548;0,995;1,98E-4;197,68;0,05;287,16;-6,90E-5
7,521;3,547;0,994;1,98E-4;197,66;0,05;287,06;-2,22E-4
7,522;3,547;0,994;1,98E-4;197,67;0,05;287,12;-1,34E-4
7,523;3,548;0,995;1,98E-4;197,68;0,05;287,16;-6,68E-5
7,524;3,548;0,995;1,98E-4;197,69;0,05;287,20;-6,46E-6
7,525;3,547;0,994;1,98E-4;197,67;0,05;287,13;-1,23E-4
7,526;3,547;0,994;1,98E-4;197,67;0,05;287,13;-1,19E-4
7,527;3,548;0,995;1,98E-4;197,70;0,05;287,22;1,29E-5
7,528;3,547;0,994;1,98E-4;197,66;0,05;287,06;-2,28E-4
7,529;3,547;0,994;1,98E-4;197,64;0,05;287,03;-2,63E-4
7,530;3,548;0,994;1,98E-4;197,68;0,05;287,13;-1,16E-4
7,531;3,549;0,995;1,98E-4;197,71;0,05;287,24;5,17E-5
7,532;3,548;0,995;1,98E-4;197,69;0,05;287,15;-9,48E-5
7,533;3,549;0,996;1,98E-4;197,71;0,05;287,27;9,48E-5
7,534;3,548;0,995;1,98E-4;197,68;0,05;287,18;-3,66E-5
7,535;3,548;0,995;1,98E-4;197,68;0,05;287,17;-5,39E-5
7,536;3,548;0,995;1,98E-4;197,68;0,05;287,17;-5,39E-5
7,537;3,548;0,995;1,98E-4;197,70;0,05;287,19;-3,02E-5
7,538;3,549;0,996;1,98E-4;197,71;0,05;287,26;8,40E-5
7,539;3,547;0,994;1,98E-4;197,67;0,05;287,13;-1,16E-4
7,540;3,548;0,995;1,98E-4;197,68;0,05;287,15;-8,83E-5
7,541;3,548;0,995;1,98E-4;197,70;0,05;287,19;-3,23E-5
7,542;3,547;0,994;1,98E-4;197,67;0,05;287,13;-1,25E-4
7,543;3,549;0,995;1,98E-4;197,71;0,05;287,25;6,46E-5
7,544;3,548;0,995;1,98E-4;197,71;0,05;287,23;4,09E-5
7,545;3,547;0,994;1,98E-4;197,66;0,05;287,08;-1,94E-4
7,546;3,548;0,995;1,98E-4;197,68;0,05;287,15;-9,48E-5
7,547;3,548;0,995;1,98E-4;197,68;0,05;287,15;-9,48E-5
7,548;3,548;0,995;1,98E-4;197,68;0,05;287,16;-6,68E-5
7,549;3,546;0,993;1,98E-4;197,64;0,05;286,99;-3,23E-4
7,550;3,548;0,995;1,98E-4;197,68;0,05;287,18;-4,96E-5
7,551;3,546;0,993;1,98E-4;197,63;0,05;287,00;-3,08E-4
7,552;3,546;0,993;1,98E-4;197,62;0,05;286,96;-3,79E-4
7,553;3,547;0,994;1,98E-4;197,66;0,05;287,10;-1,70E-4
7,554;3,548;0,995;1,98E-4;197,69;0,05;287,21;-4,31E-6
7,555;3,550;0,997;1,98E-4;197,74;0,05;287,39;2,82E-4
7,556;3,549;0,996;1,98E-4;197,71;0,05;287,30;1,38E-4
7,557;3,548;0,995;1,98E-4;197,70;0,05;287,21;2,15E-6
7,558;3,547;0,995;1,98E-4;197,67;0,05;287,16;-7,54E-5
7,559;3,547;0,994;1,98E-4;197,67;0,05;287,12;-1,40E-4
7,560;3,548;0,995;1,98E-4;197,68;0,05;287,21;-4,31E-6
7,561;3,548;0,995;1,98E-4;197,68;0,05;287,19;-3,45E-5
7,562;3,548;0,995;1,98E-4;197,69;0,05;287,25;6,25E-5
7,563;3,547;0,994;1,98E-4;197,66;0,05;287,12;-1,31E-4
7,564;3,547;0,995;1,98E-4;197,67;0,05;287,18;-4,74E-5
7,565;3,548;0,995;1,98E-4;197,68;0,05;287,18;-3,88E-5
7,566;3,549;0,996;1,98E-4;197,71;0,05;287,31;1,53E-4
7,567;3,548;0,995;1,98E-4;197,69;0,05;287,20;-6,46E-6
7,568;3,547;0,995;1,98E-4;197,67;0,05;287,16;-6,90E-5
7,569;3,548;0,996;1,98E-4;197,70;0,05;287,26;7,54E-5
7,570;3,547;0,994;1,98E-4;197,66;0,05;287,10;-1,70E-4
7,571;3,548;0,996;1,98E-4;197,70;0,05;287,26;7,33E-5
7,572;3,547;0,994;1,98E-4;197,65;0,05;287,06;-2,28E-4
7,573;3,548;0,995;1,98E-4;197,70;0,05;287,24;4,52E-5
7,574;3,548;0,995;1,98E-4;197,69;0,05;287,22;1,29E-5
7,575;3,548;0,995;1,98E-4;197,68;0,05;287,19;-2,37E-5
7,576;3,549;0,996;1,98E-4;197,72;0,05;287,34;2,00E-4
7,577;3,548;0,995;1,98E-4;197,68;0,05;287,20;-1,72E-5
7,578;3,547;0,994;1,98E-4;197,65;0,05;287,10;-1,62E-4
7,579;3,548;0,995;1,98E-4;197,69;0,05;287,23;3,02E-5
7,580;3,547;0,995;1,98E-4;197,67;0,05;287,16;-7,11E-5
7,581;3,548;0,995;1,98E-4;197,68;0,05;287,18;-4,31E-5
7,582;3,548;0,995;1,98E-4;197,68;0,05;287,19;-2,37E-5
7,583;3,547;0,995;1,98E-4;197,66;0,05;287,16;-7,33E-5
7,584;3,547;0,994;1,98E-4;197,65;0,05;287,09;-1,77E-4
7,585;3,547;0,994;1,98E-4;197,65;0,05;287,09;-1,72E-4
7,586;3,547;0,995;1,98E-4;197,66;0,05;287,16;-6,90E-5
7,587;3,547;0,995;1,98E-4;197,66;0,05;287,14;-9,70E-5
7,588;3,547;0,995;1,98E-4;197,66;0,05;287,16;-6,68E-5
7,589;3,547;0,994;1,98E-4;197,66;0,05;287,12;-1,34E-4
7,590;3,548;0,996;1,98E-4;197,70;0,05;287,26;7,97E-5
7,591;3,547;0,995;1,98E-4;197,67;0,05;287,20;-1,51E-5
7,592;3,547;0,995;1,98E-4;197,66;0,05;287,18;-4,96E-5
7,593;3,548;0,995;1,98E-4;197,68;0,05;287,18;-4,52E-5
7,594;3,547;0,995;1,98E-4;197,66;0,05;287,19;-3,45E-5
7,595;3,547;0,994;1,98E-4;197,66;0,05;287,11;-1,47E-4
7,596;3,549;0,996;1,98E-4;197,72;0,05;287,34;1,98E-4
7,597;3,549;0,996;1,98E-4;197,71;0,05;287,35;2,11E-4
7,598;3,548;0,995;1,98E-4;197,68;0,05;287,21;2,15E-6
7,599;3,549;0,997;1,98E-4;197,73;0,05;287,40;2,91E-4
7,600;3,550;0,997;1,98E-4;197,74;0,05;287,44;3,47E-4
7,601;3,550;0,998;1,98E-4;197,74;0,05;287,49;4,22E-4
7,602;3,548;0,996;1,98E-4;197,69;0,05;287,29;1,25E-4
7,603;3,548;0,996;1,98E-4;197,69;0,05;287,27;8,83E-5
7,604;3,548;0,996;1,98E-4;197,71;0,05;287,31;1,49E-4
7,605;3,548;0,996;1,98E-4;197,70;0,05;287,29;1,29E-4
7,606;3,549;0,996;1,98E-4;197,71;0,05;287,34;1,94E-4
7,607;3,549;0,996;1,98E-4;197,71;0,05;287,35;2,20E-4
7,608;3,548;0,996;1,98E-4;197,69;0,05;287,32;1,66E-4
7,609;3,547;0,995;1,98E-4;197,67;0,05;287,24;5,17E-5
7,610;3,548;0,996;1,98E-4;197,70;0,05;287,28;1,16E-4
7,611;3,547;0,995;1,98E-4;197,67;0,05;287,18;-3,66E-5
7,612;3,549;0,996;1,98E-4;197,71;0,05;287,36;2,30E-4
7,613;3,547;0,995;1,98E-4;197,67;0,05;287,18;-3,66E-5
7,614;3,547;0,995;1,98E-4;197,66;0,05;287,21;-4,31E-6
7,615;3,548;0,995;1,98E-4;197,68;0,05;287,23;4,09E-5
7,616;3,548;0,995;1,98E-4;197,70;0,05;287,24;4,52E-5
7,617;3,548;0,996;1,98E-4;197,69;0,05;287,25;6,89E-5
7,618;3,547;0,994;1,98E-4;197,64;0,05;287,11;-1,53E-4
7,619;3,547;0,995;1,98E-4;197,67;0,05;287,23;2,80E-5
7,620;3,547;0,995;1,98E-4;197,66;0,05;287,16;-7,33E-5
7,621;3,548;0,995;1,98E-4;197,68;0,05;287,22;1,72E-5
7,622;3,548;0,995;1,98E-4;197,68;0,05;287,24;4,31E-5
7,623;3,548;0,996;1,98E-4;197,70;0,05;287,31;1,53E-4
7,624;3,547;0,995;1,98E-4;197,65;0,05;287,14;-1,08E-4
7,625;3,546;0,994;1,98E-4;197,63;0,05;287,12;-1,38E-4
7,626;3,548;0,995;1,98E-4;197,68;0,05;287,22;2,37E-5
7,627;3,548;0,996;1,98E-4;197,71;0,05;287,35;2,18E-4
7,628;3,549;0,996;1,98E-4;197,71;0,05;287,36;2,26E-4
7,629;3,547;0,995;1,98E-4;197,67;0,05;287,23;4,09E-5
7,630;3,548;0,995;1,98E-4;197,68;0,05;287,21;4,31E-6
7,631;3,547;0,995;1,98E-4;197,67;0,05;287,20;-1,72E-5
7,632;3,547;0,995;1,98E-4;197,65;0,05;287,17;-5,82E-5
7,633;3,547;0,995;1,98E-4;197,66;0,05;287,17;-6,03E-5
7,634;3,547;0,995;1,98E-4;197,67;0,05;287,21;8,62E-6
7,635;3,547;0,995;1,98E-4;197,65;0,05;287,17;-6,03E-5
7,636;3,548;0,995;1,98E-4;197,68;0,05;287,20;-1,08E-5
7,637;3,548;0,996;1,98E-4;197,70;0,05;287,29;1,27E-4
7,638;3,547;0,995;1,98E-4;197,67;0,05;287,22;2,15E-5
7,639;3,547;0,995;1,98E-4;197,66;0,05;287,20;-1,72E-5
7,640;3,548;0,996;1,98E-4;197,69;0,05;287,28;1,03E-4
7,641;3,546;0,994;1,98E-4;197,64;0,05;287,11;-1,55E-4
7,642;3,548;0,996;1,98E-4;197,69;0,05;287,27;8,83E-5
7,643;3,548;0,995;1,98E-4;197,68;0,05;287,23;3,88E-5
7,644;3,548;0,996;1,98E-4;197,68;0,05;287,28;1,03E-4
7,645;3,547;0,994;1,98E-4;197,65;0,05;287,12;-1,38E-4
7,646;3,547;0,996;1,98E-4;197,67;0,05;287,26;8,62E-5
7,647;3,548;0,995;1,98E-4;197,68;0,05;287,24;4,52E-5
7,648;3,547;0,995;1,98E-4;197,66;0,05;287,20;-1,29E-5
7,649;3,547;0,995;1,98E-4;197,66;0,05;287,16;-6,68E-5
7,650;3,547;0,995;1,98E-4;197,67;0,05;287,23;3,23E-5
7,651;3,548;0,995;1,98E-4;197,68;0,05;287,25;5,82E-5
7,652;3,549;0,997;1,98E-4;197,71;0,05;287,38;2,63E-4
7,653;3,547;0,995;1,98E-4;197,66;0,05;287,19;-3,45E-5
7,654;3,548;0,996;1,98E-4;197,68;0,05;287,32;1,70E-4
7,655;3,547;0,996;1,98E-4;197,67;0,05;287,26;8,40E-5
7,656;3,547;0,995;1,98E-4;197,65;0,05;287,16;-7,11E-5
7,657;3,548;0,996;1,98E-4;197,71;0,05;287,35;2,20E-4
7,658;3,549;0,996;1,98E-4;197,72;0,05;287,36;2,33E-4
7,659;3,548;0,996;1,98E-4;197,69;0,05;287,31;1,55E-4
7,660;3,548;0,996;1,98E-4;197,71;0,05;287,34;2,07E-4
7,661;3,547;0,995;1,98E-4;197,66;0,05;287,25;6,46E-5
7,662;3,546;0,994;1,98E-4;197,64;0,05;287,11;-1,42E-4
7,663;3,547;0,995;1,98E-4;197,66;0,05;287,22;2,15E-5
7,664;3,547;0,995;1,98E-4;197,67;0,05;287,23;3,23E-5
7,665;3,547;0,995;1,98E-4;197,67;0,05;287,22;1,51E-5
7,666;3,548;0,996;1,98E-4;197,68;0,05;287,27;1,01E-4
7,667;3,547;0,996;1,98E-4;197,67;0,05;287,27;1,01E-4
7,668;3,547;0,996;1,98E-4;197,66;0,05;287,25;6,89E-5
7,669;3,547;0,995;1,98E-4;197,67;0,05;287,20;-1,08E-5
7,670;3,549;0,997;1,98E-4;197,71;0,05;287,37;2,43E-4
7,671;3,549;0,997;1,98E-4;197,72;0,05;287,44;3,53E-4
7,672;3,549;0,997;1,98E-4;197,71;0,05;287,37;2,41E-4
7,673;3,548;0,996;1,98E-4;197,69;0,05;287,30;1,42E-4
7,674;3,548;0,996;1,98E-4;197,69;0,05;287,30;1,46E-4
7,675;3,548;0,996;1,98E-4;197,69;0,05;287,31;1,62E-4
7,676;3,548;0,996;1,98E-4;197,69;0,05;287,32;1,74E-4
7,677;3,548;0,996;1,98E-4;197,69;0,05;287,32;1,72E-4
7,678;3,547;0,995;1,98E-4;197,66;0,05;287,20;-1,29E-5
7,679;3,547;0,995;1,98E-4;197,65;0,05;287,19;-2,59E-5
7,680;3,547;0,996;1,98E-4;197,66;0,05;287,26;8,62E-5
7,681;3,548;0,996;1,98E-4;197,69;0,05;287,34;1,96E-4
7,682;3,547;0,996;1,98E-4;197,67;0,05;287,30;1,36E-4
7,683;3,546;0,995;1,98E-4;197,64;0,05;287,14;-1,10E-4
7,684;3,548;0,996;1,98E-4;197,68;0,05;287,27;8,83E-5
7,685;3,547;0,995;1,98E-4;197,66;0,05;287,24;4,96E-5
7,686;3,548;0,996;1,98E-4;197,70;0,05;287,34;2,00E-4
7,687;3,547;0,995;1,98E-4;197,65;0,05;287,15;-9,48E-5
7,688;3,547;0,995;1,98E-4;197,66;0,05;287,20;-1,72E-5
7,689;3,548;0,996;1,98E-4;197,69;0,05;287,35;2,09E-4
7,690;3,548;0,997;1,98E-4;197,70;0,05;287,37;2,41E-4
7,691;3,547;0,996;1,98E-4;197,67;0,05;287,29;1,21E-4
7,692;3,548;0,997;1,98E-4;197,70;0,05;287,40;2,84E-4
7,693;3,549;0,997;1,98E-4;197,71;0,05;287,39;2,76E-4
7,694;3,547;0,996;1,98E-4;197,67;0,05;287,31;1,51E-4
7,695;3,549;0,997;1,98E-4;197,71;0,05;287,40;2,84E-4
7,696;3,548;0,996;1,98E-4;197,68;0,05;287,35;2,09E-4
7,697;3,548;0,996;1,98E-4;197,68;0,05;287,30;1,36E-4
7,698;3,547;0,996;1,98E-4;197,66;0,05;287,25;6,89E-5
7,699;3,548;0,996;1,98E-4;197,69;0,05;287,36;2,35E-4
7,700;3,548;0,996;1,98E-4;197,69;0,05;287,35;2,20E-4
7,701;3,547;0,996;1,98E-4;197,66;0,05;287,26;7,97E-5
7,702;3,548;0,996;1,98E-4;197,67;0,05;287,31;1,49E-4
7,703;3,548;0,996;1,98E-4;197,68;0,05;287,35;2,22E-4
7,704;3,548;0,996;1,98E-4;197,68;0,05;287,31;1,62E-4
7,705;3,548;0,996;1,98E-4;197,70;0,05;287,36;2,35E-4
7,706;3,548;0,996;1,98E-4;197,68;0,05;287,32;1,70E-4
7,707;3,549;0,997;1,98E-4;197,73;0,05;287,47;3,94E-4
7,708;3,550;0,998;1,98E-4;197,75;0,05;287,57;5,47E-4
7,709;3,548;0,997;1,98E-4;197,71;0,05;287,42;3,21E-4
7,710;3,548;0,996;1,98E-4;197,70;0,05;287,36;2,24E-4
7,711;3,548;0,997;1,98E-4;197,70;0,05;287,41;3,02E-4
7,712;3,548;0,997;1,98E-4;197,71;0,05;287,40;2,93E-4
7,713;3,547;0,996;1,98E-4;197,67;0,05;287,30;1,36E-4
7,714;3,546;0,995;1,98E-4;197,64;0,05;287,16;-6,90E-5
7,715;3,547;0,996;1,98E-4;197,67;0,05;287,28;1,12E-4
7,716;3,547;0,995;1,98E-4;197,65;0,05;287,21;1,08E-5
7,717;3,547;0,996;1,98E-4;197,66;0,05;287,27;9,05E-5
7,718;3,548;0,996;1,98E-4;197,69;0,05;287,36;2,30E-4
7,719;3,548;0,997;1,98E-4;197,70;0,05;287,38;2,58E-4
7,720;3,549;0,997;1,98E-4;197,72;0,05;287,46;3,88E-4
7,721;3,548;0,996;1,98E-4;197,68;0,05;287,30;1,34E-4
7,722;3,548;0,997;1,98E-4;197,69;0,05;287,38;2,54E-4
7,723;3,546;0,995;1,98E-4;197,64;0,05;287,22;1,72E-5
7,724;3,547;0,995;1,98E-4;197,65;0,05;287,24;4,74E-5
7,725;3,548;0,996;1,98E-4;197,69;0,05;287,36;2,35E-4
7,726;3,548;0,997;1,98E-4;197,70;0,05;287,43;3,30E-4
7,727;3,549;0,998;1,98E-4;197,72;0,05;287,48;4,18E-4
7,728;3,548;0,996;1,98E-4;197,68;0,05;287,34;2,05E-4
7,729;3,547;0,995;1,98E-4;197,65;0,05;287,18;-4,09E-5
7,730;3,547;0,995;1,98E-4;197,65;0,05;287,23;3,66E-5
7,731;3,548;0,996;1,98E-4;197,69;0,05;287,30;1,36E-4
7,732;3,548;0,996;1,98E-4;197,68;0,05;287,36;2,35E-4
7,733;3,549;0,997;1,98E-4;197,71;0,05;287,41;3,06E-4
7,734;3,549;0,997;1,98E-4;197,71;0,05;287,44;3,53E-4
7,735;3,547;0,996;1,98E-4;197,66;0,05;287,28;1,08E-4
7,736;3,548;0,997;1,98E-4;197,70;0,05;287,39;2,69E-4
7,737;3,547;0,996;1,98E-4;197,66;0,05;287,26;7,54E-5
7,738;3,549;0,997;1,98E-4;197,71;0,05;287,42;3,17E-4
7,739;3,548;0,997;1,98E-4;197,70;0,05;287,39;2,78E-4
7,740;3,547;0,996;1,98E-4;197,67;0,05;287,31;1,53E-4
7,741;3,548;0,996;1,98E-4;197,70;0,05;287,35;2,20E-4
7,742;3,548;0,997;1,98E-4;197,68;0,05;287,37;2,43E-4
7,743;3,548;0,996;1,98E-4;197,68;0,05;287,36;2,35E-4
7,744;3,548;0,997;1,98E-4;197,70;0,05;287,43;3,32E-4
7,745;3,548;0,996;1,98E-4;197,68;0,05;287,31;1,53E-4
7,746;3,548;0,997;1,98E-4;197,70;0,05;287,37;2,41E-4
7,747;3,550;0,998;1,98E-4;197,75;0,05;287,57;5,51E-4
7,748;3,548;0,996;1,98E-4;197,68;0,05;287,36;2,37E-4
7,749;3,548;0,996;1,98E-4;197,67;0,05;287,32;1,77E-4
7,750;3,547;0,996;1,98E-4;197,67;0,05;287,29;1,21E-4
7,751;3,548;0,997;1,98E-4;197,70;0,05;287,40;2,95E-4
7,752;3,549;0,997;1,98E-4;197,71;0,05;287,48;4,16E-4
7,753;3,548;0,997;1,98E-4;197,69;0,05;287,39;2,82E-4
7,754;3,547;0,996;1,98E-4;197,66;0,05;287,32;1,66E-4
7,755;3,547;0,996;1,98E-4;197,66;0,05;287,31;1,55E-4
7,756;3,546;0,995;1,98E-4;197,64;0,05;287,22;1,94E-5
7,757;3,547;0,996;1,98E-4;197,67;0,05;287,32;1,77E-4
7,758;3,548;0,997;1,98E-4;197,68;0,05;287,40;2,91E-4
7,759;3,547;0,996;1,98E-4;197,66;0,05;287,31;1,53E-4
7,760;3,547;0,996;1,98E-4;197,66;0,05;287,31;1,57E-4
7,761;3,548;0,997;1,98E-4;197,70;0,05;287,48;4,09E-4
7,762;3,547;0,996;1,98E-4;197,66;0,05;287,28;1,03E-4
7,763;3,548;0,997;1,98E-4;197,69;0,05;287,39;2,71E-4
7,764;3,547;0,996;1,98E-4;197,66;0,05;287,27;1,01E-4
7,765;3,547;0,995;1,98E-4;197,64;0,05;287,24;5,60E-5
7,766;3,547;0,996;1,98E-4;197,66;0,05;287,29;1,18E-4
7,767;3,547;0,995;1,98E-4;197,64;0,05;287,23;3,23E-5
7,768;3,547;0,996;1,98E-4;197,66;0,05;287,29;1,18E-4
7,769;3,547;0,996;1,98E-4;197,66;0,05;287,33;1,81E-4
7,770;3,547;0,996;1,98E-4;197,66;0,05;287,28;1,14E-4
7,771;3,548;0,997;1,98E-4;197,69;0,05;287,41;3,04E-4
7,772;3,547;0,996;1,98E-4;197,67;0,05;287,32;1,66E-4
7,773;3,547;0,996;1,98E-4;197,67;0,05;287,31;1,59E-4
7,774;3,547;0,996;1,98E-4;197,67;0,05;287,29;1,29E-4
7,775;3,548;0,997;1,98E-4;197,69;0,05;287,38;2,61E-4
7,776;3,548;0,997;1,98E-4;197,69;0,05;287,42;3,23E-4
7,777;3,548;0,997;1,98E-4;197,69;0,05;287,41;3,04E-4
7,778;3,549;0,997;1,98E-4;197,71;0,05;287,47;3,92E-4
7,779;3,549;0,998;1,98E-4;197,71;0,05;287,49;4,22E-4
7,780;3,549;0,998;1,98E-4;197,71;0,05;287,51;4,61E-4
7,781;3,548;0,997;1,98E-4;197,70;0,05;287,44;3,58E-4
7,782;3,548;0,997;1,98E-4;197,70;0,05;287,48;4,16E-4
7,783;3,548;0,996;1,98E-4;197,68;0,05;287,35;2,18E-4
7,784;3,547;0,996;1,98E-4;197,66;0,05;287,30;1,38E-4
7,785;3,548;0,997;1,98E-4;197,68;0,05;287,37;2,50E-4
7,786;3,549;0,998;1,98E-4;197,73;0,05;287,56;5,36E-4
7,787;3,549;0,998;1,98E-4;197,71;0,05;287,48;4,18E-4
7,788;3,548;0,997;1,98E-4;197,69;0,05;287,40;2,84E-4
7,789;3,547;0,996;1,98E-4;197,66;0,05;287,31;1,51E-4
7,790;3,548;0,997;1,98E-4;197,70;0,05;287,45;3,64E-4
7,791;3,548;0,997;1,98E-4;197,69;0,05;287,44;3,51E-4
7,792;3,550;0,998;1,98E-4;197,74;0,05;287,59;5,81E-4
7,793;3,549;0,998;1,98E-4;197,72;0,05;287,53;4,89E-4
7,794;3,549;0,998;1,98E-4;197,71;0,05;287,49;4,29E-4
7,795;3,547;0,996;1,98E-4;197,67;0,05;287,35;2,13E-4
7,796;3,547;0,996;1,98E-4;197,67;0,05;287,34;2,05E-4
7,797;3,547;0,996;1,98E-4;197,67;0,05;287,33;1,90E-4
7,798;3,548;0,997;1,98E-4;197,69;0,05;287,43;3,30E-4
7,799;3,549;0,998;1,98E-4;197,71;0,05;287,53;4,85E-4
7,800;3,548;0,997;1,98E-4;197,69;0,05;287,42;3,23E-4
7,801;3,548;0,997;1,98E-4;197,70;0,05;287,47;3,94E-4
7,802;3,548;0,997;1,98E-4;197,69;0,05;287,47;4,01E-4
7,803;3,548;0,996;1,98E-4;197,68;0,05;287,35;2,15E-4
7,804;3,548;0,997;1,98E-4;197,68;0,05;287,42;3,21E-4
7,805;3,547;0,996;1,98E-4;197,67;0,05;287,35;2,20E-4
7,806;3,547;0,997;1,98E-4;197,67;0,05;287,38;2,61E-4
7,807;3,548;0,997;1,98E-4;197,68;0,05;287,38;2,61E-4
7,808;3,547;0,996;1,98E-4;197,66;0,05;287,36;2,30E-4
7,809;3,547;0,996;1,98E-4;197,67;0,05;287,37;2,39E-4
7,810;3,548;0,996;1,98E-4;197,68;0,05;287,33;1,92E-4
7,811;3,547;0,997;1,98E-4;197,67;0,05;287,37;2,43E-4
7,812;3,548;0,997;1,98E-4;197,70;0,05;287,45;3,60E-4
7,813;3,547;0,996;1,98E-4;197,66;0,05;287,33;1,79E-4
7,814;3,547;0,996;1,98E-4;197,67;0,05;287,33;1,83E-4
7,815;3,548;0,997;1,98E-4;197,69;0,05;287,47;3,90E-4
7,816;3,547;0,996;1,98E-4;197,66;0,05;287,34;1,98E-4
7,817;3,548;0,997;1,98E-4;197,68;0,05;287,40;2,84E-4
7,818;3,547;0,996;1,98E-4;197,67;0,05;287,34;2,02E-4
7,819;3,547;0,997;1,98E-4;197,67;0,05;287,41;3,06E-4
7,820;3,547;0,996;1,98E-4;197,66;0,05;287,34;2,05E-4
7,821;3,547;0,997;1,98E-4;197,67;0,05;287,38;2,65E-4
7,822;3,549;0,998;1,98E-4;197,73;0,05;287,59;5,73E-4
7,823;3,548;0,997;1,98E-4;197,69;0,05;287,42;3,25E-4
7,824;3,548;0,997;1,98E-4;197,68;0,05;287,43;3,30E-4
7,825;3,548;0,998;1,98E-4;197,71;0,05;287,49;4,20E-4
7,826;3,549;0,998;1,98E-4;197,71;0,05;287,50;4,44E-4
7,827;3,548;0,997;1,98E-4;197,70;0,05;287,47;4,03E-4
7,828;3,547;0,997;1,98E-4;197,67;0,05;287,37;2,50E-4
7,829;3,548;0,997;1,98E-4;197,68;0,05;287,39;2,76E-4
7,830;3,549;0,998;1,98E-4;197,71;0,05;287,49;4,33E-4
7,831;3,548;0,997;1,98E-4;197,68;0,05;287,39;2,76E-4
7,832;3,548;0,997;1,98E-4;197,69;0,05;287,41;3,12E-4
7,833;3,548;0,997;1,98E-4;197,68;0,05;287,40;2,95E-4
7,834;3,548;0,998;1,98E-4;197,70;0,05;287,49;4,26E-4
7,835;3,548;0,997;1,98E-4;197,68;0,05;287,40;2,86E-4
7,836;3,548;0,997;1,98E-4;197,69;0,05;287,43;3,32E-4
7,837;3,548;0,997;1,98E-4;197,68;0,05;287,44;3,45E-4
7,838;3,547;0,996;1,98E-4;197,65;0,05;287,32;1,74E-4
7,839;3,546;0,995;1,98E-4;197,62;0,05;287,19;-2,15E-5
7,840;3,546;0,996;1,98E-4;197,64;0,05;287,32;1,74E-4
7,841;3,547;0,997;1,98E-4;197,67;0,05;287,38;2,67E-4
7,842;3,547;0,996;1,98E-4;197,66;0,05;287,31;1,59E-4
7,843;3,547;0,996;1,98E-4;197,65;0,05;287,34;1,94E-4
7,844;3,547;0,997;1,98E-4;197,67;0,05;287,44;3,45E-4
7,845;3,548;0,998;1,98E-4;197,70;0,05;287,53;4,87E-4
7,846;3,547;0,997;1,98E-4;197,66;0,05;287,37;2,52E-4
7,847;3,547;0,996;1,98E-4;197,67;0,05;287,35;2,20E-4
7,848;3,547;0,996;1,98E-4;197,65;0,05;287,33;1,90E-4
7,849;3,546;0,996;1,98E-4;197,64;0,05;287,25;6,89E-5
7,850;3,547;0,996;1,98E-4;197,65;0,05;287,29;1,23E-4
7,851;3,548;0,997;1,98E-4;197,69;0,05;287,46;3,86E-4
7,852;3,548;0,997;1,98E-4;197,70;0,05;287,48;4,16E-4
7,853;3,549;0,999;1,98E-4;197,73;0,05;287,64;6,57E-4
7,854;3,548;0,997;1,98E-4;197,68;0,05;287,44;3,53E-4
7,855;3,548;0,997;1,98E-4;197,68;0,05;287,45;3,66E-4
7,856;3,548;0,997;1,98E-4;197,69;0,05;287,48;4,09E-4
7,857;3,548;0,998;1,98E-4;197,70;0,05;287,50;4,39E-4
7,858;3,549;0,998;1,98E-4;197,72;0,05;287,57;5,53E-4
7,859;3,547;0,996;1,98E-4;197,65;0,05;287,35;2,20E-4
7,860;3,549;0,998;1,98E-4;197,71;0,05;287,54;4,95E-4
7,861;3,548;0,998;1,98E-4;197,70;0,05;287,49;4,33E-4
7,862;3,547;0,996;1,98E-4;197,65;0,05;287,37;2,39E-4
7,863;3,547;0,997;1,98E-4;197,67;0,05;287,38;2,67E-4
7,864;3,548;0,997;1,98E-4;197,68;0,05;287,42;3,27E-4
7,865;3,549;0,998;1,98E-4;197,72;0,05;287,55;5,19E-4
7,866;3,548;0,997;1,98E-4;197,69;0,05;287,47;4,01E-4
7,867;3,548;0,998;1,98E-4;197,69;0,05;287,49;4,33E-4
7,868;3,549;0,998;1,98E-4;197,71;0,05;287,51;4,61E-4
7,869;3,547;0,996;1,98E-4;197,65;0,05;287,34;1,98E-4
7,870;3,547;0,996;1,98E-4;197,66;0,05;287,37;2,39E-4
7,871;3,548;0,997;1,98E-4;197,68;0,05;287,43;3,38E-4
7,872;3,548;0,997;1,98E-4;197,69;0,05;287,46;3,83E-4
7,873;3,548;0,997;1,98E-4;197,68;0,05;287,43;3,40E-4
7,874;3,549;0,998;1,98E-4;197,72;0,05;287,56;5,38E-4
7,875;3,549;0,998;1,98E-4;197,71;0,05;287,58;5,56E-4
7,876;3,547;0,997;1,98E-4;197,67;0,05;287,41;3,02E-4
7,877;3,547;0,997;1,98E-4;197,66;0,05;287,37;2,41E-4
7,878;3,547;0,996;1,98E-4;197,66;0,05;287,36;2,37E-4
7,879;3,547;0,996;1,98E-4;197,66;0,05;287,35;2,18E-4
7,880;3,548;0,997;1,98E-4;197,69;0,05;287,45;3,62E-4
7,881;3,547;0,997;1,98E-4;197,66;0,05;287,38;2,61E-4
7,882;3,548;0,998;1,98E-4;197,69;0,05;287,52;4,67E-4
7,883;3,547;0,996;1,98E-4;197,65;0,05;287,35;2,09E-4
7,884;3,547;0,997;1,98E-4;197,66;0,05;287,42;3,17E-4
7,885;3,548;0,998;1,98E-4;197,69;0,05;287,50;4,46E-4
7,886;3,546;0,996;1,98E-4;197,64;0,05;287,33;1,85E-4
7,887;3,547;0,997;1,98E-4;197,66;0,05;287,40;2,93E-4
7,888;3,547;0,997;1,98E-4;197,67;0,05;287,45;3,73E-4
7,889;3,547;0,997;1,98E-4;197,66;0,05;287,39;2,71E-4
7,890;3,548;0,998;1,98E-4;197,68;0,05;287,49;4,33E-4
7,891;3,547;0,997;1,98E-4;197,67;0,05;287,45;3,62E-4
7,892;3,548;0,998;1,98E-4;197,69;0,05;287,51;4,59E-4
7,893;3,548;0,998;1,98E-4;197,70;0,05;287,57;5,53E-4
7,894;3,548;0,997;1,98E-4;197,68;0,05;287,46;3,75E-4
7,895;3,547;0,997;1,98E-4;197,66;0,05;287,41;2,99E-4
7,896;3,548;0,998;1,98E-4;197,68;0,05;287,48;4,18E-4
7,897;3,548;0,997;1,98E-4;197,69;0,05;287,48;4,13E-4
7,898;3,547;0,997;1,98E-4;197,66;0,05;287,38;2,56E-4
7,899;3,549;0,999;1,98E-4;197,71;0,05;287,61;6,14E-4
7,900;3,548;0,998;1,98E-4;197,68;0,05;287,49;4,33E-4
7,901;3,548;0,998;1,98E-4;197,69;0,05;287,50;4,48E-4
7,902;3,548;0,998;1,98E-4;197,70;0,05;287,52;4,67E-4
7,903;3,548;0,998;1,98E-4;197,68;0,05;287,52;4,78E-4
7,904;3,547;0,997;1,98E-4;197,66;0,05;287,40;2,93E-4
7,905;3,547;0,997;1,98E-4;197,66;0,05;287,45;3,60E-4
7,906;3,547;0,997;1,98E-4;197,67;0,05;287,46;3,86E-4
7,907;3,547;0,996;1,98E-4;197,65;0,05;287,33;1,90E-4
7,908;3,547;0,996;1,98E-4;197,66;0,05;287,36;2,33E-4
7,909;3,548;0,998;1,98E-4;197,69;0,05;287,51;4,50E-4
7,910;3,549;0,998;1,98E-4;197,71;0,05;287,57;5,49E-4
7,911;3,548;0,998;1,98E-4;197,70;0,05;287,50;4,44E-4
7,912;3,549;0,999;1,98E-4;197,72;0,05;287,61;6,03E-4
7,913;3,548;0,997;1,98E-4;197,68;0,05;287,48;4,09E-4
7,914;3,548;0,997;1,98E-4;197,68;0,05;287,44;3,55E-4
7,915;3,547;0,997;1,98E-4;197,66;0,05;287,42;3,25E-4
7,916;3,549;0,998;1,98E-4;197,71;0,05;287,59;5,79E-4
7,917;3,547;0,997;1,98E-4;197,65;0,05;287,40;2,86E-4
7,918;3,549;0,998;1,98E-4;197,71;0,05;287,58;5,66E-4
7,919;3,547;0,997;1,98E-4;197,67;0,05;287,40;2,95E-4
7,920;3,548;0,998;1,98E-4;197,69;0,05;287,50;4,48E-4
7,921;3,548;0,998;1,98E-4;197,69;0,05;287,56;5,34E-4
7,922;3,547;0,997;1,98E-4;197,67;0,05;287,46;3,75E-4
7,923;3,548;0,997;1,98E-4;197,69;0,05;287,46;3,83E-4
7,924;3,549;0,998;1,98E-4;197,71;0,05;287,58;5,64E-4
7,925;3,548;0,998;1,98E-4;197,68;0,05;287,48;4,18E-4
7,926;3,547;0,996;1,98E-4;197,65;0,05;287,36;2,35E-4
7,927;3,547;0,997;1,98E-4;197,66;0,05;287,44;3,49E-4
7,928;3,547;0,997;1,98E-4;197,66;0,05;287,39;2,80E-4
7,929;3,546;0,996;1,98E-4;197,64;0,05;287,35;2,18E-4
7,930;3,547;0,997;1,98E-4;197,67;0,05;287,44;3,47E-4
7,931;3,549;0,999;1,98E-4;197,71;0,05;287,61;6,07E-4
7,932;3,549;0,998;1,98E-4;197,71;0,05;287,59;5,81E-4
7,933;3,548;0,998;1,98E-4;197,68;0,05;287,51;4,61E-4
7,934;3,549;0,999;1,98E-4;197,71;0,05;287,63;6,35E-4
7,935;3,548;0,998;1,98E-4;197,69;0,05;287,58;5,56E-4
7,936;3,548;0,998;1,98E-4;197,70;0,05;287,58;5,64E-4
7,937;3,547;0,997;1,98E-4;197,65;0,05;287,42;3,21E-4
7,938;3,547;0,997;1,98E-4;197,67;0,05;287,48;4,16E-4
7,939;3,547;0,997;1,98E-4;197,67;0,05;287,46;3,86E-4
7,940;3,548;0,998;1,98E-4;197,69;0,05;287,55;5,12E-4
7,941;3,548;0,998;1,98E-4;197,69;0,05;287,56;5,25E-4
7,942;3,549;0,999;1,98E-4;197,73;0,05;287,67;6,98E-4
7,943;3,549;0,998;1,98E-4;197,71;0,05;287,58;5,64E-4
7,944;3,547;0,997;1,98E-4;197,67;0,05;287,46;3,83E-4
7,945;3,547;0,998;1,98E-4;197,67;0,05;287,49;4,31E-4
7,946;3,547;0,997;1,98E-4;197,65;0,05;287,46;3,83E-4
7,947;3,548;0,999;1,98E-4;197,70;0,05;287,60;5,99E-4
7,948;3,547;0,997;1,98E-4;197,66;0,05;287,44;3,55E-4
7,949;3,546;0,996;1,98E-4;197,62;0,05;287,29;1,18E-4
7,950;3,547;0,997;1,98E-4;197,67;0,05;287,46;3,88E-4
7,951;3,547;0,997;1,98E-4;197,65;0,05;287,42;3,19E-4
7,952;3,547;0,997;1,98E-4;197,66;0,05;287,44;3,53E-4
7,953;3,548;0,998;1,98E-4;197,69;0,05;287,52;4,65E-4
7,954;3,549;0,998;1,98E-4;197,72;0,05;287,59;5,79E-4
7,955;3,548;0,998;1,98E-4;197,69;0,05;287,55;5,23E-4
7,956;3,548;0,998;1,98E-4;197,68;0,05;287,50;4,48E-4
7,957;3,548;0,998;1,98E-4;197,68;0,05;287,48;4,18E-4
7,958;3,547;0,997;1,98E-4;197,67;0,05;287,48;4,16E-4
7,959;3,547;0,997;1,98E-4;197,67;0,05;287,45;3,62E-4
7,960;3,547;0,998;1,98E-4;197,67;0,05;287,52;4,72E-4
7,961;3,549;0,999;1,98E-4;197,72;0,05;287,64;6,50E-4
7,962;3,548;0,998;1,98E-4;197,68;0,05;287,50;4,44E-4
7,963;3,547;0,998;1,98E-4;197,67;0,05;287,50;4,39E-4
7,964;3,549;0,999;1,98E-4;197,71;0,05;287,61;6,01E-4
7,965;3,549;0,999;1,98E-4;197,72;0,05;287,62;6,16E-4
7,966;3,548;0,998;1,98E-4;197,70;0,05;287,59;5,77E-4
7,967;3,547;0,998;1,98E-4;197,67;0,05;287,51;4,59E-4
7,968;3,548;0,998;1,98E-4;197,68;0,05;287,54;4,97E-4
7,969;3,547;0,997;1,98E-4;197,67;0,05;287,47;4,03E-4
7,970;3,547;0,998;1,98E-4;197,67;0,05;287,50;4,41E-4
7,971;3,547;0,997;1,98E-4;197,66;0,05;287,45;3,64E-4
7,972;3,546;0,996;1,98E-4;197,63;0,05;287,35;2,09E-4
7,973;3,546;0,996;1,98E-4;197,63;0,05;287,34;1,94E-4
7,974;3,547;0,997;1,98E-4;197,66;0,05;287,45;3,68E-4
7,975;3,548;0,998;1,98E-4;197,68;0,05;287,49;4,29E-4
7,976;3,549;0,999;1,98E-4;197,73;0,05;287,67;6,98E-4
7,977;3,549;0,999;1,98E-4;197,72;0,05;287,66;6,89E-4
7,978;3,548;0,998;1,98E-4;197,69;0,05;287,55;5,21E-4
7,979;3,549;0,999;1,98E-4;197,73;0,05;287,67;6,93E-4
7,980;3,549;0,998;1,98E-4;197,71;0,05;287,59;5,73E-4
7,981;3,548;0,998;1,98E-4;197,70;0,05;287,59;5,84E-4
7,982;3,548;0,999;1,98E-4;197,70;0,05;287,61;6,09E-4
7,983;3,548;0,998;1,98E-4;197,69;0,05;287,57;5,53E-4
7,984;3,547;0,997;1,98E-4;197,66;0,05;287,47;4,01E-4
7,985;3,547;0,998;1,98E-4;197,67;0,05;287,50;4,48E-4
7,986;3,547;0,998;1,98E-4;197,67;0,05;287,49;4,33E-4
7,987;3,549;0,999;1,98E-4;197,71;0,05;287,64;6,50E-4
7,988;3,548;0,998;1,98E-4;197,69;0,05;287,59;5,73E-4
7,989;3,549;0,999;1,98E-4;197,72;0,05;287,67;7,00E-4
7,990;3,548;0,998;1,98E-4;197,69;0,05;287,60;5,90E-4
7,991;3,548;0,999;1,98E-4;197,70;0,05;287,62;6,18E-4
7,992;3,548;0,998;1,98E-4;197,68;0,05;287,51;4,57E-4
7,993;3,548;0,998;1,98E-4;197,69;0,05;287,58;5,58E-4
7,994;3,547;0,998;1,98E-4;197,66;0,05;287,51;4,52E-4
7,995;3,548;0,998;1,98E-4;197,68;0,05;287,52;4,76E-4
7,996;3,547;0,997;1,98E-4;197,66;0,05;287,47;3,94E-4
7,997;3,549;0,999;1,98E-4;197,71;0,05;287,63;6,33E-4
7,998;3,547;0,998;1,98E-4;197,67;0,05;287,50;4,39E-4
7,999;3,548;0,998;1,98E-4;197,69;0,05;287,56;5,34E-4
8,000;3,548;0,998;1,98E-4;197,69;0,05;287,56;5,34E-4
8,001;3,548;0,998;1,98E-4;197,68;0,05;287,53;4,93E-4
8,002;3,548;0,998;1,98E-4;197,69;0,05;287,59;5,79E-4
8,003;3,548;0,998;1,98E-4;197,69;0,05;287,59;5,71E-4
8,004;3,548;0,999;1,98E-4;197,70;0,05;287,61;6,01E-4
8,005;3,548;0,999;1,98E-4;197,70;0,05;287,61;6,09E-4
8,006;3,548;0,998;1,98E-4;197,68;0,05;287,56;5,36E-4
8,007;3,547;0,998;1,98E-4;197,67;0,05;287,52;4,74E-4
8,008;3,547;0,997;1,98E-4;197,65;0,05;287,45;3,73E-4
8,009;3,548;0,998;1,98E-4;197,70;0,05;287,58;5,68E-4
8,010;3,548;0,998;1,98E-4;197,68;0,05;287,54;4,97E-4
8,011;3,547;0,998;1,98E-4;197,67;0,05;287,49;4,24E-4
8,012;3,549;0,999;1,98E-4;197,71;0,05;287,63;6,33E-4
8,013;3,548;0,999;1,98E-4;197,70;0,05;287,61;6,11E-4
8,014;3,548;0,998;1,98E-4;197,68;0,05;287,55;5,21E-4
8,015;3,548;0,999;1,98E-4;197,69;0,05;287,63;6,33E-4
8,016;3,548;0,999;1,98E-4;197,70;0,05;287,65;6,72E-4
8,017;3,547;0,998;1,98E-4;197,67;0,05;287,50;4,35E-4
8,018;3,547;0,997;1,98E-4;197,66;0,05;287,46;3,83E-4
8,019;3,548;0,998;1,98E-4;197,68;0,05;287,58;5,66E-4
8,020;3,549;0,999;1,98E-4;197,71;0,05;287,62;6,16E-4
8,021;3,549;0,999;1,98E-4;197,72;0,05;287,65;6,63E-4
8,022;3,548;0,998;1,98E-4;197,68;0,05;287,57;5,43E-4
8,023;3,547;0,998;1,98E-4;197,67;0,05;287,50;4,35E-4
8,024;3,548;0,998;1,98E-4;197,68;0,05;287,57;5,51E-4
8,025;3,548;0,998;1,98E-4;197,69;0,05;287,57;5,40E-4
8,026;3,547;0,998;1,98E-4;197,67;0,05;287,51;4,61E-4
8,027;3,548;0,998;1,98E-4;197,69;0,05;287,58;5,58E-4
8,028;3,547;0,998;1,98E-4;197,67;0,05;287,54;5,02E-4
8,029;3,548;0,999;1,98E-4;197,70;0,05;287,63;6,42E-4
8,030;3,548;0,999;1,98E-4;197,70;0,05;287,61;6,14E-4
8,031;3,549;0,999;1,98E-4;197,71;0,05;287,67;7,02E-4
8,032;3,548;0,999;1,98E-4;197,69;0,05;287,61;6,09E-4
8,033;3,547;0,997;1,98E-4;197,65;0,05;287,45;3,73E-4
8,034;3,548;0,998;1,98E-4;197,68;0,05;287,57;5,40E-4
8,035;3,548;0,999;1,98E-4;197,70;0,05;287,65;6,67E-4
8,036;3,548;0,999;1,98E-4;197,69;0,05;287,63;6,37E-4
8,037;3,549;0,999;1,98E-4;197,71;0,05;287,70;7,45E-4
8,038;3,548;0,999;1,98E-4;197,69;0,05;287,62;6,16E-4
8,039;3,549;0,999;1,98E-4;197,71;0,05;287,66;6,87E-4
8,040;3,548;0,998;1,98E-4;197,68;0,05;287,57;5,51E-4
8,041;3,547;0,998;1,98E-4;197,66;0,05;287,53;4,80E-4
8,042;3,548;0,999;1,98E-4;197,70;0,05;287,67;6,93E-4
8,043;3,548;0,998;1,98E-4;197,68;0,05;287,56;5,30E-4
8,044;3,548;0,998;1,98E-4;197,68;0,05;287,55;5,15E-4
8,045;3,548;0,998;1,98E-4;197,68;0,05;287,59;5,81E-4
8,046;3,548;0,999;1,98E-4;197,69;0,05;287,61;6,01E-4
8,047;3,547;0,998;1,98E-4;197,67;0,05;287,55;5,10E-4
8,048;3,548;0,999;1,98E-4;197,69;0,05;287,61;6,03E-4
8,049;3,548;0,999;1,98E-4;197,70;0,05;287,67;7,04E-4
8,050;3,549;0,999;1,98E-4;197,72;0,05;287,71;7,60E-4
8,051;3,547;0,998;1,98E-4;197,66;0,05;287,52;4,76E-4
8,052;3,548;0,998;1,98E-4;197,68;0,05;287,59;5,84E-4
8,053;3,547;0,998;1,98E-4;197,67;0,05;287,56;5,25E-4
8,054;3,548;0,998;1,98E-4;197,67;0,05;287,60;5,86E-4
8,055;3,547;0,998;1,98E-4;197,67;0,05;287,54;4,97E-4
8,056;3,547;0,997;1,98E-4;197,65;0,05;287,43;3,36E-4
8,057;3,548;0,998;1,98E-4;197,69;0,05;287,58;5,60E-4
8,058;3,547;0,998;1,98E-4;197,67;0,05;287,58;5,60E-4
8,059;3,548;0,998;1,98E-4;197,68;0,05;287,60;5,88E-4
8,060;3,547;0,998;1,98E-4;197,67;0,05;287,58;5,62E-4
8,061;3,547;0,998;1,98E-4;197,67;0,05;287,56;5,36E-4
8,062;3,547;0,998;1,98E-4;197,67;0,05;287,56;5,25E-4
8,063;3,547;0,998;1,98E-4;197,67;0,05;287,57;5,51E-4
8,064;3,546;0,997;1,98E-4;197,64;0,05;287,43;3,36E-4
8,065;3,547;0,998;1,98E-4;197,66;0,05;287,52;4,69E-4
8,066;3,547;0,998;1,98E-4;197,66;0,05;287,53;4,91E-4
8,067;3,547;0,998;1,98E-4;197,67;0,05;287,59;5,84E-4
8,068;3,548;0,999;1,98E-4;197,70;0,05;287,67;7,02E-4
8,069;3,549;0,999;1,98E-4;197,72;0,05;287,71;7,51E-4
8,070;3,549;0,999;1,98E-4;197,71;0,05;287,71;7,58E-4
8,071;3,550;1,000;1,98E-4;197,74;0,05;287,78;8,67E-4
8,072;3,548;0,999;1,98E-4;197,69;0,05;287,68;7,13E-4
8,073;3,548;0,999;1,98E-4;197,70;0,05;287,64;6,59E-4
8,074;3,549;1,000;1,98E-4;197,72;0,05;287,73;7,88E-4
8,075;3,548;0,999;1,98E-4;197,68;0,05;287,61;6,11E-4
8,076;3,549;0,999;1,98E-4;197,71;0,05;287,69;7,28E-4
8,077;3,549;1,000;1,98E-4;197,71;0,05;287,72;7,79E-4
8,078;3,549;1,000;1,98E-4;197,72;0,05;287,73;7,88E-4
8,079;3,547;0,998;1,98E-4;197,65;0,05;287,49;4,31E-4
8,080;3,547;0,998;1,98E-4;197,67;0,05;287,55;5,19E-4
8,081;3,548;0,999;1,98E-4;197,69;0,05;287,64;6,59E-4
8,082;3,546;0,997;1,98E-4;197,63;0,05;287,42;3,19E-4
8,083;3,547;0,998;1,98E-4;197,66;0,05;287,53;4,91E-4
8,084;3,547;0,998;1,98E-4;197,66;0,05;287,52;4,76E-4
8,085;3,548;0,998;1,98E-4;197,68;0,05;287,59;5,77E-4
8,086;3,547;0,998;1,98E-4;197,67;0,05;287,53;4,91E-4
8,087;3,547;0,998;1,98E-4;197,67;0,05;287,58;5,58E-4
8,088;3,547;0,998;1,98E-4;197,65;0,05;287,49;4,22E-4
8,089;3,546;0,997;1,98E-4;197,64;0,05;287,45;3,66E-4
8,090;3,547;0,998;1,98E-4;197,65;0,05;287,49;4,22E-4
8,091;3,549;1,000;1,98E-4;197,71;0,05;287,73;7,94E-4
8,092;3,548;0,999;1,98E-4;197,71;0,05;287,71;7,53E-4
8,093;3,548;0,999;1,98E-4;197,70;0,05;287,68;7,19E-4
8,094;3,547;0,998;1,98E-4;197,67;0,05;287,58;5,56E-4
8,095;3,548;0,999;1,98E-4;197,68;0,05;287,62;6,22E-4
8,096;3,549;0,999;1,98E-4;197,71;0,05;287,71;7,60E-4
8,097;3,548;0,999;1,98E-4;197,68;0,05;287,65;6,72E-4
8,098;3,548;0,999;1,98E-4;197,70;0,05;287,67;6,95E-4
8,099;3,547;0,998;1,98E-4;197,66;0,05;287,56;5,28E-4
8,100;3,548;0,999;1,98E-4;197,70;0,05;287,71;7,62E-4
8,101;3,547;0,999;1,98E-4;197,67;0,05;287,61;6,09E-4
8,102;3,549;1,000;1,98E-4;197,72;0,05;287,77;8,50E-4
8,103;3,549;1,000;1,98E-4;197,72;0,05;287,73;7,90E-4
8,104;3,549;0,999;1,98E-4;197,72;0,05;287,72;7,66E-4
8,105;3,548;0,999;1,98E-4;197,69;0,05;287,62;6,29E-4
8,106;3,547;0,998;1,98E-4;197,67;0,05;287,58;5,62E-4
8,107;3,548;0,999;1,98E-4;197,68;0,05;287,61;6,03E-4
8,108;3,547;0,998;1,98E-4;197,67;0,05;287,58;5,56E-4
8,109;3,548;0,999;1,98E-4;197,71;0,05;287,70;7,38E-4
8,110;3,547;0,998;1,98E-4;197,67;0,05;287,57;5,51E-4
8,111;3,547;0,998;1,98E-4;197,67;0,05;287,57;5,47E-4
8,112;3,547;0,998;1,98E-4;197,66;0,05;287,50;4,41E-4
8,113;3,546;0,997;1,98E-4;197,62;0,05;287,42;3,17E-4
8,114;3,547;0,998;1,98E-4;197,66;0,05;287,53;4,91E-4
8,115;3,548;0,999;1,98E-4;197,68;0,05;287,62;6,29E-4
8,116;3,547;0,998;1,98E-4;197,65;0,05;287,50;4,48E-4
8,117;3,548;0,998;1,98E-4;197,68;0,05;287,58;5,64E-4
8,118;3,546;0,997;1,98E-4;197,64;0,05;287,46;3,88E-4
8,119;3,548;0,999;1,98E-4;197,68;0,05;287,64;6,46E-4
8,120;3,547;0,998;1,98E-4;197,67;0,05;287,58;5,62E-4
8,121;3,548;0,999;1,98E-4;197,70;0,05;287,68;7,17E-4
8,122;3,548;0,999;1,98E-4;197,70;0,05;287,68;7,06E-4
8,123;3,547;0,998;1,98E-4;197,67;0,05;287,58;5,58E-4
8,124;3,548;0,999;1,98E-4;197,68;0,05;287,64;6,57E-4
8,125;3,549;1,000;1,98E-4;197,71;0,05;287,75;8,24E-4
8,126;3,548;0,999;1,98E-4;197,68;0,05;287,65;6,74E-4
8,127;3,547;0,999;1,98E-4;197,67;0,05;287,62;6,27E-4
8,128;3,548;0,999;1,98E-4;197,68;0,05;287,61;6,03E-4
8,129;3,548;0,999;1,98E-4;197,69;0,05;287,66;6,80E-4
8,130;3,548;0,999;1,98E-4;197,70;0,05;287,69;7,28E-4
8,131;3,548;0,999;1,98E-4;197,70;0,05;287,71;7,58E-4
8,132;3,548;0,999;1,98E-4;197,70;0,05;287,71;7,51E-4
8,133;3,548;0,999;1,98E-4;197,70;0,05;287,67;6,93E-4
8,134;3,548;0,999;1,98E-4;197,69;0,05;287,66;6,85E-4
8,135;3,548;0,999;1,98E-4;197,70;0,05;287,72;7,69E-4
8,136;3,548;0,999;1,98E-4;197,68;0,05;287,64;6,52E-4
8,137;3,547;0,998;1,98E-4;197,67;0,05;287,59;5,84E-4
8,138;3,547;0,999;1,98E-4;197,67;0,05;287,61;6,01E-4
8,139;3,547;0,998;1,98E-4;197,66;0,05;287,54;5,06E-4
8,140;3,548;0,999;1,98E-4;197,68;0,05;287,65;6,67E-4
8,141;3,547;0,999;1,98E-4;197,67;0,05;287,63;6,35E-4
8,142;3,548;0,999;1,98E-4;197,68;0,05;287,69;7,25E-4
8,143;3,548;0,999;1,98E-4;197,69;0,05;287,65;6,67E-4
8,144;3,548;0,999;1,98E-4;197,70;0,05;287,69;7,30E-4
8,145;3,547;0,998;1,98E-4;197,66;0,05;287,56;5,32E-4
8,146;3,547;0,998;1,98E-4;197,65;0,05;287,55;5,10E-4
8,147;3,548;0,999;1,98E-4;197,68;0,05;287,68;7,15E-4
8,148;3,549;0,999;1,98E-4;197,71;0,05;287,70;7,43E-4
8,149;3,548;1,000;1,98E-4;197,70;0,05;287,73;7,90E-4
8,150;3,548;0,999;1,98E-4;197,69;0,05;287,71;7,51E-4
8,151;3,548;0,999;1,98E-4;197,68;0,05;287,66;6,85E-4
8,152;3,549;1,000;1,98E-4;197,72;0,05;287,83;9,43E-4
8,153;3,547;0,998;1,98E-4;197,66;0,05;287,56;5,32E-4
8,154;3,548;0,999;1,98E-4;197,70;0,05;287,71;7,62E-4
8,155;3,546;0,998;1,98E-4;197,64;0,05;287,48;4,18E-4
8,156;3,547;0,999;1,98E-4;197,67;0,05;287,62;6,22E-4
8,157;3,548;0,999;1,98E-4;197,68;0,05;287,66;6,82E-4
8,158;3,547;0,999;1,98E-4;197,67;0,05;287,61;6,01E-4
8,159;3,547;0,998;1,98E-4;197,65;0,05;287,56;5,28E-4
8,160;3,548;0,999;1,98E-4;197,69;0,05;287,70;7,47E-4
8,161;3,547;0,999;1,98E-4;197,67;0,05;287,62;6,29E-4
8,162;3,547;0,999;1,98E-4;197,67;0,05;287,60;5,96E-4
8,163;3,548;0,999;1,98E-4;197,69;0,05;287,70;7,49E-4
8,164;3,547;0,999;1,98E-4;197,67;0,05;287,64;6,48E-4
8,165;3,549;1,001;1,98E-4;197,73;0,05;287,87;0,00
8,166;3,549;1,000;1,98E-4;197,71;0,05;287,78;8,63E-4
8,167;3,547;0,999;1,98E-4;197,67;0,05;287,66;6,78E-4
8,168;3,548;0,999;1,98E-4;197,70;0,05;287,70;7,45E-4
8,169;3,547;0,998;1,98E-4;197,65;0,05;287,59;5,84E-4
8,170;3,548;0,999;1,98E-4;197,68;0,05;287,66;6,85E-4
8,171;3,549;1,000;1,98E-4;197,71;0,05;287,81;9,04E-4
8,172;3,549;1,000;1,98E-4;197,72;0,05;287,81;9,13E-4
8,173;3,548;0,999;1,98E-4;197,68;0,05;287,62;6,27E-4
8,174;3,548;0,999;1,98E-4;197,68;0,05;287,65;6,74E-4
8,175;3,548;1,000;1,98E-4;197,69;0,05;287,74;7,96E-4
8,176;3,547;0,998;1,98E-4;197,67;0,05;287,58;5,64E-4
8,177;3,547;0,998;1,98E-4;197,65;0,05;287,57;5,47E-4
8,178;3,547;0,998;1,98E-4;197,65;0,05;287,56;5,28E-4
8,179;3,547;0,999;1,98E-4;197,67;0,05;287,64;6,55E-4
8,180;3,548;1,000;1,98E-4;197,70;0,05;287,76;8,42E-4
8,181;3,548;1,000;1,98E-4;197,70;0,05;287,76;8,29E-4
8,182;3,547;0,999;1,98E-4;197,66;0,05;287,60;5,96E-4
8,183;3,547;0,998;1,98E-4;197,64;0,05;287,55;5,15E-4
8,184;3,548;0,999;1,98E-4;197,68;0,05;287,65;6,67E-4
8,185;3,548;0,999;1,98E-4;197,69;0,05;287,70;7,38E-4
8,186;3,548;0,999;1,98E-4;197,68;0,05;287,67;6,93E-4
8,187;3,548;0,999;1,98E-4;197,68;0,05;287,70;7,43E-4
8,188;3,547;0,999;1,98E-4;197,66;0,05;287,63;6,33E-4
8,189;3,547;0,998;1,98E-4;197,66;0,05;287,58;5,58E-4
8,190;3,549;1,000;1,98E-4;197,71;0,05;287,77;8,55E-4
8,191;3,548;1,000;1,98E-4;197,69;0,05;287,72;7,79E-4
8,192;3,548;1,000;1,98E-4;197,70;0,05;287,73;7,86E-4
8,193;3,547;0,999;1,98E-4;197,66;0,05;287,63;6,33E-4
8,194;3,547;0,999;1,98E-4;197,65;0,05;287,63;6,35E-4
8,195;3,546;0,998;1,98E-4;197,64;0,05;287,58;5,66E-4
8,196;3,548;1,000;1,98E-4;197,70;0,05;287,77;8,50E-4
8,197;3,547;0,999;1,98E-4;197,67;0,05;287,66;6,87E-4
8,198;3,547;0,998;1,98E-4;197,66;0,05;287,59;5,73E-4
8,199;3,548;0,999;1,98E-4;197,68;0,05;287,69;7,30E-4
8,200;3,548;1,000;1,98E-4;197,70;0,05;287,75;8,20E-4
8,201;3,548;0,999;1,98E-4;197,69;0,05;287,67;7,00E-4
8,202;3,548;0,999;1,98E-4;197,68;0,05;287,65;6,63E-4
8,203;3,547;0,999;1,98E-4;197,67;0,05;287,61;6,11E-4
8,204;3,548;0,999;1,98E-4;197,69;0,05;287,71;7,58E-4
8,205;3,547;0,999;1,98E-4;197,67;0,05;287,65;6,61E-4
8,206;3,547;0,998;1,98E-4;197,65;0,05;287,58;5,58E-4
8,207;3,548;0,999;1,98E-4;197,68;0,05;287,65;6,74E-4
8,208;3,547;0,998;1,98E-4;197,65;0,05;287,57;5,49E-4
8,209;3,547;0,998;1,98E-4;197,65;0,05;287,54;5,04E-4
8,210;3,547;0,999;1,98E-4;197,67;0,05;287,66;6,78E-4
8,211;3,547;0,999;1,98E-4;197,67;0,05;287,65;6,67E-4
8,212;3,547;0,998;1,98E-4;197,66;0,05;287,57;5,43E-4
8,213;3,547;0,998;1,98E-4;197,65;0,05;287,58;5,56E-4
8,214;3,548;1,000;1,98E-4;197,69;0,05;287,73;7,88E-4
8,215;3,547;0,999;1,98E-4;197,67;0,05;287,65;6,65E-4
8,216;3,548;0,999;1,98E-4;197,69;0,05;287,70;7,49E-4
8,217;3,548;1,000;1,98E-4;197,69;0,05;287,73;7,94E-4
8,218;3,548;1,000;1,98E-4;197,70;0,05;287,79;8,80E-4
8,219;3,549;1,000;1,98E-4;197,71;0,05;287,81;9,08E-4
8,220;3,548;0,999;1,98E-4;197,68;0,05;287,72;7,69E-4
8,221;3,548;0,999;1,98E-4;197,68;0,05;287,71;7,58E-4
8,222;3,548;0,999;1,98E-4;197,68;0,05;287,68;7,17E-4
8,223;3,548;0,999;1,98E-4;197,68;0,05;287,70;7,41E-4
8,224;3,547;0,999;1,98E-4;197,65;0,05;287,60;5,96E-4
8,225;3,547;0,999;1,98E-4;197,66;0,05;287,60;5,96E-4
8,226;3,547;0,999;1,98E-4;197,65;0,05;287,64;6,55E-4
8,227;3,548;1,000;1,98E-4;197,69;0,05;287,73;7,94E-4
8,228;3,548;1,000;1,98E-4;197,70;0,05;287,79;8,76E-4
8,229;3,547;0,999;1,98E-4;197,66;0,05;287,64;6,50E-4
8,230;3,547;0,999;1,98E-4;197,66;0,05;287,63;6,37E-4
8,231;3,546;0,998;1,98E-4;197,64;0,05;287,54;5,08E-4
8,232;3,548;1,000;1,98E-4;197,70;0,05;287,81;9,15E-4
8,233;3,547;0,999;1,98E-4;197,67;0,05;287,65;6,72E-4
8,234;3,546;0,998;1,98E-4;197,64;0,05;287,55;5,23E-4
8,235;3,548;1,000;1,98E-4;197,69;0,05;287,74;7,96E-4
8,236;3,547;0,999;1,98E-4;197,67;0,05;287,70;7,43E-4
8,237;3,547;0,999;1,98E-4;197,67;0,05;287,65;6,74E-4
8,238;3,548;1,000;1,98E-4;197,70;0,05;287,77;8,57E-4
8,239;3,548;0,999;1,98E-4;197,68;0,05;287,71;7,60E-4
8,240;3,548;1,000;1,98E-4;197,69;0,05;287,75;8,24E-4
8,241;3,548;1,000;1,98E-4;197,70;0,05;287,77;8,50E-4
8,242;3,550;1,002;1,98E-4;197,75;0,05;287,96;0,00
8,243;3,549;1,000;1,98E-4;197,71;0,05;287,79;8,76E-4
8,244;3,548;1,000;1,98E-4;197,69;0,05;287,72;7,75E-4
8,245;3,547;1,000;1,98E-4;197,67;0,05;287,74;7,99E-4
8,246;3,547;0,999;1,98E-4;197,65;0,05;287,62;6,16E-4
8,247;3,548;0,999;1,98E-4;197,68;0,05;287,71;7,64E-4
8,248;3,548;1,000;1,98E-4;197,70;0,05;287,82;9,19E-4
8,249;3,548;1,000;1,98E-4;197,70;0,05;287,76;8,39E-4
8,250;3,548;1,000;1,98E-4;197,70;0,05;287,80;8,93E-4
8,251;3,548;1,000;1,98E-4;197,68;0,05;287,76;8,31E-4
8,252;3,547;0,999;1,98E-4;197,65;0,05;287,60;5,96E-4
8,253;3,548;1,000;1,98E-4;197,69;0,05;287,76;8,35E-4
8,254;3,547;0,999;1,98E-4;197,67;0,05;287,68;7,08E-4
8,255;3,548;1,000;1,98E-4;197,70;0,05;287,79;8,85E-4
8,256;3,547;0,999;1,98E-4;197,67;0,05;287,69;7,30E-4
8,257;3,549;1,000;1,98E-4;197,71;0,05;287,82;9,23E-4
8,258;3,548;1,000;1,98E-4;197,71;0,05;287,78;8,72E-4
8,259;3,548;1,000;1,98E-4;197,70;0,05;287,76;8,39E-4
8,260;3,547;1,000;1,98E-4;197,67;0,05;287,72;7,79E-4
8,261;3,548;1,000;1,98E-4;197,68;0,05;287,75;8,14E-4
8,262;3,547;0,999;1,98E-4;197,66;0,05;287,66;6,78E-4
8,263;3,546;0,998;1,98E-4;197,63;0,05;287,55;5,15E-4
8,264;3,548;0,999;1,98E-4;197,68;0,05;287,70;7,45E-4
8,265;3,548;1,000;1,98E-4;197,70;0,05;287,76;8,27E-4
8,266;3,548;1,000;1,98E-4;197,68;0,05;287,73;7,81E-4
8,267;3,549;1,001;1,98E-4;197,71;0,05;287,84;9,49E-4
8,268;3,548;1,000;1,98E-4;197,70;0,05;287,79;8,80E-4
8,269;3,548;1,000;1,98E-4;197,69;0,05;287,75;8,24E-4
8,270;3,549;1,000;1,98E-4;197,72;0,05;287,79;8,78E-4
8,271;3,549;1,000;1,98E-4;197,71;0,05;287,83;9,38E-4
8,272;3,547;0,999;1,98E-4;197,66;0,05;287,67;6,98E-4
8,273;3,547;0,999;1,98E-4;197,67;0,05;287,67;7,02E-4
8,274;3,548;1,000;1,98E-4;197,70;0,05;287,75;8,22E-4
8,275;3,547;0,999;1,98E-4;197,67;0,05;287,71;7,64E-4
8,276;3,548;0,999;1,98E-4;197,68;0,05;287,70;7,45E-4
8,277;3,548;0,999;1,98E-4;197,68;0,05;287,72;7,66E-4
8,278;3,549;1,001;1,98E-4;197,73;0,05;287,89;0,00
8,279;3,549;1,001;1,98E-4;197,72;0,05;287,86;9,86E-4
8,280;3,549;1,001;1,98E-4;197,71;0,05;287,85;9,64E-4
8,281;3,548;1,000;1,98E-4;197,68;0,05;287,76;8,31E-4
8,282;3,547;0,999;1,98E-4;197,65;0,05;287,62;6,24E-4
8,283;3,547;0,999;1,98E-4;197,67;0,05;287,69;7,30E-4
8,284;3,547;0,999;1,98E-4;197,66;0,05;287,70;7,47E-4
8,285;3,547;0,999;1,98E-4;197,66;0,05;287,67;7,00E-4
8,286;3,547;1,000;1,98E-4;197,67;0,05;287,72;7,79E-4
8,287;3,548;1,000;1,98E-4;197,69;0,05;287,77;8,55E-4
8,288;3,547;0,999;1,98E-4;197,67;0,05;287,69;7,30E-4
8,289;3,548;1,000;1,98E-4;197,70;0,05;287,75;8,12E-4
8,290;3,548;1,000;1,98E-4;197,69;0,05;287,78;8,63E-4
8,291;3,547;0,999;1,98E-4;197,67;0,05;287,68;7,13E-4
8,292;3,548;1,000;1,98E-4;197,69;0,05;287,79;8,85E-4
8,293;3,548;1,000;1,98E-4;197,69;0,05;287,77;8,52E-4
8,294;3,548;1,000;1,98E-4;197,67;0,05;287,74;8,07E-4
8,295;3,547;0,999;1,98E-4;197,66;0,05;287,69;7,30E-4
8,296;3,547;0,999;1,98E-4;197,66;0,05;287,64;6,57E-4
8,297;3,549;1,001;1,98E-4;197,71;0,05;287,85;9,71E-4
8,298;3,547;1,000;1,98E-4;197,67;0,05;287,74;7,99E-4
8,299;3,548;0,999;1,98E-4;197,68;0,05;287,71;7,51E-4
8,300;3,548;1,000;1,98E-4;197,68;0,05;287,76;8,33E-4
8,301;3,548;1,000;1,98E-4;197,70;0,05;287,78;8,67E-4
8,302;3,549;1,001;1,98E-4;197,73;0,05;287,90;0,00
8,303;3,548;1,000;1,98E-4;197,70;0,05;287,80;8,93E-4
8,304;3,547;1,000;1,98E-4;197,67;0,05;287,72;7,79E-4
8,305;3,546;0,998;1,98E-4;197,63;0,05;287,56;5,32E-4
8,306;3,546;0,998;1,98E-4;197,63;0,05;287,59;5,81E-4
8,307;3,548;1,000;1,98E-4;197,68;0,05;287,74;8,09E-4
8,308;3,547;0,999;1,98E-4;197,65;0,05;287,67;6,91E-4
8,309;3,548;1,000;1,98E-4;197,69;0,05;287,81;9,10E-4
8,310;3,547;0,999;1,98E-4;197,65;0,05;287,62;6,29E-4
8,311;3,548;1,000;1,98E-4;197,69;0,05;287,77;8,44E-4
8,312;3,548;1,000;1,98E-4;197,69;0,05;287,75;8,18E-4
8,313;3,548;1,000;1,98E-4;197,69;0,05;287,82;9,19E-4
8,314;3,547;0,999;1,98E-4;197,65;0,05;287,65;6,70E-4
8,315;3,548;1,000;1,98E-4;197,70;0,05;287,83;9,36E-4
8,316;3,548;1,000;1,98E-4;197,70;0,05;287,83;9,38E-4
8,317;3,548;1,000;1,98E-4;197,69;0,05;287,77;8,57E-4
8,318;3,548;1,000;1,98E-4;197,70;0,05;287,78;8,65E-4
8,319;3,547;0,999;1,98E-4;197,66;0,05;287,66;6,76E-4
8,320;3,548;1,000;1,98E-4;197,68;0,05;287,75;8,16E-4
8,321;3,547;1,000;1,98E-4;197,67;0,05;287,73;7,90E-4
8,322;3,547;1,000;1,98E-4;197,67;0,05;287,74;8,05E-4
8,323;3,549;1,001;1,98E-4;197,73;0,05;287,95;0,00
8,324;3,548;1,000;1,98E-4;197,68;0,05;287,76;8,29E-4
8,325;3,548;1,000;1,98E-4;197,70;0,05;287,79;8,87E-4
8,326;3,547;0,999;1,98E-4;197,67;0,05;287,70;7,47E-4
8,327;3,547;0,999;1,98E-4;197,67;0,05;287,70;7,45E-4
8,328;3,548;1,000;1,98E-4;197,69;0,05;287,77;8,46E-4
8,329;3,549;1,001;1,98E-4;197,71;0,05;287,85;9,77E-4
8,330;3,548;0,999;1,98E-4;197,68;0,05;287,71;7,58E-4
8,331;3,548;1,000;1,98E-4;197,70;0,05;287,82;9,32E-4
8,332;3,547;1,000;1,98E-4;197,67;0,05;287,72;7,71E-4
8,333;3,548;1,000;1,98E-4;197,68;0,05;287,78;8,61E-4
8,334;3,548;1,000;1,98E-4;197,69;0,05;287,82;9,19E-4
8,335;3,548;1,000;1,98E-4;197,70;0,05;287,78;8,72E-4
8,336;3,547;0,999;1,98E-4;197,65;0,05;287,64;6,48E-4
8,337;3,548;1,000;1,98E-4;197,70;0,05;287,80;8,93E-4
8,338;3,548;1,000;1,98E-4;197,70;0,05;287,76;8,29E-4
8,339;3,548;1,000;1,98E-4;197,70;0,05;287,83;9,36E-4
8,340;3,548;1,000;1,98E-4;197,69;0,05;287,83;9,41E-4
8,341;3,548;1,000;1,98E-4;197,69;0,05;287,76;8,42E-4
8,342;3,548;1,001;1,98E-4;197,70;0,05;287,86;9,81E-4
8,343;3,549;1,001;1,98E-4;197,72;0,05;287,91;0,00
8,344;3,549;1,001;1,98E-4;197,71;0,05;287,89;0,00
8,345;3,549;1,001;1,98E-4;197,71;0,05;287,88;0,00
8,346;3,549;1,002;1,98E-4;197,73;0,05;287,96;0,00
8,347;3,549;1,001;1,98E-4;197,72;0,05;287,87;9,96E-4
8,348;3,547;0,999;1,98E-4;197,66;0,05;287,67;7,02E-4
8,349;3,548;1,000;1,98E-4;197,67;0,05;287,75;8,20E-4
8,350;3,547;0,999;1,98E-4;197,66;0,05;287,64;6,48E-4
8,351;3,548;1,000;1,98E-4;197,69;0,05;287,79;8,85E-4
8,352;3,548;1,000;1,98E-4;197,70;0,05;287,80;9,02E-4
8,353;3,548;1,000;1,98E-4;197,69;0,05;287,76;8,39E-4
8,354;3,547;0,999;1,98E-4;197,66;0,05;287,66;6,87E-4
8,355;3,547;1,000;1,98E-4;197,67;0,05;287,72;7,79E-4
8,356;3,546;0,999;1,98E-4;197,64;0,05;287,61;6,01E-4
8,357;3,547;0,999;1,98E-4;197,66;0,05;287,67;6,95E-4
8,358;3,547;0,999;1,98E-4;197,67;0,05;287,70;7,47E-4
8,359;3,547;0,999;1,98E-4;197,66;0,05;287,71;7,53E-4
8,360;3,547;0,999;1,98E-4;197,64;0,05;287,62;6,27E-4
8,361;3,547;0,999;1,98E-4;197,65;0,05;287,64;6,59E-4
8,362;3,548;1,000;1,98E-4;197,70;0,05;287,83;9,38E-4
8,363;3,547;0,999;1,98E-4;197,65;0,05;287,65;6,65E-4
8,364;3,547;0,999;1,98E-4;197,64;0,05;287,64;6,50E-4
8,365;3,548;1,000;1,98E-4;197,68;0,05;287,74;7,96E-4
8,366;3,548;1,000;1,98E-4;197,71;0,05;287,82;9,19E-4
8,367;3,549;1,001;1,98E-4;197,73;0,05;287,95;0,00
8,368;3,549;1,001;1,98E-4;197,72;0,05;287,87;9,99E-4
8,369;3,547;1,000;1,98E-4;197,67;0,05;287,73;7,84E-4
8,370;3,548;1,000;1,98E-4;197,70;0,05;287,78;8,65E-4
8,371;3,549;1,001;1,98E-4;197,71;0,05;287,89;0,00
8,372;3,547;1,000;1,98E-4;197,67;0,05;287,78;8,65E-4
8,373;3,548;1,000;1,98E-4;197,69;0,05;287,78;8,59E-4
8,374;3,547;0,999;1,98E-4;197,67;0,05;287,70;7,49E-4
8,375;3,547;1,000;1,98E-4;197,67;0,05;287,73;7,81E-4
8,376;3,547;0,999;1,98E-4;197,65;0,05;287,65;6,65E-4
8,377;3,547;1,000;1,98E-4;197,67;0,05;287,73;7,92E-4
8,378;3,548;1,000;1,98E-4;197,70;0,05;287,82;9,32E-4
8,379;3,548;1,000;1,98E-4;197,68;0,05;287,79;8,82E-4
8,380;3,547;1,000;1,98E-4;197,67;0,05;287,81;9,06E-4
8,381;3,547;1,000;1,98E-4;197,67;0,05;287,77;8,46E-4
8,382;3,549;1,001;1,98E-4;197,71;0,05;287,87;0,00
8,383;3,548;1,001;1,98E-4;197,70;0,05;287,85;9,64E-4
8,384;3,548;1,001;1,98E-4;197,70;0,05;287,84;9,58E-4
8,385;3,549;1,001;1,98E-4;197,72;0,05;287,88;0,00
8,386;3,547;0,999;1,98E-4;197,64;0,05;287,66;6,89E-4
8,387;3,546;0,999;1,98E-4;197,64;0,05;287,62;6,20E-4
8,388;3,548;1,000;1,98E-4;197,68;0,05;287,75;8,24E-4
8,389;3,548;1,000;1,98E-4;197,68;0,05;287,72;7,71E-4
8,390;3,547;1,000;1,98E-4;197,66;0,05;287,72;7,79E-4
8,391;3,549;1,001;1,98E-4;197,71;0,05;287,84;9,62E-4
8,392;3,549;1,002;1,98E-4;197,73;0,05;287,97;0,00
8,393;3,549;1,002;1,98E-4;197,74;0,05;287,95;0,00
8,394;3,548;1,001;1,98E-4;197,71;0,05;287,85;9,73E-4
8,395;3,548;1,000;1,98E-4;197,70;0,05;287,82;9,23E-4
8,396;3,549;1,002;1,98E-4;197,73;0,05;287,95;0,00
8,397;3,548;1,000;1,98E-4;197,68;0,05;287,78;8,70E-4
8,398;3,547;0,999;1,98E-4;197,66;0,05;287,70;7,38E-4
8,399;3,549;1,001;1,98E-4;197,72;0,05;287,94;0,00
8,400;3,547;0,999;1,98E-4;197,65;0,05;287,69;7,30E-4
8,401;3,547;1,000;1,98E-4;197,67;0,05;287,79;8,74E-4
8,402;3,547;1,000;1,98E-4;197,67;0,05;287,74;7,96E-4
8,403;3,547;0,999;1,98E-4;197,66;0,05;287,68;7,06E-4
8,404;3,548;1,001;1,98E-4;197,69;0,05;287,84;9,60E-4
8,405;3,549;1,001;1,98E-4;197,71;0,05;287,89;0,00
8,406;3,548;1,001;1,98E-4;197,68;0,05;287,86;9,79E-4
8,407;3,548;1,000;1,98E-4;197,70;0,05;287,83;9,38E-4
8,408;3,547;1,000;1,98E-4;197,66;0,05;287,75;8,12E-4
8,409;3,547;1,000;1,98E-4;197,67;0,05;287,76;8,37E-4
8,410;3,547;0,999;1,98E-4;197,66;0,05;287,69;7,32E-4
8,411;3,548;1,001;1,98E-4;197,69;0,05;287,87;9,96E-4
8,412;3,548;1,001;1,98E-4;197,70;0,05;287,89;0,00
8,413;3,547;1,000;1,98E-4;197,66;0,05;287,72;7,79E-4
8,414;3,549;1,001;1,98E-4;197,71;0,05;287,93;0,00
8,415;3,549;1,001;1,98E-4;197,72;0,05;287,90;0,00
8,416;3,549;1,001;1,98E-4;197,71;0,05;287,91;0,00
8,417;3,548;1,000;1,98E-4;197,68;0,05;287,79;8,76E-4
8,418;3,548;1,000;1,98E-4;197,68;0,05;287,78;8,72E-4
8,419;3,547;1,000;1,98E-4;197,67;0,05;287,75;8,18E-4
8,420;3,548;1,001;1,98E-4;197,68;0,05;287,84;9,56E-4
8,421;3,548;1,001;1,98E-4;197,69;0,05;287,84;9,60E-4
8,422;3,548;1,001;1,98E-4;197,70;0,05;287,87;9,96E-4
8,423;3,549;1,001;1,98E-4;197,71;0,05;287,92;0,00
8,424;3,548;1,000;1,98E-4;197,70;0,05;287,83;9,43E-4
8,425;3,549;1,001;1,98E-4;197,71;0,05;287,90;0,00
8,426;3,548;1,001;1,98E-4;197,69;0,05;287,88;0,00
8,427;3,549;1,001;1,98E-4;197,71;0,05;287,91;0,00
8,428;3,548;1,000;1,98E-4;197,69;0,05;287,82;9,28E-4
8,429;3,548;1,000;1,98E-4;197,68;0,05;287,75;8,18E-4
8,430;3,548;1,000;1,98E-4;197,68;0,05;287,76;8,29E-4
8,431;3,548;1,000;1,98E-4;197,69;0,05;287,81;9,13E-4
8,432;3,549;1,002;1,98E-4;197,74;0,05;288,02;0,00
8,433;3,548;1,001;1,98E-4;197,70;0,05;287,87;0,00
8,434;3,547;1,000;1,98E-4;197,67;0,05;287,74;7,99E-4
8,435;3,548;1,000;1,98E-4;197,68;0,05;287,76;8,29E-4
8,436;3,547;0,999;1,98E-4;197,65;0,05;287,67;6,91E-4
8,437;3,547;1,000;1,98E-4;197,66;0,05;287,73;7,92E-4
8,438;3,548;1,001;1,98E-4;197,69;0,05;287,84;9,49E-4
8,439;3,548;1,000;1,98E-4;197,68;0,05;287,79;8,82E-4
8,440;3,549;1,002;1,98E-4;197,72;0,05;287,97;0,00
8,441;3,548;1,001;1,98E-4;197,69;0,05;287,84;9,62E-4
8,442;3,546;0,999;1,98E-4;197,64;0,05;287,66;6,89E-4
8,443;3,547;1,000;1,98E-4;197,66;0,05;287,74;8,01E-4
8,444;3,547;1,000;1,98E-4;197,67;0,05;287,73;7,88E-4
8,445;3,548;1,001;1,98E-4;197,70;0,05;287,87;0,00
8,446;3,548;1,000;1,98E-4;197,69;0,05;287,79;8,78E-4
8,447;3,548;1,001;1,98E-4;197,70;0,05;287,86;9,86E-4
8,448;3,548;1,000;1,98E-4;197,68;0,05;287,76;8,29E-4
8,449;3,548;1,001;1,98E-4;197,70;0,05;287,88;0,00
8,450;3,548;1,001;1,98E-4;197,70;0,05;287,86;9,90E-4
8,451;3,548;1,001;1,98E-4;197,70;0,05;287,91;0,00
8,452;3,547;1,000;1,98E-4;197,67;0,05;287,75;8,20E-4
8,453;3,547;1,000;1,98E-4;197,67;0,05;287,77;8,50E-4
8,454;3,548;1,001;1,98E-4;197,70;0,05;287,88;0,00
8,455;3,547;1,000;1,98E-4;197,67;0,05;287,75;8,20E-4
8,456;3,548;1,001;1,98E-4;197,69;0,05;287,84;9,62E-4
8,457;3,548;1,001;1,98E-4;197,69;0,05;287,87;0,00
8,458;3,549;1,002;1,98E-4;197,71;0,05;287,95;0,00
8,459;3,548;1,000;1,98E-4;197,68;0,05;287,79;8,87E-4
8,460;3,547;1,000;1,98E-4;197,65;0,05;287,74;8,05E-4
8,461;3,548;1,001;1,98E-4;197,68;0,05;287,85;9,77E-4
8,462;3,548;1,000;1,98E-4;197,68;0,05;287,81;9,15E-4
8,463;3,546;0,999;1,98E-4;197,63;0,05;287,67;6,95E-4
8,464;3,548;1,001;1,98E-4;197,68;0,05;287,86;9,79E-4
8,465;3,547;1,000;1,98E-4;197,67;0,05;287,80;9,00E-4
8,466;3,548;1,000;1,98E-4;197,68;0,05;287,83;9,38E-4
8,467;3,548;1,000;1,98E-4;197,68;0,05;287,81;9,13E-4
8,468;3,548;1,000;1,98E-4;197,68;0,05;287,81;9,17E-4
8,469;3,547;1,000;1,98E-4;197,66;0,05;287,73;7,84E-4
8,470;3,548;1,000;1,98E-4;197,69;0,05;287,83;9,36E-4
8,471;3,548;1,000;1,98E-4;197,69;0,05;287,82;9,32E-4
8,472;3,549;1,002;1,98E-4;197,72;0,05;288,02;0,00
8,473;3,548;1,001;1,98E-4;197,69;0,05;287,84;9,58E-4
8,474;3,548;1,001;1,98E-4;197,70;0,05;287,88;0,00
8,475;3,548;1,001;1,98E-4;197,69;0,05;287,87;9,99E-4
8,476;3,547;1,000;1,98E-4;197,66;0,05;287,75;8,12E-4
8,477;3,547;1,000;1,98E-4;197,67;0,05;287,79;8,85E-4
8,478;3,547;1,000;1,98E-4;197,66;0,05;287,75;8,22E-4
8,479;3,547;1,000;1,98E-4;197,67;0,05;287,76;8,39E-4
8,480;3,549;1,002;1,98E-4;197,71;0,05;287,96;0,00
8,481;3,547;1,000;1,98E-4;197,66;0,05;287,77;8,48E-4
8,482;3,548;1,000;1,98E-4;197,68;0,05;287,83;9,45E-4
8,483;3,548;1,001;1,98E-4;197,69;0,05;287,88;0,00
8,484;3,548;1,000;1,98E-4;197,68;0,05;287,81;9,04E-4
8,485;3,547;1,000;1,98E-4;197,67;0,05;287,77;8,50E-4
8,486;3,547;1,000;1,98E-4;197,67;0,05;287,79;8,78E-4
8,487;3,548;1,001;1,98E-4;197,69;0,05;287,85;9,66E-4
8,488;3,548;1,001;1,98E-4;197,71;0,05;287,91;0,00
8,489;3,549;1,001;1,98E-4;197,71;0,05;287,93;0,00
8,490;3,548;1,000;1,98E-4;197,68;0,05;287,79;8,80E-4
8,491;3,548;1,001;1,98E-4;197,70;0,05;287,91;0,00
8,492;3,548;1,001;1,98E-4;197,68;0,05;287,84;9,56E-4
8,493;3,547;1,001;1,98E-4;197,67;0,05;287,83;9,47E-4
8,494;3,547;1,000;1,98E-4;197,66;0,05;287,73;7,81E-4
8,495;3,548;1,001;1,98E-4;197,69;0,05;287,85;9,75E-4
8,496;3,549;1,001;1,98E-4;197,71;0,05;287,95;0,00
8,497;3,549;1,002;1,98E-4;197,72;0,05;287,99;0,00
8,498;3,549;1,002;1,98E-4;197,72;0,05;288,01;0,00
8,499;3,548;1,000;1,98E-4;197,68;0,05;287,81;9,08E-4
8,500;3,547;1,000;1,98E-4;197,65;0,05;287,73;7,92E-4
8,501;3,548;1,001;1,98E-4;197,68;0,05;287,85;9,77E-4
8,502;3,547;1,000;1,98E-4;197,67;0,05;287,81;9,04E-4
8,503;3,547;1,000;1,98E-4;197,67;0,05;287,78;8,65E-4
8,504;3,547;1,000;1,98E-4;197,65;0,05;287,74;7,96E-4
8,505;3,549;1,002;1,98E-4;197,73;0,05;287,99;0,00
8,506;3,548;1,001;1,98E-4;197,69;0,05;287,87;0,00
8,507;3,549;1,002;1,98E-4;197,72;0,05;287,97;0,00
8,508;3,547;0,999;1,98E-4;197,65;0,05;287,70;7,45E-4
8,509;3,547;1,000;1,98E-4;197,66;0,05;287,77;8,50E-4
8,510;3,547;0,999;1,98E-4;197,65;0,05;287,70;7,41E-4
8,511;3,547;1,000;1,98E-4;197,65;0,05;287,74;8,09E-4
8,512;3,546;0,999;1,98E-4;197,64;0,05;287,69;7,34E-4
8,513;3,547;1,000;1,98E-4;197,67;0,05;287,77;8,50E-4
8,514;3,548;1,001;1,98E-4;197,69;0,05;287,87;0,00
8,515;3,548;1,001;1,98E-4;197,71;0,05;287,95;0,00
8,516;3,547;1,000;1,98E-4;197,65;0,05;287,74;8,01E-4
8,517;3,546;0,999;1,98E-4;197,64;0,05;287,67;6,98E-4
8,518;3,546;0,999;1,98E-4;197,63;0,05;287,70;7,38E-4
8,519;3,548;1,001;1,98E-4;197,69;0,05;287,92;0,00
8,520;3,547;1,000;1,98E-4;197,67;0,05;287,81;9,17E-4
8,521;3,547;0,999;1,98E-4;197,65;0,05;287,70;7,38E-4
8,522;3,547;1,000;1,98E-4;197,67;0,05;287,80;8,93E-4
8,523;3,548;1,001;1,98E-4;197,70;0,05;287,93;0,00
8,524;3,547;0,999;1,98E-4;197,65;0,05;287,71;7,62E-4
8,525;3,546;0,999;1,98E-4;197,64;0,05;287,70;7,43E-4
8,526;3,548;1,001;1,98E-4;197,68;0,05;287,85;9,66E-4
8,527;3,548;1,001;1,98E-4;197,69;0,05;287,87;0,00
8,528;3,548;1,001;1,98E-4;197,69;0,05;287,88;0,00
8,529;3,548;1,001;1,98E-4;197,69;0,05;287,88;0,00
8,530;3,548;1,001;1,98E-4;197,70;0,05;287,91;0,00
8,531;3,548;1,001;1,98E-4;197,69;0,05;287,84;9,60E-4
8,532;3,547;1,001;1,98E-4;197,67;0,05;287,85;9,64E-4
8,533;3,549;1,002;1,98E-4;197,72;0,05;287,97;0,00
8,534;3,548;1,001;1,98E-4;197,69;0,05;287,89;0,00
8,535;3,549;1,001;1,98E-4;197,71;0,05;287,95;0,00
8,536;3,548;1,001;1,98E-4;197,70;0,05;287,92;0,00
8,537;3,547;1,001;1,98E-4;197,67;0,05;287,84;9,49E-4
8,538;3,547;1,000;1,98E-4;197,67;0,05;287,82;9,32E-4
8,539;3,547;1,000;1,98E-4;197,65;0,05;287,73;7,84E-4
8,540;3,548;1,001;1,98E-4;197,70;0,05;287,93;0,00
8,541;3,549;1,002;1,98E-4;197,72;0,05;288,04;0,00
8,542;3,548;1,002;1,98E-4;197,70;0,05;287,96;0,00
8,543;3,548;1,001;1,98E-4;197,70;0,05;287,93;0,00
8,544;3,547;1,000;1,98E-4;197,67;0,05;287,81;9,13E-4
8,545;3,548;1,000;1,98E-4;197,68;0,05;287,81;9,06E-4
8,546;3,548;1,001;1,98E-4;197,70;0,05;287,92;0,00
8,547;3,549;1,002;1,98E-4;197,71;0,05;288,01;0,00
8,548;3,547;1,000;1,98E-4;197,66;0,05;287,75;8,18E-4
8,549;3,547;1,000;1,98E-4;197,67;0,05;287,83;9,34E-4
8,550;3,548;1,001;1,98E-4;197,69;0,05;287,94;0,00
8,551;3,547;1,000;1,98E-4;197,65;0,05;287,80;8,98E-4
8,552;3,546;0,999;1,98E-4;197,63;0,05;287,69;7,32E-4
8,553;3,547;1,000;1,98E-4;197,67;0,05;287,81;9,04E-4
8,554;3,548;1,001;1,98E-4;197,69;0,05;287,90;0,00
8,555;3,548;1,001;1,98E-4;197,69;0,05;287,94;0,00
8,556;3,548;1,002;1,98E-4;197,70;0,05;287,96;0,00
8,557;3,548;1,002;1,98E-4;197,69;0,05;287,96;0,00
8,558;3,548;1,001;1,98E-4;197,68;0,05;287,90;0,00
8,559;3,547;1,001;1,98E-4;197,67;0,05;287,84;9,60E-4
8,560;3,548;1,002;1,98E-4;197,71;0,05;287,96;0,00
8,561;3,548;1,002;1,98E-4;197,70;0,05;287,96;0,00
8,562;3,547;1,000;1,98E-4;197,67;0,05;287,82;9,19E-4
8,563;3,548;1,001;1,98E-4;197,67;0,05;287,84;9,60E-4
8,564;3,548;1,001;1,98E-4;197,69;0,05;287,89;0,00
8,565;3,548;1,001;1,98E-4;197,70;0,05;287,94;0,00
8,566;3,548;1,001;1,98E-4;197,70;0,05;287,95;0,00
8,567;3,548;1,002;1,98E-4;197,70;0,05;287,98;0,00
8,568;3,548;1,001;1,98E-4;197,70;0,05;287,94;0,00
8,569;3,547;1,000;1,98E-4;197,65;0,05;287,77;8,52E-4
8,570;3,547;1,000;1,98E-4;197,65;0,05;287,77;8,44E-4
8,571;3,547;1,000;1,98E-4;197,66;0,05;287,81;9,04E-4
8,572;3,548;1,001;1,98E-4;197,69;0,05;287,88;0,00
8,573;3,548;1,001;1,98E-4;197,68;0,05;287,89;0,00
8,574;3,548;1,001;1,98E-4;197,70;0,05;287,91;0,00
8,575;3,548;1,002;1,98E-4;197,70;0,05;287,97;0,00
8,576;3,548;1,001;1,98E-4;197,69;0,05;287,92;0,00
8,577;3,547;1,001;1,98E-4;197,67;0,05;287,85;9,66E-4
8,578;3,547;1,000;1,98E-4;197,65;0,05;287,78;8,65E-4
8,579;3,547;1,000;1,98E-4;197,64;0,05;287,77;8,48E-4
8,580;3,547;1,001;1,98E-4;197,67;0,05;287,86;9,84E-4
8,581;3,548;1,001;1,98E-4;197,71;0,05;287,93;0,00
8,582;3,548;1,001;1,98E-4;197,67;0,05;287,86;9,79E-4
8,583;3,547;1,000;1,98E-4;197,67;0,05;287,83;9,45E-4
8,584;3,547;1,000;1,98E-4;197,66;0,05;287,81;9,06E-4
8,585;3,548;1,001;1,98E-4;197,69;0,05;287,92;0,00
8,586;3,548;1,001;1,98E-4;197,69;0,05;287,91;0,00
8,587;3,547;1,000;1,98E-4;197,64;0,05;287,76;8,33E-4
8,588;3,548;1,002;1,98E-4;197,71;0,05;288,00;0,00
8,589;3,549;1,002;1,98E-4;197,72;0,05;287,99;0,00
8,590;3,548;1,002;1,98E-4;197,70;0,05;287,98;0,00
8,591;3,548;1,002;1,98E-4;197,71;0,05;287,97;0,00
8,592;3,548;1,002;1,98E-4;197,70;0,05;287,96;0,00
8,593;3,548;1,001;1,98E-4;197,68;0,05;287,88;0,00
8,594;3,548;1,001;1,98E-4;197,68;0,05;287,90;0,00
8,595;3,547;1,001;1,98E-4;197,67;0,05;287,88;0,00
8,596;3,548;1,001;1,98E-4;197,69;0,05;287,93;0,00
8,597;3,548;1,001;1,98E-4;197,68;0,05;287,87;0,00
8,598;3,548;1,001;1,98E-4;197,69;0,05;287,91;0,00
8,599;3,548;1,001;1,98E-4;197,67;0,05;287,88;0,00
8,600;3,549;1,002;1,98E-4;197,72;0,05;288,02;0,00
8,601;3,547;1,001;1,98E-4;197,67;0,05;287,88;0,00
8,602;3,548;1,002;1,98E-4;197,70;0,05;287,99;0,00
8,603;3,549;1,002;1,98E-4;197,72;0,05;288,01;0,00
8,604;3,547;1,000;1,98E-4;197,66;0,05;287,81;9,06E-4
8,605;3,547;1,001;1,98E-4;197,67;0,05;287,87;0,00
8,606;3,548;1,002;1,98E-4;197,71;0,05;288,01;0,00
8,607;3,548;1,002;1,98E-4;197,70;0,05;287,96;0,00
8,608;3,549;1,002;1,98E-4;197,72;0,05;288,00;0,00
8,609;3,548;1,001;1,98E-4;197,68;0,05;287,88;0,00
8,610;3,548;1,002;1,98E-4;197,70;0,05;287,98;0,00
8,611;3,548;1,001;1,98E-4;197,68;0,05;287,87;9,96E-4
8,612;3,548;1,001;1,98E-4;197,69;0,05;287,91;0,00
8,613;3,547;1,000;1,98E-4;197,66;0,05;287,82;9,19E-4
8,614;3,547;1,000;1,98E-4;197,66;0,05;287,83;9,43E-4
8,615;3,549;1,002;1,98E-4;197,71;0,05;288,01;0,00
8,616;3,546;1,000;1,98E-4;197,64;0,05;287,75;8,24E-4
8,617;3,547;1,001;1,98E-4;197,66;0,05;287,84;9,60E-4
8,618;3,547;1,001;1,98E-4;197,67;0,05;287,85;9,68E-4
8,619;3,548;1,002;1,98E-4;197,70;0,05;287,99;0,00
8,620;3,548;1,001;1,98E-4;197,68;0,05;287,89;0,00
8,621;3,547;1,000;1,98E-4;197,66;0,05;287,81;9,06E-4
8,622;3,548;1,001;1,98E-4;197,69;0,05;287,93;0,00
8,623;3,548;1,001;1,98E-4;197,68;0,05;287,94;0,00
8,624;3,548;1,001;1,98E-4;197,68;0,05;287,90;0,00
8,625;3,548;1,002;1,98E-4;197,70;0,05;287,98;0,00
8,626;3,550;1,003;1,98E-4;197,74;0,05;288,13;0,00
8,627;3,549;1,002;1,98E-4;197,72;0,05;288,07;0,00
8,628;3,548;1,001;1,98E-4;197,70;0,05;287,92;0,00
8,629;3,549;1,002;1,98E-4;197,71;0,05;288,01;0,00
8,630;3,548;1,001;1,98E-4;197,69;0,05;287,91;0,00
8,631;3,549;1,002;1,98E-4;197,72;0,05;288,00;0,00
8,632;3,548;1,001;1,98E-4;197,68;0,05;287,86;9,88E-4
8,633;3,548;1,001;1,98E-4;197,68;0,05;287,90;0,00
8,634;3,548;1,001;1,98E-4;197,69;0,05;287,89;0,00
8,635;3,547;1,001;1,98E-4;197,66;0,05;287,88;0,00
8,636;3,548;1,002;1,98E-4;197,70;0,05;288,02;0,00
8,637;3,548;1,002;1,98E-4;197,70;0,05;288,02;0,00
8,638;3,547;1,001;1,98E-4;197,65;0,05;287,86;9,90E-4
8,639;3,547;1,000;1,98E-4;197,66;0,05;287,83;9,43E-4
8,640;3,546;1,000;1,98E-4;197,64;0,05;287,77;8,52E-4
8,641;3,547;1,001;1,98E-4;197,66;0,05;287,88;0,00
8,642;3,547;1,000;1,98E-4;197,65;0,05;287,80;8,91E-4
8,643;3,548;1,002;1,98E-4;197,70;0,05;288,02;0,00
8,644;3,548;1,001;1,98E-4;197,68;0,05;287,94;0,00
8,645;3,547;1,000;1,98E-4;197,65;0,05;287,78;8,70E-4
8,646;3,546;1,000;1,98E-4;197,64;0,05;287,78;8,61E-4
8,647;3,548;1,001;1,98E-4;197,68;0,05;287,87;9,99E-4
8,648;3,548;1,002;1,98E-4;197,70;0,05;287,96;0,00
8,649;3,548;1,002;1,98E-4;197,69;0,05;287,97;0,00
8,650;3,547;1,000;1,98E-4;197,66;0,05;287,82;9,28E-4
8,651;3,548;1,002;1,98E-4;197,70;0,05;287,95;0,00
8,652;3,548;1,002;1,98E-4;197,70;0,05;288,01;0,00
8,653;3,548;1,001;1,98E-4;197,69;0,05;287,93;0,00
8,654;3,547;1,001;1,98E-4;197,67;0,05;287,91;0,00
8,655;3,549;1,002;1,98E-4;197,72;0,05;288,05;0,00
8,656;3,549;1,002;1,98E-4;197,72;0,05;288,05;0,00
8,657;3,549;1,002;1,98E-4;197,71;0,05;288,06;0,00
8,658;3,549;1,002;1,98E-4;197,72;0,05;288,05;0,00
8,659;3,548;1,001;1,98E-4;197,68;0,05;287,90;0,00
8,660;3,547;1,000;1,98E-4;197,65;0,05;287,81;9,10E-4
8,661;3,547;1,001;1,98E-4;197,66;0,05;287,87;0,00
8,662;3,548;1,001;1,98E-4;197,68;0,05;287,90;0,00
8,663;3,548;1,001;1,98E-4;197,68;0,05;287,95;0,00
8,664;3,547;1,001;1,98E-4;197,66;0,05;287,86;9,84E-4
8,665;3,548;1,001;1,98E-4;197,69;0,05;287,94;0,00
8,666;3,547;1,001;1,98E-4;197,67;0,05;287,89;0,00
8,667;3,548;1,001;1,98E-4;197,68;0,05;287,88;0,00
8,668;3,547;1,000;1,98E-4;197,65;0,05;287,82;9,19E-4
8,669;3,548;1,001;1,98E-4;197,69;0,05;287,94;0,00
8,670;3,548;1,002;1,98E-4;197,69;0,05;287,96;0,00
8,671;3,548;1,001;1,98E-4;197,69;0,05;287,94;0,00
8,672;3,549;1,003;1,98E-4;197,74;0,05;288,08;0,00
8,673;3,547;1,001;1,98E-4;197,67;0,05;287,86;9,81E-4
8,674;3,548;1,001;1,98E-4;197,68;0,05;287,88;0,00
8,675;3,548;1,001;1,98E-4;197,69;0,05;287,94;0,00
8,676;3,547;1,001;1,98E-4;197,67;0,05;287,88;0,00
8,677;3,547;1,001;1,98E-4;197,66;0,05;287,86;9,81E-4
8,678;3,548;1,002;1,98E-4;197,70;0,05;287,97;0,00
8,679;3,548;1,002;1,98E-4;197,68;0,05;287,98;0,00
8,680;3,548;1,002;1,98E-4;197,70;0,05;287,99;0,00
8,681;3,549;1,002;1,98E-4;197,72;0,05;288,02;0,00
8,682;3,547;1,001;1,98E-4;197,67;0,05;287,88;0,00
8,683;3,547;1,000;1,98E-4;197,66;0,05;287,83;9,38E-4
8,684;3,548;1,002;1,98E-4;197,69;0,05;287,97;0,00
8,685;3,549;1,003;1,98E-4;197,72;0,05;288,09;0,00
8,686;3,548;1,001;1,98E-4;197,69;0,05;287,95;0,00
8,687;3,548;1,002;1,98E-4;197,71;0,05;288,01;0,00
8,688;3,549;1,002;1,98E-4;197,72;0,05;288,06;0,00
8,689;3,548;1,001;1,98E-4;197,68;0,05;287,91;0,00
8,690;3,548;1,002;1,98E-4;197,70;0,05;288,02;0,00
8,691;3,547;1,001;1,98E-4;197,67;0,05;287,87;9,94E-4
8,692;3,548;1,001;1,98E-4;197,69;0,05;287,93;0,00
8,693;3,549;1,002;1,98E-4;197,72;0,05;288,05;0,00
8,694;3,548;1,001;1,98E-4;197,68;0,05;287,91;0,00
8,695;3,547;1,001;1,98E-4;197,66;0,05;287,85;9,71E-4
8,696;3,546;1,000;1,98E-4;197,64;0,05;287,80;8,89E-4
8,697;3,547;1,001;1,98E-4;197,67;0,05;287,86;9,92E-4
8,698;3,549;1,003;1,98E-4;197,72;0,05;288,07;0,00
8,699;3,550;1,003;1,98E-4;197,75;0,05;288,13;0,00
8,700;3,548;1,002;1,98E-4;197,68;0,05;287,95;0,00
8,701;3,547;1,001;1,98E-4;197,65;0,05;287,84;9,62E-4
8,702;3,548;1,002;1,98E-4;197,69;0,05;287,95;0,00
8,703;3,548;1,002;1,98E-4;197,69;0,05;288,02;0,00
8,704;3,548;1,001;1,98E-4;197,68;0,05;287,94;0,00
8,705;3,547;1,000;1,98E-4;197,65;0,05;287,82;9,23E-4
8,706;3,549;1,002;1,98E-4;197,72;0,05;288,06;0,00
8,707;3,549;1,002;1,98E-4;197,71;0,05;288,05;0,00
8,708;3,548;1,001;1,98E-4;197,68;0,05;287,94;0,00
8,709;3,547;1,001;1,98E-4;197,66;0,05;287,88;0,00
8,710;3,548;1,001;1,98E-4;197,70;0,05;287,95;0,00
8,711;3,548;1,002;1,98E-4;197,69;0,05;287,96;0,00
8,712;3,548;1,001;1,98E-4;197,68;0,05;287,89;0,00
8,713;3,547;1,000;1,98E-4;197,65;0,05;287,79;8,85E-4
8,714;3,548;1,001;1,98E-4;197,68;0,05;287,92;0,00
8,715;3,548;1,002;1,98E-4;197,69;0,05;287,95;0,00
8,716;3,548;1,002;1,98E-4;197,69;0,05;287,97;0,00
8,717;3,549;1,002;1,98E-4;197,71;0,05;288,01;0,00
8,718;3,548;1,002;1,98E-4;197,68;0,05;287,96;0,00
8,719;3,548;1,002;1,98E-4;197,69;0,05;287,98;0,00
8,720;3,549;1,002;1,98E-4;197,71;0,05;288,03;0,00
8,721;3,548;1,001;1,98E-4;197,68;0,05;287,93;0,00
8,722;3,549;1,002;1,98E-4;197,71;0,05;288,04;0,00
8,723;3,548;1,002;1,98E-4;197,68;0,05;287,96;0,00
8,724;3,547;1,001;1,98E-4;197,67;0,05;287,90;0,00
8,725;3,548;1,002;1,98E-4;197,70;0,05;287,99;0,00
8,726;3,548;1,002;1,98E-4;197,69;0,05;287,99;0,00
8,727;3,548;1,002;1,98E-4;197,70;0,05;288,03;0,00
8,728;3,548;1,002;1,98E-4;197,70;0,05;288,01;0,00
8,729;3,547;1,001;1,98E-4;197,65;0,05;287,84;9,58E-4
8,730;3,548;1,002;1,98E-4;197,71;0,05;288,05;0,00
8,731;3,548;1,001;1,98E-4;197,68;0,05;287,92;0,00
8,732;3,547;1,001;1,98E-4;197,67;0,05;287,88;0,00
8,733;3,549;1,003;1,98E-4;197,71;0,05;288,08;0,00
8,734;3,548;1,002;1,98E-4;197,69;0,05;287,96;0,00
8,735;3,548;1,002;1,98E-4;197,69;0,05;287,98;0,00
8,736;3,549;1,003;1,98E-4;197,72;0,05;288,07;0,00
8,737;3,549;1,003;1,98E-4;197,71;0,05;288,07;0,00
8,738;3,549;1,003;1,98E-4;197,73;0,05;288,12;0,00
8,739;3,548;1,002;1,98E-4;197,70;0,05;288,00;0,00
8,740;3,548;1,002;1,98E-4;197,69;0,05;288,01;0,00
8,741;3,548;1,002;1,98E-4;197,70;0,05;287,99;0,00
8,742;3,548;1,002;1,98E-4;197,69;0,05;288,00;0,00
8,743;3,548;1,002;1,98E-4;197,69;0,05;287,98;0,00
8,744;3,547;1,001;1,98E-4;197,67;0,05;287,92;0,00
8,745;3,547;1,001;1,98E-4;197,67;0,05;287,95;0,00
8,746;3,547;1,001;1,98E-4;197,67;0,05;287,93;0,00
8,747;3,548;1,001;1,98E-4;197,68;0,05;287,94;0,00
8,748;3,548;1,002;1,98E-4;197,69;0,05;288,01;0,00
8,749;3,548;1,001;1,98E-4;197,68;0,05;287,93;0,00
8,750;3,547;1,001;1,98E-4;197,65;0,05;287,84;9,56E-4
8,751;3,548;1,002;1,98E-4;197,69;0,05;288,00;0,00
8,752;3,547;1,001;1,98E-4;197,67;0,05;287,89;0,00
8,753;3,548;1,002;1,98E-4;197,70;0,05;288,02;0,00
8,754;3,548;1,002;1,98E-4;197,68;0,05;287,96;0,00
8,755;3,548;1,001;1,98E-4;197,68;0,05;287,93;0,00
8,756;3,548;1,002;1,98E-4;197,69;0,05;287,99;0,00
8,757;3,549;1,003;1,98E-4;197,72;0,05;288,10;0,00
8,758;3,548;1,001;1,98E-4;197,68;0,05;287,93;0,00
8,759;3,548;1,002;1,98E-4;197,68;0,05;287,96;0,00
8,760;3,547;1,001;1,98E-4;197,67;0,05;287,91;0,00
8,761;3,548;1,002;1,98E-4;197,69;0,05;287,95;0,00
8,762;3,548;1,002;1,98E-4;197,69;0,05;287,97;0,00
8,763;3,547;1,001;1,98E-4;197,66;0,05;287,87;0,00
8,764;3,547;1,001;1,98E-4;197,66;0,05;287,87;9,99E-4
8,765;3,547;1,001;1,98E-4;197,67;0,05;287,91;0,00
8,766;3,547;1,001;1,98E-4;197,65;0,05;287,86;9,84E-4
8,767;3,548;1,002;1,98E-4;197,71;0,05;288,03;0,00
8,768;3,547;1,001;1,98E-4;197,67;0,05;287,93;0,00
8,769;3,547;1,000;1,98E-4;197,64;0,05;287,83;9,36E-4
8,770;3,548;1,001;1,98E-4;197,68;0,05;287,93;0,00
8,771;3,547;1,001;1,98E-4;197,67;0,05;287,91;0,00
8,772;3,547;1,001;1,98E-4;197,65;0,05;287,83;9,47E-4
8,773;3,547;1,001;1,98E-4;197,65;0,05;287,83;9,47E-4
8,774;3,549;1,003;1,98E-4;197,71;0,05;288,08;0,00
8,775;3,548;1,002;1,98E-4;197,70;0,05;288,04;0,00
8,776;3,549;1,002;1,98E-4;197,71;0,05;288,06;0,00
8,777;3,547;1,001;1,98E-4;197,67;0,05;287,92;0,00
8,778;3,548;1,002;1,98E-4;197,69;0,05;287,97;0,00
8,779;3,548;1,002;1,98E-4;197,70;0,05;288,04;0,00
8,780;3,548;1,001;1,98E-4;197,68;0,05;287,92;0,00
8,781;3,546;1,000;1,98E-4;197,63;0,05;287,79;8,76E-4
8,782;3,548;1,002;1,98E-4;197,68;0,05;287,96;0,00
8,783;3,548;1,002;1,98E-4;197,68;0,05;288,00;0,00
8,784;3,548;1,002;1,98E-4;197,70;0,05;288,03;0,00
8,785;3,548;1,002;1,98E-4;197,69;0,05;288,02;0,00
8,786;3,549;1,003;1,98E-4;197,71;0,05;288,07;0,00
8,787;3,547;1,001;1,98E-4;197,67;0,05;287,93;0,00
